run_date,run_id,raw_project_reference,canonical_project_id,canonical_project_name,canonical_location_key,address_or_location_clue,market,submarket,gp_or_developer,lender_or_capital_partner,residential_sector,source_file,occurrence_count,identity_confidence,matched_by,duplicate_project_cluster_id,needs_manual_review,notes
2026-08-09,20260809-233153-e892ad29,General Project Signal - Other / Unknown - 2026 Resident Experience Management Report,PRJ-20260809-0141,Office-to-Residential Conversion - Other / Unknown - Commonwealth Development Partners Break Ground on $162M Office-to-Residential Multifamily...,other unknown,Other / Unknown,Other / Unknown,Unknown,Unknown,Unknown,Multifamily,deal_fingerprints.csv,45,80,address/location + market match,DUP-0141,No,"Matched across 6 source file(s): deal_fingerprints.csv, deal_pipeline.csv, development_lifecycle.csv, entitlement_intelligence.csv"
2026-08-09,20260809-233153-e892ad29,"Entitlement / Permitting - Other / Unknown - Preliminary Permits Filed For 110 Glenwood Avenue, Atherton",PRJ-20260809-0141,Office-to-Residential Conversion - Other / Unknown - Commonwealth Development Partners Break Ground on $162M Office-to-Residential Multifamily...,other unknown,Other / Unknown,Other / Unknown,Unknown,Unknown,Unknown,Apartment,deal_fingerprints.csv,45,80,address/location + market match,DUP-0141,No,"Matched across 6 source file(s): deal_fingerprints.csv, deal_pipeline.csv, development_lifecycle.csv, entitlement_intelligence.csv"
2026-08-09,20260809-233153-e892ad29,Office-to-Residential Conversion - Other / Unknown - Commonwealth Development Partners Break Ground on $162M Office-to-Residential Multifamily...,PRJ-20260809-0141,Office-to-Residential Conversion - Other / Unknown - Commonwealth Development Partners Break Ground on $162M Office-to-Residential Multifamily...,other unknown,Other / Unknown,Other / Unknown,Unknown,Unknown,Unknown,Office-to-Residential Conversion,deal_fingerprints.csv,45,80,address/location + market match,DUP-0141,No,"Matched across 6 source file(s): deal_fingerprints.csv, deal_pipeline.csv, development_lifecycle.csv, entitlement_intelligence.csv"
2026-08-09,20260809-233153-e892ad29,Development Start - Other / Unknown - Missing Middle Weakness,PRJ-20260809-0141,Office-to-Residential Conversion - Other / Unknown - Commonwealth Development Partners Break Ground on $162M Office-to-Residential Multifamily...,other unknown,Other / Unknown,Other / Unknown,Unknown,Unknown,Unknown,Apartment,deal_fingerprints.csv,45,80,address/location + market match,DUP-0141,No,"Matched across 6 source file(s): deal_fingerprints.csv, deal_pipeline.csv, development_lifecycle.csv, entitlement_intelligence.csv"
2026-08-09,20260809-233153-e892ad29,Development Start - Other / Unknown - First Quarter 2026 Multifamily Construction Data,PRJ-20260809-0141,Office-to-Residential Conversion - Other / Unknown - Commonwealth Development Partners Break Ground on $162M Office-to-Residential Multifamily...,other unknown,Other / Unknown,Other / Unknown,Unknown,Unknown,Unknown,Multifamily,deal_fingerprints.csv,45,80,address/location + market match,DUP-0141,No,"Matched across 6 source file(s): deal_fingerprints.csv, deal_pipeline.csv, development_lifecycle.csv, entitlement_intelligence.csv"
2026-08-09,20260809-233153-e892ad29,Development Start - Other / Unknown - Fourth Quarter 2025 Multifamily Construction Data,PRJ-20260809-0141,Office-to-Residential Conversion - Other / Unknown - Commonwealth Development Partners Break Ground on $162M Office-to-Residential Multifamily...,other unknown,Other / Unknown,Other / Unknown,Unknown,Unknown,Unknown,Multifamily,deal_fingerprints.csv,45,80,address/location + market match,DUP-0141,No,"Matched across 6 source file(s): deal_fingerprints.csv, deal_pipeline.csv, development_lifecycle.csv, entitlement_intelligence.csv"
2026-08-09,20260809-233153-e892ad29,Development Start - Other / Unknown - Overall Housing Starts Inch Lower in 2025,PRJ-20260809-0141,Office-to-Residential Conversion - Other / Unknown - Commonwealth Development Partners Break Ground on $162M Office-to-Residential Multifamily...,other unknown,Other / Unknown,Other / Unknown,Unknown,Unknown,Unknown,Multifamily,deal_fingerprints.csv,45,80,address/location + market match,DUP-0141,No,"Matched across 6 source file(s): deal_fingerprints.csv, deal_pipeline.csv, development_lifecycle.csv, entitlement_intelligence.csv"
2026-08-09,20260809-233153-e892ad29,Development Start - Other / Unknown - Third Quarter 2025 Multifamily Construction Data,PRJ-20260809-0141,Office-to-Residential Conversion - Other / Unknown - Commonwealth Development Partners Break Ground on $162M Office-to-Residential Multifamily...,other unknown,Other / Unknown,Other / Unknown,Unknown,Unknown,Unknown,Multifamily,deal_fingerprints.csv,45,80,address/location + market match,DUP-0141,No,"Matched across 6 source file(s): deal_fingerprints.csv, deal_pipeline.csv, development_lifecycle.csv, entitlement_intelligence.csv"
2026-08-09,20260809-233153-e892ad29,"Disposition / Exit - Other / Unknown - NRP Group Breaks Ground on 336-Unit Apartment Development in Columbus, Ohio",PRJ-20260809-0141,Office-to-Residential Conversion - Other / Unknown - Commonwealth Development Partners Break Ground on $162M Office-to-Residential Multifamily...,other unknown,Other / Unknown,Other / Unknown,Unknown,Unknown,Unknown,Apartment,deal_fingerprints.csv,45,80,address/location + market match,DUP-0141,No,"Matched across 6 source file(s): deal_fingerprints.csv, deal_pipeline.csv, development_lifecycle.csv, entitlement_intelligence.csv"
2026-08-09,20260809-233153-e892ad29,Disposition / Exit - Other / Unknown - The NRP Group Breaks Ground on 336-Unit Multifamily in Ohio,PRJ-20260809-0141,Office-to-Residential Conversion - Other / Unknown - Commonwealth Development Partners Break Ground on $162M Office-to-Residential Multifamily...,other unknown,Other / Unknown,Other / Unknown,Unknown,Unknown,Unknown,Apartment,deal_fingerprints.csv,45,80,address/location + market match,DUP-0141,No,"Matched across 6 source file(s): deal_fingerprints.csv, deal_pipeline.csv, development_lifecycle.csv, entitlement_intelligence.csv"
2026-08-09,20260809-233153-e892ad29,Disposition / Exit - Other / Unknown - Centerspace executives outline disposition plans,PRJ-20260809-0141,Office-to-Residential Conversion - Other / Unknown - Commonwealth Development Partners Break Ground on $162M Office-to-Residential Multifamily...,other unknown,Other / Unknown,Other / Unknown,Unknown,Unknown,Unknown,Apartment,deal_fingerprints.csv,45,80,address/location + market match,DUP-0141,No,"Matched across 6 source file(s): deal_fingerprints.csv, deal_pipeline.csv, development_lifecycle.csv, entitlement_intelligence.csv"
2026-08-09,20260809-233153-e892ad29,Disposition / Exit - Other / Unknown - NAHB HBGI: Micro Markets Lone Bright Spot for Single-Family Building in Fourth Quarter,PRJ-20260809-0141,Office-to-Residential Conversion - Other / Unknown - Commonwealth Development Partners Break Ground on $162M Office-to-Residential Multifamily...,other unknown,Other / Unknown,Other / Unknown,Unknown,Unknown,Unknown,Multifamily,deal_fingerprints.csv,45,80,address/location + market match,DUP-0141,No,"Matched across 6 source file(s): deal_fingerprints.csv, deal_pipeline.csv, development_lifecycle.csv, entitlement_intelligence.csv"
2026-08-09,20260809-233153-e892ad29,General Project Signal - Other / Unknown - Share of Apartments Built in Buildings with 50+ Units Moves Higher in 2025,PRJ-20260809-0141,Office-to-Residential Conversion - Other / Unknown - Commonwealth Development Partners Break Ground on $162M Office-to-Residential Multifamily...,other unknown,Other / Unknown,Other / Unknown,Unknown,Unknown,Unknown,Apartment,deal_fingerprints.csv,45,80,address/location + market match,DUP-0141,No,"Matched across 6 source file(s): deal_fingerprints.csv, deal_pipeline.csv, development_lifecycle.csv, entitlement_intelligence.csv"
2026-08-09,20260809-233153-e892ad29,General Project Signal - Other / Unknown - Multifamily Absorption Rate Remains Below 50%,PRJ-20260809-0141,Office-to-Residential Conversion - Other / Unknown - Commonwealth Development Partners Break Ground on $162M Office-to-Residential Multifamily...,other unknown,Other / Unknown,Other / Unknown,Unknown,Unknown,Unknown,Apartment,deal_fingerprints.csv,45,80,address/location + market match,DUP-0141,No,"Matched across 6 source file(s): deal_fingerprints.csv, deal_pipeline.csv, development_lifecycle.csv, entitlement_intelligence.csv"
2026-08-09,20260809-233153-e892ad29,"Entitlement / Permitting - Other / Unknown - Preliminary Permits Filed For 110 Glenwood Avenue, Atherton",PRJ-20260809-0141,Office-to-Residential Conversion - Other / Unknown - Commonwealth Development Partners Break Ground on $162M Office-to-Residential Multifamily...,other unknown,Other / Unknown,Other / Unknown,Unknown,Unknown,Unknown,Apartment,deal_pipeline.csv,45,80,address/location + market match,DUP-0141,No,"Matched across 6 source file(s): deal_fingerprints.csv, deal_pipeline.csv, development_lifecycle.csv, entitlement_intelligence.csv"
2026-08-09,20260809-233153-e892ad29,Office-to-Residential Conversion - Other / Unknown - Commonwealth Development Partners Break Ground on $162M Office-to-Residential Multifamily...,PRJ-20260809-0141,Office-to-Residential Conversion - Other / Unknown - Commonwealth Development Partners Break Ground on $162M Office-to-Residential Multifamily...,other unknown,Other / Unknown,Other / Unknown,Unknown,Unknown,Unknown,Office-to-Residential Conversion,deal_pipeline.csv,45,80,address/location + market match,DUP-0141,No,"Matched across 6 source file(s): deal_fingerprints.csv, deal_pipeline.csv, development_lifecycle.csv, entitlement_intelligence.csv"
2026-08-09,20260809-233153-e892ad29,Development Start - Other / Unknown - Missing Middle Weakness,PRJ-20260809-0141,Office-to-Residential Conversion - Other / Unknown - Commonwealth Development Partners Break Ground on $162M Office-to-Residential Multifamily...,other unknown,Other / Unknown,Other / Unknown,Unknown,Unknown,Unknown,Apartment,deal_pipeline.csv,45,80,address/location + market match,DUP-0141,No,"Matched across 6 source file(s): deal_fingerprints.csv, deal_pipeline.csv, development_lifecycle.csv, entitlement_intelligence.csv"
2026-08-09,20260809-233153-e892ad29,General Project Signal - Other / Unknown - 2026 Resident Experience Management Report,PRJ-20260809-0141,Office-to-Residential Conversion - Other / Unknown - Commonwealth Development Partners Break Ground on $162M Office-to-Residential Multifamily...,other unknown,Other / Unknown,Other / Unknown,Unknown,Unknown,Unknown,Multifamily,deal_pipeline.csv,45,80,address/location + market match,DUP-0141,No,"Matched across 6 source file(s): deal_fingerprints.csv, deal_pipeline.csv, development_lifecycle.csv, entitlement_intelligence.csv"
2026-08-09,20260809-233153-e892ad29,"Disposition / Exit - Other / Unknown - NRP Group Breaks Ground on 336-Unit Apartment Development in Columbus, Ohio",PRJ-20260809-0141,Office-to-Residential Conversion - Other / Unknown - Commonwealth Development Partners Break Ground on $162M Office-to-Residential Multifamily...,other unknown,Other / Unknown,Other / Unknown,Unknown,Unknown,Unknown,Apartment,deal_pipeline.csv,45,80,address/location + market match,DUP-0141,No,"Matched across 6 source file(s): deal_fingerprints.csv, deal_pipeline.csv, development_lifecycle.csv, entitlement_intelligence.csv"
2026-08-09,20260809-233153-e892ad29,Disposition / Exit - Other / Unknown - The NRP Group Breaks Ground on 336-Unit Multifamily in Ohio,PRJ-20260809-0141,Office-to-Residential Conversion - Other / Unknown - Commonwealth Development Partners Break Ground on $162M Office-to-Residential Multifamily...,other unknown,Other / Unknown,Other / Unknown,Unknown,Unknown,Unknown,Apartment,deal_pipeline.csv,45,80,address/location + market match,DUP-0141,No,"Matched across 6 source file(s): deal_fingerprints.csv, deal_pipeline.csv, development_lifecycle.csv, entitlement_intelligence.csv"
2026-08-09,20260809-233153-e892ad29,Development Start - Other / Unknown - First Quarter 2026 Multifamily Construction Data,PRJ-20260809-0141,Office-to-Residential Conversion - Other / Unknown - Commonwealth Development Partners Break Ground on $162M Office-to-Residential Multifamily...,other unknown,Other / Unknown,Other / Unknown,Unknown,Unknown,Unknown,Multifamily,deal_pipeline.csv,45,80,address/location + market match,DUP-0141,No,"Matched across 6 source file(s): deal_fingerprints.csv, deal_pipeline.csv, development_lifecycle.csv, entitlement_intelligence.csv"
2026-08-09,20260809-233153-e892ad29,Development Start - Other / Unknown - Fourth Quarter 2025 Multifamily Construction Data,PRJ-20260809-0141,Office-to-Residential Conversion - Other / Unknown - Commonwealth Development Partners Break Ground on $162M Office-to-Residential Multifamily...,other unknown,Other / Unknown,Other / Unknown,Unknown,Unknown,Unknown,Multifamily,deal_pipeline.csv,45,80,address/location + market match,DUP-0141,No,"Matched across 6 source file(s): deal_fingerprints.csv, deal_pipeline.csv, development_lifecycle.csv, entitlement_intelligence.csv"
2026-08-09,20260809-233153-e892ad29,Development Start - Other / Unknown - Overall Housing Starts Inch Lower in 2025,PRJ-20260809-0141,Office-to-Residential Conversion - Other / Unknown - Commonwealth Development Partners Break Ground on $162M Office-to-Residential Multifamily...,other unknown,Other / Unknown,Other / Unknown,Unknown,Unknown,Unknown,Multifamily,deal_pipeline.csv,45,80,address/location + market match,DUP-0141,No,"Matched across 6 source file(s): deal_fingerprints.csv, deal_pipeline.csv, development_lifecycle.csv, entitlement_intelligence.csv"
2026-08-09,20260809-233153-e892ad29,Development Start - Other / Unknown - Third Quarter 2025 Multifamily Construction Data,PRJ-20260809-0141,Office-to-Residential Conversion - Other / Unknown - Commonwealth Development Partners Break Ground on $162M Office-to-Residential Multifamily...,other unknown,Other / Unknown,Other / Unknown,Unknown,Unknown,Unknown,Multifamily,deal_pipeline.csv,45,80,address/location + market match,DUP-0141,No,"Matched across 6 source file(s): deal_fingerprints.csv, deal_pipeline.csv, development_lifecycle.csv, entitlement_intelligence.csv"
2026-08-09,20260809-233153-e892ad29,Disposition / Exit - Other / Unknown - Centerspace executives outline disposition plans,PRJ-20260809-0141,Office-to-Residential Conversion - Other / Unknown - Commonwealth Development Partners Break Ground on $162M Office-to-Residential Multifamily...,other unknown,Other / Unknown,Other / Unknown,Unknown,Unknown,Unknown,Apartment,deal_pipeline.csv,45,80,address/location + market match,DUP-0141,No,"Matched across 6 source file(s): deal_fingerprints.csv, deal_pipeline.csv, development_lifecycle.csv, entitlement_intelligence.csv"
2026-08-09,20260809-233153-e892ad29,General Project Signal - Other / Unknown - Share of Apartments Built in Buildings with 50+ Units Moves Higher in 2025,PRJ-20260809-0141,Office-to-Residential Conversion - Other / Unknown - Commonwealth Development Partners Break Ground on $162M Office-to-Residential Multifamily...,other unknown,Other / Unknown,Other / Unknown,Unknown,Unknown,Unknown,Apartment,deal_pipeline.csv,45,80,address/location + market match,DUP-0141,No,"Matched across 6 source file(s): deal_fingerprints.csv, deal_pipeline.csv, development_lifecycle.csv, entitlement_intelligence.csv"
2026-08-09,20260809-233153-e892ad29,General Project Signal - Other / Unknown - Multifamily Absorption Rate Remains Below 50%,PRJ-20260809-0141,Office-to-Residential Conversion - Other / Unknown - Commonwealth Development Partners Break Ground on $162M Office-to-Residential Multifamily...,other unknown,Other / Unknown,Other / Unknown,Unknown,Unknown,Unknown,Apartment,deal_pipeline.csv,45,80,address/location + market match,DUP-0141,No,"Matched across 6 source file(s): deal_fingerprints.csv, deal_pipeline.csv, development_lifecycle.csv, entitlement_intelligence.csv"
2026-08-09,20260809-233153-e892ad29,Disposition / Exit - Other / Unknown - NAHB HBGI: Micro Markets Lone Bright Spot for Single-Family Building in Fourth Quarter,PRJ-20260809-0141,Office-to-Residential Conversion - Other / Unknown - Commonwealth Development Partners Break Ground on $162M Office-to-Residential Multifamily...,other unknown,Other / Unknown,Other / Unknown,Unknown,Unknown,Unknown,Multifamily,deal_pipeline.csv,45,80,address/location + market match,DUP-0141,No,"Matched across 6 source file(s): deal_fingerprints.csv, deal_pipeline.csv, development_lifecycle.csv, entitlement_intelligence.csv"
2026-08-09,20260809-233153-e892ad29,Commonwealth Development Partners Break Ground on $162M Office-to-Residential Multifamily Conversion in Chicago,PRJ-20260809-0141,Office-to-Residential Conversion - Other / Unknown - Commonwealth Development Partners Break Ground on $162M Office-to-Residential Multifamily...,other unknown,Other / Unknown,Other / Unknown,Unknown,Unknown,Unknown,Office-to-Residential Conversion,development_lifecycle.csv,45,80,address/location + market match,DUP-0141,No,"Matched across 6 source file(s): deal_fingerprints.csv, deal_pipeline.csv, development_lifecycle.csv, entitlement_intelligence.csv"
2026-08-09,20260809-233153-e892ad29,"Preliminary Permits Filed For 110 Glenwood Avenue, Atherton",PRJ-20260809-0141,Office-to-Residential Conversion - Other / Unknown - Commonwealth Development Partners Break Ground on $162M Office-to-Residential Multifamily...,other unknown,Other / Unknown,Other / Unknown,Unknown,Unknown,Unknown,Apartment,development_lifecycle.csv,45,80,address/location + market match,DUP-0141,No,"Matched across 6 source file(s): deal_fingerprints.csv, deal_pipeline.csv, development_lifecycle.csv, entitlement_intelligence.csv"
2026-08-09,20260809-233153-e892ad29,Commonwealth Development Partners Break Ground on $162M Office-to-Residential Multifamily Conversion in Chicago,PRJ-20260809-0141,Office-to-Residential Conversion - Other / Unknown - Commonwealth Development Partners Break Ground on $162M Office-to-Residential Multifamily...,other unknown,Other / Unknown,Other / Unknown,Unknown,Unknown,Unknown,Office-to-Residential Conversion,lifecycle_transition.csv,45,80,address/location + market match,DUP-0141,No,"Matched across 6 source file(s): deal_fingerprints.csv, deal_pipeline.csv, development_lifecycle.csv, entitlement_intelligence.csv"
2026-08-09,20260809-233153-e892ad29,"Preliminary Permits Filed For 110 Glenwood Avenue, Atherton",PRJ-20260809-0141,Office-to-Residential Conversion - Other / Unknown - Commonwealth Development Partners Break Ground on $162M Office-to-Residential Multifamily...,other unknown,Other / Unknown,Other / Unknown,Unknown,Unknown,Unknown,Apartment,lifecycle_transition.csv,45,80,address/location + market match,DUP-0141,No,"Matched across 6 source file(s): deal_fingerprints.csv, deal_pipeline.csv, development_lifecycle.csv, entitlement_intelligence.csv"
2026-08-09,20260809-233153-e892ad29,"Entitlement / Permitting - Other / Unknown - Preliminary Permits Filed For 110 Glenwood Avenue, Atherton",PRJ-20260809-0141,Office-to-Residential Conversion - Other / Unknown - Commonwealth Development Partners Break Ground on $162M Office-to-Residential Multifamily...,other unknown,Other / Unknown,Other / Unknown,Unknown,Unknown,Unknown,Apartment,opportunity_radar.csv,45,80,address/location + market match,DUP-0141,No,"Matched across 6 source file(s): deal_fingerprints.csv, deal_pipeline.csv, development_lifecycle.csv, entitlement_intelligence.csv"
2026-08-09,20260809-233153-e892ad29,Office-to-Residential Conversion - Other / Unknown - Commonwealth Development Partners Break Ground on $162M Office-to-Residential Multifamily...,PRJ-20260809-0141,Office-to-Residential Conversion - Other / Unknown - Commonwealth Development Partners Break Ground on $162M Office-to-Residential Multifamily...,other unknown,Other / Unknown,Other / Unknown,Unknown,Unknown,Unknown,Office-to-Residential Conversion,opportunity_radar.csv,45,80,address/location + market match,DUP-0141,No,"Matched across 6 source file(s): deal_fingerprints.csv, deal_pipeline.csv, development_lifecycle.csv, entitlement_intelligence.csv"
2026-08-09,20260809-233153-e892ad29,Development Start - Other / Unknown - Missing Middle Weakness,PRJ-20260809-0141,Office-to-Residential Conversion - Other / Unknown - Commonwealth Development Partners Break Ground on $162M Office-to-Residential Multifamily...,other unknown,Other / Unknown,Other / Unknown,Unknown,Unknown,Unknown,Apartment,opportunity_radar.csv,45,80,address/location + market match,DUP-0141,No,"Matched across 6 source file(s): deal_fingerprints.csv, deal_pipeline.csv, development_lifecycle.csv, entitlement_intelligence.csv"
2026-08-09,20260809-233153-e892ad29,General Project Signal - Other / Unknown - 2026 Resident Experience Management Report,PRJ-20260809-0141,Office-to-Residential Conversion - Other / Unknown - Commonwealth Development Partners Break Ground on $162M Office-to-Residential Multifamily...,other unknown,Other / Unknown,Other / Unknown,Unknown,Unknown,Unknown,Multifamily,opportunity_radar.csv,45,80,address/location + market match,DUP-0141,No,"Matched across 6 source file(s): deal_fingerprints.csv, deal_pipeline.csv, development_lifecycle.csv, entitlement_intelligence.csv"
2026-08-09,20260809-233153-e892ad29,Development Start - Other / Unknown - First Quarter 2026 Multifamily Construction Data,PRJ-20260809-0141,Office-to-Residential Conversion - Other / Unknown - Commonwealth Development Partners Break Ground on $162M Office-to-Residential Multifamily...,other unknown,Other / Unknown,Other / Unknown,Unknown,Unknown,Unknown,Multifamily,opportunity_radar.csv,45,80,address/location + market match,DUP-0141,No,"Matched across 6 source file(s): deal_fingerprints.csv, deal_pipeline.csv, development_lifecycle.csv, entitlement_intelligence.csv"
2026-08-09,20260809-233153-e892ad29,Development Start - Other / Unknown - Fourth Quarter 2025 Multifamily Construction Data,PRJ-20260809-0141,Office-to-Residential Conversion - Other / Unknown - Commonwealth Development Partners Break Ground on $162M Office-to-Residential Multifamily...,other unknown,Other / Unknown,Other / Unknown,Unknown,Unknown,Unknown,Multifamily,opportunity_radar.csv,45,80,address/location + market match,DUP-0141,No,"Matched across 6 source file(s): deal_fingerprints.csv, deal_pipeline.csv, development_lifecycle.csv, entitlement_intelligence.csv"
2026-08-09,20260809-233153-e892ad29,Development Start - Other / Unknown - Overall Housing Starts Inch Lower in 2025,PRJ-20260809-0141,Office-to-Residential Conversion - Other / Unknown - Commonwealth Development Partners Break Ground on $162M Office-to-Residential Multifamily...,other unknown,Other / Unknown,Other / Unknown,Unknown,Unknown,Unknown,Multifamily,opportunity_radar.csv,45,80,address/location + market match,DUP-0141,No,"Matched across 6 source file(s): deal_fingerprints.csv, deal_pipeline.csv, development_lifecycle.csv, entitlement_intelligence.csv"
2026-08-09,20260809-233153-e892ad29,Development Start - Other / Unknown - Third Quarter 2025 Multifamily Construction Data,PRJ-20260809-0141,Office-to-Residential Conversion - Other / Unknown - Commonwealth Development Partners Break Ground on $162M Office-to-Residential Multifamily...,other unknown,Other / Unknown,Other / Unknown,Unknown,Unknown,Unknown,Multifamily,opportunity_radar.csv,45,80,address/location + market match,DUP-0141,No,"Matched across 6 source file(s): deal_fingerprints.csv, deal_pipeline.csv, development_lifecycle.csv, entitlement_intelligence.csv"
2026-08-09,20260809-233153-e892ad29,General Project Signal - Other / Unknown - Share of Apartments Built in Buildings with 50+ Units Moves Higher in 2025,PRJ-20260809-0141,Office-to-Residential Conversion - Other / Unknown - Commonwealth Development Partners Break Ground on $162M Office-to-Residential Multifamily...,other unknown,Other / Unknown,Other / Unknown,Unknown,Unknown,Unknown,Apartment,opportunity_radar.csv,45,80,address/location + market match,DUP-0141,No,"Matched across 6 source file(s): deal_fingerprints.csv, deal_pipeline.csv, development_lifecycle.csv, entitlement_intelligence.csv"
2026-08-09,20260809-233153-e892ad29,General Project Signal - Other / Unknown - Multifamily Absorption Rate Remains Below 50%,PRJ-20260809-0141,Office-to-Residential Conversion - Other / Unknown - Commonwealth Development Partners Break Ground on $162M Office-to-Residential Multifamily...,other unknown,Other / Unknown,Other / Unknown,Unknown,Unknown,Unknown,Apartment,opportunity_radar.csv,45,80,address/location + market match,DUP-0141,No,"Matched across 6 source file(s): deal_fingerprints.csv, deal_pipeline.csv, development_lifecycle.csv, entitlement_intelligence.csv"
2026-08-09,20260809-233153-e892ad29,Office-to-Residential Conversion - Other / Unknown - Commonwealth Development Partners Break Ground on $162M Office-to-Residential Multifamily...,PRJ-20260809-0141,Office-to-Residential Conversion - Other / Unknown - Commonwealth Development Partners Break Ground on $162M Office-to-Residential Multifamily...,other unknown,Other / Unknown,Other / Unknown,Unknown,Unknown,Unknown,Office-to-Residential Conversion,entitlement_intelligence.csv,45,80,address/location + market match,DUP-0141,No,"Matched across 6 source file(s): deal_fingerprints.csv, deal_pipeline.csv, development_lifecycle.csv, entitlement_intelligence.csv"
2026-08-09,20260809-233153-e892ad29,"Entitlement / Permitting - Other / Unknown - Preliminary Permits Filed For 110 Glenwood Avenue, Atherton",PRJ-20260809-0141,Office-to-Residential Conversion - Other / Unknown - Commonwealth Development Partners Break Ground on $162M Office-to-Residential Multifamily...,other unknown,Other / Unknown,Other / Unknown,Unknown,Unknown,Unknown,Apartment,entitlement_intelligence.csv,45,80,address/location + market match,DUP-0141,No,"Matched across 6 source file(s): deal_fingerprints.csv, deal_pipeline.csv, development_lifecycle.csv, entitlement_intelligence.csv"
2026-08-09,20260809-233153-e892ad29,"Disposition / Exit - Other / Unknown - NRP Group Breaks Ground on 336-Unit Apartment Development in Columbus, Ohio",PRJ-20260809-0141,Office-to-Residential Conversion - Other / Unknown - Commonwealth Development Partners Break Ground on $162M Office-to-Residential Multifamily...,other unknown,Other / Unknown,Other / Unknown,Unknown,Unknown,Unknown,Apartment,entitlement_intelligence.csv,45,80,address/location + market match,DUP-0141,No,"Matched across 6 source file(s): deal_fingerprints.csv, deal_pipeline.csv, development_lifecycle.csv, entitlement_intelligence.csv"
2026-08-09,20260809-233153-e892ad29,Centerspace executives outline disposition plans,PRJ-20260809-0100,Office-to-Residential Conversion - Los Angeles / California - L.A. County approves $15M for supportive housing at Metropolitan State Hospital campus,los angeles,Los Angeles,Other / Unknown,Los Angeles,Unknown,Unknown,Apartment,asset_parcel_intelligence.csv,36,80,address/location + market match,DUP-0100,No,"Matched across 7 source file(s): asset_parcel_intelligence.csv, development_lifecycle.csv, entitlement_intelligence.csv, la_asset_watch.csv"
2026-08-09,20260809-233153-e892ad29,L.A. County approves $15M for supportive housing at Metropolitan State Hospital campus,PRJ-20260809-0100,Office-to-Residential Conversion - Los Angeles / California - L.A. County approves $15M for supportive housing at Metropolitan State Hospital campus,los angeles,Los Angeles,Other / Unknown,Los Angeles,Unknown,Unknown,Apartment,la_asset_watch.csv,36,80,address/location + market match,DUP-0100,No,"Matched across 7 source file(s): asset_parcel_intelligence.csv, development_lifecycle.csv, entitlement_intelligence.csv, la_asset_watch.csv"
2026-08-09,20260809-233153-e892ad29,Centerspace executives outline disposition plans,PRJ-20260809-0100,Office-to-Residential Conversion - Los Angeles / California - L.A. County approves $15M for supportive housing at Metropolitan State Hospital campus,los angeles,Los Angeles,Other / Unknown,Los Angeles,Unknown,Unknown,Apartment,la_asset_watch.csv,36,80,address/location + market match,DUP-0100,No,"Matched across 7 source file(s): asset_parcel_intelligence.csv, development_lifecycle.csv, entitlement_intelligence.csv, la_asset_watch.csv"
2026-08-09,20260809-233153-e892ad29,Centerspace executives outline disposition plans,PRJ-20260809-0100,Office-to-Residential Conversion - Los Angeles / California - L.A. County approves $15M for supportive housing at Metropolitan State Hospital campus,los angeles,Los Angeles,Other / Unknown,Los Angeles,Unknown,Unknown,Apartment,la_asset_watch.csv,36,80,address/location + market match,DUP-0100,No,"Matched across 7 source file(s): asset_parcel_intelligence.csv, development_lifecycle.csv, entitlement_intelligence.csv, la_asset_watch.csv"
2026-08-09,20260809-233153-e892ad29,More Texas multifamily loans moved to servicing in late July,PRJ-20260809-0100,Office-to-Residential Conversion - Los Angeles / California - L.A. County approves $15M for supportive housing at Metropolitan State Hospital campus,los angeles,Los Angeles,Other / Unknown,Los Angeles,Unknown,Unknown,Apartment,la_asset_watch.csv,36,80,address/location + market match,DUP-0100,No,"Matched across 7 source file(s): asset_parcel_intelligence.csv, development_lifecycle.csv, entitlement_intelligence.csv, la_asset_watch.csv"
2026-08-09,20260809-233153-e892ad29,Centerspace executives outline disposition plans,PRJ-20260809-0100,Office-to-Residential Conversion - Los Angeles / California - L.A. County approves $15M for supportive housing at Metropolitan State Hospital campus,los angeles,Los Angeles,Other / Unknown,Los Angeles,Unknown,Unknown,Apartment,development_lifecycle.csv,36,80,address/location + market match,DUP-0100,No,"Matched across 7 source file(s): asset_parcel_intelligence.csv, development_lifecycle.csv, entitlement_intelligence.csv, la_asset_watch.csv"
2026-08-09,20260809-233153-e892ad29,Centerspace executives outline disposition plans,PRJ-20260809-0100,Office-to-Residential Conversion - Los Angeles / California - L.A. County approves $15M for supportive housing at Metropolitan State Hospital campus,los angeles,Los Angeles,Other / Unknown,Los Angeles,Unknown,Unknown,Apartment,lifecycle_transition.csv,36,80,address/location + market match,DUP-0100,No,"Matched across 7 source file(s): asset_parcel_intelligence.csv, development_lifecycle.csv, entitlement_intelligence.csv, la_asset_watch.csv"
2026-08-09,20260809-233153-e892ad29,Refinancing - Atlanta / Georgia - Brook Farm Group Lands $73M Refinance of Luxury Multifamily Development Sinclair at Callaw...,PRJ-20260809-0100,Office-to-Residential Conversion - Los Angeles / California - L.A. County approves $15M for supportive housing at Metropolitan State Hospital campus,los angeles,Los Angeles,Other / Unknown,Los Angeles,Unknown,Unknown,Multifamily,la_lifecycle_transition_watch.csv,36,80,address/location + market match,DUP-0100,No,"Matched across 7 source file(s): asset_parcel_intelligence.csv, development_lifecycle.csv, entitlement_intelligence.csv, la_asset_watch.csv"
2026-08-09,20260809-233153-e892ad29,Refinancing - Los Angeles / California - Mesa West Capital Provides $52M Loan for Refinancing of Sumner Mill Apartments Near Seattl...,PRJ-20260809-0100,Office-to-Residential Conversion - Los Angeles / California - L.A. County approves $15M for supportive housing at Metropolitan State Hospital campus,los angeles,Los Angeles,Other / Unknown,Los Angeles,Unknown,Unknown,Apartment,la_lifecycle_transition_watch.csv,36,80,address/location + market match,DUP-0100,No,"Matched across 7 source file(s): asset_parcel_intelligence.csv, development_lifecycle.csv, entitlement_intelligence.csv, la_asset_watch.csv"
2026-08-09,20260809-233153-e892ad29,Brook Farm Group Lands $73M Refinance of Luxury Multifamily Development Sinclair at Callaway Farm in Georgia,PRJ-20260809-0100,Office-to-Residential Conversion - Los Angeles / California - L.A. County approves $15M for supportive housing at Metropolitan State Hospital campus,los angeles,Los Angeles,Other / Unknown,Los Angeles,Unknown,Unknown,Multifamily,la_lifecycle_transition_watch.csv,36,80,address/location + market match,DUP-0100,No,"Matched across 7 source file(s): asset_parcel_intelligence.csv, development_lifecycle.csv, entitlement_intelligence.csv, la_asset_watch.csv"
2026-08-09,20260809-233153-e892ad29,Adaptive reuse project starting up at 6380 Wilshire Boulevard,PRJ-20260809-0100,Office-to-Residential Conversion - Los Angeles / California - L.A. County approves $15M for supportive housing at Metropolitan State Hospital campus,los angeles,Los Angeles,Other / Unknown,Los Angeles,Unknown,Unknown,Office-to-Residential Conversion,la_lifecycle_transition_watch.csv,36,80,address/location + market match,DUP-0100,No,"Matched across 7 source file(s): asset_parcel_intelligence.csv, development_lifecycle.csv, entitlement_intelligence.csv, la_asset_watch.csv"
2026-08-09,20260809-233153-e892ad29,Office-to-Residential Conversion - Los Angeles / California - Adaptive reuse project starting up at 6380 Wilshire Boulevard,PRJ-20260809-0100,Office-to-Residential Conversion - Los Angeles / California - L.A. County approves $15M for supportive housing at Metropolitan State Hospital campus,los angeles,Los Angeles,Other / Unknown,Los Angeles,Unknown,Unknown,Office-to-Residential Conversion,la_lifecycle_transition_watch.csv,36,80,address/location + market match,DUP-0100,No,"Matched across 7 source file(s): asset_parcel_intelligence.csv, development_lifecycle.csv, entitlement_intelligence.csv, la_asset_watch.csv"
2026-08-09,20260809-233153-e892ad29,Construction Financing - Miami / Florida - Affiliated Closes Financing on Mixed-Income Fort Lauderdale Apartment Project,PRJ-20260809-0100,Office-to-Residential Conversion - Los Angeles / California - L.A. County approves $15M for supportive housing at Metropolitan State Hospital campus,los angeles,Los Angeles,Other / Unknown,Los Angeles,Unknown,Unknown,Affordable Housing,la_lifecycle_transition_watch.csv,36,80,address/location + market match,DUP-0100,No,"Matched across 7 source file(s): asset_parcel_intelligence.csv, development_lifecycle.csv, entitlement_intelligence.csv, la_asset_watch.csv"
2026-08-09,20260809-233153-e892ad29,Office-to-Residential Conversion - Los Angeles / California - L.A. County approves $15M for supportive housing at Metropolitan State Hospital campus,PRJ-20260809-0100,Office-to-Residential Conversion - Los Angeles / California - L.A. County approves $15M for supportive housing at Metropolitan State Hospital campus,los angeles,Los Angeles,Other / Unknown,Los Angeles,Unknown,Unknown,Apartment,la_lifecycle_transition_watch.csv,36,80,address/location + market match,DUP-0100,No,"Matched across 7 source file(s): asset_parcel_intelligence.csv, development_lifecycle.csv, entitlement_intelligence.csv, la_asset_watch.csv"
2026-08-09,20260809-233153-e892ad29,Entitlement / Permitting - Los Angeles / California - Affordable housing takes shape at 1332 and 1346 N. Fairfax Avenue,PRJ-20260809-0100,Office-to-Residential Conversion - Los Angeles / California - L.A. County approves $15M for supportive housing at Metropolitan State Hospital campus,los angeles,Los Angeles,Other / Unknown,Los Angeles,Unknown,Unknown,Affordable Housing,la_lifecycle_transition_watch.csv,36,80,address/location + market match,DUP-0100,No,"Matched across 7 source file(s): asset_parcel_intelligence.csv, development_lifecycle.csv, entitlement_intelligence.csv, la_asset_watch.csv"
2026-08-09,20260809-233153-e892ad29,General Project Signal - Los Angeles / California - Affordable housing with retail pitched for 2306 W. Jefferson Blvd.,PRJ-20260809-0100,Office-to-Residential Conversion - Los Angeles / California - L.A. County approves $15M for supportive housing at Metropolitan State Hospital campus,los angeles,Los Angeles,Other / Unknown,Los Angeles,Unknown,Unknown,Affordable Housing,la_lifecycle_transition_watch.csv,36,80,address/location + market match,DUP-0100,No,"Matched across 7 source file(s): asset_parcel_intelligence.csv, development_lifecycle.csv, entitlement_intelligence.csv, la_asset_watch.csv"
2026-08-09,20260809-233153-e892ad29,Atlanta Beltline Advancing 218-Unit Affordable Apartment Project,PRJ-20260809-0100,Office-to-Residential Conversion - Los Angeles / California - L.A. County approves $15M for supportive housing at Metropolitan State Hospital campus,los angeles,Los Angeles,Other / Unknown,Los Angeles,Unknown,Unknown,Apartment,la_lifecycle_transition_watch.csv,36,80,address/location + market match,DUP-0100,No,"Matched across 7 source file(s): asset_parcel_intelligence.csv, development_lifecycle.csv, entitlement_intelligence.csv, la_asset_watch.csv"
2026-08-09,20260809-233153-e892ad29,Acquisition - Atlanta / Georgia - Matt Ferrari’s PXV Multifamily makes first acquisition for $29.5M,PRJ-20260809-0100,Office-to-Residential Conversion - Los Angeles / California - L.A. County approves $15M for supportive housing at Metropolitan State Hospital campus,los angeles,Los Angeles,Other / Unknown,Los Angeles,Unknown,Unknown,Multifamily,la_lifecycle_transition_watch.csv,36,80,address/location + market match,DUP-0100,No,"Matched across 7 source file(s): asset_parcel_intelligence.csv, development_lifecycle.csv, entitlement_intelligence.csv, la_asset_watch.csv"
2026-08-09,20260809-233153-e892ad29,Acquisition - Las Vegas / Nevada - CONAM Acquires 232-Unit Alicante Apartment Homes in Las Vegas,PRJ-20260809-0100,Office-to-Residential Conversion - Los Angeles / California - L.A. County approves $15M for supportive housing at Metropolitan State Hospital campus,los angeles,Los Angeles,Other / Unknown,Los Angeles,Unknown,Unknown,Apartment,la_lifecycle_transition_watch.csv,36,80,address/location + market match,DUP-0100,No,"Matched across 7 source file(s): asset_parcel_intelligence.csv, development_lifecycle.csv, entitlement_intelligence.csv, la_asset_watch.csv"
2026-08-09,20260809-233153-e892ad29,General Project Signal - Atlanta / Georgia - Atlanta Beltline Advancing 218-Unit Affordable Apartment Project,PRJ-20260809-0100,Office-to-Residential Conversion - Los Angeles / California - L.A. County approves $15M for supportive housing at Metropolitan State Hospital campus,los angeles,Los Angeles,Other / Unknown,Los Angeles,Unknown,Unknown,Apartment,la_lifecycle_transition_watch.csv,36,80,address/location + market match,DUP-0100,No,"Matched across 7 source file(s): asset_parcel_intelligence.csv, development_lifecycle.csv, entitlement_intelligence.csv, la_asset_watch.csv"
2026-08-09,20260809-233153-e892ad29,JV / Partnership - Atlanta / Georgia - Mesirow Pays $132M for Midtown Atlanta Apartment Community,PRJ-20260809-0100,Office-to-Residential Conversion - Los Angeles / California - L.A. County approves $15M for supportive housing at Metropolitan State Hospital campus,los angeles,Los Angeles,Other / Unknown,Los Angeles,Unknown,Unknown,Apartment,la_lifecycle_transition_watch.csv,36,80,address/location + market match,DUP-0100,No,"Matched across 7 source file(s): asset_parcel_intelligence.csv, development_lifecycle.csv, entitlement_intelligence.csv, la_asset_watch.csv"
2026-08-09,20260809-233153-e892ad29,Lion Real Estate Picks Up Atlanta Apartments for $51M,PRJ-20260809-0100,Office-to-Residential Conversion - Los Angeles / California - L.A. County approves $15M for supportive housing at Metropolitan State Hospital campus,los angeles,Los Angeles,Other / Unknown,Los Angeles,Unknown,Unknown,Apartment,la_lifecycle_transition_watch.csv,36,80,address/location + market match,DUP-0100,No,"Matched across 7 source file(s): asset_parcel_intelligence.csv, development_lifecycle.csv, entitlement_intelligence.csv, la_asset_watch.csv"
2026-08-09,20260809-233153-e892ad29,Construction Financing - Atlanta / Georgia - Developer Duo Obtains Construction Financing for $147M Atlanta Student Housing Project,PRJ-20260809-0100,Office-to-Residential Conversion - Los Angeles / California - L.A. County approves $15M for supportive housing at Metropolitan State Hospital campus,los angeles,Los Angeles,Other / Unknown,Los Angeles,Unknown,Unknown,Student Housing,la_lifecycle_transition_watch.csv,36,80,address/location + market match,DUP-0100,No,"Matched across 7 source file(s): asset_parcel_intelligence.csv, development_lifecycle.csv, entitlement_intelligence.csv, la_asset_watch.csv"
2026-08-09,20260809-233153-e892ad29,Acquisition - Atlanta / Georgia - Lion Real Estate Picks Up Atlanta Apartments for $51M,PRJ-20260809-0100,Office-to-Residential Conversion - Los Angeles / California - L.A. County approves $15M for supportive housing at Metropolitan State Hospital campus,los angeles,Los Angeles,Other / Unknown,Los Angeles,Unknown,Unknown,Apartment,la_lifecycle_transition_watch.csv,36,80,address/location + market match,DUP-0100,No,"Matched across 7 source file(s): asset_parcel_intelligence.csv, development_lifecycle.csv, entitlement_intelligence.csv, la_asset_watch.csv"
2026-08-09,20260809-233153-e892ad29,Disposition / Exit - Other / Unknown - Centerspace executives outline disposition plans,PRJ-20260809-0100,Office-to-Residential Conversion - Los Angeles / California - L.A. County approves $15M for supportive housing at Metropolitan State Hospital campus,los angeles,Los Angeles,Other / Unknown,Los Angeles,Unknown,Unknown,Apartment,la_lifecycle_transition_watch.csv,36,80,address/location + market match,DUP-0100,No,"Matched across 7 source file(s): asset_parcel_intelligence.csv, development_lifecycle.csv, entitlement_intelligence.csv, la_asset_watch.csv"
2026-08-09,20260809-233153-e892ad29,Centerspace executives outline disposition plans,PRJ-20260809-0100,Office-to-Residential Conversion - Los Angeles / California - L.A. County approves $15M for supportive housing at Metropolitan State Hospital campus,los angeles,Los Angeles,Other / Unknown,Los Angeles,Unknown,Unknown,Apartment,la_lifecycle_transition_watch.csv,36,80,address/location + market match,DUP-0100,No,"Matched across 7 source file(s): asset_parcel_intelligence.csv, development_lifecycle.csv, entitlement_intelligence.csv, la_asset_watch.csv"
2026-08-09,20260809-233153-e892ad29,More Texas multifamily loans moved to servicing in late July,PRJ-20260809-0100,Office-to-Residential Conversion - Los Angeles / California - L.A. County approves $15M for supportive housing at Metropolitan State Hospital campus,los angeles,Los Angeles,Other / Unknown,Los Angeles,Unknown,Unknown,Apartment,la_lifecycle_transition_watch.csv,36,80,address/location + market match,DUP-0100,No,"Matched across 7 source file(s): asset_parcel_intelligence.csv, development_lifecycle.csv, entitlement_intelligence.csv, la_asset_watch.csv"
2026-08-09,20260809-233153-e892ad29,Affordable housing takes shape at 1332 and 1346 N. Fairfax Avenue,PRJ-20260809-0100,Office-to-Residential Conversion - Los Angeles / California - L.A. County approves $15M for supportive housing at Metropolitan State Hospital campus,los angeles,Los Angeles,Other / Unknown,Los Angeles,Unknown,Unknown,Affordable Housing,la_lifecycle_transition_watch.csv,36,80,address/location + market match,DUP-0100,No,"Matched across 7 source file(s): asset_parcel_intelligence.csv, development_lifecycle.csv, entitlement_intelligence.csv, la_asset_watch.csv"
2026-08-09,20260809-233153-e892ad29,Affordable housing with retail pitched for 2306 W. Jefferson Blvd.,PRJ-20260809-0100,Office-to-Residential Conversion - Los Angeles / California - L.A. County approves $15M for supportive housing at Metropolitan State Hospital campus,los angeles,Los Angeles,Other / Unknown,Los Angeles,Unknown,Unknown,Affordable Housing,la_lifecycle_transition_watch.csv,36,80,address/location + market match,DUP-0100,No,"Matched across 7 source file(s): asset_parcel_intelligence.csv, development_lifecycle.csv, entitlement_intelligence.csv, la_asset_watch.csv"
2026-08-09,20260809-233153-e892ad29,Centerspace executives outline disposition plans,PRJ-20260809-0100,Office-to-Residential Conversion - Los Angeles / California - L.A. County approves $15M for supportive housing at Metropolitan State Hospital campus,los angeles,Los Angeles,Other / Unknown,Los Angeles,Unknown,Unknown,Apartment,entitlement_intelligence.csv,36,80,address/location + market match,DUP-0100,No,"Matched across 7 source file(s): asset_parcel_intelligence.csv, development_lifecycle.csv, entitlement_intelligence.csv, la_asset_watch.csv"
2026-08-09,20260809-233153-e892ad29,Adaptive reuse project starting up at 6380 Wilshire Boulevard,PRJ-20260809-0100,Office-to-Residential Conversion - Los Angeles / California - L.A. County approves $15M for supportive housing at Metropolitan State Hospital campus,los angeles,Los Angeles,Other / Unknown,Los Angeles,Unknown,Unknown,Office-to-Residential Conversion,la_entitlement_watch.csv,36,80,address/location + market match,DUP-0100,No,"Matched across 7 source file(s): asset_parcel_intelligence.csv, development_lifecycle.csv, entitlement_intelligence.csv, la_asset_watch.csv"
2026-08-09,20260809-233153-e892ad29,Office-to-Residential Conversion - Los Angeles / California - L.A. County approves $15M for supportive housing at Metropolitan State Hospital campus,PRJ-20260809-0100,Office-to-Residential Conversion - Los Angeles / California - L.A. County approves $15M for supportive housing at Metropolitan State Hospital campus,los angeles,Los Angeles,Other / Unknown,Los Angeles,Unknown,Unknown,Apartment,la_entitlement_watch.csv,36,80,address/location + market match,DUP-0100,No,"Matched across 7 source file(s): asset_parcel_intelligence.csv, development_lifecycle.csv, entitlement_intelligence.csv, la_asset_watch.csv"
2026-08-09,20260809-233153-e892ad29,Office-to-Residential Conversion - Los Angeles / California - Adaptive reuse project starting up at 6380 Wilshire Boulevard,PRJ-20260809-0100,Office-to-Residential Conversion - Los Angeles / California - L.A. County approves $15M for supportive housing at Metropolitan State Hospital campus,los angeles,Los Angeles,Other / Unknown,Los Angeles,Unknown,Unknown,Office-to-Residential Conversion,la_entitlement_watch.csv,36,80,address/location + market match,DUP-0100,No,"Matched across 7 source file(s): asset_parcel_intelligence.csv, development_lifecycle.csv, entitlement_intelligence.csv, la_asset_watch.csv"
2026-08-09,20260809-233153-e892ad29,Centerspace executives outline disposition plans,PRJ-20260809-0100,Office-to-Residential Conversion - Los Angeles / California - L.A. County approves $15M for supportive housing at Metropolitan State Hospital campus,los angeles,Los Angeles,Other / Unknown,Los Angeles,Unknown,Unknown,Apartment,la_entitlement_watch.csv,36,80,address/location + market match,DUP-0100,No,"Matched across 7 source file(s): asset_parcel_intelligence.csv, development_lifecycle.csv, entitlement_intelligence.csv, la_asset_watch.csv"
2026-08-09,20260809-233153-e892ad29,More Texas multifamily loans moved to servicing in late July,PRJ-20260809-0100,Office-to-Residential Conversion - Los Angeles / California - L.A. County approves $15M for supportive housing at Metropolitan State Hospital campus,los angeles,Los Angeles,Other / Unknown,Los Angeles,Unknown,Unknown,Apartment,la_entitlement_watch.csv,36,80,address/location + market match,DUP-0100,No,"Matched across 7 source file(s): asset_parcel_intelligence.csv, development_lifecycle.csv, entitlement_intelligence.csv, la_asset_watch.csv"
2026-08-09,20260809-233153-e892ad29,Entitlement / Permitting - Los Angeles / California - Affordable housing takes shape at 1332 and 1346 N. Fairfax Avenue,PRJ-20260809-0100,Office-to-Residential Conversion - Los Angeles / California - L.A. County approves $15M for supportive housing at Metropolitan State Hospital campus,los angeles,Los Angeles,Other / Unknown,Los Angeles,Unknown,Unknown,Affordable Housing,la_entitlement_watch.csv,36,80,address/location + market match,DUP-0100,No,"Matched across 7 source file(s): asset_parcel_intelligence.csv, development_lifecycle.csv, entitlement_intelligence.csv, la_asset_watch.csv"
2026-08-09,20260809-233153-e892ad29,"Entitlement / Permitting - Other / Unknown - Preliminary Permits Filed For 110 Glenwood Avenue, Atherton",PRJ-20260809-0181,Office-to-Residential Conversion - Other / Unknown - Commonwealth Development Partners Break Ground on $162M Office-to-Residential Multifamily...,unknown,Unknown,Unknown,Unknown,Unknown,Unknown,Apartment,development_lifecycle.csv,28,80,address/location + market match,DUP-0181,No,"Matched across 2 source file(s): development_lifecycle.csv, lifecycle_transition.csv"
2026-08-09,20260809-233153-e892ad29,Office-to-Residential Conversion - Other / Unknown - Commonwealth Development Partners Break Ground on $162M Office-to-Residential Multifamily...,PRJ-20260809-0181,Office-to-Residential Conversion - Other / Unknown - Commonwealth Development Partners Break Ground on $162M Office-to-Residential Multifamily...,unknown,Unknown,Unknown,Unknown,Unknown,Unknown,Office-to-Residential Conversion,development_lifecycle.csv,28,80,address/location + market match,DUP-0181,No,"Matched across 2 source file(s): development_lifecycle.csv, lifecycle_transition.csv"
2026-08-09,20260809-233153-e892ad29,Disposition / Exit - Other / Unknown - Centerspace executives outline disposition plans,PRJ-20260809-0181,Office-to-Residential Conversion - Other / Unknown - Commonwealth Development Partners Break Ground on $162M Office-to-Residential Multifamily...,unknown,Unknown,Unknown,Unknown,Unknown,Unknown,Apartment,development_lifecycle.csv,28,80,address/location + market match,DUP-0181,No,"Matched across 2 source file(s): development_lifecycle.csv, lifecycle_transition.csv"
2026-08-09,20260809-233153-e892ad29,General Project Signal - Other / Unknown - Share of Apartments Built in Buildings with 50+ Units Moves Higher in 2025,PRJ-20260809-0181,Office-to-Residential Conversion - Other / Unknown - Commonwealth Development Partners Break Ground on $162M Office-to-Residential Multifamily...,unknown,Unknown,Unknown,Unknown,Unknown,Unknown,Apartment,development_lifecycle.csv,28,80,address/location + market match,DUP-0181,No,"Matched across 2 source file(s): development_lifecycle.csv, lifecycle_transition.csv"
2026-08-09,20260809-233153-e892ad29,"Disposition / Exit - Other / Unknown - NRP Group Breaks Ground on 336-Unit Apartment Development in Columbus, Ohio",PRJ-20260809-0181,Office-to-Residential Conversion - Other / Unknown - Commonwealth Development Partners Break Ground on $162M Office-to-Residential Multifamily...,unknown,Unknown,Unknown,Unknown,Unknown,Unknown,Apartment,development_lifecycle.csv,28,80,address/location + market match,DUP-0181,No,"Matched across 2 source file(s): development_lifecycle.csv, lifecycle_transition.csv"
2026-08-09,20260809-233153-e892ad29,Disposition / Exit - Other / Unknown - The NRP Group Breaks Ground on 336-Unit Multifamily in Ohio,PRJ-20260809-0181,Office-to-Residential Conversion - Other / Unknown - Commonwealth Development Partners Break Ground on $162M Office-to-Residential Multifamily...,unknown,Unknown,Unknown,Unknown,Unknown,Unknown,Apartment,development_lifecycle.csv,28,80,address/location + market match,DUP-0181,No,"Matched across 2 source file(s): development_lifecycle.csv, lifecycle_transition.csv"
2026-08-09,20260809-233153-e892ad29,General Project Signal - Other / Unknown - Multifamily Absorption Rate Remains Below 50%,PRJ-20260809-0181,Office-to-Residential Conversion - Other / Unknown - Commonwealth Development Partners Break Ground on $162M Office-to-Residential Multifamily...,unknown,Unknown,Unknown,Unknown,Unknown,Unknown,Apartment,development_lifecycle.csv,28,80,address/location + market match,DUP-0181,No,"Matched across 2 source file(s): development_lifecycle.csv, lifecycle_transition.csv"
2026-08-09,20260809-233153-e892ad29,Development Start - Other / Unknown - Missing Middle Weakness,PRJ-20260809-0181,Office-to-Residential Conversion - Other / Unknown - Commonwealth Development Partners Break Ground on $162M Office-to-Residential Multifamily...,unknown,Unknown,Unknown,Unknown,Unknown,Unknown,Apartment,development_lifecycle.csv,28,80,address/location + market match,DUP-0181,No,"Matched across 2 source file(s): development_lifecycle.csv, lifecycle_transition.csv"
2026-08-09,20260809-233153-e892ad29,General Project Signal - Other / Unknown - 2026 Resident Experience Management Report,PRJ-20260809-0181,Office-to-Residential Conversion - Other / Unknown - Commonwealth Development Partners Break Ground on $162M Office-to-Residential Multifamily...,unknown,Unknown,Unknown,Unknown,Unknown,Unknown,Multifamily,development_lifecycle.csv,28,80,address/location + market match,DUP-0181,No,"Matched across 2 source file(s): development_lifecycle.csv, lifecycle_transition.csv"
2026-08-09,20260809-233153-e892ad29,Development Start - Other / Unknown - First Quarter 2026 Multifamily Construction Data,PRJ-20260809-0181,Office-to-Residential Conversion - Other / Unknown - Commonwealth Development Partners Break Ground on $162M Office-to-Residential Multifamily...,unknown,Unknown,Unknown,Unknown,Unknown,Unknown,Multifamily,development_lifecycle.csv,28,80,address/location + market match,DUP-0181,No,"Matched across 2 source file(s): development_lifecycle.csv, lifecycle_transition.csv"
2026-08-09,20260809-233153-e892ad29,Development Start - Other / Unknown - Fourth Quarter 2025 Multifamily Construction Data,PRJ-20260809-0181,Office-to-Residential Conversion - Other / Unknown - Commonwealth Development Partners Break Ground on $162M Office-to-Residential Multifamily...,unknown,Unknown,Unknown,Unknown,Unknown,Unknown,Multifamily,development_lifecycle.csv,28,80,address/location + market match,DUP-0181,No,"Matched across 2 source file(s): development_lifecycle.csv, lifecycle_transition.csv"
2026-08-09,20260809-233153-e892ad29,Development Start - Other / Unknown - Overall Housing Starts Inch Lower in 2025,PRJ-20260809-0181,Office-to-Residential Conversion - Other / Unknown - Commonwealth Development Partners Break Ground on $162M Office-to-Residential Multifamily...,unknown,Unknown,Unknown,Unknown,Unknown,Unknown,Multifamily,development_lifecycle.csv,28,80,address/location + market match,DUP-0181,No,"Matched across 2 source file(s): development_lifecycle.csv, lifecycle_transition.csv"
2026-08-09,20260809-233153-e892ad29,Development Start - Other / Unknown - Third Quarter 2025 Multifamily Construction Data,PRJ-20260809-0181,Office-to-Residential Conversion - Other / Unknown - Commonwealth Development Partners Break Ground on $162M Office-to-Residential Multifamily...,unknown,Unknown,Unknown,Unknown,Unknown,Unknown,Multifamily,development_lifecycle.csv,28,80,address/location + market match,DUP-0181,No,"Matched across 2 source file(s): development_lifecycle.csv, lifecycle_transition.csv"
2026-08-09,20260809-233153-e892ad29,Disposition / Exit - Other / Unknown - NAHB HBGI: Micro Markets Lone Bright Spot for Single-Family Building in Fourth Quarter,PRJ-20260809-0181,Office-to-Residential Conversion - Other / Unknown - Commonwealth Development Partners Break Ground on $162M Office-to-Residential Multifamily...,unknown,Unknown,Unknown,Unknown,Unknown,Unknown,Multifamily,development_lifecycle.csv,28,80,address/location + market match,DUP-0181,No,"Matched across 2 source file(s): development_lifecycle.csv, lifecycle_transition.csv"
2026-08-09,20260809-233153-e892ad29,Office-to-Residential Conversion - Other / Unknown - Commonwealth Development Partners Break Ground on $162M Office-to-Residential Multifamily...,PRJ-20260809-0181,Office-to-Residential Conversion - Other / Unknown - Commonwealth Development Partners Break Ground on $162M Office-to-Residential Multifamily...,unknown,Unknown,Unknown,Unknown,Unknown,Unknown,Office-to-Residential Conversion,lifecycle_transition.csv,28,80,address/location + market match,DUP-0181,No,"Matched across 2 source file(s): development_lifecycle.csv, lifecycle_transition.csv"
2026-08-09,20260809-233153-e892ad29,General Project Signal - Other / Unknown - Multifamily Absorption Rate Remains Below 50%,PRJ-20260809-0181,Office-to-Residential Conversion - Other / Unknown - Commonwealth Development Partners Break Ground on $162M Office-to-Residential Multifamily...,unknown,Unknown,Unknown,Unknown,Unknown,Unknown,Apartment,lifecycle_transition.csv,28,80,address/location + market match,DUP-0181,No,"Matched across 2 source file(s): development_lifecycle.csv, lifecycle_transition.csv"
2026-08-09,20260809-233153-e892ad29,"Entitlement / Permitting - Other / Unknown - Preliminary Permits Filed For 110 Glenwood Avenue, Atherton",PRJ-20260809-0181,Office-to-Residential Conversion - Other / Unknown - Commonwealth Development Partners Break Ground on $162M Office-to-Residential Multifamily...,unknown,Unknown,Unknown,Unknown,Unknown,Unknown,Apartment,lifecycle_transition.csv,28,80,address/location + market match,DUP-0181,No,"Matched across 2 source file(s): development_lifecycle.csv, lifecycle_transition.csv"
2026-08-09,20260809-233153-e892ad29,Disposition / Exit - Other / Unknown - Centerspace executives outline disposition plans,PRJ-20260809-0181,Office-to-Residential Conversion - Other / Unknown - Commonwealth Development Partners Break Ground on $162M Office-to-Residential Multifamily...,unknown,Unknown,Unknown,Unknown,Unknown,Unknown,Apartment,lifecycle_transition.csv,28,80,address/location + market match,DUP-0181,No,"Matched across 2 source file(s): development_lifecycle.csv, lifecycle_transition.csv"
2026-08-09,20260809-233153-e892ad29,"Disposition / Exit - Other / Unknown - NRP Group Breaks Ground on 336-Unit Apartment Development in Columbus, Ohio",PRJ-20260809-0181,Office-to-Residential Conversion - Other / Unknown - Commonwealth Development Partners Break Ground on $162M Office-to-Residential Multifamily...,unknown,Unknown,Unknown,Unknown,Unknown,Unknown,Apartment,lifecycle_transition.csv,28,80,address/location + market match,DUP-0181,No,"Matched across 2 source file(s): development_lifecycle.csv, lifecycle_transition.csv"
2026-08-09,20260809-233153-e892ad29,General Project Signal - Other / Unknown - Share of Apartments Built in Buildings with 50+ Units Moves Higher in 2025,PRJ-20260809-0181,Office-to-Residential Conversion - Other / Unknown - Commonwealth Development Partners Break Ground on $162M Office-to-Residential Multifamily...,unknown,Unknown,Unknown,Unknown,Unknown,Unknown,Apartment,lifecycle_transition.csv,28,80,address/location + market match,DUP-0181,No,"Matched across 2 source file(s): development_lifecycle.csv, lifecycle_transition.csv"
2026-08-09,20260809-233153-e892ad29,Disposition / Exit - Other / Unknown - The NRP Group Breaks Ground on 336-Unit Multifamily in Ohio,PRJ-20260809-0181,Office-to-Residential Conversion - Other / Unknown - Commonwealth Development Partners Break Ground on $162M Office-to-Residential Multifamily...,unknown,Unknown,Unknown,Unknown,Unknown,Unknown,Apartment,lifecycle_transition.csv,28,80,address/location + market match,DUP-0181,No,"Matched across 2 source file(s): development_lifecycle.csv, lifecycle_transition.csv"
2026-08-09,20260809-233153-e892ad29,Development Start - Other / Unknown - First Quarter 2026 Multifamily Construction Data,PRJ-20260809-0181,Office-to-Residential Conversion - Other / Unknown - Commonwealth Development Partners Break Ground on $162M Office-to-Residential Multifamily...,unknown,Unknown,Unknown,Unknown,Unknown,Unknown,Multifamily,lifecycle_transition.csv,28,80,address/location + market match,DUP-0181,No,"Matched across 2 source file(s): development_lifecycle.csv, lifecycle_transition.csv"
2026-08-09,20260809-233153-e892ad29,Development Start - Other / Unknown - Fourth Quarter 2025 Multifamily Construction Data,PRJ-20260809-0181,Office-to-Residential Conversion - Other / Unknown - Commonwealth Development Partners Break Ground on $162M Office-to-Residential Multifamily...,unknown,Unknown,Unknown,Unknown,Unknown,Unknown,Multifamily,lifecycle_transition.csv,28,80,address/location + market match,DUP-0181,No,"Matched across 2 source file(s): development_lifecycle.csv, lifecycle_transition.csv"
2026-08-09,20260809-233153-e892ad29,Development Start - Other / Unknown - Missing Middle Weakness,PRJ-20260809-0181,Office-to-Residential Conversion - Other / Unknown - Commonwealth Development Partners Break Ground on $162M Office-to-Residential Multifamily...,unknown,Unknown,Unknown,Unknown,Unknown,Unknown,Apartment,lifecycle_transition.csv,28,80,address/location + market match,DUP-0181,No,"Matched across 2 source file(s): development_lifecycle.csv, lifecycle_transition.csv"
2026-08-09,20260809-233153-e892ad29,Development Start - Other / Unknown - Overall Housing Starts Inch Lower in 2025,PRJ-20260809-0181,Office-to-Residential Conversion - Other / Unknown - Commonwealth Development Partners Break Ground on $162M Office-to-Residential Multifamily...,unknown,Unknown,Unknown,Unknown,Unknown,Unknown,Multifamily,lifecycle_transition.csv,28,80,address/location + market match,DUP-0181,No,"Matched across 2 source file(s): development_lifecycle.csv, lifecycle_transition.csv"
2026-08-09,20260809-233153-e892ad29,Development Start - Other / Unknown - Third Quarter 2025 Multifamily Construction Data,PRJ-20260809-0181,Office-to-Residential Conversion - Other / Unknown - Commonwealth Development Partners Break Ground on $162M Office-to-Residential Multifamily...,unknown,Unknown,Unknown,Unknown,Unknown,Unknown,Multifamily,lifecycle_transition.csv,28,80,address/location + market match,DUP-0181,No,"Matched across 2 source file(s): development_lifecycle.csv, lifecycle_transition.csv"
2026-08-09,20260809-233153-e892ad29,General Project Signal - Other / Unknown - 2026 Resident Experience Management Report,PRJ-20260809-0181,Office-to-Residential Conversion - Other / Unknown - Commonwealth Development Partners Break Ground on $162M Office-to-Residential Multifamily...,unknown,Unknown,Unknown,Unknown,Unknown,Unknown,Multifamily,lifecycle_transition.csv,28,80,address/location + market match,DUP-0181,No,"Matched across 2 source file(s): development_lifecycle.csv, lifecycle_transition.csv"
2026-08-09,20260809-233153-e892ad29,Disposition / Exit - Other / Unknown - NAHB HBGI: Micro Markets Lone Bright Spot for Single-Family Building in Fourth Quarter,PRJ-20260809-0181,Office-to-Residential Conversion - Other / Unknown - Commonwealth Development Partners Break Ground on $162M Office-to-Residential Multifamily...,unknown,Unknown,Unknown,Unknown,Unknown,Unknown,Multifamily,lifecycle_transition.csv,28,80,address/location + market match,DUP-0181,No,"Matched across 2 source file(s): development_lifecycle.csv, lifecycle_transition.csv"
2026-08-09,20260809-233153-e892ad29,Refinancing - Atlanta / Georgia - Brook Farm Group Lands $73M Refinance of Luxury Multifamily Development Sinclair at Callaw...,PRJ-20260809-0056,Construction Financing - Atlanta / Georgia - Developer Duo Obtains Construction Financing for $147M Atlanta Student Housing Project,atlanta,Atlanta,Unknown,Atlanta,Unknown,Unknown,Multifamily,asset_parcel_intelligence.csv,18,80,address/location + market match,DUP-0056,No,"Matched across 3 source file(s): asset_parcel_intelligence.csv, development_lifecycle.csv, lifecycle_transition.csv"
2026-08-09,20260809-233153-e892ad29,General Project Signal - Atlanta / Georgia - Atlanta Beltline Advancing 218-Unit Affordable Apartment Project,PRJ-20260809-0056,Construction Financing - Atlanta / Georgia - Developer Duo Obtains Construction Financing for $147M Atlanta Student Housing Project,atlanta,Atlanta,Unknown,Atlanta,Unknown,Unknown,Apartment,asset_parcel_intelligence.csv,18,80,address/location + market match,DUP-0056,No,"Matched across 3 source file(s): asset_parcel_intelligence.csv, development_lifecycle.csv, lifecycle_transition.csv"
2026-08-09,20260809-233153-e892ad29,JV / Partnership - Atlanta / Georgia - Mesirow Pays $132M for Midtown Atlanta Apartment Community,PRJ-20260809-0056,Construction Financing - Atlanta / Georgia - Developer Duo Obtains Construction Financing for $147M Atlanta Student Housing Project,atlanta,Atlanta,Unknown,Atlanta,Unknown,Unknown,Apartment,asset_parcel_intelligence.csv,18,80,address/location + market match,DUP-0056,No,"Matched across 3 source file(s): asset_parcel_intelligence.csv, development_lifecycle.csv, lifecycle_transition.csv"
2026-08-09,20260809-233153-e892ad29,Acquisition - Atlanta / Georgia - Matt Ferrari’s PXV Multifamily makes first acquisition for $29.5M,PRJ-20260809-0056,Construction Financing - Atlanta / Georgia - Developer Duo Obtains Construction Financing for $147M Atlanta Student Housing Project,atlanta,Atlanta,Unknown,Atlanta,Unknown,Unknown,Multifamily,asset_parcel_intelligence.csv,18,80,address/location + market match,DUP-0056,No,"Matched across 3 source file(s): asset_parcel_intelligence.csv, development_lifecycle.csv, lifecycle_transition.csv"
2026-08-09,20260809-233153-e892ad29,Construction Financing - Atlanta / Georgia - Developer Duo Obtains Construction Financing for $147M Atlanta Student Housing Project,PRJ-20260809-0056,Construction Financing - Atlanta / Georgia - Developer Duo Obtains Construction Financing for $147M Atlanta Student Housing Project,atlanta,Atlanta,Unknown,Atlanta,Unknown,Unknown,Student Housing,asset_parcel_intelligence.csv,18,80,address/location + market match,DUP-0056,No,"Matched across 3 source file(s): asset_parcel_intelligence.csv, development_lifecycle.csv, lifecycle_transition.csv"
2026-08-09,20260809-233153-e892ad29,Acquisition - Atlanta / Georgia - Lion Real Estate Picks Up Atlanta Apartments for $51M,PRJ-20260809-0056,Construction Financing - Atlanta / Georgia - Developer Duo Obtains Construction Financing for $147M Atlanta Student Housing Project,atlanta,Atlanta,Unknown,Atlanta,Unknown,Unknown,Apartment,asset_parcel_intelligence.csv,18,80,address/location + market match,DUP-0056,No,"Matched across 3 source file(s): asset_parcel_intelligence.csv, development_lifecycle.csv, lifecycle_transition.csv"
2026-08-09,20260809-233153-e892ad29,Refinancing - Atlanta / Georgia - Brook Farm Group Lands $73M Refinance of Luxury Multifamily Development Sinclair at Callaw...,PRJ-20260809-0056,Construction Financing - Atlanta / Georgia - Developer Duo Obtains Construction Financing for $147M Atlanta Student Housing Project,atlanta,Atlanta,Unknown,Atlanta,Unknown,Unknown,Multifamily,development_lifecycle.csv,18,80,address/location + market match,DUP-0056,No,"Matched across 3 source file(s): asset_parcel_intelligence.csv, development_lifecycle.csv, lifecycle_transition.csv"
2026-08-09,20260809-233153-e892ad29,General Project Signal - Atlanta / Georgia - Atlanta Beltline Advancing 218-Unit Affordable Apartment Project,PRJ-20260809-0056,Construction Financing - Atlanta / Georgia - Developer Duo Obtains Construction Financing for $147M Atlanta Student Housing Project,atlanta,Atlanta,Unknown,Atlanta,Unknown,Unknown,Apartment,development_lifecycle.csv,18,80,address/location + market match,DUP-0056,No,"Matched across 3 source file(s): asset_parcel_intelligence.csv, development_lifecycle.csv, lifecycle_transition.csv"
2026-08-09,20260809-233153-e892ad29,JV / Partnership - Atlanta / Georgia - Mesirow Pays $132M for Midtown Atlanta Apartment Community,PRJ-20260809-0056,Construction Financing - Atlanta / Georgia - Developer Duo Obtains Construction Financing for $147M Atlanta Student Housing Project,atlanta,Atlanta,Unknown,Atlanta,Unknown,Unknown,Apartment,development_lifecycle.csv,18,80,address/location + market match,DUP-0056,No,"Matched across 3 source file(s): asset_parcel_intelligence.csv, development_lifecycle.csv, lifecycle_transition.csv"
2026-08-09,20260809-233153-e892ad29,Acquisition - Atlanta / Georgia - Matt Ferrari’s PXV Multifamily makes first acquisition for $29.5M,PRJ-20260809-0056,Construction Financing - Atlanta / Georgia - Developer Duo Obtains Construction Financing for $147M Atlanta Student Housing Project,atlanta,Atlanta,Unknown,Atlanta,Unknown,Unknown,Multifamily,development_lifecycle.csv,18,80,address/location + market match,DUP-0056,No,"Matched across 3 source file(s): asset_parcel_intelligence.csv, development_lifecycle.csv, lifecycle_transition.csv"
2026-08-09,20260809-233153-e892ad29,Construction Financing - Atlanta / Georgia - Developer Duo Obtains Construction Financing for $147M Atlanta Student Housing Project,PRJ-20260809-0056,Construction Financing - Atlanta / Georgia - Developer Duo Obtains Construction Financing for $147M Atlanta Student Housing Project,atlanta,Atlanta,Unknown,Atlanta,Unknown,Unknown,Student Housing,development_lifecycle.csv,18,80,address/location + market match,DUP-0056,No,"Matched across 3 source file(s): asset_parcel_intelligence.csv, development_lifecycle.csv, lifecycle_transition.csv"
2026-08-09,20260809-233153-e892ad29,Acquisition - Atlanta / Georgia - Lion Real Estate Picks Up Atlanta Apartments for $51M,PRJ-20260809-0056,Construction Financing - Atlanta / Georgia - Developer Duo Obtains Construction Financing for $147M Atlanta Student Housing Project,atlanta,Atlanta,Unknown,Atlanta,Unknown,Unknown,Apartment,development_lifecycle.csv,18,80,address/location + market match,DUP-0056,No,"Matched across 3 source file(s): asset_parcel_intelligence.csv, development_lifecycle.csv, lifecycle_transition.csv"
2026-08-09,20260809-233153-e892ad29,Refinancing - Atlanta / Georgia - Brook Farm Group Lands $73M Refinance of Luxury Multifamily Development Sinclair at Callaw...,PRJ-20260809-0056,Construction Financing - Atlanta / Georgia - Developer Duo Obtains Construction Financing for $147M Atlanta Student Housing Project,atlanta,Atlanta,Unknown,Atlanta,Unknown,Unknown,Multifamily,lifecycle_transition.csv,18,80,address/location + market match,DUP-0056,No,"Matched across 3 source file(s): asset_parcel_intelligence.csv, development_lifecycle.csv, lifecycle_transition.csv"
2026-08-09,20260809-233153-e892ad29,Acquisition - Atlanta / Georgia - Matt Ferrari’s PXV Multifamily makes first acquisition for $29.5M,PRJ-20260809-0056,Construction Financing - Atlanta / Georgia - Developer Duo Obtains Construction Financing for $147M Atlanta Student Housing Project,atlanta,Atlanta,Unknown,Atlanta,Unknown,Unknown,Multifamily,lifecycle_transition.csv,18,80,address/location + market match,DUP-0056,No,"Matched across 3 source file(s): asset_parcel_intelligence.csv, development_lifecycle.csv, lifecycle_transition.csv"
2026-08-09,20260809-233153-e892ad29,General Project Signal - Atlanta / Georgia - Atlanta Beltline Advancing 218-Unit Affordable Apartment Project,PRJ-20260809-0056,Construction Financing - Atlanta / Georgia - Developer Duo Obtains Construction Financing for $147M Atlanta Student Housing Project,atlanta,Atlanta,Unknown,Atlanta,Unknown,Unknown,Apartment,lifecycle_transition.csv,18,80,address/location + market match,DUP-0056,No,"Matched across 3 source file(s): asset_parcel_intelligence.csv, development_lifecycle.csv, lifecycle_transition.csv"
2026-08-09,20260809-233153-e892ad29,JV / Partnership - Atlanta / Georgia - Mesirow Pays $132M for Midtown Atlanta Apartment Community,PRJ-20260809-0056,Construction Financing - Atlanta / Georgia - Developer Duo Obtains Construction Financing for $147M Atlanta Student Housing Project,atlanta,Atlanta,Unknown,Atlanta,Unknown,Unknown,Apartment,lifecycle_transition.csv,18,80,address/location + market match,DUP-0056,No,"Matched across 3 source file(s): asset_parcel_intelligence.csv, development_lifecycle.csv, lifecycle_transition.csv"
2026-08-09,20260809-233153-e892ad29,Construction Financing - Atlanta / Georgia - Developer Duo Obtains Construction Financing for $147M Atlanta Student Housing Project,PRJ-20260809-0056,Construction Financing - Atlanta / Georgia - Developer Duo Obtains Construction Financing for $147M Atlanta Student Housing Project,atlanta,Atlanta,Unknown,Atlanta,Unknown,Unknown,Student Housing,lifecycle_transition.csv,18,80,address/location + market match,DUP-0056,No,"Matched across 3 source file(s): asset_parcel_intelligence.csv, development_lifecycle.csv, lifecycle_transition.csv"
2026-08-09,20260809-233153-e892ad29,Acquisition - Atlanta / Georgia - Lion Real Estate Picks Up Atlanta Apartments for $51M,PRJ-20260809-0056,Construction Financing - Atlanta / Georgia - Developer Duo Obtains Construction Financing for $147M Atlanta Student Housing Project,atlanta,Atlanta,Unknown,Atlanta,Unknown,Unknown,Apartment,lifecycle_transition.csv,18,80,address/location + market match,DUP-0056,No,"Matched across 3 source file(s): asset_parcel_intelligence.csv, development_lifecycle.csv, lifecycle_transition.csv"
2026-08-09,20260809-233153-e892ad29,Construction Financing - Miami / Florida - Affiliated Closes Financing on Mixed-Income Fort Lauderdale Apartment Project,PRJ-20260809-0114,Construction Financing - Miami / Florida - Affiliated Closes Financing on Mixed-Income Fort Lauderdale Apartment Project,miami florida,Miami / Florida,Miami / Florida,Unknown,Unknown,Unknown,Affordable Housing,deal_fingerprints.csv,18,80,address/location + market match,DUP-0114,No,"Matched across 3 source file(s): deal_fingerprints.csv, distress_watchlist.csv, opportunity_radar.csv"
2026-08-09,20260809-233153-e892ad29,Acquisition - Miami / Florida - Barry Sternlicht’s Starwood Buys Two Miami Affordable Housing Rentals,PRJ-20260809-0114,Construction Financing - Miami / Florida - Affiliated Closes Financing on Mixed-Income Fort Lauderdale Apartment Project,miami florida,Miami / Florida,Miami / Florida,Unknown,Unknown,Unknown,Affordable Housing,deal_fingerprints.csv,18,80,address/location + market match,DUP-0114,No,"Matched across 3 source file(s): deal_fingerprints.csv, distress_watchlist.csv, opportunity_radar.csv"
2026-08-09,20260809-233153-e892ad29,Construction Financing - Miami / Florida - Arrow Arranges $85M Construction Loan for Miami Condo Project,PRJ-20260809-0114,Construction Financing - Miami / Florida - Affiliated Closes Financing on Mixed-Income Fort Lauderdale Apartment Project,miami florida,Miami / Florida,Miami / Florida,Unknown,Unknown,Unknown,Apartment,deal_fingerprints.csv,18,80,address/location + market match,DUP-0114,No,"Matched across 3 source file(s): deal_fingerprints.csv, distress_watchlist.csv, opportunity_radar.csv"
2026-08-09,20260809-233153-e892ad29,"Disposition / Exit - Miami / Florida - W. Palm Beach Investor Buys Condo Property, Converting to Apartment Units",PRJ-20260809-0114,Construction Financing - Miami / Florida - Affiliated Closes Financing on Mixed-Income Fort Lauderdale Apartment Project,miami florida,Miami / Florida,Miami / Florida,Unknown,Unknown,Unknown,Apartment,deal_fingerprints.csv,18,80,address/location + market match,DUP-0114,No,"Matched across 3 source file(s): deal_fingerprints.csv, distress_watchlist.csv, opportunity_radar.csv"
2026-08-09,20260809-233153-e892ad29,Refinancing - Miami / Florida - Baron Property Group Closes on $226.5M Refi for Hialeah Apartment Community,PRJ-20260809-0114,Construction Financing - Miami / Florida - Affiliated Closes Financing on Mixed-Income Fort Lauderdale Apartment Project,miami florida,Miami / Florida,Miami / Florida,Unknown,Unknown,Unknown,Mixed-Use Residential,deal_fingerprints.csv,18,80,address/location + market match,DUP-0114,No,"Matched across 3 source file(s): deal_fingerprints.csv, distress_watchlist.csv, opportunity_radar.csv"
2026-08-09,20260809-233153-e892ad29,Refinancing - Miami / Florida - Stewards Inks $79M Refi of Hollywood Rental Asset,PRJ-20260809-0114,Construction Financing - Miami / Florida - Affiliated Closes Financing on Mixed-Income Fort Lauderdale Apartment Project,miami florida,Miami / Florida,Miami / Florida,Unknown,Unknown,Unknown,Apartment,deal_fingerprints.csv,18,80,address/location + market match,DUP-0114,No,"Matched across 3 source file(s): deal_fingerprints.csv, distress_watchlist.csv, opportunity_radar.csv"
2026-08-09,20260809-233153-e892ad29,Refinancing - Miami / Florida - Valley National Bank Provides $30M Value-Add Refi for Park Towers in Miami,PRJ-20260809-0114,Construction Financing - Miami / Florida - Affiliated Closes Financing on Mixed-Income Fort Lauderdale Apartment Project,miami florida,Miami / Florida,Miami / Florida,Unknown,Unknown,Unknown,Multifamily,deal_fingerprints.csv,18,80,address/location + market match,DUP-0114,No,"Matched across 3 source file(s): deal_fingerprints.csv, distress_watchlist.csv, opportunity_radar.csv"
2026-08-09,20260809-233153-e892ad29,Construction Financing - Miami / Florida - Arrow Arranges $85M Construction Loan for Miami Condo Project,PRJ-20260809-0114,Construction Financing - Miami / Florida - Affiliated Closes Financing on Mixed-Income Fort Lauderdale Apartment Project,miami florida,Miami / Florida,Miami / Florida,Unknown,Unknown,Unknown,Apartment,opportunity_radar.csv,18,80,address/location + market match,DUP-0114,No,"Matched across 3 source file(s): deal_fingerprints.csv, distress_watchlist.csv, opportunity_radar.csv"
2026-08-09,20260809-233153-e892ad29,Construction Financing - Miami / Florida - Affiliated Closes Financing on Mixed-Income Fort Lauderdale Apartment Project,PRJ-20260809-0114,Construction Financing - Miami / Florida - Affiliated Closes Financing on Mixed-Income Fort Lauderdale Apartment Project,miami florida,Miami / Florida,Miami / Florida,Unknown,Unknown,Unknown,Affordable Housing,opportunity_radar.csv,18,80,address/location + market match,DUP-0114,No,"Matched across 3 source file(s): deal_fingerprints.csv, distress_watchlist.csv, opportunity_radar.csv"
2026-08-09,20260809-233153-e892ad29,Refinancing - Miami / Florida - Baron Property Group Closes on $226.5M Refi for Hialeah Apartment Community,PRJ-20260809-0114,Construction Financing - Miami / Florida - Affiliated Closes Financing on Mixed-Income Fort Lauderdale Apartment Project,miami florida,Miami / Florida,Miami / Florida,Unknown,Unknown,Unknown,Mixed-Use Residential,opportunity_radar.csv,18,80,address/location + market match,DUP-0114,No,"Matched across 3 source file(s): deal_fingerprints.csv, distress_watchlist.csv, opportunity_radar.csv"
2026-08-09,20260809-233153-e892ad29,Acquisition - Miami / Florida - Barry Sternlicht’s Starwood Buys Two Miami Affordable Housing Rentals,PRJ-20260809-0114,Construction Financing - Miami / Florida - Affiliated Closes Financing on Mixed-Income Fort Lauderdale Apartment Project,miami florida,Miami / Florida,Miami / Florida,Unknown,Unknown,Unknown,Affordable Housing,opportunity_radar.csv,18,80,address/location + market match,DUP-0114,No,"Matched across 3 source file(s): deal_fingerprints.csv, distress_watchlist.csv, opportunity_radar.csv"
2026-08-09,20260809-233153-e892ad29,Refinancing - Miami / Florida - Stewards Inks $79M Refi of Hollywood Rental Asset,PRJ-20260809-0114,Construction Financing - Miami / Florida - Affiliated Closes Financing on Mixed-Income Fort Lauderdale Apartment Project,miami florida,Miami / Florida,Miami / Florida,Unknown,Unknown,Unknown,Apartment,opportunity_radar.csv,18,80,address/location + market match,DUP-0114,No,"Matched across 3 source file(s): deal_fingerprints.csv, distress_watchlist.csv, opportunity_radar.csv"
2026-08-09,20260809-233153-e892ad29,Refinancing - Miami / Florida - Valley National Bank Provides $30M Value-Add Refi for Park Towers in Miami,PRJ-20260809-0114,Construction Financing - Miami / Florida - Affiliated Closes Financing on Mixed-Income Fort Lauderdale Apartment Project,miami florida,Miami / Florida,Miami / Florida,Unknown,Unknown,Unknown,Multifamily,opportunity_radar.csv,18,80,address/location + market match,DUP-0114,No,"Matched across 3 source file(s): deal_fingerprints.csv, distress_watchlist.csv, opportunity_radar.csv"
2026-08-09,20260809-233153-e892ad29,Construction Financing - Miami / Florida - Affiliated Closes Financing on Mixed-Income Fort Lauderdale Apartment Project,PRJ-20260809-0114,Construction Financing - Miami / Florida - Affiliated Closes Financing on Mixed-Income Fort Lauderdale Apartment Project,miami florida,Miami / Florida,Miami / Florida,Unknown,Unknown,Unknown,Affordable Housing,distress_watchlist.csv,18,80,address/location + market match,DUP-0114,No,"Matched across 3 source file(s): deal_fingerprints.csv, distress_watchlist.csv, opportunity_radar.csv"
2026-08-09,20260809-233153-e892ad29,Construction Financing - Miami / Florida - Arrow Arranges $85M Construction Loan for Miami Condo Project,PRJ-20260809-0114,Construction Financing - Miami / Florida - Affiliated Closes Financing on Mixed-Income Fort Lauderdale Apartment Project,miami florida,Miami / Florida,Miami / Florida,Unknown,Unknown,Unknown,Apartment,distress_watchlist.csv,18,80,address/location + market match,DUP-0114,No,"Matched across 3 source file(s): deal_fingerprints.csv, distress_watchlist.csv, opportunity_radar.csv"
2026-08-09,20260809-233153-e892ad29,Refinancing - Miami / Florida - Baron Property Group Closes on $226.5M Refi for Hialeah Apartment Community,PRJ-20260809-0114,Construction Financing - Miami / Florida - Affiliated Closes Financing on Mixed-Income Fort Lauderdale Apartment Project,miami florida,Miami / Florida,Miami / Florida,Unknown,Unknown,Unknown,Mixed-Use Residential,distress_watchlist.csv,18,80,address/location + market match,DUP-0114,No,"Matched across 3 source file(s): deal_fingerprints.csv, distress_watchlist.csv, opportunity_radar.csv"
2026-08-09,20260809-233153-e892ad29,Refinancing - Miami / Florida - Stewards Inks $79M Refi of Hollywood Rental Asset,PRJ-20260809-0114,Construction Financing - Miami / Florida - Affiliated Closes Financing on Mixed-Income Fort Lauderdale Apartment Project,miami florida,Miami / Florida,Miami / Florida,Unknown,Unknown,Unknown,Apartment,distress_watchlist.csv,18,80,address/location + market match,DUP-0114,No,"Matched across 3 source file(s): deal_fingerprints.csv, distress_watchlist.csv, opportunity_radar.csv"
2026-08-09,20260809-233153-e892ad29,Refinancing - Miami / Florida - Valley National Bank Provides $30M Value-Add Refi for Park Towers in Miami,PRJ-20260809-0114,Construction Financing - Miami / Florida - Affiliated Closes Financing on Mixed-Income Fort Lauderdale Apartment Project,miami florida,Miami / Florida,Miami / Florida,Unknown,Unknown,Unknown,Multifamily,distress_watchlist.csv,18,80,address/location + market match,DUP-0114,No,"Matched across 3 source file(s): deal_fingerprints.csv, distress_watchlist.csv, opportunity_radar.csv"
2026-08-09,20260809-233153-e892ad29,Refinancing - California - Greystone Provides $106M Freddie Mac Refi on Two El Cajon Properties,PRJ-20260809-0062,Refinancing - California - Greystone Provides $106M Freddie Mac Refi on Two El Cajon Properties,california,California,California,California,Greystone,Freddie Mac,Apartment,asset_parcel_intelligence.csv,17,100,exact address + developer match,DUP-0062,No,"Matched across 10 source file(s): asset_parcel_intelligence.csv, deal_fingerprints.csv, deal_pipeline.csv, development_lifecycle.csv"
2026-08-09,20260809-233153-e892ad29,Greystone Provides $106M Freddie Mac Refi on Two El Cajon Properties,PRJ-20260809-0062,Refinancing - California - Greystone Provides $106M Freddie Mac Refi on Two El Cajon Properties,california,California,California,Unknown,Greystone,Unknown,Apartment,asset_parcel_intelligence.csv,17,100,exact address + developer match,DUP-0062,No,"Matched across 10 source file(s): asset_parcel_intelligence.csv, deal_fingerprints.csv, deal_pipeline.csv, development_lifecycle.csv"
2026-08-09,20260809-233153-e892ad29,Greystone Provides $106M Freddie Mac Refi on Two El Cajon Properties,PRJ-20260809-0062,Refinancing - California - Greystone Provides $106M Freddie Mac Refi on Two El Cajon Properties,california,California,Other / Unknown,Los Angeles,Greystone,Unknown,Apartment,la_asset_watch.csv,17,100,exact address + developer match,DUP-0062,No,"Matched across 10 source file(s): asset_parcel_intelligence.csv, deal_fingerprints.csv, deal_pipeline.csv, development_lifecycle.csv"
2026-08-09,20260809-233153-e892ad29,Greystone Provides $106M Freddie Mac Refi on Two El Cajon Properties,PRJ-20260809-0062,Refinancing - California - Greystone Provides $106M Freddie Mac Refi on Two El Cajon Properties,california,California,Other / Unknown,Los Angeles,Greystone,Unknown,Apartment,la_asset_watch.csv,17,100,exact address + developer match,DUP-0062,No,"Matched across 10 source file(s): asset_parcel_intelligence.csv, deal_fingerprints.csv, deal_pipeline.csv, development_lifecycle.csv"
2026-08-09,20260809-233153-e892ad29,Refinancing - California - Greystone Provides $106M Freddie Mac Refi on Two El Cajon Properties,PRJ-20260809-0062,Refinancing - California - Greystone Provides $106M Freddie Mac Refi on Two El Cajon Properties,california,California,California,Unknown,Greystone,Unknown,Apartment,deal_fingerprints.csv,17,100,exact address + developer match,DUP-0062,No,"Matched across 10 source file(s): asset_parcel_intelligence.csv, deal_fingerprints.csv, deal_pipeline.csv, development_lifecycle.csv"
2026-08-09,20260809-233153-e892ad29,Refinancing - California - Greystone Provides $106M Freddie Mac Refi on Two El Cajon Properties,PRJ-20260809-0062,Refinancing - California - Greystone Provides $106M Freddie Mac Refi on Two El Cajon Properties,california,California,California,California,Greystone,freddie mac,Apartment,deal_pipeline.csv,17,100,exact address + developer match,DUP-0062,No,"Matched across 10 source file(s): asset_parcel_intelligence.csv, deal_fingerprints.csv, deal_pipeline.csv, development_lifecycle.csv"
2026-08-09,20260809-233153-e892ad29,Refinancing - California - Greystone Provides $106M Freddie Mac Refi on Two El Cajon Properties,PRJ-20260809-0062,Refinancing - California - Greystone Provides $106M Freddie Mac Refi on Two El Cajon Properties,california,California,California,California,Greystone,Freddie Mac,Apartment,development_lifecycle.csv,17,100,exact address + developer match,DUP-0062,No,"Matched across 10 source file(s): asset_parcel_intelligence.csv, deal_fingerprints.csv, deal_pipeline.csv, development_lifecycle.csv"
2026-08-09,20260809-233153-e892ad29,Greystone Provides $106M Freddie Mac Refi on Two El Cajon Properties,PRJ-20260809-0062,Refinancing - California - Greystone Provides $106M Freddie Mac Refi on Two El Cajon Properties,california,California,California,Unknown,Greystone,Unknown,Apartment,development_lifecycle.csv,17,100,exact address + developer match,DUP-0062,No,"Matched across 10 source file(s): asset_parcel_intelligence.csv, deal_fingerprints.csv, deal_pipeline.csv, development_lifecycle.csv"
2026-08-09,20260809-233153-e892ad29,Refinancing - California - Greystone Provides $106M Freddie Mac Refi on Two El Cajon Properties,PRJ-20260809-0062,Refinancing - California - Greystone Provides $106M Freddie Mac Refi on Two El Cajon Properties,california,California,California,California,Greystone,Unknown,Apartment,lifecycle_transition.csv,17,100,exact address + developer match,DUP-0062,No,"Matched across 10 source file(s): asset_parcel_intelligence.csv, deal_fingerprints.csv, deal_pipeline.csv, development_lifecycle.csv"
2026-08-09,20260809-233153-e892ad29,Greystone Provides $106M Freddie Mac Refi on Two El Cajon Properties,PRJ-20260809-0062,Refinancing - California - Greystone Provides $106M Freddie Mac Refi on Two El Cajon Properties,california,California,California,Unknown,Greystone,Unknown,Apartment,lifecycle_transition.csv,17,100,exact address + developer match,DUP-0062,No,"Matched across 10 source file(s): asset_parcel_intelligence.csv, deal_fingerprints.csv, deal_pipeline.csv, development_lifecycle.csv"
2026-08-09,20260809-233153-e892ad29,Refinancing - California - Greystone Provides $106M Freddie Mac Refi on Two El Cajon Properties,PRJ-20260809-0062,Refinancing - California - Greystone Provides $106M Freddie Mac Refi on Two El Cajon Properties,california,California,Other / Unknown,California,Greystone,Unknown,Apartment,la_lifecycle_transition_watch.csv,17,100,exact address + developer match,DUP-0062,No,"Matched across 10 source file(s): asset_parcel_intelligence.csv, deal_fingerprints.csv, deal_pipeline.csv, development_lifecycle.csv"
2026-08-09,20260809-233153-e892ad29,Greystone Provides $106M Freddie Mac Refi on Two El Cajon Properties,PRJ-20260809-0062,Refinancing - California - Greystone Provides $106M Freddie Mac Refi on Two El Cajon Properties,california,California,Other / Unknown,California,Greystone,Unknown,Apartment,la_lifecycle_transition_watch.csv,17,100,exact address + developer match,DUP-0062,No,"Matched across 10 source file(s): asset_parcel_intelligence.csv, deal_fingerprints.csv, deal_pipeline.csv, development_lifecycle.csv"
2026-08-09,20260809-233153-e892ad29,Refinancing - California - Greystone Provides $106M Freddie Mac Refi on Two El Cajon Properties,PRJ-20260809-0062,Refinancing - California - Greystone Provides $106M Freddie Mac Refi on Two El Cajon Properties,california,California,California,Unknown,Greystone,Unknown,Apartment,opportunity_radar.csv,17,100,exact address + developer match,DUP-0062,No,"Matched across 10 source file(s): asset_parcel_intelligence.csv, deal_fingerprints.csv, deal_pipeline.csv, development_lifecycle.csv"
2026-08-09,20260809-233153-e892ad29,Refinancing - California - Greystone Provides $106M Freddie Mac Refi on Two El Cajon Properties,PRJ-20260809-0062,Refinancing - California - Greystone Provides $106M Freddie Mac Refi on Two El Cajon Properties,california,California,California,Unknown,Greystone,Freddie Mac,Apartment,distress_watchlist.csv,17,100,exact address + developer match,DUP-0062,No,"Matched across 10 source file(s): asset_parcel_intelligence.csv, deal_fingerprints.csv, deal_pipeline.csv, development_lifecycle.csv"
2026-08-09,20260809-233153-e892ad29,Greystone Provides $106M Freddie Mac Refi on Two El Cajon Properties,PRJ-20260809-0062,Refinancing - California - Greystone Provides $106M Freddie Mac Refi on Two El Cajon Properties,california,California,California,Unknown,Greystone,freddie mac,General Residential,relationship_graph.csv,17,100,exact address + developer match,DUP-0062,No,"Matched across 10 source file(s): asset_parcel_intelligence.csv, deal_fingerprints.csv, deal_pipeline.csv, development_lifecycle.csv"
2026-08-09,20260809-233153-e892ad29,Greystone Provides $106M Freddie Mac Refi on Two El Cajon Properties,PRJ-20260809-0062,Refinancing - California - Greystone Provides $106M Freddie Mac Refi on Two El Cajon Properties,california,California,California,Unknown,Greystone,California,General Residential,relationship_graph.csv,17,100,exact address + developer match,DUP-0062,No,"Matched across 10 source file(s): asset_parcel_intelligence.csv, deal_fingerprints.csv, deal_pipeline.csv, development_lifecycle.csv"
2026-08-09,20260809-233153-e892ad29,Greystone Provides $106M Freddie Mac Refi on Two El Cajon Properties,PRJ-20260809-0062,Refinancing - California - Greystone Provides $106M Freddie Mac Refi on Two El Cajon Properties,california,California,California,Unknown,Greystone,Refinancing - California - Greystone Provides $106M Freddie Mac Refi on Two El Cajon Properties,General Residential,relationship_graph.csv,17,100,exact address + developer match,DUP-0062,No,"Matched across 10 source file(s): asset_parcel_intelligence.csv, deal_fingerprints.csv, deal_pipeline.csv, development_lifecycle.csv"
2026-08-09,20260809-233153-e892ad29,Construction Financing - Miami / Florida - Affiliated Closes Financing on Mixed-Income Fort Lauderdale Apartment Project,PRJ-20260809-0169,Construction Financing - Miami / Florida - Affiliated Closes Financing on Mixed-Income Fort Lauderdale Apartment Project,south florida,South Florida,Unknown,South Florida,Unknown,Unknown,Affordable Housing,asset_parcel_intelligence.csv,15,80,address/location + market match,DUP-0169,No,"Matched across 3 source file(s): asset_parcel_intelligence.csv, development_lifecycle.csv, lifecycle_transition.csv"
2026-08-09,20260809-233153-e892ad29,Refinancing - Miami / Florida - Stewards Inks $79M Refi of Hollywood Rental Asset,PRJ-20260809-0169,Construction Financing - Miami / Florida - Affiliated Closes Financing on Mixed-Income Fort Lauderdale Apartment Project,south florida,South Florida,Unknown,South Florida,Unknown,Unknown,Apartment,asset_parcel_intelligence.csv,15,80,address/location + market match,DUP-0169,No,"Matched across 3 source file(s): asset_parcel_intelligence.csv, development_lifecycle.csv, lifecycle_transition.csv"
2026-08-09,20260809-233153-e892ad29,Construction Financing - Miami / Florida - Arrow Arranges $85M Construction Loan for Miami Condo Project,PRJ-20260809-0169,Construction Financing - Miami / Florida - Affiliated Closes Financing on Mixed-Income Fort Lauderdale Apartment Project,south florida,South Florida,Unknown,South Florida,Unknown,Unknown,Apartment,asset_parcel_intelligence.csv,15,80,address/location + market match,DUP-0169,No,"Matched across 3 source file(s): asset_parcel_intelligence.csv, development_lifecycle.csv, lifecycle_transition.csv"
2026-08-09,20260809-233153-e892ad29,Refinancing - Miami / Florida - Baron Property Group Closes on $226.5M Refi for Hialeah Apartment Community,PRJ-20260809-0169,Construction Financing - Miami / Florida - Affiliated Closes Financing on Mixed-Income Fort Lauderdale Apartment Project,south florida,South Florida,Unknown,South Florida,Unknown,Unknown,Mixed-Use Residential,asset_parcel_intelligence.csv,15,80,address/location + market match,DUP-0169,No,"Matched across 3 source file(s): asset_parcel_intelligence.csv, development_lifecycle.csv, lifecycle_transition.csv"
2026-08-09,20260809-233153-e892ad29,"Disposition / Exit - Miami / Florida - W. Palm Beach Investor Buys Condo Property, Converting to Apartment Units",PRJ-20260809-0169,Construction Financing - Miami / Florida - Affiliated Closes Financing on Mixed-Income Fort Lauderdale Apartment Project,south florida,South Florida,Unknown,South Florida,Unknown,Unknown,Apartment,asset_parcel_intelligence.csv,15,80,address/location + market match,DUP-0169,No,"Matched across 3 source file(s): asset_parcel_intelligence.csv, development_lifecycle.csv, lifecycle_transition.csv"
2026-08-09,20260809-233153-e892ad29,Refinancing - Miami / Florida - Stewards Inks $79M Refi of Hollywood Rental Asset,PRJ-20260809-0169,Construction Financing - Miami / Florida - Affiliated Closes Financing on Mixed-Income Fort Lauderdale Apartment Project,south florida,South Florida,Unknown,South Florida,Unknown,Unknown,Apartment,development_lifecycle.csv,15,80,address/location + market match,DUP-0169,No,"Matched across 3 source file(s): asset_parcel_intelligence.csv, development_lifecycle.csv, lifecycle_transition.csv"
2026-08-09,20260809-233153-e892ad29,Construction Financing - Miami / Florida - Affiliated Closes Financing on Mixed-Income Fort Lauderdale Apartment Project,PRJ-20260809-0169,Construction Financing - Miami / Florida - Affiliated Closes Financing on Mixed-Income Fort Lauderdale Apartment Project,south florida,South Florida,Unknown,South Florida,Unknown,Unknown,Affordable Housing,development_lifecycle.csv,15,80,address/location + market match,DUP-0169,No,"Matched across 3 source file(s): asset_parcel_intelligence.csv, development_lifecycle.csv, lifecycle_transition.csv"
2026-08-09,20260809-233153-e892ad29,Construction Financing - Miami / Florida - Arrow Arranges $85M Construction Loan for Miami Condo Project,PRJ-20260809-0169,Construction Financing - Miami / Florida - Affiliated Closes Financing on Mixed-Income Fort Lauderdale Apartment Project,south florida,South Florida,Unknown,South Florida,Unknown,Unknown,Apartment,development_lifecycle.csv,15,80,address/location + market match,DUP-0169,No,"Matched across 3 source file(s): asset_parcel_intelligence.csv, development_lifecycle.csv, lifecycle_transition.csv"
2026-08-09,20260809-233153-e892ad29,Refinancing - Miami / Florida - Baron Property Group Closes on $226.5M Refi for Hialeah Apartment Community,PRJ-20260809-0169,Construction Financing - Miami / Florida - Affiliated Closes Financing on Mixed-Income Fort Lauderdale Apartment Project,south florida,South Florida,Unknown,South Florida,Unknown,Unknown,Mixed-Use Residential,development_lifecycle.csv,15,80,address/location + market match,DUP-0169,No,"Matched across 3 source file(s): asset_parcel_intelligence.csv, development_lifecycle.csv, lifecycle_transition.csv"
2026-08-09,20260809-233153-e892ad29,"Disposition / Exit - Miami / Florida - W. Palm Beach Investor Buys Condo Property, Converting to Apartment Units",PRJ-20260809-0169,Construction Financing - Miami / Florida - Affiliated Closes Financing on Mixed-Income Fort Lauderdale Apartment Project,south florida,South Florida,Unknown,South Florida,Unknown,Unknown,Apartment,development_lifecycle.csv,15,80,address/location + market match,DUP-0169,No,"Matched across 3 source file(s): asset_parcel_intelligence.csv, development_lifecycle.csv, lifecycle_transition.csv"
2026-08-09,20260809-233153-e892ad29,Refinancing - Miami / Florida - Stewards Inks $79M Refi of Hollywood Rental Asset,PRJ-20260809-0169,Construction Financing - Miami / Florida - Affiliated Closes Financing on Mixed-Income Fort Lauderdale Apartment Project,south florida,South Florida,Unknown,South Florida,Unknown,Unknown,Apartment,lifecycle_transition.csv,15,80,address/location + market match,DUP-0169,No,"Matched across 3 source file(s): asset_parcel_intelligence.csv, development_lifecycle.csv, lifecycle_transition.csv"
2026-08-09,20260809-233153-e892ad29,Construction Financing - Miami / Florida - Arrow Arranges $85M Construction Loan for Miami Condo Project,PRJ-20260809-0169,Construction Financing - Miami / Florida - Affiliated Closes Financing on Mixed-Income Fort Lauderdale Apartment Project,south florida,South Florida,Unknown,South Florida,Unknown,Unknown,Apartment,lifecycle_transition.csv,15,80,address/location + market match,DUP-0169,No,"Matched across 3 source file(s): asset_parcel_intelligence.csv, development_lifecycle.csv, lifecycle_transition.csv"
2026-08-09,20260809-233153-e892ad29,Refinancing - Miami / Florida - Baron Property Group Closes on $226.5M Refi for Hialeah Apartment Community,PRJ-20260809-0169,Construction Financing - Miami / Florida - Affiliated Closes Financing on Mixed-Income Fort Lauderdale Apartment Project,south florida,South Florida,Unknown,South Florida,Unknown,Unknown,Mixed-Use Residential,lifecycle_transition.csv,15,80,address/location + market match,DUP-0169,No,"Matched across 3 source file(s): asset_parcel_intelligence.csv, development_lifecycle.csv, lifecycle_transition.csv"
2026-08-09,20260809-233153-e892ad29,Construction Financing - Miami / Florida - Affiliated Closes Financing on Mixed-Income Fort Lauderdale Apartment Project,PRJ-20260809-0169,Construction Financing - Miami / Florida - Affiliated Closes Financing on Mixed-Income Fort Lauderdale Apartment Project,south florida,South Florida,Unknown,South Florida,Unknown,Unknown,Affordable Housing,lifecycle_transition.csv,15,80,address/location + market match,DUP-0169,No,"Matched across 3 source file(s): asset_parcel_intelligence.csv, development_lifecycle.csv, lifecycle_transition.csv"
2026-08-09,20260809-233153-e892ad29,"Disposition / Exit - Miami / Florida - W. Palm Beach Investor Buys Condo Property, Converting to Apartment Units",PRJ-20260809-0169,Construction Financing - Miami / Florida - Affiliated Closes Financing on Mixed-Income Fort Lauderdale Apartment Project,south florida,South Florida,Unknown,South Florida,Unknown,Unknown,Apartment,lifecycle_transition.csv,15,80,address/location + market match,DUP-0169,No,"Matched across 3 source file(s): asset_parcel_intelligence.csv, development_lifecycle.csv, lifecycle_transition.csv"
2026-08-09,20260809-233153-e892ad29,Acquisition - Seattle - Pacific Urban Acquires Seattle Multifamily Apartment Community A’Capella Apartment Homes f...,PRJ-20260809-0160,Acquisition - Seattle - Pacific Urban Acquires Seattle Multifamily Apartment Community A’Capella Apartment Homes f...,seattle,Seattle,Seattle,Seattle,CBRE,CBRE,Apartment,asset_parcel_intelligence.csv,14,100,exact address + developer match,DUP-0160,No,"Matched across 8 source file(s): asset_parcel_intelligence.csv, deal_fingerprints.csv, deal_pipeline.csv, development_lifecycle.csv"
2026-08-09,20260809-233153-e892ad29,Pacific Urban Acquires Seattle Multifamily Apartment Community A’Capella Apartment Homes for $112M,PRJ-20260809-0160,Acquisition - Seattle - Pacific Urban Acquires Seattle Multifamily Apartment Community A’Capella Apartment Homes f...,seattle,Seattle,Seattle,Seattle,CBRE,Unknown,Apartment,asset_parcel_intelligence.csv,14,100,exact address + developer match,DUP-0160,No,"Matched across 8 source file(s): asset_parcel_intelligence.csv, deal_fingerprints.csv, deal_pipeline.csv, development_lifecycle.csv"
2026-08-09,20260809-233153-e892ad29,Pacific Urban Acquires Seattle Multifamily Apartment Community A’Capella Apartment Homes for $112M,PRJ-20260809-0160,Acquisition - Seattle - Pacific Urban Acquires Seattle Multifamily Apartment Community A’Capella Apartment Homes f...,seattle,Seattle,Other / Unknown,Los Angeles,CBRE,Unknown,Apartment,la_asset_watch.csv,14,100,exact address + developer match,DUP-0160,No,"Matched across 8 source file(s): asset_parcel_intelligence.csv, deal_fingerprints.csv, deal_pipeline.csv, development_lifecycle.csv"
2026-08-09,20260809-233153-e892ad29,Pacific Urban Acquires Seattle Multifamily Apartment Community A’Capella Apartment Homes for $112M,PRJ-20260809-0160,Acquisition - Seattle - Pacific Urban Acquires Seattle Multifamily Apartment Community A’Capella Apartment Homes f...,seattle,Seattle,Other / Unknown,Los Angeles,CBRE,Unknown,Apartment,la_asset_watch.csv,14,100,exact address + developer match,DUP-0160,No,"Matched across 8 source file(s): asset_parcel_intelligence.csv, deal_fingerprints.csv, deal_pipeline.csv, development_lifecycle.csv"
2026-08-09,20260809-233153-e892ad29,Acquisition - Seattle - Pacific Urban Acquires Seattle Multifamily Apartment Community A’Capella Apartment Homes f...,PRJ-20260809-0160,Acquisition - Seattle - Pacific Urban Acquires Seattle Multifamily Apartment Community A’Capella Apartment Homes f...,seattle,Seattle,Seattle,Unknown,CBRE,Unknown,Apartment,deal_fingerprints.csv,14,100,exact address + developer match,DUP-0160,No,"Matched across 8 source file(s): asset_parcel_intelligence.csv, deal_fingerprints.csv, deal_pipeline.csv, development_lifecycle.csv"
2026-08-09,20260809-233153-e892ad29,Acquisition - Seattle - Pacific Urban Acquires Seattle Multifamily Apartment Community A’Capella Apartment Homes f...,PRJ-20260809-0160,Acquisition - Seattle - Pacific Urban Acquires Seattle Multifamily Apartment Community A’Capella Apartment Homes f...,seattle,Seattle,Seattle,Seattle,CBRE,cbre,Apartment,deal_pipeline.csv,14,100,exact address + developer match,DUP-0160,No,"Matched across 8 source file(s): asset_parcel_intelligence.csv, deal_fingerprints.csv, deal_pipeline.csv, development_lifecycle.csv"
2026-08-09,20260809-233153-e892ad29,Acquisition - Seattle - Pacific Urban Acquires Seattle Multifamily Apartment Community A’Capella Apartment Homes f...,PRJ-20260809-0160,Acquisition - Seattle - Pacific Urban Acquires Seattle Multifamily Apartment Community A’Capella Apartment Homes f...,seattle,Seattle,Seattle,Seattle,CBRE,CBRE,Apartment,development_lifecycle.csv,14,100,exact address + developer match,DUP-0160,No,"Matched across 8 source file(s): asset_parcel_intelligence.csv, deal_fingerprints.csv, deal_pipeline.csv, development_lifecycle.csv"
2026-08-09,20260809-233153-e892ad29,Pacific Urban Acquires Seattle Multifamily Apartment Community A’Capella Apartment Homes for $112M,PRJ-20260809-0160,Acquisition - Seattle - Pacific Urban Acquires Seattle Multifamily Apartment Community A’Capella Apartment Homes f...,seattle,Seattle,Seattle,Seattle,CBRE,Unknown,Apartment,development_lifecycle.csv,14,100,exact address + developer match,DUP-0160,No,"Matched across 8 source file(s): asset_parcel_intelligence.csv, deal_fingerprints.csv, deal_pipeline.csv, development_lifecycle.csv"
2026-08-09,20260809-233153-e892ad29,Acquisition - Seattle - Pacific Urban Acquires Seattle Multifamily Apartment Community A’Capella Apartment Homes f...,PRJ-20260809-0160,Acquisition - Seattle - Pacific Urban Acquires Seattle Multifamily Apartment Community A’Capella Apartment Homes f...,seattle,Seattle,Seattle,Seattle,CBRE,Unknown,Apartment,lifecycle_transition.csv,14,100,exact address + developer match,DUP-0160,No,"Matched across 8 source file(s): asset_parcel_intelligence.csv, deal_fingerprints.csv, deal_pipeline.csv, development_lifecycle.csv"
2026-08-09,20260809-233153-e892ad29,Pacific Urban Acquires Seattle Multifamily Apartment Community A’Capella Apartment Homes for $112M,PRJ-20260809-0160,Acquisition - Seattle - Pacific Urban Acquires Seattle Multifamily Apartment Community A’Capella Apartment Homes f...,seattle,Seattle,Seattle,Seattle,CBRE,Unknown,Apartment,lifecycle_transition.csv,14,100,exact address + developer match,DUP-0160,No,"Matched across 8 source file(s): asset_parcel_intelligence.csv, deal_fingerprints.csv, deal_pipeline.csv, development_lifecycle.csv"
2026-08-09,20260809-233153-e892ad29,Acquisition - Seattle - Pacific Urban Acquires Seattle Multifamily Apartment Community A’Capella Apartment Homes f...,PRJ-20260809-0160,Acquisition - Seattle - Pacific Urban Acquires Seattle Multifamily Apartment Community A’Capella Apartment Homes f...,seattle,Seattle,Seattle,Unknown,CBRE,Unknown,Apartment,opportunity_radar.csv,14,100,exact address + developer match,DUP-0160,No,"Matched across 8 source file(s): asset_parcel_intelligence.csv, deal_fingerprints.csv, deal_pipeline.csv, development_lifecycle.csv"
2026-08-09,20260809-233153-e892ad29,Pacific Urban Acquires Seattle Multifamily Apartment Community A’Capella Apartment Homes for $112M,PRJ-20260809-0160,Acquisition - Seattle - Pacific Urban Acquires Seattle Multifamily Apartment Community A’Capella Apartment Homes f...,seattle,Seattle,Seattle,Unknown,CBRE,cbre,General Residential,relationship_graph.csv,14,100,exact address + developer match,DUP-0160,No,"Matched across 8 source file(s): asset_parcel_intelligence.csv, deal_fingerprints.csv, deal_pipeline.csv, development_lifecycle.csv"
2026-08-09,20260809-233153-e892ad29,Pacific Urban Acquires Seattle Multifamily Apartment Community A’Capella Apartment Homes for $112M,PRJ-20260809-0160,Acquisition - Seattle - Pacific Urban Acquires Seattle Multifamily Apartment Community A’Capella Apartment Homes f...,seattle,Seattle,Seattle,Unknown,CBRE,Acquisition - Seattle - Pacific Urban Acquires Seattle Multifamily Apartment Community A’Capella Apartment Homes f...,General Residential,relationship_graph.csv,14,100,exact address + developer match,DUP-0160,No,"Matched across 8 source file(s): asset_parcel_intelligence.csv, deal_fingerprints.csv, deal_pipeline.csv, development_lifecycle.csv"
2026-08-09,20260809-233153-e892ad29,Pacific Urban Acquires Seattle Multifamily Apartment Community A’Capella Apartment Homes for $112M,PRJ-20260809-0160,Acquisition - Seattle - Pacific Urban Acquires Seattle Multifamily Apartment Community A’Capella Apartment Homes f...,seattle,Seattle,Seattle,Unknown,CBRE,Seattle,General Residential,relationship_graph.csv,14,100,exact address + developer match,DUP-0160,No,"Matched across 8 source file(s): asset_parcel_intelligence.csv, deal_fingerprints.csv, deal_pipeline.csv, development_lifecycle.csv"
2026-08-09,20260809-233153-e892ad29,General Project Signal - Atlanta / Georgia - Atlanta Beltline Advancing 218-Unit Affordable Apartment Project,PRJ-20260809-0049,Construction Financing - Atlanta / Georgia - Developer Duo Obtains Construction Financing for $147M Atlanta Student Housing Project,atlanta georgia,Atlanta / Georgia,Atlanta / Georgia,Unknown,Unknown,Unknown,Apartment,deal_fingerprints.csv,14,80,address/location + market match,DUP-0049,No,"Matched across 3 source file(s): deal_fingerprints.csv, distress_watchlist.csv, opportunity_radar.csv"
2026-08-09,20260809-233153-e892ad29,Acquisition - Atlanta / Georgia - Lion Real Estate Picks Up Atlanta Apartments for $51M,PRJ-20260809-0049,Construction Financing - Atlanta / Georgia - Developer Duo Obtains Construction Financing for $147M Atlanta Student Housing Project,atlanta georgia,Atlanta / Georgia,Atlanta / Georgia,Unknown,Unknown,Unknown,Apartment,deal_fingerprints.csv,14,80,address/location + market match,DUP-0049,No,"Matched across 3 source file(s): deal_fingerprints.csv, distress_watchlist.csv, opportunity_radar.csv"
2026-08-09,20260809-233153-e892ad29,Acquisition - Atlanta / Georgia - Matt Ferrari’s PXV Multifamily makes first acquisition for $29.5M,PRJ-20260809-0049,Construction Financing - Atlanta / Georgia - Developer Duo Obtains Construction Financing for $147M Atlanta Student Housing Project,atlanta georgia,Atlanta / Georgia,Atlanta / Georgia,Unknown,Unknown,Unknown,Multifamily,deal_fingerprints.csv,14,80,address/location + market match,DUP-0049,No,"Matched across 3 source file(s): deal_fingerprints.csv, distress_watchlist.csv, opportunity_radar.csv"
2026-08-09,20260809-233153-e892ad29,Construction Financing - Atlanta / Georgia - Developer Duo Obtains Construction Financing for $147M Atlanta Student Housing Project,PRJ-20260809-0049,Construction Financing - Atlanta / Georgia - Developer Duo Obtains Construction Financing for $147M Atlanta Student Housing Project,atlanta georgia,Atlanta / Georgia,Atlanta / Georgia,Unknown,Unknown,Unknown,Student Housing,deal_fingerprints.csv,14,80,address/location + market match,DUP-0049,No,"Matched across 3 source file(s): deal_fingerprints.csv, distress_watchlist.csv, opportunity_radar.csv"
2026-08-09,20260809-233153-e892ad29,JV / Partnership - Atlanta / Georgia - Mesirow Pays $132M for Midtown Atlanta Apartment Community,PRJ-20260809-0049,Construction Financing - Atlanta / Georgia - Developer Duo Obtains Construction Financing for $147M Atlanta Student Housing Project,atlanta georgia,Atlanta / Georgia,Atlanta / Georgia,Unknown,Unknown,Unknown,Apartment,deal_fingerprints.csv,14,80,address/location + market match,DUP-0049,No,"Matched across 3 source file(s): deal_fingerprints.csv, distress_watchlist.csv, opportunity_radar.csv"
2026-08-09,20260809-233153-e892ad29,Refinancing - Atlanta / Georgia - Brook Farm Group Lands $73M Refinance of Luxury Multifamily Development Sinclair at Callaw...,PRJ-20260809-0049,Construction Financing - Atlanta / Georgia - Developer Duo Obtains Construction Financing for $147M Atlanta Student Housing Project,atlanta georgia,Atlanta / Georgia,Atlanta / Georgia,Unknown,Unknown,Unknown,Multifamily,deal_fingerprints.csv,14,80,address/location + market match,DUP-0049,No,"Matched across 3 source file(s): deal_fingerprints.csv, distress_watchlist.csv, opportunity_radar.csv"
2026-08-09,20260809-233153-e892ad29,Refinancing - Atlanta / Georgia - Brook Farm Group Lands $73M Refinance of Luxury Multifamily Development Sinclair at Callaw...,PRJ-20260809-0049,Construction Financing - Atlanta / Georgia - Developer Duo Obtains Construction Financing for $147M Atlanta Student Housing Project,atlanta georgia,Atlanta / Georgia,Atlanta / Georgia,Unknown,Unknown,Unknown,Multifamily,opportunity_radar.csv,14,80,address/location + market match,DUP-0049,No,"Matched across 3 source file(s): deal_fingerprints.csv, distress_watchlist.csv, opportunity_radar.csv"
2026-08-09,20260809-233153-e892ad29,Construction Financing - Atlanta / Georgia - Developer Duo Obtains Construction Financing for $147M Atlanta Student Housing Project,PRJ-20260809-0049,Construction Financing - Atlanta / Georgia - Developer Duo Obtains Construction Financing for $147M Atlanta Student Housing Project,atlanta georgia,Atlanta / Georgia,Atlanta / Georgia,Unknown,Unknown,Unknown,Student Housing,opportunity_radar.csv,14,80,address/location + market match,DUP-0049,No,"Matched across 3 source file(s): deal_fingerprints.csv, distress_watchlist.csv, opportunity_radar.csv"
2026-08-09,20260809-233153-e892ad29,General Project Signal - Atlanta / Georgia - Atlanta Beltline Advancing 218-Unit Affordable Apartment Project,PRJ-20260809-0049,Construction Financing - Atlanta / Georgia - Developer Duo Obtains Construction Financing for $147M Atlanta Student Housing Project,atlanta georgia,Atlanta / Georgia,Atlanta / Georgia,Unknown,Unknown,Unknown,Apartment,opportunity_radar.csv,14,80,address/location + market match,DUP-0049,No,"Matched across 3 source file(s): deal_fingerprints.csv, distress_watchlist.csv, opportunity_radar.csv"
2026-08-09,20260809-233153-e892ad29,JV / Partnership - Atlanta / Georgia - Mesirow Pays $132M for Midtown Atlanta Apartment Community,PRJ-20260809-0049,Construction Financing - Atlanta / Georgia - Developer Duo Obtains Construction Financing for $147M Atlanta Student Housing Project,atlanta georgia,Atlanta / Georgia,Atlanta / Georgia,Unknown,Unknown,Unknown,Apartment,opportunity_radar.csv,14,80,address/location + market match,DUP-0049,No,"Matched across 3 source file(s): deal_fingerprints.csv, distress_watchlist.csv, opportunity_radar.csv"
2026-08-09,20260809-233153-e892ad29,Acquisition - Atlanta / Georgia - Lion Real Estate Picks Up Atlanta Apartments for $51M,PRJ-20260809-0049,Construction Financing - Atlanta / Georgia - Developer Duo Obtains Construction Financing for $147M Atlanta Student Housing Project,atlanta georgia,Atlanta / Georgia,Atlanta / Georgia,Unknown,Unknown,Unknown,Apartment,opportunity_radar.csv,14,80,address/location + market match,DUP-0049,No,"Matched across 3 source file(s): deal_fingerprints.csv, distress_watchlist.csv, opportunity_radar.csv"
2026-08-09,20260809-233153-e892ad29,Acquisition - Atlanta / Georgia - Matt Ferrari’s PXV Multifamily makes first acquisition for $29.5M,PRJ-20260809-0049,Construction Financing - Atlanta / Georgia - Developer Duo Obtains Construction Financing for $147M Atlanta Student Housing Project,atlanta georgia,Atlanta / Georgia,Atlanta / Georgia,Unknown,Unknown,Unknown,Multifamily,opportunity_radar.csv,14,80,address/location + market match,DUP-0049,No,"Matched across 3 source file(s): deal_fingerprints.csv, distress_watchlist.csv, opportunity_radar.csv"
2026-08-09,20260809-233153-e892ad29,Refinancing - Atlanta / Georgia - Brook Farm Group Lands $73M Refinance of Luxury Multifamily Development Sinclair at Callaw...,PRJ-20260809-0049,Construction Financing - Atlanta / Georgia - Developer Duo Obtains Construction Financing for $147M Atlanta Student Housing Project,atlanta georgia,Atlanta / Georgia,Atlanta / Georgia,Unknown,Unknown,Unknown,Multifamily,distress_watchlist.csv,14,80,address/location + market match,DUP-0049,No,"Matched across 3 source file(s): deal_fingerprints.csv, distress_watchlist.csv, opportunity_radar.csv"
2026-08-09,20260809-233153-e892ad29,Construction Financing - Atlanta / Georgia - Developer Duo Obtains Construction Financing for $147M Atlanta Student Housing Project,PRJ-20260809-0049,Construction Financing - Atlanta / Georgia - Developer Duo Obtains Construction Financing for $147M Atlanta Student Housing Project,atlanta georgia,Atlanta / Georgia,Atlanta / Georgia,Unknown,Unknown,Unknown,Student Housing,distress_watchlist.csv,14,80,address/location + market match,DUP-0049,No,"Matched across 3 source file(s): deal_fingerprints.csv, distress_watchlist.csv, opportunity_radar.csv"
2026-08-09,20260809-233153-e892ad29,Refinancing - Atlanta / Georgia - Brook Farm Group Lands $73M Refinance of Luxury Multifamily Development Sinclair at Callaw...,PRJ-20260809-0054,Construction Financing - Atlanta / Georgia - Developer Duo Obtains Construction Financing for $147M Atlanta Student Housing Project,atlanta,Atlanta,Atlanta / Georgia,Atlanta,Unknown,Unknown,Multifamily,deal_pipeline.csv,12,80,address/location + market match,DUP-0054,No,"Matched across 3 source file(s): deal_pipeline.csv, development_lifecycle.csv, lifecycle_transition.csv"
2026-08-09,20260809-233153-e892ad29,Construction Financing - Atlanta / Georgia - Developer Duo Obtains Construction Financing for $147M Atlanta Student Housing Project,PRJ-20260809-0054,Construction Financing - Atlanta / Georgia - Developer Duo Obtains Construction Financing for $147M Atlanta Student Housing Project,atlanta,Atlanta,Atlanta / Georgia,Atlanta,Unknown,Unknown,Student Housing,deal_pipeline.csv,12,80,address/location + market match,DUP-0054,No,"Matched across 3 source file(s): deal_pipeline.csv, development_lifecycle.csv, lifecycle_transition.csv"
2026-08-09,20260809-233153-e892ad29,General Project Signal - Atlanta / Georgia - Atlanta Beltline Advancing 218-Unit Affordable Apartment Project,PRJ-20260809-0054,Construction Financing - Atlanta / Georgia - Developer Duo Obtains Construction Financing for $147M Atlanta Student Housing Project,atlanta,Atlanta,Atlanta / Georgia,Atlanta,Unknown,Unknown,Apartment,deal_pipeline.csv,12,80,address/location + market match,DUP-0054,No,"Matched across 3 source file(s): deal_pipeline.csv, development_lifecycle.csv, lifecycle_transition.csv"
2026-08-09,20260809-233153-e892ad29,JV / Partnership - Atlanta / Georgia - Mesirow Pays $132M for Midtown Atlanta Apartment Community,PRJ-20260809-0054,Construction Financing - Atlanta / Georgia - Developer Duo Obtains Construction Financing for $147M Atlanta Student Housing Project,atlanta,Atlanta,Atlanta / Georgia,Atlanta,Unknown,Unknown,Apartment,deal_pipeline.csv,12,80,address/location + market match,DUP-0054,No,"Matched across 3 source file(s): deal_pipeline.csv, development_lifecycle.csv, lifecycle_transition.csv"
2026-08-09,20260809-233153-e892ad29,Acquisition - Atlanta / Georgia - Lion Real Estate Picks Up Atlanta Apartments for $51M,PRJ-20260809-0054,Construction Financing - Atlanta / Georgia - Developer Duo Obtains Construction Financing for $147M Atlanta Student Housing Project,atlanta,Atlanta,Atlanta / Georgia,Atlanta,Unknown,Unknown,Apartment,deal_pipeline.csv,12,80,address/location + market match,DUP-0054,No,"Matched across 3 source file(s): deal_pipeline.csv, development_lifecycle.csv, lifecycle_transition.csv"
2026-08-09,20260809-233153-e892ad29,Acquisition - Atlanta / Georgia - Matt Ferrari’s PXV Multifamily makes first acquisition for $29.5M,PRJ-20260809-0054,Construction Financing - Atlanta / Georgia - Developer Duo Obtains Construction Financing for $147M Atlanta Student Housing Project,atlanta,Atlanta,Atlanta / Georgia,Atlanta,Unknown,Unknown,Multifamily,deal_pipeline.csv,12,80,address/location + market match,DUP-0054,No,"Matched across 3 source file(s): deal_pipeline.csv, development_lifecycle.csv, lifecycle_transition.csv"
2026-08-09,20260809-233153-e892ad29,Brook Farm Group Lands $73M Refinance of Luxury Multifamily Development Sinclair at Callaway Farm in Georgia,PRJ-20260809-0054,Construction Financing - Atlanta / Georgia - Developer Duo Obtains Construction Financing for $147M Atlanta Student Housing Project,atlanta,Atlanta,Atlanta / Georgia,Atlanta,Unknown,Unknown,Multifamily,development_lifecycle.csv,12,80,address/location + market match,DUP-0054,No,"Matched across 3 source file(s): deal_pipeline.csv, development_lifecycle.csv, lifecycle_transition.csv"
2026-08-09,20260809-233153-e892ad29,Atlanta Beltline Advancing 218-Unit Affordable Apartment Project,PRJ-20260809-0054,Construction Financing - Atlanta / Georgia - Developer Duo Obtains Construction Financing for $147M Atlanta Student Housing Project,atlanta,Atlanta,Atlanta / Georgia,Atlanta,Unknown,Unknown,Apartment,development_lifecycle.csv,12,80,address/location + market match,DUP-0054,No,"Matched across 3 source file(s): deal_pipeline.csv, development_lifecycle.csv, lifecycle_transition.csv"
2026-08-09,20260809-233153-e892ad29,Lion Real Estate Picks Up Atlanta Apartments for $51M,PRJ-20260809-0054,Construction Financing - Atlanta / Georgia - Developer Duo Obtains Construction Financing for $147M Atlanta Student Housing Project,atlanta,Atlanta,Atlanta / Georgia,Atlanta,Unknown,Unknown,Apartment,development_lifecycle.csv,12,80,address/location + market match,DUP-0054,No,"Matched across 3 source file(s): deal_pipeline.csv, development_lifecycle.csv, lifecycle_transition.csv"
2026-08-09,20260809-233153-e892ad29,Brook Farm Group Lands $73M Refinance of Luxury Multifamily Development Sinclair at Callaway Farm in Georgia,PRJ-20260809-0054,Construction Financing - Atlanta / Georgia - Developer Duo Obtains Construction Financing for $147M Atlanta Student Housing Project,atlanta,Atlanta,Atlanta / Georgia,Atlanta,Unknown,Unknown,Multifamily,lifecycle_transition.csv,12,80,address/location + market match,DUP-0054,No,"Matched across 3 source file(s): deal_pipeline.csv, development_lifecycle.csv, lifecycle_transition.csv"
2026-08-09,20260809-233153-e892ad29,Atlanta Beltline Advancing 218-Unit Affordable Apartment Project,PRJ-20260809-0054,Construction Financing - Atlanta / Georgia - Developer Duo Obtains Construction Financing for $147M Atlanta Student Housing Project,atlanta,Atlanta,Atlanta / Georgia,Atlanta,Unknown,Unknown,Apartment,lifecycle_transition.csv,12,80,address/location + market match,DUP-0054,No,"Matched across 3 source file(s): deal_pipeline.csv, development_lifecycle.csv, lifecycle_transition.csv"
2026-08-09,20260809-233153-e892ad29,Lion Real Estate Picks Up Atlanta Apartments for $51M,PRJ-20260809-0054,Construction Financing - Atlanta / Georgia - Developer Duo Obtains Construction Financing for $147M Atlanta Student Housing Project,atlanta,Atlanta,Atlanta / Georgia,Atlanta,Unknown,Unknown,Apartment,lifecycle_transition.csv,12,80,address/location + market match,DUP-0054,No,"Matched across 3 source file(s): deal_pipeline.csv, development_lifecycle.csv, lifecycle_transition.csv"
2026-08-09,20260809-233153-e892ad29,Office-to-Residential Conversion - Other / Unknown - Commonwealth Development Partners Break Ground on $162M Office-to-Residential Multifamily...,PRJ-20260809-0142,Office-to-Residential Conversion - Other / Unknown - Commonwealth Development Partners Break Ground on $162M Office-to-Residential Multifamily...,other unknown,Other / Unknown,Unknown,Unknown,Unknown,Unknown,Office-to-Residential Conversion,asset_parcel_intelligence.csv,12,80,address/location + market match,DUP-0142,No,Matched across 1 source file(s): asset_parcel_intelligence.csv
2026-08-09,20260809-233153-e892ad29,General Project Signal - Other / Unknown - Share of Apartments Built in Buildings with 50+ Units Moves Higher in 2025,PRJ-20260809-0142,Office-to-Residential Conversion - Other / Unknown - Commonwealth Development Partners Break Ground on $162M Office-to-Residential Multifamily...,other unknown,Other / Unknown,Unknown,Unknown,Unknown,Unknown,Apartment,asset_parcel_intelligence.csv,12,80,address/location + market match,DUP-0142,No,Matched across 1 source file(s): asset_parcel_intelligence.csv
2026-08-09,20260809-233153-e892ad29,"Disposition / Exit - Other / Unknown - NRP Group Breaks Ground on 336-Unit Apartment Development in Columbus, Ohio",PRJ-20260809-0142,Office-to-Residential Conversion - Other / Unknown - Commonwealth Development Partners Break Ground on $162M Office-to-Residential Multifamily...,other unknown,Other / Unknown,Unknown,Unknown,Unknown,Unknown,Apartment,asset_parcel_intelligence.csv,12,80,address/location + market match,DUP-0142,No,Matched across 1 source file(s): asset_parcel_intelligence.csv
2026-08-09,20260809-233153-e892ad29,Disposition / Exit - Other / Unknown - The NRP Group Breaks Ground on 336-Unit Multifamily in Ohio,PRJ-20260809-0142,Office-to-Residential Conversion - Other / Unknown - Commonwealth Development Partners Break Ground on $162M Office-to-Residential Multifamily...,other unknown,Other / Unknown,Unknown,Unknown,Unknown,Unknown,Apartment,asset_parcel_intelligence.csv,12,80,address/location + market match,DUP-0142,No,Matched across 1 source file(s): asset_parcel_intelligence.csv
2026-08-09,20260809-233153-e892ad29,Development Start - Other / Unknown - Missing Middle Weakness,PRJ-20260809-0142,Office-to-Residential Conversion - Other / Unknown - Commonwealth Development Partners Break Ground on $162M Office-to-Residential Multifamily...,other unknown,Other / Unknown,Unknown,Unknown,Unknown,Unknown,Apartment,asset_parcel_intelligence.csv,12,80,address/location + market match,DUP-0142,No,Matched across 1 source file(s): asset_parcel_intelligence.csv
2026-08-09,20260809-233153-e892ad29,General Project Signal - Other / Unknown - 2026 Resident Experience Management Report,PRJ-20260809-0142,Office-to-Residential Conversion - Other / Unknown - Commonwealth Development Partners Break Ground on $162M Office-to-Residential Multifamily...,other unknown,Other / Unknown,Unknown,Unknown,Unknown,Unknown,Multifamily,asset_parcel_intelligence.csv,12,80,address/location + market match,DUP-0142,No,Matched across 1 source file(s): asset_parcel_intelligence.csv
2026-08-09,20260809-233153-e892ad29,General Project Signal - Other / Unknown - Multifamily Absorption Rate Remains Below 50%,PRJ-20260809-0142,Office-to-Residential Conversion - Other / Unknown - Commonwealth Development Partners Break Ground on $162M Office-to-Residential Multifamily...,other unknown,Other / Unknown,Unknown,Unknown,Unknown,Unknown,Apartment,asset_parcel_intelligence.csv,12,80,address/location + market match,DUP-0142,No,Matched across 1 source file(s): asset_parcel_intelligence.csv
2026-08-09,20260809-233153-e892ad29,Development Start - Other / Unknown - First Quarter 2026 Multifamily Construction Data,PRJ-20260809-0142,Office-to-Residential Conversion - Other / Unknown - Commonwealth Development Partners Break Ground on $162M Office-to-Residential Multifamily...,other unknown,Other / Unknown,Unknown,Unknown,Unknown,Unknown,Multifamily,asset_parcel_intelligence.csv,12,80,address/location + market match,DUP-0142,No,Matched across 1 source file(s): asset_parcel_intelligence.csv
2026-08-09,20260809-233153-e892ad29,Development Start - Other / Unknown - Fourth Quarter 2025 Multifamily Construction Data,PRJ-20260809-0142,Office-to-Residential Conversion - Other / Unknown - Commonwealth Development Partners Break Ground on $162M Office-to-Residential Multifamily...,other unknown,Other / Unknown,Unknown,Unknown,Unknown,Unknown,Multifamily,asset_parcel_intelligence.csv,12,80,address/location + market match,DUP-0142,No,Matched across 1 source file(s): asset_parcel_intelligence.csv
2026-08-09,20260809-233153-e892ad29,Development Start - Other / Unknown - Overall Housing Starts Inch Lower in 2025,PRJ-20260809-0142,Office-to-Residential Conversion - Other / Unknown - Commonwealth Development Partners Break Ground on $162M Office-to-Residential Multifamily...,other unknown,Other / Unknown,Unknown,Unknown,Unknown,Unknown,Multifamily,asset_parcel_intelligence.csv,12,80,address/location + market match,DUP-0142,No,Matched across 1 source file(s): asset_parcel_intelligence.csv
2026-08-09,20260809-233153-e892ad29,Development Start - Other / Unknown - Third Quarter 2025 Multifamily Construction Data,PRJ-20260809-0142,Office-to-Residential Conversion - Other / Unknown - Commonwealth Development Partners Break Ground on $162M Office-to-Residential Multifamily...,other unknown,Other / Unknown,Unknown,Unknown,Unknown,Unknown,Multifamily,asset_parcel_intelligence.csv,12,80,address/location + market match,DUP-0142,No,Matched across 1 source file(s): asset_parcel_intelligence.csv
2026-08-09,20260809-233153-e892ad29,Disposition / Exit - Other / Unknown - NAHB HBGI: Micro Markets Lone Bright Spot for Single-Family Building in Fourth Quarter,PRJ-20260809-0142,Office-to-Residential Conversion - Other / Unknown - Commonwealth Development Partners Break Ground on $162M Office-to-Residential Multifamily...,other unknown,Other / Unknown,Unknown,Unknown,Unknown,Unknown,Multifamily,asset_parcel_intelligence.csv,12,80,address/location + market match,DUP-0142,No,Matched across 1 source file(s): asset_parcel_intelligence.csv
2026-08-09,20260809-233153-e892ad29,Refinancing - Louisiana - Scion Group Secures $556M Student Housing Refinance on 14-Property Multifamily Student Hou...,PRJ-20260809-0103,Refinancing - Louisiana - Scion Group Secures $556M Student Housing Refinance on 14-Property Multifamily Student Hou...,louisiana,Louisiana,California,Louisiana,Scion Group,Fannie Mae,Student Housing,asset_parcel_intelligence.csv,11,100,exact address + developer match,DUP-0103,No,"Matched across 9 source file(s): asset_parcel_intelligence.csv, deal_fingerprints.csv, deal_pipeline.csv, development_lifecycle.csv"
2026-08-09,20260809-233153-e892ad29,Scion Group Secures $556M Student Housing Refinance on 14-Property Multifamily Student Housing Portfolio,PRJ-20260809-0103,Refinancing - Louisiana - Scion Group Secures $556M Student Housing Refinance on 14-Property Multifamily Student Hou...,louisiana,Louisiana,Other / Unknown,California,Scion Group,Unknown,Student Housing,la_asset_watch.csv,11,100,exact address + developer match,DUP-0103,No,"Matched across 9 source file(s): asset_parcel_intelligence.csv, deal_fingerprints.csv, deal_pipeline.csv, development_lifecycle.csv"
2026-08-09,20260809-233153-e892ad29,Refinancing - Louisiana - Scion Group Secures $556M Student Housing Refinance on 14-Property Multifamily Student Hou...,PRJ-20260809-0103,Refinancing - Louisiana - Scion Group Secures $556M Student Housing Refinance on 14-Property Multifamily Student Hou...,louisiana,Louisiana,Louisiana,Unknown,Scion Group,Unknown,Student Housing,deal_fingerprints.csv,11,100,exact address + developer match,DUP-0103,No,"Matched across 9 source file(s): asset_parcel_intelligence.csv, deal_fingerprints.csv, deal_pipeline.csv, development_lifecycle.csv"
2026-08-09,20260809-233153-e892ad29,Refinancing - Louisiana - Scion Group Secures $556M Student Housing Refinance on 14-Property Multifamily Student Hou...,PRJ-20260809-0103,Refinancing - Louisiana - Scion Group Secures $556M Student Housing Refinance on 14-Property Multifamily Student Hou...,louisiana,Louisiana,Louisiana,Louisiana,Scion Group,fannie mae,Student Housing,deal_pipeline.csv,11,100,exact address + developer match,DUP-0103,No,"Matched across 9 source file(s): asset_parcel_intelligence.csv, deal_fingerprints.csv, deal_pipeline.csv, development_lifecycle.csv"
2026-08-09,20260809-233153-e892ad29,Refinancing - Louisiana - Scion Group Secures $556M Student Housing Refinance on 14-Property Multifamily Student Hou...,PRJ-20260809-0103,Refinancing - Louisiana - Scion Group Secures $556M Student Housing Refinance on 14-Property Multifamily Student Hou...,louisiana,Louisiana,California,Louisiana,Scion Group,Fannie Mae,Student Housing,development_lifecycle.csv,11,100,exact address + developer match,DUP-0103,No,"Matched across 9 source file(s): asset_parcel_intelligence.csv, deal_fingerprints.csv, deal_pipeline.csv, development_lifecycle.csv"
2026-08-09,20260809-233153-e892ad29,Refinancing - Louisiana - Scion Group Secures $556M Student Housing Refinance on 14-Property Multifamily Student Hou...,PRJ-20260809-0103,Refinancing - Louisiana - Scion Group Secures $556M Student Housing Refinance on 14-Property Multifamily Student Hou...,louisiana,Louisiana,California,Louisiana,Scion Group,Unknown,Student Housing,lifecycle_transition.csv,11,100,exact address + developer match,DUP-0103,No,"Matched across 9 source file(s): asset_parcel_intelligence.csv, deal_fingerprints.csv, deal_pipeline.csv, development_lifecycle.csv"
2026-08-09,20260809-233153-e892ad29,Refinancing - Louisiana - Scion Group Secures $556M Student Housing Refinance on 14-Property Multifamily Student Hou...,PRJ-20260809-0103,Refinancing - Louisiana - Scion Group Secures $556M Student Housing Refinance on 14-Property Multifamily Student Hou...,louisiana,Louisiana,Louisiana,Unknown,Scion Group,Unknown,Student Housing,opportunity_radar.csv,11,100,exact address + developer match,DUP-0103,No,"Matched across 9 source file(s): asset_parcel_intelligence.csv, deal_fingerprints.csv, deal_pipeline.csv, development_lifecycle.csv"
2026-08-09,20260809-233153-e892ad29,Refinancing - Louisiana - Scion Group Secures $556M Student Housing Refinance on 14-Property Multifamily Student Hou...,PRJ-20260809-0103,Refinancing - Louisiana - Scion Group Secures $556M Student Housing Refinance on 14-Property Multifamily Student Hou...,louisiana,Louisiana,Louisiana,Unknown,Scion Group,Fannie Mae,Student Housing,distress_watchlist.csv,11,100,exact address + developer match,DUP-0103,No,"Matched across 9 source file(s): asset_parcel_intelligence.csv, deal_fingerprints.csv, deal_pipeline.csv, development_lifecycle.csv"
2026-08-09,20260809-233153-e892ad29,Scion Group Secures $556M Student Housing Refinance on 14-Property Multifamily Student Housing Portfolio,PRJ-20260809-0103,Refinancing - Louisiana - Scion Group Secures $556M Student Housing Refinance on 14-Property Multifamily Student Hou...,louisiana,Louisiana,Louisiana,Unknown,Scion Group,fannie mae,General Residential,relationship_graph.csv,11,100,exact address + developer match,DUP-0103,No,"Matched across 9 source file(s): asset_parcel_intelligence.csv, deal_fingerprints.csv, deal_pipeline.csv, development_lifecycle.csv"
2026-08-09,20260809-233153-e892ad29,Scion Group Secures $556M Student Housing Refinance on 14-Property Multifamily Student Housing Portfolio,PRJ-20260809-0103,Refinancing - Louisiana - Scion Group Secures $556M Student Housing Refinance on 14-Property Multifamily Student Hou...,louisiana,Louisiana,Louisiana,Unknown,Scion Group,Louisiana,General Residential,relationship_graph.csv,11,100,exact address + developer match,DUP-0103,No,"Matched across 9 source file(s): asset_parcel_intelligence.csv, deal_fingerprints.csv, deal_pipeline.csv, development_lifecycle.csv"
2026-08-09,20260809-233153-e892ad29,Scion Group Secures $556M Student Housing Refinance on 14-Property Multifamily Student Housing Portfolio,PRJ-20260809-0103,Refinancing - Louisiana - Scion Group Secures $556M Student Housing Refinance on 14-Property Multifamily Student Hou...,louisiana,Louisiana,Louisiana,Unknown,Scion Group,Refinancing - Louisiana - Scion Group Secures $556M Student Housing Refinance on 14-Property Multifamily Student Hou...,General Residential,relationship_graph.csv,11,100,exact address + developer match,DUP-0103,No,"Matched across 9 source file(s): asset_parcel_intelligence.csv, deal_fingerprints.csv, deal_pipeline.csv, development_lifecycle.csv"
2026-08-09,20260809-233153-e892ad29,Office-to-Residential Conversion - Los Angeles / California - L.A. County approves $15M for supportive housing at Metropolitan State Hospital campus,PRJ-20260809-0089,Office-to-Residential Conversion - Los Angeles / California - L.A. County approves $15M for supportive housing at Metropolitan State Hospital campus,los angeles california,Los Angeles / California,Los Angeles / California,Unknown,Unknown,Unknown,Apartment,deal_fingerprints.csv,11,80,address/location + market match,DUP-0089,No,"Matched across 3 source file(s): deal_fingerprints.csv, distress_watchlist.csv, opportunity_radar.csv"
2026-08-09,20260809-233153-e892ad29,Refinancing - Los Angeles / California - Mesa West Capital Provides $52M Loan for Refinancing of Sumner Mill Apartments Near Seattl...,PRJ-20260809-0089,Office-to-Residential Conversion - Los Angeles / California - L.A. County approves $15M for supportive housing at Metropolitan State Hospital campus,los angeles california,Los Angeles / California,Los Angeles / California,Unknown,Unknown,Unknown,Apartment,deal_fingerprints.csv,11,80,address/location + market match,DUP-0089,No,"Matched across 3 source file(s): deal_fingerprints.csv, distress_watchlist.csv, opportunity_radar.csv"
2026-08-09,20260809-233153-e892ad29,Entitlement / Permitting - Los Angeles / California - Affordable housing takes shape at 1332 and 1346 N. Fairfax Avenue,PRJ-20260809-0089,Office-to-Residential Conversion - Los Angeles / California - L.A. County approves $15M for supportive housing at Metropolitan State Hospital campus,los angeles california,Los Angeles / California,Los Angeles / California,Unknown,Unknown,Unknown,Affordable Housing,deal_fingerprints.csv,11,80,address/location + market match,DUP-0089,No,"Matched across 3 source file(s): deal_fingerprints.csv, distress_watchlist.csv, opportunity_radar.csv"
2026-08-09,20260809-233153-e892ad29,General Project Signal - Los Angeles / California - Affordable housing with retail pitched for 2306 W. Jefferson Blvd.,PRJ-20260809-0089,Office-to-Residential Conversion - Los Angeles / California - L.A. County approves $15M for supportive housing at Metropolitan State Hospital campus,los angeles california,Los Angeles / California,Los Angeles / California,Unknown,Unknown,Unknown,Affordable Housing,deal_fingerprints.csv,11,80,address/location + market match,DUP-0089,No,"Matched across 3 source file(s): deal_fingerprints.csv, distress_watchlist.csv, opportunity_radar.csv"
2026-08-09,20260809-233153-e892ad29,Office-to-Residential Conversion - Los Angeles / California - Adaptive reuse project starting up at 6380 Wilshire Boulevard,PRJ-20260809-0089,Office-to-Residential Conversion - Los Angeles / California - L.A. County approves $15M for supportive housing at Metropolitan State Hospital campus,los angeles california,Los Angeles / California,Los Angeles / California,Unknown,Unknown,Unknown,Office-to-Residential Conversion,deal_fingerprints.csv,11,80,address/location + market match,DUP-0089,No,"Matched across 3 source file(s): deal_fingerprints.csv, distress_watchlist.csv, opportunity_radar.csv"
2026-08-09,20260809-233153-e892ad29,Refinancing - Los Angeles / California - Mesa West Capital Provides $52M Loan for Refinancing of Sumner Mill Apartments Near Seattl...,PRJ-20260809-0089,Office-to-Residential Conversion - Los Angeles / California - L.A. County approves $15M for supportive housing at Metropolitan State Hospital campus,los angeles california,Los Angeles / California,Los Angeles / California,Unknown,Unknown,Unknown,Apartment,opportunity_radar.csv,11,80,address/location + market match,DUP-0089,No,"Matched across 3 source file(s): deal_fingerprints.csv, distress_watchlist.csv, opportunity_radar.csv"
2026-08-09,20260809-233153-e892ad29,Office-to-Residential Conversion - Los Angeles / California - L.A. County approves $15M for supportive housing at Metropolitan State Hospital campus,PRJ-20260809-0089,Office-to-Residential Conversion - Los Angeles / California - L.A. County approves $15M for supportive housing at Metropolitan State Hospital campus,los angeles california,Los Angeles / California,Los Angeles / California,Unknown,Unknown,Unknown,Apartment,opportunity_radar.csv,11,80,address/location + market match,DUP-0089,No,"Matched across 3 source file(s): deal_fingerprints.csv, distress_watchlist.csv, opportunity_radar.csv"
2026-08-09,20260809-233153-e892ad29,Entitlement / Permitting - Los Angeles / California - Affordable housing takes shape at 1332 and 1346 N. Fairfax Avenue,PRJ-20260809-0089,Office-to-Residential Conversion - Los Angeles / California - L.A. County approves $15M for supportive housing at Metropolitan State Hospital campus,los angeles california,Los Angeles / California,Los Angeles / California,Unknown,Unknown,Unknown,Affordable Housing,opportunity_radar.csv,11,80,address/location + market match,DUP-0089,No,"Matched across 3 source file(s): deal_fingerprints.csv, distress_watchlist.csv, opportunity_radar.csv"
2026-08-09,20260809-233153-e892ad29,Office-to-Residential Conversion - Los Angeles / California - Adaptive reuse project starting up at 6380 Wilshire Boulevard,PRJ-20260809-0089,Office-to-Residential Conversion - Los Angeles / California - L.A. County approves $15M for supportive housing at Metropolitan State Hospital campus,los angeles california,Los Angeles / California,Los Angeles / California,Unknown,Unknown,Unknown,Office-to-Residential Conversion,opportunity_radar.csv,11,80,address/location + market match,DUP-0089,No,"Matched across 3 source file(s): deal_fingerprints.csv, distress_watchlist.csv, opportunity_radar.csv"
2026-08-09,20260809-233153-e892ad29,General Project Signal - Los Angeles / California - Affordable housing with retail pitched for 2306 W. Jefferson Blvd.,PRJ-20260809-0089,Office-to-Residential Conversion - Los Angeles / California - L.A. County approves $15M for supportive housing at Metropolitan State Hospital campus,los angeles california,Los Angeles / California,Los Angeles / California,Unknown,Unknown,Unknown,Affordable Housing,opportunity_radar.csv,11,80,address/location + market match,DUP-0089,No,"Matched across 3 source file(s): deal_fingerprints.csv, distress_watchlist.csv, opportunity_radar.csv"
2026-08-09,20260809-233153-e892ad29,Refinancing - Los Angeles / California - Mesa West Capital Provides $52M Loan for Refinancing of Sumner Mill Apartments Near Seattl...,PRJ-20260809-0089,Office-to-Residential Conversion - Los Angeles / California - L.A. County approves $15M for supportive housing at Metropolitan State Hospital campus,los angeles california,Los Angeles / California,Los Angeles / California,Unknown,Unknown,Unknown,Apartment,distress_watchlist.csv,11,80,address/location + market match,DUP-0089,No,"Matched across 3 source file(s): deal_fingerprints.csv, distress_watchlist.csv, opportunity_radar.csv"
2026-08-09,20260809-233153-e892ad29,Acquisition - California - Bascom Acquires Buena Park Apartments as Value-Add Deal,PRJ-20260809-0060,Acquisition - California - Bascom Acquires Buena Park Apartments as Value-Add Deal,california,California,California,California,Bascom Group,Unknown,Apartment,asset_parcel_intelligence.csv,10,100,exact address + developer match,DUP-0060,No,"Matched across 9 source file(s): asset_parcel_intelligence.csv, deal_fingerprints.csv, deal_pipeline.csv, development_lifecycle.csv"
2026-08-09,20260809-233153-e892ad29,Bascom Acquires Buena Park Apartments as Value-Add Deal,PRJ-20260809-0060,Acquisition - California - Bascom Acquires Buena Park Apartments as Value-Add Deal,california,California,Other / Unknown,Los Angeles,Bascom Group,Unknown,Apartment,la_asset_watch.csv,10,100,exact address + developer match,DUP-0060,No,"Matched across 9 source file(s): asset_parcel_intelligence.csv, deal_fingerprints.csv, deal_pipeline.csv, development_lifecycle.csv"
2026-08-09,20260809-233153-e892ad29,Acquisition - California - Bascom Acquires Buena Park Apartments as Value-Add Deal,PRJ-20260809-0060,Acquisition - California - Bascom Acquires Buena Park Apartments as Value-Add Deal,california,California,California,Unknown,Bascom Group,Unknown,Apartment,deal_fingerprints.csv,10,100,exact address + developer match,DUP-0060,No,"Matched across 9 source file(s): asset_parcel_intelligence.csv, deal_fingerprints.csv, deal_pipeline.csv, development_lifecycle.csv"
2026-08-09,20260809-233153-e892ad29,Acquisition - California - Bascom Acquires Buena Park Apartments as Value-Add Deal,PRJ-20260809-0060,Acquisition - California - Bascom Acquires Buena Park Apartments as Value-Add Deal,california,California,California,California,Bascom Group,Unknown,Apartment,deal_pipeline.csv,10,100,exact address + developer match,DUP-0060,No,"Matched across 9 source file(s): asset_parcel_intelligence.csv, deal_fingerprints.csv, deal_pipeline.csv, development_lifecycle.csv"
2026-08-09,20260809-233153-e892ad29,Acquisition - California - Bascom Acquires Buena Park Apartments as Value-Add Deal,PRJ-20260809-0060,Acquisition - California - Bascom Acquires Buena Park Apartments as Value-Add Deal,california,California,California,California,Bascom Group,Unknown,Apartment,development_lifecycle.csv,10,100,exact address + developer match,DUP-0060,No,"Matched across 9 source file(s): asset_parcel_intelligence.csv, deal_fingerprints.csv, deal_pipeline.csv, development_lifecycle.csv"
2026-08-09,20260809-233153-e892ad29,Acquisition - California - Bascom Acquires Buena Park Apartments as Value-Add Deal,PRJ-20260809-0060,Acquisition - California - Bascom Acquires Buena Park Apartments as Value-Add Deal,california,California,California,California,Bascom Group,Unknown,Apartment,lifecycle_transition.csv,10,100,exact address + developer match,DUP-0060,No,"Matched across 9 source file(s): asset_parcel_intelligence.csv, deal_fingerprints.csv, deal_pipeline.csv, development_lifecycle.csv"
2026-08-09,20260809-233153-e892ad29,Acquisition - California - Bascom Acquires Buena Park Apartments as Value-Add Deal,PRJ-20260809-0060,Acquisition - California - Bascom Acquires Buena Park Apartments as Value-Add Deal,california,California,Other / Unknown,California,Bascom Group,Unknown,Apartment,la_lifecycle_transition_watch.csv,10,100,exact address + developer match,DUP-0060,No,"Matched across 9 source file(s): asset_parcel_intelligence.csv, deal_fingerprints.csv, deal_pipeline.csv, development_lifecycle.csv"
2026-08-09,20260809-233153-e892ad29,Acquisition - California - Bascom Acquires Buena Park Apartments as Value-Add Deal,PRJ-20260809-0060,Acquisition - California - Bascom Acquires Buena Park Apartments as Value-Add Deal,california,California,California,Unknown,Bascom Group,Unknown,Apartment,opportunity_radar.csv,10,100,exact address + developer match,DUP-0060,No,"Matched across 9 source file(s): asset_parcel_intelligence.csv, deal_fingerprints.csv, deal_pipeline.csv, development_lifecycle.csv"
2026-08-09,20260809-233153-e892ad29,Bascom Acquires Buena Park Apartments as Value-Add Deal,PRJ-20260809-0060,Acquisition - California - Bascom Acquires Buena Park Apartments as Value-Add Deal,california,California,California,Unknown,Bascom Group,Acquisition - California - Bascom Acquires Buena Park Apartments as Value-Add Deal,General Residential,relationship_graph.csv,10,100,exact address + developer match,DUP-0060,No,"Matched across 9 source file(s): asset_parcel_intelligence.csv, deal_fingerprints.csv, deal_pipeline.csv, development_lifecycle.csv"
2026-08-09,20260809-233153-e892ad29,Bascom Acquires Buena Park Apartments as Value-Add Deal,PRJ-20260809-0060,Acquisition - California - Bascom Acquires Buena Park Apartments as Value-Add Deal,california,California,California,Unknown,Bascom Group,California,General Residential,relationship_graph.csv,10,100,exact address + developer match,DUP-0060,No,"Matched across 9 source file(s): asset_parcel_intelligence.csv, deal_fingerprints.csv, deal_pipeline.csv, development_lifecycle.csv"
2026-08-09,20260809-233153-e892ad29,Disposition / Exit - California - Costa Mesa Multifamily Changes Hands for Value-Add Repositioning,PRJ-20260809-0063,Disposition / Exit - California - Costa Mesa Multifamily Changes Hands for Value-Add Repositioning,california,California,California,California,Marcus & Millichap,Unknown,Apartment,asset_parcel_intelligence.csv,10,100,exact address + developer match,DUP-0063,No,"Matched across 9 source file(s): asset_parcel_intelligence.csv, deal_fingerprints.csv, deal_pipeline.csv, development_lifecycle.csv"
2026-08-09,20260809-233153-e892ad29,Costa Mesa Multifamily Changes Hands for Value-Add Repositioning,PRJ-20260809-0063,Disposition / Exit - California - Costa Mesa Multifamily Changes Hands for Value-Add Repositioning,california,California,Other / Unknown,Los Angeles,Marcus & Millichap,Unknown,Apartment,la_asset_watch.csv,10,100,exact address + developer match,DUP-0063,No,"Matched across 9 source file(s): asset_parcel_intelligence.csv, deal_fingerprints.csv, deal_pipeline.csv, development_lifecycle.csv"
2026-08-09,20260809-233153-e892ad29,Disposition / Exit - California - Costa Mesa Multifamily Changes Hands for Value-Add Repositioning,PRJ-20260809-0063,Disposition / Exit - California - Costa Mesa Multifamily Changes Hands for Value-Add Repositioning,california,California,California,Unknown,Marcus & Millichap,Unknown,Apartment,deal_fingerprints.csv,10,100,exact address + developer match,DUP-0063,No,"Matched across 9 source file(s): asset_parcel_intelligence.csv, deal_fingerprints.csv, deal_pipeline.csv, development_lifecycle.csv"
2026-08-09,20260809-233153-e892ad29,Disposition / Exit - California - Costa Mesa Multifamily Changes Hands for Value-Add Repositioning,PRJ-20260809-0063,Disposition / Exit - California - Costa Mesa Multifamily Changes Hands for Value-Add Repositioning,california,California,California,California,Marcus & Millichap,Unknown,Apartment,deal_pipeline.csv,10,100,exact address + developer match,DUP-0063,No,"Matched across 9 source file(s): asset_parcel_intelligence.csv, deal_fingerprints.csv, deal_pipeline.csv, development_lifecycle.csv"
2026-08-09,20260809-233153-e892ad29,Disposition / Exit - California - Costa Mesa Multifamily Changes Hands for Value-Add Repositioning,PRJ-20260809-0063,Disposition / Exit - California - Costa Mesa Multifamily Changes Hands for Value-Add Repositioning,california,California,California,California,Marcus & Millichap,Unknown,Apartment,development_lifecycle.csv,10,100,exact address + developer match,DUP-0063,No,"Matched across 9 source file(s): asset_parcel_intelligence.csv, deal_fingerprints.csv, deal_pipeline.csv, development_lifecycle.csv"
2026-08-09,20260809-233153-e892ad29,Disposition / Exit - California - Costa Mesa Multifamily Changes Hands for Value-Add Repositioning,PRJ-20260809-0063,Disposition / Exit - California - Costa Mesa Multifamily Changes Hands for Value-Add Repositioning,california,California,California,California,Marcus & Millichap,Unknown,Apartment,lifecycle_transition.csv,10,100,exact address + developer match,DUP-0063,No,"Matched across 9 source file(s): asset_parcel_intelligence.csv, deal_fingerprints.csv, deal_pipeline.csv, development_lifecycle.csv"
2026-08-09,20260809-233153-e892ad29,Disposition / Exit - California - Costa Mesa Multifamily Changes Hands for Value-Add Repositioning,PRJ-20260809-0063,Disposition / Exit - California - Costa Mesa Multifamily Changes Hands for Value-Add Repositioning,california,California,Other / Unknown,California,Marcus & Millichap,Unknown,Apartment,la_lifecycle_transition_watch.csv,10,100,exact address + developer match,DUP-0063,No,"Matched across 9 source file(s): asset_parcel_intelligence.csv, deal_fingerprints.csv, deal_pipeline.csv, development_lifecycle.csv"
2026-08-09,20260809-233153-e892ad29,Disposition / Exit - California - Costa Mesa Multifamily Changes Hands for Value-Add Repositioning,PRJ-20260809-0063,Disposition / Exit - California - Costa Mesa Multifamily Changes Hands for Value-Add Repositioning,california,California,California,Unknown,Marcus & Millichap,Unknown,Apartment,opportunity_radar.csv,10,100,exact address + developer match,DUP-0063,No,"Matched across 9 source file(s): asset_parcel_intelligence.csv, deal_fingerprints.csv, deal_pipeline.csv, development_lifecycle.csv"
2026-08-09,20260809-233153-e892ad29,Costa Mesa Multifamily Changes Hands for Value-Add Repositioning,PRJ-20260809-0063,Disposition / Exit - California - Costa Mesa Multifamily Changes Hands for Value-Add Repositioning,california,California,California,Unknown,Marcus & Millichap,California,General Residential,relationship_graph.csv,10,100,exact address + developer match,DUP-0063,No,"Matched across 9 source file(s): asset_parcel_intelligence.csv, deal_fingerprints.csv, deal_pipeline.csv, development_lifecycle.csv"
2026-08-09,20260809-233153-e892ad29,Costa Mesa Multifamily Changes Hands for Value-Add Repositioning,PRJ-20260809-0063,Disposition / Exit - California - Costa Mesa Multifamily Changes Hands for Value-Add Repositioning,california,California,California,Unknown,Marcus & Millichap,Disposition / Exit - California - Costa Mesa Multifamily Changes Hands for Value-Add Repositioning,General Residential,relationship_graph.csv,10,100,exact address + developer match,DUP-0063,No,"Matched across 9 source file(s): asset_parcel_intelligence.csv, deal_fingerprints.csv, deal_pipeline.csv, development_lifecycle.csv"
2026-08-09,20260809-233153-e892ad29,Office-to-Residential Conversion - Los Angeles / California - L.A. County approves $15M for supportive housing at Metropolitan State Hospital campus,PRJ-20260809-0099,Office-to-Residential Conversion - Los Angeles / California - L.A. County approves $15M for supportive housing at Metropolitan State Hospital campus,los angeles,Los Angeles,Los Angeles / California,Los Angeles,Unknown,Unknown,Apartment,deal_pipeline.csv,10,80,address/location + market match,DUP-0099,No,"Matched across 4 source file(s): deal_pipeline.csv, development_lifecycle.csv, entitlement_intelligence.csv, lifecycle_transition.csv"
2026-08-09,20260809-233153-e892ad29,Entitlement / Permitting - Los Angeles / California - Affordable housing takes shape at 1332 and 1346 N. Fairfax Avenue,PRJ-20260809-0099,Office-to-Residential Conversion - Los Angeles / California - L.A. County approves $15M for supportive housing at Metropolitan State Hospital campus,los angeles,Los Angeles,Los Angeles / California,Los Angeles,Unknown,Unknown,Affordable Housing,deal_pipeline.csv,10,80,address/location + market match,DUP-0099,No,"Matched across 4 source file(s): deal_pipeline.csv, development_lifecycle.csv, entitlement_intelligence.csv, lifecycle_transition.csv"
2026-08-09,20260809-233153-e892ad29,Office-to-Residential Conversion - Los Angeles / California - Adaptive reuse project starting up at 6380 Wilshire Boulevard,PRJ-20260809-0099,Office-to-Residential Conversion - Los Angeles / California - L.A. County approves $15M for supportive housing at Metropolitan State Hospital campus,los angeles,Los Angeles,Los Angeles / California,Los Angeles,Unknown,Unknown,Office-to-Residential Conversion,deal_pipeline.csv,10,80,address/location + market match,DUP-0099,No,"Matched across 4 source file(s): deal_pipeline.csv, development_lifecycle.csv, entitlement_intelligence.csv, lifecycle_transition.csv"
2026-08-09,20260809-233153-e892ad29,General Project Signal - Los Angeles / California - Affordable housing with retail pitched for 2306 W. Jefferson Blvd.,PRJ-20260809-0099,Office-to-Residential Conversion - Los Angeles / California - L.A. County approves $15M for supportive housing at Metropolitan State Hospital campus,los angeles,Los Angeles,Los Angeles / California,Los Angeles,Unknown,Unknown,Affordable Housing,deal_pipeline.csv,10,80,address/location + market match,DUP-0099,No,"Matched across 4 source file(s): deal_pipeline.csv, development_lifecycle.csv, entitlement_intelligence.csv, lifecycle_transition.csv"
2026-08-09,20260809-233153-e892ad29,Affordable housing with retail pitched for 2306 W. Jefferson Blvd.,PRJ-20260809-0099,Office-to-Residential Conversion - Los Angeles / California - L.A. County approves $15M for supportive housing at Metropolitan State Hospital campus,los angeles,Los Angeles,Los Angeles / California,Los Angeles,Unknown,Unknown,Affordable Housing,development_lifecycle.csv,10,80,address/location + market match,DUP-0099,No,"Matched across 4 source file(s): deal_pipeline.csv, development_lifecycle.csv, entitlement_intelligence.csv, lifecycle_transition.csv"
2026-08-09,20260809-233153-e892ad29,Affordable housing with retail pitched for 2306 W. Jefferson Blvd.,PRJ-20260809-0099,Office-to-Residential Conversion - Los Angeles / California - L.A. County approves $15M for supportive housing at Metropolitan State Hospital campus,los angeles,Los Angeles,Los Angeles / California,Los Angeles,Unknown,Unknown,Affordable Housing,lifecycle_transition.csv,10,80,address/location + market match,DUP-0099,No,"Matched across 4 source file(s): deal_pipeline.csv, development_lifecycle.csv, entitlement_intelligence.csv, lifecycle_transition.csv"
2026-08-09,20260809-233153-e892ad29,Adaptive reuse project starting up at 6380 Wilshire Boulevard,PRJ-20260809-0099,Office-to-Residential Conversion - Los Angeles / California - L.A. County approves $15M for supportive housing at Metropolitan State Hospital campus,los angeles,Los Angeles,Los Angeles / California,Los Angeles,Unknown,Unknown,Office-to-Residential Conversion,entitlement_intelligence.csv,10,80,address/location + market match,DUP-0099,No,"Matched across 4 source file(s): deal_pipeline.csv, development_lifecycle.csv, entitlement_intelligence.csv, lifecycle_transition.csv"
2026-08-09,20260809-233153-e892ad29,Office-to-Residential Conversion - Los Angeles / California - L.A. County approves $15M for supportive housing at Metropolitan State Hospital campus,PRJ-20260809-0099,Office-to-Residential Conversion - Los Angeles / California - L.A. County approves $15M for supportive housing at Metropolitan State Hospital campus,los angeles,Los Angeles,Los Angeles / California,Los Angeles,Unknown,Unknown,Apartment,entitlement_intelligence.csv,10,80,address/location + market match,DUP-0099,No,"Matched across 4 source file(s): deal_pipeline.csv, development_lifecycle.csv, entitlement_intelligence.csv, lifecycle_transition.csv"
2026-08-09,20260809-233153-e892ad29,Office-to-Residential Conversion - Los Angeles / California - Adaptive reuse project starting up at 6380 Wilshire Boulevard,PRJ-20260809-0099,Office-to-Residential Conversion - Los Angeles / California - L.A. County approves $15M for supportive housing at Metropolitan State Hospital campus,los angeles,Los Angeles,Los Angeles / California,Los Angeles,Unknown,Unknown,Office-to-Residential Conversion,entitlement_intelligence.csv,10,80,address/location + market match,DUP-0099,No,"Matched across 4 source file(s): deal_pipeline.csv, development_lifecycle.csv, entitlement_intelligence.csv, lifecycle_transition.csv"
2026-08-09,20260809-233153-e892ad29,Entitlement / Permitting - Los Angeles / California - Affordable housing takes shape at 1332 and 1346 N. Fairfax Avenue,PRJ-20260809-0099,Office-to-Residential Conversion - Los Angeles / California - L.A. County approves $15M for supportive housing at Metropolitan State Hospital campus,los angeles,Los Angeles,Los Angeles / California,Los Angeles,Unknown,Unknown,Affordable Housing,entitlement_intelligence.csv,10,80,address/location + market match,DUP-0099,No,"Matched across 4 source file(s): deal_pipeline.csv, development_lifecycle.csv, entitlement_intelligence.csv, lifecycle_transition.csv"
2026-08-09,20260809-233153-e892ad29,Development Start - Atlanta / Georgia - Financing Secured for Centennial Yards Mixed-Use Project,PRJ-20260809-0051,Development Start - Atlanta / Georgia - Financing Secured for Centennial Yards Mixed-Use Project,atlanta,Atlanta,Unknown,Atlanta,CIM Group,Unknown,Mixed-Use Residential,asset_parcel_intelligence.csv,9,100,exact address + developer match,DUP-0051,No,"Matched across 5 source file(s): asset_parcel_intelligence.csv, deal_pipeline.csv, development_lifecycle.csv, la_asset_watch.csv"
2026-08-09,20260809-233153-e892ad29,Financing Secured for Centennial Yards Mixed-Use Project,PRJ-20260809-0051,Development Start - Atlanta / Georgia - Financing Secured for Centennial Yards Mixed-Use Project,atlanta,Atlanta,Atlanta / Georgia,Atlanta,CIM Group,Unknown,Mixed-Use Residential,asset_parcel_intelligence.csv,9,100,exact address + developer match,DUP-0051,No,"Matched across 5 source file(s): asset_parcel_intelligence.csv, deal_pipeline.csv, development_lifecycle.csv, la_asset_watch.csv"
2026-08-09,20260809-233153-e892ad29,Financing Secured for Centennial Yards Mixed-Use Project,PRJ-20260809-0051,Development Start - Atlanta / Georgia - Financing Secured for Centennial Yards Mixed-Use Project,atlanta,Atlanta,Other / Unknown,Los Angeles,CIM Group,Unknown,Mixed-Use Residential,la_asset_watch.csv,9,100,exact address + developer match,DUP-0051,No,"Matched across 5 source file(s): asset_parcel_intelligence.csv, deal_pipeline.csv, development_lifecycle.csv, la_asset_watch.csv"
2026-08-09,20260809-233153-e892ad29,Financing Secured for Centennial Yards Mixed-Use Project,PRJ-20260809-0051,Development Start - Atlanta / Georgia - Financing Secured for Centennial Yards Mixed-Use Project,atlanta,Atlanta,Other / Unknown,Los Angeles,CIM Group,Unknown,Mixed-Use Residential,la_asset_watch.csv,9,100,exact address + developer match,DUP-0051,No,"Matched across 5 source file(s): asset_parcel_intelligence.csv, deal_pipeline.csv, development_lifecycle.csv, la_asset_watch.csv"
2026-08-09,20260809-233153-e892ad29,Development Start - Atlanta / Georgia - Financing Secured for Centennial Yards Mixed-Use Project,PRJ-20260809-0051,Development Start - Atlanta / Georgia - Financing Secured for Centennial Yards Mixed-Use Project,atlanta,Atlanta,Atlanta / Georgia,Atlanta,CIM Group,Unknown,Mixed-Use Residential,deal_pipeline.csv,9,100,exact address + developer match,DUP-0051,No,"Matched across 5 source file(s): asset_parcel_intelligence.csv, deal_pipeline.csv, development_lifecycle.csv, la_asset_watch.csv"
2026-08-09,20260809-233153-e892ad29,Development Start - Atlanta / Georgia - Financing Secured for Centennial Yards Mixed-Use Project,PRJ-20260809-0051,Development Start - Atlanta / Georgia - Financing Secured for Centennial Yards Mixed-Use Project,atlanta,Atlanta,Unknown,Atlanta,CIM Group,Unknown,Mixed-Use Residential,development_lifecycle.csv,9,100,exact address + developer match,DUP-0051,No,"Matched across 5 source file(s): asset_parcel_intelligence.csv, deal_pipeline.csv, development_lifecycle.csv, la_asset_watch.csv"
2026-08-09,20260809-233153-e892ad29,Financing Secured for Centennial Yards Mixed-Use Project,PRJ-20260809-0051,Development Start - Atlanta / Georgia - Financing Secured for Centennial Yards Mixed-Use Project,atlanta,Atlanta,Atlanta / Georgia,Atlanta,CIM Group,Unknown,Mixed-Use Residential,development_lifecycle.csv,9,100,exact address + developer match,DUP-0051,No,"Matched across 5 source file(s): asset_parcel_intelligence.csv, deal_pipeline.csv, development_lifecycle.csv, la_asset_watch.csv"
2026-08-09,20260809-233153-e892ad29,Development Start - Atlanta / Georgia - Financing Secured for Centennial Yards Mixed-Use Project,PRJ-20260809-0051,Development Start - Atlanta / Georgia - Financing Secured for Centennial Yards Mixed-Use Project,atlanta,Atlanta,Unknown,Atlanta,CIM Group,Unknown,Mixed-Use Residential,lifecycle_transition.csv,9,100,exact address + developer match,DUP-0051,No,"Matched across 5 source file(s): asset_parcel_intelligence.csv, deal_pipeline.csv, development_lifecycle.csv, la_asset_watch.csv"
2026-08-09,20260809-233153-e892ad29,Financing Secured for Centennial Yards Mixed-Use Project,PRJ-20260809-0051,Development Start - Atlanta / Georgia - Financing Secured for Centennial Yards Mixed-Use Project,atlanta,Atlanta,Atlanta / Georgia,Atlanta,CIM Group,Unknown,Mixed-Use Residential,lifecycle_transition.csv,9,100,exact address + developer match,DUP-0051,No,"Matched across 5 source file(s): asset_parcel_intelligence.csv, deal_pipeline.csv, development_lifecycle.csv, la_asset_watch.csv"
2026-08-09,20260809-233153-e892ad29,General Project Signal - Southeast - Mixed-use project rises at 6700 Pacific Coast Highway in Long Beach,PRJ-20260809-0170,General Project Signal - Southeast - Mixed-use project rises at 6700 Pacific Coast Highway in Long Beach,southeast,Southeast,Southeast,Southeast,Holland Partner Group,Unknown,Mixed-Use Residential,asset_parcel_intelligence.csv,9,100,exact address + developer match,DUP-0170,No,"Matched across 8 source file(s): asset_parcel_intelligence.csv, deal_fingerprints.csv, deal_pipeline.csv, development_lifecycle.csv"
2026-08-09,20260809-233153-e892ad29,Mixed-use project rises at 6700 Pacific Coast Highway in Long Beach,PRJ-20260809-0170,General Project Signal - Southeast - Mixed-use project rises at 6700 Pacific Coast Highway in Long Beach,southeast,Southeast,Other / Unknown,Los Angeles,Holland Partner Group,Unknown,Mixed-Use Residential,la_asset_watch.csv,9,100,exact address + developer match,DUP-0170,No,"Matched across 8 source file(s): asset_parcel_intelligence.csv, deal_fingerprints.csv, deal_pipeline.csv, development_lifecycle.csv"
2026-08-09,20260809-233153-e892ad29,General Project Signal - Southeast - Mixed-use project rises at 6700 Pacific Coast Highway in Long Beach,PRJ-20260809-0170,General Project Signal - Southeast - Mixed-use project rises at 6700 Pacific Coast Highway in Long Beach,southeast,Southeast,Southeast,Unknown,Holland Partner Group,Unknown,Mixed-Use Residential,deal_fingerprints.csv,9,100,exact address + developer match,DUP-0170,No,"Matched across 8 source file(s): asset_parcel_intelligence.csv, deal_fingerprints.csv, deal_pipeline.csv, development_lifecycle.csv"
2026-08-09,20260809-233153-e892ad29,General Project Signal - Southeast - Mixed-use project rises at 6700 Pacific Coast Highway in Long Beach,PRJ-20260809-0170,General Project Signal - Southeast - Mixed-use project rises at 6700 Pacific Coast Highway in Long Beach,southeast,Southeast,Southeast,Southeast,Holland Partner Group,Unknown,Mixed-Use Residential,deal_pipeline.csv,9,100,exact address + developer match,DUP-0170,No,"Matched across 8 source file(s): asset_parcel_intelligence.csv, deal_fingerprints.csv, deal_pipeline.csv, development_lifecycle.csv"
2026-08-09,20260809-233153-e892ad29,General Project Signal - Southeast - Mixed-use project rises at 6700 Pacific Coast Highway in Long Beach,PRJ-20260809-0170,General Project Signal - Southeast - Mixed-use project rises at 6700 Pacific Coast Highway in Long Beach,southeast,Southeast,Southeast,Southeast,Holland Partner Group,Unknown,Mixed-Use Residential,development_lifecycle.csv,9,100,exact address + developer match,DUP-0170,No,"Matched across 8 source file(s): asset_parcel_intelligence.csv, deal_fingerprints.csv, deal_pipeline.csv, development_lifecycle.csv"
2026-08-09,20260809-233153-e892ad29,General Project Signal - Southeast - Mixed-use project rises at 6700 Pacific Coast Highway in Long Beach,PRJ-20260809-0170,General Project Signal - Southeast - Mixed-use project rises at 6700 Pacific Coast Highway in Long Beach,southeast,Southeast,Southeast,Southeast,Holland Partner Group,Unknown,Mixed-Use Residential,lifecycle_transition.csv,9,100,exact address + developer match,DUP-0170,No,"Matched across 8 source file(s): asset_parcel_intelligence.csv, deal_fingerprints.csv, deal_pipeline.csv, development_lifecycle.csv"
2026-08-09,20260809-233153-e892ad29,General Project Signal - Southeast - Mixed-use project rises at 6700 Pacific Coast Highway in Long Beach,PRJ-20260809-0170,General Project Signal - Southeast - Mixed-use project rises at 6700 Pacific Coast Highway in Long Beach,southeast,Southeast,Southeast,Unknown,Holland Partner Group,Unknown,Mixed-Use Residential,opportunity_radar.csv,9,100,exact address + developer match,DUP-0170,No,"Matched across 8 source file(s): asset_parcel_intelligence.csv, deal_fingerprints.csv, deal_pipeline.csv, development_lifecycle.csv"
2026-08-09,20260809-233153-e892ad29,Mixed-use project rises at 6700 Pacific Coast Highway in Long Beach,PRJ-20260809-0170,General Project Signal - Southeast - Mixed-use project rises at 6700 Pacific Coast Highway in Long Beach,southeast,Southeast,Southeast,Unknown,Holland Partner Group,General Project Signal - Southeast - Mixed-use project rises at 6700 Pacific Coast Highway in Long Beach,General Residential,relationship_graph.csv,9,100,exact address + developer match,DUP-0170,No,"Matched across 8 source file(s): asset_parcel_intelligence.csv, deal_fingerprints.csv, deal_pipeline.csv, development_lifecycle.csv"
2026-08-09,20260809-233153-e892ad29,Mixed-use project rises at 6700 Pacific Coast Highway in Long Beach,PRJ-20260809-0170,General Project Signal - Southeast - Mixed-use project rises at 6700 Pacific Coast Highway in Long Beach,southeast,Southeast,Southeast,Unknown,Holland Partner Group,Southeast,General Residential,relationship_graph.csv,9,100,exact address + developer match,DUP-0170,No,"Matched across 8 source file(s): asset_parcel_intelligence.csv, deal_fingerprints.csv, deal_pipeline.csv, development_lifecycle.csv"
2026-08-09,20260809-233153-e892ad29,BTR / Build-to-Rent - Phoenix / Arizona - Phoenix BTR Investor Inks $73.1M Bridge Loan,PRJ-20260809-0150,Acquisition - Phoenix / Arizona - Rockwell Pays $42M for 182-Unit Scottsdale Rental Community,phoenix,Phoenix,Unknown,Phoenix,Unknown,Unknown,BTR / Single-Family Rental,asset_parcel_intelligence.csv,9,80,address/location + market match,DUP-0150,No,"Matched across 3 source file(s): asset_parcel_intelligence.csv, development_lifecycle.csv, lifecycle_transition.csv"
2026-08-09,20260809-233153-e892ad29,Acquisition - Phoenix / Arizona - ColRich Pays $52.4M for Mesa Rental Community,PRJ-20260809-0150,Acquisition - Phoenix / Arizona - Rockwell Pays $42M for 182-Unit Scottsdale Rental Community,phoenix,Phoenix,Unknown,Phoenix,Unknown,Unknown,Apartment,asset_parcel_intelligence.csv,9,80,address/location + market match,DUP-0150,No,"Matched across 3 source file(s): asset_parcel_intelligence.csv, development_lifecycle.csv, lifecycle_transition.csv"
2026-08-09,20260809-233153-e892ad29,Acquisition - Phoenix / Arizona - Rockwell Pays $42M for 182-Unit Scottsdale Rental Community,PRJ-20260809-0150,Acquisition - Phoenix / Arizona - Rockwell Pays $42M for 182-Unit Scottsdale Rental Community,phoenix,Phoenix,Unknown,Phoenix,Unknown,Unknown,Apartment,asset_parcel_intelligence.csv,9,80,address/location + market match,DUP-0150,No,"Matched across 3 source file(s): asset_parcel_intelligence.csv, development_lifecycle.csv, lifecycle_transition.csv"
2026-08-09,20260809-233153-e892ad29,BTR / Build-to-Rent - Phoenix / Arizona - Phoenix BTR Investor Inks $73.1M Bridge Loan,PRJ-20260809-0150,Acquisition - Phoenix / Arizona - Rockwell Pays $42M for 182-Unit Scottsdale Rental Community,phoenix,Phoenix,Unknown,Phoenix,Unknown,Unknown,BTR / Single-Family Rental,development_lifecycle.csv,9,80,address/location + market match,DUP-0150,No,"Matched across 3 source file(s): asset_parcel_intelligence.csv, development_lifecycle.csv, lifecycle_transition.csv"
2026-08-09,20260809-233153-e892ad29,Acquisition - Phoenix / Arizona - ColRich Pays $52.4M for Mesa Rental Community,PRJ-20260809-0150,Acquisition - Phoenix / Arizona - Rockwell Pays $42M for 182-Unit Scottsdale Rental Community,phoenix,Phoenix,Unknown,Phoenix,Unknown,Unknown,Apartment,development_lifecycle.csv,9,80,address/location + market match,DUP-0150,No,"Matched across 3 source file(s): asset_parcel_intelligence.csv, development_lifecycle.csv, lifecycle_transition.csv"
2026-08-09,20260809-233153-e892ad29,Acquisition - Phoenix / Arizona - Rockwell Pays $42M for 182-Unit Scottsdale Rental Community,PRJ-20260809-0150,Acquisition - Phoenix / Arizona - Rockwell Pays $42M for 182-Unit Scottsdale Rental Community,phoenix,Phoenix,Unknown,Phoenix,Unknown,Unknown,Apartment,development_lifecycle.csv,9,80,address/location + market match,DUP-0150,No,"Matched across 3 source file(s): asset_parcel_intelligence.csv, development_lifecycle.csv, lifecycle_transition.csv"
2026-08-09,20260809-233153-e892ad29,BTR / Build-to-Rent - Phoenix / Arizona - Phoenix BTR Investor Inks $73.1M Bridge Loan,PRJ-20260809-0150,Acquisition - Phoenix / Arizona - Rockwell Pays $42M for 182-Unit Scottsdale Rental Community,phoenix,Phoenix,Unknown,Phoenix,Unknown,Unknown,BTR / Single-Family Rental,lifecycle_transition.csv,9,80,address/location + market match,DUP-0150,No,"Matched across 3 source file(s): asset_parcel_intelligence.csv, development_lifecycle.csv, lifecycle_transition.csv"
2026-08-09,20260809-233153-e892ad29,Acquisition - Phoenix / Arizona - ColRich Pays $52.4M for Mesa Rental Community,PRJ-20260809-0150,Acquisition - Phoenix / Arizona - Rockwell Pays $42M for 182-Unit Scottsdale Rental Community,phoenix,Phoenix,Unknown,Phoenix,Unknown,Unknown,Apartment,lifecycle_transition.csv,9,80,address/location + market match,DUP-0150,No,"Matched across 3 source file(s): asset_parcel_intelligence.csv, development_lifecycle.csv, lifecycle_transition.csv"
2026-08-09,20260809-233153-e892ad29,Acquisition - Phoenix / Arizona - Rockwell Pays $42M for 182-Unit Scottsdale Rental Community,PRJ-20260809-0150,Acquisition - Phoenix / Arizona - Rockwell Pays $42M for 182-Unit Scottsdale Rental Community,phoenix,Phoenix,Unknown,Phoenix,Unknown,Unknown,Apartment,lifecycle_transition.csv,9,80,address/location + market match,DUP-0150,No,"Matched across 3 source file(s): asset_parcel_intelligence.csv, development_lifecycle.csv, lifecycle_transition.csv"
2026-08-09,20260809-233153-e892ad29,Office-to-Residential Conversion - Los Angeles / California - L.A. County approves $15M for supportive housing at Metropolitan State Hospital campus,PRJ-20260809-0098,Office-to-Residential Conversion - Los Angeles / California - L.A. County approves $15M for supportive housing at Metropolitan State Hospital campus,los angeles,Los Angeles,California,Los Angeles,Unknown,Unknown,Apartment,asset_parcel_intelligence.csv,9,80,address/location + market match,DUP-0098,No,"Matched across 3 source file(s): asset_parcel_intelligence.csv, development_lifecycle.csv, lifecycle_transition.csv"
2026-08-09,20260809-233153-e892ad29,Office-to-Residential Conversion - Los Angeles / California - Adaptive reuse project starting up at 6380 Wilshire Boulevard,PRJ-20260809-0098,Office-to-Residential Conversion - Los Angeles / California - L.A. County approves $15M for supportive housing at Metropolitan State Hospital campus,los angeles,Los Angeles,California,Los Angeles,Unknown,Unknown,Office-to-Residential Conversion,development_lifecycle.csv,9,80,address/location + market match,DUP-0098,No,"Matched across 3 source file(s): asset_parcel_intelligence.csv, development_lifecycle.csv, lifecycle_transition.csv"
2026-08-09,20260809-233153-e892ad29,Entitlement / Permitting - Los Angeles / California - Affordable housing takes shape at 1332 and 1346 N. Fairfax Avenue,PRJ-20260809-0098,Office-to-Residential Conversion - Los Angeles / California - L.A. County approves $15M for supportive housing at Metropolitan State Hospital campus,los angeles,Los Angeles,California,Los Angeles,Unknown,Unknown,Affordable Housing,development_lifecycle.csv,9,80,address/location + market match,DUP-0098,No,"Matched across 3 source file(s): asset_parcel_intelligence.csv, development_lifecycle.csv, lifecycle_transition.csv"
2026-08-09,20260809-233153-e892ad29,General Project Signal - Los Angeles / California - Affordable housing with retail pitched for 2306 W. Jefferson Blvd.,PRJ-20260809-0098,Office-to-Residential Conversion - Los Angeles / California - L.A. County approves $15M for supportive housing at Metropolitan State Hospital campus,los angeles,Los Angeles,California,Los Angeles,Unknown,Unknown,Affordable Housing,development_lifecycle.csv,9,80,address/location + market match,DUP-0098,No,"Matched across 3 source file(s): asset_parcel_intelligence.csv, development_lifecycle.csv, lifecycle_transition.csv"
2026-08-09,20260809-233153-e892ad29,Office-to-Residential Conversion - Los Angeles / California - L.A. County approves $15M for supportive housing at Metropolitan State Hospital campus,PRJ-20260809-0098,Office-to-Residential Conversion - Los Angeles / California - L.A. County approves $15M for supportive housing at Metropolitan State Hospital campus,los angeles,Los Angeles,California,Los Angeles,Unknown,Unknown,Apartment,development_lifecycle.csv,9,80,address/location + market match,DUP-0098,No,"Matched across 3 source file(s): asset_parcel_intelligence.csv, development_lifecycle.csv, lifecycle_transition.csv"
2026-08-09,20260809-233153-e892ad29,Office-to-Residential Conversion - Los Angeles / California - Adaptive reuse project starting up at 6380 Wilshire Boulevard,PRJ-20260809-0098,Office-to-Residential Conversion - Los Angeles / California - L.A. County approves $15M for supportive housing at Metropolitan State Hospital campus,los angeles,Los Angeles,California,Los Angeles,Unknown,Unknown,Office-to-Residential Conversion,lifecycle_transition.csv,9,80,address/location + market match,DUP-0098,No,"Matched across 3 source file(s): asset_parcel_intelligence.csv, development_lifecycle.csv, lifecycle_transition.csv"
2026-08-09,20260809-233153-e892ad29,Office-to-Residential Conversion - Los Angeles / California - L.A. County approves $15M for supportive housing at Metropolitan State Hospital campus,PRJ-20260809-0098,Office-to-Residential Conversion - Los Angeles / California - L.A. County approves $15M for supportive housing at Metropolitan State Hospital campus,los angeles,Los Angeles,California,Los Angeles,Unknown,Unknown,Apartment,lifecycle_transition.csv,9,80,address/location + market match,DUP-0098,No,"Matched across 3 source file(s): asset_parcel_intelligence.csv, development_lifecycle.csv, lifecycle_transition.csv"
2026-08-09,20260809-233153-e892ad29,Entitlement / Permitting - Los Angeles / California - Affordable housing takes shape at 1332 and 1346 N. Fairfax Avenue,PRJ-20260809-0098,Office-to-Residential Conversion - Los Angeles / California - L.A. County approves $15M for supportive housing at Metropolitan State Hospital campus,los angeles,Los Angeles,California,Los Angeles,Unknown,Unknown,Affordable Housing,lifecycle_transition.csv,9,80,address/location + market match,DUP-0098,No,"Matched across 3 source file(s): asset_parcel_intelligence.csv, development_lifecycle.csv, lifecycle_transition.csv"
2026-08-09,20260809-233153-e892ad29,General Project Signal - Los Angeles / California - Affordable housing with retail pitched for 2306 W. Jefferson Blvd.,PRJ-20260809-0098,Office-to-Residential Conversion - Los Angeles / California - L.A. County approves $15M for supportive housing at Metropolitan State Hospital campus,los angeles,Los Angeles,California,Los Angeles,Unknown,Unknown,Affordable Housing,lifecycle_transition.csv,9,80,address/location + market match,DUP-0098,No,"Matched across 3 source file(s): asset_parcel_intelligence.csv, development_lifecycle.csv, lifecycle_transition.csv"
2026-08-09,20260809-233153-e892ad29,Entitlement / Permitting - Texas - Completion nears for mixed-use project at 939 W. Manchester Blvd. in Inglewood,PRJ-20260809-0178,Entitlement / Permitting - Texas - Completion nears for mixed-use project at 939 W. Manchester Blvd. in Inglewood,texas,Texas,Texas,Unknown,JPI,Unknown,Affordable Housing,deal_fingerprints.csv,8,100,exact address + developer match,DUP-0178,No,"Matched across 7 source file(s): deal_fingerprints.csv, deal_pipeline.csv, development_lifecycle.csv, entitlement_intelligence.csv"
2026-08-09,20260809-233153-e892ad29,Entitlement / Permitting - Texas - Completion nears for mixed-use project at 939 W. Manchester Blvd. in Inglewood,PRJ-20260809-0178,Entitlement / Permitting - Texas - Completion nears for mixed-use project at 939 W. Manchester Blvd. in Inglewood,texas,Texas,Texas,Texas,JPI,Unknown,Affordable Housing,deal_pipeline.csv,8,100,exact address + developer match,DUP-0178,No,"Matched across 7 source file(s): deal_fingerprints.csv, deal_pipeline.csv, development_lifecycle.csv, entitlement_intelligence.csv"
2026-08-09,20260809-233153-e892ad29,Entitlement / Permitting - Texas - Completion nears for mixed-use project at 939 W. Manchester Blvd. in Inglewood,PRJ-20260809-0178,Entitlement / Permitting - Texas - Completion nears for mixed-use project at 939 W. Manchester Blvd. in Inglewood,texas,Texas,Texas,Texas,JPI,Unknown,Affordable Housing,development_lifecycle.csv,8,100,exact address + developer match,DUP-0178,No,"Matched across 7 source file(s): deal_fingerprints.csv, deal_pipeline.csv, development_lifecycle.csv, entitlement_intelligence.csv"
2026-08-09,20260809-233153-e892ad29,Entitlement / Permitting - Texas - Completion nears for mixed-use project at 939 W. Manchester Blvd. in Inglewood,PRJ-20260809-0178,Entitlement / Permitting - Texas - Completion nears for mixed-use project at 939 W. Manchester Blvd. in Inglewood,texas,Texas,Texas,Texas,JPI,Unknown,Affordable Housing,lifecycle_transition.csv,8,100,exact address + developer match,DUP-0178,No,"Matched across 7 source file(s): deal_fingerprints.csv, deal_pipeline.csv, development_lifecycle.csv, entitlement_intelligence.csv"
2026-08-09,20260809-233153-e892ad29,Entitlement / Permitting - Texas - Completion nears for mixed-use project at 939 W. Manchester Blvd. in Inglewood,PRJ-20260809-0178,Entitlement / Permitting - Texas - Completion nears for mixed-use project at 939 W. Manchester Blvd. in Inglewood,texas,Texas,Texas,Unknown,JPI,Unknown,Affordable Housing,opportunity_radar.csv,8,100,exact address + developer match,DUP-0178,No,"Matched across 7 source file(s): deal_fingerprints.csv, deal_pipeline.csv, development_lifecycle.csv, entitlement_intelligence.csv"
2026-08-09,20260809-233153-e892ad29,Entitlement / Permitting - Texas - Completion nears for mixed-use project at 939 W. Manchester Blvd. in Inglewood,PRJ-20260809-0178,Entitlement / Permitting - Texas - Completion nears for mixed-use project at 939 W. Manchester Blvd. in Inglewood,texas,Texas,Texas,Texas,JPI,Unknown,Affordable Housing,entitlement_intelligence.csv,8,100,exact address + developer match,DUP-0178,No,"Matched across 7 source file(s): deal_fingerprints.csv, deal_pipeline.csv, development_lifecycle.csv, entitlement_intelligence.csv"
2026-08-09,20260809-233153-e892ad29,Completion nears for mixed-use project at 939 W. Manchester Blvd. in Inglewood,PRJ-20260809-0178,Entitlement / Permitting - Texas - Completion nears for mixed-use project at 939 W. Manchester Blvd. in Inglewood,texas,Texas,Texas,Unknown,JPI,Entitlement / Permitting - Texas - Completion nears for mixed-use project at 939 W. Manchester Blvd. in Inglewood,General Residential,relationship_graph.csv,8,100,exact address + developer match,DUP-0178,No,"Matched across 7 source file(s): deal_fingerprints.csv, deal_pipeline.csv, development_lifecycle.csv, entitlement_intelligence.csv"
2026-08-09,20260809-233153-e892ad29,Completion nears for mixed-use project at 939 W. Manchester Blvd. in Inglewood,PRJ-20260809-0178,Entitlement / Permitting - Texas - Completion nears for mixed-use project at 939 W. Manchester Blvd. in Inglewood,texas,Texas,Texas,Unknown,JPI,Texas,General Residential,relationship_graph.csv,8,100,exact address + developer match,DUP-0178,No,"Matched across 7 source file(s): deal_fingerprints.csv, deal_pipeline.csv, development_lifecycle.csv, entitlement_intelligence.csv"
2026-08-09,20260809-233153-e892ad29,"Entitlement / Permitting - San Francisco / California - Updated Permits Filed For 20 Fountain Street, San Francisco",PRJ-20260809-0154,"Office-to-Residential Conversion - San Francisco / California - Permits For Conversion at 150 Hayes Street, San Francisco",san francisco california,San Francisco / California,San Francisco / California,Unknown,Unknown,Unknown,Apartment,deal_fingerprints.csv,8,80,address/location + market match,DUP-0154,No,"Matched across 4 source file(s): deal_fingerprints.csv, development_lifecycle.csv, lifecycle_transition.csv, opportunity_radar.csv"
2026-08-09,20260809-233153-e892ad29,"Office-to-Residential Conversion - San Francisco / California - Permits For Conversion at 150 Hayes Street, San Francisco",PRJ-20260809-0154,"Office-to-Residential Conversion - San Francisco / California - Permits For Conversion at 150 Hayes Street, San Francisco",san francisco california,San Francisco / California,San Francisco / California,Unknown,Unknown,Unknown,General Residential,deal_fingerprints.csv,8,80,address/location + market match,DUP-0154,No,"Matched across 4 source file(s): deal_fingerprints.csv, development_lifecycle.csv, lifecycle_transition.csv, opportunity_radar.csv"
2026-08-09,20260809-233153-e892ad29,"Updated Permits Filed For 20 Fountain Street, San Francisco",PRJ-20260809-0154,"Office-to-Residential Conversion - San Francisco / California - Permits For Conversion at 150 Hayes Street, San Francisco",san francisco california,San Francisco / California,San Francisco / California,Unknown,Unknown,Unknown,Apartment,development_lifecycle.csv,8,80,address/location + market match,DUP-0154,No,"Matched across 4 source file(s): deal_fingerprints.csv, development_lifecycle.csv, lifecycle_transition.csv, opportunity_radar.csv"
2026-08-09,20260809-233153-e892ad29,"Permits For Conversion at 150 Hayes Street, San Francisco",PRJ-20260809-0154,"Office-to-Residential Conversion - San Francisco / California - Permits For Conversion at 150 Hayes Street, San Francisco",san francisco california,San Francisco / California,San Francisco / California,Unknown,Unknown,Unknown,General Residential,development_lifecycle.csv,8,80,address/location + market match,DUP-0154,No,"Matched across 4 source file(s): deal_fingerprints.csv, development_lifecycle.csv, lifecycle_transition.csv, opportunity_radar.csv"
2026-08-09,20260809-233153-e892ad29,"Permits For Conversion at 150 Hayes Street, San Francisco",PRJ-20260809-0154,"Office-to-Residential Conversion - San Francisco / California - Permits For Conversion at 150 Hayes Street, San Francisco",san francisco california,San Francisco / California,San Francisco / California,Unknown,Unknown,Unknown,General Residential,lifecycle_transition.csv,8,80,address/location + market match,DUP-0154,No,"Matched across 4 source file(s): deal_fingerprints.csv, development_lifecycle.csv, lifecycle_transition.csv, opportunity_radar.csv"
2026-08-09,20260809-233153-e892ad29,"Updated Permits Filed For 20 Fountain Street, San Francisco",PRJ-20260809-0154,"Office-to-Residential Conversion - San Francisco / California - Permits For Conversion at 150 Hayes Street, San Francisco",san francisco california,San Francisco / California,San Francisco / California,Unknown,Unknown,Unknown,Apartment,lifecycle_transition.csv,8,80,address/location + market match,DUP-0154,No,"Matched across 4 source file(s): deal_fingerprints.csv, development_lifecycle.csv, lifecycle_transition.csv, opportunity_radar.csv"
2026-08-09,20260809-233153-e892ad29,"Entitlement / Permitting - San Francisco / California - Updated Permits Filed For 20 Fountain Street, San Francisco",PRJ-20260809-0154,"Office-to-Residential Conversion - San Francisco / California - Permits For Conversion at 150 Hayes Street, San Francisco",san francisco california,San Francisco / California,San Francisco / California,Unknown,Unknown,Unknown,Apartment,opportunity_radar.csv,8,80,address/location + market match,DUP-0154,No,"Matched across 4 source file(s): deal_fingerprints.csv, development_lifecycle.csv, lifecycle_transition.csv, opportunity_radar.csv"
2026-08-09,20260809-233153-e892ad29,"Office-to-Residential Conversion - San Francisco / California - Permits For Conversion at 150 Hayes Street, San Francisco",PRJ-20260809-0154,"Office-to-Residential Conversion - San Francisco / California - Permits For Conversion at 150 Hayes Street, San Francisco",san francisco california,San Francisco / California,San Francisco / California,Unknown,Unknown,Unknown,General Residential,opportunity_radar.csv,8,80,address/location + market match,DUP-0154,No,"Matched across 4 source file(s): deal_fingerprints.csv, development_lifecycle.csv, lifecycle_transition.csv, opportunity_radar.csv"
2026-08-09,20260809-233153-e892ad29,"Office-to-Residential Conversion - West Palm Beach / Florida - IPA Brokers $90.5M Sale of West Palm Beach Condos, Buyer Plans Multifamily Conversion",PRJ-20260809-0171,"Office-to-Residential Conversion - West Palm Beach / Florida - IPA Brokers $90.5M Sale of West Palm Beach Condos, Buyer Plans Multifamily Conversion",southeast,Southeast,Unknown,Southeast,IPA,Unknown,Apartment,asset_parcel_intelligence.csv,7,100,exact address + developer match,DUP-0171,No,"Matched across 7 source file(s): asset_parcel_intelligence.csv, deal_pipeline.csv, development_lifecycle.csv, entitlement_intelligence.csv"
2026-08-09,20260809-233153-e892ad29,"IPA Brokers $90.5M Sale of West Palm Beach Condos, Buyer Plans Multifamily Conversion",PRJ-20260809-0171,"Office-to-Residential Conversion - West Palm Beach / Florida - IPA Brokers $90.5M Sale of West Palm Beach Condos, Buyer Plans Multifamily Conversion",southeast,Southeast,Other / Unknown,Los Angeles,IPA,Unknown,Apartment,la_asset_watch.csv,7,100,exact address + developer match,DUP-0171,No,"Matched across 7 source file(s): asset_parcel_intelligence.csv, deal_pipeline.csv, development_lifecycle.csv, entitlement_intelligence.csv"
2026-08-09,20260809-233153-e892ad29,"Office-to-Residential Conversion - West Palm Beach / Florida - IPA Brokers $90.5M Sale of West Palm Beach Condos, Buyer Plans Multifamily Conversion",PRJ-20260809-0171,"Office-to-Residential Conversion - West Palm Beach / Florida - IPA Brokers $90.5M Sale of West Palm Beach Condos, Buyer Plans Multifamily Conversion",southeast,Southeast,West Palm Beach / Florida,Southeast,IPA,Unknown,Apartment,deal_pipeline.csv,7,100,exact address + developer match,DUP-0171,No,"Matched across 7 source file(s): asset_parcel_intelligence.csv, deal_pipeline.csv, development_lifecycle.csv, entitlement_intelligence.csv"
2026-08-09,20260809-233153-e892ad29,"Office-to-Residential Conversion - West Palm Beach / Florida - IPA Brokers $90.5M Sale of West Palm Beach Condos, Buyer Plans Multifamily Conversion",PRJ-20260809-0171,"Office-to-Residential Conversion - West Palm Beach / Florida - IPA Brokers $90.5M Sale of West Palm Beach Condos, Buyer Plans Multifamily Conversion",southeast,Southeast,Unknown,Southeast,IPA,Unknown,Apartment,development_lifecycle.csv,7,100,exact address + developer match,DUP-0171,No,"Matched across 7 source file(s): asset_parcel_intelligence.csv, deal_pipeline.csv, development_lifecycle.csv, entitlement_intelligence.csv"
2026-08-09,20260809-233153-e892ad29,"Office-to-Residential Conversion - West Palm Beach / Florida - IPA Brokers $90.5M Sale of West Palm Beach Condos, Buyer Plans Multifamily Conversion",PRJ-20260809-0171,"Office-to-Residential Conversion - West Palm Beach / Florida - IPA Brokers $90.5M Sale of West Palm Beach Condos, Buyer Plans Multifamily Conversion",southeast,Southeast,Unknown,Southeast,IPA,Unknown,Apartment,lifecycle_transition.csv,7,100,exact address + developer match,DUP-0171,No,"Matched across 7 source file(s): asset_parcel_intelligence.csv, deal_pipeline.csv, development_lifecycle.csv, entitlement_intelligence.csv"
2026-08-09,20260809-233153-e892ad29,"Office-to-Residential Conversion - West Palm Beach / Florida - IPA Brokers $90.5M Sale of West Palm Beach Condos, Buyer Plans Multifamily Conversion",PRJ-20260809-0171,"Office-to-Residential Conversion - West Palm Beach / Florida - IPA Brokers $90.5M Sale of West Palm Beach Condos, Buyer Plans Multifamily Conversion",southeast,Southeast,West Palm Beach / Florida,Southeast,IPA,Unknown,Apartment,entitlement_intelligence.csv,7,100,exact address + developer match,DUP-0171,No,"Matched across 7 source file(s): asset_parcel_intelligence.csv, deal_pipeline.csv, development_lifecycle.csv, entitlement_intelligence.csv"
2026-08-09,20260809-233153-e892ad29,"Office-to-Residential Conversion - West Palm Beach / Florida - IPA Brokers $90.5M Sale of West Palm Beach Condos, Buyer Plans Multifamily Conversion",PRJ-20260809-0171,"Office-to-Residential Conversion - West Palm Beach / Florida - IPA Brokers $90.5M Sale of West Palm Beach Condos, Buyer Plans Multifamily Conversion",southeast,Southeast,Other / Unknown,Southeast,IPA,Unknown,Apartment,la_entitlement_watch.csv,7,100,exact address + developer match,DUP-0171,No,"Matched across 7 source file(s): asset_parcel_intelligence.csv, deal_pipeline.csv, development_lifecycle.csv, entitlement_intelligence.csv"
2026-08-09,20260809-233153-e892ad29,Recapitalization - Other / Unknown - Berkadia Arranges Recapitalization of MF Within Chicago MSA,PRJ-20260809-0125,Recapitalization - Other / Unknown - Berkadia Arranges Recapitalization of MF Within Chicago MSA,other unknown,Other / Unknown,Unknown,Unknown,Berkadia,Berkadia,Apartment,asset_parcel_intelligence.csv,7,100,exact address + developer match,DUP-0125,No,"Matched across 6 source file(s): asset_parcel_intelligence.csv, deal_fingerprints.csv, deal_pipeline.csv, distress_watchlist.csv"
2026-08-09,20260809-233153-e892ad29,Recapitalization - Other / Unknown - Berkadia Arranges Recapitalization of MF Within Chicago MSA,PRJ-20260809-0125,Recapitalization - Other / Unknown - Berkadia Arranges Recapitalization of MF Within Chicago MSA,other unknown,Other / Unknown,Other / Unknown,Unknown,Berkadia,Unknown,Apartment,deal_fingerprints.csv,7,100,exact address + developer match,DUP-0125,No,"Matched across 6 source file(s): asset_parcel_intelligence.csv, deal_fingerprints.csv, deal_pipeline.csv, distress_watchlist.csv"
2026-08-09,20260809-233153-e892ad29,Recapitalization - Other / Unknown - Berkadia Arranges Recapitalization of MF Within Chicago MSA,PRJ-20260809-0125,Recapitalization - Other / Unknown - Berkadia Arranges Recapitalization of MF Within Chicago MSA,other unknown,Other / Unknown,Other / Unknown,Unknown,Berkadia,berkadia,Apartment,deal_pipeline.csv,7,100,exact address + developer match,DUP-0125,No,"Matched across 6 source file(s): asset_parcel_intelligence.csv, deal_fingerprints.csv, deal_pipeline.csv, distress_watchlist.csv"
2026-08-09,20260809-233153-e892ad29,Recapitalization - Other / Unknown - Berkadia Arranges Recapitalization of MF Within Chicago MSA,PRJ-20260809-0125,Recapitalization - Other / Unknown - Berkadia Arranges Recapitalization of MF Within Chicago MSA,other unknown,Other / Unknown,Other / Unknown,Unknown,Berkadia,Unknown,Apartment,opportunity_radar.csv,7,100,exact address + developer match,DUP-0125,No,"Matched across 6 source file(s): asset_parcel_intelligence.csv, deal_fingerprints.csv, deal_pipeline.csv, distress_watchlist.csv"
2026-08-09,20260809-233153-e892ad29,Recapitalization - Other / Unknown - Berkadia Arranges Recapitalization of MF Within Chicago MSA,PRJ-20260809-0125,Recapitalization - Other / Unknown - Berkadia Arranges Recapitalization of MF Within Chicago MSA,other unknown,Other / Unknown,Other / Unknown,Unknown,Berkadia,Berkadia,Apartment,distress_watchlist.csv,7,100,exact address + developer match,DUP-0125,No,"Matched across 6 source file(s): asset_parcel_intelligence.csv, deal_fingerprints.csv, deal_pipeline.csv, distress_watchlist.csv"
2026-08-09,20260809-233153-e892ad29,Berkadia Arranges Recapitalization of MF Within Chicago MSA,PRJ-20260809-0125,Recapitalization - Other / Unknown - Berkadia Arranges Recapitalization of MF Within Chicago MSA,other unknown,Other / Unknown,Other / Unknown,Unknown,Berkadia,berkadia,General Residential,relationship_graph.csv,7,100,exact address + developer match,DUP-0125,No,"Matched across 6 source file(s): asset_parcel_intelligence.csv, deal_fingerprints.csv, deal_pipeline.csv, distress_watchlist.csv"
2026-08-09,20260809-233153-e892ad29,Berkadia Arranges Recapitalization of MF Within Chicago MSA,PRJ-20260809-0125,Recapitalization - Other / Unknown - Berkadia Arranges Recapitalization of MF Within Chicago MSA,other unknown,Other / Unknown,Other / Unknown,Unknown,Berkadia,Recapitalization - Other / Unknown - Berkadia Arranges Recapitalization of MF Within Chicago MSA,General Residential,relationship_graph.csv,7,100,exact address + developer match,DUP-0125,No,"Matched across 6 source file(s): asset_parcel_intelligence.csv, deal_fingerprints.csv, deal_pipeline.csv, distress_watchlist.csv"
2026-08-09,20260809-233153-e892ad29,Refinancing - California - San Jose Area Senior Multifamily Community Sells for $103M,PRJ-20260809-0059,Refinancing - California - San Jose Area Senior Multifamily Community Sells for $103M,california,California,California,Unknown,Alliance Residential,Unknown,Multifamily,deal_fingerprints.csv,7,100,exact address + developer match,DUP-0059,No,"Matched across 5 source file(s): deal_fingerprints.csv, distress_watchlist.csv, la_lifecycle_transition_watch.csv, opportunity_radar.csv"
2026-08-09,20260809-233153-e892ad29,Refinancing - California - San Jose Area Senior Multifamily Community Sells for $103M,PRJ-20260809-0059,Refinancing - California - San Jose Area Senior Multifamily Community Sells for $103M,california,California,Other / Unknown,California,Alliance Residential,Unknown,Multifamily,la_lifecycle_transition_watch.csv,7,100,exact address + developer match,DUP-0059,No,"Matched across 5 source file(s): deal_fingerprints.csv, distress_watchlist.csv, la_lifecycle_transition_watch.csv, opportunity_radar.csv"
2026-08-09,20260809-233153-e892ad29,Refinancing - California - San Jose Area Senior Multifamily Community Sells for $103M,PRJ-20260809-0059,Refinancing - California - San Jose Area Senior Multifamily Community Sells for $103M,california,California,California,Unknown,Alliance Residential,Unknown,Multifamily,opportunity_radar.csv,7,100,exact address + developer match,DUP-0059,No,"Matched across 5 source file(s): deal_fingerprints.csv, distress_watchlist.csv, la_lifecycle_transition_watch.csv, opportunity_radar.csv"
2026-08-09,20260809-233153-e892ad29,Refinancing - California - San Jose Area Senior Multifamily Community Sells for $103M,PRJ-20260809-0059,Refinancing - California - San Jose Area Senior Multifamily Community Sells for $103M,california,California,California,Unknown,Alliance Residential,Unknown,Multifamily,distress_watchlist.csv,7,100,exact address + developer match,DUP-0059,No,"Matched across 5 source file(s): deal_fingerprints.csv, distress_watchlist.csv, la_lifecycle_transition_watch.csv, opportunity_radar.csv"
2026-08-09,20260809-233153-e892ad29,San Jose Area Senior Multifamily Community Sells for $103M,PRJ-20260809-0059,Refinancing - California - San Jose Area Senior Multifamily Community Sells for $103M,california,California,California,Unknown,Alliance Residential,California,General Residential,relationship_graph.csv,7,100,exact address + developer match,DUP-0059,No,"Matched across 5 source file(s): deal_fingerprints.csv, distress_watchlist.csv, la_lifecycle_transition_watch.csv, opportunity_radar.csv"
2026-08-09,20260809-233153-e892ad29,San Jose Area Senior Multifamily Community Sells for $103M,PRJ-20260809-0059,Refinancing - California - San Jose Area Senior Multifamily Community Sells for $103M,california,California,California,Unknown,Alliance Residential,Refinancing - California - San Jose Area Senior Multifamily Community Sells for $103M,General Residential,relationship_graph.csv,7,100,exact address + developer match,DUP-0059,No,"Matched across 5 source file(s): deal_fingerprints.csv, distress_watchlist.csv, la_lifecycle_transition_watch.csv, opportunity_radar.csv"
2026-08-09,20260809-233153-e892ad29,San Jose Area Senior Multifamily Community Sells for $103M,PRJ-20260809-0059,Refinancing - California - San Jose Area Senior Multifamily Community Sells for $103M,california,California,California,Unknown,Alliance Residential,San Jose,General Residential,relationship_graph.csv,7,100,exact address + developer match,DUP-0059,No,"Matched across 5 source file(s): deal_fingerprints.csv, distress_watchlist.csv, la_lifecycle_transition_watch.csv, opportunity_radar.csv"
2026-08-09,20260809-233153-e892ad29,Refinancing - Other / Unknown - Bridge Investment Group Provides $67M Refi for Value-Add Multifamily Outside Boston,PRJ-20260809-0139,Refinancing - Other / Unknown - Bridge Investment Group Provides $67M Refi for Value-Add Multifamily Outside Boston,other unknown,Other / Unknown,Unknown,Unknown,JLL,JLL,Multifamily,asset_parcel_intelligence.csv,7,100,exact address + developer match,DUP-0139,No,"Matched across 6 source file(s): asset_parcel_intelligence.csv, deal_fingerprints.csv, deal_pipeline.csv, distress_watchlist.csv"
2026-08-09,20260809-233153-e892ad29,Refinancing - Other / Unknown - Bridge Investment Group Provides $67M Refi for Value-Add Multifamily Outside Boston,PRJ-20260809-0139,Refinancing - Other / Unknown - Bridge Investment Group Provides $67M Refi for Value-Add Multifamily Outside Boston,other unknown,Other / Unknown,Other / Unknown,Unknown,JLL,Unknown,Multifamily,deal_fingerprints.csv,7,100,exact address + developer match,DUP-0139,No,"Matched across 6 source file(s): asset_parcel_intelligence.csv, deal_fingerprints.csv, deal_pipeline.csv, distress_watchlist.csv"
2026-08-09,20260809-233153-e892ad29,Refinancing - Other / Unknown - Bridge Investment Group Provides $67M Refi for Value-Add Multifamily Outside Boston,PRJ-20260809-0139,Refinancing - Other / Unknown - Bridge Investment Group Provides $67M Refi for Value-Add Multifamily Outside Boston,other unknown,Other / Unknown,Other / Unknown,Unknown,JLL,jll,Multifamily,deal_pipeline.csv,7,100,exact address + developer match,DUP-0139,No,"Matched across 6 source file(s): asset_parcel_intelligence.csv, deal_fingerprints.csv, deal_pipeline.csv, distress_watchlist.csv"
2026-08-09,20260809-233153-e892ad29,Refinancing - Other / Unknown - Bridge Investment Group Provides $67M Refi for Value-Add Multifamily Outside Boston,PRJ-20260809-0139,Refinancing - Other / Unknown - Bridge Investment Group Provides $67M Refi for Value-Add Multifamily Outside Boston,other unknown,Other / Unknown,Other / Unknown,Unknown,JLL,Unknown,Multifamily,opportunity_radar.csv,7,100,exact address + developer match,DUP-0139,No,"Matched across 6 source file(s): asset_parcel_intelligence.csv, deal_fingerprints.csv, deal_pipeline.csv, distress_watchlist.csv"
2026-08-09,20260809-233153-e892ad29,Refinancing - Other / Unknown - Bridge Investment Group Provides $67M Refi for Value-Add Multifamily Outside Boston,PRJ-20260809-0139,Refinancing - Other / Unknown - Bridge Investment Group Provides $67M Refi for Value-Add Multifamily Outside Boston,other unknown,Other / Unknown,Other / Unknown,Unknown,JLL,JLL,Multifamily,distress_watchlist.csv,7,100,exact address + developer match,DUP-0139,No,"Matched across 6 source file(s): asset_parcel_intelligence.csv, deal_fingerprints.csv, deal_pipeline.csv, distress_watchlist.csv"
2026-08-09,20260809-233153-e892ad29,Bridge Investment Group Provides $67M Refi for Value-Add Multifamily Outside Boston,PRJ-20260809-0139,Refinancing - Other / Unknown - Bridge Investment Group Provides $67M Refi for Value-Add Multifamily Outside Boston,other unknown,Other / Unknown,Other / Unknown,Unknown,JLL,jll,General Residential,relationship_graph.csv,7,100,exact address + developer match,DUP-0139,No,"Matched across 6 source file(s): asset_parcel_intelligence.csv, deal_fingerprints.csv, deal_pipeline.csv, distress_watchlist.csv"
2026-08-09,20260809-233153-e892ad29,Bridge Investment Group Provides $67M Refi for Value-Add Multifamily Outside Boston,PRJ-20260809-0139,Refinancing - Other / Unknown - Bridge Investment Group Provides $67M Refi for Value-Add Multifamily Outside Boston,other unknown,Other / Unknown,Other / Unknown,Unknown,JLL,Refinancing - Other / Unknown - Bridge Investment Group Provides $67M Refi for Value-Add Multifamily Outside Boston,General Residential,relationship_graph.csv,7,100,exact address + developer match,DUP-0139,No,"Matched across 6 source file(s): asset_parcel_intelligence.csv, deal_fingerprints.csv, deal_pipeline.csv, distress_watchlist.csv"
2026-08-09,20260809-233153-e892ad29,Acquisition - Phoenix / Arizona - Rockwell Pays $42M for 182-Unit Scottsdale Rental Community,PRJ-20260809-0147,Acquisition - Phoenix / Arizona - Rockwell Pays $42M for 182-Unit Scottsdale Rental Community,phoenix arizona,Phoenix / Arizona,Phoenix / Arizona,Unknown,Unknown,Unknown,Apartment,deal_fingerprints.csv,7,80,address/location + market match,DUP-0147,No,"Matched across 3 source file(s): deal_fingerprints.csv, distress_watchlist.csv, opportunity_radar.csv"
2026-08-09,20260809-233153-e892ad29,Acquisition - Phoenix / Arizona - ColRich Pays $52.4M for Mesa Rental Community,PRJ-20260809-0147,Acquisition - Phoenix / Arizona - Rockwell Pays $42M for 182-Unit Scottsdale Rental Community,phoenix arizona,Phoenix / Arizona,Phoenix / Arizona,Unknown,Unknown,Unknown,Apartment,deal_fingerprints.csv,7,80,address/location + market match,DUP-0147,No,"Matched across 3 source file(s): deal_fingerprints.csv, distress_watchlist.csv, opportunity_radar.csv"
2026-08-09,20260809-233153-e892ad29,BTR / Build-to-Rent - Phoenix / Arizona - Phoenix BTR Investor Inks $73.1M Bridge Loan,PRJ-20260809-0147,Acquisition - Phoenix / Arizona - Rockwell Pays $42M for 182-Unit Scottsdale Rental Community,phoenix arizona,Phoenix / Arizona,Phoenix / Arizona,Unknown,Unknown,Unknown,BTR / Single-Family Rental,deal_fingerprints.csv,7,80,address/location + market match,DUP-0147,No,"Matched across 3 source file(s): deal_fingerprints.csv, distress_watchlist.csv, opportunity_radar.csv"
2026-08-09,20260809-233153-e892ad29,BTR / Build-to-Rent - Phoenix / Arizona - Phoenix BTR Investor Inks $73.1M Bridge Loan,PRJ-20260809-0147,Acquisition - Phoenix / Arizona - Rockwell Pays $42M for 182-Unit Scottsdale Rental Community,phoenix arizona,Phoenix / Arizona,Phoenix / Arizona,Unknown,Unknown,Unknown,BTR / Single-Family Rental,opportunity_radar.csv,7,80,address/location + market match,DUP-0147,No,"Matched across 3 source file(s): deal_fingerprints.csv, distress_watchlist.csv, opportunity_radar.csv"
2026-08-09,20260809-233153-e892ad29,Acquisition - Phoenix / Arizona - Rockwell Pays $42M for 182-Unit Scottsdale Rental Community,PRJ-20260809-0147,Acquisition - Phoenix / Arizona - Rockwell Pays $42M for 182-Unit Scottsdale Rental Community,phoenix arizona,Phoenix / Arizona,Phoenix / Arizona,Unknown,Unknown,Unknown,Apartment,opportunity_radar.csv,7,80,address/location + market match,DUP-0147,No,"Matched across 3 source file(s): deal_fingerprints.csv, distress_watchlist.csv, opportunity_radar.csv"
2026-08-09,20260809-233153-e892ad29,Acquisition - Phoenix / Arizona - ColRich Pays $52.4M for Mesa Rental Community,PRJ-20260809-0147,Acquisition - Phoenix / Arizona - Rockwell Pays $42M for 182-Unit Scottsdale Rental Community,phoenix arizona,Phoenix / Arizona,Phoenix / Arizona,Unknown,Unknown,Unknown,Apartment,opportunity_radar.csv,7,80,address/location + market match,DUP-0147,No,"Matched across 3 source file(s): deal_fingerprints.csv, distress_watchlist.csv, opportunity_radar.csv"
2026-08-09,20260809-233153-e892ad29,BTR / Build-to-Rent - Phoenix / Arizona - Phoenix BTR Investor Inks $73.1M Bridge Loan,PRJ-20260809-0147,Acquisition - Phoenix / Arizona - Rockwell Pays $42M for 182-Unit Scottsdale Rental Community,phoenix arizona,Phoenix / Arizona,Phoenix / Arizona,Unknown,Unknown,Unknown,BTR / Single-Family Rental,distress_watchlist.csv,7,80,address/location + market match,DUP-0147,No,"Matched across 3 source file(s): deal_fingerprints.csv, distress_watchlist.csv, opportunity_radar.csv"
2026-08-09,20260809-233153-e892ad29,Development Start - California - Groundbreaking Ceremony to be Held Today at 700 East Saint John Street in San Jose,PRJ-20260809-0067,"Office-to-Residential Conversion - San Francisco / California - Permits For Conversion at 150 Hayes Street, San Francisco",california,California,Other / Unknown,California,Unknown,Unknown,Affordable Housing,la_lifecycle_transition_watch.csv,7,80,address/location + market match,DUP-0067,No,Matched across 1 source file(s): la_lifecycle_transition_watch.csv
2026-08-09,20260809-233153-e892ad29,Groundbreaking Ceremony to be Held Today at 700 East Saint John Street in San Jose,PRJ-20260809-0067,"Office-to-Residential Conversion - San Francisco / California - Permits For Conversion at 150 Hayes Street, San Francisco",california,California,Other / Unknown,California,Unknown,Unknown,Affordable Housing,la_lifecycle_transition_watch.csv,7,80,address/location + market match,DUP-0067,No,Matched across 1 source file(s): la_lifecycle_transition_watch.csv
2026-08-09,20260809-233153-e892ad29,"Office-to-Residential Conversion - San Francisco / California - Permits For Conversion at 150 Hayes Street, San Francisco",PRJ-20260809-0067,"Office-to-Residential Conversion - San Francisco / California - Permits For Conversion at 150 Hayes Street, San Francisco",california,California,Other / Unknown,California,Unknown,Unknown,General Residential,la_lifecycle_transition_watch.csv,7,80,address/location + market match,DUP-0067,No,Matched across 1 source file(s): la_lifecycle_transition_watch.csv
2026-08-09,20260809-233153-e892ad29,"Entitlement / Permitting - San Francisco / California - Updated Permits Filed For 20 Fountain Street, San Francisco",PRJ-20260809-0067,"Office-to-Residential Conversion - San Francisco / California - Permits For Conversion at 150 Hayes Street, San Francisco",california,California,Other / Unknown,California,Unknown,Unknown,Apartment,la_lifecycle_transition_watch.csv,7,80,address/location + market match,DUP-0067,No,Matched across 1 source file(s): la_lifecycle_transition_watch.csv
2026-08-09,20260809-233153-e892ad29,Costa Mesa Multifamily Changes Hands for Value-Add Repositioning,PRJ-20260809-0067,"Office-to-Residential Conversion - San Francisco / California - Permits For Conversion at 150 Hayes Street, San Francisco",california,California,Other / Unknown,California,Unknown,Unknown,Apartment,la_lifecycle_transition_watch.csv,7,80,address/location + market match,DUP-0067,No,Matched across 1 source file(s): la_lifecycle_transition_watch.csv
2026-08-09,20260809-233153-e892ad29,"Permits For Conversion at 150 Hayes Street, San Francisco",PRJ-20260809-0067,"Office-to-Residential Conversion - San Francisco / California - Permits For Conversion at 150 Hayes Street, San Francisco",california,California,Other / Unknown,California,Unknown,Unknown,General Residential,la_lifecycle_transition_watch.csv,7,80,address/location + market match,DUP-0067,No,Matched across 1 source file(s): la_lifecycle_transition_watch.csv
2026-08-09,20260809-233153-e892ad29,"Updated Permits Filed For 20 Fountain Street, San Francisco",PRJ-20260809-0067,"Office-to-Residential Conversion - San Francisco / California - Permits For Conversion at 150 Hayes Street, San Francisco",california,California,Other / Unknown,California,Unknown,Unknown,Apartment,la_lifecycle_transition_watch.csv,7,80,address/location + market match,DUP-0067,No,Matched across 1 source file(s): la_lifecycle_transition_watch.csv
2026-08-09,20260809-233153-e892ad29,Refinancing - Seattle - Mesa West Capital Originates $52M Refinance for Seattle-Area Apartments,PRJ-20260809-0164,Refinancing - Seattle - Mesa West Capital Originates $52M Refinance for Seattle-Area Apartments,seattle,Seattle,Seattle,Seattle,Unknown,Unknown,Apartment,asset_parcel_intelligence.csv,7,80,address/location + market match,DUP-0164,No,"Matched across 7 source file(s): asset_parcel_intelligence.csv, deal_fingerprints.csv, deal_pipeline.csv, development_lifecycle.csv"
2026-08-09,20260809-233153-e892ad29,Refinancing - Seattle - Mesa West Capital Originates $52M Refinance for Seattle-Area Apartments,PRJ-20260809-0164,Refinancing - Seattle - Mesa West Capital Originates $52M Refinance for Seattle-Area Apartments,seattle,Seattle,Seattle,Unknown,Unknown,Unknown,Apartment,deal_fingerprints.csv,7,80,address/location + market match,DUP-0164,No,"Matched across 7 source file(s): asset_parcel_intelligence.csv, deal_fingerprints.csv, deal_pipeline.csv, development_lifecycle.csv"
2026-08-09,20260809-233153-e892ad29,Refinancing - Seattle - Mesa West Capital Originates $52M Refinance for Seattle-Area Apartments,PRJ-20260809-0164,Refinancing - Seattle - Mesa West Capital Originates $52M Refinance for Seattle-Area Apartments,seattle,Seattle,Seattle,Seattle,Unknown,Unknown,Apartment,deal_pipeline.csv,7,80,address/location + market match,DUP-0164,No,"Matched across 7 source file(s): asset_parcel_intelligence.csv, deal_fingerprints.csv, deal_pipeline.csv, development_lifecycle.csv"
2026-08-09,20260809-233153-e892ad29,Refinancing - Seattle - Mesa West Capital Originates $52M Refinance for Seattle-Area Apartments,PRJ-20260809-0164,Refinancing - Seattle - Mesa West Capital Originates $52M Refinance for Seattle-Area Apartments,seattle,Seattle,Seattle,Seattle,Unknown,Unknown,Apartment,development_lifecycle.csv,7,80,address/location + market match,DUP-0164,No,"Matched across 7 source file(s): asset_parcel_intelligence.csv, deal_fingerprints.csv, deal_pipeline.csv, development_lifecycle.csv"
2026-08-09,20260809-233153-e892ad29,Refinancing - Seattle - Mesa West Capital Originates $52M Refinance for Seattle-Area Apartments,PRJ-20260809-0164,Refinancing - Seattle - Mesa West Capital Originates $52M Refinance for Seattle-Area Apartments,seattle,Seattle,Seattle,Seattle,Unknown,Unknown,Apartment,lifecycle_transition.csv,7,80,address/location + market match,DUP-0164,No,"Matched across 7 source file(s): asset_parcel_intelligence.csv, deal_fingerprints.csv, deal_pipeline.csv, development_lifecycle.csv"
2026-08-09,20260809-233153-e892ad29,Refinancing - Seattle - Mesa West Capital Originates $52M Refinance for Seattle-Area Apartments,PRJ-20260809-0164,Refinancing - Seattle - Mesa West Capital Originates $52M Refinance for Seattle-Area Apartments,seattle,Seattle,Seattle,Unknown,Unknown,Unknown,Apartment,opportunity_radar.csv,7,80,address/location + market match,DUP-0164,No,"Matched across 7 source file(s): asset_parcel_intelligence.csv, deal_fingerprints.csv, deal_pipeline.csv, development_lifecycle.csv"
2026-08-09,20260809-233153-e892ad29,Refinancing - Seattle - Mesa West Capital Originates $52M Refinance for Seattle-Area Apartments,PRJ-20260809-0164,Refinancing - Seattle - Mesa West Capital Originates $52M Refinance for Seattle-Area Apartments,seattle,Seattle,Seattle,Unknown,Unknown,Unknown,Apartment,distress_watchlist.csv,7,80,address/location + market match,DUP-0164,No,"Matched across 7 source file(s): asset_parcel_intelligence.csv, deal_fingerprints.csv, deal_pipeline.csv, development_lifecycle.csv"
2026-08-09,20260809-233153-e892ad29,Acquisition - Atlanta / Georgia - Walton Communities Offloads Two Atlanta Rental Properties,PRJ-20260809-0045,Acquisition - Atlanta / Georgia - Walton Communities Offloads Two Atlanta Rental Properties,atlanta georgia,Atlanta / Georgia,Atlanta / Georgia,Unknown,JLL,Unknown,Affordable Housing,deal_fingerprints.csv,6,100,exact address + developer match,DUP-0045,No,"Matched across 3 source file(s): deal_fingerprints.csv, opportunity_radar.csv, relationship_graph.csv"
2026-08-09,20260809-233153-e892ad29,Acquisition - Atlanta / Georgia - Walton Communities Offloads Two Atlanta Rental Properties,PRJ-20260809-0045,Acquisition - Atlanta / Georgia - Walton Communities Offloads Two Atlanta Rental Properties,atlanta georgia,Atlanta / Georgia,Atlanta / Georgia,Unknown,JLL,Unknown,Affordable Housing,opportunity_radar.csv,6,100,exact address + developer match,DUP-0045,No,"Matched across 3 source file(s): deal_fingerprints.csv, opportunity_radar.csv, relationship_graph.csv"
2026-08-09,20260809-233153-e892ad29,Walton Communities Offloads Two Atlanta Rental Properties,PRJ-20260809-0045,Acquisition - Atlanta / Georgia - Walton Communities Offloads Two Atlanta Rental Properties,atlanta georgia,Atlanta / Georgia,Atlanta / Georgia,Unknown,JLL,jll,General Residential,relationship_graph.csv,6,100,exact address + developer match,DUP-0045,No,"Matched across 3 source file(s): deal_fingerprints.csv, opportunity_radar.csv, relationship_graph.csv"
2026-08-09,20260809-233153-e892ad29,Walton Communities Offloads Two Atlanta Rental Properties,PRJ-20260809-0045,Acquisition - Atlanta / Georgia - Walton Communities Offloads Two Atlanta Rental Properties,atlanta georgia,Atlanta / Georgia,Atlanta / Georgia,Unknown,JLL,Acquisition - Atlanta / Georgia - Walton Communities Offloads Two Atlanta Rental Properties,General Residential,relationship_graph.csv,6,100,exact address + developer match,DUP-0045,No,"Matched across 3 source file(s): deal_fingerprints.csv, opportunity_radar.csv, relationship_graph.csv"
2026-08-09,20260809-233153-e892ad29,Walton Communities Offloads Two Atlanta Rental Properties,PRJ-20260809-0045,Acquisition - Atlanta / Georgia - Walton Communities Offloads Two Atlanta Rental Properties,atlanta georgia,Atlanta / Georgia,Atlanta / Georgia,Unknown,JLL,Atlanta,General Residential,relationship_graph.csv,6,100,exact address + developer match,DUP-0045,No,"Matched across 3 source file(s): deal_fingerprints.csv, opportunity_radar.csv, relationship_graph.csv"
2026-08-09,20260809-233153-e892ad29,Walton Communities Offloads Two Atlanta Rental Properties,PRJ-20260809-0045,Acquisition - Atlanta / Georgia - Walton Communities Offloads Two Atlanta Rental Properties,atlanta georgia,Atlanta / Georgia,Atlanta / Georgia,Unknown,JLL,Atlanta / Georgia,General Residential,relationship_graph.csv,6,100,exact address + developer match,DUP-0045,No,"Matched across 3 source file(s): deal_fingerprints.csv, opportunity_radar.csv, relationship_graph.csv"
2026-08-09,20260809-233153-e892ad29,"Acquisition - Louisville / Kentucky - Northmarq Arranges Sale of 190-Unit Multifamily Property in Jeffersonville, Indiana",PRJ-20260809-0104,"Acquisition - Louisville / Kentucky - Northmarq Arranges Sale of 190-Unit Multifamily Property in Jeffersonville, Indiana",louisville kentucky,Louisville / Kentucky,Louisville / Kentucky,Unknown,Fannie Mae,Unknown,Multifamily,deal_fingerprints.csv,6,100,exact address + developer match,DUP-0104,No,"Matched across 3 source file(s): deal_fingerprints.csv, opportunity_radar.csv, relationship_graph.csv"
2026-08-09,20260809-233153-e892ad29,"Acquisition - Louisville / Kentucky - Northmarq Arranges Sale of 190-Unit Multifamily Property in Jeffersonville, Indiana",PRJ-20260809-0104,"Acquisition - Louisville / Kentucky - Northmarq Arranges Sale of 190-Unit Multifamily Property in Jeffersonville, Indiana",louisville kentucky,Louisville / Kentucky,Louisville / Kentucky,Unknown,Fannie Mae,Unknown,Multifamily,opportunity_radar.csv,6,100,exact address + developer match,DUP-0104,No,"Matched across 3 source file(s): deal_fingerprints.csv, opportunity_radar.csv, relationship_graph.csv"
2026-08-09,20260809-233153-e892ad29,"Northmarq Arranges Sale of 190-Unit Multifamily Property in Jeffersonville, Indiana",PRJ-20260809-0104,"Acquisition - Louisville / Kentucky - Northmarq Arranges Sale of 190-Unit Multifamily Property in Jeffersonville, Indiana",louisville kentucky,Louisville / Kentucky,Louisville / Kentucky,Unknown,Fannie Mae,fannie mae,General Residential,relationship_graph.csv,6,100,exact address + developer match,DUP-0104,No,"Matched across 3 source file(s): deal_fingerprints.csv, opportunity_radar.csv, relationship_graph.csv"
2026-08-09,20260809-233153-e892ad29,"Northmarq Arranges Sale of 190-Unit Multifamily Property in Jeffersonville, Indiana",PRJ-20260809-0104,"Acquisition - Louisville / Kentucky - Northmarq Arranges Sale of 190-Unit Multifamily Property in Jeffersonville, Indiana",louisville kentucky,Louisville / Kentucky,Louisville / Kentucky,Unknown,Fannie Mae,"Acquisition - Louisville / Kentucky - Northmarq Arranges Sale of 190-Unit Multifamily Property in Jeffersonville, Indiana",General Residential,relationship_graph.csv,6,100,exact address + developer match,DUP-0104,No,"Matched across 3 source file(s): deal_fingerprints.csv, opportunity_radar.csv, relationship_graph.csv"
2026-08-09,20260809-233153-e892ad29,"Northmarq Arranges Sale of 190-Unit Multifamily Property in Jeffersonville, Indiana",PRJ-20260809-0104,"Acquisition - Louisville / Kentucky - Northmarq Arranges Sale of 190-Unit Multifamily Property in Jeffersonville, Indiana",louisville kentucky,Louisville / Kentucky,Louisville / Kentucky,Unknown,Fannie Mae,Louisville,General Residential,relationship_graph.csv,6,100,exact address + developer match,DUP-0104,No,"Matched across 3 source file(s): deal_fingerprints.csv, opportunity_radar.csv, relationship_graph.csv"
2026-08-09,20260809-233153-e892ad29,"Northmarq Arranges Sale of 190-Unit Multifamily Property in Jeffersonville, Indiana",PRJ-20260809-0104,"Acquisition - Louisville / Kentucky - Northmarq Arranges Sale of 190-Unit Multifamily Property in Jeffersonville, Indiana",louisville kentucky,Louisville / Kentucky,Louisville / Kentucky,Unknown,Fannie Mae,Louisville / Kentucky,General Residential,relationship_graph.csv,6,100,exact address + developer match,DUP-0104,No,"Matched across 3 source file(s): deal_fingerprints.csv, opportunity_radar.csv, relationship_graph.csv"
2026-08-09,20260809-233153-e892ad29,Construction Financing - Phoenix / Arizona - RXR-Led Team Lands Construction Financing for 301-Unit Denver Rental Community,PRJ-20260809-0146,Construction Financing - Phoenix / Arizona - RXR-Led Team Lands Construction Financing for 301-Unit Denver Rental Community,phoenix arizona,Phoenix / Arizona,Phoenix / Arizona,Unknown,RXR,Unknown,Apartment,deal_fingerprints.csv,6,100,exact address + developer match,DUP-0146,No,"Matched across 4 source file(s): deal_fingerprints.csv, distress_watchlist.csv, opportunity_radar.csv, relationship_graph.csv"
2026-08-09,20260809-233153-e892ad29,Construction Financing - Phoenix / Arizona - RXR-Led Team Lands Construction Financing for 301-Unit Denver Rental Community,PRJ-20260809-0146,Construction Financing - Phoenix / Arizona - RXR-Led Team Lands Construction Financing for 301-Unit Denver Rental Community,phoenix arizona,Phoenix / Arizona,Phoenix / Arizona,Unknown,RXR,Unknown,Apartment,opportunity_radar.csv,6,100,exact address + developer match,DUP-0146,No,"Matched across 4 source file(s): deal_fingerprints.csv, distress_watchlist.csv, opportunity_radar.csv, relationship_graph.csv"
2026-08-09,20260809-233153-e892ad29,Construction Financing - Phoenix / Arizona - RXR-Led Team Lands Construction Financing for 301-Unit Denver Rental Community,PRJ-20260809-0146,Construction Financing - Phoenix / Arizona - RXR-Led Team Lands Construction Financing for 301-Unit Denver Rental Community,phoenix arizona,Phoenix / Arizona,Phoenix / Arizona,Unknown,RXR,Unknown,Apartment,distress_watchlist.csv,6,100,exact address + developer match,DUP-0146,No,"Matched across 4 source file(s): deal_fingerprints.csv, distress_watchlist.csv, opportunity_radar.csv, relationship_graph.csv"
2026-08-09,20260809-233153-e892ad29,RXR-Led Team Lands Construction Financing for 301-Unit Denver Rental Community,PRJ-20260809-0146,Construction Financing - Phoenix / Arizona - RXR-Led Team Lands Construction Financing for 301-Unit Denver Rental Community,phoenix arizona,Phoenix / Arizona,Phoenix / Arizona,Unknown,RXR,Construction Financing - Phoenix / Arizona - RXR-Led Team Lands Construction Financing for 301-Unit Denver Rental Community,General Residential,relationship_graph.csv,6,100,exact address + developer match,DUP-0146,No,"Matched across 4 source file(s): deal_fingerprints.csv, distress_watchlist.csv, opportunity_radar.csv, relationship_graph.csv"
2026-08-09,20260809-233153-e892ad29,RXR-Led Team Lands Construction Financing for 301-Unit Denver Rental Community,PRJ-20260809-0146,Construction Financing - Phoenix / Arizona - RXR-Led Team Lands Construction Financing for 301-Unit Denver Rental Community,phoenix arizona,Phoenix / Arizona,Phoenix / Arizona,Unknown,RXR,Phoenix,General Residential,relationship_graph.csv,6,100,exact address + developer match,DUP-0146,No,"Matched across 4 source file(s): deal_fingerprints.csv, distress_watchlist.csv, opportunity_radar.csv, relationship_graph.csv"
2026-08-09,20260809-233153-e892ad29,RXR-Led Team Lands Construction Financing for 301-Unit Denver Rental Community,PRJ-20260809-0146,Construction Financing - Phoenix / Arizona - RXR-Led Team Lands Construction Financing for 301-Unit Denver Rental Community,phoenix arizona,Phoenix / Arizona,Phoenix / Arizona,Unknown,RXR,Phoenix / Arizona,General Residential,relationship_graph.csv,6,100,exact address + developer match,DUP-0146,No,"Matched across 4 source file(s): deal_fingerprints.csv, distress_watchlist.csv, opportunity_radar.csv, relationship_graph.csv"
2026-08-09,20260809-233153-e892ad29,"Disposition / Exit - Austin / Texas - JLL, Cousins Link Up on Two Austin Office Transactions",PRJ-20260809-0057,"Disposition / Exit - Austin / Texas - JLL, Cousins Link Up on Two Austin Office Transactions",austin texas,Austin / Texas,Austin / Texas,Unknown,JLL,Unknown,General Residential,deal_fingerprints.csv,6,100,exact address + developer match,DUP-0057,No,"Matched across 3 source file(s): deal_fingerprints.csv, opportunity_radar.csv, relationship_graph.csv"
2026-08-09,20260809-233153-e892ad29,"Disposition / Exit - Austin / Texas - JLL, Cousins Link Up on Two Austin Office Transactions",PRJ-20260809-0057,"Disposition / Exit - Austin / Texas - JLL, Cousins Link Up on Two Austin Office Transactions",austin texas,Austin / Texas,Austin / Texas,Unknown,JLL,Unknown,General Residential,opportunity_radar.csv,6,100,exact address + developer match,DUP-0057,No,"Matched across 3 source file(s): deal_fingerprints.csv, opportunity_radar.csv, relationship_graph.csv"
2026-08-09,20260809-233153-e892ad29,"JLL, Cousins Link Up on Two Austin Office Transactions",PRJ-20260809-0057,"Disposition / Exit - Austin / Texas - JLL, Cousins Link Up on Two Austin Office Transactions",austin texas,Austin / Texas,Austin / Texas,Unknown,JLL,jll,General Residential,relationship_graph.csv,6,100,exact address + developer match,DUP-0057,No,"Matched across 3 source file(s): deal_fingerprints.csv, opportunity_radar.csv, relationship_graph.csv"
2026-08-09,20260809-233153-e892ad29,"JLL, Cousins Link Up on Two Austin Office Transactions",PRJ-20260809-0057,"Disposition / Exit - Austin / Texas - JLL, Cousins Link Up on Two Austin Office Transactions",austin texas,Austin / Texas,Austin / Texas,Unknown,JLL,Austin,General Residential,relationship_graph.csv,6,100,exact address + developer match,DUP-0057,No,"Matched across 3 source file(s): deal_fingerprints.csv, opportunity_radar.csv, relationship_graph.csv"
2026-08-09,20260809-233153-e892ad29,"JLL, Cousins Link Up on Two Austin Office Transactions",PRJ-20260809-0057,"Disposition / Exit - Austin / Texas - JLL, Cousins Link Up on Two Austin Office Transactions",austin texas,Austin / Texas,Austin / Texas,Unknown,JLL,Austin / Texas,General Residential,relationship_graph.csv,6,100,exact address + developer match,DUP-0057,No,"Matched across 3 source file(s): deal_fingerprints.csv, opportunity_radar.csv, relationship_graph.csv"
2026-08-09,20260809-233153-e892ad29,"JLL, Cousins Link Up on Two Austin Office Transactions",PRJ-20260809-0057,"Disposition / Exit - Austin / Texas - JLL, Cousins Link Up on Two Austin Office Transactions",austin texas,Austin / Texas,Austin / Texas,Unknown,JLL,"Disposition / Exit - Austin / Texas - JLL, Cousins Link Up on Two Austin Office Transactions",General Residential,relationship_graph.csv,6,100,exact address + developer match,DUP-0057,No,"Matched across 3 source file(s): deal_fingerprints.csv, opportunity_radar.csv, relationship_graph.csv"
2026-08-09,20260809-233153-e892ad29,Recapitalization - National - JLL Arranges Recapitalization of Downtown Pittsburgh Mixed-Use Property,PRJ-20260809-0119,Recapitalization - National - JLL Arranges Recapitalization of Downtown Pittsburgh Mixed-Use Property,national,National,National,Unknown,JLL,Unknown,Mixed-Use Residential,deal_fingerprints.csv,6,100,exact address + developer match,DUP-0119,No,"Matched across 4 source file(s): deal_fingerprints.csv, distress_watchlist.csv, opportunity_radar.csv, relationship_graph.csv"
2026-08-09,20260809-233153-e892ad29,Recapitalization - National - JLL Arranges Recapitalization of Downtown Pittsburgh Mixed-Use Property,PRJ-20260809-0119,Recapitalization - National - JLL Arranges Recapitalization of Downtown Pittsburgh Mixed-Use Property,national,National,National,Unknown,JLL,Unknown,Mixed-Use Residential,opportunity_radar.csv,6,100,exact address + developer match,DUP-0119,No,"Matched across 4 source file(s): deal_fingerprints.csv, distress_watchlist.csv, opportunity_radar.csv, relationship_graph.csv"
2026-08-09,20260809-233153-e892ad29,Recapitalization - National - JLL Arranges Recapitalization of Downtown Pittsburgh Mixed-Use Property,PRJ-20260809-0119,Recapitalization - National - JLL Arranges Recapitalization of Downtown Pittsburgh Mixed-Use Property,national,National,National,Unknown,JLL,JLL,Mixed-Use Residential,distress_watchlist.csv,6,100,exact address + developer match,DUP-0119,No,"Matched across 4 source file(s): deal_fingerprints.csv, distress_watchlist.csv, opportunity_radar.csv, relationship_graph.csv"
2026-08-09,20260809-233153-e892ad29,JLL Arranges Recapitalization of Downtown Pittsburgh Mixed-Use Property,PRJ-20260809-0119,Recapitalization - National - JLL Arranges Recapitalization of Downtown Pittsburgh Mixed-Use Property,national,National,National,Unknown,JLL,jll,General Residential,relationship_graph.csv,6,100,exact address + developer match,DUP-0119,No,"Matched across 4 source file(s): deal_fingerprints.csv, distress_watchlist.csv, opportunity_radar.csv, relationship_graph.csv"
2026-08-09,20260809-233153-e892ad29,JLL Arranges Recapitalization of Downtown Pittsburgh Mixed-Use Property,PRJ-20260809-0119,Recapitalization - National - JLL Arranges Recapitalization of Downtown Pittsburgh Mixed-Use Property,national,National,National,Unknown,JLL,America,General Residential,relationship_graph.csv,6,100,exact address + developer match,DUP-0119,No,"Matched across 4 source file(s): deal_fingerprints.csv, distress_watchlist.csv, opportunity_radar.csv, relationship_graph.csv"
2026-08-09,20260809-233153-e892ad29,JLL Arranges Recapitalization of Downtown Pittsburgh Mixed-Use Property,PRJ-20260809-0119,Recapitalization - National - JLL Arranges Recapitalization of Downtown Pittsburgh Mixed-Use Property,national,National,National,Unknown,JLL,Recapitalization - National - JLL Arranges Recapitalization of Downtown Pittsburgh Mixed-Use Property,General Residential,relationship_graph.csv,6,100,exact address + developer match,DUP-0119,No,"Matched across 4 source file(s): deal_fingerprints.csv, distress_watchlist.csv, opportunity_radar.csv, relationship_graph.csv"
2026-08-09,20260809-233153-e892ad29,Atlanta Beltline Advancing 218-Unit Affordable Apartment Project,PRJ-20260809-0055,Brook Farm Group Lands $73M Refinance of Luxury Multifamily Development Sinclair at Callaway Farm in Georgia,atlanta,Atlanta,Other / Unknown,Los Angeles,Unknown,Unknown,Apartment,la_asset_watch.csv,6,80,address/location + market match,DUP-0055,No,Matched across 1 source file(s): la_asset_watch.csv
2026-08-09,20260809-233153-e892ad29,Brook Farm Group Lands $73M Refinance of Luxury Multifamily Development Sinclair at Callaway Farm in Georgia,PRJ-20260809-0055,Brook Farm Group Lands $73M Refinance of Luxury Multifamily Development Sinclair at Callaway Farm in Georgia,atlanta,Atlanta,Other / Unknown,Los Angeles,Unknown,Unknown,Multifamily,la_asset_watch.csv,6,80,address/location + market match,DUP-0055,No,Matched across 1 source file(s): la_asset_watch.csv
2026-08-09,20260809-233153-e892ad29,Mesirow Pays $132M for Midtown Atlanta Apartment Community,PRJ-20260809-0055,Brook Farm Group Lands $73M Refinance of Luxury Multifamily Development Sinclair at Callaway Farm in Georgia,atlanta,Atlanta,Other / Unknown,Los Angeles,Unknown,Unknown,Apartment,la_asset_watch.csv,6,80,address/location + market match,DUP-0055,No,Matched across 1 source file(s): la_asset_watch.csv
2026-08-09,20260809-233153-e892ad29,Matt Ferrari’s PXV Multifamily makes first acquisition for $29.5M,PRJ-20260809-0055,Brook Farm Group Lands $73M Refinance of Luxury Multifamily Development Sinclair at Callaway Farm in Georgia,atlanta,Atlanta,Other / Unknown,Los Angeles,Unknown,Unknown,Multifamily,la_asset_watch.csv,6,80,address/location + market match,DUP-0055,No,Matched across 1 source file(s): la_asset_watch.csv
2026-08-09,20260809-233153-e892ad29,Developer Duo Obtains Construction Financing for $147M Atlanta Student Housing Project,PRJ-20260809-0055,Brook Farm Group Lands $73M Refinance of Luxury Multifamily Development Sinclair at Callaway Farm in Georgia,atlanta,Atlanta,Other / Unknown,Los Angeles,Unknown,Unknown,Student Housing,la_asset_watch.csv,6,80,address/location + market match,DUP-0055,No,Matched across 1 source file(s): la_asset_watch.csv
2026-08-09,20260809-233153-e892ad29,Lion Real Estate Picks Up Atlanta Apartments for $51M,PRJ-20260809-0055,Brook Farm Group Lands $73M Refinance of Luxury Multifamily Development Sinclair at Callaway Farm in Georgia,atlanta,Atlanta,Other / Unknown,Los Angeles,Unknown,Unknown,Apartment,la_asset_watch.csv,6,80,address/location + market match,DUP-0055,No,Matched across 1 source file(s): la_asset_watch.csv
2026-08-09,20260809-233153-e892ad29,JV / Partnership - New York - BFC Partners and SAA Canopy Group Joint Venture Secures $270M for Syracuse New York Afford...,PRJ-20260809-0124,JV / Partnership - New York - BFC Partners and SAA Canopy Group Joint Venture Secures $270M for Syracuse New York Afford...,new york,New York,New York,New York,Unknown,Unknown,Affordable Housing,asset_parcel_intelligence.csv,6,80,address/location + market match,DUP-0124,No,"Matched across 6 source file(s): asset_parcel_intelligence.csv, deal_fingerprints.csv, deal_pipeline.csv, development_lifecycle.csv"
2026-08-09,20260809-233153-e892ad29,JV / Partnership - New York - BFC Partners and SAA Canopy Group Joint Venture Secures $270M for Syracuse New York Afford...,PRJ-20260809-0124,JV / Partnership - New York - BFC Partners and SAA Canopy Group Joint Venture Secures $270M for Syracuse New York Afford...,new york,New York,New York,Unknown,Unknown,Unknown,Affordable Housing,deal_fingerprints.csv,6,80,address/location + market match,DUP-0124,No,"Matched across 6 source file(s): asset_parcel_intelligence.csv, deal_fingerprints.csv, deal_pipeline.csv, development_lifecycle.csv"
2026-08-09,20260809-233153-e892ad29,JV / Partnership - New York - BFC Partners and SAA Canopy Group Joint Venture Secures $270M for Syracuse New York Afford...,PRJ-20260809-0124,JV / Partnership - New York - BFC Partners and SAA Canopy Group Joint Venture Secures $270M for Syracuse New York Afford...,new york,New York,New York,New York,Unknown,Unknown,Affordable Housing,deal_pipeline.csv,6,80,address/location + market match,DUP-0124,No,"Matched across 6 source file(s): asset_parcel_intelligence.csv, deal_fingerprints.csv, deal_pipeline.csv, development_lifecycle.csv"
2026-08-09,20260809-233153-e892ad29,JV / Partnership - New York - BFC Partners and SAA Canopy Group Joint Venture Secures $270M for Syracuse New York Afford...,PRJ-20260809-0124,JV / Partnership - New York - BFC Partners and SAA Canopy Group Joint Venture Secures $270M for Syracuse New York Afford...,new york,New York,New York,New York,Unknown,Unknown,Affordable Housing,development_lifecycle.csv,6,80,address/location + market match,DUP-0124,No,"Matched across 6 source file(s): asset_parcel_intelligence.csv, deal_fingerprints.csv, deal_pipeline.csv, development_lifecycle.csv"
2026-08-09,20260809-233153-e892ad29,JV / Partnership - New York - BFC Partners and SAA Canopy Group Joint Venture Secures $270M for Syracuse New York Afford...,PRJ-20260809-0124,JV / Partnership - New York - BFC Partners and SAA Canopy Group Joint Venture Secures $270M for Syracuse New York Afford...,new york,New York,New York,New York,Unknown,Unknown,Affordable Housing,lifecycle_transition.csv,6,80,address/location + market match,DUP-0124,No,"Matched across 6 source file(s): asset_parcel_intelligence.csv, deal_fingerprints.csv, deal_pipeline.csv, development_lifecycle.csv"
2026-08-09,20260809-233153-e892ad29,JV / Partnership - New York - BFC Partners and SAA Canopy Group Joint Venture Secures $270M for Syracuse New York Afford...,PRJ-20260809-0124,JV / Partnership - New York - BFC Partners and SAA Canopy Group Joint Venture Secures $270M for Syracuse New York Afford...,new york,New York,New York,Unknown,Unknown,Unknown,Affordable Housing,opportunity_radar.csv,6,80,address/location + market match,DUP-0124,No,"Matched across 6 source file(s): asset_parcel_intelligence.csv, deal_fingerprints.csv, deal_pipeline.csv, development_lifecycle.csv"
2026-08-09,20260809-233153-e892ad29,Development Start - California - Groundbreaking Ceremony to be Held Today at 700 East Saint John Street in San Jose,PRJ-20260809-0066,Office-to-Residential Conversion - California - Affordable housing nears the finish like at 515 Pioneer Dr. in Glendale,california,California,California,Unknown,Unknown,Unknown,Affordable Housing,deal_fingerprints.csv,6,80,address/location + market match,DUP-0066,No,"Matched across 4 source file(s): deal_fingerprints.csv, development_lifecycle.csv, lifecycle_transition.csv, opportunity_radar.csv"
2026-08-09,20260809-233153-e892ad29,Office-to-Residential Conversion - California - Affordable housing nears the finish like at 515 Pioneer Dr. in Glendale,PRJ-20260809-0066,Office-to-Residential Conversion - California - Affordable housing nears the finish like at 515 Pioneer Dr. in Glendale,california,California,California,Unknown,Unknown,Unknown,Affordable Housing,deal_fingerprints.csv,6,80,address/location + market match,DUP-0066,No,"Matched across 4 source file(s): deal_fingerprints.csv, development_lifecycle.csv, lifecycle_transition.csv, opportunity_radar.csv"
2026-08-09,20260809-233153-e892ad29,Groundbreaking Ceremony to be Held Today at 700 East Saint John Street in San Jose,PRJ-20260809-0066,Office-to-Residential Conversion - California - Affordable housing nears the finish like at 515 Pioneer Dr. in Glendale,california,California,California,Unknown,Unknown,Unknown,Affordable Housing,development_lifecycle.csv,6,80,address/location + market match,DUP-0066,No,"Matched across 4 source file(s): deal_fingerprints.csv, development_lifecycle.csv, lifecycle_transition.csv, opportunity_radar.csv"
2026-08-09,20260809-233153-e892ad29,Groundbreaking Ceremony to be Held Today at 700 East Saint John Street in San Jose,PRJ-20260809-0066,Office-to-Residential Conversion - California - Affordable housing nears the finish like at 515 Pioneer Dr. in Glendale,california,California,California,Unknown,Unknown,Unknown,Affordable Housing,lifecycle_transition.csv,6,80,address/location + market match,DUP-0066,No,"Matched across 4 source file(s): deal_fingerprints.csv, development_lifecycle.csv, lifecycle_transition.csv, opportunity_radar.csv"
2026-08-09,20260809-233153-e892ad29,Office-to-Residential Conversion - California - Affordable housing nears the finish like at 515 Pioneer Dr. in Glendale,PRJ-20260809-0066,Office-to-Residential Conversion - California - Affordable housing nears the finish like at 515 Pioneer Dr. in Glendale,california,California,California,Unknown,Unknown,Unknown,Affordable Housing,opportunity_radar.csv,6,80,address/location + market match,DUP-0066,No,"Matched across 4 source file(s): deal_fingerprints.csv, development_lifecycle.csv, lifecycle_transition.csv, opportunity_radar.csv"
2026-08-09,20260809-233153-e892ad29,Development Start - California - Groundbreaking Ceremony to be Held Today at 700 East Saint John Street in San Jose,PRJ-20260809-0066,Office-to-Residential Conversion - California - Affordable housing nears the finish like at 515 Pioneer Dr. in Glendale,california,California,California,Unknown,Unknown,Unknown,Affordable Housing,opportunity_radar.csv,6,80,address/location + market match,DUP-0066,No,"Matched across 4 source file(s): deal_fingerprints.csv, development_lifecycle.csv, lifecycle_transition.csv, opportunity_radar.csv"
2026-08-09,20260809-233153-e892ad29,Acquisition - Miami / Florida - Barry Sternlicht’s Starwood Buys Two Miami Affordable Housing Rentals,PRJ-20260809-0117,Refinancing - Miami / Florida - Valley National Bank Provides $30M Value-Add Refi for Park Towers in Miami,miami,Miami,Unknown,Miami,Unknown,Unknown,Affordable Housing,asset_parcel_intelligence.csv,6,80,address/location + market match,DUP-0117,No,"Matched across 3 source file(s): asset_parcel_intelligence.csv, development_lifecycle.csv, lifecycle_transition.csv"
2026-08-09,20260809-233153-e892ad29,Refinancing - Miami / Florida - Valley National Bank Provides $30M Value-Add Refi for Park Towers in Miami,PRJ-20260809-0117,Refinancing - Miami / Florida - Valley National Bank Provides $30M Value-Add Refi for Park Towers in Miami,miami,Miami,Unknown,Miami,Unknown,Unknown,Multifamily,asset_parcel_intelligence.csv,6,80,address/location + market match,DUP-0117,No,"Matched across 3 source file(s): asset_parcel_intelligence.csv, development_lifecycle.csv, lifecycle_transition.csv"
2026-08-09,20260809-233153-e892ad29,Refinancing - Miami / Florida - Valley National Bank Provides $30M Value-Add Refi for Park Towers in Miami,PRJ-20260809-0117,Refinancing - Miami / Florida - Valley National Bank Provides $30M Value-Add Refi for Park Towers in Miami,miami,Miami,Unknown,Miami,Unknown,Unknown,Multifamily,development_lifecycle.csv,6,80,address/location + market match,DUP-0117,No,"Matched across 3 source file(s): asset_parcel_intelligence.csv, development_lifecycle.csv, lifecycle_transition.csv"
2026-08-09,20260809-233153-e892ad29,Acquisition - Miami / Florida - Barry Sternlicht’s Starwood Buys Two Miami Affordable Housing Rentals,PRJ-20260809-0117,Refinancing - Miami / Florida - Valley National Bank Provides $30M Value-Add Refi for Park Towers in Miami,miami,Miami,Unknown,Miami,Unknown,Unknown,Affordable Housing,development_lifecycle.csv,6,80,address/location + market match,DUP-0117,No,"Matched across 3 source file(s): asset_parcel_intelligence.csv, development_lifecycle.csv, lifecycle_transition.csv"
2026-08-09,20260809-233153-e892ad29,Refinancing - Miami / Florida - Valley National Bank Provides $30M Value-Add Refi for Park Towers in Miami,PRJ-20260809-0117,Refinancing - Miami / Florida - Valley National Bank Provides $30M Value-Add Refi for Park Towers in Miami,miami,Miami,Unknown,Miami,Unknown,Unknown,Multifamily,lifecycle_transition.csv,6,80,address/location + market match,DUP-0117,No,"Matched across 3 source file(s): asset_parcel_intelligence.csv, development_lifecycle.csv, lifecycle_transition.csv"
2026-08-09,20260809-233153-e892ad29,Acquisition - Miami / Florida - Barry Sternlicht’s Starwood Buys Two Miami Affordable Housing Rentals,PRJ-20260809-0117,Refinancing - Miami / Florida - Valley National Bank Provides $30M Value-Add Refi for Park Towers in Miami,miami,Miami,Unknown,Miami,Unknown,Unknown,Affordable Housing,lifecycle_transition.csv,6,80,address/location + market match,DUP-0117,No,"Matched across 3 source file(s): asset_parcel_intelligence.csv, development_lifecycle.csv, lifecycle_transition.csv"
2026-08-09,20260809-233153-e892ad29,Acquisition - Atlanta / Georgia - Walton Communities Offloads Two Atlanta Rental Properties,PRJ-20260809-0052,Acquisition - Atlanta / Georgia - Walton Communities Offloads Two Atlanta Rental Properties,atlanta,Atlanta,Unknown,Atlanta,JLL,JLL,Affordable Housing,asset_parcel_intelligence.csv,5,100,exact address + developer match,DUP-0052,No,"Matched across 5 source file(s): asset_parcel_intelligence.csv, deal_pipeline.csv, development_lifecycle.csv, la_asset_watch.csv"
2026-08-09,20260809-233153-e892ad29,Walton Communities Offloads Two Atlanta Rental Properties,PRJ-20260809-0052,Acquisition - Atlanta / Georgia - Walton Communities Offloads Two Atlanta Rental Properties,atlanta,Atlanta,Other / Unknown,Los Angeles,JLL,Unknown,Affordable Housing,la_asset_watch.csv,5,100,exact address + developer match,DUP-0052,No,"Matched across 5 source file(s): asset_parcel_intelligence.csv, deal_pipeline.csv, development_lifecycle.csv, la_asset_watch.csv"
2026-08-09,20260809-233153-e892ad29,Acquisition - Atlanta / Georgia - Walton Communities Offloads Two Atlanta Rental Properties,PRJ-20260809-0052,Acquisition - Atlanta / Georgia - Walton Communities Offloads Two Atlanta Rental Properties,atlanta,Atlanta,Atlanta / Georgia,Atlanta,JLL,jll,Affordable Housing,deal_pipeline.csv,5,100,exact address + developer match,DUP-0052,No,"Matched across 5 source file(s): asset_parcel_intelligence.csv, deal_pipeline.csv, development_lifecycle.csv, la_asset_watch.csv"
2026-08-09,20260809-233153-e892ad29,Acquisition - Atlanta / Georgia - Walton Communities Offloads Two Atlanta Rental Properties,PRJ-20260809-0052,Acquisition - Atlanta / Georgia - Walton Communities Offloads Two Atlanta Rental Properties,atlanta,Atlanta,Unknown,Atlanta,JLL,JLL,Affordable Housing,development_lifecycle.csv,5,100,exact address + developer match,DUP-0052,No,"Matched across 5 source file(s): asset_parcel_intelligence.csv, deal_pipeline.csv, development_lifecycle.csv, la_asset_watch.csv"
2026-08-09,20260809-233153-e892ad29,Acquisition - Atlanta / Georgia - Walton Communities Offloads Two Atlanta Rental Properties,PRJ-20260809-0052,Acquisition - Atlanta / Georgia - Walton Communities Offloads Two Atlanta Rental Properties,atlanta,Atlanta,Unknown,Atlanta,JLL,Unknown,Affordable Housing,lifecycle_transition.csv,5,100,exact address + developer match,DUP-0052,No,"Matched across 5 source file(s): asset_parcel_intelligence.csv, deal_pipeline.csv, development_lifecycle.csv, la_asset_watch.csv"
2026-08-09,20260809-233153-e892ad29,Acquisition - Miami / Florida - Milestone Group Trades Kendall Apartment Complex for $109M,PRJ-20260809-0110,Acquisition - Miami / Florida - Milestone Group Trades Kendall Apartment Complex for $109M,miami florida,Miami / Florida,Miami / Florida,Unknown,Harbor Group International,Unknown,Apartment,deal_fingerprints.csv,5,100,exact address + developer match,DUP-0110,No,"Matched across 3 source file(s): deal_fingerprints.csv, opportunity_radar.csv, relationship_graph.csv"
2026-08-09,20260809-233153-e892ad29,Acquisition - Miami / Florida - Milestone Group Trades Kendall Apartment Complex for $109M,PRJ-20260809-0110,Acquisition - Miami / Florida - Milestone Group Trades Kendall Apartment Complex for $109M,miami florida,Miami / Florida,Miami / Florida,Unknown,Harbor Group International,Unknown,Apartment,opportunity_radar.csv,5,100,exact address + developer match,DUP-0110,No,"Matched across 3 source file(s): deal_fingerprints.csv, opportunity_radar.csv, relationship_graph.csv"
2026-08-09,20260809-233153-e892ad29,Milestone Group Trades Kendall Apartment Complex for $109M,PRJ-20260809-0110,Acquisition - Miami / Florida - Milestone Group Trades Kendall Apartment Complex for $109M,miami florida,Miami / Florida,Miami / Florida,Unknown,Harbor Group International,Acquisition - Miami / Florida - Milestone Group Trades Kendall Apartment Complex for $109M,General Residential,relationship_graph.csv,5,100,exact address + developer match,DUP-0110,No,"Matched across 3 source file(s): deal_fingerprints.csv, opportunity_radar.csv, relationship_graph.csv"
2026-08-09,20260809-233153-e892ad29,Milestone Group Trades Kendall Apartment Complex for $109M,PRJ-20260809-0110,Acquisition - Miami / Florida - Milestone Group Trades Kendall Apartment Complex for $109M,miami florida,Miami / Florida,Miami / Florida,Unknown,Harbor Group International,Miami / Florida,General Residential,relationship_graph.csv,5,100,exact address + developer match,DUP-0110,No,"Matched across 3 source file(s): deal_fingerprints.csv, opportunity_radar.csv, relationship_graph.csv"
2026-08-09,20260809-233153-e892ad29,Milestone Group Trades Kendall Apartment Complex for $109M,PRJ-20260809-0110,Acquisition - Miami / Florida - Milestone Group Trades Kendall Apartment Complex for $109M,miami florida,Miami / Florida,Miami / Florida,Unknown,Harbor Group International,South Florida,General Residential,relationship_graph.csv,5,100,exact address + developer match,DUP-0110,No,"Matched across 3 source file(s): deal_fingerprints.csv, opportunity_radar.csv, relationship_graph.csv"
2026-08-09,20260809-233153-e892ad29,Construction Financing - Phoenix / Arizona - RXR-Led Team Lands Construction Financing for 301-Unit Denver Rental Community,PRJ-20260809-0148,Construction Financing - Phoenix / Arizona - RXR-Led Team Lands Construction Financing for 301-Unit Denver Rental Community,phoenix,Phoenix,Unknown,Phoenix,RXR,Unknown,Apartment,asset_parcel_intelligence.csv,5,100,exact address + developer match,DUP-0148,No,"Matched across 5 source file(s): asset_parcel_intelligence.csv, deal_pipeline.csv, development_lifecycle.csv, la_asset_watch.csv"
2026-08-09,20260809-233153-e892ad29,RXR-Led Team Lands Construction Financing for 301-Unit Denver Rental Community,PRJ-20260809-0148,Construction Financing - Phoenix / Arizona - RXR-Led Team Lands Construction Financing for 301-Unit Denver Rental Community,phoenix,Phoenix,Other / Unknown,Los Angeles,RXR,Unknown,Apartment,la_asset_watch.csv,5,100,exact address + developer match,DUP-0148,No,"Matched across 5 source file(s): asset_parcel_intelligence.csv, deal_pipeline.csv, development_lifecycle.csv, la_asset_watch.csv"
2026-08-09,20260809-233153-e892ad29,Construction Financing - Phoenix / Arizona - RXR-Led Team Lands Construction Financing for 301-Unit Denver Rental Community,PRJ-20260809-0148,Construction Financing - Phoenix / Arizona - RXR-Led Team Lands Construction Financing for 301-Unit Denver Rental Community,phoenix,Phoenix,Phoenix / Arizona,Phoenix,RXR,Unknown,Apartment,deal_pipeline.csv,5,100,exact address + developer match,DUP-0148,No,"Matched across 5 source file(s): asset_parcel_intelligence.csv, deal_pipeline.csv, development_lifecycle.csv, la_asset_watch.csv"
2026-08-09,20260809-233153-e892ad29,Construction Financing - Phoenix / Arizona - RXR-Led Team Lands Construction Financing for 301-Unit Denver Rental Community,PRJ-20260809-0148,Construction Financing - Phoenix / Arizona - RXR-Led Team Lands Construction Financing for 301-Unit Denver Rental Community,phoenix,Phoenix,Unknown,Phoenix,RXR,Unknown,Apartment,development_lifecycle.csv,5,100,exact address + developer match,DUP-0148,No,"Matched across 5 source file(s): asset_parcel_intelligence.csv, deal_pipeline.csv, development_lifecycle.csv, la_asset_watch.csv"
2026-08-09,20260809-233153-e892ad29,Construction Financing - Phoenix / Arizona - RXR-Led Team Lands Construction Financing for 301-Unit Denver Rental Community,PRJ-20260809-0148,Construction Financing - Phoenix / Arizona - RXR-Led Team Lands Construction Financing for 301-Unit Denver Rental Community,phoenix,Phoenix,Unknown,Phoenix,RXR,Unknown,Apartment,lifecycle_transition.csv,5,100,exact address + developer match,DUP-0148,No,"Matched across 5 source file(s): asset_parcel_intelligence.csv, deal_pipeline.csv, development_lifecycle.csv, la_asset_watch.csv"
2026-08-09,20260809-233153-e892ad29,Development Start - Atlanta / Georgia - Financing Secured for Centennial Yards Mixed-Use Project,PRJ-20260809-0042,Development Start - Atlanta / Georgia - Financing Secured for Centennial Yards Mixed-Use Project,atlanta georgia,Atlanta / Georgia,Atlanta / Georgia,Unknown,CIM Group,Unknown,Mixed-Use Residential,deal_fingerprints.csv,5,100,exact address + developer match,DUP-0042,No,"Matched across 3 source file(s): deal_fingerprints.csv, opportunity_radar.csv, relationship_graph.csv"
2026-08-09,20260809-233153-e892ad29,Development Start - Atlanta / Georgia - Financing Secured for Centennial Yards Mixed-Use Project,PRJ-20260809-0042,Development Start - Atlanta / Georgia - Financing Secured for Centennial Yards Mixed-Use Project,atlanta georgia,Atlanta / Georgia,Atlanta / Georgia,Unknown,CIM Group,Unknown,Mixed-Use Residential,opportunity_radar.csv,5,100,exact address + developer match,DUP-0042,No,"Matched across 3 source file(s): deal_fingerprints.csv, opportunity_radar.csv, relationship_graph.csv"
2026-08-09,20260809-233153-e892ad29,Financing Secured for Centennial Yards Mixed-Use Project,PRJ-20260809-0042,Development Start - Atlanta / Georgia - Financing Secured for Centennial Yards Mixed-Use Project,atlanta georgia,Atlanta / Georgia,Atlanta / Georgia,Unknown,CIM Group,Atlanta,General Residential,relationship_graph.csv,5,100,exact address + developer match,DUP-0042,No,"Matched across 3 source file(s): deal_fingerprints.csv, opportunity_radar.csv, relationship_graph.csv"
2026-08-09,20260809-233153-e892ad29,Financing Secured for Centennial Yards Mixed-Use Project,PRJ-20260809-0042,Development Start - Atlanta / Georgia - Financing Secured for Centennial Yards Mixed-Use Project,atlanta georgia,Atlanta / Georgia,Atlanta / Georgia,Unknown,CIM Group,Atlanta / Georgia,General Residential,relationship_graph.csv,5,100,exact address + developer match,DUP-0042,No,"Matched across 3 source file(s): deal_fingerprints.csv, opportunity_radar.csv, relationship_graph.csv"
2026-08-09,20260809-233153-e892ad29,Financing Secured for Centennial Yards Mixed-Use Project,PRJ-20260809-0042,Development Start - Atlanta / Georgia - Financing Secured for Centennial Yards Mixed-Use Project,atlanta georgia,Atlanta / Georgia,Atlanta / Georgia,Unknown,CIM Group,Development Start - Atlanta / Georgia - Financing Secured for Centennial Yards Mixed-Use Project,General Residential,relationship_graph.csv,5,100,exact address + developer match,DUP-0042,No,"Matched across 3 source file(s): deal_fingerprints.csv, opportunity_radar.csv, relationship_graph.csv"
2026-08-09,20260809-233153-e892ad29,Disposition / Exit - Riverside / California - Institutional Property Advisors Brokers Inland Empire Multifamily Sale in Paloma Californi...,PRJ-20260809-0075,Disposition / Exit - Riverside / California - Institutional Property Advisors Brokers Inland Empire Multifamily Sale in Paloma Californi...,inland empire,Inland Empire,California,Inland Empire,IPA,Unknown,Multifamily,asset_parcel_intelligence.csv,5,100,exact address + developer match,DUP-0075,No,"Matched across 5 source file(s): asset_parcel_intelligence.csv, deal_pipeline.csv, development_lifecycle.csv, la_asset_watch.csv"
2026-08-09,20260809-233153-e892ad29,Institutional Property Advisors Brokers Inland Empire Multifamily Sale in Paloma California,PRJ-20260809-0075,Disposition / Exit - Riverside / California - Institutional Property Advisors Brokers Inland Empire Multifamily Sale in Paloma Californi...,inland empire,Inland Empire,Other / Unknown,Los Angeles,IPA,Unknown,Multifamily,la_asset_watch.csv,5,100,exact address + developer match,DUP-0075,No,"Matched across 5 source file(s): asset_parcel_intelligence.csv, deal_pipeline.csv, development_lifecycle.csv, la_asset_watch.csv"
2026-08-09,20260809-233153-e892ad29,Disposition / Exit - Riverside / California - Institutional Property Advisors Brokers Inland Empire Multifamily Sale in Paloma Californi...,PRJ-20260809-0075,Disposition / Exit - Riverside / California - Institutional Property Advisors Brokers Inland Empire Multifamily Sale in Paloma Californi...,inland empire,Inland Empire,Riverside / California,Inland Empire,IPA,Unknown,Multifamily,deal_pipeline.csv,5,100,exact address + developer match,DUP-0075,No,"Matched across 5 source file(s): asset_parcel_intelligence.csv, deal_pipeline.csv, development_lifecycle.csv, la_asset_watch.csv"
2026-08-09,20260809-233153-e892ad29,Disposition / Exit - Riverside / California - Institutional Property Advisors Brokers Inland Empire Multifamily Sale in Paloma Californi...,PRJ-20260809-0075,Disposition / Exit - Riverside / California - Institutional Property Advisors Brokers Inland Empire Multifamily Sale in Paloma Californi...,inland empire,Inland Empire,California,Inland Empire,IPA,Unknown,Multifamily,development_lifecycle.csv,5,100,exact address + developer match,DUP-0075,No,"Matched across 5 source file(s): asset_parcel_intelligence.csv, deal_pipeline.csv, development_lifecycle.csv, la_asset_watch.csv"
2026-08-09,20260809-233153-e892ad29,Disposition / Exit - Riverside / California - Institutional Property Advisors Brokers Inland Empire Multifamily Sale in Paloma Californi...,PRJ-20260809-0075,Disposition / Exit - Riverside / California - Institutional Property Advisors Brokers Inland Empire Multifamily Sale in Paloma Californi...,inland empire,Inland Empire,California,Inland Empire,IPA,Unknown,Multifamily,lifecycle_transition.csv,5,100,exact address + developer match,DUP-0075,No,"Matched across 5 source file(s): asset_parcel_intelligence.csv, deal_pipeline.csv, development_lifecycle.csv, la_asset_watch.csv"
2026-08-09,20260809-233153-e892ad29,Disposition / Exit - Riverside / California - Institutional Property Advisors Brokers Inland Empire Multifamily Sale in Paloma Californi...,PRJ-20260809-0151,Disposition / Exit - Riverside / California - Institutional Property Advisors Brokers Inland Empire Multifamily Sale in Paloma Californi...,riverside california,Riverside / California,Riverside / California,Unknown,IPA,Unknown,Multifamily,deal_fingerprints.csv,5,100,exact address + developer match,DUP-0151,No,"Matched across 3 source file(s): deal_fingerprints.csv, opportunity_radar.csv, relationship_graph.csv"
2026-08-09,20260809-233153-e892ad29,Disposition / Exit - Riverside / California - Institutional Property Advisors Brokers Inland Empire Multifamily Sale in Paloma Californi...,PRJ-20260809-0151,Disposition / Exit - Riverside / California - Institutional Property Advisors Brokers Inland Empire Multifamily Sale in Paloma Californi...,riverside california,Riverside / California,Riverside / California,Unknown,IPA,Unknown,Multifamily,opportunity_radar.csv,5,100,exact address + developer match,DUP-0151,No,"Matched across 3 source file(s): deal_fingerprints.csv, opportunity_radar.csv, relationship_graph.csv"
2026-08-09,20260809-233153-e892ad29,Institutional Property Advisors Brokers Inland Empire Multifamily Sale in Paloma California,PRJ-20260809-0151,Disposition / Exit - Riverside / California - Institutional Property Advisors Brokers Inland Empire Multifamily Sale in Paloma Californi...,riverside california,Riverside / California,Riverside / California,Unknown,IPA,Disposition / Exit - Riverside / California - Institutional Property Advisors Brokers Inland Empire Multifamily Sale in Paloma Californi...,General Residential,relationship_graph.csv,5,100,exact address + developer match,DUP-0151,No,"Matched across 3 source file(s): deal_fingerprints.csv, opportunity_radar.csv, relationship_graph.csv"
2026-08-09,20260809-233153-e892ad29,Institutional Property Advisors Brokers Inland Empire Multifamily Sale in Paloma California,PRJ-20260809-0151,Disposition / Exit - Riverside / California - Institutional Property Advisors Brokers Inland Empire Multifamily Sale in Paloma Californi...,riverside california,Riverside / California,Riverside / California,Unknown,IPA,Inland Empire,General Residential,relationship_graph.csv,5,100,exact address + developer match,DUP-0151,No,"Matched across 3 source file(s): deal_fingerprints.csv, opportunity_radar.csv, relationship_graph.csv"
2026-08-09,20260809-233153-e892ad29,Institutional Property Advisors Brokers Inland Empire Multifamily Sale in Paloma California,PRJ-20260809-0151,Disposition / Exit - Riverside / California - Institutional Property Advisors Brokers Inland Empire Multifamily Sale in Paloma Californi...,riverside california,Riverside / California,Riverside / California,Unknown,IPA,Riverside / California,General Residential,relationship_graph.csv,5,100,exact address + developer match,DUP-0151,No,"Matched across 3 source file(s): deal_fingerprints.csv, opportunity_radar.csv, relationship_graph.csv"
2026-08-09,20260809-233153-e892ad29,"General Project Signal - Atlanta / Georgia - Core Spaces to Build 1,600 Student Housing Beds with Hub Athens Dougherty Near the Univers...",PRJ-20260809-0041,"General Project Signal - Atlanta / Georgia - Core Spaces to Build 1,600 Student Housing Beds with Hub Athens Dougherty Near the Univers...",atlanta georgia,Atlanta / Georgia,Atlanta / Georgia,Unknown,Affinius Capital,Unknown,Student Housing,deal_fingerprints.csv,5,100,exact address + developer match,DUP-0041,No,"Matched across 3 source file(s): deal_fingerprints.csv, opportunity_radar.csv, relationship_graph.csv"
2026-08-09,20260809-233153-e892ad29,"General Project Signal - Atlanta / Georgia - Core Spaces to Build 1,600 Student Housing Beds with Hub Athens Dougherty Near the Univers...",PRJ-20260809-0041,"General Project Signal - Atlanta / Georgia - Core Spaces to Build 1,600 Student Housing Beds with Hub Athens Dougherty Near the Univers...",atlanta georgia,Atlanta / Georgia,Atlanta / Georgia,Unknown,Affinius Capital,Unknown,Student Housing,opportunity_radar.csv,5,100,exact address + developer match,DUP-0041,No,"Matched across 3 source file(s): deal_fingerprints.csv, opportunity_radar.csv, relationship_graph.csv"
2026-08-09,20260809-233153-e892ad29,"Core Spaces to Build 1,600 Student Housing Beds with Hub Athens Dougherty Near the University of Georgia in Athens",PRJ-20260809-0041,"General Project Signal - Atlanta / Georgia - Core Spaces to Build 1,600 Student Housing Beds with Hub Athens Dougherty Near the Univers...",atlanta georgia,Atlanta / Georgia,Atlanta / Georgia,Unknown,Affinius Capital,"General Project Signal - Atlanta / Georgia - Core Spaces to Build 1,600 Student Housing Beds with Hub Athens Dougherty Near the Univers...",General Residential,relationship_graph.csv,5,100,exact address + developer match,DUP-0041,No,"Matched across 3 source file(s): deal_fingerprints.csv, opportunity_radar.csv, relationship_graph.csv"
2026-08-09,20260809-233153-e892ad29,"Core Spaces to Build 1,600 Student Housing Beds with Hub Athens Dougherty Near the University of Georgia in Athens",PRJ-20260809-0041,"General Project Signal - Atlanta / Georgia - Core Spaces to Build 1,600 Student Housing Beds with Hub Athens Dougherty Near the Univers...",atlanta georgia,Atlanta / Georgia,Atlanta / Georgia,Unknown,Affinius Capital,Atlanta,General Residential,relationship_graph.csv,5,100,exact address + developer match,DUP-0041,No,"Matched across 3 source file(s): deal_fingerprints.csv, opportunity_radar.csv, relationship_graph.csv"
2026-08-09,20260809-233153-e892ad29,"Core Spaces to Build 1,600 Student Housing Beds with Hub Athens Dougherty Near the University of Georgia in Athens",PRJ-20260809-0041,"General Project Signal - Atlanta / Georgia - Core Spaces to Build 1,600 Student Housing Beds with Hub Athens Dougherty Near the Univers...",atlanta georgia,Atlanta / Georgia,Atlanta / Georgia,Unknown,Affinius Capital,Atlanta / Georgia,General Residential,relationship_graph.csv,5,100,exact address + developer match,DUP-0041,No,"Matched across 3 source file(s): deal_fingerprints.csv, opportunity_radar.csv, relationship_graph.csv"
2026-08-09,20260809-233153-e892ad29,"General Project Signal - Atlanta / Georgia - Core Spaces to Build 1,600 Student Housing Beds with Hub Athens Dougherty Near the Univers...",PRJ-20260809-0050,"General Project Signal - Atlanta / Georgia - Core Spaces to Build 1,600 Student Housing Beds with Hub Athens Dougherty Near the Univers...",atlanta,Atlanta,Unknown,Atlanta,Affinius Capital,Unknown,Student Housing,asset_parcel_intelligence.csv,5,100,exact address + developer match,DUP-0050,No,"Matched across 5 source file(s): asset_parcel_intelligence.csv, deal_pipeline.csv, development_lifecycle.csv, la_asset_watch.csv"
2026-08-09,20260809-233153-e892ad29,"Core Spaces to Build 1,600 Student Housing Beds with Hub Athens Dougherty Near the University of Georgia in Athens",PRJ-20260809-0050,"General Project Signal - Atlanta / Georgia - Core Spaces to Build 1,600 Student Housing Beds with Hub Athens Dougherty Near the Univers...",atlanta,Atlanta,Other / Unknown,Los Angeles,Affinius Capital,Unknown,Student Housing,la_asset_watch.csv,5,100,exact address + developer match,DUP-0050,No,"Matched across 5 source file(s): asset_parcel_intelligence.csv, deal_pipeline.csv, development_lifecycle.csv, la_asset_watch.csv"
2026-08-09,20260809-233153-e892ad29,"General Project Signal - Atlanta / Georgia - Core Spaces to Build 1,600 Student Housing Beds with Hub Athens Dougherty Near the Univers...",PRJ-20260809-0050,"General Project Signal - Atlanta / Georgia - Core Spaces to Build 1,600 Student Housing Beds with Hub Athens Dougherty Near the Univers...",atlanta,Atlanta,Atlanta / Georgia,Atlanta,Affinius Capital,Unknown,Student Housing,deal_pipeline.csv,5,100,exact address + developer match,DUP-0050,No,"Matched across 5 source file(s): asset_parcel_intelligence.csv, deal_pipeline.csv, development_lifecycle.csv, la_asset_watch.csv"
2026-08-09,20260809-233153-e892ad29,"General Project Signal - Atlanta / Georgia - Core Spaces to Build 1,600 Student Housing Beds with Hub Athens Dougherty Near the Univers...",PRJ-20260809-0050,"General Project Signal - Atlanta / Georgia - Core Spaces to Build 1,600 Student Housing Beds with Hub Athens Dougherty Near the Univers...",atlanta,Atlanta,Unknown,Atlanta,Affinius Capital,Unknown,Student Housing,development_lifecycle.csv,5,100,exact address + developer match,DUP-0050,No,"Matched across 5 source file(s): asset_parcel_intelligence.csv, deal_pipeline.csv, development_lifecycle.csv, la_asset_watch.csv"
2026-08-09,20260809-233153-e892ad29,"General Project Signal - Atlanta / Georgia - Core Spaces to Build 1,600 Student Housing Beds with Hub Athens Dougherty Near the Univers...",PRJ-20260809-0050,"General Project Signal - Atlanta / Georgia - Core Spaces to Build 1,600 Student Housing Beds with Hub Athens Dougherty Near the Univers...",atlanta,Atlanta,Unknown,Atlanta,Affinius Capital,Unknown,Student Housing,lifecycle_transition.csv,5,100,exact address + developer match,DUP-0050,No,"Matched across 5 source file(s): asset_parcel_intelligence.csv, deal_pipeline.csv, development_lifecycle.csv, la_asset_watch.csv"
2026-08-09,20260809-233153-e892ad29,JV / Partnership - Atlanta / Georgia - Wood Partners Apex Land Buy Paves Way for Apartment Venture,PRJ-20260809-0048,JV / Partnership - Atlanta / Georgia - Wood Partners Apex Land Buy Paves Way for Apartment Venture,atlanta georgia,Atlanta / Georgia,Atlanta / Georgia,Unknown,Wood Partners,Unknown,Apartment,deal_fingerprints.csv,5,100,exact address + developer match,DUP-0048,No,"Matched across 3 source file(s): deal_fingerprints.csv, opportunity_radar.csv, relationship_graph.csv"
2026-08-09,20260809-233153-e892ad29,JV / Partnership - Atlanta / Georgia - Wood Partners Apex Land Buy Paves Way for Apartment Venture,PRJ-20260809-0048,JV / Partnership - Atlanta / Georgia - Wood Partners Apex Land Buy Paves Way for Apartment Venture,atlanta georgia,Atlanta / Georgia,Atlanta / Georgia,Unknown,Wood Partners,Unknown,Apartment,opportunity_radar.csv,5,100,exact address + developer match,DUP-0048,No,"Matched across 3 source file(s): deal_fingerprints.csv, opportunity_radar.csv, relationship_graph.csv"
2026-08-09,20260809-233153-e892ad29,Wood Partners Apex Land Buy Paves Way for Apartment Venture,PRJ-20260809-0048,JV / Partnership - Atlanta / Georgia - Wood Partners Apex Land Buy Paves Way for Apartment Venture,atlanta georgia,Atlanta / Georgia,Atlanta / Georgia,Unknown,Wood Partners,Atlanta,General Residential,relationship_graph.csv,5,100,exact address + developer match,DUP-0048,No,"Matched across 3 source file(s): deal_fingerprints.csv, opportunity_radar.csv, relationship_graph.csv"
2026-08-09,20260809-233153-e892ad29,Wood Partners Apex Land Buy Paves Way for Apartment Venture,PRJ-20260809-0048,JV / Partnership - Atlanta / Georgia - Wood Partners Apex Land Buy Paves Way for Apartment Venture,atlanta georgia,Atlanta / Georgia,Atlanta / Georgia,Unknown,Wood Partners,Atlanta / Georgia,General Residential,relationship_graph.csv,5,100,exact address + developer match,DUP-0048,No,"Matched across 3 source file(s): deal_fingerprints.csv, opportunity_radar.csv, relationship_graph.csv"
2026-08-09,20260809-233153-e892ad29,Wood Partners Apex Land Buy Paves Way for Apartment Venture,PRJ-20260809-0048,JV / Partnership - Atlanta / Georgia - Wood Partners Apex Land Buy Paves Way for Apartment Venture,atlanta georgia,Atlanta / Georgia,Atlanta / Georgia,Unknown,Wood Partners,JV / Partnership - Atlanta / Georgia - Wood Partners Apex Land Buy Paves Way for Apartment Venture,General Residential,relationship_graph.csv,5,100,exact address + developer match,DUP-0048,No,"Matched across 3 source file(s): deal_fingerprints.csv, opportunity_radar.csv, relationship_graph.csv"
2026-08-09,20260809-233153-e892ad29,JV / Partnership - Atlanta / Georgia - Wood Partners Apex Land Buy Paves Way for Apartment Venture,PRJ-20260809-0053,JV / Partnership - Atlanta / Georgia - Wood Partners Apex Land Buy Paves Way for Apartment Venture,atlanta,Atlanta,Unknown,Atlanta,Wood Partners,Unknown,Apartment,asset_parcel_intelligence.csv,5,100,exact address + developer match,DUP-0053,No,"Matched across 5 source file(s): asset_parcel_intelligence.csv, deal_pipeline.csv, development_lifecycle.csv, la_asset_watch.csv"
2026-08-09,20260809-233153-e892ad29,Wood Partners Apex Land Buy Paves Way for Apartment Venture,PRJ-20260809-0053,JV / Partnership - Atlanta / Georgia - Wood Partners Apex Land Buy Paves Way for Apartment Venture,atlanta,Atlanta,Other / Unknown,Los Angeles,Wood Partners,Unknown,Apartment,la_asset_watch.csv,5,100,exact address + developer match,DUP-0053,No,"Matched across 5 source file(s): asset_parcel_intelligence.csv, deal_pipeline.csv, development_lifecycle.csv, la_asset_watch.csv"
2026-08-09,20260809-233153-e892ad29,JV / Partnership - Atlanta / Georgia - Wood Partners Apex Land Buy Paves Way for Apartment Venture,PRJ-20260809-0053,JV / Partnership - Atlanta / Georgia - Wood Partners Apex Land Buy Paves Way for Apartment Venture,atlanta,Atlanta,Atlanta / Georgia,Atlanta,Wood Partners,Unknown,Apartment,deal_pipeline.csv,5,100,exact address + developer match,DUP-0053,No,"Matched across 5 source file(s): asset_parcel_intelligence.csv, deal_pipeline.csv, development_lifecycle.csv, la_asset_watch.csv"
2026-08-09,20260809-233153-e892ad29,JV / Partnership - Atlanta / Georgia - Wood Partners Apex Land Buy Paves Way for Apartment Venture,PRJ-20260809-0053,JV / Partnership - Atlanta / Georgia - Wood Partners Apex Land Buy Paves Way for Apartment Venture,atlanta,Atlanta,Unknown,Atlanta,Wood Partners,Unknown,Apartment,development_lifecycle.csv,5,100,exact address + developer match,DUP-0053,No,"Matched across 5 source file(s): asset_parcel_intelligence.csv, deal_pipeline.csv, development_lifecycle.csv, la_asset_watch.csv"
2026-08-09,20260809-233153-e892ad29,JV / Partnership - Atlanta / Georgia - Wood Partners Apex Land Buy Paves Way for Apartment Venture,PRJ-20260809-0053,JV / Partnership - Atlanta / Georgia - Wood Partners Apex Land Buy Paves Way for Apartment Venture,atlanta,Atlanta,Unknown,Atlanta,Wood Partners,Unknown,Apartment,lifecycle_transition.csv,5,100,exact address + developer match,DUP-0053,No,"Matched across 5 source file(s): asset_parcel_intelligence.csv, deal_pipeline.csv, development_lifecycle.csv, la_asset_watch.csv"
2026-08-09,20260809-233153-e892ad29,"Office-to-Residential Conversion - West Palm Beach / Florida - IPA Brokers $90.5M Sale of West Palm Beach Condos, Buyer Plans Multifamily Conversion",PRJ-20260809-0182,"Office-to-Residential Conversion - West Palm Beach / Florida - IPA Brokers $90.5M Sale of West Palm Beach Condos, Buyer Plans Multifamily Conversion",west palm beach florida,West Palm Beach / Florida,West Palm Beach / Florida,Unknown,IPA,Unknown,Apartment,deal_fingerprints.csv,5,100,exact address + developer match,DUP-0182,No,"Matched across 3 source file(s): deal_fingerprints.csv, opportunity_radar.csv, relationship_graph.csv"
2026-08-09,20260809-233153-e892ad29,"Office-to-Residential Conversion - West Palm Beach / Florida - IPA Brokers $90.5M Sale of West Palm Beach Condos, Buyer Plans Multifamily Conversion",PRJ-20260809-0182,"Office-to-Residential Conversion - West Palm Beach / Florida - IPA Brokers $90.5M Sale of West Palm Beach Condos, Buyer Plans Multifamily Conversion",west palm beach florida,West Palm Beach / Florida,West Palm Beach / Florida,Unknown,IPA,Unknown,Apartment,opportunity_radar.csv,5,100,exact address + developer match,DUP-0182,No,"Matched across 3 source file(s): deal_fingerprints.csv, opportunity_radar.csv, relationship_graph.csv"
2026-08-09,20260809-233153-e892ad29,"IPA Brokers $90.5M Sale of West Palm Beach Condos, Buyer Plans Multifamily Conversion",PRJ-20260809-0182,"Office-to-Residential Conversion - West Palm Beach / Florida - IPA Brokers $90.5M Sale of West Palm Beach Condos, Buyer Plans Multifamily Conversion",west palm beach florida,West Palm Beach / Florida,West Palm Beach / Florida,Unknown,IPA,Southeast,General Residential,relationship_graph.csv,5,100,exact address + developer match,DUP-0182,No,"Matched across 3 source file(s): deal_fingerprints.csv, opportunity_radar.csv, relationship_graph.csv"
2026-08-09,20260809-233153-e892ad29,"IPA Brokers $90.5M Sale of West Palm Beach Condos, Buyer Plans Multifamily Conversion",PRJ-20260809-0182,"Office-to-Residential Conversion - West Palm Beach / Florida - IPA Brokers $90.5M Sale of West Palm Beach Condos, Buyer Plans Multifamily Conversion",west palm beach florida,West Palm Beach / Florida,West Palm Beach / Florida,Unknown,IPA,West Palm Beach / Florida,General Residential,relationship_graph.csv,5,100,exact address + developer match,DUP-0182,No,"Matched across 3 source file(s): deal_fingerprints.csv, opportunity_radar.csv, relationship_graph.csv"
2026-08-09,20260809-233153-e892ad29,"IPA Brokers $90.5M Sale of West Palm Beach Condos, Buyer Plans Multifamily Conversion",PRJ-20260809-0182,"Office-to-Residential Conversion - West Palm Beach / Florida - IPA Brokers $90.5M Sale of West Palm Beach Condos, Buyer Plans Multifamily Conversion",west palm beach florida,West Palm Beach / Florida,West Palm Beach / Florida,Unknown,IPA,"Office-to-Residential Conversion - West Palm Beach / Florida - IPA Brokers $90.5M Sale of West Palm Beach Condos, Buyer Plans Multifamily Conversion",General Residential,relationship_graph.csv,5,100,exact address + developer match,DUP-0182,No,"Matched across 3 source file(s): deal_fingerprints.csv, opportunity_radar.csv, relationship_graph.csv"
2026-08-09,20260809-233153-e892ad29,Refinancing - California - San Jose Area Senior Multifamily Community Sells for $103M,PRJ-20260809-0158,Refinancing - California - San Jose Area Senior Multifamily Community Sells for $103M,san jose,San Jose,California,San Jose,Alliance Residential,Unknown,Multifamily,asset_parcel_intelligence.csv,5,100,exact address + developer match,DUP-0158,No,"Matched across 5 source file(s): asset_parcel_intelligence.csv, deal_pipeline.csv, development_lifecycle.csv, la_asset_watch.csv"
2026-08-09,20260809-233153-e892ad29,San Jose Area Senior Multifamily Community Sells for $103M,PRJ-20260809-0158,Refinancing - California - San Jose Area Senior Multifamily Community Sells for $103M,san jose,San Jose,Other / Unknown,Los Angeles,Alliance Residential,Unknown,Multifamily,la_asset_watch.csv,5,100,exact address + developer match,DUP-0158,No,"Matched across 5 source file(s): asset_parcel_intelligence.csv, deal_pipeline.csv, development_lifecycle.csv, la_asset_watch.csv"
2026-08-09,20260809-233153-e892ad29,Refinancing - California - San Jose Area Senior Multifamily Community Sells for $103M,PRJ-20260809-0158,Refinancing - California - San Jose Area Senior Multifamily Community Sells for $103M,san jose,San Jose,California,San Jose,Alliance Residential,Unknown,Multifamily,deal_pipeline.csv,5,100,exact address + developer match,DUP-0158,No,"Matched across 5 source file(s): asset_parcel_intelligence.csv, deal_pipeline.csv, development_lifecycle.csv, la_asset_watch.csv"
2026-08-09,20260809-233153-e892ad29,Refinancing - California - San Jose Area Senior Multifamily Community Sells for $103M,PRJ-20260809-0158,Refinancing - California - San Jose Area Senior Multifamily Community Sells for $103M,san jose,San Jose,California,San Jose,Alliance Residential,Unknown,Multifamily,development_lifecycle.csv,5,100,exact address + developer match,DUP-0158,No,"Matched across 5 source file(s): asset_parcel_intelligence.csv, deal_pipeline.csv, development_lifecycle.csv, la_asset_watch.csv"
2026-08-09,20260809-233153-e892ad29,Refinancing - California - San Jose Area Senior Multifamily Community Sells for $103M,PRJ-20260809-0158,Refinancing - California - San Jose Area Senior Multifamily Community Sells for $103M,san jose,San Jose,California,San Jose,Alliance Residential,Unknown,Multifamily,lifecycle_transition.csv,5,100,exact address + developer match,DUP-0158,No,"Matched across 5 source file(s): asset_parcel_intelligence.csv, deal_pipeline.csv, development_lifecycle.csv, la_asset_watch.csv"
2026-08-09,20260809-233153-e892ad29,Acquisition - Phoenix / Arizona - Rockwell Pays $42M for 182-Unit Scottsdale Rental Community,PRJ-20260809-0149,Acquisition - Phoenix / Arizona - Rockwell Pays $42M for 182-Unit Scottsdale Rental Community,phoenix,Phoenix,Phoenix / Arizona,Phoenix,Unknown,Unknown,Apartment,deal_pipeline.csv,5,80,address/location + market match,DUP-0149,No,"Matched across 3 source file(s): deal_pipeline.csv, development_lifecycle.csv, lifecycle_transition.csv"
2026-08-09,20260809-233153-e892ad29,Acquisition - Phoenix / Arizona - ColRich Pays $52.4M for Mesa Rental Community,PRJ-20260809-0149,Acquisition - Phoenix / Arizona - Rockwell Pays $42M for 182-Unit Scottsdale Rental Community,phoenix,Phoenix,Phoenix / Arizona,Phoenix,Unknown,Unknown,Apartment,deal_pipeline.csv,5,80,address/location + market match,DUP-0149,No,"Matched across 3 source file(s): deal_pipeline.csv, development_lifecycle.csv, lifecycle_transition.csv"
2026-08-09,20260809-233153-e892ad29,BTR / Build-to-Rent - Phoenix / Arizona - Phoenix BTR Investor Inks $73.1M Bridge Loan,PRJ-20260809-0149,Acquisition - Phoenix / Arizona - Rockwell Pays $42M for 182-Unit Scottsdale Rental Community,phoenix,Phoenix,Phoenix / Arizona,Phoenix,Unknown,Unknown,BTR / Single-Family Rental,deal_pipeline.csv,5,80,address/location + market match,DUP-0149,No,"Matched across 3 source file(s): deal_pipeline.csv, development_lifecycle.csv, lifecycle_transition.csv"
2026-08-09,20260809-233153-e892ad29,Rockwell Pays $42M for 182-Unit Scottsdale Rental Community,PRJ-20260809-0149,Acquisition - Phoenix / Arizona - Rockwell Pays $42M for 182-Unit Scottsdale Rental Community,phoenix,Phoenix,Phoenix / Arizona,Phoenix,Unknown,Unknown,Apartment,development_lifecycle.csv,5,80,address/location + market match,DUP-0149,No,"Matched across 3 source file(s): deal_pipeline.csv, development_lifecycle.csv, lifecycle_transition.csv"
2026-08-09,20260809-233153-e892ad29,Rockwell Pays $42M for 182-Unit Scottsdale Rental Community,PRJ-20260809-0149,Acquisition - Phoenix / Arizona - Rockwell Pays $42M for 182-Unit Scottsdale Rental Community,phoenix,Phoenix,Phoenix / Arizona,Phoenix,Unknown,Unknown,Apartment,lifecycle_transition.csv,5,80,address/location + market match,DUP-0149,No,"Matched across 3 source file(s): deal_pipeline.csv, development_lifecycle.csv, lifecycle_transition.csv"
2026-08-09,20260809-233153-e892ad29,Construction Financing - Miami / Florida - Affiliated Closes Financing on Mixed-Income Fort Lauderdale Apartment Project,PRJ-20260809-0167,Construction Financing - Miami / Florida - Affiliated Closes Financing on Mixed-Income Fort Lauderdale Apartment Project,south florida,South Florida,Miami / Florida,South Florida,Unknown,Unknown,Affordable Housing,deal_pipeline.csv,5,80,address/location + market match,DUP-0167,No,Matched across 1 source file(s): deal_pipeline.csv
2026-08-09,20260809-233153-e892ad29,Construction Financing - Miami / Florida - Arrow Arranges $85M Construction Loan for Miami Condo Project,PRJ-20260809-0167,Construction Financing - Miami / Florida - Affiliated Closes Financing on Mixed-Income Fort Lauderdale Apartment Project,south florida,South Florida,Miami / Florida,South Florida,Unknown,Unknown,Apartment,deal_pipeline.csv,5,80,address/location + market match,DUP-0167,No,Matched across 1 source file(s): deal_pipeline.csv
2026-08-09,20260809-233153-e892ad29,Refinancing - Miami / Florida - Baron Property Group Closes on $226.5M Refi for Hialeah Apartment Community,PRJ-20260809-0167,Construction Financing - Miami / Florida - Affiliated Closes Financing on Mixed-Income Fort Lauderdale Apartment Project,south florida,South Florida,Miami / Florida,South Florida,Unknown,Unknown,Mixed-Use Residential,deal_pipeline.csv,5,80,address/location + market match,DUP-0167,No,Matched across 1 source file(s): deal_pipeline.csv
2026-08-09,20260809-233153-e892ad29,Refinancing - Miami / Florida - Stewards Inks $79M Refi of Hollywood Rental Asset,PRJ-20260809-0167,Construction Financing - Miami / Florida - Affiliated Closes Financing on Mixed-Income Fort Lauderdale Apartment Project,south florida,South Florida,Miami / Florida,South Florida,Unknown,Unknown,Apartment,deal_pipeline.csv,5,80,address/location + market match,DUP-0167,No,Matched across 1 source file(s): deal_pipeline.csv
2026-08-09,20260809-233153-e892ad29,"Disposition / Exit - Miami / Florida - W. Palm Beach Investor Buys Condo Property, Converting to Apartment Units",PRJ-20260809-0167,Construction Financing - Miami / Florida - Affiliated Closes Financing on Mixed-Income Fort Lauderdale Apartment Project,south florida,South Florida,Miami / Florida,South Florida,Unknown,Unknown,Apartment,deal_pipeline.csv,5,80,address/location + market match,DUP-0167,No,Matched across 1 source file(s): deal_pipeline.csv
2026-08-09,20260809-233153-e892ad29,"Acquisition - Louisville / Kentucky - Northmarq Arranges Sale of 190-Unit Multifamily Property in Jeffersonville, Indiana",PRJ-20260809-0105,"Acquisition - Louisville / Kentucky - Northmarq Arranges Sale of 190-Unit Multifamily Property in Jeffersonville, Indiana",louisville,Louisville,Unknown,Louisville,Fannie Mae,Fannie Mae,Multifamily,asset_parcel_intelligence.csv,4,100,exact address + developer match,DUP-0105,No,"Matched across 4 source file(s): asset_parcel_intelligence.csv, deal_pipeline.csv, development_lifecycle.csv, lifecycle_transition.csv"
2026-08-09,20260809-233153-e892ad29,"Acquisition - Louisville / Kentucky - Northmarq Arranges Sale of 190-Unit Multifamily Property in Jeffersonville, Indiana",PRJ-20260809-0105,"Acquisition - Louisville / Kentucky - Northmarq Arranges Sale of 190-Unit Multifamily Property in Jeffersonville, Indiana",louisville,Louisville,Louisville / Kentucky,Louisville,Fannie Mae,fannie mae,Multifamily,deal_pipeline.csv,4,100,exact address + developer match,DUP-0105,No,"Matched across 4 source file(s): asset_parcel_intelligence.csv, deal_pipeline.csv, development_lifecycle.csv, lifecycle_transition.csv"
2026-08-09,20260809-233153-e892ad29,"Acquisition - Louisville / Kentucky - Northmarq Arranges Sale of 190-Unit Multifamily Property in Jeffersonville, Indiana",PRJ-20260809-0105,"Acquisition - Louisville / Kentucky - Northmarq Arranges Sale of 190-Unit Multifamily Property in Jeffersonville, Indiana",louisville,Louisville,Unknown,Louisville,Fannie Mae,Fannie Mae,Multifamily,development_lifecycle.csv,4,100,exact address + developer match,DUP-0105,No,"Matched across 4 source file(s): asset_parcel_intelligence.csv, deal_pipeline.csv, development_lifecycle.csv, lifecycle_transition.csv"
2026-08-09,20260809-233153-e892ad29,"Acquisition - Louisville / Kentucky - Northmarq Arranges Sale of 190-Unit Multifamily Property in Jeffersonville, Indiana",PRJ-20260809-0105,"Acquisition - Louisville / Kentucky - Northmarq Arranges Sale of 190-Unit Multifamily Property in Jeffersonville, Indiana",louisville,Louisville,Unknown,Louisville,Fannie Mae,Unknown,Multifamily,lifecycle_transition.csv,4,100,exact address + developer match,DUP-0105,No,"Matched across 4 source file(s): asset_parcel_intelligence.csv, deal_pipeline.csv, development_lifecycle.csv, lifecycle_transition.csv"
2026-08-09,20260809-233153-e892ad29,Acquisition - Miami / Florida - Milestone Group Trades Kendall Apartment Complex for $109M,PRJ-20260809-0166,Acquisition - Miami / Florida - Milestone Group Trades Kendall Apartment Complex for $109M,south florida,South Florida,Unknown,South Florida,Harbor Group International,Unknown,Apartment,asset_parcel_intelligence.csv,4,100,exact address + developer match,DUP-0166,No,"Matched across 4 source file(s): asset_parcel_intelligence.csv, deal_pipeline.csv, development_lifecycle.csv, lifecycle_transition.csv"
2026-08-09,20260809-233153-e892ad29,Acquisition - Miami / Florida - Milestone Group Trades Kendall Apartment Complex for $109M,PRJ-20260809-0166,Acquisition - Miami / Florida - Milestone Group Trades Kendall Apartment Complex for $109M,south florida,South Florida,Miami / Florida,South Florida,Harbor Group International,Unknown,Apartment,deal_pipeline.csv,4,100,exact address + developer match,DUP-0166,No,"Matched across 4 source file(s): asset_parcel_intelligence.csv, deal_pipeline.csv, development_lifecycle.csv, lifecycle_transition.csv"
2026-08-09,20260809-233153-e892ad29,Acquisition - Miami / Florida - Milestone Group Trades Kendall Apartment Complex for $109M,PRJ-20260809-0166,Acquisition - Miami / Florida - Milestone Group Trades Kendall Apartment Complex for $109M,south florida,South Florida,Unknown,South Florida,Harbor Group International,Unknown,Apartment,development_lifecycle.csv,4,100,exact address + developer match,DUP-0166,No,"Matched across 4 source file(s): asset_parcel_intelligence.csv, deal_pipeline.csv, development_lifecycle.csv, lifecycle_transition.csv"
2026-08-09,20260809-233153-e892ad29,Acquisition - Miami / Florida - Milestone Group Trades Kendall Apartment Complex for $109M,PRJ-20260809-0166,Acquisition - Miami / Florida - Milestone Group Trades Kendall Apartment Complex for $109M,south florida,South Florida,Unknown,South Florida,Harbor Group International,Unknown,Apartment,lifecycle_transition.csv,4,100,exact address + developer match,DUP-0166,No,"Matched across 4 source file(s): asset_parcel_intelligence.csv, deal_pipeline.csv, development_lifecycle.csv, lifecycle_transition.csv"
2026-08-09,20260809-233153-e892ad29,CONAM Acquires 232-Unit Alicante Apartment Homes in Las Vegas,PRJ-20260809-0078,CONAM Acquires 232-Unit Alicante Apartment Homes in Las Vegas,las vegas nevada,Las Vegas / Nevada,Las Vegas / Nevada,Unknown,CONAM,Unknown,Apartment,asset_parcel_intelligence.csv,4,100,exact address + developer match,DUP-0078,No,"Matched across 4 source file(s): asset_parcel_intelligence.csv, development_lifecycle.csv, la_asset_watch.csv, lifecycle_transition.csv"
2026-08-09,20260809-233153-e892ad29,CONAM Acquires 232-Unit Alicante Apartment Homes in Las Vegas,PRJ-20260809-0078,CONAM Acquires 232-Unit Alicante Apartment Homes in Las Vegas,las vegas nevada,Las Vegas / Nevada,Other / Unknown,Los Angeles,CONAM,Unknown,Apartment,la_asset_watch.csv,4,100,exact address + developer match,DUP-0078,No,"Matched across 4 source file(s): asset_parcel_intelligence.csv, development_lifecycle.csv, la_asset_watch.csv, lifecycle_transition.csv"
2026-08-09,20260809-233153-e892ad29,CONAM Acquires 232-Unit Alicante Apartment Homes in Las Vegas,PRJ-20260809-0078,CONAM Acquires 232-Unit Alicante Apartment Homes in Las Vegas,las vegas nevada,Las Vegas / Nevada,Las Vegas / Nevada,Unknown,CONAM,Unknown,Apartment,development_lifecycle.csv,4,100,exact address + developer match,DUP-0078,No,"Matched across 4 source file(s): asset_parcel_intelligence.csv, development_lifecycle.csv, la_asset_watch.csv, lifecycle_transition.csv"
2026-08-09,20260809-233153-e892ad29,CONAM Acquires 232-Unit Alicante Apartment Homes in Las Vegas,PRJ-20260809-0078,CONAM Acquires 232-Unit Alicante Apartment Homes in Las Vegas,las vegas nevada,Las Vegas / Nevada,Las Vegas / Nevada,Unknown,CONAM,Unknown,Apartment,lifecycle_transition.csv,4,100,exact address + developer match,DUP-0078,No,"Matched across 4 source file(s): asset_parcel_intelligence.csv, development_lifecycle.csv, la_asset_watch.csv, lifecycle_transition.csv"
2026-08-09,20260809-233153-e892ad29,"Disposition / Exit - Austin / Texas - JLL, Cousins Link Up on Two Austin Office Transactions",PRJ-20260809-0058,"Disposition / Exit - Austin / Texas - JLL, Cousins Link Up on Two Austin Office Transactions",austin,Austin,Unknown,Austin,JLL,JLL,General Residential,asset_parcel_intelligence.csv,4,100,exact address + developer match,DUP-0058,No,"Matched across 4 source file(s): asset_parcel_intelligence.csv, deal_pipeline.csv, development_lifecycle.csv, lifecycle_transition.csv"
2026-08-09,20260809-233153-e892ad29,"Disposition / Exit - Austin / Texas - JLL, Cousins Link Up on Two Austin Office Transactions",PRJ-20260809-0058,"Disposition / Exit - Austin / Texas - JLL, Cousins Link Up on Two Austin Office Transactions",austin,Austin,Austin / Texas,Austin,JLL,jll,General Residential,deal_pipeline.csv,4,100,exact address + developer match,DUP-0058,No,"Matched across 4 source file(s): asset_parcel_intelligence.csv, deal_pipeline.csv, development_lifecycle.csv, lifecycle_transition.csv"
2026-08-09,20260809-233153-e892ad29,"Disposition / Exit - Austin / Texas - JLL, Cousins Link Up on Two Austin Office Transactions",PRJ-20260809-0058,"Disposition / Exit - Austin / Texas - JLL, Cousins Link Up on Two Austin Office Transactions",austin,Austin,Unknown,Austin,JLL,JLL,General Residential,development_lifecycle.csv,4,100,exact address + developer match,DUP-0058,No,"Matched across 4 source file(s): asset_parcel_intelligence.csv, deal_pipeline.csv, development_lifecycle.csv, lifecycle_transition.csv"
2026-08-09,20260809-233153-e892ad29,"Disposition / Exit - Austin / Texas - JLL, Cousins Link Up on Two Austin Office Transactions",PRJ-20260809-0058,"Disposition / Exit - Austin / Texas - JLL, Cousins Link Up on Two Austin Office Transactions",austin,Austin,Unknown,Austin,JLL,Unknown,General Residential,lifecycle_transition.csv,4,100,exact address + developer match,DUP-0058,No,"Matched across 4 source file(s): asset_parcel_intelligence.csv, deal_pipeline.csv, development_lifecycle.csv, lifecycle_transition.csv"
2026-08-09,20260809-233153-e892ad29,Recapitalization - National - JLL Arranges Recapitalization of Downtown Pittsburgh Mixed-Use Property,PRJ-20260809-0036,Recapitalization - National - JLL Arranges Recapitalization of Downtown Pittsburgh Mixed-Use Property,america,America,Unknown,America,JLL,JLL,Mixed-Use Residential,asset_parcel_intelligence.csv,4,100,exact address + developer match,DUP-0036,No,"Matched across 4 source file(s): asset_parcel_intelligence.csv, deal_pipeline.csv, development_lifecycle.csv, lifecycle_transition.csv"
2026-08-09,20260809-233153-e892ad29,Recapitalization - National - JLL Arranges Recapitalization of Downtown Pittsburgh Mixed-Use Property,PRJ-20260809-0036,Recapitalization - National - JLL Arranges Recapitalization of Downtown Pittsburgh Mixed-Use Property,america,America,National,America,JLL,jll,Mixed-Use Residential,deal_pipeline.csv,4,100,exact address + developer match,DUP-0036,No,"Matched across 4 source file(s): asset_parcel_intelligence.csv, deal_pipeline.csv, development_lifecycle.csv, lifecycle_transition.csv"
2026-08-09,20260809-233153-e892ad29,Recapitalization - National - JLL Arranges Recapitalization of Downtown Pittsburgh Mixed-Use Property,PRJ-20260809-0036,Recapitalization - National - JLL Arranges Recapitalization of Downtown Pittsburgh Mixed-Use Property,america,America,Unknown,America,JLL,JLL,Mixed-Use Residential,development_lifecycle.csv,4,100,exact address + developer match,DUP-0036,No,"Matched across 4 source file(s): asset_parcel_intelligence.csv, deal_pipeline.csv, development_lifecycle.csv, lifecycle_transition.csv"
2026-08-09,20260809-233153-e892ad29,Recapitalization - National - JLL Arranges Recapitalization of Downtown Pittsburgh Mixed-Use Property,PRJ-20260809-0036,Recapitalization - National - JLL Arranges Recapitalization of Downtown Pittsburgh Mixed-Use Property,america,America,Unknown,America,JLL,Unknown,Mixed-Use Residential,lifecycle_transition.csv,4,100,exact address + developer match,DUP-0036,No,"Matched across 4 source file(s): asset_parcel_intelligence.csv, deal_pipeline.csv, development_lifecycle.csv, lifecycle_transition.csv"
2026-08-09,20260809-233153-e892ad29,Construction Financing - Sun Belt - AEW with GMH Move Forward with Luxury Multifamily High-Rise Tower Project in Charlotte,PRJ-20260809-0068,Construction Financing - Sun Belt - AEW with GMH Move Forward with Luxury Multifamily High-Rise Tower Project in Charlotte,charlotte,Charlotte,Sun Belt,Charlotte,Unknown,Unknown,Multifamily,asset_parcel_intelligence.csv,4,80,address/location + market match,DUP-0068,No,"Matched across 4 source file(s): asset_parcel_intelligence.csv, deal_pipeline.csv, development_lifecycle.csv, lifecycle_transition.csv"
2026-08-09,20260809-233153-e892ad29,Construction Financing - Sun Belt - AEW with GMH Move Forward with Luxury Multifamily High-Rise Tower Project in Charlotte,PRJ-20260809-0068,Construction Financing - Sun Belt - AEW with GMH Move Forward with Luxury Multifamily High-Rise Tower Project in Charlotte,charlotte,Charlotte,Sun Belt,Charlotte,Unknown,Unknown,Multifamily,deal_pipeline.csv,4,80,address/location + market match,DUP-0068,No,"Matched across 4 source file(s): asset_parcel_intelligence.csv, deal_pipeline.csv, development_lifecycle.csv, lifecycle_transition.csv"
2026-08-09,20260809-233153-e892ad29,Construction Financing - Sun Belt - AEW with GMH Move Forward with Luxury Multifamily High-Rise Tower Project in Charlotte,PRJ-20260809-0068,Construction Financing - Sun Belt - AEW with GMH Move Forward with Luxury Multifamily High-Rise Tower Project in Charlotte,charlotte,Charlotte,Sun Belt,Charlotte,Unknown,Unknown,Multifamily,development_lifecycle.csv,4,80,address/location + market match,DUP-0068,No,"Matched across 4 source file(s): asset_parcel_intelligence.csv, deal_pipeline.csv, development_lifecycle.csv, lifecycle_transition.csv"
2026-08-09,20260809-233153-e892ad29,Construction Financing - Sun Belt - AEW with GMH Move Forward with Luxury Multifamily High-Rise Tower Project in Charlotte,PRJ-20260809-0068,Construction Financing - Sun Belt - AEW with GMH Move Forward with Luxury Multifamily High-Rise Tower Project in Charlotte,charlotte,Charlotte,Sun Belt,Charlotte,Unknown,Unknown,Multifamily,lifecycle_transition.csv,4,80,address/location + market match,DUP-0068,No,"Matched across 4 source file(s): asset_parcel_intelligence.csv, deal_pipeline.csv, development_lifecycle.csv, lifecycle_transition.csv"
2026-08-09,20260809-233153-e892ad29,More Texas multifamily loans moved to servicing in late July,PRJ-20260809-0101,More Texas multifamily loans moved to servicing in late July,los angeles,Los Angeles,Texas,Los Angeles,Unknown,Unknown,Apartment,asset_parcel_intelligence.csv,4,80,address/location + market match,DUP-0101,No,"Matched across 4 source file(s): asset_parcel_intelligence.csv, development_lifecycle.csv, entitlement_intelligence.csv, lifecycle_transition.csv"
2026-08-09,20260809-233153-e892ad29,More Texas multifamily loans moved to servicing in late July,PRJ-20260809-0101,More Texas multifamily loans moved to servicing in late July,los angeles,Los Angeles,Texas,Los Angeles,Unknown,Unknown,Apartment,development_lifecycle.csv,4,80,address/location + market match,DUP-0101,No,"Matched across 4 source file(s): asset_parcel_intelligence.csv, development_lifecycle.csv, entitlement_intelligence.csv, lifecycle_transition.csv"
2026-08-09,20260809-233153-e892ad29,More Texas multifamily loans moved to servicing in late July,PRJ-20260809-0101,More Texas multifamily loans moved to servicing in late July,los angeles,Los Angeles,Texas,Los Angeles,Unknown,Unknown,Apartment,lifecycle_transition.csv,4,80,address/location + market match,DUP-0101,No,"Matched across 4 source file(s): asset_parcel_intelligence.csv, development_lifecycle.csv, entitlement_intelligence.csv, lifecycle_transition.csv"
2026-08-09,20260809-233153-e892ad29,More Texas multifamily loans moved to servicing in late July,PRJ-20260809-0101,More Texas multifamily loans moved to servicing in late July,los angeles,Los Angeles,Texas,Los Angeles,Unknown,Unknown,Apartment,entitlement_intelligence.csv,4,80,address/location + market match,DUP-0101,No,"Matched across 4 source file(s): asset_parcel_intelligence.csv, development_lifecycle.csv, entitlement_intelligence.csv, lifecycle_transition.csv"
2026-08-09,20260809-233153-e892ad29,Office-to-Residential Conversion - California - Affordable housing nears the finish like at 515 Pioneer Dr. in Glendale,PRJ-20260809-0120,Office-to-Residential Conversion - California - Affordable housing nears the finish like at 515 Pioneer Dr. in Glendale,national,National,California,National,Unknown,Unknown,Affordable Housing,deal_pipeline.csv,4,80,address/location + market match,DUP-0120,No,"Matched across 4 source file(s): deal_pipeline.csv, development_lifecycle.csv, entitlement_intelligence.csv, lifecycle_transition.csv"
2026-08-09,20260809-233153-e892ad29,Office-to-Residential Conversion - California - Affordable housing nears the finish like at 515 Pioneer Dr. in Glendale,PRJ-20260809-0120,Office-to-Residential Conversion - California - Affordable housing nears the finish like at 515 Pioneer Dr. in Glendale,national,National,California,National,Unknown,Unknown,Affordable Housing,development_lifecycle.csv,4,80,address/location + market match,DUP-0120,No,"Matched across 4 source file(s): deal_pipeline.csv, development_lifecycle.csv, entitlement_intelligence.csv, lifecycle_transition.csv"
2026-08-09,20260809-233153-e892ad29,Office-to-Residential Conversion - California - Affordable housing nears the finish like at 515 Pioneer Dr. in Glendale,PRJ-20260809-0120,Office-to-Residential Conversion - California - Affordable housing nears the finish like at 515 Pioneer Dr. in Glendale,national,National,California,National,Unknown,Unknown,Affordable Housing,lifecycle_transition.csv,4,80,address/location + market match,DUP-0120,No,"Matched across 4 source file(s): deal_pipeline.csv, development_lifecycle.csv, entitlement_intelligence.csv, lifecycle_transition.csv"
2026-08-09,20260809-233153-e892ad29,Office-to-Residential Conversion - California - Affordable housing nears the finish like at 515 Pioneer Dr. in Glendale,PRJ-20260809-0120,Office-to-Residential Conversion - California - Affordable housing nears the finish like at 515 Pioneer Dr. in Glendale,national,National,California,National,Unknown,Unknown,Affordable Housing,entitlement_intelligence.csv,4,80,address/location + market match,DUP-0120,No,"Matched across 4 source file(s): deal_pipeline.csv, development_lifecycle.csv, entitlement_intelligence.csv, lifecycle_transition.csv"
2026-08-09,20260809-233153-e892ad29,"Entitlement / Permitting - San Francisco / California - Updated Permits Filed For 20 Fountain Street, San Francisco",PRJ-20260809-0156,"Office-to-Residential Conversion - San Francisco / California - Permits For Conversion at 150 Hayes Street, San Francisco",san francisco,San Francisco,San Francisco / California,San Francisco,Unknown,Unknown,Apartment,deal_pipeline.csv,4,80,address/location + market match,DUP-0156,No,"Matched across 2 source file(s): deal_pipeline.csv, entitlement_intelligence.csv"
2026-08-09,20260809-233153-e892ad29,"Office-to-Residential Conversion - San Francisco / California - Permits For Conversion at 150 Hayes Street, San Francisco",PRJ-20260809-0156,"Office-to-Residential Conversion - San Francisco / California - Permits For Conversion at 150 Hayes Street, San Francisco",san francisco,San Francisco,San Francisco / California,San Francisco,Unknown,Unknown,General Residential,deal_pipeline.csv,4,80,address/location + market match,DUP-0156,No,"Matched across 2 source file(s): deal_pipeline.csv, entitlement_intelligence.csv"
2026-08-09,20260809-233153-e892ad29,"Office-to-Residential Conversion - San Francisco / California - Permits For Conversion at 150 Hayes Street, San Francisco",PRJ-20260809-0156,"Office-to-Residential Conversion - San Francisco / California - Permits For Conversion at 150 Hayes Street, San Francisco",san francisco,San Francisco,San Francisco / California,San Francisco,Unknown,Unknown,General Residential,entitlement_intelligence.csv,4,80,address/location + market match,DUP-0156,No,"Matched across 2 source file(s): deal_pipeline.csv, entitlement_intelligence.csv"
2026-08-09,20260809-233153-e892ad29,"Entitlement / Permitting - San Francisco / California - Updated Permits Filed For 20 Fountain Street, San Francisco",PRJ-20260809-0156,"Office-to-Residential Conversion - San Francisco / California - Permits For Conversion at 150 Hayes Street, San Francisco",san francisco,San Francisco,San Francisco / California,San Francisco,Unknown,Unknown,Apartment,entitlement_intelligence.csv,4,80,address/location + market match,DUP-0156,No,"Matched across 2 source file(s): deal_pipeline.csv, entitlement_intelligence.csv"
2026-08-09,20260809-233153-e892ad29,"Entitlement / Permitting - San Francisco / California - Updated Permits Filed For 20 Fountain Street, San Francisco",PRJ-20260809-0157,"Office-to-Residential Conversion - San Francisco / California - Permits For Conversion at 150 Hayes Street, San Francisco",san francisco,San Francisco,Unknown,San Francisco,Unknown,Unknown,Apartment,development_lifecycle.csv,4,80,address/location + market match,DUP-0157,No,"Matched across 2 source file(s): development_lifecycle.csv, lifecycle_transition.csv"
2026-08-09,20260809-233153-e892ad29,"Office-to-Residential Conversion - San Francisco / California - Permits For Conversion at 150 Hayes Street, San Francisco",PRJ-20260809-0157,"Office-to-Residential Conversion - San Francisco / California - Permits For Conversion at 150 Hayes Street, San Francisco",san francisco,San Francisco,Unknown,San Francisco,Unknown,Unknown,General Residential,development_lifecycle.csv,4,80,address/location + market match,DUP-0157,No,"Matched across 2 source file(s): development_lifecycle.csv, lifecycle_transition.csv"
2026-08-09,20260809-233153-e892ad29,"Office-to-Residential Conversion - San Francisco / California - Permits For Conversion at 150 Hayes Street, San Francisco",PRJ-20260809-0157,"Office-to-Residential Conversion - San Francisco / California - Permits For Conversion at 150 Hayes Street, San Francisco",san francisco,San Francisco,Unknown,San Francisco,Unknown,Unknown,General Residential,lifecycle_transition.csv,4,80,address/location + market match,DUP-0157,No,"Matched across 2 source file(s): development_lifecycle.csv, lifecycle_transition.csv"
2026-08-09,20260809-233153-e892ad29,"Entitlement / Permitting - San Francisco / California - Updated Permits Filed For 20 Fountain Street, San Francisco",PRJ-20260809-0157,"Office-to-Residential Conversion - San Francisco / California - Permits For Conversion at 150 Hayes Street, San Francisco",san francisco,San Francisco,Unknown,San Francisco,Unknown,Unknown,Apartment,lifecycle_transition.csv,4,80,address/location + market match,DUP-0157,No,"Matched across 2 source file(s): development_lifecycle.csv, lifecycle_transition.csv"
2026-08-09,20260809-233153-e892ad29,Barry Sternlicht’s Starwood Buys Two Miami Affordable Housing Rentals,PRJ-20260809-0106,Barry Sternlicht’s Starwood Buys Two Miami Affordable Housing Rentals,miami florida,Miami / Florida,Miami / Florida,Unknown,Acquisition - Miami / Florida - Barry Sternlicht’s Starwood Buys Two Miami Affordable Housing Rentals,starwood,General Residential,relationship_graph.csv,3,100,exact address + developer match,DUP-0106,No,Matched across 1 source file(s): relationship_graph.csv
2026-08-09,20260809-233153-e892ad29,Barry Sternlicht’s Starwood Buys Two Miami Affordable Housing Rentals,PRJ-20260809-0106,Barry Sternlicht’s Starwood Buys Two Miami Affordable Housing Rentals,miami florida,Miami / Florida,Miami / Florida,Unknown,Acquisition - Miami / Florida - Barry Sternlicht’s Starwood Buys Two Miami Affordable Housing Rentals,Miami,General Residential,relationship_graph.csv,3,100,exact address + developer match,DUP-0106,No,Matched across 1 source file(s): relationship_graph.csv
2026-08-09,20260809-233153-e892ad29,Barry Sternlicht’s Starwood Buys Two Miami Affordable Housing Rentals,PRJ-20260809-0106,Barry Sternlicht’s Starwood Buys Two Miami Affordable Housing Rentals,miami florida,Miami / Florida,Miami / Florida,Unknown,Acquisition - Miami / Florida - Barry Sternlicht’s Starwood Buys Two Miami Affordable Housing Rentals,Miami / Florida,General Residential,relationship_graph.csv,3,100,exact address + developer match,DUP-0106,No,Matched across 1 source file(s): relationship_graph.csv
2026-08-09,20260809-233153-e892ad29,Acquisition - Las Vegas / Nevada - CONAM Acquires 232-Unit Alicante Apartment Homes in Las Vegas,PRJ-20260809-0082,Acquisition - Las Vegas / Nevada - CONAM Acquires 232-Unit Alicante Apartment Homes in Las Vegas,las vegas,Las Vegas,Unknown,Las Vegas,Unknown,Unknown,Apartment,asset_parcel_intelligence.csv,3,80,address/location + market match,DUP-0082,No,"Matched across 3 source file(s): asset_parcel_intelligence.csv, development_lifecycle.csv, lifecycle_transition.csv"
2026-08-09,20260809-233153-e892ad29,Acquisition - Las Vegas / Nevada - CONAM Acquires 232-Unit Alicante Apartment Homes in Las Vegas,PRJ-20260809-0082,Acquisition - Las Vegas / Nevada - CONAM Acquires 232-Unit Alicante Apartment Homes in Las Vegas,las vegas,Las Vegas,Unknown,Las Vegas,Unknown,Unknown,Apartment,development_lifecycle.csv,3,80,address/location + market match,DUP-0082,No,"Matched across 3 source file(s): asset_parcel_intelligence.csv, development_lifecycle.csv, lifecycle_transition.csv"
2026-08-09,20260809-233153-e892ad29,Acquisition - Las Vegas / Nevada - CONAM Acquires 232-Unit Alicante Apartment Homes in Las Vegas,PRJ-20260809-0082,Acquisition - Las Vegas / Nevada - CONAM Acquires 232-Unit Alicante Apartment Homes in Las Vegas,las vegas,Las Vegas,Unknown,Las Vegas,Unknown,Unknown,Apartment,lifecycle_transition.csv,3,80,address/location + market match,DUP-0082,No,"Matched across 3 source file(s): asset_parcel_intelligence.csv, development_lifecycle.csv, lifecycle_transition.csv"
2026-08-09,20260809-233153-e892ad29,"Acquisition - National - American House, Winterpast Capital Acquire 192-Unit Seniors Housing Community in Kansas Ci...",PRJ-20260809-0038,"Acquisition - National - American House, Winterpast Capital Acquire 192-Unit Seniors Housing Community in Kansas Ci...",america,America,Unknown,America,Unknown,Unknown,Senior Housing,asset_parcel_intelligence.csv,3,80,address/location + market match,DUP-0038,No,"Matched across 3 source file(s): asset_parcel_intelligence.csv, development_lifecycle.csv, lifecycle_transition.csv"
2026-08-09,20260809-233153-e892ad29,"Acquisition - National - American House, Winterpast Capital Acquire 192-Unit Seniors Housing Community in Kansas Ci...",PRJ-20260809-0038,"Acquisition - National - American House, Winterpast Capital Acquire 192-Unit Seniors Housing Community in Kansas Ci...",america,America,Unknown,America,Unknown,Unknown,Senior Housing,development_lifecycle.csv,3,80,address/location + market match,DUP-0038,No,"Matched across 3 source file(s): asset_parcel_intelligence.csv, development_lifecycle.csv, lifecycle_transition.csv"
2026-08-09,20260809-233153-e892ad29,"Acquisition - National - American House, Winterpast Capital Acquire 192-Unit Seniors Housing Community in Kansas Ci...",PRJ-20260809-0038,"Acquisition - National - American House, Winterpast Capital Acquire 192-Unit Seniors Housing Community in Kansas Ci...",america,America,Unknown,America,Unknown,Unknown,Senior Housing,lifecycle_transition.csv,3,80,address/location + market match,DUP-0038,No,"Matched across 3 source file(s): asset_parcel_intelligence.csv, development_lifecycle.csv, lifecycle_transition.csv"
2026-08-09,20260809-233153-e892ad29,Acquisition - Tampa / Florida - Franklin Street Negotiates Sale of 138-Unit Multifamily Property in Southwest Fort Worth,PRJ-20260809-0177,Acquisition - Tampa / Florida - Franklin Street Negotiates Sale of 138-Unit Multifamily Property in Southwest Fort Worth,tampa,Tampa,Unknown,Tampa,Unknown,Unknown,Apartment,asset_parcel_intelligence.csv,3,80,address/location + market match,DUP-0177,No,"Matched across 3 source file(s): asset_parcel_intelligence.csv, development_lifecycle.csv, lifecycle_transition.csv"
2026-08-09,20260809-233153-e892ad29,Acquisition - Tampa / Florida - Franklin Street Negotiates Sale of 138-Unit Multifamily Property in Southwest Fort Worth,PRJ-20260809-0177,Acquisition - Tampa / Florida - Franklin Street Negotiates Sale of 138-Unit Multifamily Property in Southwest Fort Worth,tampa,Tampa,Unknown,Tampa,Unknown,Unknown,Apartment,development_lifecycle.csv,3,80,address/location + market match,DUP-0177,No,"Matched across 3 source file(s): asset_parcel_intelligence.csv, development_lifecycle.csv, lifecycle_transition.csv"
2026-08-09,20260809-233153-e892ad29,Acquisition - Tampa / Florida - Franklin Street Negotiates Sale of 138-Unit Multifamily Property in Southwest Fort Worth,PRJ-20260809-0177,Acquisition - Tampa / Florida - Franklin Street Negotiates Sale of 138-Unit Multifamily Property in Southwest Fort Worth,tampa,Tampa,Unknown,Tampa,Unknown,Unknown,Apartment,lifecycle_transition.csv,3,80,address/location + market match,DUP-0177,No,"Matched across 3 source file(s): asset_parcel_intelligence.csv, development_lifecycle.csv, lifecycle_transition.csv"
2026-08-09,20260809-233153-e892ad29,Construction Financing - Sun Belt - AEW with GMH Move Forward with Luxury Multifamily High-Rise Tower Project in Charlotte,PRJ-20260809-0173,Construction Financing - Sun Belt - AEW with GMH Move Forward with Luxury Multifamily High-Rise Tower Project in Charlotte,sun belt,Sun Belt,Sun Belt,Unknown,Unknown,Unknown,Multifamily,deal_fingerprints.csv,3,80,address/location + market match,DUP-0173,No,"Matched across 3 source file(s): deal_fingerprints.csv, distress_watchlist.csv, opportunity_radar.csv"
2026-08-09,20260809-233153-e892ad29,Construction Financing - Sun Belt - AEW with GMH Move Forward with Luxury Multifamily High-Rise Tower Project in Charlotte,PRJ-20260809-0173,Construction Financing - Sun Belt - AEW with GMH Move Forward with Luxury Multifamily High-Rise Tower Project in Charlotte,sun belt,Sun Belt,Sun Belt,Unknown,Unknown,Unknown,Multifamily,opportunity_radar.csv,3,80,address/location + market match,DUP-0173,No,"Matched across 3 source file(s): deal_fingerprints.csv, distress_watchlist.csv, opportunity_radar.csv"
2026-08-09,20260809-233153-e892ad29,Construction Financing - Sun Belt - AEW with GMH Move Forward with Luxury Multifamily High-Rise Tower Project in Charlotte,PRJ-20260809-0173,Construction Financing - Sun Belt - AEW with GMH Move Forward with Luxury Multifamily High-Rise Tower Project in Charlotte,sun belt,Sun Belt,Sun Belt,Unknown,Unknown,Unknown,Multifamily,distress_watchlist.csv,3,80,address/location + market match,DUP-0173,No,"Matched across 3 source file(s): deal_fingerprints.csv, distress_watchlist.csv, opportunity_radar.csv"
2026-08-09,20260809-233153-e892ad29,Development Start - California - Groundbreaking Ceremony to be Held Today at 700 East Saint John Street in San Jose,PRJ-20260809-0159,Development Start - California - Groundbreaking Ceremony to be Held Today at 700 East Saint John Street in San Jose,san jose,San Jose,California,San Jose,Unknown,Unknown,Affordable Housing,deal_pipeline.csv,3,80,address/location + market match,DUP-0159,No,"Matched across 3 source file(s): deal_pipeline.csv, development_lifecycle.csv, lifecycle_transition.csv"
2026-08-09,20260809-233153-e892ad29,Development Start - California - Groundbreaking Ceremony to be Held Today at 700 East Saint John Street in San Jose,PRJ-20260809-0159,Development Start - California - Groundbreaking Ceremony to be Held Today at 700 East Saint John Street in San Jose,san jose,San Jose,California,San Jose,Unknown,Unknown,Affordable Housing,development_lifecycle.csv,3,80,address/location + market match,DUP-0159,No,"Matched across 3 source file(s): deal_pipeline.csv, development_lifecycle.csv, lifecycle_transition.csv"
2026-08-09,20260809-233153-e892ad29,Development Start - California - Groundbreaking Ceremony to be Held Today at 700 East Saint John Street in San Jose,PRJ-20260809-0159,Development Start - California - Groundbreaking Ceremony to be Held Today at 700 East Saint John Street in San Jose,san jose,San Jose,California,San Jose,Unknown,Unknown,Affordable Housing,lifecycle_transition.csv,3,80,address/location + market match,DUP-0159,No,"Matched across 3 source file(s): deal_pipeline.csv, development_lifecycle.csv, lifecycle_transition.csv"
2026-08-09,20260809-233153-e892ad29,Refinancing - Los Angeles / California - Mesa West Capital Provides $52M Loan for Refinancing of Sumner Mill Apartments Near Seattl...,PRJ-20260809-0165,Refinancing - Los Angeles / California - Mesa West Capital Provides $52M Loan for Refinancing of Sumner Mill Apartments Near Seattl...,seattle,Seattle,Unknown,Seattle,Unknown,Unknown,Apartment,asset_parcel_intelligence.csv,3,80,address/location + market match,DUP-0165,No,"Matched across 3 source file(s): asset_parcel_intelligence.csv, development_lifecycle.csv, lifecycle_transition.csv"
2026-08-09,20260809-233153-e892ad29,Refinancing - Los Angeles / California - Mesa West Capital Provides $52M Loan for Refinancing of Sumner Mill Apartments Near Seattl...,PRJ-20260809-0165,Refinancing - Los Angeles / California - Mesa West Capital Provides $52M Loan for Refinancing of Sumner Mill Apartments Near Seattl...,seattle,Seattle,Unknown,Seattle,Unknown,Unknown,Apartment,development_lifecycle.csv,3,80,address/location + market match,DUP-0165,No,"Matched across 3 source file(s): asset_parcel_intelligence.csv, development_lifecycle.csv, lifecycle_transition.csv"
2026-08-09,20260809-233153-e892ad29,Refinancing - Los Angeles / California - Mesa West Capital Provides $52M Loan for Refinancing of Sumner Mill Apartments Near Seattl...,PRJ-20260809-0165,Refinancing - Los Angeles / California - Mesa West Capital Provides $52M Loan for Refinancing of Sumner Mill Apartments Near Seattl...,seattle,Seattle,Unknown,Seattle,Unknown,Unknown,Apartment,lifecycle_transition.csv,3,80,address/location + market match,DUP-0165,No,"Matched across 3 source file(s): asset_parcel_intelligence.csv, development_lifecycle.csv, lifecycle_transition.csv"
2026-08-09,20260809-233153-e892ad29,AEW with GMH Move Forward with Luxury Multifamily High-Rise Tower Project in Charlotte,PRJ-20260809-0172,AEW with GMH Move Forward with Luxury Multifamily High-Rise Tower Project in Charlotte,sun belt,Sun Belt,Sun Belt,Unknown,Construction Financing - Sun Belt - AEW with GMH Move Forward with Luxury Multifamily High-Rise Tower Project in Charlotte,Charlotte,General Residential,relationship_graph.csv,2,100,exact address + developer match,DUP-0172,No,Matched across 1 source file(s): relationship_graph.csv
2026-08-09,20260809-233153-e892ad29,AEW with GMH Move Forward with Luxury Multifamily High-Rise Tower Project in Charlotte,PRJ-20260809-0172,AEW with GMH Move Forward with Luxury Multifamily High-Rise Tower Project in Charlotte,sun belt,Sun Belt,Sun Belt,Unknown,Construction Financing - Sun Belt - AEW with GMH Move Forward with Luxury Multifamily High-Rise Tower Project in Charlotte,Sun Belt,General Residential,relationship_graph.csv,2,100,exact address + developer match,DUP-0172,No,Matched across 1 source file(s): relationship_graph.csv
2026-08-09,20260809-233153-e892ad29,Acquisition - Seattle - Pacific Urban Acquires Seattle Multifamily Apartment Community A’Capella Apartment Homes f...,PRJ-20260809-0091,Acquisition - Seattle - Pacific Urban Acquires Seattle Multifamily Apartment Community A’Capella Apartment Homes f...,los angeles,Los Angeles,Other / Unknown,Los Angeles,CBRE,Unknown,Apartment,la_lifecycle_transition_watch.csv,2,100,exact address + developer match,DUP-0091,No,Matched across 1 source file(s): la_lifecycle_transition_watch.csv
2026-08-09,20260809-233153-e892ad29,Pacific Urban Acquires Seattle Multifamily Apartment Community A’Capella Apartment Homes for $112M,PRJ-20260809-0091,Acquisition - Seattle - Pacific Urban Acquires Seattle Multifamily Apartment Community A’Capella Apartment Homes f...,los angeles,Los Angeles,Other / Unknown,Los Angeles,CBRE,Unknown,Apartment,la_lifecycle_transition_watch.csv,2,100,exact address + developer match,DUP-0091,No,Matched across 1 source file(s): la_lifecycle_transition_watch.csv
2026-08-09,20260809-233153-e892ad29,Adaptive reuse project starting up at 6380 Wilshire Boulevard,PRJ-20260809-0086,Adaptive reuse project starting up at 6380 Wilshire Boulevard,los angeles california,Los Angeles / California,Los Angeles / California,Unknown,Office-to-Residential Conversion - Los Angeles / California - Adaptive reuse project starting up at 6380 Wilshire Boulevard,Los Angeles,General Residential,relationship_graph.csv,2,100,exact address + developer match,DUP-0086,No,Matched across 1 source file(s): relationship_graph.csv
2026-08-09,20260809-233153-e892ad29,Adaptive reuse project starting up at 6380 Wilshire Boulevard,PRJ-20260809-0086,Adaptive reuse project starting up at 6380 Wilshire Boulevard,los angeles california,Los Angeles / California,Los Angeles / California,Unknown,Office-to-Residential Conversion - Los Angeles / California - Adaptive reuse project starting up at 6380 Wilshire Boulevard,Los Angeles / California,General Residential,relationship_graph.csv,2,100,exact address + developer match,DUP-0086,No,Matched across 1 source file(s): relationship_graph.csv
2026-08-09,20260809-233153-e892ad29,Affiliated Closes Financing on Mixed-Income Fort Lauderdale Apartment Project,PRJ-20260809-0107,Affiliated Closes Financing on Mixed-Income Fort Lauderdale Apartment Project,miami florida,Miami / Florida,Miami / Florida,Unknown,Construction Financing - Miami / Florida - Affiliated Closes Financing on Mixed-Income Fort Lauderdale Apartment Project,Miami / Florida,General Residential,relationship_graph.csv,2,100,exact address + developer match,DUP-0107,No,Matched across 1 source file(s): relationship_graph.csv
2026-08-09,20260809-233153-e892ad29,Affiliated Closes Financing on Mixed-Income Fort Lauderdale Apartment Project,PRJ-20260809-0107,Affiliated Closes Financing on Mixed-Income Fort Lauderdale Apartment Project,miami florida,Miami / Florida,Miami / Florida,Unknown,Construction Financing - Miami / Florida - Affiliated Closes Financing on Mixed-Income Fort Lauderdale Apartment Project,South Florida,General Residential,relationship_graph.csv,2,100,exact address + developer match,DUP-0107,No,Matched across 1 source file(s): relationship_graph.csv
2026-08-09,20260809-233153-e892ad29,Affordable housing nears the finish like at 515 Pioneer Dr. in Glendale,PRJ-20260809-0064,Affordable housing nears the finish like at 515 Pioneer Dr. in Glendale,california,California,California,Unknown,Office-to-Residential Conversion - California - Affordable housing nears the finish like at 515 Pioneer Dr. in Glendale,California,General Residential,relationship_graph.csv,2,100,exact address + developer match,DUP-0064,No,Matched across 1 source file(s): relationship_graph.csv
2026-08-09,20260809-233153-e892ad29,Affordable housing nears the finish like at 515 Pioneer Dr. in Glendale,PRJ-20260809-0064,Affordable housing nears the finish like at 515 Pioneer Dr. in Glendale,california,California,California,Unknown,Office-to-Residential Conversion - California - Affordable housing nears the finish like at 515 Pioneer Dr. in Glendale,National,General Residential,relationship_graph.csv,2,100,exact address + developer match,DUP-0064,No,Matched across 1 source file(s): relationship_graph.csv
2026-08-09,20260809-233153-e892ad29,Affordable housing takes shape at 1332 and 1346 N. Fairfax Avenue,PRJ-20260809-0084,Affordable housing takes shape at 1332 and 1346 N. Fairfax Avenue,los angeles california,Los Angeles / California,Los Angeles / California,Unknown,Entitlement / Permitting - Los Angeles / California - Affordable housing takes shape at 1332 and 1346 N. Fairfax Avenue,Los Angeles,General Residential,relationship_graph.csv,2,100,exact address + developer match,DUP-0084,No,Matched across 1 source file(s): relationship_graph.csv
2026-08-09,20260809-233153-e892ad29,Affordable housing takes shape at 1332 and 1346 N. Fairfax Avenue,PRJ-20260809-0084,Affordable housing takes shape at 1332 and 1346 N. Fairfax Avenue,los angeles california,Los Angeles / California,Los Angeles / California,Unknown,Entitlement / Permitting - Los Angeles / California - Affordable housing takes shape at 1332 and 1346 N. Fairfax Avenue,Los Angeles / California,General Residential,relationship_graph.csv,2,100,exact address + developer match,DUP-0084,No,Matched across 1 source file(s): relationship_graph.csv
2026-08-09,20260809-233153-e892ad29,Affordable housing with retail pitched for 2306 W. Jefferson Blvd.,PRJ-20260809-0085,Affordable housing with retail pitched for 2306 W. Jefferson Blvd.,los angeles california,Los Angeles / California,Los Angeles / California,Unknown,General Project Signal - Los Angeles / California - Affordable housing with retail pitched for 2306 W. Jefferson Blvd.,Los Angeles,General Residential,relationship_graph.csv,2,100,exact address + developer match,DUP-0085,No,Matched across 1 source file(s): relationship_graph.csv
2026-08-09,20260809-233153-e892ad29,Affordable housing with retail pitched for 2306 W. Jefferson Blvd.,PRJ-20260809-0085,Affordable housing with retail pitched for 2306 W. Jefferson Blvd.,los angeles california,Los Angeles / California,Los Angeles / California,Unknown,General Project Signal - Los Angeles / California - Affordable housing with retail pitched for 2306 W. Jefferson Blvd.,Los Angeles / California,General Residential,relationship_graph.csv,2,100,exact address + developer match,DUP-0085,No,Matched across 1 source file(s): relationship_graph.csv
2026-08-09,20260809-233153-e892ad29,Arrow Arranges $85M Construction Loan for Miami Condo Project,PRJ-20260809-0108,Arrow Arranges $85M Construction Loan for Miami Condo Project,miami florida,Miami / Florida,Miami / Florida,Unknown,Construction Financing - Miami / Florida - Arrow Arranges $85M Construction Loan for Miami Condo Project,Miami / Florida,General Residential,relationship_graph.csv,2,100,exact address + developer match,DUP-0108,No,Matched across 1 source file(s): relationship_graph.csv
2026-08-09,20260809-233153-e892ad29,Arrow Arranges $85M Construction Loan for Miami Condo Project,PRJ-20260809-0108,Arrow Arranges $85M Construction Loan for Miami Condo Project,miami florida,Miami / Florida,Miami / Florida,Unknown,Construction Financing - Miami / Florida - Arrow Arranges $85M Construction Loan for Miami Condo Project,South Florida,General Residential,relationship_graph.csv,2,100,exact address + developer match,DUP-0108,No,Matched across 1 source file(s): relationship_graph.csv
2026-08-09,20260809-233153-e892ad29,Arrow Arranges $85M Construction Loan for Miami Condo Project,PRJ-20260809-0115,Arrow Arranges $85M Construction Loan for Miami Condo Project,miami,Miami,Miami / Florida,Miami,Northlink Capital,Unknown,Apartment,development_lifecycle.csv,2,100,exact address + developer match,DUP-0115,No,"Matched across 2 source file(s): development_lifecycle.csv, lifecycle_transition.csv"
2026-08-09,20260809-233153-e892ad29,Arrow Arranges $85M Construction Loan for Miami Condo Project,PRJ-20260809-0115,Arrow Arranges $85M Construction Loan for Miami Condo Project,miami,Miami,Miami / Florida,Miami,Northlink Capital,Unknown,Apartment,lifecycle_transition.csv,2,100,exact address + developer match,DUP-0115,No,"Matched across 2 source file(s): development_lifecycle.csv, lifecycle_transition.csv"
2026-08-09,20260809-233153-e892ad29,Atlanta Beltline Advancing 218-Unit Affordable Apartment Project,PRJ-20260809-0044,Atlanta Beltline Advancing 218-Unit Affordable Apartment Project,atlanta georgia,Atlanta / Georgia,Atlanta / Georgia,Unknown,General Project Signal - Atlanta / Georgia - Atlanta Beltline Advancing 218-Unit Affordable Apartment Project,Atlanta,General Residential,relationship_graph.csv,2,100,exact address + developer match,DUP-0044,No,Matched across 1 source file(s): relationship_graph.csv
2026-08-09,20260809-233153-e892ad29,Atlanta Beltline Advancing 218-Unit Affordable Apartment Project,PRJ-20260809-0044,Atlanta Beltline Advancing 218-Unit Affordable Apartment Project,atlanta georgia,Atlanta / Georgia,Atlanta / Georgia,Unknown,General Project Signal - Atlanta / Georgia - Atlanta Beltline Advancing 218-Unit Affordable Apartment Project,Atlanta / Georgia,General Residential,relationship_graph.csv,2,100,exact address + developer match,DUP-0044,No,Matched across 1 source file(s): relationship_graph.csv
2026-08-09,20260809-233153-e892ad29,Baron Property Group Closes on $226.5M Refi for Hialeah Apartment Community,PRJ-20260809-0111,Baron Property Group Closes on $226.5M Refi for Hialeah Apartment Community,miami florida,Miami / Florida,Miami / Florida,Unknown,Refinancing - Miami / Florida - Baron Property Group Closes on $226.5M Refi for Hialeah Apartment Community,Miami / Florida,General Residential,relationship_graph.csv,2,100,exact address + developer match,DUP-0111,No,Matched across 1 source file(s): relationship_graph.csv
2026-08-09,20260809-233153-e892ad29,Baron Property Group Closes on $226.5M Refi for Hialeah Apartment Community,PRJ-20260809-0111,Baron Property Group Closes on $226.5M Refi for Hialeah Apartment Community,miami florida,Miami / Florida,Miami / Florida,Unknown,Refinancing - Miami / Florida - Baron Property Group Closes on $226.5M Refi for Hialeah Apartment Community,South Florida,General Residential,relationship_graph.csv,2,100,exact address + developer match,DUP-0111,No,Matched across 1 source file(s): relationship_graph.csv
2026-08-09,20260809-233153-e892ad29,Brook Farm Group Lands $73M Refinance of Luxury Multifamily Development Sinclair at Callaway Farm in Georgia,PRJ-20260809-0047,Brook Farm Group Lands $73M Refinance of Luxury Multifamily Development Sinclair at Callaway Farm in Georgia,atlanta georgia,Atlanta / Georgia,Atlanta / Georgia,Unknown,Refinancing - Atlanta / Georgia - Brook Farm Group Lands $73M Refinance of Luxury Multifamily Development Sinclair at Callaw...,Atlanta,General Residential,relationship_graph.csv,2,100,exact address + developer match,DUP-0047,No,Matched across 1 source file(s): relationship_graph.csv
2026-08-09,20260809-233153-e892ad29,Brook Farm Group Lands $73M Refinance of Luxury Multifamily Development Sinclair at Callaway Farm in Georgia,PRJ-20260809-0047,Brook Farm Group Lands $73M Refinance of Luxury Multifamily Development Sinclair at Callaway Farm in Georgia,atlanta georgia,Atlanta / Georgia,Atlanta / Georgia,Unknown,Refinancing - Atlanta / Georgia - Brook Farm Group Lands $73M Refinance of Luxury Multifamily Development Sinclair at Callaw...,Atlanta / Georgia,General Residential,relationship_graph.csv,2,100,exact address + developer match,DUP-0047,No,Matched across 1 source file(s): relationship_graph.csv
2026-08-09,20260809-233153-e892ad29,CONAM Acquires 232-Unit Alicante Apartment Homes in Las Vegas,PRJ-20260809-0077,CONAM Acquires 232-Unit Alicante Apartment Homes in Las Vegas,las vegas nevada,Las Vegas / Nevada,Las Vegas / Nevada,Unknown,Acquisition - Las Vegas / Nevada - CONAM Acquires 232-Unit Alicante Apartment Homes in Las Vegas,Las Vegas,General Residential,relationship_graph.csv,2,100,exact address + developer match,DUP-0077,No,Matched across 1 source file(s): relationship_graph.csv
2026-08-09,20260809-233153-e892ad29,CONAM Acquires 232-Unit Alicante Apartment Homes in Las Vegas,PRJ-20260809-0077,CONAM Acquires 232-Unit Alicante Apartment Homes in Las Vegas,las vegas nevada,Las Vegas / Nevada,Las Vegas / Nevada,Unknown,Acquisition - Las Vegas / Nevada - CONAM Acquires 232-Unit Alicante Apartment Homes in Las Vegas,Las Vegas / Nevada,General Residential,relationship_graph.csv,2,100,exact address + developer match,DUP-0077,No,Matched across 1 source file(s): relationship_graph.csv
2026-08-09,20260809-233153-e892ad29,ColRich Pays $52.4M for Mesa Rental Community,PRJ-20260809-0143,ColRich Pays $52.4M for Mesa Rental Community,phoenix arizona,Phoenix / Arizona,Phoenix / Arizona,Unknown,Acquisition - Phoenix / Arizona - ColRich Pays $52.4M for Mesa Rental Community,Phoenix,General Residential,relationship_graph.csv,2,100,exact address + developer match,DUP-0143,No,Matched across 1 source file(s): relationship_graph.csv
2026-08-09,20260809-233153-e892ad29,ColRich Pays $52.4M for Mesa Rental Community,PRJ-20260809-0143,ColRich Pays $52.4M for Mesa Rental Community,phoenix arizona,Phoenix / Arizona,Phoenix / Arizona,Unknown,Acquisition - Phoenix / Arizona - ColRich Pays $52.4M for Mesa Rental Community,Phoenix / Arizona,General Residential,relationship_graph.csv,2,100,exact address + developer match,DUP-0143,No,Matched across 1 source file(s): relationship_graph.csv
2026-08-09,20260809-233153-e892ad29,Developer Duo Obtains Construction Financing for $147M Atlanta Student Housing Project,PRJ-20260809-0043,Developer Duo Obtains Construction Financing for $147M Atlanta Student Housing Project,atlanta georgia,Atlanta / Georgia,Atlanta / Georgia,Unknown,Construction Financing - Atlanta / Georgia - Developer Duo Obtains Construction Financing for $147M Atlanta Student Housing Project,Atlanta,General Residential,relationship_graph.csv,2,100,exact address + developer match,DUP-0043,No,Matched across 1 source file(s): relationship_graph.csv
2026-08-09,20260809-233153-e892ad29,Developer Duo Obtains Construction Financing for $147M Atlanta Student Housing Project,PRJ-20260809-0043,Developer Duo Obtains Construction Financing for $147M Atlanta Student Housing Project,atlanta georgia,Atlanta / Georgia,Atlanta / Georgia,Unknown,Construction Financing - Atlanta / Georgia - Developer Duo Obtains Construction Financing for $147M Atlanta Student Housing Project,Atlanta / Georgia,General Residential,relationship_graph.csv,2,100,exact address + developer match,DUP-0043,No,Matched across 1 source file(s): relationship_graph.csv
2026-08-09,20260809-233153-e892ad29,Development Start - Atlanta / Georgia - Financing Secured for Centennial Yards Mixed-Use Project,PRJ-20260809-0092,Development Start - Atlanta / Georgia - Financing Secured for Centennial Yards Mixed-Use Project,los angeles,Los Angeles,Other / Unknown,Los Angeles,CIM Group,Unknown,Mixed-Use Residential,la_lifecycle_transition_watch.csv,2,100,exact address + developer match,DUP-0092,No,Matched across 1 source file(s): la_lifecycle_transition_watch.csv
2026-08-09,20260809-233153-e892ad29,Financing Secured for Centennial Yards Mixed-Use Project,PRJ-20260809-0092,Development Start - Atlanta / Georgia - Financing Secured for Centennial Yards Mixed-Use Project,los angeles,Los Angeles,Other / Unknown,Los Angeles,CIM Group,Unknown,Mixed-Use Residential,la_lifecycle_transition_watch.csv,2,100,exact address + developer match,DUP-0092,No,Matched across 1 source file(s): la_lifecycle_transition_watch.csv
2026-08-09,20260809-233153-e892ad29,Franklin Street Negotiates Sale of 138-Unit Multifamily Property in Southwest Fort Worth,PRJ-20260809-0174,Franklin Street Negotiates Sale of 138-Unit Multifamily Property in Southwest Fort Worth,tampa florida,Tampa / Florida,Tampa / Florida,Unknown,Acquisition - Tampa / Florida - Franklin Street Negotiates Sale of 138-Unit Multifamily Property in Southwest Fort Worth,Tampa,General Residential,relationship_graph.csv,2,100,exact address + developer match,DUP-0174,No,Matched across 1 source file(s): relationship_graph.csv
2026-08-09,20260809-233153-e892ad29,Franklin Street Negotiates Sale of 138-Unit Multifamily Property in Southwest Fort Worth,PRJ-20260809-0174,Franklin Street Negotiates Sale of 138-Unit Multifamily Property in Southwest Fort Worth,tampa florida,Tampa / Florida,Tampa / Florida,Unknown,Acquisition - Tampa / Florida - Franklin Street Negotiates Sale of 138-Unit Multifamily Property in Southwest Fort Worth,Tampa / Florida,General Residential,relationship_graph.csv,2,100,exact address + developer match,DUP-0174,No,Matched across 1 source file(s): relationship_graph.csv
2026-08-09,20260809-233153-e892ad29,Groundbreaking Ceremony to be Held Today at 700 East Saint John Street in San Jose,PRJ-20260809-0061,Groundbreaking Ceremony to be Held Today at 700 East Saint John Street in San Jose,california,California,California,Unknown,Development Start - California - Groundbreaking Ceremony to be Held Today at 700 East Saint John Street in San Jose,California,General Residential,relationship_graph.csv,2,100,exact address + developer match,DUP-0061,No,Matched across 1 source file(s): relationship_graph.csv
2026-08-09,20260809-233153-e892ad29,Groundbreaking Ceremony to be Held Today at 700 East Saint John Street in San Jose,PRJ-20260809-0061,Groundbreaking Ceremony to be Held Today at 700 East Saint John Street in San Jose,california,California,California,Unknown,Development Start - California - Groundbreaking Ceremony to be Held Today at 700 East Saint John Street in San Jose,San Jose,General Residential,relationship_graph.csv,2,100,exact address + developer match,DUP-0061,No,Matched across 1 source file(s): relationship_graph.csv
2026-08-09,20260809-233153-e892ad29,L.A. County approves $15M for supportive housing at Metropolitan State Hospital campus,PRJ-20260809-0087,L.A. County approves $15M for supportive housing at Metropolitan State Hospital campus,los angeles california,Los Angeles / California,Los Angeles / California,Unknown,Office-to-Residential Conversion - Los Angeles / California - L.A. County approves $15M for supportive housing at Metropolitan State Hospital campus,Los Angeles,General Residential,relationship_graph.csv,2,100,exact address + developer match,DUP-0087,No,Matched across 1 source file(s): relationship_graph.csv
2026-08-09,20260809-233153-e892ad29,L.A. County approves $15M for supportive housing at Metropolitan State Hospital campus,PRJ-20260809-0087,L.A. County approves $15M for supportive housing at Metropolitan State Hospital campus,los angeles california,Los Angeles / California,Los Angeles / California,Unknown,Office-to-Residential Conversion - Los Angeles / California - L.A. County approves $15M for supportive housing at Metropolitan State Hospital campus,Los Angeles / California,General Residential,relationship_graph.csv,2,100,exact address + developer match,DUP-0087,No,Matched across 1 source file(s): relationship_graph.csv
2026-08-09,20260809-233153-e892ad29,Lion Real Estate Picks Up Atlanta Apartments for $51M,PRJ-20260809-0039,Lion Real Estate Picks Up Atlanta Apartments for $51M,atlanta georgia,Atlanta / Georgia,Atlanta / Georgia,Unknown,Acquisition - Atlanta / Georgia - Lion Real Estate Picks Up Atlanta Apartments for $51M,Atlanta,General Residential,relationship_graph.csv,2,100,exact address + developer match,DUP-0039,No,Matched across 1 source file(s): relationship_graph.csv
2026-08-09,20260809-233153-e892ad29,Lion Real Estate Picks Up Atlanta Apartments for $51M,PRJ-20260809-0039,Lion Real Estate Picks Up Atlanta Apartments for $51M,atlanta georgia,Atlanta / Georgia,Atlanta / Georgia,Unknown,Acquisition - Atlanta / Georgia - Lion Real Estate Picks Up Atlanta Apartments for $51M,Atlanta / Georgia,General Residential,relationship_graph.csv,2,100,exact address + developer match,DUP-0039,No,Matched across 1 source file(s): relationship_graph.csv
2026-08-09,20260809-233153-e892ad29,Matt Ferrari’s PXV Multifamily makes first acquisition for $29.5M,PRJ-20260809-0040,Matt Ferrari’s PXV Multifamily makes first acquisition for $29.5M,atlanta georgia,Atlanta / Georgia,Atlanta / Georgia,Unknown,Acquisition - Atlanta / Georgia - Matt Ferrari’s PXV Multifamily makes first acquisition for $29.5M,Atlanta,General Residential,relationship_graph.csv,2,100,exact address + developer match,DUP-0040,No,Matched across 1 source file(s): relationship_graph.csv
2026-08-09,20260809-233153-e892ad29,Matt Ferrari’s PXV Multifamily makes first acquisition for $29.5M,PRJ-20260809-0040,Matt Ferrari’s PXV Multifamily makes first acquisition for $29.5M,atlanta georgia,Atlanta / Georgia,Atlanta / Georgia,Unknown,Acquisition - Atlanta / Georgia - Matt Ferrari’s PXV Multifamily makes first acquisition for $29.5M,Atlanta / Georgia,General Residential,relationship_graph.csv,2,100,exact address + developer match,DUP-0040,No,Matched across 1 source file(s): relationship_graph.csv
2026-08-09,20260809-233153-e892ad29,Mesa West Capital Provides $52M Loan for Refinancing of Sumner Mill Apartments Near Seattle,PRJ-20260809-0088,Mesa West Capital Provides $52M Loan for Refinancing of Sumner Mill Apartments Near Seattle,los angeles california,Los Angeles / California,Los Angeles / California,Unknown,Refinancing - Los Angeles / California - Mesa West Capital Provides $52M Loan for Refinancing of Sumner Mill Apartments Near Seattl...,Los Angeles / California,General Residential,relationship_graph.csv,2,100,exact address + developer match,DUP-0088,No,Matched across 1 source file(s): relationship_graph.csv
2026-08-09,20260809-233153-e892ad29,Mesa West Capital Provides $52M Loan for Refinancing of Sumner Mill Apartments Near Seattle,PRJ-20260809-0088,Mesa West Capital Provides $52M Loan for Refinancing of Sumner Mill Apartments Near Seattle,los angeles california,Los Angeles / California,Los Angeles / California,Unknown,Refinancing - Los Angeles / California - Mesa West Capital Provides $52M Loan for Refinancing of Sumner Mill Apartments Near Seattl...,Seattle,General Residential,relationship_graph.csv,2,100,exact address + developer match,DUP-0088,No,Matched across 1 source file(s): relationship_graph.csv
2026-08-09,20260809-233153-e892ad29,Mesirow Pays $132M for Midtown Atlanta Apartment Community,PRJ-20260809-0046,Mesirow Pays $132M for Midtown Atlanta Apartment Community,atlanta georgia,Atlanta / Georgia,Atlanta / Georgia,Unknown,JV / Partnership - Atlanta / Georgia - Mesirow Pays $132M for Midtown Atlanta Apartment Community,Atlanta,General Residential,relationship_graph.csv,2,100,exact address + developer match,DUP-0046,No,Matched across 1 source file(s): relationship_graph.csv
2026-08-09,20260809-233153-e892ad29,Mesirow Pays $132M for Midtown Atlanta Apartment Community,PRJ-20260809-0046,Mesirow Pays $132M for Midtown Atlanta Apartment Community,atlanta georgia,Atlanta / Georgia,Atlanta / Georgia,Unknown,JV / Partnership - Atlanta / Georgia - Mesirow Pays $132M for Midtown Atlanta Apartment Community,Atlanta / Georgia,General Residential,relationship_graph.csv,2,100,exact address + developer match,DUP-0046,No,Matched across 1 source file(s): relationship_graph.csv
2026-08-09,20260809-233153-e892ad29,"Office-to-Residential Conversion - West Palm Beach / Florida - IPA Brokers $90.5M Sale of West Palm Beach Condos, Buyer Plans Multifamily Conversion",PRJ-20260809-0094,"Office-to-Residential Conversion - West Palm Beach / Florida - IPA Brokers $90.5M Sale of West Palm Beach Condos, Buyer Plans Multifamily Conversion",los angeles,Los Angeles,Other / Unknown,Los Angeles,IPA,Unknown,Apartment,la_lifecycle_transition_watch.csv,2,100,exact address + developer match,DUP-0094,No,Matched across 1 source file(s): la_lifecycle_transition_watch.csv
2026-08-09,20260809-233153-e892ad29,Disposition / Exit - Riverside / California - Institutional Property Advisors Brokers Inland Empire Multifamily Sale in Paloma Californi...,PRJ-20260809-0094,"Office-to-Residential Conversion - West Palm Beach / Florida - IPA Brokers $90.5M Sale of West Palm Beach Condos, Buyer Plans Multifamily Conversion",los angeles,Los Angeles,Other / Unknown,Los Angeles,IPA,Unknown,Multifamily,la_lifecycle_transition_watch.csv,2,100,exact address + developer match,DUP-0094,No,Matched across 1 source file(s): la_lifecycle_transition_watch.csv
2026-08-09,20260809-233153-e892ad29,"Permits For Conversion at 150 Hayes Street, San Francisco",PRJ-20260809-0153,"Permits For Conversion at 150 Hayes Street, San Francisco",san francisco california,San Francisco / California,San Francisco / California,Unknown,"Office-to-Residential Conversion - San Francisco / California - Permits For Conversion at 150 Hayes Street, San Francisco",San Francisco,General Residential,relationship_graph.csv,2,100,exact address + developer match,DUP-0153,No,Matched across 1 source file(s): relationship_graph.csv
2026-08-09,20260809-233153-e892ad29,"Permits For Conversion at 150 Hayes Street, San Francisco",PRJ-20260809-0153,"Permits For Conversion at 150 Hayes Street, San Francisco",san francisco california,San Francisco / California,San Francisco / California,Unknown,"Office-to-Residential Conversion - San Francisco / California - Permits For Conversion at 150 Hayes Street, San Francisco",San Francisco / California,General Residential,relationship_graph.csv,2,100,exact address + developer match,DUP-0153,No,Matched across 1 source file(s): relationship_graph.csv
2026-08-09,20260809-233153-e892ad29,Phoenix BTR Investor Inks $73.1M Bridge Loan,PRJ-20260809-0145,Phoenix BTR Investor Inks $73.1M Bridge Loan,phoenix arizona,Phoenix / Arizona,Phoenix / Arizona,Unknown,BTR / Build-to-Rent - Phoenix / Arizona - Phoenix BTR Investor Inks $73.1M Bridge Loan,Phoenix,General Residential,relationship_graph.csv,2,100,exact address + developer match,DUP-0145,No,Matched across 1 source file(s): relationship_graph.csv
2026-08-09,20260809-233153-e892ad29,Phoenix BTR Investor Inks $73.1M Bridge Loan,PRJ-20260809-0145,Phoenix BTR Investor Inks $73.1M Bridge Loan,phoenix arizona,Phoenix / Arizona,Phoenix / Arizona,Unknown,BTR / Build-to-Rent - Phoenix / Arizona - Phoenix BTR Investor Inks $73.1M Bridge Loan,Phoenix / Arizona,General Residential,relationship_graph.csv,2,100,exact address + developer match,DUP-0145,No,Matched across 1 source file(s): relationship_graph.csv
2026-08-09,20260809-233153-e892ad29,Recapitalization - Other / Unknown - Berkadia Arranges Recapitalization of MF Within Chicago MSA,PRJ-20260809-0179,Recapitalization - Other / Unknown - Berkadia Arranges Recapitalization of MF Within Chicago MSA,unknown,Unknown,Unknown,Unknown,Berkadia,Berkadia,Apartment,development_lifecycle.csv,2,100,exact address + developer match,DUP-0179,No,"Matched across 2 source file(s): development_lifecycle.csv, lifecycle_transition.csv"
2026-08-09,20260809-233153-e892ad29,Recapitalization - Other / Unknown - Berkadia Arranges Recapitalization of MF Within Chicago MSA,PRJ-20260809-0179,Recapitalization - Other / Unknown - Berkadia Arranges Recapitalization of MF Within Chicago MSA,unknown,Unknown,Unknown,Unknown,Berkadia,Unknown,Apartment,lifecycle_transition.csv,2,100,exact address + developer match,DUP-0179,No,"Matched across 2 source file(s): development_lifecycle.csv, lifecycle_transition.csv"
2026-08-09,20260809-233153-e892ad29,Refinancing - Other / Unknown - Bridge Investment Group Provides $67M Refi for Value-Add Multifamily Outside Boston,PRJ-20260809-0180,Refinancing - Other / Unknown - Bridge Investment Group Provides $67M Refi for Value-Add Multifamily Outside Boston,unknown,Unknown,Unknown,Unknown,JLL,JLL,Multifamily,development_lifecycle.csv,2,100,exact address + developer match,DUP-0180,No,"Matched across 2 source file(s): development_lifecycle.csv, lifecycle_transition.csv"
2026-08-09,20260809-233153-e892ad29,Refinancing - Other / Unknown - Bridge Investment Group Provides $67M Refi for Value-Add Multifamily Outside Boston,PRJ-20260809-0180,Refinancing - Other / Unknown - Bridge Investment Group Provides $67M Refi for Value-Add Multifamily Outside Boston,unknown,Unknown,Unknown,Unknown,JLL,Unknown,Multifamily,lifecycle_transition.csv,2,100,exact address + developer match,DUP-0180,No,"Matched across 2 source file(s): development_lifecycle.csv, lifecycle_transition.csv"
2026-08-09,20260809-233153-e892ad29,Rockwell Pays $42M for 182-Unit Scottsdale Rental Community,PRJ-20260809-0144,Rockwell Pays $42M for 182-Unit Scottsdale Rental Community,phoenix arizona,Phoenix / Arizona,Phoenix / Arizona,Unknown,Acquisition - Phoenix / Arizona - Rockwell Pays $42M for 182-Unit Scottsdale Rental Community,Phoenix,General Residential,relationship_graph.csv,2,100,exact address + developer match,DUP-0144,No,Matched across 1 source file(s): relationship_graph.csv
2026-08-09,20260809-233153-e892ad29,Rockwell Pays $42M for 182-Unit Scottsdale Rental Community,PRJ-20260809-0144,Rockwell Pays $42M for 182-Unit Scottsdale Rental Community,phoenix arizona,Phoenix / Arizona,Phoenix / Arizona,Unknown,Acquisition - Phoenix / Arizona - Rockwell Pays $42M for 182-Unit Scottsdale Rental Community,Phoenix / Arizona,General Residential,relationship_graph.csv,2,100,exact address + developer match,DUP-0144,No,Matched across 1 source file(s): relationship_graph.csv
2026-08-09,20260809-233153-e892ad29,Stewards Inks $79M Refi of Hollywood Rental Asset,PRJ-20260809-0112,Stewards Inks $79M Refi of Hollywood Rental Asset,miami florida,Miami / Florida,Miami / Florida,Unknown,Refinancing - Miami / Florida - Stewards Inks $79M Refi of Hollywood Rental Asset,Miami / Florida,General Residential,relationship_graph.csv,2,100,exact address + developer match,DUP-0112,No,Matched across 1 source file(s): relationship_graph.csv
2026-08-09,20260809-233153-e892ad29,Stewards Inks $79M Refi of Hollywood Rental Asset,PRJ-20260809-0112,Stewards Inks $79M Refi of Hollywood Rental Asset,miami florida,Miami / Florida,Miami / Florida,Unknown,Refinancing - Miami / Florida - Stewards Inks $79M Refi of Hollywood Rental Asset,South Florida,General Residential,relationship_graph.csv,2,100,exact address + developer match,DUP-0112,No,Matched across 1 source file(s): relationship_graph.csv
2026-08-09,20260809-233153-e892ad29,"Updated Permits Filed For 20 Fountain Street, San Francisco",PRJ-20260809-0152,"Updated Permits Filed For 20 Fountain Street, San Francisco",san francisco california,San Francisco / California,San Francisco / California,Unknown,"Entitlement / Permitting - San Francisco / California - Updated Permits Filed For 20 Fountain Street, San Francisco",San Francisco,General Residential,relationship_graph.csv,2,100,exact address + developer match,DUP-0152,No,Matched across 1 source file(s): relationship_graph.csv
2026-08-09,20260809-233153-e892ad29,"Updated Permits Filed For 20 Fountain Street, San Francisco",PRJ-20260809-0152,"Updated Permits Filed For 20 Fountain Street, San Francisco",san francisco california,San Francisco / California,San Francisco / California,Unknown,"Entitlement / Permitting - San Francisco / California - Updated Permits Filed For 20 Fountain Street, San Francisco",San Francisco / California,General Residential,relationship_graph.csv,2,100,exact address + developer match,DUP-0152,No,Matched across 1 source file(s): relationship_graph.csv
2026-08-09,20260809-233153-e892ad29,Valley National Bank Provides $30M Value-Add Refi for Park Towers in Miami,PRJ-20260809-0113,Valley National Bank Provides $30M Value-Add Refi for Park Towers in Miami,miami florida,Miami / Florida,Miami / Florida,Unknown,Refinancing - Miami / Florida - Valley National Bank Provides $30M Value-Add Refi for Park Towers in Miami,Miami,General Residential,relationship_graph.csv,2,100,exact address + developer match,DUP-0113,No,Matched across 1 source file(s): relationship_graph.csv
2026-08-09,20260809-233153-e892ad29,Valley National Bank Provides $30M Value-Add Refi for Park Towers in Miami,PRJ-20260809-0113,Valley National Bank Provides $30M Value-Add Refi for Park Towers in Miami,miami florida,Miami / Florida,Miami / Florida,Unknown,Refinancing - Miami / Florida - Valley National Bank Provides $30M Value-Add Refi for Park Towers in Miami,Miami / Florida,General Residential,relationship_graph.csv,2,100,exact address + developer match,DUP-0113,No,Matched across 1 source file(s): relationship_graph.csv
2026-08-09,20260809-233153-e892ad29,"W. Palm Beach Investor Buys Condo Property, Converting to Apartment Units",PRJ-20260809-0109,"W. Palm Beach Investor Buys Condo Property, Converting to Apartment Units",miami florida,Miami / Florida,Miami / Florida,Unknown,"Disposition / Exit - Miami / Florida - W. Palm Beach Investor Buys Condo Property, Converting to Apartment Units",Miami / Florida,General Residential,relationship_graph.csv,2,100,exact address + developer match,DUP-0109,No,Matched across 1 source file(s): relationship_graph.csv
2026-08-09,20260809-233153-e892ad29,"W. Palm Beach Investor Buys Condo Property, Converting to Apartment Units",PRJ-20260809-0109,"W. Palm Beach Investor Buys Condo Property, Converting to Apartment Units",miami florida,Miami / Florida,Miami / Florida,Unknown,"Disposition / Exit - Miami / Florida - W. Palm Beach Investor Buys Condo Property, Converting to Apartment Units",South Florida,General Residential,relationship_graph.csv,2,100,exact address + developer match,DUP-0109,No,Matched across 1 source file(s): relationship_graph.csv
2026-08-09,20260809-233153-e892ad29,Acquisition - Las Vegas / Nevada - CONAM Acquires 232-Unit Alicante Apartment Homes in Las Vegas,PRJ-20260809-0079,Acquisition - Las Vegas / Nevada - CONAM Acquires 232-Unit Alicante Apartment Homes in Las Vegas,las vegas nevada,Las Vegas / Nevada,Las Vegas / Nevada,Unknown,Unknown,Unknown,Apartment,deal_fingerprints.csv,2,80,address/location + market match,DUP-0079,No,"Matched across 2 source file(s): deal_fingerprints.csv, opportunity_radar.csv"
2026-08-09,20260809-233153-e892ad29,Acquisition - Las Vegas / Nevada - CONAM Acquires 232-Unit Alicante Apartment Homes in Las Vegas,PRJ-20260809-0079,Acquisition - Las Vegas / Nevada - CONAM Acquires 232-Unit Alicante Apartment Homes in Las Vegas,las vegas nevada,Las Vegas / Nevada,Las Vegas / Nevada,Unknown,Unknown,Unknown,Apartment,opportunity_radar.csv,2,80,address/location + market match,DUP-0079,No,"Matched across 2 source file(s): deal_fingerprints.csv, opportunity_radar.csv"
2026-08-09,20260809-233153-e892ad29,"Acquisition - National - American House, Winterpast Capital Acquire 192-Unit Seniors Housing Community in Kansas Ci...",PRJ-20260809-0121,"Acquisition - National - American House, Winterpast Capital Acquire 192-Unit Seniors Housing Community in Kansas Ci...",national,National,National,Unknown,Unknown,Unknown,Senior Housing,deal_fingerprints.csv,2,80,address/location + market match,DUP-0121,No,"Matched across 2 source file(s): deal_fingerprints.csv, opportunity_radar.csv"
2026-08-09,20260809-233153-e892ad29,"Acquisition - National - American House, Winterpast Capital Acquire 192-Unit Seniors Housing Community in Kansas Ci...",PRJ-20260809-0121,"Acquisition - National - American House, Winterpast Capital Acquire 192-Unit Seniors Housing Community in Kansas Ci...",national,National,National,Unknown,Unknown,Unknown,Senior Housing,opportunity_radar.csv,2,80,address/location + market match,DUP-0121,No,"Matched across 2 source file(s): deal_fingerprints.csv, opportunity_radar.csv"
2026-08-09,20260809-233153-e892ad29,Acquisition - Tampa / Florida - Franklin Street Negotiates Sale of 138-Unit Multifamily Property in Southwest Fort Worth,PRJ-20260809-0175,Acquisition - Tampa / Florida - Franklin Street Negotiates Sale of 138-Unit Multifamily Property in Southwest Fort Worth,tampa florida,Tampa / Florida,Tampa / Florida,Unknown,Unknown,Unknown,Apartment,deal_fingerprints.csv,2,80,address/location + market match,DUP-0175,No,"Matched across 2 source file(s): deal_fingerprints.csv, opportunity_radar.csv"
2026-08-09,20260809-233153-e892ad29,Acquisition - Tampa / Florida - Franklin Street Negotiates Sale of 138-Unit Multifamily Property in Southwest Fort Worth,PRJ-20260809-0175,Acquisition - Tampa / Florida - Franklin Street Negotiates Sale of 138-Unit Multifamily Property in Southwest Fort Worth,tampa florida,Tampa / Florida,Tampa / Florida,Unknown,Unknown,Unknown,Apartment,opportunity_radar.csv,2,80,address/location + market match,DUP-0175,No,"Matched across 2 source file(s): deal_fingerprints.csv, opportunity_radar.csv"
2026-08-09,20260809-233153-e892ad29,Adaptive reuse project starting up at 6380 Wilshire Boulevard,PRJ-20260809-0029,Adaptive reuse project starting up at 6380 Wilshire Boulevard,6380 wilshire blvd,6380 Wilshire Boulevard,Other / Unknown,Los Angeles,Unknown,Unknown,Office-to-Residential Conversion,la_asset_watch.csv,2,80,address/location + market match,DUP-0029,No,Matched across 1 source file(s): la_asset_watch.csv
2026-08-09,20260809-233153-e892ad29,Adaptive reuse project starting up at 6380 Wilshire Boulevard,PRJ-20260809-0029,Adaptive reuse project starting up at 6380 Wilshire Boulevard,6380 wilshire blvd,6380 Wilshire Boulevard,Other / Unknown,Los Angeles,Unknown,Unknown,Office-to-Residential Conversion,la_asset_watch.csv,2,80,address/location + market match,DUP-0029,No,Matched across 1 source file(s): la_asset_watch.csv
2026-08-09,20260809-233153-e892ad29,Adaptive reuse project starting up at 6380 Wilshire Boulevard,PRJ-20260809-0076,Adaptive reuse project starting up at 6380 Wilshire Boulevard,koreatown,Koreatown,Los Angeles / California,Koreatown,Unknown,Unknown,Office-to-Residential Conversion,development_lifecycle.csv,2,80,address/location + market match,DUP-0076,No,"Matched across 2 source file(s): development_lifecycle.csv, lifecycle_transition.csv"
2026-08-09,20260809-233153-e892ad29,Adaptive reuse project starting up at 6380 Wilshire Boulevard,PRJ-20260809-0076,Adaptive reuse project starting up at 6380 Wilshire Boulevard,koreatown,Koreatown,Los Angeles / California,Koreatown,Unknown,Unknown,Office-to-Residential Conversion,lifecycle_transition.csv,2,80,address/location + market match,DUP-0076,No,"Matched across 2 source file(s): development_lifecycle.csv, lifecycle_transition.csv"
2026-08-09,20260809-233153-e892ad29,Affiliated Closes Financing on Mixed-Income Fort Lauderdale Apartment Project,PRJ-20260809-0168,Affiliated Closes Financing on Mixed-Income Fort Lauderdale Apartment Project,south florida,South Florida,Other / Unknown,Los Angeles,Unknown,Unknown,Affordable Housing,la_asset_watch.csv,2,80,address/location + market match,DUP-0168,No,Matched across 1 source file(s): la_asset_watch.csv
2026-08-09,20260809-233153-e892ad29,Stewards Inks $79M Refi of Hollywood Rental Asset,PRJ-20260809-0168,Affiliated Closes Financing on Mixed-Income Fort Lauderdale Apartment Project,south florida,South Florida,Other / Unknown,Los Angeles,Unknown,Unknown,Apartment,la_asset_watch.csv,2,80,address/location + market match,DUP-0168,No,Matched across 1 source file(s): la_asset_watch.csv
2026-08-09,20260809-233153-e892ad29,Affordable housing nears the finish like at 515 Pioneer Dr. in Glendale,PRJ-20260809-0026,Affordable housing nears the finish like at 515 Pioneer Dr. in Glendale,515 pioneer dr,515 Pioneer Dr,Other / Unknown,Los Angeles,Unknown,Unknown,Affordable Housing,la_asset_watch.csv,2,80,address/location + market match,DUP-0026,No,Matched across 1 source file(s): la_asset_watch.csv
2026-08-09,20260809-233153-e892ad29,Affordable housing nears the finish like at 515 Pioneer Dr. in Glendale,PRJ-20260809-0026,Affordable housing nears the finish like at 515 Pioneer Dr. in Glendale,515 pioneer dr,515 Pioneer Dr,Other / Unknown,Los Angeles,Unknown,Unknown,Affordable Housing,la_asset_watch.csv,2,80,address/location + market match,DUP-0026,No,Matched across 1 source file(s): la_asset_watch.csv
2026-08-09,20260809-233153-e892ad29,Affordable housing nears the finish like at 515 Pioneer Dr. in Glendale,PRJ-20260809-0070,Affordable housing nears the finish like at 515 Pioneer Dr. in Glendale,glendale,Glendale,California,Glendale,Unknown,Unknown,Affordable Housing,development_lifecycle.csv,2,80,address/location + market match,DUP-0070,No,"Matched across 2 source file(s): development_lifecycle.csv, lifecycle_transition.csv"
2026-08-09,20260809-233153-e892ad29,Affordable housing nears the finish like at 515 Pioneer Dr. in Glendale,PRJ-20260809-0070,Affordable housing nears the finish like at 515 Pioneer Dr. in Glendale,glendale,Glendale,California,Glendale,Unknown,Unknown,Affordable Housing,lifecycle_transition.csv,2,80,address/location + market match,DUP-0070,No,"Matched across 2 source file(s): development_lifecycle.csv, lifecycle_transition.csv"
2026-08-09,20260809-233153-e892ad29,Affordable housing takes shape at 1332 and 1346 N. Fairfax Avenue,PRJ-20260809-0007,Affordable housing takes shape at 1332 and 1346 N. Fairfax Avenue,1346 n fairfax ave,1346 N. Fairfax Avenue,Other / Unknown,Los Angeles,Unknown,Unknown,Affordable Housing,la_asset_watch.csv,2,80,address/location + market match,DUP-0007,No,Matched across 1 source file(s): la_asset_watch.csv
2026-08-09,20260809-233153-e892ad29,Affordable housing takes shape at 1332 and 1346 N. Fairfax Avenue,PRJ-20260809-0007,Affordable housing takes shape at 1332 and 1346 N. Fairfax Avenue,1346 n fairfax ave,1346 N. Fairfax Avenue,Other / Unknown,Los Angeles,Unknown,Unknown,Affordable Housing,la_asset_watch.csv,2,80,address/location + market match,DUP-0007,No,Matched across 1 source file(s): la_asset_watch.csv
2026-08-09,20260809-233153-e892ad29,Affordable housing takes shape at 1332 and 1346 N. Fairfax Avenue,PRJ-20260809-0072,Affordable housing takes shape at 1332 and 1346 N. Fairfax Avenue,hollywood,Hollywood,Los Angeles / California,Hollywood,Unknown,Unknown,Affordable Housing,development_lifecycle.csv,2,80,address/location + market match,DUP-0072,No,"Matched across 2 source file(s): development_lifecycle.csv, lifecycle_transition.csv"
2026-08-09,20260809-233153-e892ad29,Affordable housing takes shape at 1332 and 1346 N. Fairfax Avenue,PRJ-20260809-0072,Affordable housing takes shape at 1332 and 1346 N. Fairfax Avenue,hollywood,Hollywood,Los Angeles / California,Hollywood,Unknown,Unknown,Affordable Housing,lifecycle_transition.csv,2,80,address/location + market match,DUP-0072,No,"Matched across 2 source file(s): development_lifecycle.csv, lifecycle_transition.csv"
2026-08-09,20260809-233153-e892ad29,Affordable housing with retail pitched for 2306 W. Jefferson Blvd.,PRJ-20260809-0020,Affordable housing with retail pitched for 2306 W. Jefferson Blvd.,2306 w jefferson blvd,2306 W. Jefferson Blvd,Other / Unknown,Los Angeles,Unknown,Unknown,Affordable Housing,la_asset_watch.csv,2,80,address/location + market match,DUP-0020,No,Matched across 1 source file(s): la_asset_watch.csv
2026-08-09,20260809-233153-e892ad29,Affordable housing with retail pitched for 2306 W. Jefferson Blvd.,PRJ-20260809-0020,Affordable housing with retail pitched for 2306 W. Jefferson Blvd.,2306 w jefferson blvd,2306 W. Jefferson Blvd,Other / Unknown,Los Angeles,Unknown,Unknown,Affordable Housing,la_asset_watch.csv,2,80,address/location + market match,DUP-0020,No,Matched across 1 source file(s): la_asset_watch.csv
2026-08-09,20260809-233153-e892ad29,Completion nears for mixed-use project at 939 W. Manchester Blvd. in Inglewood,PRJ-20260809-0074,Completion nears for mixed-use project at 939 W. Manchester Blvd. in Inglewood,inglewood,Inglewood,Texas,Inglewood,Unknown,Unknown,Affordable Housing,development_lifecycle.csv,2,80,address/location + market match,DUP-0074,No,"Matched across 2 source file(s): development_lifecycle.csv, lifecycle_transition.csv"
2026-08-09,20260809-233153-e892ad29,Completion nears for mixed-use project at 939 W. Manchester Blvd. in Inglewood,PRJ-20260809-0074,Completion nears for mixed-use project at 939 W. Manchester Blvd. in Inglewood,inglewood,Inglewood,Texas,Inglewood,Unknown,Unknown,Affordable Housing,lifecycle_transition.csv,2,80,address/location + market match,DUP-0074,No,"Matched across 2 source file(s): development_lifecycle.csv, lifecycle_transition.csv"
2026-08-09,20260809-233153-e892ad29,Costa Mesa Multifamily Changes Hands for Value-Add Repositioning,PRJ-20260809-0069,Costa Mesa Multifamily Changes Hands for Value-Add Repositioning,costa mesa,Costa Mesa,California,Costa Mesa,Unknown,Unknown,Apartment,development_lifecycle.csv,2,80,address/location + market match,DUP-0069,No,"Matched across 2 source file(s): development_lifecycle.csv, lifecycle_transition.csv"
2026-08-09,20260809-233153-e892ad29,Costa Mesa Multifamily Changes Hands for Value-Add Repositioning,PRJ-20260809-0069,Costa Mesa Multifamily Changes Hands for Value-Add Repositioning,costa mesa,Costa Mesa,California,Costa Mesa,Unknown,Unknown,Apartment,lifecycle_transition.csv,2,80,address/location + market match,DUP-0069,No,"Matched across 2 source file(s): development_lifecycle.csv, lifecycle_transition.csv"
2026-08-09,20260809-233153-e892ad29,Development Start - California - Groundbreaking Ceremony to be Held Today at 700 East Saint John Street in San Jose,PRJ-20260809-0030,Development Start - California - Groundbreaking Ceremony to be Held Today at 700 East Saint John Street in San Jose,700 east saint john st,700 East Saint John Street,California,San Jose,Unknown,Unknown,Affordable Housing,asset_parcel_intelligence.csv,2,80,address/location + market match,DUP-0030,No,Matched across 1 source file(s): asset_parcel_intelligence.csv
2026-08-09,20260809-233153-e892ad29,Groundbreaking Ceremony to be Held Today at 700 East Saint John Street in San Jose,PRJ-20260809-0030,Development Start - California - Groundbreaking Ceremony to be Held Today at 700 East Saint John Street in San Jose,700 east saint john st,700 East Saint John Street,California,Unknown,Unknown,Unknown,Affordable Housing,asset_parcel_intelligence.csv,2,80,address/location + market match,DUP-0030,No,Matched across 1 source file(s): asset_parcel_intelligence.csv
2026-08-09,20260809-233153-e892ad29,Groundbreaking Ceremony to be Held Today at 700 East Saint John Street in San Jose,PRJ-20260809-0031,Groundbreaking Ceremony to be Held Today at 700 East Saint John Street in San Jose,700 east saint john st,700 East Saint John Street,Other / Unknown,Los Angeles,Unknown,Unknown,Affordable Housing,la_asset_watch.csv,2,80,address/location + market match,DUP-0031,No,Matched across 1 source file(s): la_asset_watch.csv
2026-08-09,20260809-233153-e892ad29,Groundbreaking Ceremony to be Held Today at 700 East Saint John Street in San Jose,PRJ-20260809-0031,Groundbreaking Ceremony to be Held Today at 700 East Saint John Street in San Jose,700 east saint john st,700 East Saint John Street,Other / Unknown,Los Angeles,Unknown,Unknown,Affordable Housing,la_asset_watch.csv,2,80,address/location + market match,DUP-0031,No,Matched across 1 source file(s): la_asset_watch.csv
2026-08-09,20260809-233153-e892ad29,Office-to-Residential Conversion - California - Affordable housing nears the finish like at 515 Pioneer Dr. in Glendale,PRJ-20260809-0025,Office-to-Residential Conversion - California - Affordable housing nears the finish like at 515 Pioneer Dr. in Glendale,515 pioneer dr,515 Pioneer Dr,California,National,Unknown,Unknown,Affordable Housing,asset_parcel_intelligence.csv,2,80,address/location + market match,DUP-0025,No,Matched across 1 source file(s): asset_parcel_intelligence.csv
2026-08-09,20260809-233153-e892ad29,Affordable housing nears the finish like at 515 Pioneer Dr. in Glendale,PRJ-20260809-0025,Office-to-Residential Conversion - California - Affordable housing nears the finish like at 515 Pioneer Dr. in Glendale,515 pioneer dr,515 Pioneer Dr,California,Glendale,Unknown,Unknown,Affordable Housing,asset_parcel_intelligence.csv,2,80,address/location + market match,DUP-0025,No,Matched across 1 source file(s): asset_parcel_intelligence.csv
2026-08-09,20260809-233153-e892ad29,Affordable housing nears the finish like at 515 Pioneer Dr. in Glendale,PRJ-20260809-0071,Office-to-Residential Conversion - California - Affordable housing nears the finish like at 515 Pioneer Dr. in Glendale,glendale,Glendale,Other / Unknown,Glendale,Unknown,Unknown,Affordable Housing,la_lifecycle_transition_watch.csv,2,80,address/location + market match,DUP-0071,No,Matched across 1 source file(s): la_lifecycle_transition_watch.csv
2026-08-09,20260809-233153-e892ad29,Office-to-Residential Conversion - California - Affordable housing nears the finish like at 515 Pioneer Dr. in Glendale,PRJ-20260809-0071,Office-to-Residential Conversion - California - Affordable housing nears the finish like at 515 Pioneer Dr. in Glendale,glendale,Glendale,Other / Unknown,Glendale,Unknown,Unknown,Affordable Housing,la_lifecycle_transition_watch.csv,2,80,address/location + market match,DUP-0071,No,Matched across 1 source file(s): la_lifecycle_transition_watch.csv
2026-08-09,20260809-233153-e892ad29,"Entitlement / Permitting - San Francisco / California - Updated Permits Filed For 20 Fountain Street, San Francisco",PRJ-20260809-0155,"Office-to-Residential Conversion - San Francisco / California - Permits For Conversion at 150 Hayes Street, San Francisco",san francisco,San Francisco,Other / Unknown,San Francisco,Unknown,Unknown,Apartment,la_entitlement_watch.csv,2,80,address/location + market match,DUP-0155,No,Matched across 1 source file(s): la_entitlement_watch.csv
2026-08-09,20260809-233153-e892ad29,"Office-to-Residential Conversion - San Francisco / California - Permits For Conversion at 150 Hayes Street, San Francisco",PRJ-20260809-0155,"Office-to-Residential Conversion - San Francisco / California - Permits For Conversion at 150 Hayes Street, San Francisco",san francisco,San Francisco,Other / Unknown,San Francisco,Unknown,Unknown,General Residential,la_entitlement_watch.csv,2,80,address/location + market match,DUP-0155,No,Matched across 1 source file(s): la_entitlement_watch.csv
2026-08-09,20260809-233153-e892ad29,"Permits For Conversion at 150 Hayes Street, San Francisco",PRJ-20260809-0010,"Permits For Conversion at 150 Hayes Street, San Francisco",150 hayes st,150 Hayes Street,Other / Unknown,Los Angeles,Unknown,Unknown,General Residential,la_asset_watch.csv,2,80,address/location + market match,DUP-0010,No,Matched across 1 source file(s): la_asset_watch.csv
2026-08-09,20260809-233153-e892ad29,"Permits For Conversion at 150 Hayes Street, San Francisco",PRJ-20260809-0010,"Permits For Conversion at 150 Hayes Street, San Francisco",150 hayes st,150 Hayes Street,Other / Unknown,Los Angeles,Unknown,Unknown,General Residential,la_asset_watch.csv,2,80,address/location + market match,DUP-0010,No,Matched across 1 source file(s): la_asset_watch.csv
2026-08-09,20260809-233153-e892ad29,Acquisition - Miami / Florida - Barry Sternlicht’s Starwood Buys Two Miami Affordable Housing Rentals,PRJ-20260809-0116,Refinancing - Miami / Florida - Valley National Bank Provides $30M Value-Add Refi for Park Towers in Miami,miami,Miami,Miami / Florida,Miami,Unknown,Unknown,Affordable Housing,deal_pipeline.csv,2,80,address/location + market match,DUP-0116,No,Matched across 1 source file(s): deal_pipeline.csv
2026-08-09,20260809-233153-e892ad29,Refinancing - Miami / Florida - Valley National Bank Provides $30M Value-Add Refi for Park Towers in Miami,PRJ-20260809-0116,Refinancing - Miami / Florida - Valley National Bank Provides $30M Value-Add Refi for Park Towers in Miami,miami,Miami,Miami / Florida,Miami,Unknown,Unknown,Multifamily,deal_pipeline.csv,2,80,address/location + market match,DUP-0116,No,Matched across 1 source file(s): deal_pipeline.csv
2026-08-09,20260809-233153-e892ad29,"Updated Permits Filed For 20 Fountain Street, San Francisco",PRJ-20260809-0015,"Updated Permits Filed For 20 Fountain Street, San Francisco",20 fountain st,20 Fountain Street,Other / Unknown,Los Angeles,Unknown,Unknown,Apartment,la_asset_watch.csv,2,80,address/location + market match,DUP-0015,No,Matched across 1 source file(s): la_asset_watch.csv
2026-08-09,20260809-233153-e892ad29,"Updated Permits Filed For 20 Fountain Street, San Francisco",PRJ-20260809-0015,"Updated Permits Filed For 20 Fountain Street, San Francisco",20 fountain st,20 Fountain Street,Other / Unknown,California,Unknown,Unknown,Apartment,la_asset_watch.csv,2,80,address/location + market match,DUP-0015,No,Matched across 1 source file(s): la_asset_watch.csv
2026-08-09,20260809-233153-e892ad29,2026 Resident Experience Management Report,PRJ-20260809-0136,2026 Resident Experience Management Report,other unknown,Other / Unknown,Other / Unknown,Unknown,General Project Signal - Other / Unknown - 2026 Resident Experience Management Report,General Project Signal - Other / Unknown - 2026 Resident Experience Management Report,General Residential,relationship_graph.csv,1,100,exact address + developer match,,No,Matched across 1 source file(s): relationship_graph.csv
2026-08-09,20260809-233153-e892ad29,Acquisition - Atlanta / Georgia - Walton Communities Offloads Two Atlanta Rental Properties,PRJ-20260809-0095,Acquisition - Atlanta / Georgia - Walton Communities Offloads Two Atlanta Rental Properties,los angeles,Los Angeles,Other / Unknown,Los Angeles,JLL,Unknown,Affordable Housing,la_lifecycle_transition_watch.csv,1,100,exact address + developer match,,No,Matched across 1 source file(s): la_lifecycle_transition_watch.csv
2026-08-09,20260809-233153-e892ad29,"American House, Winterpast Capital Acquire 192-Unit Seniors Housing Community in Kansas City",PRJ-20260809-0118,"American House, Winterpast Capital Acquire 192-Unit Seniors Housing Community in Kansas City",national,National,National,Unknown,"Acquisition - National - American House, Winterpast Capital Acquire 192-Unit Seniors Housing Community in Kansas Ci...",America,General Residential,relationship_graph.csv,1,100,exact address + developer match,,No,Matched across 1 source file(s): relationship_graph.csv
2026-08-09,20260809-233153-e892ad29,Arrow Arranges $85M Construction Loan for Miami Condo Project,PRJ-20260809-0032,Arrow Arranges $85M Construction Loan for Miami Condo Project,7200 collins ave,7200 Collins Avenue,Miami / Florida,Miami,Northlink Capital,Unknown,Apartment,asset_parcel_intelligence.csv,1,100,exact address + developer match,,No,Matched across 1 source file(s): asset_parcel_intelligence.csv
2026-08-09,20260809-233153-e892ad29,BFC Partners and SAA Canopy Group Joint Venture Secures $270M for Syracuse New York Affordable Housing Redevelopment and Renovation Project,PRJ-20260809-0123,BFC Partners and SAA Canopy Group Joint Venture Secures $270M for Syracuse New York Affordable Housing Redevelopment and Renovation Project,new york,New York,New York,Unknown,JV / Partnership - New York - BFC Partners and SAA Canopy Group Joint Venture Secures $270M for Syracuse New York Afford...,New York,General Residential,relationship_graph.csv,1,100,exact address + developer match,,No,Matched across 1 source file(s): relationship_graph.csv
2026-08-09,20260809-233153-e892ad29,CONAM Acquires 232-Unit Alicante Apartment Homes in Las Vegas,PRJ-20260809-0093,CONAM Acquires 232-Unit Alicante Apartment Homes in Las Vegas,los angeles,Los Angeles,Other / Unknown,Los Angeles,CONAM,Unknown,Apartment,la_lifecycle_transition_watch.csv,1,100,exact address + developer match,,No,Matched across 1 source file(s): la_lifecycle_transition_watch.csv
2026-08-09,20260809-233153-e892ad29,Centerspace executives outline disposition plans,PRJ-20260809-0131,Centerspace executives outline disposition plans,other unknown,Other / Unknown,Other / Unknown,Unknown,Disposition / Exit - Other / Unknown - Centerspace executives outline disposition plans,Disposition / Exit - Other / Unknown - Centerspace executives outline disposition plans,General Residential,relationship_graph.csv,1,100,exact address + developer match,,No,Matched across 1 source file(s): relationship_graph.csv
2026-08-09,20260809-233153-e892ad29,Commonwealth Development Partners Break Ground on $162M Office-to-Residential Multifamily Conversion in Chicago,PRJ-20260809-0140,Commonwealth Development Partners Break Ground on $162M Office-to-Residential Multifamily Conversion in Chicago,other unknown,Other / Unknown,Other / Unknown,Unknown,Office-to-Residential Conversion - Other / Unknown - Commonwealth Development Partners Break Ground on $162M Office-to-Residential Multifamily...,Office-to-Residential Conversion - Other / Unknown - Commonwealth Development Partners Break Ground on $162M Office-to-Residential Multifamily...,General Residential,relationship_graph.csv,1,100,exact address + developer match,,No,Matched across 1 source file(s): relationship_graph.csv
2026-08-09,20260809-233153-e892ad29,Construction Financing - Phoenix / Arizona - RXR-Led Team Lands Construction Financing for 301-Unit Denver Rental Community,PRJ-20260809-0096,Construction Financing - Phoenix / Arizona - RXR-Led Team Lands Construction Financing for 301-Unit Denver Rental Community,los angeles,Los Angeles,Other / Unknown,Los Angeles,RXR,Unknown,Apartment,la_lifecycle_transition_watch.csv,1,100,exact address + developer match,,No,Matched across 1 source file(s): la_lifecycle_transition_watch.csv
2026-08-09,20260809-233153-e892ad29,Entitlement / Permitting - Texas - Completion nears for mixed-use project at 939 W. Manchester Blvd. in Inglewood,PRJ-20260809-0033,Entitlement / Permitting - Texas - Completion nears for mixed-use project at 939 W. Manchester Blvd. in Inglewood,939 w manchester blvd,939 W. Manchester Blvd,Texas,Texas,JPI,Unknown,Affordable Housing,asset_parcel_intelligence.csv,1,100,exact address + developer match,,No,Matched across 1 source file(s): asset_parcel_intelligence.csv
2026-08-09,20260809-233153-e892ad29,First Quarter 2026 Multifamily Construction Data,PRJ-20260809-0126,First Quarter 2026 Multifamily Construction Data,other unknown,Other / Unknown,Other / Unknown,Unknown,Development Start - Other / Unknown - First Quarter 2026 Multifamily Construction Data,Development Start - Other / Unknown - First Quarter 2026 Multifamily Construction Data,General Residential,relationship_graph.csv,1,100,exact address + developer match,,No,Matched across 1 source file(s): relationship_graph.csv
2026-08-09,20260809-233153-e892ad29,Fourth Quarter 2025 Multifamily Construction Data,PRJ-20260809-0127,Fourth Quarter 2025 Multifamily Construction Data,other unknown,Other / Unknown,Other / Unknown,Unknown,Development Start - Other / Unknown - Fourth Quarter 2025 Multifamily Construction Data,Development Start - Other / Unknown - Fourth Quarter 2025 Multifamily Construction Data,General Residential,relationship_graph.csv,1,100,exact address + developer match,,No,Matched across 1 source file(s): relationship_graph.csv
2026-08-09,20260809-233153-e892ad29,"General Project Signal - Atlanta / Georgia - Core Spaces to Build 1,600 Student Housing Beds with Hub Athens Dougherty Near the Univers...",PRJ-20260809-0090,"General Project Signal - Atlanta / Georgia - Core Spaces to Build 1,600 Student Housing Beds with Hub Athens Dougherty Near the Univers...",los angeles,Los Angeles,Other / Unknown,Los Angeles,Affinius Capital,Unknown,Student Housing,la_lifecycle_transition_watch.csv,1,100,exact address + developer match,,No,Matched across 1 source file(s): la_lifecycle_transition_watch.csv
2026-08-09,20260809-233153-e892ad29,General Project Signal - Southeast - Mixed-use project rises at 6700 Pacific Coast Highway in Long Beach,PRJ-20260809-0083,General Project Signal - Southeast - Mixed-use project rises at 6700 Pacific Coast Highway in Long Beach,long beach,Long Beach,Other / Unknown,Long Beach,Holland Partner Group,Unknown,Mixed-Use Residential,la_lifecycle_transition_watch.csv,1,100,exact address + developer match,,No,Matched across 1 source file(s): la_lifecycle_transition_watch.csv
2026-08-09,20260809-233153-e892ad29,JV / Partnership - Atlanta / Georgia - Wood Partners Apex Land Buy Paves Way for Apartment Venture,PRJ-20260809-0097,JV / Partnership - Atlanta / Georgia - Wood Partners Apex Land Buy Paves Way for Apartment Venture,los angeles,Los Angeles,Other / Unknown,Los Angeles,Wood Partners,Unknown,Apartment,la_lifecycle_transition_watch.csv,1,100,exact address + developer match,,No,Matched across 1 source file(s): la_lifecycle_transition_watch.csv
2026-08-09,20260809-233153-e892ad29,Mesa West Capital Originates $52M Refinance for Seattle-Area Apartments,PRJ-20260809-0161,Mesa West Capital Originates $52M Refinance for Seattle-Area Apartments,seattle,Seattle,Seattle,Unknown,Refinancing - Seattle - Mesa West Capital Originates $52M Refinance for Seattle-Area Apartments,Seattle,General Residential,relationship_graph.csv,1,100,exact address + developer match,,No,Matched across 1 source file(s): relationship_graph.csv
2026-08-09,20260809-233153-e892ad29,Missing Middle Weakness,PRJ-20260809-0128,Missing Middle Weakness,other unknown,Other / Unknown,Other / Unknown,Unknown,Development Start - Other / Unknown - Missing Middle Weakness,Development Start - Other / Unknown - Missing Middle Weakness,General Residential,relationship_graph.csv,1,100,exact address + developer match,,No,Matched across 1 source file(s): relationship_graph.csv
2026-08-09,20260809-233153-e892ad29,Multifamily Absorption Rate Remains Below 50%,PRJ-20260809-0137,Multifamily Absorption Rate Remains Below 50%,other unknown,Other / Unknown,Other / Unknown,Unknown,General Project Signal - Other / Unknown - Multifamily Absorption Rate Remains Below 50%,General Project Signal - Other / Unknown - Multifamily Absorption Rate Remains Below 50%,General Residential,relationship_graph.csv,1,100,exact address + developer match,,No,Matched across 1 source file(s): relationship_graph.csv
2026-08-09,20260809-233153-e892ad29,NAHB HBGI: Micro Markets Lone Bright Spot for Single-Family Building in Fourth Quarter,PRJ-20260809-0132,NAHB HBGI: Micro Markets Lone Bright Spot for Single-Family Building in Fourth Quarter,other unknown,Other / Unknown,Other / Unknown,Unknown,Disposition / Exit - Other / Unknown - NAHB HBGI: Micro Markets Lone Bright Spot for Single-Family Building in Fourth Quarter,Disposition / Exit - Other / Unknown - NAHB HBGI: Micro Markets Lone Bright Spot for Single-Family Building in Fourth Quarter,General Residential,relationship_graph.csv,1,100,exact address + developer match,,No,Matched across 1 source file(s): relationship_graph.csv
2026-08-09,20260809-233153-e892ad29,"NRP Group Breaks Ground on 336-Unit Apartment Development in Columbus, Ohio",PRJ-20260809-0133,"NRP Group Breaks Ground on 336-Unit Apartment Development in Columbus, Ohio",other unknown,Other / Unknown,Other / Unknown,Unknown,"Disposition / Exit - Other / Unknown - NRP Group Breaks Ground on 336-Unit Apartment Development in Columbus, Ohio","Disposition / Exit - Other / Unknown - NRP Group Breaks Ground on 336-Unit Apartment Development in Columbus, Ohio",General Residential,relationship_graph.csv,1,100,exact address + developer match,,No,Matched across 1 source file(s): relationship_graph.csv
2026-08-09,20260809-233153-e892ad29,Overall Housing Starts Inch Lower in 2025,PRJ-20260809-0129,Overall Housing Starts Inch Lower in 2025,other unknown,Other / Unknown,Other / Unknown,Unknown,Development Start - Other / Unknown - Overall Housing Starts Inch Lower in 2025,Development Start - Other / Unknown - Overall Housing Starts Inch Lower in 2025,General Residential,relationship_graph.csv,1,100,exact address + developer match,,No,Matched across 1 source file(s): relationship_graph.csv
2026-08-09,20260809-233153-e892ad29,"Preliminary Permits Filed For 110 Glenwood Avenue, Atherton",PRJ-20260809-0135,"Preliminary Permits Filed For 110 Glenwood Avenue, Atherton",other unknown,Other / Unknown,Other / Unknown,Unknown,"Entitlement / Permitting - Other / Unknown - Preliminary Permits Filed For 110 Glenwood Avenue, Atherton","Entitlement / Permitting - Other / Unknown - Preliminary Permits Filed For 110 Glenwood Avenue, Atherton",General Residential,relationship_graph.csv,1,100,exact address + developer match,,No,Matched across 1 source file(s): relationship_graph.csv
2026-08-09,20260809-233153-e892ad29,Refinancing - Louisiana - Scion Group Secures $556M Student Housing Refinance on 14-Property Multifamily Student Hou...,PRJ-20260809-0065,Refinancing - Louisiana - Scion Group Secures $556M Student Housing Refinance on 14-Property Multifamily Student Hou...,california,California,Other / Unknown,California,Scion Group,Unknown,Student Housing,la_lifecycle_transition_watch.csv,1,100,exact address + developer match,,No,Matched across 1 source file(s): la_lifecycle_transition_watch.csv
2026-08-09,20260809-233153-e892ad29,Share of Apartments Built in Buildings with 50+ Units Moves Higher in 2025,PRJ-20260809-0138,Share of Apartments Built in Buildings with 50+ Units Moves Higher in 2025,other unknown,Other / Unknown,Other / Unknown,Unknown,General Project Signal - Other / Unknown - Share of Apartments Built in Buildings with 50+ Units Moves Higher in 2025,General Project Signal - Other / Unknown - Share of Apartments Built in Buildings with 50+ Units Moves Higher in 2025,General Residential,relationship_graph.csv,1,100,exact address + developer match,,No,Matched across 1 source file(s): relationship_graph.csv
2026-08-09,20260809-233153-e892ad29,The NRP Group Breaks Ground on 336-Unit Multifamily in Ohio,PRJ-20260809-0134,The NRP Group Breaks Ground on 336-Unit Multifamily in Ohio,other unknown,Other / Unknown,Other / Unknown,Unknown,Disposition / Exit - Other / Unknown - The NRP Group Breaks Ground on 336-Unit Multifamily in Ohio,Disposition / Exit - Other / Unknown - The NRP Group Breaks Ground on 336-Unit Multifamily in Ohio,General Residential,relationship_graph.csv,1,100,exact address + developer match,,No,Matched across 1 source file(s): relationship_graph.csv
2026-08-09,20260809-233153-e892ad29,Third Quarter 2025 Multifamily Construction Data,PRJ-20260809-0130,Third Quarter 2025 Multifamily Construction Data,other unknown,Other / Unknown,Other / Unknown,Unknown,Development Start - Other / Unknown - Third Quarter 2025 Multifamily Construction Data,Development Start - Other / Unknown - Third Quarter 2025 Multifamily Construction Data,General Residential,relationship_graph.csv,1,100,exact address + developer match,,No,Matched across 1 source file(s): relationship_graph.csv
2026-08-09,20260809-233153-e892ad29,Acquisition - Las Vegas / Nevada - CONAM Acquires 232-Unit Alicante Apartment Homes in Las Vegas,PRJ-20260809-0080,Acquisition - Las Vegas / Nevada - CONAM Acquires 232-Unit Alicante Apartment Homes in Las Vegas,las vegas,Las Vegas,Las Vegas / Nevada,Las Vegas,Unknown,Unknown,Apartment,deal_pipeline.csv,1,80,address/location + market match,,No,Matched across 1 source file(s): deal_pipeline.csv
2026-08-09,20260809-233153-e892ad29,"Acquisition - National - American House, Winterpast Capital Acquire 192-Unit Seniors Housing Community in Kansas Ci...",PRJ-20260809-0037,"Acquisition - National - American House, Winterpast Capital Acquire 192-Unit Seniors Housing Community in Kansas Ci...",america,America,National,America,Unknown,Unknown,Senior Housing,deal_pipeline.csv,1,80,address/location + market match,,No,Matched across 1 source file(s): deal_pipeline.csv
2026-08-09,20260809-233153-e892ad29,Acquisition - Tampa / Florida - Franklin Street Negotiates Sale of 138-Unit Multifamily Property in Southwest Fort Worth,PRJ-20260809-0176,Acquisition - Tampa / Florida - Franklin Street Negotiates Sale of 138-Unit Multifamily Property in Southwest Fort Worth,tampa,Tampa,Tampa / Florida,Tampa,Unknown,Unknown,Apartment,deal_pipeline.csv,1,80,address/location + market match,,No,Matched across 1 source file(s): deal_pipeline.csv
2026-08-09,20260809-233153-e892ad29,Adaptive reuse project starting up at 6380 Wilshire Boulevard,PRJ-20260809-0028,Adaptive reuse project starting up at 6380 Wilshire Boulevard,6380 wilshire blvd,6380 Wilshire Boulevard,Los Angeles / California,Koreatown,Unknown,Unknown,Office-to-Residential Conversion,asset_parcel_intelligence.csv,1,80,address/location + market match,,No,Matched across 1 source file(s): asset_parcel_intelligence.csv
2026-08-09,20260809-233153-e892ad29,Affordable housing takes shape at 1332 and 1346 N. Fairfax Avenue,PRJ-20260809-0006,Affordable housing takes shape at 1332 and 1346 N. Fairfax Avenue,1346 n fairfax ave,1346 N. Fairfax Avenue,Los Angeles / California,Hollywood,Unknown,Unknown,Affordable Housing,asset_parcel_intelligence.csv,1,80,address/location + market match,,No,Matched across 1 source file(s): asset_parcel_intelligence.csv
2026-08-09,20260809-233153-e892ad29,Affordable housing with retail pitched for 2306 W. Jefferson Blvd.,PRJ-20260809-0019,Affordable housing with retail pitched for 2306 W. Jefferson Blvd.,2306 w jefferson blvd,2306 W. Jefferson Blvd,Los Angeles / California,Los Angeles,Unknown,Unknown,Affordable Housing,asset_parcel_intelligence.csv,1,80,address/location + market match,,No,Matched across 1 source file(s): asset_parcel_intelligence.csv
2026-08-09,20260809-233153-e892ad29,Atlanta Beltline Advancing 218-Unit Affordable Apartment Project,PRJ-20260809-0022,Atlanta Beltline Advancing 218-Unit Affordable Apartment Project,350 chappell rd,350 Chappell Road,Atlanta / Georgia,Atlanta,Unknown,Unknown,Apartment,asset_parcel_intelligence.csv,1,80,address/location + market match,,No,Matched across 1 source file(s): asset_parcel_intelligence.csv
2026-08-09,20260809-233153-e892ad29,Atlanta Beltline Advancing 218-Unit Affordable Apartment Project,PRJ-20260809-0023,Atlanta Beltline Advancing 218-Unit Affordable Apartment Project,350 chappell rd,350 Chappell Road,Other / Unknown,Los Angeles,Unknown,Unknown,Apartment,la_asset_watch.csv,1,80,address/location + market match,,No,Matched across 1 source file(s): la_asset_watch.csv
2026-08-09,20260809-233153-e892ad29,Brook Farm Group Lands $73M Refinance of Luxury Multifamily Development Sinclair at Callaway Farm in Georgia,PRJ-20260809-0001,Brook Farm Group Lands $73M Refinance of Luxury Multifamily Development Sinclair at Callaway Farm in Georgia,10500 callaway dr,10500 Callaway Drive,Atlanta / Georgia,Atlanta,Unknown,Unknown,Multifamily,asset_parcel_intelligence.csv,1,80,address/location + market match,,No,Matched across 1 source file(s): asset_parcel_intelligence.csv
2026-08-09,20260809-233153-e892ad29,Brook Farm Group Lands $73M Refinance of Luxury Multifamily Development Sinclair at Callaway Farm in Georgia,PRJ-20260809-0002,Brook Farm Group Lands $73M Refinance of Luxury Multifamily Development Sinclair at Callaway Farm in Georgia,10500 callaway dr,10500 Callaway Drive,Other / Unknown,Los Angeles,Unknown,Unknown,Multifamily,la_asset_watch.csv,1,80,address/location + market match,,No,Matched across 1 source file(s): la_asset_watch.csv
2026-08-09,20260809-233153-e892ad29,CONAM Acquires 232-Unit Alicante Apartment Homes in Las Vegas,PRJ-20260809-0081,CONAM Acquires 232-Unit Alicante Apartment Homes in Las Vegas,las vegas,Las Vegas,Other / Unknown,Los Angeles,Unknown,Unknown,Apartment,la_asset_watch.csv,1,80,address/location + market match,,No,Matched across 1 source file(s): la_asset_watch.csv
2026-08-09,20260809-233153-e892ad29,Commonwealth Development Partners Break Ground on $162M Office-to-Residential Multifamily Conversion in Chicago,PRJ-20260809-0024,Commonwealth Development Partners Break Ground on $162M Office-to-Residential Multifamily Conversion in Chicago,500 n michigan ave,500 N. Michigan Ave,Other / Unknown,Unknown,Unknown,Unknown,Office-to-Residential Conversion,asset_parcel_intelligence.csv,1,80,address/location + market match,,No,Matched across 1 source file(s): asset_parcel_intelligence.csv
2026-08-09,20260809-233153-e892ad29,Completion nears for mixed-use project at 939 W. Manchester Blvd. in Inglewood,PRJ-20260809-0034,Completion nears for mixed-use project at 939 W. Manchester Blvd. in Inglewood,939 w manchester blvd,939 W. Manchester Blvd,Other / Unknown,Los Angeles,Unknown,Unknown,Affordable Housing,la_asset_watch.csv,1,80,address/location + market match,,No,Matched across 1 source file(s): la_asset_watch.csv
2026-08-09,20260809-233153-e892ad29,Completion nears for mixed-use project at 939 W. Manchester Blvd. in Inglewood,PRJ-20260809-0035,Completion nears for mixed-use project at 939 W. Manchester Blvd. in Inglewood,939 w manchester blvd,939 W. Manchester Blvd,Texas,Inglewood,Unknown,Unknown,Affordable Housing,asset_parcel_intelligence.csv,1,80,address/location + market match,,No,Matched across 1 source file(s): asset_parcel_intelligence.csv
2026-08-09,20260809-233153-e892ad29,Costa Mesa Multifamily Changes Hands for Value-Add Repositioning,PRJ-20260809-0013,Costa Mesa Multifamily Changes Hands for Value-Add Repositioning,1990 maple ave,1990 Maple Ave,California,Costa Mesa,Unknown,Unknown,Apartment,asset_parcel_intelligence.csv,1,80,address/location + market match,,No,Matched across 1 source file(s): asset_parcel_intelligence.csv
2026-08-09,20260809-233153-e892ad29,Costa Mesa Multifamily Changes Hands for Value-Add Repositioning,PRJ-20260809-0014,Costa Mesa Multifamily Changes Hands for Value-Add Repositioning,1990 maple ave,1990 Maple Ave,Other / Unknown,Los Angeles,Unknown,Unknown,Apartment,la_asset_watch.csv,1,80,address/location + market match,,No,Matched across 1 source file(s): la_asset_watch.csv
2026-08-09,20260809-233153-e892ad29,Disposition / Exit - Other / Unknown - Centerspace executives outline disposition plans,PRJ-20260809-0102,Disposition / Exit - Other / Unknown - Centerspace executives outline disposition plans,los angeles,Los Angeles,Unknown,Unknown,Unknown,Unknown,Apartment,asset_parcel_intelligence.csv,1,80,address/location + market match,,No,Matched across 1 source file(s): asset_parcel_intelligence.csv
2026-08-09,20260809-233153-e892ad29,Entitlement / Permitting - Los Angeles / California - Affordable housing takes shape at 1332 and 1346 N. Fairfax Avenue,PRJ-20260809-0005,Entitlement / Permitting - Los Angeles / California - Affordable housing takes shape at 1332 and 1346 N. Fairfax Avenue,1346 n fairfax ave,1346 N. Fairfax Avenue,California,Los Angeles,Unknown,Unknown,Affordable Housing,asset_parcel_intelligence.csv,1,80,address/location + market match,,No,Matched across 1 source file(s): asset_parcel_intelligence.csv
2026-08-09,20260809-233153-e892ad29,"Entitlement / Permitting - Other / Unknown - Preliminary Permits Filed For 110 Glenwood Avenue, Atherton",PRJ-20260809-0004,"Entitlement / Permitting - Other / Unknown - Preliminary Permits Filed For 110 Glenwood Avenue, Atherton",110 glenwood ave,110 Glenwood Avenue,Unknown,Unknown,Unknown,Unknown,Apartment,asset_parcel_intelligence.csv,1,80,address/location + market match,,No,Matched across 1 source file(s): asset_parcel_intelligence.csv
2026-08-09,20260809-233153-e892ad29,"Entitlement / Permitting - San Francisco / California - Updated Permits Filed For 20 Fountain Street, San Francisco",PRJ-20260809-0017,"Entitlement / Permitting - San Francisco / California - Updated Permits Filed For 20 Fountain Street, San Francisco",20 fountain st,20 Fountain Street,Unknown,San Francisco,Unknown,Unknown,Apartment,asset_parcel_intelligence.csv,1,80,address/location + market match,,No,Matched across 1 source file(s): asset_parcel_intelligence.csv
2026-08-09,20260809-233153-e892ad29,General Project Signal - Los Angeles / California - Affordable housing with retail pitched for 2306 W. Jefferson Blvd.,PRJ-20260809-0018,General Project Signal - Los Angeles / California - Affordable housing with retail pitched for 2306 W. Jefferson Blvd.,2306 w jefferson blvd,2306 W. Jefferson Blvd,California,Los Angeles,Unknown,Unknown,Affordable Housing,asset_parcel_intelligence.csv,1,80,address/location + market match,,No,Matched across 1 source file(s): asset_parcel_intelligence.csv
2026-08-09,20260809-233153-e892ad29,Lion Real Estate Picks Up Atlanta Apartments for $51M,PRJ-20260809-0008,Lion Real Estate Picks Up Atlanta Apartments for $51M,1470 sheridan rd,1470 Sheridan Rd,Atlanta / Georgia,Atlanta,Unknown,Unknown,Apartment,asset_parcel_intelligence.csv,1,80,address/location + market match,,No,Matched across 1 source file(s): asset_parcel_intelligence.csv
2026-08-09,20260809-233153-e892ad29,Lion Real Estate Picks Up Atlanta Apartments for $51M,PRJ-20260809-0009,Lion Real Estate Picks Up Atlanta Apartments for $51M,1470 sheridan rd,1470 Sheridan Rd,Other / Unknown,Los Angeles,Unknown,Unknown,Apartment,la_asset_watch.csv,1,80,address/location + market match,,No,Matched across 1 source file(s): la_asset_watch.csv
2026-08-09,20260809-233153-e892ad29,Mesa West Capital Provides $52M Loan for Refinancing of Sumner Mill Apartments Near Seattle,PRJ-20260809-0163,Mesa West Capital Provides $52M Loan for Refinancing of Sumner Mill Apartments Near Seattle,seattle,Seattle,Other / Unknown,Los Angeles,Unknown,Unknown,Apartment,la_asset_watch.csv,1,80,address/location + market match,,No,Matched across 1 source file(s): la_asset_watch.csv
2026-08-09,20260809-233153-e892ad29,Office-to-Residential Conversion - California - Affordable housing nears the finish like at 515 Pioneer Dr. in Glendale,PRJ-20260809-0122,Office-to-Residential Conversion - California - Affordable housing nears the finish like at 515 Pioneer Dr. in Glendale,national,National,Other / Unknown,National,Unknown,Unknown,Affordable Housing,la_entitlement_watch.csv,1,80,address/location + market match,,No,Matched across 1 source file(s): la_entitlement_watch.csv
2026-08-09,20260809-233153-e892ad29,Office-to-Residential Conversion - Los Angeles / California - Adaptive reuse project starting up at 6380 Wilshire Boulevard,PRJ-20260809-0027,Office-to-Residential Conversion - Los Angeles / California - Adaptive reuse project starting up at 6380 Wilshire Boulevard,6380 wilshire blvd,6380 Wilshire Boulevard,California,Los Angeles,Unknown,Unknown,Office-to-Residential Conversion,asset_parcel_intelligence.csv,1,80,address/location + market match,,No,Matched across 1 source file(s): asset_parcel_intelligence.csv
2026-08-09,20260809-233153-e892ad29,"Office-to-Residential Conversion - San Francisco / California - Permits For Conversion at 150 Hayes Street, San Francisco",PRJ-20260809-0012,"Office-to-Residential Conversion - San Francisco / California - Permits For Conversion at 150 Hayes Street, San Francisco",150 hayes st,150 Hayes Street,Unknown,San Francisco,Unknown,Unknown,General Residential,asset_parcel_intelligence.csv,1,80,address/location + market match,,No,Matched across 1 source file(s): asset_parcel_intelligence.csv
2026-08-09,20260809-233153-e892ad29,"Permits For Conversion at 150 Hayes Street, San Francisco",PRJ-20260809-0011,"Permits For Conversion at 150 Hayes Street, San Francisco",150 hayes st,150 Hayes Street,San Francisco / California,Unknown,Unknown,Unknown,General Residential,asset_parcel_intelligence.csv,1,80,address/location + market match,,No,Matched across 1 source file(s): asset_parcel_intelligence.csv
2026-08-09,20260809-233153-e892ad29,"Preliminary Permits Filed For 110 Glenwood Avenue, Atherton",PRJ-20260809-0003,"Preliminary Permits Filed For 110 Glenwood Avenue, Atherton",110 glenwood ave,110 Glenwood Avenue,Other / Unknown,Unknown,Unknown,Unknown,Apartment,asset_parcel_intelligence.csv,1,80,address/location + market match,,No,Matched across 1 source file(s): asset_parcel_intelligence.csv
2026-08-09,20260809-233153-e892ad29,Refinancing - Los Angeles / California - Mesa West Capital Provides $52M Loan for Refinancing of Sumner Mill Apartments Near Seattl...,PRJ-20260809-0162,Refinancing - Los Angeles / California - Mesa West Capital Provides $52M Loan for Refinancing of Sumner Mill Apartments Near Seattl...,seattle,Seattle,Los Angeles / California,Seattle,Unknown,Unknown,Apartment,deal_pipeline.csv,1,80,address/location + market match,,No,Matched across 1 source file(s): deal_pipeline.csv
2026-08-09,20260809-233153-e892ad29,Refinancing - Miami / Florida - Stewards Inks $79M Refi of Hollywood Rental Asset,PRJ-20260809-0073,Refinancing - Miami / Florida - Stewards Inks $79M Refi of Hollywood Rental Asset,hollywood,Hollywood,Other / Unknown,Hollywood,Unknown,Unknown,Apartment,la_lifecycle_transition_watch.csv,1,80,address/location + market match,,No,Matched across 1 source file(s): la_lifecycle_transition_watch.csv
2026-08-09,20260809-233153-e892ad29,Rockwell Pays $42M for 182-Unit Scottsdale Rental Community,PRJ-20260809-0021,Rockwell Pays $42M for 182-Unit Scottsdale Rental Community,3015 north hayden rd,3015 North Hayden Road,Phoenix / Arizona,Phoenix,Unknown,Unknown,Apartment,asset_parcel_intelligence.csv,1,80,address/location + market match,,No,Matched across 1 source file(s): asset_parcel_intelligence.csv
2026-08-09,20260809-233153-e892ad29,"Updated Permits Filed For 20 Fountain Street, San Francisco",PRJ-20260809-0016,"Updated Permits Filed For 20 Fountain Street, San Francisco",20 fountain st,20 Fountain Street,San Francisco / California,Unknown,Unknown,Unknown,Apartment,asset_parcel_intelligence.csv,1,80,address/location + market match,,No,Matched across 1 source file(s): asset_parcel_intelligence.csv
