run_date,run_id,canonical_project_id,canonical_project_name,project_identity_confidence,asset_signal_id,canonical_article_id,title,original_url,published,summary,article_integrity_status,article_integrity_reason,primary_display_section,secondary_display_sections,repeat_exposure_status,has_project_anchor,project_anchor_reason,project_anchor_confidence,development_lifecycle_hint,published_date_normalized,collected_date_normalized,article_age_days,freshness_bucket,freshness_status,freshness_reason,freshness_score,access_status,canonical_asset_or_project_name,raw_project_or_property_name,address_or_location_clue,intersection_or_corridor,neighborhood_or_submarket,city,state_or_region,residential_sector,asset_type,gp_or_developer,owner_or_sponsor,lender_or_capital_partner,entitlement_status,permit_status,construction_status,delivery_or_timing_reference,unit_count,dollar_amount,site_size_or_area,deal_or_project_type,asset_strategy_signal,site_control_signal,execution_stage,primary_development_category,primary_category_reason,asset_opportunity_score,asset_risk_score,woomi_asset_relevance,recommended_asset_follow_up,evidence_article_title,source,url,confidence_level
2026-09-20,20260920-004308-4e5af134,PRJ-20260920-0146,Refinancing - New York City / New York - Wells Fargo Refis Long Island City Apartments With $115M Fannie Mae Loan,100,AST-20260920-029,art_7db3b16b7028437b,Wells Fargo Refis Long Island City Apartments With $115M Fannie Mae Loan,https://commercialobserver.com/2026/09/wells-fargo-long-island-city-queens-apartments/,"Thu, 17 Sep 2026 17:28:09 +0000","Residential · Multifamily Long Island City Finance · Refinance Wells Fargo Refis Long Island City Apartments With $115M Fannie Mae Loan The multifamily complex in the Court Square neighborhood has 301 units By Andrew Coen September 17, 2026 1:28 pm reprints Avison Young's Scott Singer (top), Wells Fargo's Pete Cannava and a rendering of the Eagle Lofts Collection, Phase 2 project at 43-14 Queens Street in Long Island City. PHOTOS: Courtesy Avison Young; Todd Midler/for Commercial Observer; RENDE",valid,title/source/url metadata are internally consistent,Development Activity,GP / Capital Activity,acceptable_repeat,,,,,2026-09-17,2026-09-20,3,fresh_0_3d,fresh,published date parsed; article age 3 day(s),74,open,Refinancing - New York City / New York - Wells Fargo Refis Long Island City Apartments With $115M Fannie Mae Loan,Refinancing - New York City / New York - Wells Fargo Refis Long Island City Apartments With $115M Fannie Mae Loan,Queens,General submarket monitoring,Queens,Los Angeles,Unknown,Apartment,Apartment,Avison Young,Avison Young,Fannie Mae,Unknown,Unknown,Unknown,No explicit timing reference,301 units,$115M; $115M; $115m,,Refinancing,Refinancing / Recapitalization,Land / parcel referenced,Site Search / Early Signal,excluded,transaction / capital guard: refinancing,100,43,Relevant to acquisition / JV sourcing,"Review acquisition, financing, ownership, and comparable transaction details",Wells Fargo Refis Long Island City Apartments With $115M Fannie Mae Loan,Commercial Observer,https://commercialobserver.com/2026/09/wells-fargo-long-island-city-queens-apartments/,High
2026-09-20,20260920-004308-4e5af134,PRJ-20260920-0017,"Entitlement / Permitting - San Francisco / California - New Building Permits For 249 Pennsylvania Avenue, San Francisco",80,AST-20260920-057,art_fd16db75a32999cc,"New Building Permits For 249 Pennsylvania Avenue, San Francisco",https://sfyimby.com/2026/09/new-building-permits-for-249-pennsylvania-avenue-san-francisco.html,"Sat, 19 Sep 2026 12:30:26 +0000","249 Pennsylvania Avenue massing aerial view, illustration by LMS Architects By: Andrew Nelson 5:30 am on September 19, 2026 New building permits have been issued for an affordable housing infill at 249 Pennsylvania Avenue on Potrero Hill , San Francisco . The project would add 127 apartments to a vacant lot immediately next to Interstate 280. Tenderloin Neighborhood Development Corporation and Young Community Developers are jointly responsible for the project. 249 Pennsylvania Avenue site plan, ",valid,title/source/url metadata are internally consistent,Development Activity,,new_or_fresh,,,,,2026-09-19,2026-09-20,1,fresh_0_3d,fresh,published date parsed; article age 1 day(s),88,access_limited,"Entitlement / Permitting - San Francisco / California - New Building Permits For 249 Pennsylvania Avenue, San Francisco","Entitlement / Permitting - San Francisco / California - New Building Permits For 249 Pennsylvania Avenue, San Francisco",249 Pennsylvania Avenue,General submarket monitoring,San Francisco,Los Angeles,Unknown,Affordable Housing,Affordable Housing,Unknown,Unknown,Unknown,Unknown,Building permit signal,Unknown,No explicit timing reference,127 apartments,,,Entitlement / Permitting,Construction-Ready Pipeline,Project under entitlement,Permitted,approval_watch,matched permit,100,26,Relevant to entitlement monitoring,"Track entitlement, permit, density bonus, and construction-readiness milestones","New Building Permits For 249 Pennsylvania Avenue, San Francisco",SF YIMBY,https://sfyimby.com/2026/09/new-building-permits-for-249-pennsylvania-avenue-san-francisco.html,High
2026-09-20,20260920-004308-4e5af134,PRJ-20260920-0060,Disposition / Exit - California - Marcus & Millichap Closes Multifamily Sale in San Diego’s College East,100,AST-20260920-036,art_df324fd11a8bf2c5,MMCC Arranges Financing for Orange Multifamily Acquisition,https://www.connectcre.com/stories/mmcc-arranges-financing-for-orange-multifamily-acquisition/,"Thu, 10 Sep 2026 20:29:30 +0000","California CRE News In Your Inbox. Sign up for Connect emails to stay informed with CRE stories that are 150 words or less. California + Orange County + Apartments | September 10, 2026 By: Paul Bubny MMCC Arranges Financing for Orange Multifamily Acquisition Marcus & Millichap Capital Corporation (MMCC) arranged $12.6 million in financing for the acquisition of Bel Air and El Commodor Apartments, two contiguous 27-unit multifamily properties located at 315-343 S. Bedford Rd. in Orange. Rick Judg",valid,title/source/url metadata are internally consistent,Development Activity,GP / Capital Activity,repeat_penalized,,,,,2026-09-10,2026-09-20,10,recent_4_14d,recent,published date parsed; article age 10 day(s),55,open,Acquisition - California - MMCC Arranges Financing for Orange Multifamily Acquisition,Acquisition - California - MMCC Arranges Financing for Orange Multifamily Acquisition,California,General submarket monitoring,California,Los Angeles,California,Apartment,Apartment,Marcus & Millichap,Marcus & Millichap,Unknown,Unknown,Unknown,Unknown,No explicit timing reference,,$12.6 million; $12.6 million,,Acquisition,General Asset Signal,Existing asset sale,Unknown,excluded,transaction / capital guard: acquisition,98,31,High relevance to Woomi site strategy,"Review site details, sponsor, entitlement path, and local precedent",MMCC Arranges Financing for Orange Multifamily Acquisition,Connect CRE Orange County,https://www.connectcre.com/stories/mmcc-arranges-financing-for-orange-multifamily-acquisition/,Medium
2026-09-20,20260920-004308-4e5af134,PRJ-20260920-0114,Acquisition - New York City / New York - JLL Negotiates $21.7M Sale of Multifamily Development Site in The Bronx,100,AST-20260920-032,art_b8ce31d1c4817fc8,JLL Negotiates $21.7M Sale of Multifamily Development Site in The Bronx,https://rebusinessonline.com/jll-negotiates-21-7m-sale-of-multifamily-development-site-in-the-bronx/,2026-09-18T14:02:21Z,"Acquisitions Multifamily New York Northeast JLL Negotiates $21.7M Sale of Multifamily Development Site in The Bronx by Taylor Williams September 18, 2026 September 18, 2026 4 NEW YORK CITY — JLL has negotiated the $21.7 million sale of a 28,700-square-foot multifamily development site in The Bronx. The site at 122 Bruckner Blvd. is located within the borough’s Mott Haven neighborhood and can support 172,774 square feet of new development. Brendan Maddigan, Ethan Stanton and Mike Mazzara of JLL r",valid,title/source/url metadata are internally consistent,Development Activity,GP / Capital Activity,acceptable_repeat,,,,,2026-09-18,2026-09-20,2,fresh_0_3d,fresh,published date parsed; article age 2 day(s),78,open,Acquisition - New York City / New York - JLL Negotiates $21.7M Sale of Multifamily Development Site in The Bronx,Acquisition - New York City / New York - JLL Negotiates $21.7M Sale of Multifamily Development Site in The Bronx,New York City,General submarket monitoring,New York City,New York City / New York,Unknown,Multifamily,Multifamily,JLL,JLL,JLL,Unknown,Unknown,Unknown,No explicit timing reference,,$21.7M; $21.7M; $21.7 million,,Acquisition,Acquisition / Site Control,Site acquired,Site Controlled,site_parcel_activity,site/parcel signal with project anchor: development site,98,18,Relevant to acquisition / JV sourcing,"Review acquisition, financing, ownership, and comparable transaction details",JLL Negotiates $21.7M Sale of Multifamily Development Site in The Bronx,REBusiness Online,https://rebusinessonline.com/jll-negotiates-21-7m-sale-of-multifamily-development-site-in-the-bronx/,Medium
2026-09-20,20260920-004308-4e5af134,PRJ-20260920-0060,Disposition / Exit - California - Marcus & Millichap Closes Multifamily Sale in San Diego’s College East,100,AST-20260920-038,art_264b5a86a6b56170,Marcus & Millichap Closes Multifamily Sale in San Diego’s College East,https://www.connectcre.com/stories/marcus-millichap-closes-multifamily-sale-in-san-diegos-college-east/,"Fri, 18 Sep 2026 21:46:55 +0000","California CRE News In Your Inbox. Sign up for Connect emails to stay informed with CRE stories that are 150 words or less. California + San Diego + Apartments | September 18, 2026 By: Paul Bubny Marcus & Millichap Closes Multifamily Sale in San Diego’s College East Marcus & Millichap closed the sale of The Molokai Apartments, a 39-unit multifamily property in San Diego. The property sold for $11.2 million, or $287,179 per unit. “The property received a tremendous amount of attention from the in",valid,title/source/url metadata are internally consistent,Development Activity,GP / Capital Activity,acceptable_repeat,,,,,2026-09-18,2026-09-20,2,fresh_0_3d,fresh,published date parsed; article age 2 day(s),78,open,Disposition / Exit - California - Marcus & Millichap Closes Multifamily Sale in San Diego’s College East,Disposition / Exit - California - Marcus & Millichap Closes Multifamily Sale in San Diego’s College East,California,General submarket monitoring,California,Los Angeles,California,Apartment,Apartment,Marcus & Millichap,Marcus & Millichap,Unknown,Unknown,Unknown,Unknown,No explicit timing reference,,$11.2 million; $287; $11.2 million,,Disposition / Exit,General Asset Signal,Existing asset sale,Unknown,excluded,transaction / capital guard: disposition,97,30,High relevance to Woomi site strategy,"Review site details, sponsor, entitlement path, and local precedent",Marcus & Millichap Closes Multifamily Sale in San Diego’s College East,Connect CRE,https://www.connectcre.com/stories/marcus-millichap-closes-multifamily-sale-in-san-diegos-college-east/,Medium
2026-09-20,20260920-004308-4e5af134,PRJ-20260920-0052,Acquisition - New York City / New York - Borough Developers Closes on $84M Sale of Downtown Brooklyn Development Site,100,AST-20260920-037,art_17bb3c8f64fbbbc2,Downtown Brooklyn Development Site Fetches $84M,https://www.connectcre.com/stories/downtown-brooklyn-development-site-fetches-84m/,"Fri, 18 Sep 2026 21:54:32 +0000","New York & Tri-State CRE News In Your Inbox. Sign up for Connect emails to stay informed with CRE stories that are 150 words or less. New York & Tri-State + Outer Boroughs + Apartments | September 18, 2026 By: Paul Bubny Downtown Brooklyn Development Site Fetches $84M JLL Capital Markets arranged the $83.5-million sale of the Bridge & Fulton Development Site, a large-scale mixed-use development opportunity located at 485 Fulton St. and 147 Lawrence St. in Downtown Brooklyn. Borough Developers ac",valid,title/source/url metadata are internally consistent,Development Activity,GP / Capital Activity,acceptable_repeat,,,,,2026-09-18,2026-09-20,2,fresh_0_3d,fresh,published date parsed; article age 2 day(s),78,open,Disposition / Exit - New York City / New York - Downtown Brooklyn Development Site Fetches $84M,Disposition / Exit - New York City / New York - Downtown Brooklyn Development Site Fetches $84M,Brooklyn,Downtown infill,Brooklyn,New York City / New York,Unknown,Mixed-Use Residential,Mixed-Use Residential,JLL,JLL,JLL,Unknown,Unknown,Unknown,No explicit timing reference,,$84M; $84M; $83.5,,Disposition / Exit,Acquisition / Site Control,Site acquired,Site Controlled,site_parcel_activity,site/parcel signal with project anchor: development site,97,18,Relevant to acquisition / JV sourcing,"Review acquisition, financing, ownership, and comparable transaction details",Downtown Brooklyn Development Site Fetches $84M,Connect CRE,https://www.connectcre.com/stories/downtown-brooklyn-development-site-fetches-84m/,Medium
2026-09-20,20260920-004308-4e5af134,PRJ-20260920-0150,"General Project Signal - San Francisco / California - Construction Underway For Alexan Icon, South San Francisco",100,AST-20260920-051,art_1d9124f7c3398c80,"Construction Underway For Alexan Icon, South San Francisco",https://sfyimby.com/2026/09/construction-underway-for-alexan-icon-south-san-francisco.html,"Wed, 16 Sep 2026 12:30:24 +0000","100 Produce Avenue and 124 Airport Boulevard, rendering by TCA Architects By: Andrew Nelson 5:30 am on September 16, 2026 Construction is nearly topped out for Alexan Icon , two seven-story apartment buildings at 100 Produce Avenue and 124 Airport Boulevard in South San Francisco , San Mateo County . The project will add 480 apartments to the creekside properties near the South City Caltrain station and historic downtown. Trammell Crow Residential is the project developer. Once built, the two 85",valid,title/source/url metadata are internally consistent,Development Activity,,repeat_penalized,,,,,2026-09-16,2026-09-20,4,fresh_0_3d,fresh,published date parsed; article age 4 day(s),58,access_limited,"General Project Signal - San Francisco / California - Construction Underway For Alexan Icon, South San Francisco","General Project Signal - San Francisco / California - Construction Underway For Alexan Icon, South San Francisco",San Francisco,General submarket monitoring,San Francisco,Los Angeles,Unknown,Apartment,Apartment,Trammell Crow Residential,Trammell Crow Residential,Unknown,Unknown,Unknown,Unknown,No explicit timing reference,480 apartments,,,General Project Signal,General Asset Signal,Unknown site control,Unknown,construction_delivery_watch,matched development / asset strategy execution,96,26,Relevant to underwriting benchmark,Monitor asset-level signal for repeated confirmation,"Construction Underway For Alexan Icon, South San Francisco",SF YIMBY,https://sfyimby.com/2026/09/construction-underway-for-alexan-icon-south-san-francisco.html,High
2026-09-20,20260920-004308-4e5af134,PRJ-20260920-0027,Downtown Brooklyn Development Site Fetches $84M,100,AST-20260920-002,art_17bb3c8f64fbbbc2,Downtown Brooklyn Development Site Fetches $84M,https://www.connectcre.com/stories/downtown-brooklyn-development-site-fetches-84m/,"Fri, 18 Sep 2026 21:54:32 +0000","New York & Tri-State CRE News In Your Inbox. Sign up for Connect emails to stay informed with CRE stories that are 150 words or less. New York & Tri-State + Outer Boroughs + Apartments | September 18, 2026 By: Paul Bubny Downtown Brooklyn Development Site Fetches $84M JLL Capital Markets arranged the $83.5-million sale of the Bridge & Fulton Development Site, a large-scale mixed-use development opportunity located at 485 Fulton St. and 147 Lawrence St. in Downtown Brooklyn. Borough Developers ac",valid,title/source/url metadata are internally consistent,Development Activity,GP / Capital Activity,acceptable_repeat,True,address/street: 485 fulton st. and 147 lawrence st; site/parcel signal: site; project/asset term: development,high,Site Acquisition / Site Control,2026-09-18,2026-09-20,2,fresh_0_3d,fresh,published date parsed; article age 2 day(s),78,open,Downtown Brooklyn Development Site Fetches $84M,Downtown Brooklyn Development Site Fetches $84M,485 Fulton St,Downtown infill; Mixed-use corridor,Brooklyn,Los Angeles,New York City / New York,Mixed-Use Residential,Mixed-Use Residential,JLL,JLL,Unknown,Unknown,Unknown,Unknown,2026,,,,Acquisition / Site Control,Acquisition / Site Control,Site acquired,Site Controlled,site_parcel_activity,site/parcel signal with project anchor: development site,96,18,Relevant to acquisition / JV sourcing,"Review acquisition, financing, ownership, and comparable transaction details",Downtown Brooklyn Development Site Fetches $84M,Connect CRE,https://www.connectcre.com/stories/downtown-brooklyn-development-site-fetches-84m/,High
2026-09-20,20260920-004308-4e5af134,PRJ-20260920-0030,Entitlement / Permitting - Los Angeles / California - 65 apartments underway at 5909 S. Crenshaw Blvd. in Hyde Park,80,AST-20260920-055,art_a4d05d4d8a100b4b,65 apartments underway at 5909 S. Crenshaw Blvd. in Hyde Park,https://la.urbanize.city/post/65-apartments-underway-5909-s-crenshaw-blvd-hyde-park,"Fri, 18 Sep 2026 13:05:00 +0000","65 apartments underway at 5909 S. Crenshaw Blvd. in Hyde Park | Urbanize LA Skip to main content Advertisement Advertisement Two blocks south of Slauson Avenue in Hyde Park , a collection of small residential buildings have made way for the construction of a new apartment complex. The project, located at 5909 S. Crenshaw Boulevard , received entitlements from Los Angeles planning officials in 2021, and was later issued building permits in mid-2025. Plans call for the construction of a five-story",valid,title/source/url metadata are internally consistent,Development Activity,,acceptable_repeat,,,,,2026-09-18,2026-09-20,2,fresh_0_3d,fresh,published date parsed; article age 2 day(s),66,access_limited,Entitlement / Permitting - Los Angeles / California - 65 apartments underway at 5909 S. Crenshaw Blvd. in Hyde Park,Entitlement / Permitting - Los Angeles / California - 65 apartments underway at 5909 S. Crenshaw Blvd. in Hyde Park,5909 S. Crenshaw Blvd,General submarket monitoring,Los Angeles,Los Angeles,California,Apartment,Apartment,Unknown,Unknown,Unknown,Unknown,Unknown,Unknown,No explicit timing reference,65 apartments,,,Entitlement / Permitting,Entitlement Play,Project under entitlement,Unknown,approval_watch,matched permit,94,34,Relevant to entitlement monitoring,"Track entitlement, permit, density bonus, and construction-readiness milestones",65 apartments underway at 5909 S. Crenshaw Blvd. in Hyde Park,Urbanize LA,https://la.urbanize.city/post/65-apartments-underway-5909-s-crenshaw-blvd-hyde-park,High
2026-09-20,20260920-004308-4e5af134,PRJ-20260920-0004,Entitlement / Permitting - Los Angeles / California - Affordable housing proposed at 12508 W. Pacific Ave. in Mar Vista,80,AST-20260920-056,art_53e9a5b7b11c4e1f,Affordable housing proposed at 12508 W. Pacific Ave. in Mar Vista,https://la.urbanize.city/post/affordable-housing-proposed-12508-w-pacific-ave-mar-vista,"Thu, 17 Sep 2026 13:10:00 +0000","Affordable housing proposed at 12508 W. Pacific Ave. in Mar Vista | Urbanize LA Skip to main content Advertisement Advertisement HVN Development is cooking up plans for more affordable housing in Mar Vista , per a recent application to the Los Angeles Department of City Planning. The company's latest project, set to replace a triplex at 12508 W. Pacific Avenue, calls for the new construction of a seven-story building featuring 60 one-bedroom apartments without on-site parking. 12508 W. Pacific A",valid,title/source/url metadata are internally consistent,Development Activity,Market Intelligence,acceptable_repeat,,,,,2026-09-17,2026-09-20,3,fresh_0_3d,fresh,published date parsed; article age 3 day(s),62,access_limited,Entitlement / Permitting - Los Angeles / California - Affordable housing proposed at 12508 W. Pacific Ave. in Mar Vista,Entitlement / Permitting - Los Angeles / California - Affordable housing proposed at 12508 W. Pacific Ave. in Mar Vista,12508 W. Pacific Ave,General submarket monitoring,Los Angeles,Los Angeles,California,Affordable Housing,Affordable Housing,Unknown,Unknown,Unknown,Unknown,Unknown,Unknown,No explicit timing reference,60 apartments,,,Entitlement / Permitting,Affordable / Density Bonus Strategy,Project under entitlement,Unknown,approval_watch,matched permit,94,34,Relevant to entitlement monitoring,"Track entitlement, permit, density bonus, and construction-readiness milestones",Affordable housing proposed at 12508 W. Pacific Ave. in Mar Vista,Urbanize LA,https://la.urbanize.city/post/affordable-housing-proposed-12508-w-pacific-ave-mar-vista,High
2026-09-20,20260920-004308-4e5af134,PRJ-20260920-0070,"Acquisition - Dallas / Texas - Bascom Buys 370-Unit, Value-Add Project Near Richardson",100,AST-20260920-042,art_f34588deef61c415,"Bascom Buys 370-Unit, Value-Add Project Near Richardson",https://www.connectcre.com/stories/bascom-buys-370-unit-value-add-project-near-richardson/,"Fri, 18 Sep 2026 15:47:24 +0000","Texas CRE News In Your Inbox. Sign up for Connect emails to stay informed with CRE stories that are 150 words or less. Texas + Dallas-Fort Worth + Apartments | September 18, 2026 By: Mike Boyd Bascom Buys 370-Unit, Value-Add Project Near Richardson The Bascom Group acquired the Jasmine Apartments, a 1980-built 370-unit workforce multifamily community located in North Dallas near the Richardson city line. The Jasmine marks Bascom’s 42 nd Texas acquisition. The property was foreclosed on in 2025 b",valid,title/source/url metadata are internally consistent,Development Activity,GP / Capital Activity,acceptable_repeat,,,,,2026-09-18,2026-09-20,2,fresh_0_3d,fresh,published date parsed; article age 2 day(s),78,open,"Acquisition - Dallas / Texas - Bascom Buys 370-Unit, Value-Add Project Near Richardson","Acquisition - Dallas / Texas - Bascom Buys 370-Unit, Value-Add Project Near Richardson",Dallas,General submarket monitoring,Dallas,Los Angeles,Unknown,Apartment,Apartment,Bascom Group,Bascom Group,northmarq,Unknown,Unknown,Unknown,No explicit timing reference,,,,Acquisition,General Asset Signal,Existing asset sale,Unknown,excluded,transaction / capital guard: acquisition,90,26,Relevant to underwriting benchmark,Monitor asset-level signal for repeated confirmation,"Bascom Buys 370-Unit, Value-Add Project Near Richardson",Connect CRE Apartments,https://www.connectcre.com/stories/bascom-buys-370-unit-value-add-project-near-richardson/,Medium
2026-09-20,20260920-004308-4e5af134,PRJ-20260920-0052,Acquisition - New York City / New York - Borough Developers Closes on $84M Sale of Downtown Brooklyn Development Site,100,AST-20260920-039,art_69f1dc723979332f,Borough Developers Closes on $84M Sale of Downtown Brooklyn Development Site,https://commercialobserver.com/2026/09/borough-developers-sale-downtown-brooklyn-development-site-485-fulton-street/,"Thu, 17 Sep 2026 17:22:52 +0000","Mixed-Use Downtown Brooklyn Investments & Sales · Development Site Sale Borough Developers Closes on $84M Sale of Downtown Brooklyn Development Site The firm secured an $85 million acquisition loan from BridgeCity Capital for the 485 Fulton Street property By Isabelle Durso September 17, 2026 1:22 pm reprints JLL's Michael Mazzara (top), Ethan Stanton (center) and Brendan Maddigan, and a rendering of 485 Fulton Street, Brooklyn. PHOTOS and RENDERING: Courtesy JLL Brooklyn-based Borough Developer",valid,title/source/url metadata are internally consistent,Development Activity,GP / Capital Activity,acceptable_repeat,,,,,2026-09-17,2026-09-20,3,fresh_0_3d,fresh,published date parsed; article age 3 day(s),74,open,Acquisition - New York City / New York - Borough Developers Closes on $84M Sale of Downtown Brooklyn Development Site,Acquisition - New York City / New York - Borough Developers Closes on $84M Sale of Downtown Brooklyn Development Site,Brooklyn,Downtown infill,Brooklyn,New York City / New York,Unknown,Mixed-Use Residential,Mixed-Use Residential,JLL,JLL,JLL,Unknown,Unknown,Unknown,No explicit timing reference,,$84M; $84M; $85 million,,Acquisition,Acquisition / Site Control,Site acquired,Site Controlled,site_parcel_activity,site/parcel signal with project anchor: site acquisition,90,14,Relevant to acquisition / JV sourcing,"Review acquisition, financing, ownership, and comparable transaction details",Borough Developers Closes on $84M Sale of Downtown Brooklyn Development Site,Commercial Observer,https://commercialobserver.com/2026/09/borough-developers-sale-downtown-brooklyn-development-site-485-fulton-street/,Medium
2026-09-20,20260920-004308-4e5af134,PRJ-20260920-0153,Construction Financing - Miami / Florida - Development Group Inks $58M Construction Loan for Coconut Grove Condos,100,AST-20260920-033,art_e7a3ed929243a0f7,Development Group Inks $58M Construction Loan for Coconut Grove Condos,https://www.connectcre.com/stories/development-group-inks-58m-construction-loan-for-coconut-grove-condos/,"Wed, 09 Sep 2026 13:57:53 +0000","Florida & Gulf Coast CRE News In Your Inbox. Sign up for Connect emails to stay informed with CRE stories that are 150 words or less. Florida & Gulf Coast + South Florida + Apartments | September 9, 2026 By: Mike Boyd Development Group Inks $58M Construction Loan for Coconut Grove Condos A development team closed on a $58 million construction loan to build The Lincoln, a luxury boutique condominium with 48 residences in Coconut Grove, Florida. The project has begun construction and is scheduled ",valid,title/source/url metadata are internally consistent,Development Activity,GP / Capital Activity,repeat_penalized,,,,,2026-09-09,2026-09-20,11,recent_4_14d,recent,published date parsed; article age 11 day(s),55,open,Construction Financing - Miami / Florida - Development Group Inks $58M Construction Loan for Coconut Grove Condos,Construction Financing - Miami / Florida - Development Group Inks $58M Construction Loan for Coconut Grove Condos,South Florida,General submarket monitoring,South Florida,Miami / Florida,Unknown,Apartment,Apartment,Berkadia,Berkadia,Berkadia,Unknown,Unknown,Unknown,No explicit timing reference,,$58M; $58M; $58 million,,Construction Financing,Refinancing / Recapitalization,Unknown site control,Unknown,excluded,transaction / capital guard: loan,88,49,Relevant to acquisition / JV sourcing,"Review acquisition, financing, ownership, and comparable transaction details",Development Group Inks $58M Construction Loan for Coconut Grove Condos,Connect CRE South Florida,https://www.connectcre.com/stories/development-group-inks-58m-construction-loan-for-coconut-grove-condos/,Medium
2026-09-20,20260920-004308-4e5af134,PRJ-20260920-0153,Construction Financing - Miami / Florida - Development Group Inks $58M Construction Loan for Coconut Grove Condos,100,AST-20260920-035,art_0c6d673e1827b183,Rich Properties Snags $38.5M Refi for West Palm Beach Rental Asset,https://www.connectcre.com/stories/rich-properties-snags-38-5m-refi-for-west-palm-beach-rental-asset/,"Mon, 14 Sep 2026 14:44:03 +0000","Florida & Gulf Coast CRE News In Your Inbox. Sign up for Connect emails to stay informed with CRE stories that are 150 words or less. Florida & Gulf Coast + South Florida + Apartments | September 14, 2026 By: Mike Boyd Rich Properties Snags $38.5M Refi for West Palm Beach Rental Asset Rich Properties obtained a $38.55 million refinancing for Tennis Towers Apartments, a 306-unit multifamily community in West Palm Beach that has been owned and operated by Rich Properties for more than 35 years. Be",valid,title/source/url metadata are internally consistent,Development Activity,GP / Capital Activity,acceptable_repeat,,,,,2026-09-14,2026-09-20,6,fresh_0_3d,fresh,published date parsed; article age 6 day(s),62,open,Refinancing - Miami / Florida - Rich Properties Snags $38.5M Refi for West Palm Beach Rental Asset,Refinancing - Miami / Florida - Rich Properties Snags $38.5M Refi for West Palm Beach Rental Asset,South Florida,General submarket monitoring,South Florida,Miami / Florida,Unknown,Apartment,Apartment,Berkadia,Berkadia,Berkadia,Unknown,Unknown,Unknown,No explicit timing reference,,$38.5M; $38.5M; $38.55 million,,Refinancing,Refinancing / Recapitalization,Existing asset refinance,Unknown,excluded,transaction / capital guard: refinancing,88,49,Relevant to acquisition / JV sourcing,"Review acquisition, financing, ownership, and comparable transaction details",Rich Properties Snags $38.5M Refi for West Palm Beach Rental Asset,Connect CRE South Florida,https://www.connectcre.com/stories/rich-properties-snags-38-5m-refi-for-west-palm-beach-rental-asset/,Medium
2026-09-20,20260920-004308-4e5af134,PRJ-20260920-0091,Office-to-Residential Conversion - Other / Unknown - Developer Pays $7M For Planned Old Town Conversion: The D.C. Deal Sheet,100,AST-20260920-052,art_ed9f9a585e49f02b,Developer Pays $7M For Planned Old Town Conversion: The D.C. Deal Sheet,https://www.bisnow.com/news/washington-dc/deal-sheet/developer-buys-planned-old-town-alexandria-conversion-dc-deal-sheet,"Fri, 18 Sep 2026 15:07:34 -0400","An Arlington-based developer is taking the reins of an already approved office-to-residential conversion in Old Town Alexandria after acquiring it last month. Google Maps The office building at 2051 Jamieson Ave. in Old Town Alexandria Insight Property Group plans to convert the 147K SF, six-story building at 2051 Jamieson Ave. into around 180 units, Tim White, the company’s principal and chief investment officer, told Bisnow in an email after announcing the news on LinkedIn earlier this week. T",valid,title/source/url metadata are internally consistent,Development Activity,GP / Capital Activity,acceptable_repeat,,,,,2026-09-18,2026-09-20,2,fresh_0_3d,fresh,published date parsed; article age 2 day(s),66,access_limited,Office-to-Residential Conversion - Other / Unknown - Developer Pays $7M For Planned Old Town Conversion: The D.C. Deal Sheet,Office-to-Residential Conversion - Other / Unknown - Developer Pays $7M For Planned Old Town Conversion: The D.C. Deal Sheet,Unknown,Office conversion corridor,Unknown,Los Angeles,Unknown,Office-to-Residential Conversion,Office-to-Residential,IPA,IPA,Unknown,Unknown,Unknown,Unknown,No explicit timing reference,180 units,$7M; $7m; $92m,,Office-to-Residential Conversion,Office-to-Residential Conversion,Unknown site control,Unknown,approval_watch,matched approved,88,33,Relevant to underwriting benchmark,Monitor office conversion feasibility and policy support,Developer Pays $7M For Planned Old Town Conversion: The D.C. Deal Sheet,Bisnow,https://www.bisnow.com/news/washington-dc/deal-sheet/developer-buys-planned-old-town-alexandria-conversion-dc-deal-sheet,High
2026-09-20,20260920-004308-4e5af134,PRJ-20260920-0113,General Project Signal - New York City / New York - Avison Young Arranges $115M in Agency Financing for Queens Apartment Building,100,AST-20260920-034,art_99a81481cb49ca90,Avison Young Arranges $115M in Agency Financing for Queens Apartment Building,https://rebusinessonline.com/avison-young-arranges-115m-in-agency-financing-for-queens-apartment-building/,2026-09-18T14:25:50Z,"Phase I of the Eagle Lofts Collection, a multifamily development in Queens, totaled 790 units. Following the completion of Phase II, nearly 1,100 new units have been added to the local supply. Loans Multifamily New York Northeast Avison Young Arranges $115M in Agency Financing for Queens Apartment Building by Taylor Williams September 18, 2026 September 18, 2026 8 NEW YORK CITY — Avison Young has arranged $115 million in Fannie Mae financing for a 301-unit apartment building in the Long Island C",valid,title/source/url metadata are internally consistent,Development Activity,GP / Capital Activity,repeat_penalized,,,,,2026-09-18,2026-09-20,2,fresh_0_3d,fresh,published date parsed; article age 2 day(s),48,open,General Project Signal - New York City / New York - Avison Young Arranges $115M in Agency Financing for Queens Apartment Building,General Project Signal - New York City / New York - Avison Young Arranges $115M in Agency Financing for Queens Apartment Building,New York City,General submarket monitoring,New York City,New York City / New York,Unknown,Affordable Housing,Affordable Housing,Avison Young,Avison Young,Fannie Mae,Unknown,Unknown,Unknown,No explicit timing reference,790 units,$115M; $115M; $115 million,,General Project Signal,General Asset Signal,Unknown site control,Unknown,excluded,transaction / capital guard: financing,88,26,Relevant to underwriting benchmark,Monitor asset-level signal for repeated confirmation,Avison Young Arranges $115M in Agency Financing for Queens Apartment Building,REBusiness Online,https://rebusinessonline.com/avison-young-arranges-115m-in-agency-financing-for-queens-apartment-building/,High
2026-09-20,20260920-004308-4e5af134,PRJ-20260920-0053,"Acquisition - California - Whittier Comstock Acquires 135,308 SF Fairway Center II Office Property in Brea, Californi...",100,AST-20260920-040,art_8ac426c1188b6bd1,"Whittier Comstock Acquires 135,308 SF Fairway Center II Office Property in Brea, California",https://rebusinessonline.com/whittier-comstock-acquires-135308-sf-fairway-center-ii-office-property-in-brea-california/,2026-09-18T13:13:22Z,"Located at 675 Placentia Ave. in Brea, Calif., Fairway Center II features 135,308 square feet of office space. (Photo credit: Sanduku Inc.) Acquisitions California Office Western Whittier Comstock Acquires 135,308 SF Fairway Center II Office Property in Brea, California by Amy Works September 18, 2026 September 18, 2026 6 BREA, CALIF. — The Whittier Comstock, a subsidiary of MW Investment and owned by Matt Waken, purchased Fairway Center II, an office property in Brea, from an undisclosed seller",valid,title/source/url metadata are internally consistent,Development Activity,GP / Capital Activity,repeat_penalized,,,,,2026-09-18,2026-09-20,2,fresh_0_3d,fresh,published date parsed; article age 2 day(s),48,open,"Acquisition - California - Whittier Comstock Acquires 135,308 SF Fairway Center II Office Property in Brea, Californi...","Acquisition - California - Whittier Comstock Acquires 135,308 SF Fairway Center II Office Property in Brea, Californi...",California,Density bonus corridor,California,Los Angeles,California,General Residential,Unknown Residential,CBRE,CBRE,CBRE,Unknown,Unknown,Unknown,No explicit timing reference,,$27.8 million,308 SF,Acquisition,Affordable / Density Bonus Strategy,Existing asset sale,Unknown,excluded,transaction / capital guard: acquisition,87,28,High relevance to Woomi site strategy,"Review site details, sponsor, entitlement path, and local precedent","Whittier Comstock Acquires 135,308 SF Fairway Center II Office Property in Brea, California",REBusiness Online,https://rebusinessonline.com/whittier-comstock-acquires-135308-sf-fairway-center-ii-office-property-in-brea-california/,High
2026-09-20,20260920-004308-4e5af134,PRJ-20260920-0022,Wells Fargo Refis Long Island City Apartments With $115M Fannie Mae Loan,100,AST-20260920-001,art_7db3b16b7028437b,Wells Fargo Refis Long Island City Apartments With $115M Fannie Mae Loan,https://commercialobserver.com/2026/09/wells-fargo-long-island-city-queens-apartments/,"Thu, 17 Sep 2026 17:28:09 +0000","Residential · Multifamily Long Island City Finance · Refinance Wells Fargo Refis Long Island City Apartments With $115M Fannie Mae Loan The multifamily complex in the Court Square neighborhood has 301 units By Andrew Coen September 17, 2026 1:28 pm reprints Avison Young's Scott Singer (top), Wells Fargo's Pete Cannava and a rendering of the Eagle Lofts Collection, Phase 2 project at 43-14 Queens Street in Long Island City. PHOTOS: Courtesy Avison Young; Todd Midler/for Commercial Observer; RENDE",valid,title/source/url metadata are internally consistent,Development Activity,GP / Capital Activity,acceptable_repeat,True,unit/site count: 301 units; address/street: 14 queens street; project/asset term: project,high,Project Financing / Capital Event,2026-09-17,2026-09-20,3,fresh_0_3d,fresh,published date parsed; article age 3 day(s),74,open,Wells Fargo Refis Long Island City Apartments With $115M Fannie Mae Loan,Wells Fargo Refis Long Island City Apartments With $115M Fannie Mae Loan,43-14 Queens Street,Transit-oriented development,Long Island City,Los Angeles,New York City / New York,Apartment,Apartment,Fannie Mae,Fannie Mae,Unknown,Unknown,Unknown,Unknown,2026,,,,General Asset Signal,General Asset Signal,Land / parcel referenced,Site Search / Early Signal,excluded,transaction / capital guard: refinance,87,18,Relevant to underwriting benchmark,Monitor asset-level signal for repeated confirmation,Wells Fargo Refis Long Island City Apartments With $115M Fannie Mae Loan,Commercial Observer,https://commercialobserver.com/2026/09/wells-fargo-long-island-city-queens-apartments/,High
2026-09-20,20260920-004308-4e5af134,PRJ-20260920-0121,Construction Financing - Other / Unknown - Affinius Capital Originates $130M Construction Loan for Chicago MF Development,100,AST-20260920-041,art_b78a032feab862d4,Affinius Capital Originates $130M Construction Loan for Chicago MF Development,https://www.connectcre.com/stories/affinius-capital-originates-130m-construction-loan-for-chicago-mf-development/,"Fri, 18 Sep 2026 17:33:29 +0000","Chicago & Midwest CRE News In Your Inbox. Sign up for Connect emails to stay informed with CRE stories that are 150 words or less. Chicago & Midwest + Downtown + Apartments | September 18, 2026 By: Jasmine Kilman Affinius Capital Originates $130M Construction Loan for Chicago MF Development Affinius Capital has originated a $130.4 million construction loan to finance 1000 W. Jackson, a multifamily development located in Chicago’s West Loop submarket. The 25-story development will feature 380 uni",valid,title/source/url metadata are internally consistent,Development Activity,GP / Capital Activity,acceptable_repeat,,,,,2026-09-18,2026-09-20,2,fresh_0_3d,fresh,published date parsed; article age 2 day(s),78,open,Construction Financing - Other / Unknown - Affinius Capital Originates $130M Construction Loan for Chicago MF Development,Construction Financing - Other / Unknown - Affinius Capital Originates $130M Construction Loan for Chicago MF Development,Unknown,General submarket monitoring,Unknown,Other / Unknown,Unknown,Apartment,Apartment,Affinius Capital,Affinius Capital,Unknown,Unknown,Unknown,Unknown,No explicit timing reference,380 units,$130M; $130M; $130.4 million,,Construction Financing,Refinancing / Recapitalization,Unknown site control,Unknown,excluded,transaction / capital guard: loan,86,48,Relevant to acquisition / JV sourcing,"Review acquisition, financing, ownership, and comparable transaction details",Affinius Capital Originates $130M Construction Loan for Chicago MF Development,Connect CRE Apartments,https://www.connectcre.com/stories/affinius-capital-originates-130m-construction-loan-for-chicago-mf-development/,High
2026-09-20,20260920-004308-4e5af134,PRJ-20260920-0019,Entitlement / Permitting - Los Angeles / California - Apartments slated for 3648 S. Empire Dr. in Palms,80,AST-20260920-064,art_9643a4da052ac4ef,Apartments slated for 3648 S. Empire Dr. in Palms,https://la.urbanize.city/post/apartments-slated-3648-s-empire-dr-palms,"Wed, 16 Sep 2026 13:10:00 +0000","Apartments slated for 3648 S. Empire Dr. in Palms | Urbanize LA Skip to main content Advertisement Advertisement Four existing homes in Palms are set to give way to a multifamily residential development, according to an application filed recently with the Los Angeles Department of City Planning. The proposed project, filed by an entity associated with Hinterland Projects , would rise at 3648 S. Empire Drive. Plans call for the construction of a seven-story building featuring 33 studio, one-, two",valid,title/source/url metadata are internally consistent,Development Activity,,repeat_penalized,,,,,2026-09-16,2026-09-20,4,fresh_0_3d,fresh,published date parsed; article age 4 day(s),58,access_limited,Entitlement / Permitting - Los Angeles / California - Apartments slated for 3648 S. Empire Dr. in Palms,Entitlement / Permitting - Los Angeles / California - Apartments slated for 3648 S. Empire Dr. in Palms,3648 S. Empire Dr,General submarket monitoring,Los Angeles,Los Angeles,California,Apartment,BTR / Single-Family Rental,Unknown,Unknown,Unknown,Unknown,Unknown,Unknown,No explicit timing reference,,,,Entitlement / Permitting,Entitlement Play,Project under entitlement,Unknown,approval_watch,matched permit,86,34,Relevant to entitlement monitoring,"Track entitlement, permit, density bonus, and construction-readiness milestones",Apartments slated for 3648 S. Empire Dr. in Palms,Urbanize LA,https://la.urbanize.city/post/apartments-slated-3648-s-empire-dr-palms,Medium
2026-09-20,20260920-004308-4e5af134,PRJ-20260920-0036,Entitlement / Permitting - Los Angeles / California - L.A. County Supes approve apartments at 7914 Broadway Ave. in West Whittier,80,AST-20260920-065,art_43aa3dd6ac3b7ab2,L.A. County Supes approve apartments at 7914 Broadway Ave. in West Whittier,https://la.urbanize.city/post/la-county-supes-approve-apartments-7914-broadway-ave-west-whittier,"Thu, 17 Sep 2026 13:05:00 +0000","L.A. County Supes approve apartments at 7914 Broadway Ave. in West Whittier | Urbanize LA Skip to main content Advertisement Advertisement The Los Angeles County Board of Supervisors has voted to approve a zone change and other discretionary entitlements to permit the construction of a new multifamily residential development in unincorporated West Whittier. The project, proposed by property owner Marisela Garcia, would rise from a site just north of Washington Boulevard at 7914 Broadway Avenue. ",valid,title/source/url metadata are internally consistent,Development Activity,,acceptable_repeat,,,,,2026-09-17,2026-09-20,3,fresh_0_3d,fresh,published date parsed; article age 3 day(s),62,access_limited,Entitlement / Permitting - Los Angeles / California - L.A. County Supes approve apartments at 7914 Broadway Ave. in West Whittier,Entitlement / Permitting - Los Angeles / California - L.A. County Supes approve apartments at 7914 Broadway Ave. in West Whittier,7914 Broadway Ave,General submarket monitoring,Los Angeles,Los Angeles,California,Affordable Housing,Affordable Housing,Unknown,Unknown,Unknown,Unknown,Unknown,Unknown,No explicit timing reference,,,,Entitlement / Permitting,Entitlement Play,Project under entitlement,Unknown,approval_watch,matched permit,86,34,Relevant to entitlement monitoring,"Track entitlement, permit, density bonus, and construction-readiness milestones",L.A. County Supes approve apartments at 7914 Broadway Ave. in West Whittier,Urbanize LA,https://la.urbanize.city/post/la-county-supes-approve-apartments-7914-broadway-ave-west-whittier,Medium
2026-09-20,20260920-004308-4e5af134,PRJ-20260920-0071,General Project Signal - Dallas / Texas - W&D Arranges $30M in LIHTC for Dallas Fort Worth Affordable Senior Housing,100,AST-20260920-049,art_9b16d8e630b008d5,W&D Arranges $30M in LIHTC for Dallas Fort Worth Affordable Senior Housing,https://yieldpro.com/2026/09/avanti-hills/,"Fri, 18 Sep 2026 18:18:46 +0000","Deal boom News Facebook Twitter Linkedin Walker & Dunlop has closed approximately $30M million in Low-Income Housing Tax Credit (LIHTC) equity as part of KCG Companies ‘ Avanti Hills , a 260-unit affordable senior housing community under development in Mesquite, Texas. Walker & Dunlop Affordable Housing Equity provided LIHTC equity as part of the approximately $78.45 million development by KCG Companies. The 4% LIHTC development is supported by tax-exempt bond financing through Mesquite Housing ",suspicious_mismatch,title/source/url metadata are internally consistent; title and original_url slug appear to reference different articles,Development Activity,GP / Capital Activity,acceptable_repeat,,,,,2026-09-18,2026-09-20,2,fresh_0_3d,fresh,published date parsed; article age 2 day(s),78,open,General Project Signal - Dallas / Texas - W&D Arranges $30M in LIHTC for Dallas Fort Worth Affordable Senior Housing,General Project Signal - Dallas / Texas - W&D Arranges $30M in LIHTC for Dallas Fort Worth Affordable Senior Housing,Dallas,General submarket monitoring,Dallas,Los Angeles,Unknown,Senior Housing,Senior Housing,Walker & Dunlop,Walker & Dunlop,walker & dunlop,Unknown,Unknown,Unknown,No explicit timing reference,,$30M; $30M; $78.45 million,,General Project Signal,Affordable / Density Bonus Strategy,Unknown site control,Unknown,construction_delivery_watch,matched development / asset strategy execution,86,23,Relevant to entitlement monitoring,"Track entitlement, permit, density bonus, and construction-readiness milestones",W&D Arranges $30M in LIHTC for Dallas Fort Worth Affordable Senior Housing,Yield PRO,https://yieldpro.com/2026/09/avanti-hills/,Medium
2026-09-20,20260920-004308-4e5af134,PRJ-20260920-0062,JV / Partnership - California - Harrison Street Launches New Multifamily Student Housing Partnership in San Diego Californ...,80,AST-20260920-045,art_058dd278581231bc,WNC Closes on 23rd California-Focused Affordable Housing Fund,https://www.connectcre.com/stories/wnc-closes-on-23rd-california-focused-affordable-housing-fund/,"Tue, 08 Sep 2026 21:23:13 +0000","California CRE News In Your Inbox. Sign up for Connect emails to stay informed with CRE stories that are 150 words or less. California + Orange County + Apartments | September 8, 2026 By: Paul Bubny WNC Closes on 23rd California-Focused Affordable Housing Fund WNC & Associates, Inc. has closed on WNC Institutional Tax Credit Fund X California Series 23, L.P. The $66.3-million fund is the company’s 23rd consecutive California-focused multi-investor affordable housing fund for institutional invest",valid,title/source/url metadata are internally consistent,Development Activity,GP / Capital Activity; Market Intelligence,repeat_penalized,,,,,2026-09-08,2026-09-20,12,recent_4_14d,recent,published date parsed; article age 12 day(s),55,open,General Project Signal - California - WNC Closes on 23rd California-Focused Affordable Housing Fund,General Project Signal - California - WNC Closes on 23rd California-Focused Affordable Housing Fund,California,General submarket monitoring,California,Los Angeles,California,Affordable Housing,BTR / Single-Family Rental,Unknown,Unknown,Unknown,Unknown,Unknown,Unknown,No explicit timing reference,650 homes,$66.3; $66.3,,General Project Signal,Affordable / Density Bonus Strategy,Unknown site control,Unknown,construction_delivery_watch,matched development / asset strategy execution,85,40,High relevance to Woomi site strategy,"Review site details, sponsor, entitlement path, and local precedent",WNC Closes on 23rd California-Focused Affordable Housing Fund,Connect CRE Orange County,https://www.connectcre.com/stories/wnc-closes-on-23rd-california-focused-affordable-housing-fund/,Medium
2026-09-20,20260920-004308-4e5af134,PRJ-20260920-0053,"Acquisition - California - Whittier Comstock Acquires 135,308 SF Fairway Center II Office Property in Brea, Californi...",100,AST-20260920-047,art_41a751e01ef898d1,Private Investor Snags Brea Offices for $28M,https://www.connectcre.com/stories/private-investor-snags-brea-offices-for-28m/,"Wed, 16 Sep 2026 21:39:54 +0000","California CRE News In Your Inbox. Sign up for Connect emails to stay informed with CRE stories that are 150 words or less. California + Orange County + Office | September 16, 2026 By: Paul Bubny Private Investor Snags Brea Offices for $28M CBRE facilitated the $27.8-million sale of Fairway Center II, a 135,308-square-foot office property located at 675 Placentia Ave. in Brea. CBRE represented the institutional seller. The Whittier Comstock, LLC, a subsidiary of MW Investment, LLC and owned by M",valid,title/source/url metadata are internally consistent,Development Activity,GP / Capital Activity,acceptable_repeat,,,,,2026-09-16,2026-09-20,4,fresh_0_3d,fresh,published date parsed; article age 4 day(s),70,open,Disposition / Exit - California - Private Investor Snags Brea Offices for $28M,Disposition / Exit - California - Private Investor Snags Brea Offices for $28M,California,General submarket monitoring,California,Los Angeles,California,General Residential,Unknown Residential,CBRE,CBRE,CBRE,Unknown,Unknown,Unknown,No explicit timing reference,,$28M; $28M; $27.8,,Disposition / Exit,General Asset Signal,Existing asset sale,Unknown,excluded,transaction / capital guard: disposition,85,27,High relevance to Woomi site strategy,"Review site details, sponsor, entitlement path, and local precedent",Private Investor Snags Brea Offices for $28M,Connect CRE California,https://www.connectcre.com/stories/private-investor-snags-brea-offices-for-28m/,Medium
2026-09-20,20260920-004308-4e5af134,PRJ-20260920-0031,65 apartments underway at 5909 S. Crenshaw Blvd. in Hyde Park,80,AST-20260920-003,art_a4d05d4d8a100b4b,65 apartments underway at 5909 S. Crenshaw Blvd. in Hyde Park,https://la.urbanize.city/post/65-apartments-underway-5909-s-crenshaw-blvd-hyde-park,"Fri, 18 Sep 2026 13:05:00 +0000","65 apartments underway at 5909 S. Crenshaw Blvd. in Hyde Park | Urbanize LA Skip to main content Advertisement Advertisement Two blocks south of Slauson Avenue in Hyde Park , a collection of small residential buildings have made way for the construction of a new apartment complex. The project, located at 5909 S. Crenshaw Boulevard , received entitlements from Los Angeles planning officials in 2021, and was later issued building permits in mid-2025. Plans call for the construction of a five-story",valid,title/source/url metadata are internally consistent,Development Activity,,acceptable_repeat,True,unit/site count: 65 apartments; address/street: 5909 s. crenshaw blvd; project/asset term: project,high,Approval / Entitlement,2026-09-18,2026-09-20,2,fresh_0_3d,fresh,published date parsed; article age 2 day(s),66,access_limited,65 apartments underway at 5909 S. Crenshaw Blvd. in Hyde Park,65 apartments underway at 5909 S. Crenshaw Blvd. in Hyde Park,5909 S. Crenshaw Blvd,General submarket monitoring,Los Angeles,Los Angeles,Los Angeles / California,Apartment,Apartment,,,Unknown,Unknown,Building permit signal,Unknown,in 2021,,,,Construction-Ready Pipeline,Construction-Ready Pipeline,Project under entitlement,Permitted,approval_watch,matched permit,85,18,Relevant to entitlement monitoring,"Track entitlement, permit, density bonus, and construction-readiness milestones",65 apartments underway at 5909 S. Crenshaw Blvd. in Hyde Park,Urbanize LA,https://la.urbanize.city/post/65-apartments-underway-5909-s-crenshaw-blvd-hyde-park,Medium
2026-09-20,20260920-004308-4e5af134,PRJ-20260920-0016,"New Building Permits For 249 Pennsylvania Avenue, San Francisco",80,AST-20260920-008,art_fd16db75a32999cc,"New Building Permits For 249 Pennsylvania Avenue, San Francisco",https://sfyimby.com/2026/09/new-building-permits-for-249-pennsylvania-avenue-san-francisco.html,"Sat, 19 Sep 2026 12:30:26 +0000","249 Pennsylvania Avenue massing aerial view, illustration by LMS Architects By: Andrew Nelson 5:30 am on September 19, 2026 New building permits have been issued for an affordable housing infill at 249 Pennsylvania Avenue on Potrero Hill , San Francisco . The project would add 127 apartments to a vacant lot immediately next to Interstate 280. Tenderloin Neighborhood Development Corporation and Young Community Developers are jointly responsible for the project. 249 Pennsylvania Avenue site plan, ",valid,title/source/url metadata are internally consistent,Development Activity,,new_or_fresh,True,unit/site count: 127 apartments; address/street: 249 pennsylvania avenue; site/parcel signal: site; project/asset term: project,high,Approval / Entitlement,2026-09-19,2026-09-20,1,fresh_0_3d,fresh,published date parsed; article age 1 day(s),88,access_limited,"New Building Permits For 249 Pennsylvania Avenue, San Francisco","New Building Permits For 249 Pennsylvania Avenue, San Francisco",249 Pennsylvania Avenue,General submarket monitoring,Unknown,Los Angeles,San Francisco / California,Affordable Housing,Affordable Housing,,,Unknown,Unknown,Building permit signal,Unknown,2026,,,,Affordable / Density Bonus Strategy,Affordable / Density Bonus Strategy,Land / parcel referenced,Permitted,approval_watch,matched permit,85,18,Relevant to entitlement monitoring,"Track entitlement, permit, density bonus, and construction-readiness milestones","New Building Permits For 249 Pennsylvania Avenue, San Francisco",SF YIMBY,https://sfyimby.com/2026/09/new-building-permits-for-249-pennsylvania-avenue-san-francisco.html,Medium
2026-09-20,20260920-004308-4e5af134,PRJ-20260920-0018,MMCC Arranges Financing for Orange Multifamily Acquisition,100,AST-20260920-014,art_df324fd11a8bf2c5,MMCC Arranges Financing for Orange Multifamily Acquisition,https://www.connectcre.com/stories/mmcc-arranges-financing-for-orange-multifamily-acquisition/,"Thu, 10 Sep 2026 20:29:30 +0000","California CRE News In Your Inbox. Sign up for Connect emails to stay informed with CRE stories that are 150 words or less. California + Orange County + Apartments | September 10, 2026 By: Paul Bubny MMCC Arranges Financing for Orange Multifamily Acquisition Marcus & Millichap Capital Corporation (MMCC) arranged $12.6 million in financing for the acquisition of Bel Air and El Commodor Apartments, two contiguous 27-unit multifamily properties located at 315-343 S. Bedford Rd. in Orange. Rick Judg",valid,title/source/url metadata are internally consistent,Development Activity,GP / Capital Activity,repeat_penalized,True,unit/site count: 27-unit; address/street: 343 s. bedford rd; project/asset term: apartments; project financing tied to anchor: arranges financing,high,Project Financing / Capital Event,2026-09-10,2026-09-20,10,recent_4_14d,recent,published date parsed; article age 10 day(s),55,open,MMCC Arranges Financing for Orange Multifamily Acquisition,MMCC Arranges Financing for Orange Multifamily Acquisition,315-343 S. Bedford Rd,General submarket monitoring,Orange County,Los Angeles,California,Apartment,Apartment,Marcus & Millichap,Marcus & Millichap,Unknown,Unknown,Unknown,Unknown,2026,,,,General Asset Signal,General Asset Signal,Unknown site control,Unknown,excluded,transaction / capital guard: acquisition,84,31,High relevance to Woomi site strategy,"Review site details, sponsor, entitlement path, and local precedent",MMCC Arranges Financing for Orange Multifamily Acquisition,Connect CRE Orange County,https://www.connectcre.com/stories/mmcc-arranges-financing-for-orange-multifamily-acquisition/,High
2026-09-20,20260920-004308-4e5af134,PRJ-20260920-0093,Entitlement / Permitting - Los Angeles / California - L.A. County Supes approve apartments at 7914 Broadway Ave. in West Whittier,80,AST-20260920-058,art_9770a1b7f100de7f,Affordable housing completed at 1408 W. 162nd St. in South L.A.,https://la.urbanize.city/post/affordable-housing-completed-1408-w-162nd-st-south-la,"Wed, 16 Sep 2026 13:05:00 +0000","Affordable housing completed at 1408 W. 162nd St. in South L.A. | Urbanize LA Skip to main content Advertisement Advertisement Construction is complete for a new affordable housing complex at the intersection of 62nd Street and Normandie Avenue in South Los Angeles, HACLA announced this week. The Sunnyside apartments, a joint venture from Restore Neighborhoods L.A. and Holos Communities , occupies a corner lot at 1408 W. 62nd Street and 6201 S. Normandie Avenue. The roughly 6,000-square-foot pro",suspicious_duplicate,source-feed signal bleed suspected,Development Activity,GP / Capital Activity,repeat_penalized,,,,,2026-09-16,2026-09-20,4,fresh_0_3d,fresh,published date parsed; article age 4 day(s),38,access_limited,JV / Partnership - Los Angeles / California - Affordable housing completed at 1408 W. 162nd St. in South L.A.,JV / Partnership - Los Angeles / California - Affordable housing completed at 1408 W. 162nd St. in South L.A.,Los Angeles,General submarket monitoring,Los Angeles,Los Angeles,California,Affordable Housing,Affordable Housing,Unknown,Unknown,Unknown,Unknown,Unknown,Completed / opened,completed,27 apartments,,,JV / Partnership,Affordable / Density Bonus Strategy,Unknown site control,Delivered / Lease-Up,construction_delivery_watch,matched completed,84,26,Relevant to entitlement monitoring,"Track entitlement, permit, density bonus, and construction-readiness milestones",Affordable housing completed at 1408 W. 162nd St. in South L.A.,Urbanize LA,https://la.urbanize.city/post/affordable-housing-completed-1408-w-162nd-st-south-la,Medium
2026-09-20,20260920-004308-4e5af134,PRJ-20260920-0003,JLL Negotiates $21.7M Sale of Multifamily Development Site in The Bronx,100,AST-20260920-010,art_b8ce31d1c4817fc8,JLL Negotiates $21.7M Sale of Multifamily Development Site in The Bronx,https://rebusinessonline.com/jll-negotiates-21-7m-sale-of-multifamily-development-site-in-the-bronx/,2026-09-18T14:02:21Z,"Acquisitions Multifamily New York Northeast JLL Negotiates $21.7M Sale of Multifamily Development Site in The Bronx by Taylor Williams September 18, 2026 September 18, 2026 4 NEW YORK CITY — JLL has negotiated the $21.7 million sale of a 28,700-square-foot multifamily development site in The Bronx. The site at 122 Bruckner Blvd. is located within the borough’s Mott Haven neighborhood and can support 172,774 square feet of new development. Brendan Maddigan, Ethan Stanton and Mike Mazzara of JLL r",valid,title/source/url metadata are internally consistent,Development Activity,GP / Capital Activity,acceptable_repeat,True,address/street: 122 bruckner blvd; site/parcel signal: site; project/asset term: development,high,Site Acquisition / Site Control,2026-09-18,2026-09-20,2,fresh_0_3d,fresh,published date parsed; article age 2 day(s),78,open,JLL Negotiates $21.7M Sale of Multifamily Development Site in The Bronx,JLL Negotiates $21.7M Sale of Multifamily Development Site in The Bronx,122 Bruckner Blvd,General submarket monitoring,New York,New York City / New York,New York City / New York,Multifamily,Multifamily,JLL,JLL,Unknown,Unknown,Unknown,Unknown,2026,,,774 square feet,Acquisition / Site Control,Acquisition / Site Control,Site acquired,Site Controlled,site_parcel_activity,site/parcel signal with project anchor: development site,84,18,Relevant to acquisition / JV sourcing,"Review acquisition, financing, ownership, and comparable transaction details",JLL Negotiates $21.7M Sale of Multifamily Development Site in The Bronx,REBusiness Online,https://rebusinessonline.com/jll-negotiates-21-7m-sale-of-multifamily-development-site-in-the-bronx/,High
2026-09-20,20260920-004308-4e5af134,PRJ-20260920-0062,JV / Partnership - California - Harrison Street Launches New Multifamily Student Housing Partnership in San Diego Californ...,80,AST-20260920-053,art_d6976fefa8d74f7c,SoCal Family Office Snaps Up Apartments in Competitive Modesto Submarket,https://www.connectcre.com/stories/socal-family-office-snaps-up-apartments-in-competitive-modesto-submarket/,"Fri, 18 Sep 2026 20:54:57 +0000","California CRE News In Your Inbox. Sign up for Connect emails to stay informed with CRE stories that are 150 words or less. California + Central Valley + Apartments | September 18, 2026 By: Paul Bubny SoCal Family Office Snaps Up Apartments in Competitive Modesto Submarket The Mogharebi Group (TMG) represented Bay Area-based Tesseract Capital Group in the sale of The Marc at 1600, a 100-unit multifamily community located at 1600 Standiford Ave. in Modesto. The buyer was a private family office f",valid,title/source/url metadata are internally consistent,Development Activity,GP / Capital Activity,acceptable_repeat,,,,,2026-09-18,2026-09-20,2,fresh_0_3d,fresh,published date parsed; article age 2 day(s),78,open,Disposition / Exit - California - SoCal Family Office Snaps Up Apartments in Competitive Modesto Submarket,Disposition / Exit - California - SoCal Family Office Snaps Up Apartments in Competitive Modesto Submarket,California,General submarket monitoring,California,Los Angeles,California,Apartment,Apartment,Unknown,Unknown,Unknown,Unknown,Unknown,Unknown,No explicit timing reference,,$26.6 million,,Disposition / Exit,General Asset Signal,Existing asset sale,Unknown,excluded,transaction / capital guard: disposition,82,39,High relevance to Woomi site strategy,"Review site details, sponsor, entitlement path, and local precedent",SoCal Family Office Snaps Up Apartments in Competitive Modesto Submarket,Connect CRE,https://www.connectcre.com/stories/socal-family-office-snaps-up-apartments-in-competitive-modesto-submarket/,Low
2026-09-20,20260920-004308-4e5af134,PRJ-20260920-0156,General Project Signal - Miami / Florida - Developer Launches Investor Offering for 465-Unit Boynton Beach Rental Community,80,AST-20260920-069,art_0a9c1b2affb70731,Developer Launches Investor Offering for 465-Unit Boynton Beach Rental Community,https://www.connectcre.com/stories/developer-launches-investor-offering-for-465-unit-boynton-beach-rental-community/,"Thu, 17 Sep 2026 14:28:23 +0000","Florida & Gulf Coast CRE News In Your Inbox. Sign up for Connect emails to stay informed with CRE stories that are 150 words or less. Florida & Gulf Coast + South Florida + Apartments | September 17, 2026 By: Mike Boyd Developer Launches Investor Offering for 465-Unit Boynton Beach Rental Community Time Equities, Inc launched a $95.3 million tenant-in-common (“TIC”) investment offering for OCTAVIA, an eight-story, 465-unit Class A multifamily community under construction in downtown Boynton Beac",valid,title/source/url metadata are internally consistent,Development Activity,,acceptable_repeat,,,,,2026-09-17,2026-09-20,3,fresh_0_3d,fresh,published date parsed; article age 3 day(s),89,open,General Project Signal - Miami / Florida - Developer Launches Investor Offering for 465-Unit Boynton Beach Rental Community,General Project Signal - Miami / Florida - Developer Launches Investor Offering for 465-Unit Boynton Beach Rental Community,South Florida,General submarket monitoring,South Florida,Los Angeles,Unknown,Apartment,Apartment,Unknown,Unknown,Unknown,Unknown,Unknown,Unknown,No explicit timing reference,,$95.3 million; $95.3 million,,General Project Signal,General Asset Signal,Unknown site control,Unknown,construction_delivery_watch,matched development / asset strategy execution,82,33,Relevant to underwriting benchmark,Monitor asset-level signal for repeated confirmation,Developer Launches Investor Offering for 465-Unit Boynton Beach Rental Community,Connect CRE South Florida,https://www.connectcre.com/stories/developer-launches-investor-offering-for-465-unit-boynton-beach-rental-community/,Low
2026-09-20,20260920-004308-4e5af134,PRJ-20260920-0093,Entitlement / Permitting - Los Angeles / California - L.A. County Supes approve apartments at 7914 Broadway Ave. in West Whittier,80,AST-20260920-060,art_e34403b145f6afd0,Decron Buys Miracle Mile Apartments For $114M: The Los Angeles Deal Sheet,https://www.bisnow.com/news/los-angeles/deal-sheet/decron-buys-miracle-mile-apartments-114-million-los-angeles-deal-sheet,"Fri, 18 Sep 2026 18:07:35 -0400","Courtesy of Decron Properties The 5550 Wilshire complex in Miracle Mile Decron Properties acquired 5550 Wilshire, a 163-unit mixed-use residential and retail complex in Miracle Mile, for $114M. Decron acquired the property at a substantial discount to replacement cost, according to a news release. The complex holds one-to-three-bedroom apartments and townhomes and about 15K SF of retail space along the street. The acquisition is Decron’s first purchase in almost two years, but the firm said that",valid,title/source/url metadata are internally consistent,Development Activity,GP / Capital Activity,acceptable_repeat,,,,,2026-09-18,2026-09-20,2,fresh_0_3d,fresh,published date parsed; article age 2 day(s),66,access_limited,Acquisition - Los Angeles / California - Decron Buys Miracle Mile Apartments For $114M: The Los Angeles Deal Sheet,Acquisition - Los Angeles / California - Decron Buys Miracle Mile Apartments For $114M: The Los Angeles Deal Sheet,Los Angeles,General submarket monitoring,Los Angeles,Los Angeles,California,Mixed-Use Residential,Mixed-Use Residential,Unknown,Unknown,Unknown,Unknown,Unknown,Unknown,No explicit timing reference,,$114M; $114M; $114m,,Acquisition,General Asset Signal,Existing asset sale,Unknown,excluded,transaction / capital guard: acquisition,80,32,Relevant to underwriting benchmark,Monitor asset-level signal for repeated confirmation,Decron Buys Miracle Mile Apartments For $114M: The Los Angeles Deal Sheet,Bisnow,https://www.bisnow.com/news/los-angeles/deal-sheet/decron-buys-miracle-mile-apartments-114-million-los-angeles-deal-sheet,Low
2026-09-20,20260920-004308-4e5af134,PRJ-20260920-0074,Development Start - Dallas / Texas - Endura Starts Work on 324-Unit Boerne Apartment Community,80,AST-20260920-076,art_9c2abcc34357ed59,Endura Starts Work on 324-Unit Boerne Apartment Community,https://www.connectcre.com/stories/endura-starts-work-on-324-unit-boerne-apartment-community/,"Fri, 18 Sep 2026 16:46:40 +0000","Texas CRE News In Your Inbox. Sign up for Connect emails to stay informed with CRE stories that are 150 words or less. Texas + San Antonio + Apartments | September 18, 2026 By: Mike Boyd Endura Starts Work on 324-Unit Boerne Apartment Community Endura Advisory Group broke ground on The Oaks of Cibolo Creek, a 324 unit apartment complex in Boerne, Texas. The project will sit on 20 acres about 2.5 miles from the downtown area. Designed by Dallas-based UD Architects, with Franklin Construction, Ltd",valid,title/source/url metadata are internally consistent,Development Activity,Market Intelligence,acceptable_repeat,,,,,2026-09-18,2026-09-20,2,fresh_0_3d,fresh,published date parsed; article age 2 day(s),78,open,Development Start - Dallas / Texas - Endura Starts Work on 324-Unit Boerne Apartment Community,Development Start - Dallas / Texas - Endura Starts Work on 324-Unit Boerne Apartment Community,Dallas,General submarket monitoring,Dallas,Los Angeles,Unknown,Apartment,Apartment,Unknown,Unknown,Unknown,Unknown,Unknown,Construction started,broke ground,,,,Development Start,Development Start,Unknown site control,Under Construction,construction_delivery_watch,matched broke ground,79,23,Relevant to underwriting benchmark,Monitor asset-level signal for repeated confirmation,Endura Starts Work on 324-Unit Boerne Apartment Community,Connect CRE Apartments,https://www.connectcre.com/stories/endura-starts-work-on-324-unit-boerne-apartment-community/,Low
2026-09-20,20260920-004308-4e5af134,PRJ-20260920-0064,Acquisition - Colorado - Michelson Organization and 29th Street Trade Aurora Colorado Multifamily in $73M Deal,100,AST-20260920-043,art_032ddc5b82ee7d15,Michelson Organization and 29th Street Trade Aurora Colorado Multifamily in $73M Deal,https://yieldpro.com/2026/09/peakline-at-copperleaf/,"Sat, 19 Sep 2026 16:05:09 +0000","Deal boom Mountain region News Facebook Twitter Linkedin Michelson Organization has acquired Peakline at Copperleaf , a 266-unit community in Aurora, Colo., for $72.5 million, or roughly $272,556 per unit. 29th Street Capital sold the asset. Walker & Dunlop originated a $30.6 million five-year Fannie Mae loan for the transaction, the same data provider shows. Located at 4343 S. Picadilly St., the 10-building property came online in 2021 on roughly 12 acres. It sits just off Picadilly Street and ",suspicious_mismatch,title/source/url metadata are internally consistent; title and original_url slug appear to reference different articles,Development Activity,GP / Capital Activity,new_or_fresh,,,,,2026-09-19,2026-09-20,1,fresh_0_3d,fresh,published date parsed; article age 1 day(s),100,open,Acquisition - Colorado - Michelson Organization and 29th Street Trade Aurora Colorado Multifamily in $73M Deal,Acquisition - Colorado - Michelson Organization and 29th Street Trade Aurora Colorado Multifamily in $73M Deal,Colorado,General submarket monitoring,Colorado,Colorado,Unknown,Multifamily,Multifamily,Walker & Dunlop,Walker & Dunlop,Fannie Mae,Unknown,Unknown,Unknown,No explicit timing reference,,$73M; $72.5 million; $272,,Acquisition,General Asset Signal,Existing asset sale,Unknown,excluded,transaction / capital guard: acquisition,78,22,Relevant to underwriting benchmark,Monitor asset-level signal for repeated confirmation,Michelson Organization and 29th Street Trade Aurora Colorado Multifamily in $73M Deal,Yield PRO,https://yieldpro.com/2026/09/peakline-at-copperleaf/,Medium
2026-09-20,20260920-004308-4e5af134,PRJ-20260920-0062,JV / Partnership - California - Harrison Street Launches New Multifamily Student Housing Partnership in San Diego Californ...,80,AST-20260920-048,art_77f818659cee82a2,Harrison Street Launches New Multifamily Student Housing Partnership in San Diego California,https://yieldpro.com/2026/09/presidio-student-campus/,"Sat, 19 Sep 2026 15:39:46 +0000","Deal boom News Pacific region Facebook Twitter Linkedin Harrison Street Asset Management and development partner The Michaels Organization have unveiled Presidio Terrace Apartments , a $230 million, 321-unit, 700-bed on-campus student housing project being built in a public-private partnership with the University of San Diego. The community is expected to be completed by August 2029. Presidio Terrace will be located between the university’s academic center and a nearby retail corridor. It will h",valid,title/source/url metadata are internally consistent,Development Activity,GP / Capital Activity,new_or_fresh,,,,,2026-09-19,2026-09-20,1,fresh_0_3d,fresh,published date parsed; article age 1 day(s),100,open,JV / Partnership - California - Harrison Street Launches New Multifamily Student Housing Partnership in San Diego Californ...,JV / Partnership - California - Harrison Street Launches New Multifamily Student Housing Partnership in San Diego Californ...,California,University-adjacent,California,Los Angeles,California,Student Housing,Student Housing,Unknown,Unknown,Unknown,Unknown,Unknown,Completed / opened,completed,,$230 million; $230 million,,JV / Partnership,Lease-Up / Delivery,Unknown site control,Delivered / Lease-Up,construction_delivery_watch,matched completed,77,30,High relevance to Woomi site strategy,"Review site details, sponsor, entitlement path, and local precedent",Harrison Street Launches New Multifamily Student Housing Partnership in San Diego California,Yield PRO,https://yieldpro.com/2026/09/presidio-student-campus/,Low
2026-09-20,20260920-004308-4e5af134,PRJ-20260920-0013,"Zoning Permits For 2336 Dwight Way, Southside, Berkeley",80,AST-20260920-024,art_db277a8999fcd9b6,"Zoning Permits For 2336 Dwight Way, Southside, Berkeley",https://sfyimby.com/2026/09/zoning-permits-for-2336-dwight-way-southside-berkeley.html,"Fri, 18 Sep 2026 12:00:26 +0000","2336 Dwight Way, image via Google Street View By: Andrew Nelson 5:00 am on September 18, 2026 Updated plans have been published for a potential backyard apartment infill at 2336 Dwight Way in Southside , Berkeley . The recent application details a potential three-story complex with eight dwelling units behind two existing houses, significantly increasing the site’s residential capacity. Oakland -based United Land Power Inc. is listed as the property owner. 2336 Dwight Way, illustration by Sunday",valid,title/source/url metadata are internally consistent,Development Activity,,acceptable_repeat,True,address/street: 2336 dwight way; site/parcel signal: site,high,Approval / Entitlement,2026-09-18,2026-09-20,2,fresh_0_3d,fresh,published date parsed; article age 2 day(s),66,access_limited,"Zoning Permits For 2336 Dwight Way, Southside, Berkeley","Zoning Permits For 2336 Dwight Way, Southside, Berkeley",2336 Dwight Way,General submarket monitoring,Unknown,Los Angeles,Other / Unknown,Apartment,Apartment,,,Unknown,Zoning / rezoning signal,Unknown,Unknown,2026,,,,Entitlement Play,Entitlement Play,Land / parcel referenced,Entitlement / Planning,approval_watch,matched permit,77,21,Relevant to entitlement monitoring,"Track entitlement, permit, density bonus, and construction-readiness milestones","Zoning Permits For 2336 Dwight Way, Southside, Berkeley",SF YIMBY,https://sfyimby.com/2026/09/zoning-permits-for-2336-dwight-way-southside-berkeley.html,Medium
2026-09-20,20260920-004308-4e5af134,PRJ-20260920-0049,Office-to-Residential Conversion - Atlanta / Georgia - JLB Pursuing Buckhead Office-to-Apartments Conversion,80,AST-20260920-068,art_e96bfc2ddb486789,Investor Takes Over Distressed Atlanta Apartment Asset,https://www.connectcre.com/stories/investor-acquires-distressed-atlanta-apartment-asset/,"Mon, 14 Sep 2026 15:13:30 +0000","Atlanta & Southeast News In Your Inbox Sign up for Connect emails to stay informed with CRE stories that are 150 words or less. Atlanta & Southeast + Atlanta + Apartments | September 14, 2026 By: Mike Boyd Investor Takes Over Distressed Atlanta Apartment Asset Liquid Capital Real Estate Investment basically transferred ownership of a Midtown Atlanta apartment complex to Audubon Capital . Audubon picked up the remaining unpaid balance on the loan. The Crest at Midtown property was sold outright r",valid,title/source/url metadata are internally consistent,Development Activity,GP / Capital Activity,acceptable_repeat,,,,,2026-09-14,2026-09-20,6,fresh_0_3d,fresh,published date parsed; article age 6 day(s),62,open,Disposition / Exit - Atlanta / Georgia - Investor Takes Over Distressed Atlanta Apartment Asset,Disposition / Exit - Atlanta / Georgia - Investor Takes Over Distressed Atlanta Apartment Asset,Atlanta,General submarket monitoring,Atlanta,Los Angeles,Unknown,Apartment,Apartment,Unknown,Unknown,Unknown,Unknown,Unknown,Unknown,No explicit timing reference,,$85.2 million,,Disposition / Exit,Distressed / Stalled Asset,Existing asset sale,Distressed / Stalled,excluded,transaction / capital guard: disposition,76,42,Relevant to underwriting benchmark,"Monitor sponsor stress, lender exposure, and restart path",Investor Takes Over Distressed Atlanta Apartment Asset,Connect CRE Atlanta,https://www.connectcre.com/stories/investor-acquires-distressed-atlanta-apartment-asset/,Low
2026-09-20,20260920-004308-4e5af134,PRJ-20260920-0136,Office-to-Residential Conversion - Other / Unknown - Partnership Begins Leasing 27-Story Apartment Building in Jersey City,100,AST-20260920-054,art_8fe47c2428df383f,Partnership Begins Leasing 27-Story Apartment Building in Jersey City,https://rebusinessonline.com/partnership-begins-leasing-27-story-apartment-building-in-jersey-city/,2026-09-18T14:17:07Z,"Leasing of Hudson House West launched over the summer, at which time rents started at roughly $2,700 per month for a studio apartment. Development Multifamily New Jersey Northeast Partnership Begins Leasing 27-Story Apartment Building in Jersey City by Taylor Williams September 18, 2026 September 18, 2026 4 JERSEY CITY, N.J. — A partnership between RXR, Columbia Property Trust, Strategic Value Partners LLC and One Investment Management has begun leasing Hudson House West, a 27-story apartment bu",valid,title/source/url metadata are internally consistent,Development Activity,GP / Capital Activity,acceptable_repeat,,,,,2026-09-18,2026-09-20,2,fresh_0_3d,fresh,published date parsed; article age 2 day(s),78,open,Office-to-Residential Conversion - Other / Unknown - Partnership Begins Leasing 27-Story Apartment Building in Jersey City,Office-to-Residential Conversion - Other / Unknown - Partnership Begins Leasing 27-Story Apartment Building in Jersey City,Unknown,Office conversion corridor,Unknown,Other / Unknown,Unknown,Office-to-Residential Conversion,Office-to-Residential,RXR,RXR,Unknown,Unknown,Unknown,Unknown,No explicit timing reference,829 units,$2; $2; $2,,Office-to-Residential Conversion,Office-to-Residential Conversion,Unknown site control,Unknown,construction_delivery_watch,matched begins leasing,76,33,Relevant to underwriting benchmark,Monitor office conversion feasibility and policy support,Partnership Begins Leasing 27-Story Apartment Building in Jersey City,REBusiness Online,https://rebusinessonline.com/partnership-begins-leasing-27-story-apartment-building-in-jersey-city/,High
2026-09-20,20260920-004308-4e5af134,PRJ-20260920-0007,Morgan Properties Acquires New Ohio Multifamily Apartment Community,80,AST-20260920-011,art_76d499902a9a3e15,Morgan Properties Acquires New Ohio Multifamily Apartment Community,https://yieldpro.com/2026/09/1260-seward/,"Fri, 18 Sep 2026 17:49:18 +0000","Deal boom News Facebook Twitter Linkedin Morgan Properties has purchased Buckstone Flats , a 288-unit community in Obetz, Ohio, from JBM Development. Newmark issued a $42.6 million acquisition loan bearing a 5.24 percent interest rate and scheduled to mature in September 2033. This is the first time the property has changed hands since JBM Development delivered it in 2024. The community comprises 14 three-story buildings across a 14-acre site at 1260 Seward Drive. The community offers 36 one-bed",valid,title/source/url metadata are internally consistent,Development Activity,GP / Capital Activity,acceptable_repeat,True,unit/site count: 288-unit; address/street: 1260 seward drive; execution milestone: delivered; site/parcel signal: site; project/asset term: development,high,Delivery / Opening,2026-09-18,2026-09-20,2,fresh_0_3d,fresh,published date parsed; article age 2 day(s),78,open,Morgan Properties Acquires New Ohio Multifamily Apartment Community,Morgan Properties Acquires New Ohio Multifamily Apartment Community,1260 Seward Drive,General submarket monitoring,Unknown,Los Angeles,Other / Unknown,Apartment,Apartment,Unknown,Unknown,Unknown,Unknown,Unknown,Unknown,in 2024,,,,General Asset Signal,General Asset Signal,Site acquired,Delivered / Lease-Up,excluded,transaction / capital guard: acquisition,75,26,Relevant to underwriting benchmark,Monitor asset-level signal for repeated confirmation,Morgan Properties Acquires New Ohio Multifamily Apartment Community,Yield PRO,https://yieldpro.com/2026/09/1260-seward/,Medium
2026-09-20,20260920-004308-4e5af134,PRJ-20260920-0033,Affordable housing completed at 1408 W. 162nd St. in South L.A.,80,AST-20260920-007,art_9770a1b7f100de7f,Affordable housing completed at 1408 W. 162nd St. in South L.A.,https://la.urbanize.city/post/affordable-housing-completed-1408-w-162nd-st-south-la,"Wed, 16 Sep 2026 13:05:00 +0000","Affordable housing completed at 1408 W. 162nd St. in South L.A. | Urbanize LA Skip to main content Advertisement Advertisement Construction is complete for a new affordable housing complex at the intersection of 62nd Street and Normandie Avenue in South Los Angeles, HACLA announced this week. The Sunnyside apartments, a joint venture from Restore Neighborhoods L.A. and Holos Communities , occupies a corner lot at 1408 W. 62nd Street and 6201 S. Normandie Avenue. The roughly 6,000-square-foot pro",suspicious_duplicate,source-feed signal bleed suspected,Development Activity,GP / Capital Activity,repeat_penalized,True,address/street: 1408 w. 162nd st; project/asset term: apartments,high,Project / Asset,2026-09-16,2026-09-20,4,fresh_0_3d,fresh,published date parsed; article age 4 day(s),38,access_limited,Affordable housing completed at 1408 W. 162nd St. in South L.A.,Affordable housing completed at 1408 W. 162nd St. in South L.A.,6201 S. Normandie Avenue,General submarket monitoring,Los Angeles,Los Angeles,Los Angeles / California,Affordable Housing,Affordable Housing,,,Unknown,Unknown,Unknown,Completed / opened,No explicit timing reference,,,,Affordable / Density Bonus Strategy,Affordable / Density Bonus Strategy,Unknown site control,Delivered / Lease-Up,construction_delivery_watch,matched completed,75,18,Relevant to entitlement monitoring,"Track entitlement, permit, density bonus, and construction-readiness milestones",Affordable housing completed at 1408 W. 162nd St. in South L.A.,Urbanize LA,https://la.urbanize.city/post/affordable-housing-completed-1408-w-162nd-st-south-la,Medium
2026-09-20,20260920-004308-4e5af134,PRJ-20260920-0005,Affordable housing proposed at 12508 W. Pacific Ave. in Mar Vista,80,AST-20260920-004,art_53e9a5b7b11c4e1f,Affordable housing proposed at 12508 W. Pacific Ave. in Mar Vista,https://la.urbanize.city/post/affordable-housing-proposed-12508-w-pacific-ave-mar-vista,"Thu, 17 Sep 2026 13:10:00 +0000","Affordable housing proposed at 12508 W. Pacific Ave. in Mar Vista | Urbanize LA Skip to main content Advertisement Advertisement HVN Development is cooking up plans for more affordable housing in Mar Vista , per a recent application to the Los Angeles Department of City Planning. The company's latest project, set to replace a triplex at 12508 W. Pacific Avenue, calls for the new construction of a seven-story building featuring 60 one-bedroom apartments without on-site parking. 12508 W. Pacific A",valid,title/source/url metadata are internally consistent,Development Activity,Market Intelligence,acceptable_repeat,True,address/street: 12508 w. pacific ave; execution milestone: proposed; site/parcel signal: site; project/asset term: project,high,Approval / Entitlement,2026-09-17,2026-09-20,3,fresh_0_3d,fresh,published date parsed; article age 3 day(s),62,access_limited,Affordable housing proposed at 12508 W. Pacific Ave. in Mar Vista,Affordable housing proposed at 12508 W. Pacific Ave. in Mar Vista,12508 W. Pacific Ave,General submarket monitoring,Los Angeles,Los Angeles,Los Angeles / California,Affordable Housing,Affordable Housing,,,Unknown,Unknown,Unknown,Unknown,No explicit timing reference,,,,Affordable / Density Bonus Strategy,Affordable / Density Bonus Strategy,Land / parcel referenced,Site Search / Early Signal,approval_watch,matched proposed,75,18,Relevant to entitlement monitoring,"Track entitlement, permit, density bonus, and construction-readiness milestones",Affordable housing proposed at 12508 W. Pacific Ave. in Mar Vista,Urbanize LA,https://la.urbanize.city/post/affordable-housing-proposed-12508-w-pacific-ave-mar-vista,Medium
2026-09-20,20260920-004308-4e5af134,PRJ-20260920-0020,Apartments slated for 3648 S. Empire Dr. in Palms,80,AST-20260920-006,art_9643a4da052ac4ef,Apartments slated for 3648 S. Empire Dr. in Palms,https://la.urbanize.city/post/apartments-slated-3648-s-empire-dr-palms,"Wed, 16 Sep 2026 13:10:00 +0000","Apartments slated for 3648 S. Empire Dr. in Palms | Urbanize LA Skip to main content Advertisement Advertisement Four existing homes in Palms are set to give way to a multifamily residential development, according to an application filed recently with the Los Angeles Department of City Planning. The proposed project, filed by an entity associated with Hinterland Projects , would rise at 3648 S. Empire Drive. Plans call for the construction of a seven-story building featuring 33 studio, one-, two",valid,title/source/url metadata are internally consistent,Development Activity,,repeat_penalized,True,address/street: 3648 s. empire dr; execution milestone: proposed; project/asset term: project,high,Approval / Entitlement,2026-09-16,2026-09-20,4,fresh_0_3d,fresh,published date parsed; article age 4 day(s),58,access_limited,Apartments slated for 3648 S. Empire Dr. in Palms,Apartments slated for 3648 S. Empire Dr. in Palms,3648 S. Empire Dr,General submarket monitoring,Los Angeles,Los Angeles,Los Angeles / California,Apartment,Apartment,,,Unknown,Unknown,Unknown,Unknown,No explicit timing reference,,,,Entitlement Play,Entitlement Play,Land / parcel referenced,Site Search / Early Signal,approval_watch,matched proposed,75,18,Relevant to entitlement monitoring,"Track entitlement, permit, density bonus, and construction-readiness milestones",Apartments slated for 3648 S. Empire Dr. in Palms,Urbanize LA,https://la.urbanize.city/post/apartments-slated-3648-s-empire-dr-palms,Medium
2026-09-20,20260920-004308-4e5af134,PRJ-20260920-0037,L.A. County Supes approve apartments at 7914 Broadway Ave. in West Whittier,80,AST-20260920-005,art_43aa3dd6ac3b7ab2,L.A. County Supes approve apartments at 7914 Broadway Ave. in West Whittier,https://la.urbanize.city/post/la-county-supes-approve-apartments-7914-broadway-ave-west-whittier,"Thu, 17 Sep 2026 13:05:00 +0000","L.A. County Supes approve apartments at 7914 Broadway Ave. in West Whittier | Urbanize LA Skip to main content Advertisement Advertisement The Los Angeles County Board of Supervisors has voted to approve a zone change and other discretionary entitlements to permit the construction of a new multifamily residential development in unincorporated West Whittier. The project, proposed by property owner Marisela Garcia, would rise from a site just north of Washington Boulevard at 7914 Broadway Avenue. ",valid,title/source/url metadata are internally consistent,Development Activity,,acceptable_repeat,True,address/street: 7914 broadway ave; execution milestone: proposed; site/parcel signal: site; project/asset term: project,high,Approval / Entitlement,2026-09-17,2026-09-20,3,fresh_0_3d,fresh,published date parsed; article age 3 day(s),62,access_limited,L.A. County Supes approve apartments at 7914 Broadway Ave. in West Whittier,L.A. County Supes approve apartments at 7914 Broadway Ave. in West Whittier,7914 Broadway Ave,General submarket monitoring,Los Angeles,Los Angeles,Los Angeles / California,Affordable Housing,Affordable Housing,,,Unknown,Unknown,Unknown,Unknown,No explicit timing reference,,,,Entitlement Play,Entitlement Play,Land / parcel referenced,Site Search / Early Signal,approval_watch,matched permit,75,18,Relevant to entitlement monitoring,"Track entitlement, permit, density bonus, and construction-readiness milestones",L.A. County Supes approve apartments at 7914 Broadway Ave. in West Whittier,Urbanize LA,https://la.urbanize.city/post/la-county-supes-approve-apartments-7914-broadway-ave-west-whittier,Medium
2026-09-20,20260920-004308-4e5af134,PRJ-20260920-0011,Sares Regis Trades Henderson Rental Asset for $41M,80,AST-20260920-012,art_04f1de779646fd2d,Sares Regis Trades Henderson Rental Asset for $41M,https://www.connectcre.com/stories/sares-regis-trades-henderson-rental-asset-for-41m/,"Fri, 18 Sep 2026 16:22:24 +0000","Phoenix & Southwest CRE News In Your Inbox. Sign up for Connect emails to stay informed with CRE stories that are 150 words or less. Phoenix & Southwest + Las Vegas + Apartments | September 18, 2026 By: Mike Boyd Sares Regis Trades Henderson Rental Asset for $41M Authentic Capital Group acquired Miro at the Parc, a 164-unit multifamily community located at 1651 American Pacific Dr in Henderson, NV, in a $41 million transaction. Newmark’s Jonathan Merhaut and Curt Allsop arranged the sale on beha",valid,title/source/url metadata are internally consistent,Development Activity,GP / Capital Activity,acceptable_repeat,True,unit/site count: 164-unit; address/street: 1651 american pacific dr; project/asset term: community,high,Project / Asset,2026-09-18,2026-09-20,2,fresh_0_3d,fresh,published date parsed; article age 2 day(s),78,open,Sares Regis Trades Henderson Rental Asset for $41M,Sares Regis Trades Henderson Rental Asset for $41M,1651 American Pacific Dr,General submarket monitoring,Phoenix,Los Angeles,Phoenix / Arizona,Apartment,Apartment,Unknown,Unknown,Unknown,Unknown,Unknown,Unknown,2026,,,,General Asset Signal,General Asset Signal,Site acquired,Unknown,excluded,transaction / capital guard: sale,74,34,Relevant to underwriting benchmark,Monitor asset-level signal for repeated confirmation,Sares Regis Trades Henderson Rental Asset for $41M,Connect CRE Apartments,https://www.connectcre.com/stories/sares-regis-trades-henderson-rental-asset-for-41m/,Medium
2026-09-20,20260920-004308-4e5af134,PRJ-20260920-0014,"Entitlement / Permitting - Other / Unknown - Zoning Permits For 2336 Dwight Way, Southside, Berkeley",80,AST-20260920-086,art_db277a8999fcd9b6,"Zoning Permits For 2336 Dwight Way, Southside, Berkeley",https://sfyimby.com/2026/09/zoning-permits-for-2336-dwight-way-southside-berkeley.html,"Fri, 18 Sep 2026 12:00:26 +0000","2336 Dwight Way, image via Google Street View By: Andrew Nelson 5:00 am on September 18, 2026 Updated plans have been published for a potential backyard apartment infill at 2336 Dwight Way in Southside , Berkeley . The recent application details a potential three-story complex with eight dwelling units behind two existing houses, significantly increasing the site’s residential capacity. Oakland -based United Land Power Inc. is listed as the property owner. 2336 Dwight Way, illustration by Sunday",valid,title/source/url metadata are internally consistent,Development Activity,,acceptable_repeat,,,,,2026-09-18,2026-09-20,2,fresh_0_3d,fresh,published date parsed; article age 2 day(s),66,access_limited,"Entitlement / Permitting - Other / Unknown - Zoning Permits For 2336 Dwight Way, Southside, Berkeley","Entitlement / Permitting - Other / Unknown - Zoning Permits For 2336 Dwight Way, Southside, Berkeley",2336 Dwight Way,General submarket monitoring,Unknown,Other / Unknown,Unknown,Apartment,Apartment,Unknown,Unknown,Unknown,Zoning / rezoning signal,Unknown,Unknown,No explicit timing reference,,,,Entitlement / Permitting,Entitlement Play,Project under entitlement,Entitlement / Planning,approval_watch,matched permit,74,29,Relevant to entitlement monitoring,"Track entitlement, permit, density bonus, and construction-readiness milestones","Zoning Permits For 2336 Dwight Way, Southside, Berkeley",SF YIMBY,https://sfyimby.com/2026/09/zoning-permits-for-2336-dwight-way-southside-berkeley.html,Medium
2026-09-20,20260920-004308-4e5af134,PRJ-20260920-0028,"Construction Nearly Topped Out For 486 West San Carlos Street, San Jose",80,AST-20260920-016,art_e559976fdc9a8b5f,"Construction Nearly Topped Out For 486 West San Carlos Street, San Jose",https://sfyimby.com/2026/09/construction-nearly-topped-out-for-486-west-san-carlos-street-san-jose.html,"Fri, 18 Sep 2026 12:30:21 +0000","486 West San Carlos Street, image by author By: Andrew Nelson 5:30 am on September 18, 2026 Construction crews have nearly topped out Aquino, the eight-story apartment complex at 486 West San Carlos Street in San Jose , Santa Clara County . Once complete, the project will add 278 new apartments just a couple of blocks away from Discovery Meadow in Downtown San Jose . Urban Catalyst is the project developer. Swenson Builders is the general contractor responsible for building the project. The stru",valid,title/source/url metadata are internally consistent,Development Activity,,acceptable_repeat,True,address/street: 486 west san carlos street; project/asset term: project,high,Project / Asset,2026-09-18,2026-09-20,2,fresh_0_3d,fresh,published date parsed; article age 2 day(s),66,access_limited,"Construction Nearly Topped Out For 486 West San Carlos Street, San Jose","Construction Nearly Topped Out For 486 West San Carlos Street, San Jose",486 West San Carlos Street,Downtown infill,Unknown,Los Angeles,California,Apartment,Apartment,,,Unknown,Unknown,Unknown,Unknown,2026,,,,General Asset Signal,General Asset Signal,Unknown site control,Unknown,construction_delivery_watch,matched topped out,73,31,High relevance to Woomi site strategy,"Review site details, sponsor, entitlement path, and local precedent","Construction Nearly Topped Out For 486 West San Carlos Street, San Jose",SF YIMBY,https://sfyimby.com/2026/09/construction-nearly-topped-out-for-486-west-san-carlos-street-san-jose.html,Medium
2026-09-20,20260920-004308-4e5af134,PRJ-20260920-0008,SoCal Family Office Snaps Up Apartments in Competitive Modesto Submarket,100,AST-20260920-015,art_d6976fefa8d74f7c,SoCal Family Office Snaps Up Apartments in Competitive Modesto Submarket,https://www.connectcre.com/stories/socal-family-office-snaps-up-apartments-in-competitive-modesto-submarket/,"Fri, 18 Sep 2026 20:54:57 +0000","California CRE News In Your Inbox. Sign up for Connect emails to stay informed with CRE stories that are 150 words or less. California + Central Valley + Apartments | September 18, 2026 By: Paul Bubny SoCal Family Office Snaps Up Apartments in Competitive Modesto Submarket The Mogharebi Group (TMG) represented Bay Area-based Tesseract Capital Group in the sale of The Marc at 1600, a 100-unit multifamily community located at 1600 Standiford Ave. in Modesto. The buyer was a private family office f",valid,title/source/url metadata are internally consistent,Development Activity,GP / Capital Activity,acceptable_repeat,True,unit/site count: 100-unit; address/street: 1600 standiford ave; project/asset term: community,high,Project / Asset,2026-09-18,2026-09-20,2,fresh_0_3d,fresh,published date parsed; article age 2 day(s),78,open,SoCal Family Office Snaps Up Apartments in Competitive Modesto Submarket,SoCal Family Office Snaps Up Apartments in Competitive Modesto Submarket,1600 Standiford Ave,General submarket monitoring,Unknown,Los Angeles,California,Apartment,Apartment,Competitive Modesto Submarket The Mogharebi Group,Competitive Modesto Submarket The Mogharebi Group,Unknown,Unknown,Unknown,Unknown,2026,,,,General Asset Signal,General Asset Signal,Existing asset sale,Unknown,excluded,transaction / capital guard: sale,73,31,High relevance to Woomi site strategy,"Review site details, sponsor, entitlement path, and local precedent",SoCal Family Office Snaps Up Apartments in Competitive Modesto Submarket,Connect CRE,https://www.connectcre.com/stories/socal-family-office-snaps-up-apartments-in-competitive-modesto-submarket/,Medium
2026-09-20,20260920-004308-4e5af134,PRJ-20260920-0075,JV / Partnership - Georgia - JLL Arranges $154.1M in Financing for Six-Property Retail Portfolio Spanning Three States,100,AST-20260920-050,art_6e27502fd9d525e9,JLL Arranges $154.1M in Financing for Six-Property Retail Portfolio Spanning Three States,https://rebusinessonline.com/jll-arranges-154-1m-in-financing-for-six-property-retail-portfolio-spanning-three-states/,2026-09-18T13:19:19Z,"The Kimco Realty six-property retail portfolio includes four properties in California, one in Georgia and one in Arizona. Arizona California Georgia Loans Retail Western JLL Arranges $154.1M in Financing for Six-Property Retail Portfolio Spanning Three States by Amy Works September 18, 2026 September 18, 2026 7 CALIFORNIA — JLL has arranged $154.1 million in financing for a six-property, 1.3 million-square-foot retail portfolio spanning California, Arizona and Georgia. Chris Drew, John Marshall,",valid,title/source/url metadata are internally consistent,GP / Capital Activity,,acceptable_repeat,,,,,2026-09-18,2026-09-20,2,fresh_0_3d,fresh,published date parsed; article age 2 day(s),78,open,JV / Partnership - Georgia - JLL Arranges $154.1M in Financing for Six-Property Retail Portfolio Spanning Three States,JV / Partnership - Georgia - JLL Arranges $154.1M in Financing for Six-Property Retail Portfolio Spanning Three States,Georgia,General submarket monitoring,Georgia,Georgia,California,General Residential,Unknown Residential,JLL,JLL,JLL,Unknown,Unknown,Unknown,No explicit timing reference,,$154.1M; $154.1M; $154.1 million,,JV / Partnership,General Asset Signal,Unknown site control,Unknown,excluded,transaction / capital guard: financing,73,20,Relevant to underwriting benchmark,Monitor asset-level signal for repeated confirmation,JLL Arranges $154.1M in Financing for Six-Property Retail Portfolio Spanning Three States,REBusiness Online,https://rebusinessonline.com/jll-arranges-154-1m-in-financing-for-six-property-retail-portfolio-spanning-three-states/,Medium
2026-09-20,20260920-004308-4e5af134,PRJ-20260920-0104,Refinancing - Miami / Florida - Benmark Capital Provides $38M Loan for Refinancing of Workforce Housing Portfolio in Pater...,80,AST-20260920-044,art_8c6c0f7dab06ffa9,"Benmark Capital Provides $38M Loan for Refinancing of Workforce Housing Portfolio in Paterson, New Jersey",https://rebusinessonline.com/benmark-capital-provides-38m-loan-for-refinancing-of-workforce-housing-portfolio-in-paterson-new-jersey/,2026-09-18T14:08:28Z,"Affordable Housing Loans Multifamily New Jersey Northeast Benmark Capital Provides $38M Loan for Refinancing of Workforce Housing Portfolio in Paterson, New Jersey by Taylor Williams September 18, 2026 September 18, 2026 5 PATERSON, N.J. — Benmark Capital, a private equity firm with offices in Miami and New Jersey, has provided a $38 million loan for the refinancing of a portfolio of two workforce housing buildings totaling 203 units in the Northern New Jersey community of Paterson. The building",valid,title/source/url metadata are internally consistent,Development Activity,GP / Capital Activity,acceptable_repeat,,,,,2026-09-18,2026-09-20,2,fresh_0_3d,fresh,published date parsed; article age 2 day(s),78,open,Refinancing - Miami / Florida - Benmark Capital Provides $38M Loan for Refinancing of Workforce Housing Portfolio in Pater...,Refinancing - Miami / Florida - Benmark Capital Provides $38M Loan for Refinancing of Workforce Housing Portfolio in Pater...,Miami,General submarket monitoring,Miami,Miami / Florida,Unknown,Affordable Housing,Affordable Housing,Unknown,Unknown,Unknown,Unknown,Unknown,Unknown,No explicit timing reference,203 units,$38M; $38M; $38 million,,Refinancing,Refinancing / Recapitalization,Existing asset refinance,Unknown,excluded,transaction / capital guard: refinancing,72,56,Relevant to acquisition / JV sourcing,"Review acquisition, financing, ownership, and comparable transaction details","Benmark Capital Provides $38M Loan for Refinancing of Workforce Housing Portfolio in Paterson, New Jersey",REBusiness Online,https://rebusinessonline.com/benmark-capital-provides-38m-loan-for-refinancing-of-workforce-housing-portfolio-in-paterson-new-jersey/,Medium
2026-09-20,20260920-004308-4e5af134,PRJ-20260920-0145,General Project Signal - Phoenix / Arizona - Mesa Expected to Okay $3B Legacy Park Project,80,AST-20260920-046,art_04f1de779646fd2d,Sares Regis Trades Henderson Rental Asset for $41M,https://www.connectcre.com/stories/sares-regis-trades-henderson-rental-asset-for-41m/,"Fri, 18 Sep 2026 16:22:24 +0000","Phoenix & Southwest CRE News In Your Inbox. Sign up for Connect emails to stay informed with CRE stories that are 150 words or less. Phoenix & Southwest + Las Vegas + Apartments | September 18, 2026 By: Mike Boyd Sares Regis Trades Henderson Rental Asset for $41M Authentic Capital Group acquired Miro at the Parc, a 164-unit multifamily community located at 1651 American Pacific Dr in Henderson, NV, in a $41 million transaction. Newmark’s Jonathan Merhaut and Curt Allsop arranged the sale on beha",valid,title/source/url metadata are internally consistent,Development Activity,GP / Capital Activity,acceptable_repeat,,,,,2026-09-18,2026-09-20,2,fresh_0_3d,fresh,published date parsed; article age 2 day(s),78,open,Acquisition - Phoenix / Arizona - Sares Regis Trades Henderson Rental Asset for $41M,Acquisition - Phoenix / Arizona - Sares Regis Trades Henderson Rental Asset for $41M,Phoenix,General submarket monitoring,Phoenix,Phoenix / Arizona,Unknown,Apartment,Apartment,Unknown,Unknown,Unknown,Unknown,Unknown,Unknown,No explicit timing reference,,$41M; $41M; $41 million,,Acquisition,General Asset Signal,Existing asset sale,Unknown,excluded,transaction / capital guard: acquisition,72,34,Relevant to underwriting benchmark,Monitor asset-level signal for repeated confirmation,Sares Regis Trades Henderson Rental Asset for $41M,Connect CRE Apartments,https://www.connectcre.com/stories/sares-regis-trades-henderson-rental-asset-for-41m/,Low
2026-09-20,20260920-004308-4e5af134,PRJ-20260920-0049,Office-to-Residential Conversion - Atlanta / Georgia - JLB Pursuing Buckhead Office-to-Apartments Conversion,80,AST-20260920-072,art_756dc1d67e87be56,Passco Offloads Buckhead Rental Asset for $87.5M,https://www.connectcre.com/stories/passco-offloads-buckhead-rental-asset-for-87-5m/,"Tue, 08 Sep 2026 14:37:42 +0000","Atlanta & Southeast News In Your Inbox Sign up for Connect emails to stay informed with CRE stories that are 150 words or less. Atlanta & Southeast + Atlanta + Apartments | September 8, 2026 By: Mike Boyd Passco Offloads Buckhead Rental Asset for $87.5M ORIX Corporation USA purchased The Kendrick, a 423-unit multifamily property, for $87.5 million. Built in 1998, the garden-style multifamily community is located in Atlanta’s Buckhead neighborhood, near major employment, retail and entertainment ",valid,title/source/url metadata are internally consistent,Development Activity,GP / Capital Activity,repeat_penalized,,,,,2026-09-08,2026-09-20,12,recent_4_14d,recent,published date parsed; article age 12 day(s),55,open,Acquisition - Atlanta / Georgia - Passco Offloads Buckhead Rental Asset for $87.5M,Acquisition - Atlanta / Georgia - Passco Offloads Buckhead Rental Asset for $87.5M,Atlanta,General submarket monitoring,Atlanta,Los Angeles,Unknown,Apartment,Apartment,Unknown,Unknown,Unknown,Unknown,Unknown,Unknown,No explicit timing reference,,$87.5M; $87.5M; $87.5 million,,Acquisition,General Asset Signal,Existing asset sale,Unknown,excluded,transaction / capital guard: acquisition,72,27,Relevant to underwriting benchmark,Monitor asset-level signal for repeated confirmation,Passco Offloads Buckhead Rental Asset for $87.5M,Connect CRE Atlanta,https://www.connectcre.com/stories/passco-offloads-buckhead-rental-asset-for-87-5m/,Low
2026-09-20,20260920-004308-4e5af134,PRJ-20260920-0138,Disposition / Exit - Other / Unknown - Dakota Pointe Sells for $15.3M as Private Capital Targets Stabilized Midwest Multifamily,80,AST-20260920-063,art_76d499902a9a3e15,Morgan Properties Acquires New Ohio Multifamily Apartment Community,https://yieldpro.com/2026/09/1260-seward/,"Fri, 18 Sep 2026 17:49:18 +0000","Deal boom News Facebook Twitter Linkedin Morgan Properties has purchased Buckstone Flats , a 288-unit community in Obetz, Ohio, from JBM Development. Newmark issued a $42.6 million acquisition loan bearing a 5.24 percent interest rate and scheduled to mature in September 2033. This is the first time the property has changed hands since JBM Development delivered it in 2024. The community comprises 14 three-story buildings across a 14-acre site at 1260 Seward Drive. The community offers 36 one-bed",valid,title/source/url metadata are internally consistent,Development Activity,GP / Capital Activity,acceptable_repeat,,,,,2026-09-18,2026-09-20,2,fresh_0_3d,fresh,published date parsed; article age 2 day(s),78,open,Acquisition - Other / Unknown - Morgan Properties Acquires New Ohio Multifamily Apartment Community,Acquisition - Other / Unknown - Morgan Properties Acquires New Ohio Multifamily Apartment Community,Unknown,General submarket monitoring,Unknown,Other / Unknown,Unknown,Apartment,Apartment,Unknown,Unknown,Unknown,Unknown,Unknown,Unknown,No explicit timing reference,,$42.6 million; $42.6 million,,Acquisition,General Asset Signal,Existing asset sale,Unknown,excluded,transaction / capital guard: acquisition,71,34,Relevant to underwriting benchmark,Monitor asset-level signal for repeated confirmation,Morgan Properties Acquires New Ohio Multifamily Apartment Community,Yield PRO,https://yieldpro.com/2026/09/1260-seward/,Low
2026-09-20,20260920-004308-4e5af134,PRJ-20260920-0012,Developer Pays $7M For Planned Old Town Conversion: The D.C. Deal Sheet,80,AST-20260920-018,art_ed9f9a585e49f02b,Developer Pays $7M For Planned Old Town Conversion: The D.C. Deal Sheet,https://www.bisnow.com/news/washington-dc/deal-sheet/developer-buys-planned-old-town-alexandria-conversion-dc-deal-sheet,"Fri, 18 Sep 2026 15:07:34 -0400","An Arlington-based developer is taking the reins of an already approved office-to-residential conversion in Old Town Alexandria after acquiring it last month. Google Maps The office building at 2051 Jamieson Ave. in Old Town Alexandria Insight Property Group plans to convert the 147K SF, six-story building at 2051 Jamieson Ave. into around 180 units, Tim White, the company’s principal and chief investment officer, told Bisnow in an email after announcing the news on LinkedIn earlier this week. T",valid,title/source/url metadata are internally consistent,Development Activity,GP / Capital Activity,acceptable_repeat,True,unit/site count: 180 units; address/street: 2051 jamieson ave,high,Project / Asset,2026-09-18,2026-09-20,2,fresh_0_3d,fresh,published date parsed; article age 2 day(s),66,access_limited,Developer Pays $7M For Planned Old Town Conversion: The D.C. Deal Sheet,Developer Pays $7M For Planned Old Town Conversion: The D.C. Deal Sheet,2051 Jamieson Ave,Office conversion corridor,Unknown,Los Angeles,Other / Unknown,Office-to-Residential Conversion,Office-to-Residential Conversion,Unknown,Unknown,Unknown,Unknown,Unknown,Unknown,2051,,,,Office-to-Residential Conversion,Office-to-Residential Conversion,Unknown site control,Unknown,approval_watch,matched approved,70,41,Relevant to underwriting benchmark,Monitor office conversion feasibility and policy support,Developer Pays $7M For Planned Old Town Conversion: The D.C. Deal Sheet,Bisnow,https://www.bisnow.com/news/washington-dc/deal-sheet/developer-buys-planned-old-town-alexandria-conversion-dc-deal-sheet,Medium
2026-09-20,20260920-004308-4e5af134,PRJ-20260920-0161,Acquisition - Texas - ECA Acquires 20-Property Texas Multifamily Portfolio,80,AST-20260920-059,art_8a2ec1ec9316ae39,ECA Acquires 20-Property Texas Multifamily Portfolio,https://www.connectcre.com/stories/eca-acquires-20-property-texas-multifamily-portfolio/,"Fri, 18 Sep 2026 15:30:31 +0000","Texas CRE News In Your Inbox. Sign up for Connect emails to stay informed with CRE stories that are 150 words or less. Texas + Apartments | September 18, 2026 By: Mike Boyd ECA Acquires 20-Property Texas Multifamily Portfolio Elowen Capital structured and sourced $101 million in total capitalization for ECA’s acquisition of a 20-property, 1,576-unit multifamily portfolio spanning 13 cities across Texas. The capitalization combines $94.2 million in senior and stretch senior bridge debt across two",valid,title/source/url metadata are internally consistent,Development Activity,GP / Capital Activity,acceptable_repeat,,,,,2026-09-18,2026-09-20,2,fresh_0_3d,fresh,published date parsed; article age 2 day(s),78,open,Acquisition - Texas - ECA Acquires 20-Property Texas Multifamily Portfolio,Acquisition - Texas - ECA Acquires 20-Property Texas Multifamily Portfolio,Texas,General submarket monitoring,Texas,Texas,Texas,Apartment,Apartment,Unknown,Unknown,Unknown,Unknown,Unknown,Unknown,No explicit timing reference,,$101 million; $94.2 million; $101 million,,Acquisition,General Asset Signal,Existing asset sale,Unknown,excluded,transaction / capital guard: acquisition,70,33,Relevant to underwriting benchmark,Monitor asset-level signal for repeated confirmation,ECA Acquires 20-Property Texas Multifamily Portfolio,Connect CRE Texas,https://www.connectcre.com/stories/eca-acquires-20-property-texas-multifamily-portfolio/,Low
2026-09-20,20260920-004308-4e5af134,PRJ-20260920-0163,General Project Signal - National - Multifamily starts plummeted nearly 16% in August,80,AST-20260920-077,art_aa40dff8fe94078a,Multifamily starts plummeted nearly 16% in August,https://www.multifamilydive.com/news/multifamily-starts-apartment-construction-august/830679/,"Thu, 17 Sep 2026 16:30:00 -0400","An article from Multifamily starts plummeted nearly 16% in August The number of new apartments coming online also fell dramatically from the same period last year, per HUD and the U.S. Census Bureau. Published Sept. 17, 2026 Julie Strupp Senior Editor Share Copy link Email LinkedIn X/Twitter Facebook Print License Add us on Google Construction continues on a mixed-use apartment complex that will hold more than 700 units of housing and 95,000 square feet of commercial space on August 20, 2024, in",valid,title/source/url metadata are internally consistent,Development Activity,Market Intelligence,acceptable_repeat,,,,,2026-09-17,2026-09-20,3,fresh_0_3d,fresh,published date parsed; article age 3 day(s),74,open,General Project Signal - National - Multifamily starts plummeted nearly 16% in August,General Project Signal - National - Multifamily starts plummeted nearly 16% in August,U.S.,General submarket monitoring,U.S.,National,Unknown,Mixed-Use Residential,Mixed-Use Residential,Unknown,Unknown,Unknown,Unknown,Unknown,Unknown,No explicit timing reference,700 units,,,General Project Signal,General Asset Signal,Unknown site control,Unknown,construction_delivery_watch,matched development / asset strategy execution,70,33,Relevant to underwriting benchmark,Monitor asset-level signal for repeated confirmation,Multifamily starts plummeted nearly 16% in August,Multifamily Dive,https://www.multifamilydive.com/news/multifamily-starts-apartment-construction-august/830679/,Medium
2026-09-20,20260920-004308-4e5af134,PRJ-20260920-0035,"Whittier Comstock Acquires 135,308 SF Fairway Center II Office Property in Brea, California",100,AST-20260920-027,art_8ac426c1188b6bd1,"Whittier Comstock Acquires 135,308 SF Fairway Center II Office Property in Brea, California",https://rebusinessonline.com/whittier-comstock-acquires-135308-sf-fairway-center-ii-office-property-in-brea-california/,2026-09-18T13:13:22Z,"Located at 675 Placentia Ave. in Brea, Calif., Fairway Center II features 135,308 square feet of office space. (Photo credit: Sanduku Inc.) Acquisitions California Office Western Whittier Comstock Acquires 135,308 SF Fairway Center II Office Property in Brea, California by Amy Works September 18, 2026 September 18, 2026 6 BREA, CALIF. — The Whittier Comstock, a subsidiary of MW Investment and owned by Matt Waken, purchased Fairway Center II, an office property in Brea, from an undisclosed seller",valid,title/source/url metadata are internally consistent,Development Activity,GP / Capital Activity,repeat_penalized,True,address/street: 675 placentia ave,medium,Project / Asset,2026-09-18,2026-09-20,2,fresh_0_3d,fresh,published date parsed; article age 2 day(s),48,open,"Whittier Comstock Acquires 135,308 SF Fairway Center II Office Property in Brea, California","Whittier Comstock Acquires 135,308 SF Fairway Center II Office Property in Brea, California",675 Placentia Ave,Density bonus corridor,Unknown,Los Angeles,California,General Residential,General Residential,CBRE,CBRE,Unknown,Unknown,Unknown,Unknown,2026,,,308 SF,Affordable / Density Bonus Strategy,Affordable / Density Bonus Strategy,Site acquired,Unknown,excluded,transaction / capital guard: acquisition,67,24,High relevance to Woomi site strategy,"Review site details, sponsor, entitlement path, and local precedent","Whittier Comstock Acquires 135,308 SF Fairway Center II Office Property in Brea, California",REBusiness Online,https://rebusinessonline.com/whittier-comstock-acquires-135308-sf-fairway-center-ii-office-property-in-brea-california/,Medium
2026-09-20,20260920-004308-4e5af134,PRJ-20260920-0039,Mixed-use building starts to rise at 8000 Beverly Blvd.,80,AST-20260920-017,art_0708f08afc4c5704,Mixed-use building starts to rise at 8000 Beverly Blvd.,https://la.urbanize.city/post/mixed-use-building-starts-rise-8000-beverly-blvd,"Wed, 16 Sep 2026 13:15:00 +0000","Mixed-use building starts to rise at 8000 Beverly Blvd. | Urbanize LA Skip to main content Advertisement Advertisement Nearly two years after commencing work in Beverly Grove , a mixed-use project from South Park Group is starting to rise just west of Fairfax Avenue. Approved since 2018 for a site at 8000 W. Beverly Boulevard, work has progressed to the second floor above ground for what will eventually be a six-story building featuring 56 studio, one-, and two-bedroom apartments and one accesso",valid,title/source/url metadata are internally consistent,Development Activity,Market Intelligence,repeat_penalized,True,address/street: 8000 beverly blvd; site/parcel signal: site; project/asset term: project,high,Approval / Entitlement,2026-09-16,2026-09-20,4,fresh_0_3d,fresh,published date parsed; article age 4 day(s),58,access_limited,Mixed-use building starts to rise at 8000 Beverly Blvd.,Mixed-use building starts to rise at 8000 Beverly Blvd.,8000 Beverly Blvd,Mixed-use corridor,Beverly Grove,Los Angeles,Other / Unknown,Senior Housing,Senior Housing,,,Unknown,Unknown,Unknown,Unknown,2018,,,,General Asset Signal,General Asset Signal,Land / parcel referenced,Site Search / Early Signal,approval_watch,matched approved,67,16,Relevant to underwriting benchmark,Monitor asset-level signal for repeated confirmation,Mixed-use building starts to rise at 8000 Beverly Blvd.,Urbanize LA,https://la.urbanize.city/post/mixed-use-building-starts-rise-8000-beverly-blvd,Medium
2026-09-20,20260920-004308-4e5af134,PRJ-20260920-0159,"General Project Signal - Southeast - Capstone Breaks Ground on 256-Unit Multifamily Development in Centerton, Arkansas",80,AST-20260920-061,art_b355d04fb27f4d16,"Capstone Breaks Ground on 256-Unit Multifamily Development in Centerton, Arkansas",https://rebusinessonline.com/capstone-breaks-ground-on-256-unit-multifamily-development-in-centerton-arkansas/,2026-09-18T13:57:57Z,"The Emerald will offer 256 apartments across 312,414 square feet of residential space. Arkansas Development Multifamily Southeast Capstone Breaks Ground on 256-Unit Multifamily Development in Centerton, Arkansas by Abby Cox September 18, 2026 September 18, 2026 3 CENTERTON, ARK. — Capstone Building Corp. has broken ground on The Emerald, a 256-unit multifamily development located in the northwest Arkansas city of Centerton. The $45 million apartment complex is slated for completion in October 20",valid,title/source/url metadata are internally consistent,Development Activity,,acceptable_repeat,,,,,2026-09-18,2026-09-20,2,fresh_0_3d,fresh,published date parsed; article age 2 day(s),78,open,"General Project Signal - Southeast - Capstone Breaks Ground on 256-Unit Multifamily Development in Centerton, Arkansas","General Project Signal - Southeast - Capstone Breaks Ground on 256-Unit Multifamily Development in Centerton, Arkansas",Southeast,General submarket monitoring,Southeast,Southeast,Southeast,Apartment,Apartment,Unknown,Unknown,Unknown,Unknown,Unknown,Unknown,No explicit timing reference,256 apartments,$45 million; $45 million,,General Project Signal,General Asset Signal,Unknown site control,Unknown,construction_delivery_watch,matched breaks ground,66,31,Relevant to underwriting benchmark,Monitor asset-level signal for repeated confirmation,"Capstone Breaks Ground on 256-Unit Multifamily Development in Centerton, Arkansas",REBusiness Online,https://rebusinessonline.com/capstone-breaks-ground-on-256-unit-multifamily-development-in-centerton-arkansas/,Medium
2026-09-20,20260920-004308-4e5af134,PRJ-20260920-0035,"Whittier Comstock Acquires 135,308 SF Fairway Center II Office Property in Brea, California",100,AST-20260920-028,art_41a751e01ef898d1,Private Investor Snags Brea Offices for $28M,https://www.connectcre.com/stories/private-investor-snags-brea-offices-for-28m/,"Wed, 16 Sep 2026 21:39:54 +0000","California CRE News In Your Inbox. Sign up for Connect emails to stay informed with CRE stories that are 150 words or less. California + Orange County + Office | September 16, 2026 By: Paul Bubny Private Investor Snags Brea Offices for $28M CBRE facilitated the $27.8-million sale of Fairway Center II, a 135,308-square-foot office property located at 675 Placentia Ave. in Brea. CBRE represented the institutional seller. The Whittier Comstock, LLC, a subsidiary of MW Investment, LLC and owned by M",valid,title/source/url metadata are internally consistent,Development Activity,GP / Capital Activity,acceptable_repeat,True,address/street: 675 placentia ave,medium,Project / Asset,2026-09-16,2026-09-20,4,fresh_0_3d,fresh,published date parsed; article age 4 day(s),70,open,Private Investor Snags Brea Offices for $28M,Private Investor Snags Brea Offices for $28M,675 Placentia Ave,Density bonus corridor,Orange County,Los Angeles,California,General Residential,General Residential,CBRE,CBRE,Unknown,Unknown,Unknown,Unknown,2026,,,,Affordable / Density Bonus Strategy,Affordable / Density Bonus Strategy,Existing asset sale,Unknown,excluded,transaction / capital guard: sale,66,23,High relevance to Woomi site strategy,"Review site details, sponsor, entitlement path, and local precedent",Private Investor Snags Brea Offices for $28M,Connect CRE California,https://www.connectcre.com/stories/private-investor-snags-brea-offices-for-28m/,Medium
2026-09-20,20260920-004308-4e5af134,PRJ-20260920-0026,Borough Developers Closes on $84M Sale of Downtown Brooklyn Development Site,100,AST-20260920-022,art_69f1dc723979332f,Borough Developers Closes on $84M Sale of Downtown Brooklyn Development Site,https://commercialobserver.com/2026/09/borough-developers-sale-downtown-brooklyn-development-site-485-fulton-street/,"Thu, 17 Sep 2026 17:22:52 +0000","Mixed-Use Downtown Brooklyn Investments & Sales · Development Site Sale Borough Developers Closes on $84M Sale of Downtown Brooklyn Development Site The firm secured an $85 million acquisition loan from BridgeCity Capital for the 485 Fulton Street property By Isabelle Durso September 17, 2026 1:22 pm reprints JLL's Michael Mazzara (top), Ethan Stanton (center) and Brendan Maddigan, and a rendering of 485 Fulton Street, Brooklyn. PHOTOS and RENDERING: Courtesy JLL Brooklyn-based Borough Developer",valid,title/source/url metadata are internally consistent,Development Activity,GP / Capital Activity,acceptable_repeat,True,address/street: 485 fulton street; site/parcel signal: site; project/asset term: development,high,Site Acquisition / Site Control,2026-09-17,2026-09-20,3,fresh_0_3d,fresh,published date parsed; article age 3 day(s),74,open,Borough Developers Closes on $84M Sale of Downtown Brooklyn Development Site,Borough Developers Closes on $84M Sale of Downtown Brooklyn Development Site,485 Fulton Street,Downtown infill; Mixed-use corridor,Brooklyn,New York City / New York,New York City / New York,Mixed-Use Residential,Mixed-Use Residential,BridgeCity Capital,BridgeCity Capital,Unknown,Unknown,Unknown,Unknown,2026,,,,Acquisition / Site Control,Acquisition / Site Control,Site acquired,Site Controlled,site_parcel_activity,site/parcel signal with project anchor: development site,66,14,Relevant to acquisition / JV sourcing,"Review acquisition, financing, ownership, and comparable transaction details",Borough Developers Closes on $84M Sale of Downtown Brooklyn Development Site,Commercial Observer,https://commercialobserver.com/2026/09/borough-developers-sale-downtown-brooklyn-development-site-485-fulton-street/,Medium
2026-09-20,20260920-004308-4e5af134,PRJ-20260920-0116,Office-to-Residential Conversion - New York City / New York - Joint Venture Breaks Ground on $167M New York City Conversion Multifamily Redevelopment Pr...,80,AST-20260920-066,art_452495718344f84e,Joint Venture Breaks Ground on $167M New York City Conversion Multifamily Redevelopment Project,https://yieldpro.com/2026/09/chelsea-beacon/,"Fri, 18 Sep 2026 18:04:26 +0000","Deal boom News Facebook Twitter Linkedin A joint venture between Camber Property Group and the Osbourne Association has broken ground on Chelsea Beacon , a $167 million conversion project in Manhattan’s West Chelsea neighborhood. The vacant former women’s correctional facility will be redeveloped into a 131-unit permanently affordable and supportive housing community for households earning up to 80 percent of the area median income. Delivery is slated for 2029. Empire State Development submitted",suspicious_mismatch,title/source/url metadata are internally consistent; title and original_url slug appear to reference different articles,Development Activity,GP / Capital Activity; Market Intelligence,acceptable_repeat,,,,,2026-09-18,2026-09-20,2,fresh_0_3d,fresh,published date parsed; article age 2 day(s),78,open,Office-to-Residential Conversion - New York City / New York - Joint Venture Breaks Ground on $167M New York City Conversion Multifamily Redevelopment Pr...,Office-to-Residential Conversion - New York City / New York - Joint Venture Breaks Ground on $167M New York City Conversion Multifamily Redevelopment Pr...,New York City,Office conversion corridor,New York City,New York City / New York,Unknown,Multifamily,Office-to-Residential,Unknown,Unknown,Unknown,Unknown,Unknown,Unknown,No explicit timing reference,,$167M; $167 million; $167m,,Office-to-Residential Conversion,Office-to-Residential Conversion,Unknown site control,Unknown,construction_delivery_watch,matched breaks ground,65,40,Relevant to underwriting benchmark,Monitor office conversion feasibility and policy support,Joint Venture Breaks Ground on $167M New York City Conversion Multifamily Redevelopment Project,Yield PRO,https://yieldpro.com/2026/09/chelsea-beacon/,Low
2026-09-20,20260920-004308-4e5af134,PRJ-20260920-0040,Entitlement / Permitting - Other / Unknown - Mixed-use building starts to rise at 8000 Beverly Blvd.,80,AST-20260920-078,art_0708f08afc4c5704,Mixed-use building starts to rise at 8000 Beverly Blvd.,https://la.urbanize.city/post/mixed-use-building-starts-rise-8000-beverly-blvd,"Wed, 16 Sep 2026 13:15:00 +0000","Mixed-use building starts to rise at 8000 Beverly Blvd. | Urbanize LA Skip to main content Advertisement Advertisement Nearly two years after commencing work in Beverly Grove , a mixed-use project from South Park Group is starting to rise just west of Fairfax Avenue. Approved since 2018 for a site at 8000 W. Beverly Boulevard, work has progressed to the second floor above ground for what will eventually be a six-story building featuring 56 studio, one-, and two-bedroom apartments and one accesso",valid,title/source/url metadata are internally consistent,Development Activity,Market Intelligence,repeat_penalized,,,,,2026-09-16,2026-09-20,4,fresh_0_3d,fresh,published date parsed; article age 4 day(s),58,access_limited,Entitlement / Permitting - Other / Unknown - Mixed-use building starts to rise at 8000 Beverly Blvd.,Entitlement / Permitting - Other / Unknown - Mixed-use building starts to rise at 8000 Beverly Blvd.,8000 Beverly Blvd,Mixed-use corridor,Unknown,Other / Unknown,Unknown,Senior Housing,Mixed-Use Residential,Unknown,Unknown,Unknown,Unknown,Unknown,Unknown,No explicit timing reference,,,,Entitlement / Permitting,Entitlement Play,Project under entitlement,Unknown,approval_watch,matched permit,65,32,Relevant to entitlement monitoring,"Track entitlement, permit, density bonus, and construction-readiness milestones",Mixed-use building starts to rise at 8000 Beverly Blvd.,Urbanize LA,https://la.urbanize.city/post/mixed-use-building-starts-rise-8000-beverly-blvd,Medium
2026-09-20,20260920-004308-4e5af134,PRJ-20260920-0023,Michelson Organization and 29th Street Trade Aurora Colorado Multifamily in $73M Deal,100,AST-20260920-023,art_032ddc5b82ee7d15,Michelson Organization and 29th Street Trade Aurora Colorado Multifamily in $73M Deal,https://yieldpro.com/2026/09/peakline-at-copperleaf/,"Sat, 19 Sep 2026 16:05:09 +0000","Deal boom Mountain region News Facebook Twitter Linkedin Michelson Organization has acquired Peakline at Copperleaf , a 266-unit community in Aurora, Colo., for $72.5 million, or roughly $272,556 per unit. 29th Street Capital sold the asset. Walker & Dunlop originated a $30.6 million five-year Fannie Mae loan for the transaction, the same data provider shows. Located at 4343 S. Picadilly St., the 10-building property came online in 2021 on roughly 12 acres. It sits just off Picadilly Street and ",suspicious_mismatch,title/source/url metadata are internally consistent; title and original_url slug appear to reference different articles,Development Activity,GP / Capital Activity,new_or_fresh,True,unit/site count: 266-unit; address/street: 556 per unit. 29th street; project/asset term: community,high,Project / Asset,2026-09-19,2026-09-20,1,fresh_0_3d,fresh,published date parsed; article age 1 day(s),100,open,Michelson Organization and 29th Street Trade Aurora Colorado Multifamily in $73M Deal,Michelson Organization and 29th Street Trade Aurora Colorado Multifamily in $73M Deal,4343 S. Picadilly St,General submarket monitoring,Unknown,Colorado,Colorado,Multifamily,Multifamily,Walker & Dunlop,Walker & Dunlop,Unknown,Unknown,Unknown,Unknown,in 2021,,,12 acres,General Asset Signal,General Asset Signal,Site acquired,Unknown,site_parcel_activity,site/parcel signal with project anchor: acres + development/site signal,65,21,Relevant to underwriting benchmark,Monitor asset-level signal for repeated confirmation,Michelson Organization and 29th Street Trade Aurora Colorado Multifamily in $73M Deal,Yield PRO,https://yieldpro.com/2026/09/peakline-at-copperleaf/,Medium
2026-09-20,20260920-004308-4e5af134,PRJ-20260920-0086,Office-to-Residential Conversion - Los Angeles / California - Inglewood begins EIR process for general plan update,80,AST-20260920-083,art_7da3628dca405351,Inglewood begins EIR process for general plan update,https://la.urbanize.city/post/inglewood-begins-eir-process-general-plan-update,"Fri, 18 Sep 2026 13:15:00 +0000","Inglewood begins EIR process for general plan update | Urbanize LA Skip to main content Advertisement Advertisement Inglewood officials have kicked off the environmental review process for a general plan update that aims to guide the City's growth through the year 2050. Branded as ""Next Level Inglewood,"" the initiative began last year and is on schedule for adoption by Spring 2027. Following sweeping changes that have occurred in Inglewood over the past decade, including the arrival of SoFi Stad",valid,title/source/url metadata are internally consistent,Article Feed,,acceptable_repeat,,,,,2026-09-18,2026-09-20,2,fresh_0_3d,fresh,published date parsed; article age 2 day(s),81,access_limited,Office-to-Residential Conversion - Los Angeles / California - Inglewood begins EIR process for general plan update,Office-to-Residential Conversion - Los Angeles / California - Inglewood begins EIR process for general plan update,Los Angeles / California,Office conversion corridor,Los Angeles / California,Los Angeles,Unknown,Mixed-Use Residential,Office-to-Residential,Unknown,Unknown,Unknown,Unknown,Unknown,Unknown,No explicit timing reference,,,,Office-to-Residential Conversion,Office-to-Residential Conversion,Unknown site control,Unknown,approval_watch,matched permit,64,37,Relevant to underwriting benchmark,Monitor office conversion feasibility and policy support,Inglewood begins EIR process for general plan update,Urbanize LA,https://la.urbanize.city/post/inglewood-begins-eir-process-general-plan-update,Low
2026-09-20,20260920-004308-4e5af134,PRJ-20260920-0129,Disposition / Exit - Other / Unknown - Essex Realty Group Lists Mixed-Use Property in Chicago’s Old Town,100,AST-20260920-073,art_03bd744248b71738,Essex Realty Group Lists Mixed-Use Property in Chicago’s Old Town,https://www.connectcre.com/stories/essex-realty-group-lists-mixed-use-property-in-chicagos-old-town/,"Fri, 18 Sep 2026 18:53:33 +0000","Chicago & Midwest CRE News In Your Inbox. Sign up for Connect emails to stay informed with CRE stories that are 150 words or less. Chicago & Midwest + North Side + Apartments | September 18, 2026 By: Jasmine Kilman Essex Realty Group Lists Mixed-Use Property in Chicago’s Old Town Essex Realty Group is marketing 1628-1630 North Wells Street for sale, a mixed-use property ideally situated in Chicago’s Old Town neighborhood. The offering features four residential apartments, ground-floor retail spa",valid,title/source/url metadata are internally consistent,Development Activity,GP / Capital Activity; Market Intelligence,acceptable_repeat,,,,,2026-09-18,2026-09-20,2,fresh_0_3d,fresh,published date parsed; article age 2 day(s),78,open,Disposition / Exit - Other / Unknown - Essex Realty Group Lists Mixed-Use Property in Chicago’s Old Town,Disposition / Exit - Other / Unknown - Essex Realty Group Lists Mixed-Use Property in Chicago’s Old Town,Unknown,Mixed-use corridor,Unknown,Other / Unknown,Unknown,Mixed-Use Residential,Mixed-Use Residential,Essex Realty Group,Essex Realty Group,Unknown,Unknown,Unknown,Unknown,No explicit timing reference,,,,Disposition / Exit,General Asset Signal,Existing asset sale,Unknown,excluded,transaction / capital guard: disposition,64,21,Relevant to underwriting benchmark,Monitor asset-level signal for repeated confirmation,Essex Realty Group Lists Mixed-Use Property in Chicago’s Old Town,Connect CRE Apartments,https://www.connectcre.com/stories/essex-realty-group-lists-mixed-use-property-in-chicagos-old-town/,Medium
2026-09-20,20260920-004308-4e5af134,PRJ-20260920-0106,Disposition / Exit - National - Marcus & Millichap Arranges Sale of Multifamily Portfolio in Irvington New Jersey,100,AST-20260920-082,art_45e7d544300ec2d8,Marcus & Millichap Arranges Sale of Multifamily Portfolio in Irvington New Jersey,https://yieldpro.com/2026/09/122-elmwood-avenue/,"Sat, 19 Sep 2026 16:16:17 +0000","Deal boom News Facebook Twitter Linkedin Marcus & Millichap (NYSE: MMI) , a leading commercial real estate brokerage firm specializing in investment sales, financing, research and advisory services, announced the sale of a four-property multifamily portfolio in Newark and Irvington, New Jersey. “By running a targeted marketing process and leveraging Marcus & Millichap’s national platform, we were able to generate close to 50 offers across the portfolio, giving the lender real optionality and pri",suspicious_mismatch,title/source/url metadata are internally consistent; title and original_url slug appear to reference different articles,Market Intelligence,GP / Capital Activity,new_or_fresh,,,,,2026-09-19,2026-09-20,1,fresh_0_3d,fresh,published date parsed; article age 1 day(s),100,open,Disposition / Exit - National - Marcus & Millichap Arranges Sale of Multifamily Portfolio in Irvington New Jersey,Disposition / Exit - National - Marcus & Millichap Arranges Sale of Multifamily Portfolio in Irvington New Jersey,National,General submarket monitoring,National,National,Unknown,Multifamily,Multifamily,Marcus & Millichap,Marcus & Millichap,Unknown,Unknown,Unknown,Unknown,No explicit timing reference,,,,Disposition / Exit,General Asset Signal,Existing asset sale,Unknown,excluded,transaction / capital guard: disposition,64,18,Relevant to underwriting benchmark,Monitor asset-level signal for repeated confirmation,Marcus & Millichap Arranges Sale of Multifamily Portfolio in Irvington New Jersey,Yield PRO,https://yieldpro.com/2026/09/122-elmwood-avenue/,Medium
2026-09-20,20260920-004308-4e5af134,PRJ-20260920-0002,"Construction Underway For Alexan Icon, South San Francisco",80,AST-20260920-009,art_1d9124f7c3398c80,"Construction Underway For Alexan Icon, South San Francisco",https://sfyimby.com/2026/09/construction-underway-for-alexan-icon-south-san-francisco.html,"Wed, 16 Sep 2026 12:30:24 +0000","100 Produce Avenue and 124 Airport Boulevard, rendering by TCA Architects By: Andrew Nelson 5:30 am on September 16, 2026 Construction is nearly topped out for Alexan Icon , two seven-story apartment buildings at 100 Produce Avenue and 124 Airport Boulevard in South San Francisco , San Mateo County . The project will add 480 apartments to the creekside properties near the South City Caltrain station and historic downtown. Trammell Crow Residential is the project developer. Once built, the two 85",valid,title/source/url metadata are internally consistent,Development Activity,,repeat_penalized,True,unit/site count: 480 apartments; address/street: 100 produce avenue and 124 airport boulevard; project/asset term: project,high,Project / Asset,2026-09-16,2026-09-20,4,fresh_0_3d,fresh,published date parsed; article age 4 day(s),58,access_limited,"Construction Underway For Alexan Icon, South San Francisco","Construction Underway For Alexan Icon, South San Francisco",100 Produce Avenue,Downtown infill,Unknown,San Francisco / California,San Francisco / California,Apartment,Apartment,,,Unknown,Unknown,Unknown,Unknown,2026,,,,General Asset Signal,General Asset Signal,Unknown site control,Unknown,construction_delivery_watch,matched topped out,63,26,Relevant to underwriting benchmark,Monitor asset-level signal for repeated confirmation,"Construction Underway For Alexan Icon, South San Francisco",SF YIMBY,https://sfyimby.com/2026/09/construction-underway-for-alexan-icon-south-san-francisco.html,Medium
2026-09-20,20260920-004308-4e5af134,PRJ-20260920-0169,Acquisition - Washington DC - Bell Partners Acquires Multifamily Apartment Property Near Washington DC,80,AST-20260920-067,art_e1e67e1e40cd6e0b,Bell Partners Acquires Multifamily Apartment Property Near Washington DC,https://yieldpro.com/2026/09/bell-vienna-metro/,"Sat, 19 Sep 2026 16:44:40 +0000","Deal boom News Facebook Twitter Linkedin Bell Partners , one of the nation’s leading apartment investment and management companies, announced the acquisition of two apartment communities: Bell Diridon , a 250-home community in San Jose, California, and Bell Vienna Metro, a 251-home community in Fairfax, Virginia. Both communities offer convenient access to major employment centers, transit connections and lifestyle amenities. Bell Partners plans thoughtful improvements that build on the features",valid,title/source/url metadata are internally consistent,Development Activity,GP / Capital Activity,new_or_fresh,,,,,2026-09-19,2026-09-20,1,fresh_0_3d,fresh,published date parsed; article age 1 day(s),100,open,Acquisition - Washington DC - Bell Partners Acquires Multifamily Apartment Property Near Washington DC,Acquisition - Washington DC - Bell Partners Acquires Multifamily Apartment Property Near Washington DC,Virginia,General submarket monitoring,Virginia,Washington DC,California,Apartment,Apartment,Unknown,Unknown,Unknown,Unknown,Unknown,Unknown,No explicit timing reference,,,,Acquisition,General Asset Signal,Existing asset sale,Unknown,excluded,transaction / capital guard: acquisition,62,33,Relevant to underwriting benchmark,Monitor asset-level signal for repeated confirmation,Bell Partners Acquires Multifamily Apartment Property Near Washington DC,Yield PRO,https://yieldpro.com/2026/09/bell-vienna-metro/,Low
2026-09-20,20260920-004308-4e5af134,PRJ-20260920-0009,Essex Realty Group Lists Mixed-Use Property in Chicago’s Old Town,100,AST-20260920-025,art_03bd744248b71738,Essex Realty Group Lists Mixed-Use Property in Chicago’s Old Town,https://www.connectcre.com/stories/essex-realty-group-lists-mixed-use-property-in-chicagos-old-town/,"Fri, 18 Sep 2026 18:53:33 +0000","Chicago & Midwest CRE News In Your Inbox. Sign up for Connect emails to stay informed with CRE stories that are 150 words or less. Chicago & Midwest + North Side + Apartments | September 18, 2026 By: Jasmine Kilman Essex Realty Group Lists Mixed-Use Property in Chicago’s Old Town Essex Realty Group is marketing 1628-1630 North Wells Street for sale, a mixed-use property ideally situated in Chicago’s Old Town neighborhood. The offering features four residential apartments, ground-floor retail spa",valid,title/source/url metadata are internally consistent,Development Activity,GP / Capital Activity; Market Intelligence,acceptable_repeat,True,address/street: 1630 north wells street; project/asset term: apartments,high,Project / Asset,2026-09-18,2026-09-20,2,fresh_0_3d,fresh,published date parsed; article age 2 day(s),78,open,Essex Realty Group Lists Mixed-Use Property in Chicago’s Old Town,Essex Realty Group Lists Mixed-Use Property in Chicago’s Old Town,1628-1630 North Wells Street,Mixed-use corridor,Unknown,Other / Unknown,Other / Unknown,Mixed-Use Residential,Mixed-Use Residential,Essex Realty Group,Essex Realty Group,Unknown,Unknown,Unknown,Unknown,2026,,,,General Asset Signal,General Asset Signal,Existing asset sale,Unknown,excluded,transaction / capital guard: sale,62,21,Relevant to underwriting benchmark,Monitor asset-level signal for repeated confirmation,Essex Realty Group Lists Mixed-Use Property in Chicago’s Old Town,Connect CRE Apartments,https://www.connectcre.com/stories/essex-realty-group-lists-mixed-use-property-in-chicagos-old-town/,Medium
2026-09-20,20260920-004308-4e5af134,PRJ-20260920-0156,General Project Signal - Miami / Florida - Developer Launches Investor Offering for 465-Unit Boynton Beach Rental Community,80,AST-20260920-075,art_076a95f6a2eb6384,HTG Debuts $115M Miami Affordable Housing Project,https://www.connectcre.com/stories/htg-debuts-115m-miami-affordable-housing-project/,"Tue, 15 Sep 2026 13:45:36 +0000","Florida & Gulf Coast CRE News In Your Inbox. Sign up for Connect emails to stay informed with CRE stories that are 150 words or less. Florida & Gulf Coast + South Florida + Senior Housing | September 15, 2026 By: Mike Boyd HTG Debuts $115M Miami Affordable Housing Project HTG and Elite Equity Development, Inc. (EED) opened the doors to Naranja Grand Phase I & Phase II, a multiphase, $115 million affordable housing community delivering a combined 320 income-restricted apartments for seniors and f",valid,title/source/url metadata are internally consistent,Development Activity,,acceptable_repeat,,,,,2026-09-15,2026-09-20,5,fresh_0_3d,fresh,published date parsed; article age 5 day(s),66,open,General Project Signal - Miami / Florida - HTG Debuts $115M Miami Affordable Housing Project,General Project Signal - Miami / Florida - HTG Debuts $115M Miami Affordable Housing Project,South Florida,General submarket monitoring,South Florida,Miami / Florida,Unknown,Senior Housing,Senior Housing,Unknown,Unknown,Unknown,Unknown,Unknown,Completed / opened,opened,,$115M; $115M; $115 million,,General Project Signal,Affordable / Density Bonus Strategy,Unknown site control,Delivered / Lease-Up,construction_delivery_watch,matched debuts,61,23,Relevant to entitlement monitoring,"Track entitlement, permit, density bonus, and construction-readiness milestones",HTG Debuts $115M Miami Affordable Housing Project,Connect CRE South Florida,https://www.connectcre.com/stories/htg-debuts-115m-miami-affordable-housing-project/,Low
2026-09-20,20260920-004308-4e5af134,PRJ-20260920-0156,General Project Signal - Miami / Florida - Developer Launches Investor Offering for 465-Unit Boynton Beach Rental Community,80,AST-20260920-074,art_d1169d4b77887a73,Pebb Secures $223M Refi on Delray Beach Mixed-Use Venture,https://www.connectcre.com/stories/pebb-secures-223m-refi-on-delray-beach-mixed-use-venture/,"Wed, 09 Sep 2026 13:40:17 +0000","Florida & Gulf Coast CRE News In Your Inbox. Sign up for Connect emails to stay informed with CRE stories that are 150 words or less. Florida & Gulf Coast + South Florida + Office | September 9, 2026 By: Mike Boyd Pebb Secures $223M Refi on Delray Beach Mixed-Use Venture Pebb Capital secured a $223 million refinancing for Sundy Village, its seven-acre mixed-use campus in Downtown Delray Beach. Provided by J.P. Morgan and Hudson Bay Capital, the deal replaces the project’s existing construction l",valid,title/source/url metadata are internally consistent,GP / Capital Activity,,repeat_penalized,,,,,2026-09-09,2026-09-20,11,recent_4_14d,recent,published date parsed; article age 11 day(s),55,open,Refinancing - Miami / Florida - Pebb Secures $223M Refi on Delray Beach Mixed-Use Venture,Refinancing - Miami / Florida - Pebb Secures $223M Refi on Delray Beach Mixed-Use Venture,South Florida,Mixed-use corridor,South Florida,Miami / Florida,Unknown,Mixed-Use Residential,Mixed-Use Residential,Unknown,Unknown,Unknown,Unknown,Unknown,Unknown,No explicit timing reference,,$223M; $223M; $223 million,,Refinancing,Refinancing / Recapitalization,Existing asset refinance,Unknown,excluded,transaction / capital guard: refinancing,59,45,Relevant to acquisition / JV sourcing,"Review acquisition, financing, ownership, and comparable transaction details",Pebb Secures $223M Refi on Delray Beach Mixed-Use Venture,Connect CRE South Florida,https://www.connectcre.com/stories/pebb-secures-223m-refi-on-delray-beach-mixed-use-venture/,Low
2026-09-20,20260920-004308-4e5af134,PRJ-20260920-0138,Disposition / Exit - Other / Unknown - Dakota Pointe Sells for $15.3M as Private Capital Targets Stabilized Midwest Multifamily,80,AST-20260920-089,art_8701888c61d951a0,2026 NOI & Operations Survey Report,https://www.multifamilyexecutive.com/premium/whitepaper/755203,"Thu, 10 Sep 2026 15:43:57 +0000","Whitepaper 2026 NOI & Operations Survey Report What Multifamily Leaders Are Prioritizing Now—and What’s Coming Next screenshot_2026-09-03_at_2.26.39_pm.png Protecting NOI has never been more challenging. Oversupply, rising insurance premiums, uneven efficiency gains, and evolving staffing models are reshaping how owners and operators compete. The 2026 NOI & Operations Survey Report distills insights from more than 100 multifamily executives across every portfolio size—giving you a data-backed vi",valid,title/source/url metadata are internally consistent,Market Intelligence,GP / Capital Activity,repeat_penalized,,,,,2026-09-10,2026-09-20,10,recent_4_14d,recent,published date parsed; article age 10 day(s),55,open,General Project Signal - Other / Unknown - 2026 NOI & Operations Survey Report,General Project Signal - Other / Unknown - 2026 NOI & Operations Survey Report,Unknown,General submarket monitoring,Unknown,Other / Unknown,Unknown,Multifamily,Multifamily,Unknown,Unknown,Unknown,Unknown,Unknown,Unknown,2026,300 units,,,General Project Signal,General Asset Signal,Unknown site control,Unknown,excluded,excluded generic policy / market article,59,27,Relevant to underwriting benchmark,Monitor asset-level signal for repeated confirmation,2026 NOI & Operations Survey Report,Multifamily Executive,https://www.multifamilyexecutive.com/premium/whitepaper/755203,Medium
2026-09-20,20260920-004308-4e5af134,PRJ-20260920-0072,Development Start - Dallas / Texas - Endura Starts Work on 324-Unit Boerne Apartment Community,80,AST-20260920-020,art_9c2abcc34357ed59,Endura Starts Work on 324-Unit Boerne Apartment Community,https://www.connectcre.com/stories/endura-starts-work-on-324-unit-boerne-apartment-community/,"Fri, 18 Sep 2026 16:46:40 +0000","Texas CRE News In Your Inbox. Sign up for Connect emails to stay informed with CRE stories that are 150 words or less. Texas + San Antonio + Apartments | September 18, 2026 By: Mike Boyd Endura Starts Work on 324-Unit Boerne Apartment Community Endura Advisory Group broke ground on The Oaks of Cibolo Creek, a 324 unit apartment complex in Boerne, Texas. The project will sit on 20 acres about 2.5 miles from the downtown area. Designed by Dallas-based UD Architects, with Franklin Construction, Ltd",valid,title/source/url metadata are internally consistent,Development Activity,Market Intelligence,acceptable_repeat,True,unit/site count: 324-unit; execution milestone: starts construction; project/asset term: project,high,Construction Start,2026-09-18,2026-09-20,2,fresh_0_3d,fresh,published date parsed; article age 2 day(s),78,open,Endura Starts Work on 324-Unit Boerne Apartment Community,Endura Starts Work on 324-Unit Boerne Apartment Community,Dallas,Downtown infill,Dallas,Los Angeles,Dallas / Texas,Apartment,Apartment,,,Unknown,Unknown,Unknown,Construction started,2026,,,20 acres,Development Start,Development Start,Land / parcel referenced,Under Construction,construction_delivery_watch,matched broke ground,59,15,Relevant to underwriting benchmark,Monitor asset-level signal for repeated confirmation,Endura Starts Work on 324-Unit Boerne Apartment Community,Connect CRE Apartments,https://www.connectcre.com/stories/endura-starts-work-on-324-unit-boerne-apartment-community/,Medium
2026-09-20,20260920-004308-4e5af134,PRJ-20260920-0145,General Project Signal - Phoenix / Arizona - Mesa Expected to Okay $3B Legacy Park Project,80,AST-20260920-081,art_5bcc19f3bc66a197,Mesa Expected to Okay $3B Legacy Park Project,https://www.connectcre.com/stories/mesa-expected-to-okay-3b-legacy-park-project/,"Fri, 11 Sep 2026 15:22:54 +0000","Phoenix & Southwest CRE News In Your Inbox. Sign up for Connect emails to stay informed with CRE stories that are 150 words or less. Phoenix & Southwest + Phoenix + Apartments | September 11, 2026 By: Mike Boyd Mesa Expected to Okay $3B Legacy Park Project The Mesa City Council is expected to move ahead Monday on a $3 billion venture that will include hospitality, apartments, office and restaurant offerings. Vestar will be helming the project. Dubbed Legacy Park, The Phoenix Business Journal rep",valid,title/source/url metadata are internally consistent,Development Activity,,repeat_penalized,,,,,2026-09-11,2026-09-20,9,recent_4_14d,recent,published date parsed; article age 9 day(s),55,open,General Project Signal - Phoenix / Arizona - Mesa Expected to Okay $3B Legacy Park Project,General Project Signal - Phoenix / Arizona - Mesa Expected to Okay $3B Legacy Park Project,Phoenix,General submarket monitoring,Phoenix,Phoenix / Arizona,Unknown,Apartment,Apartment,Unknown,Unknown,Unknown,Unknown,Unknown,Unknown,No explicit timing reference,,$3B; $3B; $3 billion,,General Project Signal,General Asset Signal,Unknown site control,Unknown,construction_delivery_watch,matched development / asset strategy execution,58,26,Relevant to underwriting benchmark,Monitor asset-level signal for repeated confirmation,Mesa Expected to Okay $3B Legacy Park Project,Connect CRE Phoenix,https://www.connectcre.com/stories/mesa-expected-to-okay-3b-legacy-park-project/,Low
2026-09-20,20260920-004308-4e5af134,PRJ-20260920-0138,Disposition / Exit - Other / Unknown - Dakota Pointe Sells for $15.3M as Private Capital Targets Stabilized Midwest Multifamily,80,AST-20260920-084,art_50bb1d5a332d13cb,Shorter Apartment Construction Time in 2025,https://eyeonhousing.org/2026/09/shorter-apartment-construction-time-in-2025/,"Mon, 07 Sep 2026 13:30:00 +0000","Shorter Apartment Construction Time in 2025 – Eye On Housing Skip to content Shorter Apartment Construction Time in 2025 September 7, 2026 Na Zhao No Comments The average time needed to complete construction of a multifamily building after obtaining authorization edged down in 2025, according to the 2025 Survey of Construction (SOC) from the Census Bureau. On average, it took 18.9 months from permit to completion, about 0.7 months shorter than in 2024. While construction timelines remain lengthy",valid,title/source/url metadata are internally consistent,Market Intelligence,Development Activity,repeat_penalized,,,,,2026-09-07,2026-09-20,13,recent_4_14d,recent,published date parsed; article age 13 day(s),55,open,Entitlement / Permitting - Other / Unknown - Shorter Apartment Construction Time in 2025,Entitlement / Permitting - Other / Unknown - Shorter Apartment Construction Time in 2025,Unknown,General submarket monitoring,Unknown,Other / Unknown,Unknown,Apartment,Apartment,Unknown,Unknown,Unknown,Unknown,Unknown,Unknown,in 2025,,,,Entitlement / Permitting,Entitlement Play,Project under entitlement,Unknown,approval_watch,matched permit,55,30,Relevant to entitlement monitoring,"Track entitlement, permit, density bonus, and construction-readiness milestones",Shorter Apartment Construction Time in 2025,NAHB Eye on Housing - Multifamily,https://eyeonhousing.org/2026/09/shorter-apartment-construction-time-in-2025/,Low
2026-09-20,20260920-004308-4e5af134,PRJ-20260920-0138,Disposition / Exit - Other / Unknown - Dakota Pointe Sells for $15.3M as Private Capital Targets Stabilized Midwest Multifamily,80,AST-20260920-079,art_90aa0db83803dce3,Developer Joint Venture Acquires Indiana Student Housing Portfolio,https://yieldpro.com/2026/09/south-street-station/,"Fri, 18 Sep 2026 17:59:51 +0000","Deal boom News Facebook Twitter Linkedin A joint venture between GMH Communities and Invesco Real Estate has acquired Grant Street Station and South Street Station , two student housing communities totaling 540 beds in West Lafayette, Ind. The two-property portfolio and serves students attending Purdue University. The buyers declined to specify a price. When the portfolio traded in 2017, the assets sold for a combined $40.5 million, according to Yardi Matrix data, which listed Muinzer as the own",suspicious_mismatch,title/source/url metadata are internally consistent; title and original_url slug appear to reference different articles,Development Activity,GP / Capital Activity,repeat_penalized,,,,,2026-09-18,2026-09-20,2,fresh_0_3d,fresh,published date parsed; article age 2 day(s),48,open,JV / Partnership - Other / Unknown - Developer Joint Venture Acquires Indiana Student Housing Portfolio,JV / Partnership - Other / Unknown - Developer Joint Venture Acquires Indiana Student Housing Portfolio,Unknown,University-adjacent,Unknown,Other / Unknown,Unknown,Student Housing,Student Housing,Unknown,Unknown,Unknown,Unknown,Unknown,Unknown,No explicit timing reference,,$40.5 million; $40.5 million,,JV / Partnership,General Asset Signal,Unknown site control,Unknown,excluded,no clear development milestone,54,27,Relevant to underwriting benchmark,Monitor asset-level signal for repeated confirmation,Developer Joint Venture Acquires Indiana Student Housing Portfolio,Yield PRO,https://yieldpro.com/2026/09/south-street-station/,Low
2026-09-20,20260920-004308-4e5af134,PRJ-20260920-0107,General Project Signal - National - Multifamily starts plummeted nearly 16% in August,80,AST-20260920-013,art_aa40dff8fe94078a,Multifamily starts plummeted nearly 16% in August,https://www.multifamilydive.com/news/multifamily-starts-apartment-construction-august/830679/,"Thu, 17 Sep 2026 16:30:00 -0400","An article from Multifamily starts plummeted nearly 16% in August The number of new apartments coming online also fell dramatically from the same period last year, per HUD and the U.S. Census Bureau. Published Sept. 17, 2026 Julie Strupp Senior Editor Share Copy link Email LinkedIn X/Twitter Facebook Print License Add us on Google Construction continues on a mixed-use apartment complex that will hold more than 700 units of housing and 95,000 square feet of commercial space on August 20, 2024, in",valid,title/source/url metadata are internally consistent,Development Activity,Market Intelligence,acceptable_repeat,True,unit/site count: 700 units; project/asset term: apartments,high,Project / Asset,2026-09-17,2026-09-20,3,fresh_0_3d,fresh,published date parsed; article age 3 day(s),74,open,Multifamily starts plummeted nearly 16% in August,Multifamily starts plummeted nearly 16% in August,National,Mixed-use corridor,Unknown,Los Angeles,National,Mixed-Use Residential,Mixed-Use Residential,,,Unknown,Unknown,Unknown,Unknown,2026,,,000 square feet,General Asset Signal,General Asset Signal,Unknown site control,Unknown,excluded,no clear development milestone,54,25,Relevant to underwriting benchmark,Monitor asset-level signal for repeated confirmation,Multifamily starts plummeted nearly 16% in August,Multifamily Dive,https://www.multifamilydive.com/news/multifamily-starts-apartment-construction-august/830679/,Medium
2026-09-20,20260920-004308-4e5af134,PRJ-20260920-0089,"Whittier Comstock Acquires 135,308 SF Fairway Center II Office Property in Brea, California",100,AST-20260920-096,,Private Investor Snags Brea Offices for $28M,https://www.connectcre.com/stories/private-investor-snags-brea-offices-for-28m/,,,,,,,,,,,,,,,unknown_date,unknown_date_review,derived row did not carry source published date,,,Private Investor Snags Brea Offices for $28M,Private Investor Snags Brea Offices for $28M,Los Angeles,General submarket monitoring,Los Angeles,Los Angeles,California,General Residential,General Residential,CBRE,CBRE,Unknown,Unknown,Unknown,Unknown,2026,,,,General Asset Signal,General Asset Signal,Unknown site control,Unknown,excluded,no clear development milestone,51,5,Relevant to underwriting benchmark,Monitor asset-level signal for repeated confirmation,Private Investor Snags Brea Offices for $28M,Connect CRE California,https://www.connectcre.com/stories/private-investor-snags-brea-offices-for-28m/,Medium
2026-09-20,20260920-004308-4e5af134,PRJ-20260920-0089,"Whittier Comstock Acquires 135,308 SF Fairway Center II Office Property in Brea, California",100,AST-20260920-095,,"Whittier Comstock Acquires 135,308 SF Fairway Center II Office Property in Brea, California",https://rebusinessonline.com/whittier-comstock-acquires-135308-sf-fairway-center-ii-office-property-in-brea-california/,,,,,,,,,,,,,,,unknown_date,unknown_date_review,derived row did not carry source published date,,,"Whittier Comstock Acquires 135,308 SF Fairway Center II Office Property in Brea, California","Whittier Comstock Acquires 135,308 SF Fairway Center II Office Property in Brea, California",Los Angeles,Density bonus corridor,Los Angeles,Los Angeles,California,General Residential,General Residential,CBRE,CBRE,Unknown,Unknown,Unknown,Unknown,2026,,,308 SF,Affordable / Density Bonus Strategy,Affordable / Density Bonus Strategy,Unknown site control,Unknown,excluded,no clear development milestone,51,5,Relevant to entitlement monitoring,"Track entitlement, permit, density bonus, and construction-readiness milestones","Whittier Comstock Acquires 135,308 SF Fairway Center II Office Property in Brea, California",REBusiness Online,https://rebusinessonline.com/whittier-comstock-acquires-135308-sf-fairway-center-ii-office-property-in-brea-california/,Medium
2026-09-20,20260920-004308-4e5af134,PRJ-20260920-0159,"General Project Signal - Southeast - Capstone Breaks Ground on 256-Unit Multifamily Development in Centerton, Arkansas",80,AST-20260920-019,art_b355d04fb27f4d16,"Capstone Breaks Ground on 256-Unit Multifamily Development in Centerton, Arkansas",https://rebusinessonline.com/capstone-breaks-ground-on-256-unit-multifamily-development-in-centerton-arkansas/,2026-09-18T13:57:57Z,"The Emerald will offer 256 apartments across 312,414 square feet of residential space. Arkansas Development Multifamily Southeast Capstone Breaks Ground on 256-Unit Multifamily Development in Centerton, Arkansas by Abby Cox September 18, 2026 September 18, 2026 3 CENTERTON, ARK. — Capstone Building Corp. has broken ground on The Emerald, a 256-unit multifamily development located in the northwest Arkansas city of Centerton. The $45 million apartment complex is slated for completion in October 20",valid,title/source/url metadata are internally consistent,Development Activity,,acceptable_repeat,True,unit/site count: 256-unit; execution milestone: breaks ground; project/asset term: development,high,Construction Start,2026-09-18,2026-09-20,2,fresh_0_3d,fresh,published date parsed; article age 2 day(s),78,open,"Capstone Breaks Ground on 256-Unit Multifamily Development in Centerton, Arkansas","Capstone Breaks Ground on 256-Unit Multifamily Development in Centerton, Arkansas",Southeast,General submarket monitoring,Unknown,Los Angeles,Southeast,Apartment,Apartment,,,Unknown,Unknown,Unknown,Unknown,2026,,,414 square feet,General Asset Signal,General Asset Signal,Unknown site control,Unknown,construction_delivery_watch,matched breaks ground,49,23,Relevant to underwriting benchmark,Monitor asset-level signal for repeated confirmation,"Capstone Breaks Ground on 256-Unit Multifamily Development in Centerton, Arkansas",REBusiness Online,https://rebusinessonline.com/capstone-breaks-ground-on-256-unit-multifamily-development-in-centerton-arkansas/,Low
2026-09-20,20260920-004308-4e5af134,PRJ-20260920-0138,Disposition / Exit - Other / Unknown - Dakota Pointe Sells for $15.3M as Private Capital Targets Stabilized Midwest Multifamily,80,AST-20260920-085,art_c5d7f8f99b9f9782,Dakota Pointe Sells for $15.3M as Private Capital Targets Stabilized Midwest Multifamily,https://yieldpro.com/2026/09/dakota-pointe/,"Fri, 18 Sep 2026 17:35:16 +0000","Deal boom News Facebook Twitter Linkedin Dakota Pointe , a 143-unit Class B multifamily property in the south end of South Sioux City, sold for $15.3 million, or approximately $107,000 per unit. Greysteel represented the seller. Both the buyer and the seller are private investors based in South Dakota. The property drew multiple offers, and the closing structure met the seller’s timing requirements and the buyer’s long-term hold objectives. At closing, Dakota Pointe was fully occupied and featur",valid,title/source/url metadata are internally consistent,Development Activity,GP / Capital Activity,acceptable_repeat,,,,,2026-09-18,2026-09-20,2,fresh_0_3d,fresh,published date parsed; article age 2 day(s),78,open,Disposition / Exit - Other / Unknown - Dakota Pointe Sells for $15.3M as Private Capital Targets Stabilized Midwest Multifamily,Disposition / Exit - Other / Unknown - Dakota Pointe Sells for $15.3M as Private Capital Targets Stabilized Midwest Multifamily,Unknown,General submarket monitoring,Unknown,Other / Unknown,Unknown,Multifamily,Multifamily,Unknown,Unknown,Unknown,Unknown,Unknown,Unknown,No explicit timing reference,,$15.3M; $15.3 million; $107,,Disposition / Exit,Lease-Up / Delivery,Existing asset sale,Stabilized / Operating,excluded,transaction / capital guard: disposition,48,18,Relevant to underwriting benchmark,Monitor asset-level signal for repeated confirmation,Dakota Pointe Sells for $15.3M as Private Capital Targets Stabilized Midwest Multifamily,Yield PRO,https://yieldpro.com/2026/09/dakota-pointe/,Low
2026-09-20,20260920-004308-4e5af134,PRJ-20260920-0095,Entitlement / Permitting - Los Angeles / California - L.A. County Supes approve apartments at 7914 Broadway Ave. in West Whittier,80,AST-20260920-093,,Developer Pays $7M For Planned Old Town Conversion: The D.C. Deal Sheet,https://www.bisnow.com/news/washington-dc/deal-sheet/developer-buys-planned-old-town-alexandria-conversion-dc-deal-sheet,,,,,,,,,,,,,,,unknown_date,unknown_date_review,derived row did not carry source published date,,,Developer Pays $7M For Planned Old Town Conversion: The D.C. Deal Sheet,Developer Pays $7M For Planned Old Town Conversion: The D.C. Deal Sheet,Los Angeles,General submarket monitoring,Los Angeles,Los Angeles,Other / Unknown,Office-to-Residential Conversion,Office-to-Residential Conversion,Unknown,Unknown,Unknown,Unknown,Unknown,Unknown,2051,,,,General Asset Signal,General Asset Signal,Unknown site control,Unknown,construction_delivery_watch,matched development / asset strategy execution,44,7,General monitoring,Monitor asset-level signal for repeated confirmation,Developer Pays $7M For Planned Old Town Conversion: The D.C. Deal Sheet,Bisnow,https://www.bisnow.com/news/washington-dc/deal-sheet/developer-buys-planned-old-town-alexandria-conversion-dc-deal-sheet,Low
2026-09-20,20260920-004308-4e5af134,PRJ-20260920-0056,Acquisition - California - Tishman Speyer Acquires 376-Unit Anaheim Rental Community,100,AST-20260920-030,art_bdb55363e81b79f1,Tishman Speyer Acquires 376-Unit Anaheim Rental Community,https://www.connectcre.com/stories/tishman-speyer-acquires-376-unit-anaheim-rental-community/,"Tue, 01 Sep 2026 20:37:20 +0000","California CRE News In Your Inbox. Sign up for Connect emails to stay informed with CRE stories that are 150 words or less. California + Orange County + Apartments | September 1, 2026 By: Mike Boyd Tishman Speyer Acquires 376-Unit Anaheim Rental Community Tishman Speyer acquired Rise, a multifamily community encompassing 376 market-rate apartments in Anaheim’s Platinum Triangle District. MORE Residential has owned the property since 2022. Tishman Speyer acquired the 340,000-square-foot residenti",valid,title/source/url metadata are internally consistent,Development Activity,GP / Capital Activity,repeat_penalized,,,,,2026-09-01,2026-09-20,19,old_31d_plus,old,published date parsed; article age 19 day(s),5,open,Acquisition - California - Tishman Speyer Acquires 376-Unit Anaheim Rental Community,Acquisition - California - Tishman Speyer Acquires 376-Unit Anaheim Rental Community,California,General submarket monitoring,California,Los Angeles,California,Apartment,Apartment,Freddie Mac,Freddie Mac,Freddie Mac,Unknown,Unknown,Unknown,No explicit timing reference,,$88 million,,Acquisition,General Asset Signal,Existing asset sale,Unknown,excluded,transaction / capital guard: acquisition,43,0,General monitoring,Monitor asset-level signal for repeated confirmation,Tishman Speyer Acquires 376-Unit Anaheim Rental Community,Connect CRE Orange County,https://www.connectcre.com/stories/tishman-speyer-acquires-376-unit-anaheim-rental-community/,Low
2026-09-20,20260920-004308-4e5af134,PRJ-20260920-0094,Entitlement / Permitting - Los Angeles / California - L.A. County Supes approve apartments at 7914 Broadway Ave. in West Whittier,80,AST-20260920-094,,Inglewood begins EIR process for general plan update,https://la.urbanize.city/post/inglewood-begins-eir-process-general-plan-update,,,,,,,,,,,,,,,unknown_date,unknown_date_review,derived row did not carry source published date,,,Inglewood begins EIR process for general plan update,Inglewood begins EIR process for general plan update,Los Angeles,General submarket monitoring,Los Angeles,Los Angeles,Los Angeles / California,Mixed-Use Residential,Mixed-Use Residential,,,Unknown,Unknown,Unknown,Unknown,2050,,,,General Asset Signal,General Asset Signal,Unknown site control,Unknown,excluded,no clear development milestone,40,0,General monitoring,Monitor asset-level signal for repeated confirmation,Inglewood begins EIR process for general plan update,Urbanize LA,https://la.urbanize.city/post/inglewood-begins-eir-process-general-plan-update,Low
2026-09-20,20260920-004308-4e5af134,PRJ-20260920-0065,Thompson Thrift Opens 276-Unit Apartment Property in Colorado Springs,80,AST-20260920-026,art_f5b477f5b52a9f63,Thompson Thrift Opens 276-Unit Apartment Property in Colorado Springs,https://rebusinessonline.com/thompson-thrift-opens-276-unit-apartment-property-in-colorado-springs/,2026-09-18T13:16:26Z,"Colorado Development Multifamily Western Thompson Thrift Opens 276-Unit Apartment Property in Colorado Springs by Amy Works September 18, 2026 September 18, 2026 5 COLORADO SPRINGS, COLO. — Thompson Thrift has opened Switch, a multifamily community in Colorado Springs. Thompson Thrift 2023 Multifamily Development L.P. provided equity for the development. Situated on 11 acres at the intersection of Voyager Parkway and North Gate Boulevard, Switch features 276 one-, two- and three-bedroom units wi",valid,title/source/url metadata are internally consistent,Development Activity,,acceptable_repeat,True,unit/site count: 276-unit; execution milestone: opens; project/asset term: development,high,Delivery / Opening,2026-09-18,2026-09-20,2,fresh_0_3d,fresh,published date parsed; article age 2 day(s),93,open,Thompson Thrift Opens 276-Unit Apartment Property in Colorado Springs,Thompson Thrift Opens 276-Unit Apartment Property in Colorado Springs,Colorado,General submarket monitoring,Unknown,Colorado,Colorado,Apartment,Apartment,,,Unknown,Unknown,Unknown,Completed / opened,2026,,,11 acres,Lease-Up / Delivery,Lease-Up / Delivery,Land / parcel referenced,Delivered / Lease-Up,construction_delivery_watch,matched opens,33,12,General monitoring,Monitor asset-level signal for repeated confirmation,Thompson Thrift Opens 276-Unit Apartment Property in Colorado Springs,REBusiness Online,https://rebusinessonline.com/thompson-thrift-opens-276-unit-apartment-property-in-colorado-springs/,Low
2026-09-20,20260920-004308-4e5af134,PRJ-20260920-0143,"Acquisition - Phoenix / Arizona - Evergreen Building Mesa Apartments, Retail",100,AST-20260920-031,art_3cb36cf22ed5bb0c,"Evergreen Building Mesa Apartments, Retail",https://www.connectcre.com/stories/evergreen-building-mesa-apartments-retail/,"Thu, 03 Sep 2026 15:58:16 +0000","Phoenix & Southwest CRE News In Your Inbox. Sign up for Connect emails to stay informed with CRE stories that are 150 words or less. Phoenix & Southwest + Phoenix + Apartments | September 3, 2026 By: Mike Boyd Evergreen Building Mesa Apartments, Retail Evergreen Development acquired an 11.7-acre parcel north of Signal Butte and Warner in Mesa’s Eastmark submarket to build a mixed-use community that pairs multifamily housing with new retail. The property was purchased from Brookfield. The develop",valid,title/source/url metadata are internally consistent,Development Activity,GP / Capital Activity,repeat_penalized,,,,,2026-09-03,2026-09-20,17,old_31d_plus,old,published date parsed; article age 17 day(s),5,open,"Acquisition - Phoenix / Arizona - Evergreen Building Mesa Apartments, Retail","Acquisition - Phoenix / Arizona - Evergreen Building Mesa Apartments, Retail",Phoenix,General submarket monitoring,Phoenix,Phoenix / Arizona,Unknown,Mixed-Use Residential,Mixed-Use Residential,Brookfield,Brookfield,Unknown,Unknown,Unknown,Unknown,No explicit timing reference,261 units,,,Acquisition,General Asset Signal,Existing asset sale,Unknown,excluded,transaction / capital guard: acquisition,33,0,General monitoring,Monitor asset-level signal for repeated confirmation,"Evergreen Building Mesa Apartments, Retail",Connect CRE Phoenix,https://www.connectcre.com/stories/evergreen-building-mesa-apartments-retail/,Low
2026-09-20,20260920-004308-4e5af134,PRJ-20260920-0049,Office-to-Residential Conversion - Atlanta / Georgia - JLB Pursuing Buckhead Office-to-Apartments Conversion,80,AST-20260920-062,art_1d52cfb4e6bbc0bc,Saratoga Capital Pays $98.4M at Auction for Atlanta Apartment Community,https://www.connectcre.com/stories/saratoga-capital-pays-98-4m-at-auction-for-atlanta-apartment-community/,"Wed, 12 Aug 2026 14:09:31 +0000","Atlanta & Southeast News In Your Inbox Sign up for Connect emails to stay informed with CRE stories that are 150 words or less. Atlanta & Southeast + Atlanta + Apartments | August 12, 2026 By: Mike Boyd Saratoga Capital Pays $98.4M at Auction for Atlanta Apartment Community Saratoga Capital Partners bought the 336-unit Generation Atlanta community on Centennial Olympic Park Drive for $98.4 million in a foreclosure auction. Frankforter Group was the building’s previous owner. In late 2021, Frankf",valid,title/source/url metadata are internally consistent,Development Activity,Market Intelligence,repeat_penalized,,,,,2026-08-12,2026-09-20,39,old_31d_plus,old,published date parsed; article age 39 day(s),5,open,Acquisition - Atlanta / Georgia - Saratoga Capital Pays $98.4M at Auction for Atlanta Apartment Community,Acquisition - Atlanta / Georgia - Saratoga Capital Pays $98.4M at Auction for Atlanta Apartment Community,Atlanta,General submarket monitoring,Atlanta,Los Angeles,Unknown,Apartment,Apartment,Unknown,Unknown,Unknown,Unknown,Unknown,Unknown,No explicit timing reference,,$98.4M; $98.4M; $98.4 million,,Acquisition,General Asset Signal,Existing asset sale,Unknown,excluded,transaction / capital guard: acquisition,22,0,Low relevance,Monitor asset-level signal for repeated confirmation,Saratoga Capital Pays $98.4M at Auction for Atlanta Apartment Community,Connect CRE Atlanta,https://www.connectcre.com/stories/saratoga-capital-pays-98-4m-at-auction-for-atlanta-apartment-community/,Low
2026-09-20,20260920-004308-4e5af134,PRJ-20260920-0049,Office-to-Residential Conversion - Atlanta / Georgia - JLB Pursuing Buckhead Office-to-Apartments Conversion,80,AST-20260920-070,art_4addc8979f06a523,JLB Pursuing Buckhead Office-to-Apartments Conversion,https://www.connectcre.com/stories/jlb-pursuing-buckhead-office-to-apartments-conversion/,"Tue, 11 Aug 2026 14:07:02 +0000","Atlanta & Southeast News In Your Inbox Sign up for Connect emails to stay informed with CRE stories that are 150 words or less. Atlanta & Southeast + Atlanta + Apartments | August 11, 2026 By: Mike Boyd JLB Pursuing Buckhead Office-to-Apartments Conversion JLB Partners plans to redevelop a seven-story building at 470 E. Paces Ferry Road in Buckhead Village. The Atlanta Business Chronicle reports the project consists of 314 apartments in what was once a mid-century office building. On Maple Drive",valid,title/source/url metadata are internally consistent,Development Activity,,repeat_penalized,,,,,2026-08-11,2026-09-20,40,old_31d_plus,old,published date parsed; article age 40 day(s),5,open,Office-to-Residential Conversion - Atlanta / Georgia - JLB Pursuing Buckhead Office-to-Apartments Conversion,Office-to-Residential Conversion - Atlanta / Georgia - JLB Pursuing Buckhead Office-to-Apartments Conversion,Atlanta,Office conversion corridor,Atlanta,Los Angeles,Unknown,Apartment,Office-to-Residential,Unknown,Unknown,Unknown,Unknown,Unknown,Unknown,No explicit timing reference,314 apartments,,,Office-to-Residential Conversion,Office-to-Residential Conversion,Unknown site control,Unknown,construction_delivery_watch,matched development / asset strategy execution,22,0,Low relevance,Monitor office conversion feasibility and policy support,JLB Pursuing Buckhead Office-to-Apartments Conversion,Connect CRE Atlanta,https://www.connectcre.com/stories/jlb-pursuing-buckhead-office-to-apartments-conversion/,Low
2026-09-20,20260920-004308-4e5af134,PRJ-20260920-0049,Office-to-Residential Conversion - Atlanta / Georgia - JLB Pursuing Buckhead Office-to-Apartments Conversion,80,AST-20260920-071,art_74b6034bca9c58bb,ParkProperty Acquires 280-Unit Buckhead Apartment Community,https://www.connectcre.com/stories/parkproperty-acquires-280-unit-buckhead-apartment-community/,"Thu, 13 Aug 2026 14:27:04 +0000","Atlanta & Southeast News In Your Inbox Sign up for Connect emails to stay informed with CRE stories that are 150 words or less. Atlanta & Southeast + Atlanta + Apartments | August 13, 2026 By: Mike Boyd ParkProperty Acquires 280-Unit Buckhead Apartment Community ParkProperty Capital acquired The Jane, a 280-unit multifamily in the Brookwood district of Atlanta, adjacent to Buckhead. The property was traded for $75 million. CWS Capital Partners was the seller. The property was named after the loc",valid,title/source/url metadata are internally consistent,Development Activity,GP / Capital Activity,repeat_penalized,,,,,2026-08-13,2026-09-20,38,old_31d_plus,old,published date parsed; article age 38 day(s),5,open,Acquisition - Atlanta / Georgia - ParkProperty Acquires 280-Unit Buckhead Apartment Community,Acquisition - Atlanta / Georgia - ParkProperty Acquires 280-Unit Buckhead Apartment Community,Atlanta,General submarket monitoring,Atlanta,Los Angeles,Unknown,Apartment,Apartment,Unknown,Unknown,Unknown,Unknown,Unknown,Unknown,No explicit timing reference,,$75 million; $75 million,,Acquisition,General Asset Signal,Existing asset sale,Unknown,excluded,transaction / capital guard: acquisition,17,0,Low relevance,Monitor asset-level signal for repeated confirmation,ParkProperty Acquires 280-Unit Buckhead Apartment Community,Connect CRE Atlanta,https://www.connectcre.com/stories/parkproperty-acquires-280-unit-buckhead-apartment-community/,Low
2026-09-20,20260920-004308-4e5af134,PRJ-20260920-0024,JLB Pursuing Buckhead Office-to-Apartments Conversion,80,AST-20260920-021,art_4addc8979f06a523,JLB Pursuing Buckhead Office-to-Apartments Conversion,https://www.connectcre.com/stories/jlb-pursuing-buckhead-office-to-apartments-conversion/,"Tue, 11 Aug 2026 14:07:02 +0000","Atlanta & Southeast News In Your Inbox Sign up for Connect emails to stay informed with CRE stories that are 150 words or less. Atlanta & Southeast + Atlanta + Apartments | August 11, 2026 By: Mike Boyd JLB Pursuing Buckhead Office-to-Apartments Conversion JLB Partners plans to redevelop a seven-story building at 470 E. Paces Ferry Road in Buckhead Village. The Atlanta Business Chronicle reports the project consists of 314 apartments in what was once a mid-century office building. On Maple Drive",valid,title/source/url metadata are internally consistent,Development Activity,,repeat_penalized,True,unit/site count: 314 apartments; address/street: 470 e. paces ferry road; project/asset term: project,high,Project / Asset,2026-08-11,2026-09-20,40,old_31d_plus,old,published date parsed; article age 40 day(s),5,open,JLB Pursuing Buckhead Office-to-Apartments Conversion,JLB Pursuing Buckhead Office-to-Apartments Conversion,470 E. Paces Ferry Road,General submarket monitoring,Atlanta,Los Angeles,Atlanta / Georgia,Apartment,Apartment,,,Unknown,Unknown,Unknown,Unknown,2026,,,,General Asset Signal,General Asset Signal,Unknown site control,Unknown,construction_delivery_watch,matched development / asset strategy execution,13,0,Low relevance,Monitor asset-level signal for repeated confirmation,JLB Pursuing Buckhead Office-to-Apartments Conversion,Connect CRE Atlanta,https://www.connectcre.com/stories/jlb-pursuing-buckhead-office-to-apartments-conversion/,Low
2026-09-20,20260920-004308-4e5af134,PRJ-20260920-0138,Disposition / Exit - Other / Unknown - Dakota Pointe Sells for $15.3M as Private Capital Targets Stabilized Midwest Multifamily,80,AST-20260920-080,art_266f44ae4fd99ed0,2026 Resident Experience Management Report,https://www.multifamilyexecutive.com/premium/whitepaper/753766,"Thu, 25 Jun 2026 15:50:39 +0000","eBook 2026 Resident Experience Management Report Cover_Zego.png Resident retention is moving in the wrong direction at exactly the moment multifamily operators can least afford it. After reaching 60% in 2024, average retention rates have slipped to 57%. That three-point decline might look modest on a spreadsheet, but with turnover costing operators roughly $4,000 per unit, even a small dip in performance adds up to a significant hit to NOI across a portfolio. While property managers frequently a",low_value_promotional,promotional/event keyword: whitepaper,Excluded,,repeat_penalized,,,,,2026-06-25,2026-09-20,87,old_31d_plus,archive,published date parsed; article age 87 day(s),0,open,General Project Signal - Other / Unknown - 2026 Resident Experience Management Report,General Project Signal - Other / Unknown - 2026 Resident Experience Management Report,Unknown,General submarket monitoring,Unknown,Other / Unknown,Unknown,Multifamily,Multifamily,Unknown,Unknown,Unknown,Unknown,Unknown,Unknown,2026,250 units,$4; $4; $90,,General Project Signal,General Asset Signal,Unknown site control,Unknown,construction_delivery_watch,matched development / asset strategy execution,3,0,Low relevance,Monitor asset-level signal for repeated confirmation,2026 Resident Experience Management Report,Multifamily Executive,https://www.multifamilyexecutive.com/premium/whitepaper/753766,Low
2026-09-20,20260920-004308-4e5af134,PRJ-20260920-0138,Disposition / Exit - Other / Unknown - Dakota Pointe Sells for $15.3M as Private Capital Targets Stabilized Midwest Multifamily,80,AST-20260920-090,art_e7fcf1171af1b281,Share of Apartments Built in Buildings with 50+ Units Moves Higher in 2025,https://eyeonhousing.org/2026/07/share-of-apartments-built-in-buildings-with-50-units-moves-higher-in-2025/,"Mon, 27 Jul 2026 14:16:05 +0000","Share of Apartments Built in Buildings with 50+ Units Moves Higher in 2025 – Eye On Housing Skip to content Share of Apartments Built in Buildings with 50+ Units Moves Higher in 2025 July 27, 2026 Jesse Wade No Comments Following the highest number of multifamily completions in nearly 40 years in 2024, completions declined in 2025 to 484,000, according to NAHB analysis of the Census Bureau’s Survey of Construction . For the ninth consecutive year, a majority of new multifamily units were in buil",valid,title/source/url metadata are internally consistent,Development Activity,,repeat_penalized,,,,,2026-07-27,2026-09-20,55,old_31d_plus,old,published date parsed; article age 55 day(s),5,open,General Project Signal - Other / Unknown - Share of Apartments Built in Buildings with 50+ Units Moves Higher in 2025,General Project Signal - Other / Unknown - Share of Apartments Built in Buildings with 50+ Units Moves Higher in 2025,Unknown,General submarket monitoring,Unknown,Other / Unknown,Unknown,Apartment,Apartment,Unknown,Unknown,Unknown,Unknown,Unknown,Unknown,in 2025,,,,General Project Signal,General Asset Signal,Unknown site control,Unknown,construction_delivery_watch,matched development / asset strategy execution,2,0,Low relevance,Monitor asset-level signal for repeated confirmation,Share of Apartments Built in Buildings with 50+ Units Moves Higher in 2025,NAHB Eye on Housing - Multifamily,https://eyeonhousing.org/2026/07/share-of-apartments-built-in-buildings-with-50-units-moves-higher-in-2025/,Low
2026-09-20,20260920-004308-4e5af134,PRJ-20260920-0138,Disposition / Exit - Other / Unknown - Dakota Pointe Sells for $15.3M as Private Capital Targets Stabilized Midwest Multifamily,80,AST-20260920-091,art_8b28c10c647e7f21,Multifamily Absorption Rate Remains Below 50%,https://eyeonhousing.org/2026/08/multifamily-absorption-rate-remains-below-50-2/,"Fri, 28 Aug 2026 13:47:59 +0000","Multifamily Absorption Rate Remains Below 50% – Eye On Housing Skip to content Multifamily Absorption Rate Remains Below 50% August 28, 2026 Jesse Wade No Comments The percentage of new apartment units that were absorbed within three months after completion was down five percentage points in the first quarter, according to the Census Bureau’s latest release of the Survey of Market Absorption of New Multifamily Units (SOMA). An apartment or condo unit is considered absorbed into the market when i",valid,title/source/url metadata are internally consistent,Market Intelligence,,repeat_penalized,,,,,2026-08-28,2026-09-20,23,old_31d_plus,old,published date parsed; article age 23 day(s),5,open,General Project Signal - Other / Unknown - Multifamily Absorption Rate Remains Below 50%,General Project Signal - Other / Unknown - Multifamily Absorption Rate Remains Below 50%,Unknown,General submarket monitoring,Unknown,Other / Unknown,Unknown,Apartment,Apartment,Unknown,Unknown,Unknown,Unknown,Unknown,Unknown,No explicit timing reference,,,,General Project Signal,General Asset Signal,Unknown site control,Unknown,excluded,excluded generic policy / market article,1,0,Low relevance,Monitor asset-level signal for repeated confirmation,Multifamily Absorption Rate Remains Below 50%,NAHB Eye on Housing - Multifamily,https://eyeonhousing.org/2026/08/multifamily-absorption-rate-remains-below-50-2/,Low
2026-09-20,20260920-004308-4e5af134,PRJ-20260920-0138,Disposition / Exit - Other / Unknown - Dakota Pointe Sells for $15.3M as Private Capital Targets Stabilized Midwest Multifamily,80,AST-20260920-087,art_bbf68370d5e8064d,First Quarter 2026 Multifamily Construction Data,https://eyeonhousing.org/2026/05/first-quarter-2026-multifamily-construction-data/,"Tue, 26 May 2026 12:31:00 +0000","First Quarter 2026 Multifamily Construction Data – Eye On Housing Skip to content First Quarter 2026 Multifamily Construction Data May 26, 2026 Robert Dietz No Comments According to NAHB analysis of quarterly Census data, the count of multifamily, for-rent housing starts increased year-over-year during the first quarter of 2026. For the quarter, 107,000 multifamily residences started construction. Of this total, 103,000 were built-for-rent. This built-for-rent total was 21% higher than in the fi",valid,title/source/url metadata are internally consistent,Market Intelligence,,repeat_penalized,,,,,2026-05-26,2026-09-20,117,old_31d_plus,archive,published date parsed; article age 117 day(s),5,open,Development Start - Other / Unknown - First Quarter 2026 Multifamily Construction Data,Development Start - Other / Unknown - First Quarter 2026 Multifamily Construction Data,Unknown,General submarket monitoring,Unknown,Other / Unknown,Unknown,Multifamily,Multifamily,Unknown,Unknown,Unknown,Unknown,Unknown,Unknown,2026,,,,Development Start,Development Start,Unknown site control,Unknown,construction_delivery_watch,matched development / asset strategy execution,0,0,Low relevance,Monitor asset-level signal for repeated confirmation,First Quarter 2026 Multifamily Construction Data,NAHB Eye on Housing - Multifamily,https://eyeonhousing.org/2026/05/first-quarter-2026-multifamily-construction-data/,Low
2026-09-20,20260920-004308-4e5af134,PRJ-20260920-0138,Disposition / Exit - Other / Unknown - Dakota Pointe Sells for $15.3M as Private Capital Targets Stabilized Midwest Multifamily,80,AST-20260920-088,art_695932dbcd227470,Fourth Quarter 2025 Multifamily Construction Data,https://eyeonhousing.org/2026/03/fourth-quarter-2025-multifamily-construction-data/,"Thu, 19 Mar 2026 12:35:00 +0000","Fourth Quarter 2025 Multifamily Construction Data – Eye On Housing Skip to content Fourth Quarter 2025 Multifamily Construction Data March 19, 2026 Robert Dietz No Comments According to NAHB analysis of quarterly Census data, the count of multifamily, for-rent housing starts increased year-over-year during the fourth quarter of 2025. For the quarter, 96,000 multifamily residences started construction. Of this total, 91,000 were built-for-rent. This built-for-rent total was 18% higher than in the",valid,title/source/url metadata are internally consistent,Market Intelligence,,repeat_penalized,,,,,2026-03-19,2026-09-20,185,old_31d_plus,archive,published date parsed; article age 185 day(s),5,open,Development Start - Other / Unknown - Fourth Quarter 2025 Multifamily Construction Data,Development Start - Other / Unknown - Fourth Quarter 2025 Multifamily Construction Data,Unknown,General submarket monitoring,Unknown,Other / Unknown,Unknown,Multifamily,Multifamily,Unknown,Unknown,Unknown,Unknown,Unknown,Unknown,2025,,,,Development Start,Development Start,Unknown site control,Unknown,construction_delivery_watch,matched development / asset strategy execution,0,0,Low relevance,Monitor asset-level signal for repeated confirmation,Fourth Quarter 2025 Multifamily Construction Data,NAHB Eye on Housing - Multifamily,https://eyeonhousing.org/2026/03/fourth-quarter-2025-multifamily-construction-data/,Low
2026-09-20,20260920-004308-4e5af134,PRJ-20260920-0138,Disposition / Exit - Other / Unknown - Dakota Pointe Sells for $15.3M as Private Capital Targets Stabilized Midwest Multifamily,80,AST-20260920-092,art_d4039cdfbf50dd7d,NAHB HBGI: Micro Markets Lone Bright Spot for Single-Family Building in Fourth Quarter,https://eyeonhousing.org/2026/03/nahb-hbgi-micro-markets-lone-bright-spot-for-single-family-building-in-fourth-quarter/,"Mon, 30 Mar 2026 15:01:25 +0000","NAHB HBGI: Micro Markets Lone Bright Spot for Single-Family Building in Fourth Quarter – Eye On Housing Skip to content NAHB HBGI: Micro Markets Lone Bright Spot for Single-Family Building in Fourth Quarter March 30, 2026 Jesse Wade No Comments Single-family construction declined further in the fourth quarter in all but sparsely populated micro counties, according to the NAHB Home Building Geography Index (HBGI). Meanwhile, multifamily construction showed growth in all markets for the first time",valid,title/source/url metadata are internally consistent,Market Intelligence,,repeat_penalized,,,,,2026-03-30,2026-09-20,174,old_31d_plus,archive,published date parsed; article age 174 day(s),5,open,Disposition / Exit - Other / Unknown - NAHB HBGI: Micro Markets Lone Bright Spot for Single-Family Building in Fourth Quarter,Disposition / Exit - Other / Unknown - NAHB HBGI: Micro Markets Lone Bright Spot for Single-Family Building in Fourth Quarter,Unknown,General submarket monitoring,Unknown,Other / Unknown,Unknown,Multifamily,Multifamily,Unknown,Unknown,Unknown,Unknown,Unknown,Unknown,No explicit timing reference,,,,Disposition / Exit,General Asset Signal,Existing asset sale,Unknown,excluded,transaction / capital guard: disposition,0,0,Low relevance,Monitor asset-level signal for repeated confirmation,NAHB HBGI: Micro Markets Lone Bright Spot for Single-Family Building in Fourth Quarter,NAHB Eye on Housing - Multifamily,https://eyeonhousing.org/2026/03/nahb-hbgi-micro-markets-lone-bright-spot-for-single-family-building-in-fourth-quarter/,Low
