run_date,run_id,collected_at,source,source_category,source_tier,coverage_focus,platform_type,residential_sector,published,relevance_score,priority,action_level,market_focus,strategic_angle,decision_use,strategic_implication,woomi_relevance,recommended_next_step,reason_for_inclusion,market_signal,extracted_numbers,article_text_sample,llm_analysis_prompt,llm_prompt_quality_score,llm_prompt_quality_label,missing_prompt_context,gpt_strategic_analysis,topics,matched_keywords,title,url,previously_seen_article,article_id,canonical_market,market_tier,normalized_sector,event_tags,display_category,category_tags,exclude_from_feed,access_limited_reason,is_core_market,is_watchlist_market,source_reliability_status,canonical_article_id,source_page_url,extracted_article_title,access_status,content_access_status,original_url,article_integrity_status,article_integrity_reason,primary_display_section,secondary_display_sections,section_routing_reason,repeat_exposure_status,days_since_first_seen,published_date_normalized,collected_date_normalized,article_age_days,freshness_bucket,freshness_status,freshness_reason,freshness_score,repeat_penalty_reason,extracted_city,extracted_state,extracted_market_reason,gp_capital_activity_type,gp_capital_repeat_status,gp_capital_exclusion_reason,gp_capital_selected_flag,lead_entity,counterparties,entity_extraction_method,entity_extraction_confidence,entity_extraction_reason,has_project_anchor,project_anchor_reason,project_anchor_confidence,development_lifecycle_hint,rent_demand_flag,rent_demand_type,rent_demand_reason,gp_or_developer,lender_or_capital_partner,capital_provider,institutional_partner,lead_sponsor,jv_partner,primary_topic,secondary_topic,capital_event_type,development_stage,supply_demand_signal,institutional_activity_type,financing_type,asset_strategy,entity_role,market_relevance_reason,classification_confidence,classification_reason,article_richness_score,strategic_relevance_score,strategic_relevance_reason,representative_evidence_score
2026-07-28,20260728-235943-eac269a1,2026-07-28 23:57:55,Multifamily Executive,Core Multifamily News,Tier 1,national_multifamily,Other,Multifamily,"Tue, 05 May 2026 15:14:42 +0000",100,High,Must Read,National,Financing Risk; Rent Growth / Demand,Track Financing Conditions; Track Rent / Vacancy Trend,"Monitor financing conditions because the article includes concession, concessions, construction and no specific number, which may affect construction loans, refinancing risk, and exit cap rates.",High relevance to US residential developer strategy,Read full article,"Included because it scored 100 and mentions concession, concessions, construction, with a Financing Risk; Rent Growth / Demand angle for National.",No Clear Numeric Signal,,"Webinar The Market Data that Matters for the rest of 2026: A Chat with Zillow’s Chief Economist Available on-demand 60 Minutes Join Zillow Rentals and Zillow’s Chief Economist, Mischa Fisher, for a look back at the market in the first half of 2026, and what the forecast may hold for the rest of 2026. In less than 30-minutes, we’ll dig into what the data says about demand, pricing and concession rates across the country. Plus, we’ll explore what changes in employment, hiring or interest rates cou","You are a strategic research analyst for Woomi / Woomi Global.
Analyze the following US multifamily housing article for developer strategy.

Article context:
- Title: The Market Data that Matters for the rest of 2026: A Chat with Zillow’s Chief Economist
- Source: Multifamily Executive
- URL: https://www.multifamilyexecutive.com/premium/webinar/752676
- Market focus: National
- Strategic angle: Financing Risk; Rent Growth / Demand
- Market signal: No Clear Numeric Signal
- Extracted numbers: None detected
- Strategic implication: Monitor financing conditions because the article includes concession, concessions, construction and no specific number, which may affect construction loans, refinancing risk, and exit cap rates.
- Woomi relevance: High relevance to US residential developer strategy

Please answer in concise bullet points:
1. Why does this article matter for a US multifamily developer?
2. What is the implication for Woomi / Woomi Global?
3. What risk or opportunity does this indicate?
4. What follow-up question should the strategy team ask?",82,Good,missing extracted numbers; missing market signal,"Rule-based interpretation: Multifamily Executive article 'The Market Data that Matters for the rest of 2026: A Chat with Zillow’s Chief Economist' is classified as priority review for National. It points to financing, refinancing, or debt-market conditions. Treat as a briefing input, not a standalone investment conclusion; confirm with source diversity, repeat observation, and market-specific evidence.",Macro & Financing; Supply & Demand; Development Strategy,concession; concessions; construction; financing; interest rate; migration; multifamily; rent growth; renter; renters,The Market Data that Matters for the rest of 2026: A Chat with Zillow’s Chief Economist,https://www.multifamilyexecutive.com/premium/webinar/752676,Yes,art_af2390897706e418,Other / Unknown,other,Multifamily,market data/supply-demand; rent/occupancy/absorption,개발/인허가,개발/인허가; 운영/임대; 시장 데이터,No,article page appears accessible from collected text,No,No,standard,art_af2390897706e418,https://www.multifamilyexecutive.com/premium/webinar/752676,The Market Data that Matters for the rest of 2026: A Chat with Zillow’s Chief Economist,open,open,https://www.multifamilyexecutive.com/premium/webinar/752676,low_value_promotional,chat-with-chief-economist promotional format,Excluded,,low_value_promotional: chat-with-chief-economist promotional format,repeat_penalized,70,2026-05-05,2026-07-28,84,old_31d_plus,archive,published date parsed; article age 84 day(s),0,published date parsed; article age 84 day(s); previously seen article; article integrity penalty,,,used broad market bucket: National,debt_financing,repeat_penalized,"repeat exposure penalty; article integrity issue; historical article over 30 days old; event, webinar, or thin promotional article",No,Participant not identified,,unresolved,unresolved,"No institution name detected in dictionary, title, summary, or source text.",False,"no identifiable project, asset, site, address, or unit-count anchor",none,,No,,,,,,,,,supply_demand,macro_financing,none,none,effective_rent_growth; concession,none,none,unknown,lender; developer,Market reference detected as National.,low,"Supply/demand terms detected: effective_rent_growth, concession. Primary topic set to supply_demand; confidence low.",60,0,sponsor expansion; lease-up or absorption behavior; event/webinar or promotion; integrity penalty; classification confidence penalty,0
2026-07-28,20260728-235943-eac269a1,2026-07-28 23:58:01,Connect CRE,Core Multifamily News,Tier 1,development_pipeline;gp_activity;national_multifamily,Other,Apartment,"Tue, 28 Jul 2026 21:43:26 +0000",100,High,Must Read,New York City / New York,Institutional Flow; Developer Strategy,Track Institutional Capital Flow; Track Developer Strategy,"Track this as institutional capital flow because it mentions major capital players, portfolio transactions, deal size, or cap-rate signals.",High relevance to US residential developer strategy,Read full article,"Included because it scored 100 and mentions apartment, apartments, construction, with a Institutional Flow; Developer Strategy angle for New York City / New York.",No Clear Numeric Signal,,"New York & Tri-State CRE News In Your Inbox. Sign up for Connect emails to stay informed with CRE stories that are 150 words or less. New York & Tri-State + Downtown New York + Apartments | July 28, 2026 By: Paul Bubny Sky Equity Goes Vertical on Tribeca Condos Sky Equity Group, the New York City-based real estate development firm founded by Simon Dushinsky, one of New York’s most active developers, has launched vertical construction at 65 Franklin St., an upcoming luxury condominium in Manhatta","You are a strategic research analyst for Woomi / Woomi Global.
Analyze the following US multifamily housing article for developer strategy.

Article context:
- Title: Sky Equity Goes Vertical on Tribeca Condos
- Source: Connect CRE
- URL: https://www.connectcre.com/stories/sky-equity-goes-vertical-on-tribeca-condos/
- Market focus: New York City / New York
- Strategic angle: Institutional Flow; Developer Strategy
- Market signal: No Clear Numeric Signal
- Extracted numbers: None detected
- Strategic implication: Track this as institutional capital flow because it mentions major capital players, portfolio transactions, deal size, or cap-rate signals.
- Woomi relevance: High relevance to US residential developer strategy

Please answer in concise bullet points:
1. Why does this article matter for a US multifamily developer?
2. What is the implication for Woomi / Woomi Global?
3. What risk or opportunity does this indicate?
4. What follow-up question should the strategy team ask?",82,Good,missing extracted numbers; missing market signal,"Rule-based interpretation: Connect CRE article 'Sky Equity Goes Vertical on Tribeca Condos' is classified as priority review for New York City / New York. It points to institutional capital movement or transaction activity. Treat as a briefing input, not a standalone investment conclusion; confirm with source diversity, repeat observation, and market-specific evidence.",Macro & Financing; Development Strategy; Market Players & Deals,apartment; apartments; construction; developer; development; sale,Sky Equity Goes Vertical on Tribeca Condos,https://www.connectcre.com/stories/sky-equity-goes-vertical-on-tribeca-condos/,No,art_8cf6b435feb5b5ec,New York / Northern New Jersey,core_15,Multifamily,under construction,개발/인허가,개발/인허가; 거래/투자; 시장 데이터,No,article page appears accessible from collected text,Yes,No,standard,art_8cf6b435feb5b5ec,https://www.connectcre.com/stories/sky-equity-goes-vertical-on-tribeca-condos/,Sky Equity Goes Vertical on Tribeca Condos,open,open,https://www.connectcre.com/stories/sky-equity-goes-vertical-on-tribeca-condos/,valid,title/source/url metadata are internally consistent,Development Activity,,development_project_anchor: Project / Asset (address/street: 65 franklin st; project/asset term: development),new_or_fresh,0,2026-07-28,2026-07-28,0,fresh_0_3d,fresh,published date parsed; article age 0 day(s),100,fresh article or no repeat penalty,New York City,New York,matched city/metro keyword: New York City,disposition_exit,new_candidate,development article without confirmed capital event,No,Tribeca Condos Sky Equity Group,,capital_event_sentence,medium,Inferred entity from source text near capital-event language.,True,address/street: 65 franklin st; project/asset term: development,high,Project / Asset,No,,,Tribeca Condos Sky Equity Group,,,,Tribeca Condos Sky Equity Group,,development_pipeline,none,none,under_construction,none,none,none,unknown,lender; developer,Market reference detected as New York City / New York.,low,Development-stage terms detected: under_construction. Primary topic set to development_pipeline; confidence low.,60,40,classification confidence penalty,46
2026-07-28,20260728-235943-eac269a1,2026-07-28 23:58:03,Connect CRE,Core Multifamily News,Tier 1,development_pipeline;gp_activity;national_multifamily,Other,Mixed-Use Residential,"Tue, 28 Jul 2026 20:36:43 +0000",100,High,Must Read,Miami / Florida,Financing Risk,Track Financing Conditions,"Monitor financing conditions because the article includes apartment, apartments, construction and $16m, $16.54 million, which may affect construction loans, refinancing risk, and exit cap rates.",High relevance to US residential developer strategy,Read full article,"Included because it scored 100 and mentions apartment, apartments, construction, with a Financing Risk angle for Miami / Florida.",No Clear Numeric Signal,$16m; $16.54 million,"Chicago & Midwest CRE News In Your Inbox. Sign up for Connect emails to stay informed with CRE stories that are 150 words or less. Chicago & Midwest + Midwest + Apartments | July 28, 2026 By: Jasmine Kilman Marcus & Millichap Capital Corporation Arranges $16M for Green Bay MF Construction Marcus & Millichap Capital Corporation (MMCC) arranged $16.54 million in financing for the construction of Common Place Phase II, a 91-unit mixed-use multifamily property with a first-floor retail unit located ","You are a strategic research analyst for Woomi / Woomi Global.
Analyze the following US multifamily housing article for developer strategy.

Article context:
- Title: Marcus & Millichap Capital Corporation Arranges $16M for Green Bay MF Construction
- Source: Connect CRE
- URL: https://www.connectcre.com/stories/marcus-millichap-capital-corporation-arranges-16m-for-green-bay-mf-construction/
- Market focus: Miami / Florida
- Strategic angle: Financing Risk
- Market signal: No Clear Numeric Signal
- Extracted numbers: $16m; $16.54 million
- Strategic implication: Monitor financing conditions because the article includes apartment, apartments, construction and $16m, $16.54 million, which may affect construction loans, refinancing risk, and exit cap rates.
- Woomi relevance: High relevance to US residential developer strategy

Please answer in concise bullet points:
1. Why does this article matter for a US multifamily developer?
2. What is the implication for Woomi / Woomi Global?
3. What risk or opportunity does this indicate?
4. What follow-up question should the strategy team ask?",90,Excellent,missing market signal,"Rule-based interpretation: Connect CRE article 'Marcus & Millichap Capital Corporation Arranges $16M for Green Bay MF Construction' is classified as priority review for Miami / Florida. It points to financing, refinancing, or debt-market conditions. Treat as a briefing input, not a standalone investment conclusion; confirm with source diversity, repeat observation, and market-specific evidence.",Macro & Financing; Supply & Demand; Development Strategy,apartment; apartments; construction; financing; midwest; multifamily,Marcus & Millichap Capital Corporation Arranges $16M for Green Bay MF Construction,https://www.connectcre.com/stories/marcus-millichap-capital-corporation-arranges-16m-for-green-bay-mf-construction/,No,art_4036df02649d7882,Miami / Florida,other,Mixed-use Residential,market data/supply-demand,개발/인허가,개발/인허가; 시장 데이터,No,article page appears accessible from collected text,No,No,standard,art_4036df02649d7882,https://www.connectcre.com/stories/marcus-millichap-capital-corporation-arranges-16m-for-green-bay-mf-construction/,Marcus & Millichap Capital Corporation Arranges $16M for Green Bay MF Construction,open,open,https://www.connectcre.com/stories/marcus-millichap-capital-corporation-arranges-16m-for-green-bay-mf-construction/,valid,title/source/url metadata are internally consistent,Development Activity,Market Intelligence,development_project_anchor: Project / Asset (unit/site count: 91-unit; project/asset term: apartments),new_or_fresh,0,2026-07-28,2026-07-28,0,fresh_0_3d,fresh,published date parsed; article age 0 day(s),100,fresh article or no repeat penalty,,,used broad market bucket: Miami / Florida,debt_financing,new_candidate,development article without confirmed capital event,No,Millichap Capital Corporation,Marcus & Millichap; Millichap Capital,dictionary_match,high,"Matched known institutional / GP entity in title, summary, or source text.",True,unit/site count: 91-unit; project/asset term: apartments,high,Project / Asset,No,,,Millichap Capital Corporation,Millichap Capital Corporation,Marcus & Millichap,Marcus & Millichap; Millichap Capital,Millichap Capital Corporation,Marcus & Millichap; Millichap Capital,macro_financing,none,none,none,none,none,none,mixed_use,lender; broker; developer,Market reference detected as Miami / Florida.,unknown,No clear rule-based event keyword was detected. Primary topic set to macro_financing; confidence unknown.,60,58,multi-phase development; classification confidence penalty,54
2026-07-28,20260728-235943-eac269a1,2026-07-28 23:58:05,Connect CRE,Core Multifamily News,Tier 1,development_pipeline;gp_activity;national_multifamily,Other,Apartment,"Tue, 28 Jul 2026 20:18:21 +0000",100,High,Must Read,San Francisco / California,Institutional Flow,Track Institutional Capital Flow,"Track this as institutional capital flow because it mentions major capital players, portfolio transactions, deal size, or cap-rate signals.",High relevance to US residential developer strategy,Read full article,"Included because it scored 100 and mentions apartment, apartments, bell partners, with a Institutional Flow angle for San Francisco / California.",No Clear Numeric Signal,,"California CRE News In Your Inbox. Sign up for Connect emails to stay informed with CRE stories that are 150 words or less. California + Bay Area + Apartments | July 28, 2026 By: Paul Bubny Sares Regis Trades South San Francisco Multifamily to Bell Partners Sares Regis Group of Northern California and Bell Partners LLC announced the sale of Celeste Apartments, a 195-unit multifamily community in South San Francisco. The LEED Silver certified property, located at 401 Cypress Ave. and adjacent to ","You are a strategic research analyst for Woomi / Woomi Global.
Analyze the following US multifamily housing article for developer strategy.

Article context:
- Title: Sares Regis Trades South San Francisco Multifamily to Bell Partners
- Source: Connect CRE
- URL: https://www.connectcre.com/stories/sares-regis-trades-south-san-francisco-multifamily-to-bell-partners/
- Market focus: San Francisco / California
- Strategic angle: Institutional Flow
- Market signal: No Clear Numeric Signal
- Extracted numbers: None detected
- Strategic implication: Track this as institutional capital flow because it mentions major capital players, portfolio transactions, deal size, or cap-rate signals.
- Woomi relevance: High relevance to US residential developer strategy

Please answer in concise bullet points:
1. Why does this article matter for a US multifamily developer?
2. What is the implication for Woomi / Woomi Global?
3. What risk or opportunity does this indicate?
4. What follow-up question should the strategy team ask?",82,Good,missing extracted numbers; missing market signal,"Rule-based interpretation: Connect CRE article 'Sares Regis Trades South San Francisco Multifamily to Bell Partners' is classified as priority review for San Francisco / California. It points to institutional capital movement or transaction activity. Treat as a briefing input, not a standalone investment conclusion; confirm with source diversity, repeat observation, and market-specific evidence.",Macro & Financing; Market Players & Deals,apartment; apartments; bell partners; multifamily; sale,Sares Regis Trades South San Francisco Multifamily to Bell Partners,https://www.connectcre.com/stories/sares-regis-trades-south-san-francisco-multifamily-to-bell-partners/,No,art_0a3a0dedd5e35bb4,San Francisco / California,other,Multifamily,,거래/투자,거래/투자; 시장 데이터,No,article page appears accessible from collected text,No,No,standard,art_0a3a0dedd5e35bb4,https://www.connectcre.com/stories/sares-regis-trades-south-san-francisco-multifamily-to-bell-partners/,Sares Regis Trades South San Francisco Multifamily to Bell Partners,open,open,https://www.connectcre.com/stories/sares-regis-trades-south-san-francisco-multifamily-to-bell-partners/,valid,title/source/url metadata are internally consistent,Development Activity,GP / Capital Activity,development_project_anchor: capital event with identifiable project/asset (unit/site count: 195-unit; address/street: 401 cypress ave; project/asset term: community),new_or_fresh,0,2026-07-28,2026-07-28,0,fresh_0_3d,fresh,published date parsed; article age 0 day(s),100,fresh article or no repeat penalty,San Francisco,California,matched city/metro keyword: San Francisco,disposition_exit,new_candidate,development article without confirmed capital event,No,Bell Partners,Bell Partners Sares Regis Group,title_lead_pattern,medium,Inferred entity from headline lead segment and capital-event verb.,True,unit/site count: 195-unit; address/street: 401 cypress ave; project/asset term: community,high,Project / Asset,No,,,Bell Partners,,Bell Partners Sares Regis Group,Bell Partners Sares Regis Group,Bell Partners,Bell Partners Sares Regis Group,transaction_market,capital_markets,disposition,none,none,none,none,unknown,lender,Market reference detected as San Francisco / California.,low,Capital event keywords detected: disposition. Primary topic set to transaction_market; confidence low.,60,40,classification confidence penalty,40
2026-07-28,20260728-235943-eac269a1,2026-07-28 23:58:18,Urbanize LA,Regional / California / LA Sources,Tier 2,development_pipeline;entitlement;la_california,Other,Affordable Housing,"Tue, 28 Jul 2026 13:10:00 +0000",100,High,Must Read,Los Angeles / California,Regulation Risk; Developer Strategy,Track Regulation Risk; Track Developer Strategy,"Track rent and vacancy conditions because the article points to demand, occupancy, rent, vacancy, or concession signals in Los Angeles / California.",High relevance to US residential developer strategy,Read full article,"Included because it scored 100 and mentions affordable housing, apartment, apartments, with a Regulation Risk; Developer Strategy angle for Los Angeles / California.",Rent Growth Signal,14 apartments; 113 apartments,"Mixed-use building slated for 20160 Roscoe Blvd. in Winnetka | Urbanize LA Skip to main content Advertisement Advertisement A commercial building in Winnetka is set to give way to a new mixed-use development, per an application filed yesterday with the Los Angeles Department of City Planning. The project from applicant Jonathan Azal, slated for a site at 20160 Roscoe Boulevard, calls for clearing the existing structure to make way for a new six-story edifice featuring 113 studio, one-, two-, and","You are a strategic research analyst for Woomi / Woomi Global.
Analyze the following US multifamily housing article for developer strategy.

Article context:
- Title: Mixed-use building slated for 20160 Roscoe Blvd. in Winnetka
- Source: Urbanize LA
- URL: https://la.urbanize.city/post/mixed-use-building-slated-20160-roscoe-blvd-winnetka
- Market focus: Los Angeles / California
- Strategic angle: Regulation Risk; Developer Strategy
- Market signal: Rent Growth Signal
- Extracted numbers: 14 apartments; 113 apartments
- Strategic implication: Track rent and vacancy conditions because the article points to demand, occupancy, rent, vacancy, or concession signals in Los Angeles / California.
- Woomi relevance: High relevance to US residential developer strategy

Please answer in concise bullet points:
1. Why does this article matter for a US multifamily developer?
2. What is the implication for Woomi / Woomi Global?
3. What risk or opportunity does this indicate?
4. What follow-up question should the strategy team ask?",98,Excellent,None,"Rule-based interpretation: Urbanize LA article 'Mixed-use building slated for 20160 Roscoe Blvd. in Winnetka' is classified as priority review for Los Angeles / California. It points to entitlement, zoning, permitting, or policy conditions. Treat as a briefing input, not a standalone investment conclusion; confirm with source diversity, repeat observation, and market-specific evidence.",Development Strategy; Policy & Regulation,affordable housing; apartment; apartments; construction; density bonus; development; entitlement; permit; zoning,Mixed-use building slated for 20160 Roscoe Blvd. in Winnetka,https://la.urbanize.city/post/mixed-use-building-slated-20160-roscoe-blvd-winnetka,No,art_cd0f136255fc192f,Los Angeles / Southern California,core_15,Affordable Housing,development; permit/entitlement; policy/regulation; rent/occupancy/absorption,개발/인허가,개발/인허가; 운영/임대; 시장 데이터,No,limited source or insufficient readable article text,Yes,No,access_limited_source,art_cd0f136255fc192f,https://la.urbanize.city/post/mixed-use-building-slated-20160-roscoe-blvd-winnetka,Mixed-use building slated for 20160 Roscoe Blvd. in Winnetka,access_limited,access_limited,https://la.urbanize.city/post/mixed-use-building-slated-20160-roscoe-blvd-winnetka,valid,title/source/url metadata are internally consistent,Development Activity,Market Intelligence,development_project_anchor: Approval / Entitlement (address/street: 20160 roscoe blvd; site/parcel signal: site; project/asset term: project),new_or_fresh,0,2026-07-28,2026-07-28,0,fresh_0_3d,fresh,published date parsed; article age 0 day(s),88,limited page access,Los Angeles,California,matched city/metro keyword: Los Angeles,none,not_candidate,not a GP / capital candidate,No,,,,,,True,address/street: 20160 roscoe blvd; site/parcel signal: site; project/asset term: project,high,Approval / Entitlement,No,,,,,,,,,research_data,none,none,none,none,none,none,mixed_use,developer,Market reference detected as Los Angeles / California.,unknown,"Limited/paywalled article; classification is based on title, URL, source, and available lead text only. No clear rule-based event keyword was detected. Primary topic set to research_data; confidence unknown.",45,43,entitlement persistence; limited article: title/lead-based review needed; classification confidence penalty,39
2026-07-28,20260728-235943-eac269a1,2026-07-28 23:58:19,Urbanize LA,Regional / California / LA Sources,Tier 2,development_pipeline;entitlement;la_california,Other,Apartment,"Mon, 27 Jul 2026 13:05:00 +0000",100,High,Must Read,Los Angeles / California,Regulation Risk; Developer Strategy,Track Regulation Risk; Track Developer Strategy,"Track rent and vacancy conditions because the article points to demand, occupancy, rent, vacancy, or concession signals in Los Angeles / California.",High relevance to US residential developer strategy,Read full article,"Included because it scored 100 and mentions apartment, apartments, construction, with a Regulation Risk; Developer Strategy angle for Los Angeles / California.",Rent Growth Signal,93 apartments; 19 apartments; 71 apartments,"93 apartments approved for 8465 Glenoaks Ave. in Sun Valley | Urbanize LA Skip to main content Advertisement Advertisement The Los Angeles City Planning Commission has approved a proposal which calls for clearing a collision repair shop in Sun Valley for the construction of housing. The proposal from applicant Glenoaks Hills Rentals, Inc., slated for a property at 8465 - 8479 North Glenoaks Boulevard, calls for the construction of a four-story development featuring 93 apartments with parking for","You are a strategic research analyst for Woomi / Woomi Global.
Analyze the following US multifamily housing article for developer strategy.

Article context:
- Title: 93 apartments approved for 8465 Glenoaks Ave. in Sun Valley
- Source: Urbanize LA
- URL: https://la.urbanize.city/post/93-apartments-approved-8465-glenoaks-ave-sun-valley
- Market focus: Los Angeles / California
- Strategic angle: Regulation Risk; Developer Strategy
- Market signal: Rent Growth Signal
- Extracted numbers: 93 apartments; 19 apartments; 71 apartments
- Strategic implication: Track rent and vacancy conditions because the article points to demand, occupancy, rent, vacancy, or concession signals in Los Angeles / California.
- Woomi relevance: High relevance to US residential developer strategy

Please answer in concise bullet points:
1. Why does this article matter for a US multifamily developer?
2. What is the implication for Woomi / Woomi Global?
3. What risk or opportunity does this indicate?
4. What follow-up question should the strategy team ask?",98,Excellent,None,"Rule-based interpretation: Urbanize LA article '93 apartments approved for 8465 Glenoaks Ave. in Sun Valley' is classified as priority review for Los Angeles / California. It points to entitlement, zoning, permitting, or policy conditions. Treat as a briefing input, not a standalone investment conclusion; confirm with source diversity, repeat observation, and market-specific evidence.",Development Strategy,apartment; apartments; construction; density bonus; development; permit; zoning,93 apartments approved for 8465 Glenoaks Ave. in Sun Valley,https://la.urbanize.city/post/93-apartments-approved-8465-glenoaks-ave-sun-valley,Yes,art_191aca8f177649f9,Los Angeles / Southern California,core_15,Multifamily,development; permit/entitlement; policy/regulation; rent/occupancy/absorption,개발/인허가,개발/인허가; 운영/임대; 시장 데이터,No,limited source or insufficient readable article text,Yes,No,access_limited_source,art_191aca8f177649f9,https://la.urbanize.city/post/93-apartments-approved-8465-glenoaks-ave-sun-valley,93 apartments approved for 8465 Glenoaks Ave. in Sun Valley,access_limited,access_limited,https://la.urbanize.city/post/93-apartments-approved-8465-glenoaks-ave-sun-valley,valid,title/source/url metadata are internally consistent,Development Activity,,development_project_anchor: Approval / Entitlement (unit/site count: 93 apartments; address/street: 93 apartments approved for 8465 glenoaks ave; project/asset term: development),acceptable_repeat,0,2026-07-27,2026-07-28,1,fresh_0_3d,fresh,published date parsed; article age 1 day(s),70,previously seen article; limited page access,Los Angeles,California,matched city/metro keyword: Los Angeles,none,not_candidate,not a GP / capital candidate,No,,,,,,True,unit/site count: 93 apartments; address/street: 93 apartments approved for 8465 glenoaks ave; project/asset term: development,high,Approval / Entitlement,No,,,,,,,,,development_pipeline,none,none,entitlement,none,none,none,unknown,developer,Market reference detected as Los Angeles / California.,low,"Limited/paywalled article; classification is based on title, URL, source, and available lead text only. Development-stage terms detected: entitlement. Primary topic set to development_pipeline; confidence low.",60,47,entitlement persistence; limited article: title/lead-based review needed; classification confidence penalty,45
2026-07-28,20260728-235943-eac269a1,2026-07-28 23:58:20,Urbanize LA,Regional / California / LA Sources,Tier 2,development_pipeline;entitlement;la_california,Other,Multifamily,"Sat, 25 Jul 2026 13:15:00 +0000",100,High,Must Read,Santa Monica / California,Institutional Flow; Developer Strategy,Track Institutional Capital Flow; Track Developer Strategy,"Track rent and vacancy conditions because the article points to demand, occupancy, rent, vacancy, or concession signals in Los Angeles / California.",High relevance to US residential developer strategy,Read full article,"Included because it scored 100 and mentions conversion, developer, multifamily, with a Institutional Flow; Developer Strategy angle for Los Angeles / California.",Rent Growth Signal,$500m; $1b,"Graffiti tower cleanup begins, Homeless population grows, and more | Urbanize LA Skip to main content Advertisement Advertisement The city of Santa Monica has launched Santa Monica Renter Aid, a new program providing one-time or short-term financial assistance and housing stabilization services to eligible Santa Monica renter households experiencing a temporary housing crisis. The City of Santa Monica has launched a renter aid program providing one-time or short-term financial assistance to elig","You are a strategic research analyst for Woomi / Woomi Global.
Analyze the following US multifamily housing article for developer strategy.

Article context:
- Title: Graffiti tower cleanup begins, Homeless population grows, and more
- Source: Urbanize LA
- URL: https://la.urbanize.city/post/graffiti-tower-cleanup-begins-homeless-population-grows-and-more
- Market focus: Los Angeles / California
- Strategic angle: Institutional Flow; Developer Strategy
- Market signal: Rent Growth Signal
- Extracted numbers: $500m; $1b
- Strategic implication: Track rent and vacancy conditions because the article points to demand, occupancy, rent, vacancy, or concession signals in Los Angeles / California.
- Woomi relevance: High relevance to US residential developer strategy

Please answer in concise bullet points:
1. Why does this article matter for a US multifamily developer?
2. What is the implication for Woomi / Woomi Global?
3. What risk or opportunity does this indicate?
4. What follow-up question should the strategy team ask?",98,Excellent,None,"Rule-based interpretation: Urbanize LA article 'Graffiti tower cleanup begins, Homeless population grows, and more' is classified as priority review for Los Angeles / California. It points to institutional capital movement or transaction activity. Treat as a briefing input, not a standalone investment conclusion; confirm with source diversity, repeat observation, and market-specific evidence.",Macro & Financing; Development Strategy; Market Players & Deals,conversion; developer; multifamily; renter; sale,"Graffiti tower cleanup begins, Homeless population grows, and more",https://la.urbanize.city/post/graffiti-tower-cleanup-begins-homeless-population-grows-and-more,Yes,art_00ac8838d78658c8,Los Angeles / Southern California,core_15,Multifamily,rent/occupancy/absorption,개발/인허가,개발/인허가; 거래/투자; 운영/임대; 시장 데이터,No,limited source or insufficient readable article text,Yes,No,access_limited_source,art_00ac8838d78658c8,https://la.urbanize.city/post/graffiti-tower-cleanup-begins-homeless-population-grows-and-more,"Graffiti tower cleanup begins, Homeless population grows, and more",access_limited,access_limited,https://la.urbanize.city/post/graffiti-tower-cleanup-begins-homeless-population-grows-and-more,valid,title/source/url metadata are internally consistent,Market Intelligence,,market or policy article excluded from Development Activity by transaction guard,acceptable_repeat,2,2026-07-25,2026-07-28,3,fresh_0_3d,fresh,published date parsed; article age 3 day(s),62,previously seen article; limited page access,Santa Monica,California,matched city/metro keyword: Santa Monica,debt_financing,repeated_but_retained,limited page access,Yes,Participant not identified,,unresolved,unresolved,"No institution name detected in dictionary, title, summary, or source text.",False,"no identifiable project, asset, site, address, or unit-count anchor",none,,No,,,,,,,,,macro_financing,none,none,none,none,none,none,unknown,lender; developer,Market reference detected as Santa Monica / California.,unknown,"Limited/paywalled article; classification is based on title, URL, source, and available lead text only. No clear rule-based event keyword was detected. Primary topic set to macro_financing; confidence unknown.",45,28,limited article: title/lead-based review needed; classification confidence penalty,20
2026-07-28,20260728-235943-eac269a1,2026-07-28 23:58:21,Urbanize LA,Regional / California / LA Sources,Tier 2,development_pipeline;entitlement;la_california,Other,Affordable Housing,"Fri, 24 Jul 2026 13:15:00 +0000",100,High,Must Read,Los Angeles / California,Regulation Risk; Developer Strategy,Track Regulation Risk; Track Developer Strategy,"Track rent and vacancy conditions because the article points to demand, occupancy, rent, vacancy, or concession signals in Los Angeles / California.",High relevance to US residential developer strategy,Read full article,"Included because it scored 100 and mentions affordable housing, apartment, apartments, with a Regulation Risk; Developer Strategy angle for Los Angeles / California.",Rent Growth Signal,70 apartments,"City Planning Commission signs off on mixed-use project at 2800 W. Jefferson Blvd. | Urbanize LA Skip to main content Advertisement Advertisement The Los Angeles City Planning Commission has green-lit a proposal to raze and redevelop an auto body repair shop in Jefferson Park with a new mixed-use apartment building. The project from Steve and Hannah Lim, who filed an application for the site at 2800 W. Jefferson Boulevard in 2024, calls for the construction of a new six-story apartment complex f","You are a strategic research analyst for Woomi / Woomi Global.
Analyze the following US multifamily housing article for developer strategy.

Article context:
- Title: City Planning Commission signs off on mixed-use project at 2800 W. Jefferson Blvd.
- Source: Urbanize LA
- URL: https://la.urbanize.city/post/city-planning-commission-signs-mixed-use-project-2800-w-jefferson-blvd
- Market focus: Los Angeles / California
- Strategic angle: Regulation Risk; Developer Strategy
- Market signal: Rent Growth Signal
- Extracted numbers: 70 apartments
- Strategic implication: Track rent and vacancy conditions because the article points to demand, occupancy, rent, vacancy, or concession signals in Los Angeles / California.
- Woomi relevance: High relevance to US residential developer strategy

Please answer in concise bullet points:
1. Why does this article matter for a US multifamily developer?
2. What is the implication for Woomi / Woomi Global?
3. What risk or opportunity does this indicate?
4. What follow-up question should the strategy team ask?",98,Excellent,None,"Rule-based interpretation: Urbanize LA article 'City Planning Commission signs off on mixed-use project at 2800 W. Jefferson Blvd.' is classified as priority review for Los Angeles / California. It points to entitlement, zoning, permitting, or policy conditions. Treat as a briefing input, not a standalone investment conclusion; confirm with source diversity, repeat observation, and market-specific evidence.",Development Strategy; Policy & Regulation,affordable housing; apartment; apartments; construction; density bonus; development; permit; zoning,City Planning Commission signs off on mixed-use project at 2800 W. Jefferson Blvd.,https://la.urbanize.city/post/city-planning-commission-signs-mixed-use-project-2800-w-jefferson-blvd,Yes,art_64df48a99e95e52d,Los Angeles / Southern California,core_15,Affordable Housing,development; permit/entitlement; policy/regulation; rent/occupancy/absorption,개발/인허가,개발/인허가; 운영/임대; 시장 데이터,No,limited source or insufficient readable article text,Yes,No,access_limited_source,art_64df48a99e95e52d,https://la.urbanize.city/post/city-planning-commission-signs-mixed-use-project-2800-w-jefferson-blvd,City Planning Commission signs off on mixed-use project at 2800 W. Jefferson Blvd.,access_limited,access_limited,https://la.urbanize.city/post/city-planning-commission-signs-mixed-use-project-2800-w-jefferson-blvd,valid,title/source/url metadata are internally consistent,Development Activity,,development_project_anchor: Approval / Entitlement (address/street: 2800 w. jefferson blvd; site/parcel signal: site; project/asset term: project),repeat_penalized,3,2026-07-24,2026-07-28,4,fresh_0_3d,fresh,published date parsed; article age 4 day(s),58,previously seen article; limited page access,Los Angeles,California,matched city/metro keyword: Los Angeles,none,not_candidate,not a GP / capital candidate,No,,,,,,True,address/street: 2800 w. jefferson blvd; site/parcel signal: site; project/asset term: project,high,Approval / Entitlement,No,,,,,,,,,development_pipeline,none,none,planning_commission,none,none,none,mixed_use,public_agency; developer,Market reference detected as Los Angeles / California.,low,"Limited/paywalled article; classification is based on title, URL, source, and available lead text only. Development-stage terms detected: planning_commission. Primary topic set to development_pipeline; confidence low.",60,47,entitlement persistence; limited article: title/lead-based review needed; classification confidence penalty,28
2026-07-28,20260728-235943-eac269a1,2026-07-28 23:58:21,Urbanize LA,Regional / California / LA Sources,Tier 2,development_pipeline;entitlement;la_california,Other,Affordable Housing,"Fri, 24 Jul 2026 13:10:00 +0000",100,High,Must Read,Los Angeles / California,Developer Strategy,Track Developer Strategy,"Track rent and vacancy conditions because the article points to demand, occupancy, rent, vacancy, or concession signals in Los Angeles / California.",High relevance to US residential developer strategy,Read full article,"Included because it scored 100 and mentions affordable housing, apartment, apartments, with a Developer Strategy angle for Los Angeles / California.",Rent Growth Signal,128 units; 128 apartments,"More affordable housing underway at 21300 W. Oxnard St. in Warner Center | Urbanize LA Skip to main content Advertisement Advertisement In Warner Center , work is underway for the second phase of The Alcove affordable housing complex, R.D. Olson Construction announced this week. Located on the former site of an office building at 21300 W. Oxnard Street , the project from Meta Housing Corp. is expected to feature 301 studio, one-, two-, and three-bedroom apartments, as well as parking for 229 veh","You are a strategic research analyst for Woomi / Woomi Global.
Analyze the following US multifamily housing article for developer strategy.

Article context:
- Title: More affordable housing underway at 21300 W. Oxnard St. in Warner Center
- Source: Urbanize LA
- URL: https://la.urbanize.city/post/more-affordable-housing-underway-21300-w-oxnard-st-warner-center
- Market focus: Los Angeles / California
- Strategic angle: Developer Strategy
- Market signal: Rent Growth Signal
- Extracted numbers: 128 units; 128 apartments
- Strategic implication: Track rent and vacancy conditions because the article points to demand, occupancy, rent, vacancy, or concession signals in Los Angeles / California.
- Woomi relevance: High relevance to US residential developer strategy

Please answer in concise bullet points:
1. Why does this article matter for a US multifamily developer?
2. What is the implication for Woomi / Woomi Global?
3. What risk or opportunity does this indicate?
4. What follow-up question should the strategy team ask?",98,Excellent,None,"Rule-based interpretation: Urbanize LA article 'More affordable housing underway at 21300 W. Oxnard St. in Warner Center' is classified as priority review for Los Angeles / California. It points to development execution or sponsor strategy. Treat as a briefing input, not a standalone investment conclusion; confirm with source diversity, repeat observation, and market-specific evidence.",Development Strategy; Policy & Regulation,affordable housing; apartment; apartments; construction; development; renter; renters,More affordable housing underway at 21300 W. Oxnard St. in Warner Center,https://la.urbanize.city/post/more-affordable-housing-underway-21300-w-oxnard-st-warner-center,Yes,art_c3c506928a16c399,Los Angeles / Southern California,core_15,Affordable Housing,policy/regulation; rent/occupancy/absorption,개발/인허가,개발/인허가; 운영/임대; 시장 데이터,No,limited source or insufficient readable article text,Yes,No,access_limited_source,art_c3c506928a16c399,https://la.urbanize.city/post/more-affordable-housing-underway-21300-w-oxnard-st-warner-center,More affordable housing underway at 21300 W. Oxnard St. in Warner Center,access_limited,access_limited,https://la.urbanize.city/post/more-affordable-housing-underway-21300-w-oxnard-st-warner-center,valid,title/source/url metadata are internally consistent,Development Activity,Market Intelligence,development_project_anchor: Project / Asset (address/street: 21300 w. oxnard st; site/parcel signal: site; project/asset term: project),repeat_penalized,3,2026-07-24,2026-07-28,4,fresh_0_3d,fresh,published date parsed; article age 4 day(s),58,previously seen article; limited page access,,,used broad market bucket: Los Angeles / California,none,not_candidate,not a GP / capital candidate,No,,,,,,True,address/street: 21300 w. oxnard st; site/parcel signal: site; project/asset term: project,high,Project / Asset,No,,,,,,,,,research_data,none,none,none,none,none,none,affordable_housing,developer,Market reference detected as Los Angeles / California.,unknown,"Limited/paywalled article; classification is based on title, URL, source, and available lead text only. No clear rule-based event keyword was detected. Primary topic set to research_data; confidence unknown.",45,64,sponsor expansion; multi-phase development; limited article: title/lead-based review needed; classification confidence penalty,35
2026-07-28,20260728-235943-eac269a1,2026-07-28 23:58:22,REBusiness Online,Site / Parcel Source Expansion,Tier 2,development_pipeline;gp_activity,Other,Student Housing,2026-07-28T14:31:55Z,100,High,Must Read,Texas,Financing Risk; Rent Growth / Demand; Developer Strategy,Track Financing Conditions; Track Rent / Vacancy Trend; Track Developer Strategy,"Monitor financing conditions because the article includes construction, development, financing and 298 units, which may affect construction loans, refinancing risk, and exit cap rates.",High relevance to US residential developer strategy,Read full article,"Included because it scored 100 and mentions construction, development, financing, with a Financing Risk; Rent Growth / Demand; Developer Strategy angle for California.",Vacancy Signal,298 units,"According to Gilbane, the University of Oklahoma has recorded record-setting enrollment growth in the past two years, increasing by 6 percent in 2024 and 10.1 percent in 2025, adding a total of 2,472 new students. In addition, the university's existing stock of purpose-built student has remained largely unchanged since 2017, and off-campus properties are averaging 96 percent occupancy. Development Multifamily Student Housing Texas Gilbane Development Breaks Ground on 756-Bed Student Housing Proj","You are a strategic research analyst for Woomi / Woomi Global.
Analyze the following US multifamily housing article for developer strategy.

Article context:
- Title: Gilbane Development Breaks Ground on 756-Bed Student Housing Project in Norman, Oklahoma
- Source: REBusiness Online
- URL: https://rebusinessonline.com/gilbane-development-breaks-ground-on-756-bed-student-housing-project-in-norman-oklahoma/
- Market focus: California
- Strategic angle: Financing Risk; Rent Growth / Demand; Developer Strategy
- Market signal: Vacancy Signal
- Extracted numbers: 298 units
- Strategic implication: Monitor financing conditions because the article includes construction, development, financing and 298 units, which may affect construction loans, refinancing risk, and exit cap rates.
- Woomi relevance: High relevance to US residential developer strategy

Please answer in concise bullet points:
1. Why does this article matter for a US multifamily developer?
2. What is the implication for Woomi / Woomi Global?
3. What risk or opportunity does this indicate?
4. What follow-up question should the strategy team ask?",98,Excellent,None,"Rule-based interpretation: REBusiness Online article 'Gilbane Development Breaks Ground on 756-Bed Student Housing Project in Norman, Oklahoma' is classified as priority review for California. It points to financing, refinancing, or debt-market conditions. Treat as a briefing input, not a standalone investment conclusion; confirm with source diversity, repeat observation, and market-specific evidence.",Macro & Financing; Supply & Demand; Development Strategy,construction; development; financing; multifamily; occupancy; student housing,"Gilbane Development Breaks Ground on 756-Bed Student Housing Project in Norman, Oklahoma",https://rebusinessonline.com/gilbane-development-breaks-ground-on-756-bed-student-housing-project-in-norman-oklahoma/,No,art_4187a3d252131dca,Texas,other,Student Housing,development; construction start; market data/supply-demand; rent/occupancy/absorption,개발/인허가,개발/인허가; 운영/임대; 시장 데이터,No,article page appears accessible from collected text,No,No,standard,art_4187a3d252131dca,https://rebusinessonline.com/gilbane-development-breaks-ground-on-756-bed-student-housing-project-in-norman-oklahoma/,"Gilbane Development Breaks Ground on 756-Bed Student Housing Project in Norman, Oklahoma",open,open,https://rebusinessonline.com/gilbane-development-breaks-ground-on-756-bed-student-housing-project-in-norman-oklahoma/,valid,title/source/url metadata are internally consistent,Development Activity,Market Intelligence,development_project_anchor: Construction Start (unit/site count: 756-bed; execution milestone: breaks ground; project/asset term: project),new_or_fresh,0,2026-07-28,2026-07-28,0,fresh_0_3d,fresh,published date parsed; article age 0 day(s),100,fresh article or no repeat penalty,,Texas,matched state keyword: Texas,debt_financing,new_candidate,development article without confirmed capital event,No,Participant not identified,,unresolved,unresolved,"No institution name detected in dictionary, title, summary, or source text.",True,unit/site count: 756-bed; execution milestone: breaks ground; project/asset term: project,high,Construction Start,No,,,,,,,,,development_pipeline,supply_demand,none,construction_start; density_bonus,effective_rent_growth; vacancy; occupancy,none,none,student_housing,lender; developer,Market reference detected as Texas.,medium,"Development-stage terms detected: construction_start, density_bonus. Supply/demand terms detected: effective_rent_growth, vacancy, occupancy. Primary topic set to development_pipeline; confidence medium.",75,66,lease-up or absorption behavior,68
2026-07-28,20260728-235943-eac269a1,2026-07-28 23:58:23,REBusiness Online,Site / Parcel Source Expansion,Tier 2,development_pipeline;gp_activity,Other,Apartment,2026-07-28T14:22:18Z,100,High,Must Read,Southeast,Institutional Flow,Track Institutional Capital Flow,"Review this as a supply risk signal because it references new deliveries, starts, pipeline, or permits in Southeast.",High relevance to US residential developer strategy,Read full article,"Included because it scored 100 and mentions acquisition, apartment, apartments, with a Institutional Flow angle for Southeast.",Supply / Starts Signal,$5.6m; $5.6 million,"Built in 1988, Sweetbriar Apartments in Lexington, S.C., comprises 48 garden-style units. Acquisitions Multifamily South Carolina Southeast Northmarq Negotiates $5.6M Sale of Multifamily Community in Lexington, South Carolina by John Nelson July 28, 2026 July 28, 2026 6 LEXINGTON, S.C. — Northmarq has negotiated the $5.6 million sale of Sweetbriar Apartments, a 48-unit community located at 200 Libby Lane in Lexington, a suburb of Columbia, S.C. The garden-style property was built in 1988 and inc","You are a strategic research analyst for Woomi / Woomi Global.
Analyze the following US multifamily housing article for developer strategy.

Article context:
- Title: Northmarq Negotiates $5.6M Sale of Multifamily Community in Lexington, South Carolina
- Source: REBusiness Online
- URL: https://rebusinessonline.com/northmarq-negotiates-5-6m-sale-of-multifamily-community-in-lexington-south-carolina/
- Market focus: Southeast
- Strategic angle: Institutional Flow
- Market signal: Supply / Starts Signal
- Extracted numbers: $5.6m; $5.6 million
- Strategic implication: Review this as a supply risk signal because it references new deliveries, starts, pipeline, or permits in Southeast.
- Woomi relevance: High relevance to US residential developer strategy

Please answer in concise bullet points:
1. Why does this article matter for a US multifamily developer?
2. What is the implication for Woomi / Woomi Global?
3. What risk or opportunity does this indicate?
4. What follow-up question should the strategy team ask?",98,Excellent,None,"Rule-based interpretation: REBusiness Online article 'Northmarq Negotiates $5.6M Sale of Multifamily Community in Lexington, South Carolina' is classified as priority review for Southeast. It points to supply, delivery, lease-up, or absorption conditions. Treat as a briefing input, not a standalone investment conclusion; confirm with source diversity, repeat observation, and market-specific evidence.",Macro & Financing; Market Players & Deals,acquisition; apartment; apartments; garden-style; multifamily; northmarq; sale; transaction,"Northmarq Negotiates $5.6M Sale of Multifamily Community in Lexington, South Carolina",https://rebusinessonline.com/northmarq-negotiates-5-6m-sale-of-multifamily-community-in-lexington-south-carolina/,No,art_06e25d54975e6969,Southeast,other,Multifamily,acquisition,거래/투자,거래/투자; 시장 데이터,No,article page appears accessible from collected text,No,No,standard,art_06e25d54975e6969,https://rebusinessonline.com/northmarq-negotiates-5-6m-sale-of-multifamily-community-in-lexington-south-carolina/,"Northmarq Negotiates $5.6M Sale of Multifamily Community in Lexington, South Carolina",open,open,https://rebusinessonline.com/northmarq-negotiates-5-6m-sale-of-multifamily-community-in-lexington-south-carolina/,valid,title/source/url metadata are internally consistent,Development Activity,GP / Capital Activity,development_project_anchor: capital event with identifiable project/asset (unit/site count: 48-unit; address/street: 200 libby lane; project/asset term: community),new_or_fresh,0,2026-07-28,2026-07-28,0,fresh_0_3d,fresh,published date parsed; article age 0 day(s),100,fresh article or no repeat penalty,,,used broad market bucket: Southeast,disposition_exit,new_candidate,development article without confirmed capital event,No,Participant not identified,,unresolved,unresolved,"No institution name detected in dictionary, title, summary, or source text.",True,unit/site count: 48-unit; address/street: 200 libby lane; project/asset term: community,high,Project / Asset,No,,,,,,,,,transaction_market,capital_markets; institutional_capital,acquisition; disposition,none,none,gp_acquisition,none,unknown,lender,Market reference detected as Southeast.,medium,"Capital event keywords detected: acquisition, disposition. Institutional activity terms detected: gp_acquisition. Primary topic set to transaction_market; confidence medium.",85,70,institutional acquisition behavior,76
2026-07-28,20260728-235943-eac269a1,2026-07-28 23:58:23,REBusiness Online,Site / Parcel Source Expansion,Tier 2,development_pipeline;gp_activity,Other,Mixed-Use Residential,2026-07-28T13:52:07Z,100,High,Must Read,New York City / New York,Financing Risk; Institutional Flow; Developer Strategy,Track Financing Conditions; Track Institutional Capital Flow; Track Developer Strategy,"Monitor financing conditions because the article includes affordable apartments, apartment, apartments and $58m, $58 million, which may affect construction loans, refinancing risk, and exit cap rates.",High relevance to US residential developer strategy,Read full article,"Included because it scored 100 and mentions affordable apartments, apartment, apartments, with a Financing Risk; Institutional Flow; Developer Strategy angle for New York City / New York.",Deal Size Signal,$58m; $58 million,"The newly constructed mixed-use building at 1333 Broadway in Brooklyn is situated one block from the Gates Avenue subway station, providing access to the J and Z lines Loans Mixed-Use New York Northeast JLL Arranges $58M Loan for Refinancing of Brooklyn Mixed-Use Building by Taylor Williams July 28, 2026 July 28, 2026 5 NEW YORK CITY — JLL has arranged a $58 million loan for the refinancing of 1333 Broadway, a mixed-use property in the Bushwick neighborhood of Brooklyn. Completed in April, the 2","You are a strategic research analyst for Woomi / Woomi Global.
Analyze the following US multifamily housing article for developer strategy.

Article context:
- Title: JLL Arranges $58M Loan for Refinancing of Brooklyn Mixed-Use Building
- Source: REBusiness Online
- URL: https://rebusinessonline.com/jll-arranges-58m-loan-for-refinancing-of-brooklyn-mixed-use-building/
- Market focus: New York City / New York
- Strategic angle: Financing Risk; Institutional Flow; Developer Strategy
- Market signal: Deal Size Signal
- Extracted numbers: $58m; $58 million
- Strategic implication: Monitor financing conditions because the article includes affordable apartments, apartment, apartments and $58m, $58 million, which may affect construction loans, refinancing risk, and exit cap rates.
- Woomi relevance: High relevance to US residential developer strategy

Please answer in concise bullet points:
1. Why does this article matter for a US multifamily developer?
2. What is the implication for Woomi / Woomi Global?
3. What risk or opportunity does this indicate?
4. What follow-up question should the strategy team ask?",98,Excellent,None,"Rule-based interpretation: REBusiness Online article 'JLL Arranges $58M Loan for Refinancing of Brooklyn Mixed-Use Building' is classified as priority review for New York City / New York. It points to financing, refinancing, or debt-market conditions. Treat as a briefing input, not a standalone investment conclusion; confirm with source diversity, repeat observation, and market-specific evidence.",Macro & Financing; Development Strategy; Market Players & Deals,affordable apartments; apartment; apartments; development; financing; jll; joint venture; loan; refinancing,JLL Arranges $58M Loan for Refinancing of Brooklyn Mixed-Use Building,https://rebusinessonline.com/jll-arranges-58m-loan-for-refinancing-of-brooklyn-mixed-use-building/,No,art_02e424b86c62b161,New York / Northern New Jersey,core_15,Mixed-use Residential,delivery/completion; financing/refinancing; JV/recapitalization,제외/금융,제외/금융,Yes,article page appears accessible from collected text,Yes,No,standard,art_02e424b86c62b161,https://rebusinessonline.com/jll-arranges-58m-loan-for-refinancing-of-brooklyn-mixed-use-building/,JLL Arranges $58M Loan for Refinancing of Brooklyn Mixed-Use Building,open,open,https://rebusinessonline.com/jll-arranges-58m-loan-for-refinancing-of-brooklyn-mixed-use-building/,valid,title/source/url metadata are internally consistent,GP / Capital Activity,Development Activity,"property-level financing, lender, refinancing, or recapitalization signal detected",new_or_fresh,0,2026-07-28,2026-07-28,0,fresh_0_3d,fresh,published date parsed; article age 0 day(s),100,fresh article or no repeat penalty,New York City,New York,matched city/metro keyword: New York City,joint_venture,new_candidate,selected or retained for GP / capital review,Yes,JLL,,dictionary_match,high,"Matched known institutional / GP entity in title, summary, or source text.",False,"no identifiable project, asset, site, address, or unit-count anchor",none,,No,,,JLL,,,,JLL,,capital_markets,development_pipeline,refinancing; joint_venture,delivery,none,none,none,affordable_housing; mixed_use,lender; broker; developer,Market reference detected as New York City / New York.,medium,"Capital event keywords detected: refinancing, joint_venture. Development-stage terms detected: delivery. Primary topic set to capital_markets; confidence medium.",90,83,JV or partnership activity; large-scale refinance tied to strategy,81
2026-07-28,20260728-235943-eac269a1,2026-07-28 23:58:23,REBusiness Online,Site / Parcel Source Expansion,Tier 2,development_pipeline;gp_activity,Other,BTR / Single-Family Rental,2026-07-28T13:39:22Z,100,High,Must Read,Phoenix / Arizona,Institutional Flow; Developer Strategy,Track Institutional Capital Flow; Track Developer Strategy,"Track rent and vacancy conditions because the article points to demand, occupancy, rent, vacancy, or concession signals in Phoenix / Arizona.",High relevance to US residential developer strategy,Read full article,"Included because it scored 100 and mentions acquisition, berkadia, btr, with a Institutional Flow; Developer Strategy angle for Phoenix / Arizona.",Rent Growth Signal,"$112.5m; $112.5 million; $336,826","Bungalows on Camelback in Phoenix features 334 one-, two- and three-bedroom built-to-rent residences with 10-foot ceilings, walk-in closets and private turf backyards. Acquisitions Arizona Build-to-Rent Single-Family Rental Western Cavan Cos. Sells 334-Unit BTR Community in Phoenix for $112.5M by Amy Works July 28, 2026 July 28, 2026 3 PHOENIX — Scottsdale, Ariz.-based Cavan Cos. has completed the $112.5 million sale of Bungalows on Camelback, a 334-unit built-to-rent community at 4747 N. 99th A","You are a strategic research analyst for Woomi / Woomi Global.
Analyze the following US multifamily housing article for developer strategy.

Article context:
- Title: Cavan Cos. Sells 334-Unit BTR Community in Phoenix for $112.5M
- Source: REBusiness Online
- URL: https://rebusinessonline.com/cavan-cos-sells-334-unit-btr-community-in-phoenix-for-112-5m/
- Market focus: Phoenix / Arizona
- Strategic angle: Institutional Flow; Developer Strategy
- Market signal: Rent Growth Signal
- Extracted numbers: $112.5m; $112.5 million; $336,826
- Strategic implication: Track rent and vacancy conditions because the article points to demand, occupancy, rent, vacancy, or concession signals in Phoenix / Arizona.
- Woomi relevance: High relevance to US residential developer strategy

Please answer in concise bullet points:
1. Why does this article matter for a US multifamily developer?
2. What is the implication for Woomi / Woomi Global?
3. What risk or opportunity does this indicate?
4. What follow-up question should the strategy team ask?",98,Excellent,None,"Rule-based interpretation: REBusiness Online article 'Cavan Cos. Sells 334-Unit BTR Community in Phoenix for $112.5M' is classified as priority review for Phoenix / Arizona. It points to institutional capital movement or transaction activity. Treat as a briefing input, not a standalone investment conclusion; confirm with source diversity, repeat observation, and market-specific evidence.",Macro & Financing; Market Players & Deals,acquisition; berkadia; btr; build-to-rent; built-to-rent; sale; transaction,Cavan Cos. Sells 334-Unit BTR Community in Phoenix for $112.5M,https://rebusinessonline.com/cavan-cos-sells-334-unit-btr-community-in-phoenix-for-112-5m/,No,art_cf1fe39939742d67,Phoenix,core_15,Build-to-Rent,delivery/completion; transaction/sale; acquisition; rent/occupancy/absorption,개발/인허가,개발/인허가; 거래/투자; 운영/임대; 시장 데이터,No,article page appears accessible from collected text,Yes,No,standard,art_cf1fe39939742d67,https://rebusinessonline.com/cavan-cos-sells-334-unit-btr-community-in-phoenix-for-112-5m/,Cavan Cos. Sells 334-Unit BTR Community in Phoenix for $112.5M,open,open,https://rebusinessonline.com/cavan-cos-sells-334-unit-btr-community-in-phoenix-for-112-5m/,valid,title/source/url metadata are internally consistent,Development Activity,GP / Capital Activity,development_project_anchor: capital event with identifiable project/asset (unit/site count: 334-unit; project/asset term: community),new_or_fresh,0,2026-07-28,2026-07-28,0,fresh_0_3d,fresh,published date parsed; article age 0 day(s),100,fresh article or no repeat penalty,Phoenix,Arizona,matched city/metro keyword: Phoenix,disposition_exit,new_candidate,development article without confirmed capital event,No,Berkadia,,dictionary_match,high,"Matched known institutional / GP entity in title, summary, or source text.",True,unit/site count: 334-unit; project/asset term: community,high,Project / Asset,No,,,Berkadia,,,,Berkadia,,development_pipeline,capital_markets; supply_demand,acquisition; disposition,delivery,effective_rent_growth,lender_activity; gp_acquisition; gp_disposition,none,btr,lender; developer,Market reference detected as Phoenix / Arizona.,high,"Capital event keywords detected: acquisition, disposition. Development-stage terms detected: delivery. Supply/demand terms detected: effective_rent_growth. Institutional activity terms detected: lender_activity, gp_acquisition, gp_disposition. Primary topic set to development_pipeline; confidence high.",100,74,institutional acquisition behavior,80
2026-07-28,20260728-235943-eac269a1,2026-07-28 23:58:37,Connect CRE Apartments,Site / Parcel Source Expansion,Tier 2,development_pipeline;gp_activity;national_multifamily,Other,Apartment,"Tue, 28 Jul 2026 18:29:15 +0000",100,High,Must Read,Other / Unknown,Financing Risk; Institutional Flow; Developer Strategy,Track Financing Conditions; Track Institutional Capital Flow; Track Developer Strategy,"Monitor financing conditions because the article includes acquisition, apartment, apartments and $28m, $28.35 million, which may affect construction loans, refinancing risk, and exit cap rates.",High relevance to US residential developer strategy,Read full article,"Included because it scored 100 and mentions acquisition, apartment, apartments, with a Financing Risk; Institutional Flow; Developer Strategy angle for a broad or unspecified market.",Deal Size Signal,$28m; $28.35 million,"Chicago & Midwest CRE News In Your Inbox. Sign up for Connect emails to stay informed with CRE stories that are 150 words or less. Chicago & Midwest + North Side + Apartments | July 28, 2026 By: Jasmine Kilman Associated Bank Loans $28M for Chicago Transit-Oriented Apartment Development Associated Bank announced the completion of a $28.35 million loan to a joint venture of North Park Ventures and SNS Realty Group for development of a new transit-oriented residential development in Chicago. The l","You are a strategic research analyst for Woomi / Woomi Global.
Analyze the following US multifamily housing article for developer strategy.

Article context:
- Title: Associated Bank Loans $28M for Chicago Transit-Oriented Apartment Development
- Source: Connect CRE Apartments
- URL: https://www.connectcre.com/stories/associated-bank-loans-28m-for-chicago-transit-oriented-apartment-development/
- Market focus: Other / Unknown
- Strategic angle: Financing Risk; Institutional Flow; Developer Strategy
- Market signal: Deal Size Signal
- Extracted numbers: $28m; $28.35 million
- Strategic implication: Monitor financing conditions because the article includes acquisition, apartment, apartments and $28m, $28.35 million, which may affect construction loans, refinancing risk, and exit cap rates.
- Woomi relevance: High relevance to US residential developer strategy

Please answer in concise bullet points:
1. Why does this article matter for a US multifamily developer?
2. What is the implication for Woomi / Woomi Global?
3. What risk or opportunity does this indicate?
4. What follow-up question should the strategy team ask?",90,Excellent,missing market focus,"Rule-based interpretation: Connect CRE Apartments article 'Associated Bank Loans $28M for Chicago Transit-Oriented Apartment Development' is classified as priority review for Other / Unknown. It points to financing, refinancing, or debt-market conditions. Treat as a briefing input, not a standalone investment conclusion; confirm with source diversity, repeat observation, and market-specific evidence.",Macro & Financing; Supply & Demand; Development Strategy; Market Players & Deals,acquisition; apartment; apartments; development; joint venture; loan; midwest,Associated Bank Loans $28M for Chicago Transit-Oriented Apartment Development,https://www.connectcre.com/stories/associated-bank-loans-28m-for-chicago-transit-oriented-apartment-development/,No,art_65c4c88ed8dc5dce,Other / Unknown,other,Multifamily,development; delivery/completion; acquisition; financing/refinancing; JV/recapitalization; market data/supply-demand,개발/인허가,개발/인허가; 거래/투자; 시장 데이터,No,article page appears accessible from collected text,No,No,standard,art_65c4c88ed8dc5dce,https://www.connectcre.com/stories/associated-bank-loans-28m-for-chicago-transit-oriented-apartment-development/,Associated Bank Loans $28M for Chicago Transit-Oriented Apartment Development,open,open,https://www.connectcre.com/stories/associated-bank-loans-28m-for-chicago-transit-oriented-apartment-development/,valid,title/source/url metadata are internally consistent,GP / Capital Activity,,"property-level financing, lender, refinancing, or recapitalization signal detected",new_or_fresh,0,2026-07-28,2026-07-28,0,fresh_0_3d,fresh,published date parsed; article age 0 day(s),100,fresh article or no repeat penalty,,,"no city, state, or market keyword detected",joint_venture,new_candidate,selected or retained for GP / capital review,Yes,Jasmine Kilman Associated Bank,Chicago Transit-Oriented Apartment Development Associated Bank; SNS Realty Group,capital_event_sentence,medium,Inferred entity from source text near capital-event language.,False,"no identifiable project, asset, site, address, or unit-count anchor",none,,No,,,Jasmine Kilman Associated Bank,,Chicago Transit-Oriented Apartment Development Associated Bank,Chicago Transit-Oriented Apartment Development Associated Bank; SNS Realty Group,Jasmine Kilman Associated Bank,Chicago Transit-Oriented Apartment Development Associated Bank; SNS Realty Group,institutional_capital,capital_markets; development_pipeline,joint_venture; acquisition,delivery,none,gp_acquisition,bank_loan,unknown,lender; developer,No specific market detected; relevance remains broad.,medium,"Capital event keywords detected: joint_venture, acquisition. Financing type keywords detected: bank_loan. Development-stage terms detected: delivery. Institutional activity terms detected: gp_acquisition. Primary topic set to institutional_capital; confidence medium.",85,86,JV or partnership activity; institutional acquisition behavior,92
2026-07-28,20260728-235943-eac269a1,2026-07-28 23:58:42,Connect CRE Apartments,Site / Parcel Source Expansion,Tier 2,development_pipeline;gp_activity;national_multifamily,Other,Mixed-Use Residential,"Tue, 28 Jul 2026 17:24:08 +0000",100,High,Must Read,Florida,Financing Risk; Supply Pressure; Institutional Flow; Developer Strategy,Track Financing Conditions; Track Supply Pipeline; Track Institutional Capital Flow; Track Developer Strategy,"Monitor financing conditions because the article includes apartment, apartments, construction and $202m, $202 million, $109 million, which may affect construction loans, refinancing risk, and exit cap rates.",High relevance to US residential developer strategy,Read full article,"Included because it scored 100 and mentions apartment, apartments, construction, with a Financing Risk; Supply Pressure; Institutional Flow; Developer Strategy angle for Florida.",Supply / Starts Signal,$202m; $202 million; $109 million; $93 million,"Florida & Gulf Coast CRE News In Your Inbox. Sign up for Connect emails to stay informed with CRE stories that are 150 words or less. Florida & Gulf Coast + Central Florida + Apartments | July 28, 2026 By: Mike Boyd JV Lands $202M Construction Financing for Naples Mixed-Use Venture APREA and JSB Capital Group closed on a $202 million construction financing package with Bayview Commercial Mortgage Finance (BCMF) on The Avenue. The funding includes includes $109 million of C-PACE financing and a $","You are a strategic research analyst for Woomi / Woomi Global.
Analyze the following US multifamily housing article for developer strategy.

Article context:
- Title: JV Lands $202M Construction Financing for Naples Mixed-Use Venture
- Source: Connect CRE Apartments
- URL: https://www.connectcre.com/stories/jv-lands-202m-construction-financing-for-naples-mixed-use-venture/
- Market focus: Florida
- Strategic angle: Financing Risk; Supply Pressure; Institutional Flow; Developer Strategy
- Market signal: Supply / Starts Signal
- Extracted numbers: $202m; $202 million; $109 million; $93 million
- Strategic implication: Monitor financing conditions because the article includes apartment, apartments, construction and $202m, $202 million, $109 million, which may affect construction loans, refinancing risk, and exit cap rates.
- Woomi relevance: High relevance to US residential developer strategy

Please answer in concise bullet points:
1. Why does this article matter for a US multifamily developer?
2. What is the implication for Woomi / Woomi Global?
3. What risk or opportunity does this indicate?
4. What follow-up question should the strategy team ask?",98,Excellent,None,"Rule-based interpretation: Connect CRE Apartments article 'JV Lands $202M Construction Financing for Naples Mixed-Use Venture' is classified as priority review for Florida. It points to financing, refinancing, or debt-market conditions. Treat as a briefing input, not a standalone investment conclusion; confirm with source diversity, repeat observation, and market-specific evidence.",Macro & Financing; Development Strategy; Market Players & Deals,apartment; apartments; construction; development; financing; loan; sale; starts,JV Lands $202M Construction Financing for Naples Mixed-Use Venture,https://www.connectcre.com/stories/jv-lands-202m-construction-financing-for-naples-mixed-use-venture/,No,art_0963133bb24c68a3,Florida,other,Mixed-use Residential,financing/refinancing; JV/recapitalization; market data/supply-demand,개발/인허가,개발/인허가; 거래/투자; 시장 데이터,No,article page appears accessible from collected text,No,No,standard,art_0963133bb24c68a3,https://www.connectcre.com/stories/jv-lands-202m-construction-financing-for-naples-mixed-use-venture/,JV Lands $202M Construction Financing for Naples Mixed-Use Venture,open,open,https://www.connectcre.com/stories/jv-lands-202m-construction-financing-for-naples-mixed-use-venture/,valid,title/source/url metadata are internally consistent,Development Activity,GP / Capital Activity,development_project_anchor: project financing/capital event tied to project (project/asset term: development; project financing tied to anchor: construction financing),new_or_fresh,0,2026-07-28,2026-07-28,0,fresh_0_3d,fresh,published date parsed; article age 0 day(s),100,fresh article or no repeat penalty,,Florida,matched state keyword: Florida,construction_financing,new_candidate,selected or retained for GP / capital review,Yes,JSB Capital Group,,capital_event_sentence,medium,Inferred entity from source text near capital-event language.,True,project/asset term: development; project financing tied to anchor: construction financing,high,Project Financing / Capital Event,No,,,JSB Capital Group,JSB Capital Group,,,JSB Capital Group,,capital_markets,supply_demand,construction_financing; joint_venture,none,supply_pressure,none,construction_loan,mixed_use,lender; developer,Market reference detected as Florida.,medium,"Capital event keywords detected: construction_financing, joint_venture. Financing type keywords detected: construction_loan. Supply/demand terms detected: supply_pressure. Primary topic set to capital_markets; confidence medium.",75,70,JV or partnership activity,62
2026-07-28,20260728-235943-eac269a1,2026-07-28 23:58:53,Connect CRE South Florida,Site / Parcel Source Expansion,Tier 2,development_pipeline;gp_activity;sunbelt,Other,Affordable Housing,"Mon, 27 Jul 2026 22:52:48 +0000",100,High,Must Read,Miami / Florida,Financing Risk; Developer Strategy,Track Financing Conditions; Track Developer Strategy,"Monitor financing conditions because the article includes apartment, apartments, construction and 120%, $74 million, 374 units, which may affect construction loans, refinancing risk, and exit cap rates.",High relevance to US residential developer strategy,Read full article,"Included because it scored 100 and mentions apartment, apartments, construction, with a Financing Risk; Developer Strategy angle for Miami / Florida.",Supply / Starts Signal,120%; $74 million; 374 units,"Florida & Gulf Coast CRE News In Your Inbox. Sign up for Connect emails to stay informed with CRE stories that are 150 words or less. Florida & Gulf Coast + South Florida + Apartments | July 27, 2026 By: Mike Boyd Affiliated Closes Financing on Mixed-Income Fort Lauderdale Apartment Project Affiliated Development has closed on a $74 million construction loan with Pacific Life Insurance Company for The Cove, a mixed-use, mixed-income multifamily development on the northwest corner of Sunrise Boul","You are a strategic research analyst for Woomi / Woomi Global.
Analyze the following US multifamily housing article for developer strategy.

Article context:
- Title: Affiliated Closes Financing on Mixed-Income Fort Lauderdale Apartment Project
- Source: Connect CRE South Florida
- URL: https://www.connectcre.com/stories/affiliated-closes-financing-on-mixed-income-fort-lauderdale-apartment-venture/
- Market focus: Miami / Florida
- Strategic angle: Financing Risk; Developer Strategy
- Market signal: Supply / Starts Signal
- Extracted numbers: 120%; $74 million; 374 units
- Strategic implication: Monitor financing conditions because the article includes apartment, apartments, construction and 120%, $74 million, 374 units, which may affect construction loans, refinancing risk, and exit cap rates.
- Woomi relevance: High relevance to US residential developer strategy

Please answer in concise bullet points:
1. Why does this article matter for a US multifamily developer?
2. What is the implication for Woomi / Woomi Global?
3. What risk or opportunity does this indicate?
4. What follow-up question should the strategy team ask?",98,Excellent,None,"Rule-based interpretation: Connect CRE South Florida article 'Affiliated Closes Financing on Mixed-Income Fort Lauderdale Apartment Project' is classified as priority review for Miami / Florida. It points to financing, refinancing, or debt-market conditions. Treat as a briefing input, not a standalone investment conclusion; confirm with source diversity, repeat observation, and market-specific evidence.",Macro & Financing; Development Strategy,apartment; apartments; construction; development; financing; loan; multifamily,Affiliated Closes Financing on Mixed-Income Fort Lauderdale Apartment Project,https://www.connectcre.com/stories/affiliated-closes-financing-on-mixed-income-fort-lauderdale-apartment-venture/,Yes,art_dacd3d3138d1e785,Miami / South Florida,core_15,Affordable Housing,financing/refinancing,제외/금융,제외/금융,Yes,article page appears accessible from collected text,Yes,No,standard,art_dacd3d3138d1e785,https://www.connectcre.com/stories/affiliated-closes-financing-on-mixed-income-fort-lauderdale-apartment-venture/,Affiliated Closes Financing on Mixed-Income Fort Lauderdale Apartment Project,open,open,https://www.connectcre.com/stories/affiliated-closes-financing-on-mixed-income-fort-lauderdale-apartment-venture/,valid,title/source/url metadata are internally consistent,Development Activity,GP / Capital Activity,development_project_anchor: project financing/capital event tied to project (project/asset term: project; project financing tied to anchor: construction loan),acceptable_repeat,0,2026-07-27,2026-07-28,1,fresh_0_3d,fresh,published date parsed; article age 1 day(s),82,previously seen article,Miami,Florida,matched city/metro keyword: Miami,construction_financing,repeated_but_retained,selected or retained for GP / capital review,Yes,Participant not identified,,unresolved,unresolved,"No institution name detected in dictionary, title, summary, or source text.",True,project/asset term: project; project financing tied to anchor: construction loan,high,Project Financing / Capital Event,No,,,,,,,,,capital_markets,institutional_capital,construction_financing,none,none,insurance_capital,construction_loan,mixed_use,lender; developer,Market reference detected as Miami / Florida.,medium,Capital event keywords detected: construction_financing. Financing type keywords detected: construction_loan. Institutional activity terms detected: insurance_capital. Primary topic set to capital_markets; confidence medium.,85,56,general market observation with limited strategic behavior evidence,46
2026-07-28,20260728-235943-eac269a1,2026-07-28 23:59:03,Connect CRE South Florida,Site / Parcel Source Expansion,Tier 2,development_pipeline;gp_activity;sunbelt,Other,Mixed-Use Residential,"Thu, 09 Jul 2026 14:12:20 +0000",100,High,Must Read,Miami / Florida,Financing Risk; Institutional Flow; Developer Strategy,Track Financing Conditions; Track Institutional Capital Flow; Track Developer Strategy,"Monitor financing conditions because the article includes apartment, apartments, capital markets and $111m, $111 million, which may affect construction loans, refinancing risk, and exit cap rates.",High relevance to US residential developer strategy,Read full article,"Included because it scored 100 and mentions apartment, apartments, capital markets, with a Financing Risk; Institutional Flow; Developer Strategy angle for Miami / Florida.",Rent Growth Signal,$111m; $111 million,"Florida & Gulf Coast CRE News In Your Inbox. Sign up for Connect emails to stay informed with CRE stories that are 150 words or less. Florida & Gulf Coast + South Florida + Apartments | July 9, 2026 By: Mike Boyd S3 Originates $111M Construction Loan for Edgewater Rental Community S3 Capital originated a $111 million construction loan to finance the development of Sense22, a 36-story multifamily development located at 114-138 NE 22 nd St in Edgewater, Miami. JLL Capital Markets’ Max La Cava work","You are a strategic research analyst for Woomi / Woomi Global.
Analyze the following US multifamily housing article for developer strategy.

Article context:
- Title: S3 Originates $111M Construction Loan for Edgewater Rental Community
- Source: Connect CRE South Florida
- URL: https://www.connectcre.com/stories/s3-originates-111m-construction-loan-for-edgewater-rental-community/
- Market focus: Miami / Florida
- Strategic angle: Financing Risk; Institutional Flow; Developer Strategy
- Market signal: Rent Growth Signal
- Extracted numbers: $111m; $111 million
- Strategic implication: Monitor financing conditions because the article includes apartment, apartments, capital markets and $111m, $111 million, which may affect construction loans, refinancing risk, and exit cap rates.
- Woomi relevance: High relevance to US residential developer strategy

Please answer in concise bullet points:
1. Why does this article matter for a US multifamily developer?
2. What is the implication for Woomi / Woomi Global?
3. What risk or opportunity does this indicate?
4. What follow-up question should the strategy team ask?",98,Excellent,None,"Rule-based interpretation: Connect CRE South Florida article 'S3 Originates $111M Construction Loan for Edgewater Rental Community' is classified as priority review for Miami / Florida. It points to financing, refinancing, or debt-market conditions. Treat as a briefing input, not a standalone investment conclusion; confirm with source diversity, repeat observation, and market-specific evidence.",Macro & Financing; Development Strategy; Market Players & Deals,apartment; apartments; capital markets; construction; development; financing; jll; loan; multifamily,S3 Originates $111M Construction Loan for Edgewater Rental Community,https://www.connectcre.com/stories/s3-originates-111m-construction-loan-for-edgewater-rental-community/,Yes,art_3f84edd73e3edbf3,Miami / South Florida,core_15,Mixed-use Residential,financing/refinancing; rent/occupancy/absorption,제외/금융,제외/금융,Yes,article page appears accessible from collected text,Yes,No,standard,art_3f84edd73e3edbf3,https://www.connectcre.com/stories/s3-originates-111m-construction-loan-for-edgewater-rental-community/,S3 Originates $111M Construction Loan for Edgewater Rental Community,open,open,https://www.connectcre.com/stories/s3-originates-111m-construction-loan-for-edgewater-rental-community/,valid,title/source/url metadata are internally consistent,Development Activity,GP / Capital Activity,development_project_anchor: project financing/capital event tied to project (unit/site count: 36-story; address/street: 138 ne 22 nd st; project/asset term: development; project financing tied to anchor: construction loan),repeat_penalized,18,2026-07-09,2026-07-28,19,old_31d_plus,old,published date parsed; article age 19 day(s),5,published date parsed; article age 19 day(s); previously seen article,Miami,Florida,matched city/metro keyword: Miami,construction_financing,repeat_penalized,repeat exposure penalty; historical article over 30 days old,No,Edgewater Rental Community S3 Capital,JLL,dictionary_match,high,"Matched known institutional / GP entity in title, summary, or source text.",True,unit/site count: 36-story; address/street: 138 ne 22 nd st; project/asset term: development; project financing tied to anchor: construction loan,high,Project Financing / Capital Event,No,,,Edgewater Rental Community S3 Capital,Edgewater Rental Community S3 Capital,JLL,JLL,Edgewater Rental Community S3 Capital,JLL,capital_markets,supply_demand,construction_financing,none,effective_rent_growth,none,construction_loan,unknown,lender; broker; developer,Market reference detected as Miami / Florida.,high,Capital event keywords detected: construction_financing. Financing type keywords detected: construction_loan. Supply/demand terms detected: effective_rent_growth. Primary topic set to capital_markets; confidence high.,75,4,general market observation with limited strategic behavior evidence,0
2026-07-28,20260728-235943-eac269a1,2026-07-28 23:59:17,Connect CRE Atlanta,Site / Parcel Source Expansion,Tier 2,development_pipeline;gp_activity;sunbelt,Other,Affordable Housing,"Thu, 23 Jul 2026 14:23:10 +0000",100,High,Must Read,Atlanta / Georgia,Financing Risk; Regulation Risk; Institutional Flow,Track Financing Conditions; Track Regulation Risk; Track Institutional Capital Flow,"Monitor financing conditions because the article includes acquisition, apartment, apartments and no specific number, which may affect construction loans, refinancing risk, and exit cap rates.",High relevance to US residential developer strategy,Read full article,"Included because it scored 100 and mentions acquisition, apartment, apartments, with a Financing Risk; Regulation Risk; Institutional Flow angle for Atlanta / Georgia.",No Clear Numeric Signal,,"Atlanta & Southeast News In Your Inbox Sign up for Connect emails to stay informed with CRE stories that are 150 words or less. Atlanta & Southeast + Atlanta + Apartments | July 23, 2026 By: Mike Boyd Walton Communities Offloads Two Atlanta Rental Properties Walton Communities has sold off Walton Lakes, a 305-unit, market-rate multifamily community, and The Legacy at Walton Lakes, a 126-unit, 55+ LIHTC community, both in Atlanta. Clark Ventures was the buyer. The buyer was able to assume HUD fin","You are a strategic research analyst for Woomi / Woomi Global.
Analyze the following US multifamily housing article for developer strategy.

Article context:
- Title: Walton Communities Offloads Two Atlanta Rental Properties
- Source: Connect CRE Atlanta
- URL: https://www.connectcre.com/stories/walton-lakes-offloads-two-atlanta-rental-properties/
- Market focus: Atlanta / Georgia
- Strategic angle: Financing Risk; Regulation Risk; Institutional Flow
- Market signal: No Clear Numeric Signal
- Extracted numbers: None detected
- Strategic implication: Monitor financing conditions because the article includes acquisition, apartment, apartments and no specific number, which may affect construction loans, refinancing risk, and exit cap rates.
- Woomi relevance: High relevance to US residential developer strategy

Please answer in concise bullet points:
1. Why does this article matter for a US multifamily developer?
2. What is the implication for Woomi / Woomi Global?
3. What risk or opportunity does this indicate?
4. What follow-up question should the strategy team ask?",82,Good,missing extracted numbers; missing market signal,"Rule-based interpretation: Connect CRE Atlanta article 'Walton Communities Offloads Two Atlanta Rental Properties' is classified as priority review for Atlanta / Georgia. It points to financing, refinancing, or debt-market conditions. Treat as a briefing input, not a standalone investment conclusion; confirm with source diversity, repeat observation, and market-specific evidence.",Macro & Financing; Policy & Regulation; Market Players & Deals,acquisition; apartment; apartments; financing; hud; jll; lihtc; multifamily,Walton Communities Offloads Two Atlanta Rental Properties,https://www.connectcre.com/stories/walton-lakes-offloads-two-atlanta-rental-properties/,Yes,art_b914af68e0e48820,Atlanta,core_15,Affordable Housing,transaction/sale; acquisition; policy/regulation,거래/투자,거래/투자; 운영/임대; 시장 데이터,No,article page appears accessible from collected text,Yes,No,standard,art_b914af68e0e48820,https://www.connectcre.com/stories/walton-lakes-offloads-two-atlanta-rental-properties/,Walton Communities Offloads Two Atlanta Rental Properties,open,open,https://www.connectcre.com/stories/walton-lakes-offloads-two-atlanta-rental-properties/,valid,title/source/url metadata are internally consistent,Development Activity,GP / Capital Activity,development_project_anchor: capital event with identifiable project/asset (unit/site count: 305-unit; project/asset term: community),acceptable_repeat,4,2026-07-23,2026-07-28,5,fresh_0_3d,fresh,published date parsed; article age 5 day(s),66,previously seen article,Atlanta,Georgia,matched city/metro keyword: Atlanta,disposition_exit,repeated_but_retained,selected or retained for GP / capital review,Yes,JLL,,dictionary_match,high,"Matched known institutional / GP entity in title, summary, or source text.",True,unit/site count: 305-unit; project/asset term: community,high,Project / Asset,No,,,JLL,,,,JLL,,transaction_market,capital_markets; institutional_capital,acquisition; disposition,none,none,gp_acquisition,tax_credit_financing,affordable_housing,lender; broker; public_agency,Market reference detected as Atlanta / Georgia.,medium,"Capital event keywords detected: acquisition, disposition. Financing type keywords detected: tax_credit_financing. Institutional activity terms detected: gp_acquisition. Primary topic set to transaction_market; confidence medium.",85,70,institutional acquisition behavior,68
2026-07-28,20260728-235943-eac269a1,2026-07-28 23:59:19,Connect CRE Atlanta,Site / Parcel Source Expansion,Tier 2,development_pipeline;gp_activity;sunbelt,Other,Mixed-Use Residential,"Mon, 13 Jul 2026 14:23:26 +0000",100,High,Must Read,Atlanta / Georgia,Financing Risk; Supply Pressure; Developer Strategy,Track Financing Conditions; Track Supply Pipeline; Track Developer Strategy,"Monitor financing conditions because the article includes apartment, apartments, construction and $5 billion, 280 apartments, which may affect construction loans, refinancing risk, and exit cap rates.",High relevance to US residential developer strategy,Read full article,"Included because it scored 100 and mentions apartment, apartments, construction, with a Financing Risk; Supply Pressure; Developer Strategy angle for Atlanta / Georgia.",Supply / Starts Signal,$5 billion; 280 apartments,"Atlanta & Southeast News In Your Inbox Sign up for Connect emails to stay informed with CRE stories that are 150 words or less. Atlanta & Southeast + Atlanta + Apartments | July 13, 2026 By: Mike Boyd Financing Secured for Centennial Yards Mixed-Use Project Centennial Yards Co. plans to build a 12-story building with approximately 280 apartments, 62,000 square feet of retail space and a 509-space parking garage. A CIM Group subsidiary is still ironing out last minute details before construction ","You are a strategic research analyst for Woomi / Woomi Global.
Analyze the following US multifamily housing article for developer strategy.

Article context:
- Title: Financing Secured for Centennial Yards Mixed-Use Project
- Source: Connect CRE Atlanta
- URL: https://www.connectcre.com/stories/financing-secured-for-centennial-yards-mixed-use-project/
- Market focus: Atlanta / Georgia
- Strategic angle: Financing Risk; Supply Pressure; Developer Strategy
- Market signal: Supply / Starts Signal
- Extracted numbers: $5 billion; 280 apartments
- Strategic implication: Monitor financing conditions because the article includes apartment, apartments, construction and $5 billion, 280 apartments, which may affect construction loans, refinancing risk, and exit cap rates.
- Woomi relevance: High relevance to US residential developer strategy

Please answer in concise bullet points:
1. Why does this article matter for a US multifamily developer?
2. What is the implication for Woomi / Woomi Global?
3. What risk or opportunity does this indicate?
4. What follow-up question should the strategy team ask?",98,Excellent,None,"Rule-based interpretation: Connect CRE Atlanta article 'Financing Secured for Centennial Yards Mixed-Use Project' is classified as priority review for Atlanta / Georgia. It points to financing, refinancing, or debt-market conditions. Treat as a briefing input, not a standalone investment conclusion; confirm with source diversity, repeat observation, and market-specific evidence.",Macro & Financing; Development Strategy,apartment; apartments; construction; construction starts; financing; groundbreaking; starts,Financing Secured for Centennial Yards Mixed-Use Project,https://www.connectcre.com/stories/financing-secured-for-centennial-yards-mixed-use-project/,Yes,art_d7d8176bdd750a59,Atlanta,core_15,Mixed-use Residential,development; construction start; market data/supply-demand,개발/인허가,개발/인허가; 시장 데이터,No,article page appears accessible from collected text,Yes,No,standard,art_d7d8176bdd750a59,https://www.connectcre.com/stories/financing-secured-for-centennial-yards-mixed-use-project/,Financing Secured for Centennial Yards Mixed-Use Project,open,open,https://www.connectcre.com/stories/financing-secured-for-centennial-yards-mixed-use-project/,valid,title/source/url metadata are internally consistent,Development Activity,GP / Capital Activity,development_project_anchor: capital event with identifiable project/asset (unit/site count: 12-story; execution milestone: construction start; project/asset term: project),repeat_penalized,15,2026-07-13,2026-07-28,15,old_31d_plus,old,published date parsed; article age 15 day(s),5,published date parsed; article age 15 day(s); previously seen article,Atlanta,Georgia,matched city/metro keyword: Atlanta,debt_financing,repeat_penalized,repeat exposure penalty; historical article over 30 days old,No,CIM Group,,dictionary_match,high,"Matched known institutional / GP entity in title, summary, or source text.",True,unit/site count: 12-story; execution milestone: construction start; project/asset term: project,high,Construction Start,No,,,CIM Group,CIM Group,,,CIM Group,,development_pipeline,supply_demand,none,construction_start,supply_pressure,none,none,mixed_use; development,lender; developer,Market reference detected as Atlanta / Georgia.,medium,Development-stage terms detected: construction_start. Supply/demand terms detected: supply_pressure. Primary topic set to development_pipeline; confidence medium.,75,4,general market observation with limited strategic behavior evidence,0
2026-07-28,20260728-235943-eac269a1,2026-07-28 23:59:37,Connect CRE California,Regional / California / LA Sources,Tier 2,development_pipeline;entitlement;la_california,Other,Senior Housing,"Tue, 28 Jul 2026 19:35:36 +0000",100,High,Must Read,Los Angeles / California,Institutional Flow; Developer Strategy,Track Institutional Capital Flow; Track Developer Strategy,"Track this as institutional capital flow because it mentions major capital players, portfolio transactions, deal size, or cap-rate signals.",High relevance to US residential developer strategy,Read full article,"Included because it scored 100 and mentions development, jll, sale, with a Institutional Flow; Developer Strategy angle for Los Angeles / California.",Deal Size Signal,$55.7 million,"California CRE News In Your Inbox. Sign up for Connect emails to stay informed with CRE stories that are 150 words or less. California + Los Angeles + Senior Housing | July 28, 2026 By: Paul Bubny Harrison Street Divests Oxnard Independent Living Property Harrison Street Asset Management has sold Clearwater at Riverpark, a 136-unit Class A independent living community in Oxnard. Although JLL, which arranged the sale, did not disclose the sale price or specify the buyer, published reports said he","You are a strategic research analyst for Woomi / Woomi Global.
Analyze the following US multifamily housing article for developer strategy.

Article context:
- Title: Harrison Street Divests Oxnard Independent Living Property
- Source: Connect CRE California
- URL: https://www.connectcre.com/stories/harrison-street-divests-oxnard-independent-living-property/
- Market focus: Los Angeles / California
- Strategic angle: Institutional Flow; Developer Strategy
- Market signal: Deal Size Signal
- Extracted numbers: $55.7 million
- Strategic implication: Track this as institutional capital flow because it mentions major capital players, portfolio transactions, deal size, or cap-rate signals.
- Woomi relevance: High relevance to US residential developer strategy

Please answer in concise bullet points:
1. Why does this article matter for a US multifamily developer?
2. What is the implication for Woomi / Woomi Global?
3. What risk or opportunity does this indicate?
4. What follow-up question should the strategy team ask?",98,Excellent,None,"Rule-based interpretation: Connect CRE California article 'Harrison Street Divests Oxnard Independent Living Property' is classified as priority review for Los Angeles / California. It points to institutional capital movement or transaction activity. Treat as a briefing input, not a standalone investment conclusion; confirm with source diversity, repeat observation, and market-specific evidence.",Macro & Financing; Development Strategy; Market Players & Deals,development; jll; sale; senior housing,Harrison Street Divests Oxnard Independent Living Property,https://www.connectcre.com/stories/harrison-street-divests-oxnard-independent-living-property/,No,art_f6401cfd62d2a0d5,Los Angeles / Southern California,core_15,Senior Housing,transaction/sale,개발/인허가,개발/인허가; 거래/투자; 시장 데이터,No,article page appears accessible from collected text,Yes,No,standard,art_f6401cfd62d2a0d5,https://www.connectcre.com/stories/harrison-street-divests-oxnard-independent-living-property/,Harrison Street Divests Oxnard Independent Living Property,open,open,https://www.connectcre.com/stories/harrison-street-divests-oxnard-independent-living-property/,valid,title/source/url metadata are internally consistent,Development Activity,GP / Capital Activity,development_project_anchor: capital event with identifiable project/asset (unit/site count: 136-unit; project/asset term: development),new_or_fresh,0,2026-07-28,2026-07-28,0,fresh_0_3d,fresh,published date parsed; article age 0 day(s),100,fresh article or no repeat penalty,Los Angeles,California,matched city/metro keyword: Los Angeles,disposition_exit,new_candidate,development article without confirmed capital event,No,JLL,,dictionary_match,high,"Matched known institutional / GP entity in title, summary, or source text.",True,unit/site count: 136-unit; project/asset term: development,high,Project / Asset,No,,,JLL,,,,JLL,,transaction_market,capital_markets,disposition,none,none,none,none,senior_housing,lender; broker; developer,Market reference detected as Los Angeles / California.,low,Capital event keywords detected: disposition. Primary topic set to transaction_market; confidence low.,60,40,classification confidence penalty,40
2026-07-28,20260728-235943-eac269a1,2026-07-28 23:59:38,Connect CRE California,Regional / California / LA Sources,Tier 2,development_pipeline;entitlement;la_california,Other,Senior Housing,"Mon, 27 Jul 2026 21:48:22 +0000",100,High,Must Read,California,Rent Growth / Demand; Institutional Flow,Track Rent / Vacancy Trend; Track Institutional Capital Flow,"Track rent and vacancy conditions because the article points to demand, occupancy, rent, vacancy, or concession signals in California.",High relevance to US residential developer strategy,Read full article,"Included because it scored 100 and mentions acquisition, multifamily, sale, with a Rent Growth / Demand; Institutional Flow angle for California.",Deal Size Signal,"$12.5m; $12.5 million; $154,320","California CRE News In Your Inbox. Sign up for Connect emails to stay informed with CRE stories that are 150 words or less. California + San Diego + Senior Housing | July 27, 2026 By: Paul Bubny Marcus & Millichap Closes $12.5M Sale of La Mesa Seniors Housing Marcus & Millichap finalized the sale of 5035-49 Guava Ave., an 81-unit seniors affordable multifamily property located in La Mesa. The property sold for $12.5 million, or $154,320 per unit. “Age-restricted communities with long-term afford","You are a strategic research analyst for Woomi / Woomi Global.
Analyze the following US multifamily housing article for developer strategy.

Article context:
- Title: Marcus & Millichap Closes $12.5M Sale of La Mesa Seniors Housing
- Source: Connect CRE California
- URL: https://www.connectcre.com/stories/marcus-millichap-closes-12-5m-sale-of-la-mesa-seniors-housing/
- Market focus: California
- Strategic angle: Rent Growth / Demand; Institutional Flow
- Market signal: Deal Size Signal
- Extracted numbers: $12.5m; $12.5 million; $154,320
- Strategic implication: Track rent and vacancy conditions because the article points to demand, occupancy, rent, vacancy, or concession signals in California.
- Woomi relevance: High relevance to US residential developer strategy

Please answer in concise bullet points:
1. Why does this article matter for a US multifamily developer?
2. What is the implication for Woomi / Woomi Global?
3. What risk or opportunity does this indicate?
4. What follow-up question should the strategy team ask?",98,Excellent,None,"Rule-based interpretation: Connect CRE California article 'Marcus & Millichap Closes $12.5M Sale of La Mesa Seniors Housing' is classified as priority review for California. It points to institutional capital movement or transaction activity. Treat as a briefing input, not a standalone investment conclusion; confirm with source diversity, repeat observation, and market-specific evidence.",Macro & Financing; Market Players & Deals,acquisition; multifamily; sale; senior housing; transaction,Marcus & Millichap Closes $12.5M Sale of La Mesa Seniors Housing,https://www.connectcre.com/stories/marcus-millichap-closes-12-5m-sale-of-la-mesa-seniors-housing/,Yes,art_fab56b1d03239f64,Phoenix,core_15,Senior Housing,transaction/sale; market data/supply-demand; rent/occupancy/absorption,거래/투자,거래/투자; 운영/임대; 시장 데이터,No,article page appears accessible from collected text,Yes,No,standard,art_fab56b1d03239f64,https://www.connectcre.com/stories/marcus-millichap-closes-12-5m-sale-of-la-mesa-seniors-housing/,Marcus & Millichap Closes $12.5M Sale of La Mesa Seniors Housing,open,open,https://www.connectcre.com/stories/marcus-millichap-closes-12-5m-sale-of-la-mesa-seniors-housing/,valid,title/source/url metadata are internally consistent,Development Activity,GP / Capital Activity,development_project_anchor: capital event with identifiable project/asset (unit/site count: 81-unit; address/street: 49 guava ave; project/asset term: multifamily property),repeat_penalized,0,2026-07-27,2026-07-28,1,fresh_0_3d,fresh,published date parsed; article age 1 day(s),52,previously seen article; appeared in prior Representative Evidence,,California,matched state keyword: California,disposition_exit,retained_repeat,development article without confirmed capital event,No,Marcus & Millichap,,dictionary_match,high,"Matched known institutional / GP entity in title, summary, or source text.",True,unit/site count: 81-unit; address/street: 49 guava ave; project/asset term: multifamily property,high,Project / Asset,No,,,Marcus & Millichap,,,,Marcus & Millichap,,transaction_market,capital_markets; supply_demand,acquisition; disposition,none,effective_rent_growth,gp_acquisition,none,affordable_housing; senior_housing,lender; broker,Market reference detected as California.,medium,"Capital event keywords detected: acquisition, disposition. Supply/demand terms detected: effective_rent_growth. Institutional activity terms detected: gp_acquisition. Primary topic set to transaction_market; confidence medium.",85,70,institutional acquisition behavior,51
2026-07-28,20260728-235943-eac269a1,2026-07-28 23:59:42,Connect CRE California,Regional / California / LA Sources,Tier 2,development_pipeline;entitlement;la_california,Other,Affordable Housing,"Fri, 24 Jul 2026 19:51:38 +0000",100,High,Must Read,Los Angeles / California,Developer Strategy,Track Developer Strategy,"Review for developer strategy because the article may inform site selection, product type, adaptive reuse, build-to-rent, or market entry.",High relevance to US residential developer strategy,Read full article,"Included because it scored 100 and mentions affordable housing, apartment, apartments, with a Developer Strategy angle for Los Angeles / California.",No Clear Numeric Signal,,"California CRE News In Your Inbox. Sign up for Connect emails to stay informed with CRE stories that are 150 words or less. California + Los Angeles + Apartments | July 24, 2026 By: Paul Bubny Logos Faith Development Sets 15 Groundbreakings Over the Next Three Years Logos Faith Development, a Los Angeles-based affordable housing developer partnering with faith communities across Southern California, announced 15 groundbreakings planned across 2026, 2027 and 2028. In support of that growth, Logos","You are a strategic research analyst for Woomi / Woomi Global.
Analyze the following US multifamily housing article for developer strategy.

Article context:
- Title: Logos Faith Development Sets 15 Groundbreakings Over the Next Three Years
- Source: Connect CRE California
- URL: https://www.connectcre.com/stories/logos-faith-development-sets-15-groundbreakings-over-the-next-three-years/
- Market focus: Los Angeles / California
- Strategic angle: Developer Strategy
- Market signal: No Clear Numeric Signal
- Extracted numbers: None detected
- Strategic implication: Review for developer strategy because the article may inform site selection, product type, adaptive reuse, build-to-rent, or market entry.
- Woomi relevance: High relevance to US residential developer strategy

Please answer in concise bullet points:
1. Why does this article matter for a US multifamily developer?
2. What is the implication for Woomi / Woomi Global?
3. What risk or opportunity does this indicate?
4. What follow-up question should the strategy team ask?",82,Good,missing extracted numbers; missing market signal,"Rule-based interpretation: Connect CRE California article 'Logos Faith Development Sets 15 Groundbreakings Over the Next Three Years' is classified as priority review for Los Angeles / California. It points to development execution or sponsor strategy. Treat as a briefing input, not a standalone investment conclusion; confirm with source diversity, repeat observation, and market-specific evidence.",Development Strategy; Policy & Regulation,affordable housing; apartment; apartments; developer; development; groundbreaking,Logos Faith Development Sets 15 Groundbreakings Over the Next Three Years,https://www.connectcre.com/stories/logos-faith-development-sets-15-groundbreakings-over-the-next-three-years/,Yes,art_b2c09ebe829b8ca8,Los Angeles / Southern California,core_15,Affordable Housing,development; construction start; policy/regulation,개발/인허가,개발/인허가,No,article page appears accessible from collected text,Yes,No,standard,art_b2c09ebe829b8ca8,https://www.connectcre.com/stories/logos-faith-development-sets-15-groundbreakings-over-the-next-three-years/,Logos Faith Development Sets 15 Groundbreakings Over the Next Three Years,open,open,https://www.connectcre.com/stories/logos-faith-development-sets-15-groundbreakings-over-the-next-three-years/,valid,title/source/url metadata are internally consistent,Development Activity,,development_project_anchor: Construction Start (execution milestone: groundbreaking; project/asset term: development),acceptable_repeat,3,2026-07-24,2026-07-28,4,fresh_0_3d,fresh,published date parsed; article age 4 day(s),70,previously seen article,Los Angeles,California,matched city/metro keyword: Los Angeles,none,not_candidate,not a GP / capital candidate,No,,,,,,True,execution milestone: groundbreaking; project/asset term: development,high,Construction Start,No,,,,,,,,,development_pipeline,none,none,construction_start,none,none,none,affordable_housing; development,developer,Market reference detected as Los Angeles / California.,low,Development-stage terms detected: construction_start. Primary topic set to development_pipeline; confidence low.,60,40,classification confidence penalty,38
2026-07-28,20260728-235943-eac269a1,2026-07-28 23:57:57,Yield PRO,Core Multifamily News,Tier 1,lease_up_supply;national_multifamily,Other,Apartment,"Fri, 24 Jul 2026 21:23:38 +0000",99,High,Must Read,Other / Unknown,Institutional Flow,Track Institutional Capital Flow,"Track this as institutional capital flow because it mentions major capital players, portfolio transactions, deal size, or cap-rate signals.",High relevance to US residential developer strategy,Read full article,"Included because it scored 99 and mentions apartment, apartments, capital markets, with a Institutional Flow angle for a broad or unspecified market.",No Clear Numeric Signal,,"Deal boom News Facebook Twitter Linkedin JLL Capital Markets announced that it has secured the sale of Medicine Lake Apartments , a meticulously maintained lakefront community that graces the shores of prestigious Medicine Lake in Plymouth, Minnesota. JLL represented the seller, Bigos Management. The buyer was Weber Organization. Medicine Lake Apartments, located at 1300 W Medicine Lake Dr., represents one of the Twin Cities’ most unique multifamily assets: an 81-unit community directly on Medic","You are a strategic research analyst for Woomi / Woomi Global.
Analyze the following US multifamily housing article for developer strategy.

Article context:
- Title: Legacy Lakefront Apartment Community Trades for First Time in Three Decades in Minnesota
- Source: Yield PRO
- URL: https://yieldpro.com/2026/07/medicine-lake-apartments/
- Market focus: Other / Unknown
- Strategic angle: Institutional Flow
- Market signal: No Clear Numeric Signal
- Extracted numbers: None detected
- Strategic implication: Track this as institutional capital flow because it mentions major capital players, portfolio transactions, deal size, or cap-rate signals.
- Woomi relevance: High relevance to US residential developer strategy

Please answer in concise bullet points:
1. Why does this article matter for a US multifamily developer?
2. What is the implication for Woomi / Woomi Global?
3. What risk or opportunity does this indicate?
4. What follow-up question should the strategy team ask?",74,Good,missing extracted numbers; missing market focus; missing market signal,"Rule-based interpretation: Yield PRO article 'Legacy Lakefront Apartment Community Trades for First Time in Three Decades in Minnesota' is classified as priority review for Other / Unknown. It points to institutional capital movement or transaction activity. Treat as a briefing input, not a standalone investment conclusion; confirm with source diversity, repeat observation, and market-specific evidence.",Macro & Financing; Market Players & Deals,apartment; apartments; capital markets; jll; multifamily; sale,Legacy Lakefront Apartment Community Trades for First Time in Three Decades in Minnesota,https://yieldpro.com/2026/07/medicine-lake-apartments/,Yes,art_8e74b32fa12f1a2d,Minneapolis,watchlist_8,Multifamily,,거래/투자,거래/투자; 시장 데이터,No,article page appears accessible from collected text,No,Yes,standard,art_8e74b32fa12f1a2d,https://yieldpro.com/2026/07/medicine-lake-apartments/,Legacy Lakefront Apartment Community Trades for First Time in Three Decades in Minnesota,open,open,https://yieldpro.com/2026/07/medicine-lake-apartments/,valid,title/source/url metadata are internally consistent,Development Activity,GP / Capital Activity,development_project_anchor: capital event with identifiable project/asset (unit/site count: 81-unit; address/street: 1300 w medicine lake dr; project/asset term: community),acceptable_repeat,3,2026-07-24,2026-07-28,4,fresh_0_3d,fresh,published date parsed; article age 4 day(s),70,previously seen article,,,"no city, state, or market keyword detected",disposition_exit,repeated_but_retained,development article without confirmed capital event,No,JLL,,dictionary_match,high,"Matched known institutional / GP entity in title, summary, or source text.",True,unit/site count: 81-unit; address/street: 1300 w medicine lake dr; project/asset term: community,high,Project / Asset,No,,,JLL,,,,JLL,,transaction_market,capital_markets,disposition,none,none,none,none,unknown,lender; broker,No specific market detected; relevance remains broad.,low,Capital event keywords detected: disposition. Primary topic set to transaction_market; confidence low.,45,36,classification confidence penalty,28
2026-07-28,20260728-235943-eac269a1,2026-07-28 23:58:17,Urbanize LA,Regional / California / LA Sources,Tier 2,development_pipeline;entitlement;la_california,Other,Apartment,"Tue, 28 Jul 2026 13:15:00 +0000",99,High,Must Read,Southeast,Developer Strategy,Track Developer Strategy,"Review for developer strategy because the article may inform site selection, product type, adaptive reuse, build-to-rent, or market entry.",High relevance to US residential developer strategy,Read full article,"Included because it scored 99 and mentions apartment, apartments, development, with a Developer Strategy angle for Southeast.",No Clear Numeric Signal,600 apartments,"Checking in on Alexan West End at 600 Broadway in Long Beach | Urbanize LA Skip to main content Advertisement Advertisement One year since our last update, the wrapping is off for a large apartment complex next door to the World Trade Center in Downtown Long Beach . Alexan West End , which is being developed by Trammell Crow Residential and R&V Management, replaces a parking lot at 600 Broadway with a collection of seven- and eight-story buildings containing 600 studio, one-, two-, and three-bed","You are a strategic research analyst for Woomi / Woomi Global.
Analyze the following US multifamily housing article for developer strategy.

Article context:
- Title: Checking in on Alexan West End at 600 Broadway in Long Beach
- Source: Urbanize LA
- URL: https://la.urbanize.city/post/checking-alexan-west-end-600-broadway-long-beach
- Market focus: Southeast
- Strategic angle: Developer Strategy
- Market signal: No Clear Numeric Signal
- Extracted numbers: 600 apartments
- Strategic implication: Review for developer strategy because the article may inform site selection, product type, adaptive reuse, build-to-rent, or market entry.
- Woomi relevance: High relevance to US residential developer strategy

Please answer in concise bullet points:
1. Why does this article matter for a US multifamily developer?
2. What is the implication for Woomi / Woomi Global?
3. What risk or opportunity does this indicate?
4. What follow-up question should the strategy team ask?",90,Excellent,missing market signal,"Rule-based interpretation: Urbanize LA article 'Checking in on Alexan West End at 600 Broadway in Long Beach' is classified as priority review for Southeast. It points to development execution or sponsor strategy. Treat as a briefing input, not a standalone investment conclusion; confirm with source diversity, repeat observation, and market-specific evidence.",Development Strategy; Market Players & Deals,apartment; apartments; development; trammell crow residential,Checking in on Alexan West End at 600 Broadway in Long Beach,https://la.urbanize.city/post/checking-alexan-west-end-600-broadway-long-beach,No,art_a8b6065355050135,Los Angeles / Southern California,core_15,Multifamily,,개발/인허가,개발/인허가,No,limited source or insufficient readable article text,Yes,No,access_limited_source,art_a8b6065355050135,https://la.urbanize.city/post/checking-alexan-west-end-600-broadway-long-beach,Checking in on Alexan West End at 600 Broadway in Long Beach,access_limited,access_limited,https://la.urbanize.city/post/checking-alexan-west-end-600-broadway-long-beach,valid,title/source/url metadata are internally consistent,Development Activity,,development milestone or entitlement signal has display priority,new_or_fresh,0,2026-07-28,2026-07-28,0,fresh_0_3d,fresh,published date parsed; article age 0 day(s),88,limited page access,,,used broad market bucket: Southeast,none,not_candidate,not a GP / capital candidate,No,,,,,,False,"no identifiable project, asset, site, address, or unit-count anchor",none,,No,,,,,,,,,other,none,none,none,none,none,none,unknown,developer,Market reference detected as Southeast.,unknown,"Limited/paywalled article; classification is based on title, URL, source, and available lead text only. No clear rule-based event keyword was detected. Primary topic set to other; confidence unknown.",45,28,limited article: title/lead-based review needed; classification confidence penalty,28
2026-07-28,20260728-235943-eac269a1,2026-07-28 23:58:22,SF YIMBY,Regional / California / LA Sources,Tier 2,development_pipeline;entitlement;la_california,Other,Affordable Housing,"Mon, 27 Jul 2026 12:00:24 +0000",98,High,Must Read,Other / Unknown,Developer Strategy,Track Developer Strategy,"Review for developer strategy because the article may inform site selection, product type, adaptive reuse, build-to-rent, or market entry.",High relevance to US residential developer strategy,Read full article,"Included because it scored 98 and mentions affordable housing, apartment, apartments, with a Developer Strategy angle for a broad or unspecified market.",No Clear Numeric Signal,50 apartments,"2016 Ashby Avenue construction progress, image courtesy YIMBY Reader By: Andrew Nelson 5:00 am on July 27, 2026 Progress has been made on the foundation of a seven-story affordable housing complex at 2016 Ashby Avenue in South Berkeley , Alameda County . The project is adding 50 apartments to the backyard of the St. Paul African Methodist Episcopal Church. Nibbi Brothers General Contractors is responsible for construction, and Community Housing Development Corporation is the developer. 2016 Ashb","You are a strategic research analyst for Woomi / Woomi Global.
Analyze the following US multifamily housing article for developer strategy.

Article context:
- Title: Foundation Work Underway For 2016 Ashby Avenue, South Berkeley
- Source: SF YIMBY
- URL: https://sfyimby.com/2026/07/foundation-work-underway-for-2016-ashby-avenue-south-berkeley.html
- Market focus: Other / Unknown
- Strategic angle: Developer Strategy
- Market signal: No Clear Numeric Signal
- Extracted numbers: 50 apartments
- Strategic implication: Review for developer strategy because the article may inform site selection, product type, adaptive reuse, build-to-rent, or market entry.
- Woomi relevance: High relevance to US residential developer strategy

Please answer in concise bullet points:
1. Why does this article matter for a US multifamily developer?
2. What is the implication for Woomi / Woomi Global?
3. What risk or opportunity does this indicate?
4. What follow-up question should the strategy team ask?",82,Good,missing market focus; missing market signal,"Rule-based interpretation: SF YIMBY article 'Foundation Work Underway For 2016 Ashby Avenue, South Berkeley' is classified as priority review for Other / Unknown. It points to development execution or sponsor strategy. Treat as a briefing input, not a standalone investment conclusion; confirm with source diversity, repeat observation, and market-specific evidence.",Development Strategy; Policy & Regulation,affordable housing; apartment; apartments; construction; developer; development,"Foundation Work Underway For 2016 Ashby Avenue, South Berkeley",https://sfyimby.com/2026/07/foundation-work-underway-for-2016-ashby-avenue-south-berkeley.html,Yes,art_7afcb55f172d9b89,San Francisco / Bay Area,other,Affordable Housing,policy/regulation,개발/인허가,개발/인허가,No,limited source or insufficient readable article text,No,No,access_limited_source,art_7afcb55f172d9b89,https://sfyimby.com/2026/07/foundation-work-underway-for-2016-ashby-avenue-south-berkeley.html,"Foundation Work Underway For 2016 Ashby Avenue, South Berkeley",access_limited,access_limited,https://sfyimby.com/2026/07/foundation-work-underway-for-2016-ashby-avenue-south-berkeley.html,valid,title/source/url metadata are internally consistent,Development Activity,,development_project_anchor: Project / Asset (unit/site count: 50 apartments; address/street: 2016 ashby avenue; project/asset term: project),acceptable_repeat,0,2026-07-27,2026-07-28,1,fresh_0_3d,fresh,published date parsed; article age 1 day(s),70,previously seen article; limited page access,,,"no city, state, or market keyword detected",none,not_candidate,not a GP / capital candidate,No,,,,,,True,unit/site count: 50 apartments; address/street: 2016 ashby avenue; project/asset term: project,high,Project / Asset,No,,,,,,,,,other,none,none,none,none,none,none,unknown,developer,No specific market detected; relevance remains broad.,unknown,"Limited/paywalled article; classification is based on title, URL, source, and available lead text only. No clear rule-based event keyword was detected. Primary topic set to other; confidence unknown.",30,25,limited article: title/lead-based review needed; classification confidence penalty,17
2026-07-28,20260728-235943-eac269a1,2026-07-28 23:59:01,Connect CRE South Florida,Site / Parcel Source Expansion,Tier 2,development_pipeline;gp_activity;sunbelt,Other,Apartment,"Mon, 13 Jul 2026 14:07:28 +0000",97,High,Must Read,Miami / Florida,Financing Risk; Developer Strategy,Track Financing Conditions; Track Developer Strategy,"Monitor financing conditions because the article includes apartment, apartments, construction and $54 million, which may affect construction loans, refinancing risk, and exit cap rates.",High relevance to US residential developer strategy,Read full article,"Included because it scored 97 and mentions apartment, apartments, construction, with a Financing Risk; Developer Strategy angle for Miami / Florida.",No Clear Numeric Signal,$54 million,"Florida & Gulf Coast CRE News In Your Inbox. Sign up for Connect emails to stay informed with CRE stories that are 150 words or less. Florida & Gulf Coast + South Florida + Apartments | July 13, 2026 By: Mike Boyd Fort Lauderdale Developer Inks Financing for Condos, Apartments, Retail Dependable Equities, an affiliate of Sky Equity Group , secured $54 million in pre-construction financing from CDK, with Valley National Bank serving as a participating lender to advance a residential development s","You are a strategic research analyst for Woomi / Woomi Global.
Analyze the following US multifamily housing article for developer strategy.

Article context:
- Title: Fort Lauderdale Developer Inks Financing for Condos, Apartments, Retail
- Source: Connect CRE South Florida
- URL: https://www.connectcre.com/stories/fort-lauderdale-developer-inks-financing-for-condos-apartments-retail/
- Market focus: Miami / Florida
- Strategic angle: Financing Risk; Developer Strategy
- Market signal: No Clear Numeric Signal
- Extracted numbers: $54 million
- Strategic implication: Monitor financing conditions because the article includes apartment, apartments, construction and $54 million, which may affect construction loans, refinancing risk, and exit cap rates.
- Woomi relevance: High relevance to US residential developer strategy

Please answer in concise bullet points:
1. Why does this article matter for a US multifamily developer?
2. What is the implication for Woomi / Woomi Global?
3. What risk or opportunity does this indicate?
4. What follow-up question should the strategy team ask?",90,Excellent,missing market signal,"Rule-based interpretation: Connect CRE South Florida article 'Fort Lauderdale Developer Inks Financing for Condos, Apartments, Retail' is classified as priority review for Miami / Florida. It points to financing, refinancing, or debt-market conditions. Treat as a briefing input, not a standalone investment conclusion; confirm with source diversity, repeat observation, and market-specific evidence.",Macro & Financing; Development Strategy,apartment; apartments; construction; developer; development; financing,"Fort Lauderdale Developer Inks Financing for Condos, Apartments, Retail",https://www.connectcre.com/stories/fort-lauderdale-developer-inks-financing-for-condos-apartments-retail/,Yes,art_b790074cb338b620,Miami / South Florida,core_15,Multifamily,,제외/금융,제외/금융,Yes,article page appears accessible from collected text,Yes,No,standard,art_b790074cb338b620,https://www.connectcre.com/stories/fort-lauderdale-developer-inks-financing-for-condos-apartments-retail/,"Fort Lauderdale Developer Inks Financing for Condos, Apartments, Retail",open,open,https://www.connectcre.com/stories/fort-lauderdale-developer-inks-financing-for-condos-apartments-retail/,valid,title/source/url metadata are internally consistent,Development Activity,GP / Capital Activity,development_project_anchor: project financing/capital event tied to project (project/asset term: development; project financing tied to anchor: construction financing),repeat_penalized,15,2026-07-13,2026-07-28,15,old_31d_plus,old,published date parsed; article age 15 day(s),5,published date parsed; article age 15 day(s); previously seen article,Miami,Florida,matched city/metro keyword: Miami,construction_financing,repeat_penalized,repeat exposure penalty; historical article over 30 days old,No,Valley National Bank,Sky Equity Group,capital_event_sentence,medium,Inferred entity from source text near capital-event language.,True,project/asset term: development; project financing tied to anchor: construction financing,high,Project Financing / Capital Event,No,,,Valley National Bank,Valley National Bank,Sky Equity Group,Sky Equity Group,Valley National Bank,Sky Equity Group,capital_markets,institutional_capital,construction_financing,none,none,lender_activity,construction_loan,unknown,lender; developer,Market reference detected as Miami / Florida.,medium,Capital event keywords detected: construction_financing. Financing type keywords detected: construction_loan. Institutional activity terms detected: lender_activity. Primary topic set to capital_markets; confidence medium.,85,6,general market observation with limited strategic behavior evidence,0
2026-07-28,20260728-235943-eac269a1,2026-07-28 23:57:57,Yield PRO,Core Multifamily News,Tier 1,lease_up_supply;national_multifamily,Other,Apartment,"Sun, 26 Jul 2026 16:04:24 +0000",94,High,Must Read,California,Financing Risk; Institutional Flow,Track Financing Conditions; Track Institutional Capital Flow,"Monitor financing conditions because the article includes apartment, apartments, financing and $5.65 million, $565,000, which may affect construction loans, refinancing risk, and exit cap rates.",High relevance to US residential developer strategy,Read full article,"Included because it scored 94 and mentions apartment, apartments, financing, with a Financing Risk; Institutional Flow angle for California.",Deal Size Signal,"$5.65 million; $565,000","Deal boom News Pacific region Facebook Twitter Linkedin Marcus & Millichap (NYSE: MMI) , a leading commercial real estate brokerage firm specializing in investment sales, financing, research and advisory services, announced the sale of Crystal Springs Apartments , a 10-unit multifamily property in San Mateo, California. The property sold for $5.65 million or $565,000 per unit. “Sales of generational multifamily properties like Crystal Springs Apartments are exceptionally rare, particularly in su","You are a strategic research analyst for Woomi / Woomi Global.
Analyze the following US multifamily housing article for developer strategy.

Article context:
- Title: Marcus & Millichap Palo Alto Office Brokers Value-Add Sale of Multifamily Property
- Source: Yield PRO
- URL: https://yieldpro.com/2026/07/crystal-springs-apartments/
- Market focus: California
- Strategic angle: Financing Risk; Institutional Flow
- Market signal: Deal Size Signal
- Extracted numbers: $5.65 million; $565,000
- Strategic implication: Monitor financing conditions because the article includes apartment, apartments, financing and $5.65 million, $565,000, which may affect construction loans, refinancing risk, and exit cap rates.
- Woomi relevance: High relevance to US residential developer strategy

Please answer in concise bullet points:
1. Why does this article matter for a US multifamily developer?
2. What is the implication for Woomi / Woomi Global?
3. What risk or opportunity does this indicate?
4. What follow-up question should the strategy team ask?",98,Excellent,None,"Rule-based interpretation: Yield PRO article 'Marcus & Millichap Palo Alto Office Brokers Value-Add Sale of Multifamily Property' is classified as priority review for California. It points to financing, refinancing, or debt-market conditions. Treat as a briefing input, not a standalone investment conclusion; confirm with source diversity, repeat observation, and market-specific evidence.",Macro & Financing; Market Players & Deals,apartment; apartments; financing; multifamily; sale,Marcus & Millichap Palo Alto Office Brokers Value-Add Sale of Multifamily Property,https://yieldpro.com/2026/07/crystal-springs-apartments/,Yes,art_46600c09d052802f,California,other,Multifamily,transaction/sale,거래/투자,거래/투자; 시장 데이터,No,article page appears accessible from collected text,No,No,standard,art_46600c09d052802f,https://yieldpro.com/2026/07/crystal-springs-apartments/,Marcus & Millichap Palo Alto Office Brokers Value-Add Sale of Multifamily Property,open,open,https://yieldpro.com/2026/07/crystal-springs-apartments/,valid,title/source/url metadata are internally consistent,Development Activity,GP / Capital Activity; Market Intelligence,development_project_anchor: capital event with identifiable project/asset (unit/site count: 10-unit; project/asset term: apartments),acceptable_repeat,1,2026-07-26,2026-07-28,2,fresh_0_3d,fresh,published date parsed; article age 2 day(s),78,previously seen article,,California,matched state keyword: California,none,not_candidate,not a GP / capital candidate,No,,,,,,True,unit/site count: 10-unit; project/asset term: apartments,high,Project / Asset,No,,,,,,,,,transaction_market,capital_markets; development_pipeline,disposition,renovation_repositioning,none,none,none,value_add,lender; broker,Market reference detected as California.,medium,Capital event keywords detected: disposition. Development-stage terms detected: renovation_repositioning. Primary topic set to transaction_market; confidence medium.,90,57,general market observation with limited strategic behavior evidence,51
2026-07-28,20260728-235943-eac269a1,2026-07-28 23:59:06,Connect CRE Phoenix,Site / Parcel Source Expansion,Tier 2,development_pipeline;gp_activity;sunbelt,Other,BTR / Single-Family Rental,"Mon, 27 Jul 2026 16:24:15 +0000",94,High,Must Read,Phoenix / Arizona,Financing Risk; Developer Strategy,Track Financing Conditions; Track Developer Strategy,"Monitor financing conditions because the article includes apartment, apartments, bridge loan and $73.1m, $73.1, $112.5 million, which may affect construction loans, refinancing risk, and exit cap rates.",High relevance to US residential developer strategy,Read full article,"Included because it scored 94 and mentions apartment, apartments, bridge loan, with a Financing Risk; Developer Strategy angle for Phoenix / Arizona.",Rent Growth Signal,$73.1m; $73.1; $112.5 million,"Phoenix & Southwest CRE News In Your Inbox. Sign up for Connect emails to stay informed with CRE stories that are 150 words or less. Phoenix & Southwest + Phoenix + Apartments | July 27, 2026 By: Mike Boyd Phoenix BTR Investor Inks $73.1M Bridge Loan Golden Horizons Enterprises inked a $73.1 bridge loan on Merrick on Camelback, a 334-unit built-to-rent community in Phoenix, Arizona. The financing was arranged by Lument and originated by Arcus Real Estate Capital. The bridge loan has a three-year","You are a strategic research analyst for Woomi / Woomi Global.
Analyze the following US multifamily housing article for developer strategy.

Article context:
- Title: Phoenix BTR Investor Inks $73.1M Bridge Loan
- Source: Connect CRE Phoenix
- URL: https://www.connectcre.com/stories/phoenix-btr-investor-inks-73-1m-bridge-loan/
- Market focus: Phoenix / Arizona
- Strategic angle: Financing Risk; Developer Strategy
- Market signal: Rent Growth Signal
- Extracted numbers: $73.1m; $73.1; $112.5 million
- Strategic implication: Monitor financing conditions because the article includes apartment, apartments, bridge loan and $73.1m, $73.1, $112.5 million, which may affect construction loans, refinancing risk, and exit cap rates.
- Woomi relevance: High relevance to US residential developer strategy

Please answer in concise bullet points:
1. Why does this article matter for a US multifamily developer?
2. What is the implication for Woomi / Woomi Global?
3. What risk or opportunity does this indicate?
4. What follow-up question should the strategy team ask?",98,Excellent,None,"Rule-based interpretation: Connect CRE Phoenix article 'Phoenix BTR Investor Inks $73.1M Bridge Loan' is classified as priority review for Phoenix / Arizona. It points to financing, refinancing, or debt-market conditions. Treat as a briefing input, not a standalone investment conclusion; confirm with source diversity, repeat observation, and market-specific evidence.",Macro & Financing,apartment; apartments; bridge loan; btr; built-to-rent; financing; loan,Phoenix BTR Investor Inks $73.1M Bridge Loan,https://www.connectcre.com/stories/phoenix-btr-investor-inks-73-1m-bridge-loan/,Yes,art_43641de8f10a1d27,Phoenix,core_15,Build-to-Rent,financing/refinancing; rent/occupancy/absorption,제외/금융,제외/금융,Yes,article page appears accessible from collected text,Yes,No,standard,art_43641de8f10a1d27,https://www.connectcre.com/stories/phoenix-btr-investor-inks-73-1m-bridge-loan/,Phoenix BTR Investor Inks $73.1M Bridge Loan,open,open,https://www.connectcre.com/stories/phoenix-btr-investor-inks-73-1m-bridge-loan/,valid,title/source/url metadata are internally consistent,Development Activity,GP / Capital Activity,development_project_anchor: capital event with identifiable project/asset (unit/site count: 334-unit; project/asset term: community),acceptable_repeat,0,2026-07-27,2026-07-28,1,fresh_0_3d,fresh,published date parsed; article age 1 day(s),82,previously seen article,Phoenix,Arizona,matched city/metro keyword: Phoenix,debt_financing,repeated_but_retained,selected or retained for GP / capital review,Yes,Arcus Real Estate Capital,,capital_event_sentence,medium,Inferred entity from source text near capital-event language.,True,unit/site count: 334-unit; project/asset term: community,high,Project / Asset,No,,,Arcus Real Estate Capital,Arcus Real Estate Capital,,,Arcus Real Estate Capital,,capital_markets,supply_demand,bridge_loan,none,effective_rent_growth,none,bridge_loan,btr,lender; developer; investor,Market reference detected as Phoenix / Arizona.,high,Capital event keywords detected: bridge_loan. Financing type keywords detected: bridge_loan. Supply/demand terms detected: effective_rent_growth. Primary topic set to capital_markets; confidence high.,75,64,large-scale refinance tied to strategy,48
2026-07-28,20260728-235943-eac269a1,2026-07-28 23:58:22,REBusiness Online,Site / Parcel Source Expansion,Tier 2,development_pipeline;gp_activity,Other,Mixed-Use Residential,2026-07-28T14:44:12Z,93,High,Must Read,Austin / Texas,Financing Risk; Developer Strategy,Track Financing Conditions; Track Developer Strategy,"Monitor financing conditions because the article includes apartment, apartments, construction and $28.2 million, $70 million, which may affect construction loans, refinancing risk, and exit cap rates.",High relevance to US residential developer strategy,Read full article,"Included because it scored 93 and mentions apartment, apartments, construction, with a Financing Risk; Developer Strategy angle for Austin / Texas.",Rent Growth Signal,$28.2 million; $70 million,"Development Mixed-Use Texas Rockspring Underway on 254-Acre Mixed-Use Development in Marble Falls, Texas by Taylor Williams July 28, 2026 July 28, 2026 3 MARBLE FALLS, TEXAS — Rockspring, a Houston-based development and investment firm, is underway on The Highlands, a 254-acre mixed-use development in Marble Falls, about 50 miles northwest of Austin. Plans for the master-planned community currently call for an array of residential uses, including single-family homes, apartments and townhomes, as","You are a strategic research analyst for Woomi / Woomi Global.
Analyze the following US multifamily housing article for developer strategy.

Article context:
- Title: Rockspring Underway on 254-Acre Mixed-Use Development in Marble Falls, Texas
- Source: REBusiness Online
- URL: https://rebusinessonline.com/rockspring-underway-on-254-acre-mixed-use-development-in-marble-falls-texas/
- Market focus: Austin / Texas
- Strategic angle: Financing Risk; Developer Strategy
- Market signal: Rent Growth Signal
- Extracted numbers: $28.2 million; $70 million
- Strategic implication: Monitor financing conditions because the article includes apartment, apartments, construction and $28.2 million, $70 million, which may affect construction loans, refinancing risk, and exit cap rates.
- Woomi relevance: High relevance to US residential developer strategy

Please answer in concise bullet points:
1. Why does this article matter for a US multifamily developer?
2. What is the implication for Woomi / Woomi Global?
3. What risk or opportunity does this indicate?
4. What follow-up question should the strategy team ask?",98,Excellent,None,"Rule-based interpretation: REBusiness Online article 'Rockspring Underway on 254-Acre Mixed-Use Development in Marble Falls, Texas' is classified as priority review for Austin / Texas. It points to financing, refinancing, or debt-market conditions. Treat as a briefing input, not a standalone investment conclusion; confirm with source diversity, repeat observation, and market-specific evidence.",Macro & Financing; Development Strategy,apartment; apartments; construction; development; loan,"Rockspring Underway on 254-Acre Mixed-Use Development in Marble Falls, Texas",https://rebusinessonline.com/rockspring-underway-on-254-acre-mixed-use-development-in-marble-falls-texas/,No,art_49975f4e01eee4d9,Houston,core_15,Mixed-use Residential,financing/refinancing; rent/occupancy/absorption,개발/인허가,개발/인허가; 거래/투자; 운영/임대; 시장 데이터,No,article page appears accessible from collected text,Yes,No,standard,art_49975f4e01eee4d9,https://rebusinessonline.com/rockspring-underway-on-254-acre-mixed-use-development-in-marble-falls-texas/,"Rockspring Underway on 254-Acre Mixed-Use Development in Marble Falls, Texas",open,open,https://rebusinessonline.com/rockspring-underway-on-254-acre-mixed-use-development-in-marble-falls-texas/,valid,title/source/url metadata are internally consistent,Development Activity,Market Intelligence,development_project_anchor: Project / Asset (unit/site count: 254-acre; project/asset term: development),new_or_fresh,0,2026-07-28,2026-07-28,0,fresh_0_3d,fresh,published date parsed; article age 0 day(s),100,fresh article or no repeat penalty,Austin,Texas,matched city/metro keyword: Austin,debt_financing,new_candidate,development article without confirmed capital event,No,Participant not identified,,unresolved,unresolved,"No institution name detected in dictionary, title, summary, or source text.",True,unit/site count: 254-acre; project/asset term: development,high,Project / Asset,No,,,,,,,,,supply_demand,none,none,none,effective_rent_growth,none,none,mixed_use,lender; developer,Market reference detected as Austin / Texas.,low,Supply/demand terms detected: effective_rent_growth. Primary topic set to supply_demand; confidence low.,60,40,classification confidence penalty,36
2026-07-28,20260728-235943-eac269a1,2026-07-28 23:58:23,REBusiness Online,Site / Parcel Source Expansion,Tier 2,development_pipeline;gp_activity,Other,Apartment,2026-07-28T13:18:26Z,92,High,Must Read,Other / Unknown,Institutional Flow,Track Institutional Capital Flow,"Review this as a supply risk signal because it references new deliveries, starts, pipeline, or permits in Other / Unknown.",High relevance to US residential developer strategy,Read full article,"Included because it scored 92 and mentions acquisition, apartment, apartments, with a Institutional Flow angle for a broad or unspecified market.",Supply / Starts Signal,$5.9m; $5.9 million,"The five buildings are situated along East Turtle Creek Circle. Acquisitions Illinois Midwest Multifamily Interra Realty Brokers $5.9M Sale of Multifamily Portfolio in Palatine, Illinois by Kristin Harlow July 28, 2026 July 28, 2026 3 PALATINE, ILL. — Interra Realty has brokered the sale of a five-building, 30-unit multifamily portfolio in Palatine for nearly $5.9 million. Paul Waterloo and Patrick Kennelly of Interra represented the private local buyer and confidential seller. The portfolio was","You are a strategic research analyst for Woomi / Woomi Global.
Analyze the following US multifamily housing article for developer strategy.

Article context:
- Title: Interra Realty Brokers $5.9M Sale of Multifamily Portfolio in Palatine, Illinois
- Source: REBusiness Online
- URL: https://rebusinessonline.com/interra-realty-brokers-5-9m-sale-of-multifamily-portfolio-in-palatine-illinois/
- Market focus: Other / Unknown
- Strategic angle: Institutional Flow
- Market signal: Supply / Starts Signal
- Extracted numbers: $5.9m; $5.9 million
- Strategic implication: Review this as a supply risk signal because it references new deliveries, starts, pipeline, or permits in Other / Unknown.
- Woomi relevance: High relevance to US residential developer strategy

Please answer in concise bullet points:
1. Why does this article matter for a US multifamily developer?
2. What is the implication for Woomi / Woomi Global?
3. What risk or opportunity does this indicate?
4. What follow-up question should the strategy team ask?",90,Excellent,missing market focus,"Rule-based interpretation: REBusiness Online article 'Interra Realty Brokers $5.9M Sale of Multifamily Portfolio in Palatine, Illinois' is classified as priority review for Other / Unknown. It points to supply, delivery, lease-up, or absorption conditions. Treat as a briefing input, not a standalone investment conclusion; confirm with source diversity, repeat observation, and market-specific evidence.",Macro & Financing; Supply & Demand; Market Players & Deals,acquisition; apartment; apartments; midwest; multifamily; sale,"Interra Realty Brokers $5.9M Sale of Multifamily Portfolio in Palatine, Illinois",https://rebusinessonline.com/interra-realty-brokers-5-9m-sale-of-multifamily-portfolio-in-palatine-illinois/,No,art_ed751502e713d21d,Other / Unknown,other,Multifamily,acquisition; market data/supply-demand,거래/투자,거래/투자; 운영/임대; 시장 데이터,No,article page appears accessible from collected text,No,No,standard,art_ed751502e713d21d,https://rebusinessonline.com/interra-realty-brokers-5-9m-sale-of-multifamily-portfolio-in-palatine-illinois/,"Interra Realty Brokers $5.9M Sale of Multifamily Portfolio in Palatine, Illinois",open,open,https://rebusinessonline.com/interra-realty-brokers-5-9m-sale-of-multifamily-portfolio-in-palatine-illinois/,valid,title/source/url metadata are internally consistent,Development Activity,GP / Capital Activity,development_project_anchor: capital event with identifiable project/asset (unit/site count: 30-unit; project/asset term: apartments),new_or_fresh,0,2026-07-28,2026-07-28,0,fresh_0_3d,fresh,published date parsed; article age 0 day(s),100,fresh article or no repeat penalty,,,"no city, state, or market keyword detected",disposition_exit,new_candidate,development article without confirmed capital event,No,Participant not identified,,unresolved,unresolved,"No institution name detected in dictionary, title, summary, or source text.",True,unit/site count: 30-unit; project/asset term: apartments,high,Project / Asset,No,,,,,,,,,transaction_market,capital_markets; institutional_capital,acquisition; disposition,none,none,gp_acquisition,none,unknown,lender; broker,No specific market detected; relevance remains broad.,medium,"Capital event keywords detected: acquisition, disposition. Institutional activity terms detected: gp_acquisition. Primary topic set to transaction_market; confidence medium.",70,67,institutional acquisition behavior,73
2026-07-28,20260728-235943-eac269a1,2026-07-28 23:59:31,Connect CRE Orange County,Site / Parcel Source Expansion,Tier 2,development_pipeline;gp_activity,Other,Affordable Housing,"Wed, 24 Jun 2026 21:38:20 +0000",92,High,Must Read,Riverside / California,Developer Strategy,Track Developer Strategy,"Review this as a supply risk signal because it references new deliveries, starts, pipeline, or permits in Riverside / California.",High relevance to US residential developer strategy,Read full article,"Included because it scored 92 and mentions affordable housing, apartment, apartments, with a Developer Strategy angle for Riverside / California.",Supply / Starts Signal,30%; 80%,"California CRE News In Your Inbox. Sign up for Connect emails to stay informed with CRE stories that are 150 words or less. California + Orange County + Apartments | June 24, 2026 By: Paul Bubny C&C Development Opens Affordable Housing in Irvine C&C Development, in partnership with Riverside Charitable Corporation, announced the opening of Cartwright Family Apartments, a 60-unit affordable housing community on 1.6 acres at 17861 Cartwright Rd. in the Irvine Business Complex. The community is for","You are a strategic research analyst for Woomi / Woomi Global.
Analyze the following US multifamily housing article for developer strategy.

Article context:
- Title: C&C Development Opens Affordable Housing in Irvine
- Source: Connect CRE Orange County
- URL: https://www.connectcre.com/stories/cc-development-opens-affordable-housing-in-irvine/
- Market focus: Riverside / California
- Strategic angle: Developer Strategy
- Market signal: Supply / Starts Signal
- Extracted numbers: 30%; 80%
- Strategic implication: Review this as a supply risk signal because it references new deliveries, starts, pipeline, or permits in Riverside / California.
- Woomi relevance: High relevance to US residential developer strategy

Please answer in concise bullet points:
1. Why does this article matter for a US multifamily developer?
2. What is the implication for Woomi / Woomi Global?
3. What risk or opportunity does this indicate?
4. What follow-up question should the strategy team ask?",98,Excellent,None,"Rule-based interpretation: Connect CRE Orange County article 'C&C Development Opens Affordable Housing in Irvine' is classified as priority review for Riverside / California. It points to supply, delivery, lease-up, or absorption conditions. Treat as a briefing input, not a standalone investment conclusion; confirm with source diversity, repeat observation, and market-specific evidence.",Development Strategy; Policy & Regulation,affordable housing; apartment; apartments; development,C&C Development Opens Affordable Housing in Irvine,https://www.connectcre.com/stories/cc-development-opens-affordable-housing-in-irvine/,Yes,art_8440ae3933180497,Los Angeles / Southern California,core_15,Affordable Housing,development; delivery/completion; policy/regulation,개발/인허가,개발/인허가,No,article page appears accessible from collected text,Yes,No,standard,art_8440ae3933180497,https://www.connectcre.com/stories/cc-development-opens-affordable-housing-in-irvine/,C&C Development Opens Affordable Housing in Irvine,open,open,https://www.connectcre.com/stories/cc-development-opens-affordable-housing-in-irvine/,valid,title/source/url metadata are internally consistent,Development Activity,GP / Capital Activity,development_project_anchor: capital event with identifiable project/asset (unit/site count: 60-unit; address/street: 17861 cartwright rd; execution milestone: opens; project/asset term: development),repeat_penalized,33,2026-06-24,2026-07-28,34,old_31d_plus,old,published date parsed; article age 34 day(s),20,published date parsed; article age 34 day(s); previously seen article; possible follow-up or updated development signal,Riverside,California,matched city/metro keyword: Riverside,joint_venture,repeat_penalized,repeat exposure penalty; historical article over 30 days old,No,Participant not identified,,unresolved,unresolved,"No institution name detected in dictionary, title, summary, or source text.",True,unit/site count: 60-unit; address/street: 17861 cartwright rd; execution milestone: opens; project/asset term: development,high,Delivery / Opening,No,,,,,,,,,institutional_capital,capital_markets; development_pipeline,joint_venture,delivery,none,none,none,affordable_housing,developer,Market reference detected as Riverside / California.,medium,Capital event keywords detected: joint_venture. Development-stage terms detected: delivery. Primary topic set to institutional_capital; confidence medium.,90,39,JV or partnership activity; development continuation,0
2026-07-28,20260728-235943-eac269a1,2026-07-28 23:59:27,Connect CRE Orange County,Site / Parcel Source Expansion,Tier 2,development_pipeline;gp_activity,Other,Apartment,"Wed, 15 Jul 2026 20:53:23 +0000",91,High,Must Read,California,Financing Risk; Institutional Flow,Track Financing Conditions; Track Institutional Capital Flow,"Monitor financing conditions because the article includes acquisition, apartment, apartments and $53,125,000, $290,301, which may affect construction loans, refinancing risk, and exit cap rates.",High relevance to US residential developer strategy,Read full article,"Included because it scored 91 and mentions acquisition, apartment, apartments, with a Financing Risk; Institutional Flow angle for California.",Deal Size Signal,"$53,125,000; $290,301","California CRE News In Your Inbox. Sign up for Connect emails to stay informed with CRE stories that are 150 words or less. California + Orange County + Apartments | July 15, 2026 By: Paul Bubny Bascom Acquires Buena Park Apartments as Value-Add Deal The Bascom Group acquired Castlewood Park Apartments, a low-density, 183-unit value-add apartment community in Buena Park. The purchase price was $53,125,000, or $290,301 per unit. Brian Eisendrath, Cameron Chalfant, Jesse Zarouk, and Jake Vitta of ","You are a strategic research analyst for Woomi / Woomi Global.
Analyze the following US multifamily housing article for developer strategy.

Article context:
- Title: Bascom Acquires Buena Park Apartments as Value-Add Deal
- Source: Connect CRE Orange County
- URL: https://www.connectcre.com/stories/bascom-acquires-buena-park-apartments-as-value-add-deal/
- Market focus: California
- Strategic angle: Financing Risk; Institutional Flow
- Market signal: Deal Size Signal
- Extracted numbers: $53,125,000; $290,301
- Strategic implication: Monitor financing conditions because the article includes acquisition, apartment, apartments and $53,125,000, $290,301, which may affect construction loans, refinancing risk, and exit cap rates.
- Woomi relevance: High relevance to US residential developer strategy

Please answer in concise bullet points:
1. Why does this article matter for a US multifamily developer?
2. What is the implication for Woomi / Woomi Global?
3. What risk or opportunity does this indicate?
4. What follow-up question should the strategy team ask?",98,Excellent,None,"Rule-based interpretation: Connect CRE Orange County article 'Bascom Acquires Buena Park Apartments as Value-Add Deal' is classified as priority review for California. It points to financing, refinancing, or debt-market conditions. Treat as a briefing input, not a standalone investment conclusion; confirm with source diversity, repeat observation, and market-specific evidence.",Macro & Financing; Market Players & Deals,acquisition; apartment; apartments; capital markets; financing; loan; sale,Bascom Acquires Buena Park Apartments as Value-Add Deal,https://www.connectcre.com/stories/bascom-acquires-buena-park-apartments-as-value-add-deal/,Yes,art_af936828d39943e9,Los Angeles / Southern California,core_15,Multifamily,acquisition; financing/refinancing,거래/투자,거래/투자; 시장 데이터,No,article page appears accessible from collected text,Yes,No,standard,art_af936828d39943e9,https://www.connectcre.com/stories/bascom-acquires-buena-park-apartments-as-value-add-deal/,Bascom Acquires Buena Park Apartments as Value-Add Deal,open,open,https://www.connectcre.com/stories/bascom-acquires-buena-park-apartments-as-value-add-deal/,valid,title/source/url metadata are internally consistent,Development Activity,GP / Capital Activity,development_project_anchor: capital event with identifiable project/asset (unit/site count: 183-unit; project/asset term: community),repeat_penalized,13,2026-07-15,2026-07-28,13,recent_4_14d,recent,published date parsed; article age 13 day(s),55,previously seen article,,California,matched state keyword: California,none,not_candidate,not a GP / capital candidate,No,,,,,,True,unit/site count: 183-unit; project/asset term: community,high,Project / Asset,No,,,,,,,,,transaction_market,capital_markets; development_pipeline,acquisition,renovation_repositioning,none,gp_acquisition,none,value_add,lender,Market reference detected as California.,high,Capital event keywords detected: acquisition. Development-stage terms detected: renovation_repositioning. Institutional activity terms detected: gp_acquisition. Primary topic set to transaction_market; confidence high.,100,74,institutional acquisition behavior,55
2026-07-28,20260728-235943-eac269a1,2026-07-28 23:57:57,Yield PRO,Core Multifamily News,Tier 1,lease_up_supply;national_multifamily,Other,Apartment,"Sat, 25 Jul 2026 15:58:15 +0000",90,High,Must Read,California,Financing Risk; Institutional Flow,Track Financing Conditions; Track Institutional Capital Flow,"Monitor financing conditions because the article includes apartment, financing, multifamily and $16.9 million, $412,195, which may affect construction loans, refinancing risk, and exit cap rates.",High relevance to US residential developer strategy,Read full article,"Included because it scored 90 and mentions apartment, financing, multifamily, with a Financing Risk; Institutional Flow angle for California.",Deal Size Signal,"$16.9 million; $412,195","Deal boom News Pacific region Facebook Twitter Linkedin Marcus & Millichap (NYSE: MMI) , a leading commercial real estate brokerage firm specializing in investment sales, financing, research and advisory services, announced the sale of Sundance West Apartment Homes , a 41-unit multifamily property in Costa Mesa, California. The property sold for $16.9 million or $412,195 per unit. “Sundance West Apartment Homes presented a rare opportunity to acquire a low-density multifamily community in one of","You are a strategic research analyst for Woomi / Woomi Global.
Analyze the following US multifamily housing article for developer strategy.

Article context:
- Title: Marcus & Millichap Facilitate Sale of a 41-Unit Orange County Multifamily Property
- Source: Yield PRO
- URL: https://yieldpro.com/2026/07/sundance-west-apartment-homes/
- Market focus: California
- Strategic angle: Financing Risk; Institutional Flow
- Market signal: Deal Size Signal
- Extracted numbers: $16.9 million; $412,195
- Strategic implication: Monitor financing conditions because the article includes apartment, financing, multifamily and $16.9 million, $412,195, which may affect construction loans, refinancing risk, and exit cap rates.
- Woomi relevance: High relevance to US residential developer strategy

Please answer in concise bullet points:
1. Why does this article matter for a US multifamily developer?
2. What is the implication for Woomi / Woomi Global?
3. What risk or opportunity does this indicate?
4. What follow-up question should the strategy team ask?",98,Excellent,None,"Rule-based interpretation: Yield PRO article 'Marcus & Millichap Facilitate Sale of a 41-Unit Orange County Multifamily Property' is classified as priority review for California. It points to financing, refinancing, or debt-market conditions. Treat as a briefing input, not a standalone investment conclusion; confirm with source diversity, repeat observation, and market-specific evidence.",Macro & Financing; Market Players & Deals,apartment; financing; multifamily; sale,Marcus & Millichap Facilitate Sale of a 41-Unit Orange County Multifamily Property,https://yieldpro.com/2026/07/sundance-west-apartment-homes/,Yes,art_6e2b9e3b4f5e4031,Los Angeles / Southern California,core_15,Multifamily,transaction/sale,거래/투자,거래/투자; 시장 데이터,No,article page appears accessible from collected text,Yes,No,standard,art_6e2b9e3b4f5e4031,https://yieldpro.com/2026/07/sundance-west-apartment-homes/,Marcus & Millichap Facilitate Sale of a 41-Unit Orange County Multifamily Property,open,open,https://yieldpro.com/2026/07/sundance-west-apartment-homes/,valid,title/source/url metadata are internally consistent,Development Activity,GP / Capital Activity; Market Intelligence,development_project_anchor: capital event with identifiable project/asset (unit/site count: 41-unit; project/asset term: community),acceptable_repeat,2,2026-07-25,2026-07-28,3,fresh_0_3d,fresh,published date parsed; article age 3 day(s),74,previously seen article,,California,matched state keyword: California,disposition_exit,repeated_but_retained,development article without confirmed capital event,No,Marcus & Millichap,,dictionary_match,high,"Matched known institutional / GP entity in title, summary, or source text.",True,unit/site count: 41-unit; project/asset term: community,high,Project / Asset,No,,,Marcus & Millichap,,,,Marcus & Millichap,,transaction_market,capital_markets,disposition,none,none,none,none,unknown,lender; broker,Market reference detected as California.,low,Capital event keywords detected: disposition. Primary topic set to transaction_market; confidence low.,75,44,classification confidence penalty,32
2026-07-28,20260728-235943-eac269a1,2026-07-28 23:58:10,NAHB Eye on Housing - Multifamily,Public Agency / Housing Data,Tier 3,national_multifamily,Other,Apartment,"Tue, 17 Mar 2026 12:36:00 +0000",88,High,Must Read,Other / Unknown,Supply Pressure; Developer Strategy,Track Supply Pipeline; Track Developer Strategy,"Review this as a supply risk signal because it references new deliveries, starts, pipeline, or permits in Other / Unknown.",High relevance to US residential developer strategy,Read full article,"Included because it scored 88 and mentions apartment, apartments, construction, with a Supply Pressure; Developer Strategy angle for a broad or unspecified market.",No Clear Numeric Signal,,"Best Year for Missing Middle Construction Since 2007 – Eye On Housing Skip to content Best Year for Missing Middle Construction Since 2007 March 17, 2026 Robert Dietz No Comments While not a huge jump, 2025 featured the highest construction volume for multifamily missing middle housing starts. The missing middle construction sector includes development of medium-density housing, such as townhouses, duplexes and other small multifamily properties. The multifamily segment of the missing middle (ap","You are a strategic research analyst for Woomi / Woomi Global.
Analyze the following US multifamily housing article for developer strategy.

Article context:
- Title: Best Year for Missing Middle Construction Since 2007
- Source: NAHB Eye on Housing - Multifamily
- URL: https://eyeonhousing.org/2026/03/best-year-for-missing-middle-construction-since-2007/
- Market focus: Other / Unknown
- Strategic angle: Supply Pressure; Developer Strategy
- Market signal: No Clear Numeric Signal
- Extracted numbers: None detected
- Strategic implication: Review this as a supply risk signal because it references new deliveries, starts, pipeline, or permits in Other / Unknown.
- Woomi relevance: High relevance to US residential developer strategy

Please answer in concise bullet points:
1. Why does this article matter for a US multifamily developer?
2. What is the implication for Woomi / Woomi Global?
3. What risk or opportunity does this indicate?
4. What follow-up question should the strategy team ask?",74,Good,missing extracted numbers; missing market focus; missing market signal,"Rule-based interpretation: NAHB Eye on Housing - Multifamily article 'Best Year for Missing Middle Construction Since 2007' is classified as priority review for Other / Unknown. It points to supply, delivery, lease-up, or absorption conditions. Treat as a briefing input, not a standalone investment conclusion; confirm with source diversity, repeat observation, and market-specific evidence.",Development Strategy,apartment; apartments; construction; development; multifamily; starts,Best Year for Missing Middle Construction Since 2007,https://eyeonhousing.org/2026/03/best-year-for-missing-middle-construction-since-2007/,Yes,art_aacce01d44f1d55f,Other / Unknown,other,Multifamily,market data/supply-demand,개발/인허가,개발/인허가; 시장 데이터,No,article page appears accessible from collected text,No,No,standard,art_aacce01d44f1d55f,https://eyeonhousing.org/2026/03/best-year-for-missing-middle-construction-since-2007/,Best Year for Missing Middle Construction Since 2007,open,open,https://eyeonhousing.org/2026/03/best-year-for-missing-middle-construction-since-2007/,valid,title/source/url metadata are internally consistent,Market Intelligence,Development Activity,"market, macro, research, or supply-demand article without confirmed deal or project event",repeat_penalized,70,2026-03-17,2026-07-28,133,old_31d_plus,archive,published date parsed; article age 133 day(s),5,published date parsed; article age 133 day(s); previously seen article,,,"no city, state, or market keyword detected",none,not_candidate,not a GP / capital candidate,No,,,,,,False,"no identifiable project, asset, site, address, or unit-count anchor",none,,No,,,,,,,,,supply_demand,none,none,none,supply_pressure,none,none,unknown,developer,No specific market detected; relevance remains broad.,low,Supply/demand terms detected: supply_pressure. Primary topic set to supply_demand; confidence low.,30,0,classification confidence penalty,0
2026-07-28,20260728-235943-eac269a1,2026-07-28 23:58:11,NAHB Eye on Housing - Multifamily,Public Agency / Housing Data,Tier 3,national_multifamily,Other,Apartment,"Mon, 19 Jan 2026 13:35:00 +0000",88,High,Must Read,Other / Unknown,Supply Pressure; Developer Strategy,Track Supply Pipeline; Track Developer Strategy,"Review this as a supply risk signal because it references new deliveries, starts, pipeline, or permits in Other / Unknown.",High relevance to US residential developer strategy,Read full article,"Included because it scored 88 and mentions apartment, apartments, construction, with a Supply Pressure; Developer Strategy angle for a broad or unspecified market.",No Clear Numeric Signal,,"Missing Middle Weakness – Eye On Housing Skip to content Missing Middle Weakness January 19, 2026 Robert Dietz No Comments The missing middle construction sector includes development of medium-density housing, such as townhouses, duplexes and other small multifamily properties. The multifamily segment of the missing middle (apartments in 2- to 4-unit properties) has generally disappointed since the Great Recession. For the third quarter of 2025, there were 4,000 2- to 4-unit housing unit constru","You are a strategic research analyst for Woomi / Woomi Global.
Analyze the following US multifamily housing article for developer strategy.

Article context:
- Title: Missing Middle Weakness
- Source: NAHB Eye on Housing - Multifamily
- URL: https://eyeonhousing.org/2026/01/missing-middle-weakness/
- Market focus: Other / Unknown
- Strategic angle: Supply Pressure; Developer Strategy
- Market signal: No Clear Numeric Signal
- Extracted numbers: None detected
- Strategic implication: Review this as a supply risk signal because it references new deliveries, starts, pipeline, or permits in Other / Unknown.
- Woomi relevance: High relevance to US residential developer strategy

Please answer in concise bullet points:
1. Why does this article matter for a US multifamily developer?
2. What is the implication for Woomi / Woomi Global?
3. What risk or opportunity does this indicate?
4. What follow-up question should the strategy team ask?",74,Good,missing extracted numbers; missing market focus; missing market signal,"Rule-based interpretation: NAHB Eye on Housing - Multifamily article 'Missing Middle Weakness' is classified as priority review for Other / Unknown. It points to supply, delivery, lease-up, or absorption conditions. Treat as a briefing input, not a standalone investment conclusion; confirm with source diversity, repeat observation, and market-specific evidence.",Development Strategy,apartment; apartments; construction; construction starts; development; multifamily; starts,Missing Middle Weakness,https://eyeonhousing.org/2026/01/missing-middle-weakness/,Yes,art_c49101dd4881b591,Other / Unknown,other,Multifamily,development; construction start; market data/supply-demand,개발/인허가,개발/인허가; 시장 데이터,No,article page appears accessible from collected text,No,No,standard,art_c49101dd4881b591,https://eyeonhousing.org/2026/01/missing-middle-weakness/,Missing Middle Weakness,open,open,https://eyeonhousing.org/2026/01/missing-middle-weakness/,valid,title/source/url metadata are internally consistent,Development Activity,Market Intelligence,development_project_anchor: Construction Start (execution milestone: construction start; project/asset term: development),repeat_penalized,70,2026-01-19,2026-07-28,190,old_31d_plus,archive,published date parsed; article age 190 day(s),5,published date parsed; article age 190 day(s); previously seen article,,,"no city, state, or market keyword detected",none,not_candidate,not a GP / capital candidate,No,,,,,,True,execution milestone: construction start; project/asset term: development,high,Construction Start,No,,,,,,,,,supply_demand,none,none,none,supply_pressure,none,none,unknown,developer,No specific market detected; relevance remains broad.,low,Supply/demand terms detected: supply_pressure. Primary topic set to supply_demand; confidence low.,30,0,classification confidence penalty,0
2026-07-28,20260728-235943-eac269a1,2026-07-28 23:58:40,Connect CRE Apartments,Site / Parcel Source Expansion,Tier 2,development_pipeline;gp_activity;national_multifamily,Other,Apartment,"Tue, 28 Jul 2026 17:59:28 +0000",88,High,Must Read,New York City / New York,Financing Risk; Institutional Flow,Track Financing Conditions; Track Institutional Capital Flow,"Monitor financing conditions because the article includes acquisition, apartment, apartments and $1.3, $736 million, which may affect construction loans, refinancing risk, and exit cap rates.",High relevance to US residential developer strategy,Read full article,"Included because it scored 88 and mentions acquisition, apartment, apartments, with a Financing Risk; Institutional Flow angle for New York City / New York.",Rent Growth Signal,$1.3; $736 million,"New York & Tri-State CRE News In Your Inbox. Sign up for Connect emails to stay informed with CRE stories that are 150 words or less. New York & Tri-State + Midtown New York + Apartments | July 28, 2026 By: Paul Bubny Cerberus Acquires Multifamily Loan Book with Heavy Rent-Regulated Exposure Cerberus Capital Management has acquired a $1.3-billion loan book with heavy exposure to rent-regulated apartments in New York City, Bloomberg News reported. The seller was OceanFirst Financial Corp., which ","You are a strategic research analyst for Woomi / Woomi Global.
Analyze the following US multifamily housing article for developer strategy.

Article context:
- Title: Cerberus Acquires Multifamily Loan Book with Heavy Rent-Regulated Exposure
- Source: Connect CRE Apartments
- URL: https://www.connectcre.com/stories/cerberus-acquires-multifamily-loan-book-with-heavy-rent-regulated-exposure/
- Market focus: New York City / New York
- Strategic angle: Financing Risk; Institutional Flow
- Market signal: Rent Growth Signal
- Extracted numbers: $1.3; $736 million
- Strategic implication: Monitor financing conditions because the article includes acquisition, apartment, apartments and $1.3, $736 million, which may affect construction loans, refinancing risk, and exit cap rates.
- Woomi relevance: High relevance to US residential developer strategy

Please answer in concise bullet points:
1. Why does this article matter for a US multifamily developer?
2. What is the implication for Woomi / Woomi Global?
3. What risk or opportunity does this indicate?
4. What follow-up question should the strategy team ask?",98,Excellent,None,"Rule-based interpretation: Connect CRE Apartments article 'Cerberus Acquires Multifamily Loan Book with Heavy Rent-Regulated Exposure' is classified as priority review for New York City / New York. It points to financing, refinancing, or debt-market conditions. Treat as a briefing input, not a standalone investment conclusion; confirm with source diversity, repeat observation, and market-specific evidence.",Macro & Financing; Market Players & Deals,acquisition; apartment; apartments; loan; multifamily,Cerberus Acquires Multifamily Loan Book with Heavy Rent-Regulated Exposure,https://www.connectcre.com/stories/cerberus-acquires-multifamily-loan-book-with-heavy-rent-regulated-exposure/,No,art_9322ad8e60db4f82,New York / Northern New Jersey,core_15,Multifamily,acquisition; financing/refinancing; policy/regulation; rent/occupancy/absorption,거래/투자,거래/투자; 운영/임대; 시장 데이터,No,article page appears accessible from collected text,Yes,No,standard,art_9322ad8e60db4f82,https://www.connectcre.com/stories/cerberus-acquires-multifamily-loan-book-with-heavy-rent-regulated-exposure/,Cerberus Acquires Multifamily Loan Book with Heavy Rent-Regulated Exposure,open,open,https://www.connectcre.com/stories/cerberus-acquires-multifamily-loan-book-with-heavy-rent-regulated-exposure/,valid,title/source/url metadata are internally consistent,Development Activity,GP / Capital Activity,development_project_anchor: capital event with identifiable project/asset (project/asset term: apartments),new_or_fresh,0,2026-07-28,2026-07-28,0,fresh_0_3d,fresh,published date parsed; article age 0 day(s),100,fresh article or no repeat penalty,New York City,New York,matched city/metro keyword: New York City,acquisition,new_candidate,selected or retained for GP / capital review,Yes,Heavy Rent-Regulated Exposure Cerberus Capital Management,,capital_event_sentence,medium,Inferred entity from source text near capital-event language.,True,project/asset term: apartments,medium,Project / Asset,No,,,Heavy Rent-Regulated Exposure Cerberus Capital Management,,,,Heavy Rent-Regulated Exposure Cerberus Capital Management,,transaction_market,capital_markets; supply_demand,acquisition,none,effective_rent_growth,gp_acquisition,none,unknown,lender,Market reference detected as New York City / New York.,high,Capital event keywords detected: acquisition. Supply/demand terms detected: effective_rent_growth. Institutional activity terms detected: gp_acquisition. Primary topic set to transaction_market; confidence high.,85,70,institutional acquisition behavior,76
2026-07-28,20260728-235943-eac269a1,2026-07-28 23:59:09,Connect CRE Phoenix,Site / Parcel Source Expansion,Tier 2,development_pipeline;gp_activity;sunbelt,Other,Apartment,"Tue, 21 Jul 2026 16:24:46 +0000",88,High,Must Read,Phoenix / Arizona,Financing Risk; Institutional Flow,Track Financing Conditions; Track Institutional Capital Flow,"Monitor financing conditions because the article includes apartment, apartments, garden-style and 97%, $51.8m, $51.8 million, which may affect construction loans, refinancing risk, and exit cap rates.",High relevance to US residential developer strategy,Read full article,"Included because it scored 88 and mentions apartment, apartments, garden-style, with a Financing Risk; Institutional Flow angle for Phoenix / Arizona.",Deal Size Signal,97%; $51.8m; $51.8 million,"Phoenix & Southwest CRE News In Your Inbox. Sign up for Connect emails to stay informed with CRE stories that are 150 words or less. Phoenix & Southwest + Phoenix + Apartments | July 21, 2026 By: Mike Boyd PCCP Provides $51.8M Refi of Gilbert 236-Unit Multifamily Community PCCP has provided a $51.8 million senior loan to a joint venture between Phoenix Capital Management and P.B. Bell for the refinance of Everly at Morrison Ranch, located at 4353 E. Elliot Road in Gilbert. Built in 2025, the 236","You are a strategic research analyst for Woomi / Woomi Global.
Analyze the following US multifamily housing article for developer strategy.

Article context:
- Title: PCCP Provides $51.8M Refi of Gilbert 236-Unit Multifamily Community
- Source: Connect CRE Phoenix
- URL: https://www.connectcre.com/stories/pccp-provides-51-8-million-refi-of-gilbert-236-unit-multifamily-community/
- Market focus: Phoenix / Arizona
- Strategic angle: Financing Risk; Institutional Flow
- Market signal: Deal Size Signal
- Extracted numbers: 97%; $51.8m; $51.8 million
- Strategic implication: Monitor financing conditions because the article includes apartment, apartments, garden-style and 97%, $51.8m, $51.8 million, which may affect construction loans, refinancing risk, and exit cap rates.
- Woomi relevance: High relevance to US residential developer strategy

Please answer in concise bullet points:
1. Why does this article matter for a US multifamily developer?
2. What is the implication for Woomi / Woomi Global?
3. What risk or opportunity does this indicate?
4. What follow-up question should the strategy team ask?",98,Excellent,None,"Rule-based interpretation: Connect CRE Phoenix article 'PCCP Provides $51.8M Refi of Gilbert 236-Unit Multifamily Community' is classified as priority review for Phoenix / Arizona. It points to financing, refinancing, or debt-market conditions. Treat as a briefing input, not a standalone investment conclusion; confirm with source diversity, repeat observation, and market-specific evidence.",Macro & Financing; Market Players & Deals,apartment; apartments; garden-style; joint venture; loan; multifamily,PCCP Provides $51.8M Refi of Gilbert 236-Unit Multifamily Community,https://www.connectcre.com/stories/pccp-provides-51-8-million-refi-of-gilbert-236-unit-multifamily-community/,Yes,art_b4db0153adde2c8e,Phoenix,core_15,Multifamily,financing/refinancing; JV/recapitalization,제외/금융,제외/금융,Yes,article page appears accessible from collected text,Yes,No,standard,art_b4db0153adde2c8e,https://www.connectcre.com/stories/pccp-provides-51-8-million-refi-of-gilbert-236-unit-multifamily-community/,PCCP Provides $51.8M Refi of Gilbert 236-Unit Multifamily Community,open,open,https://www.connectcre.com/stories/pccp-provides-51-8-million-refi-of-gilbert-236-unit-multifamily-community/,valid,title/source/url metadata are internally consistent,Development Activity,GP / Capital Activity,development_project_anchor: project financing/capital event tied to project (unit/site count: 236-unit; address/street: 4353 e. elliot road; project/asset term: community),repeat_penalized,7,2026-07-21,2026-07-28,7,fresh_0_3d,fresh,published date parsed; article age 7 day(s),55,previously seen article,Phoenix,Arizona,matched city/metro keyword: Phoenix,joint_venture,retained_repeat,selected or retained for GP / capital review,Yes,PCCP,Phoenix Capital Management,dictionary_match,high,"Matched known institutional / GP entity in title, summary, or source text.",True,unit/site count: 236-unit; address/street: 4353 e. elliot road; project/asset term: community,high,Project Financing / Capital Event,No,,,PCCP,,Phoenix Capital Management,Phoenix Capital Management,PCCP,Phoenix Capital Management,capital_markets,none,refinancing; joint_venture,none,none,none,none,unknown,lender,Market reference detected as Phoenix / Arizona.,low,"Capital event keywords detected: refinancing, joint_venture. Primary topic set to capital_markets; confidence low.",75,70,JV or partnership activity; large-scale refinance tied to strategy; classification confidence penalty,37
2026-07-28,20260728-235943-eac269a1,2026-07-28 23:59:15,Connect CRE Atlanta,Site / Parcel Source Expansion,Tier 2,development_pipeline;gp_activity;sunbelt,Other,Student Housing,"Fri, 24 Jul 2026 14:29:38 +0000",88,High,Must Read,Atlanta / Georgia,Financing Risk; Institutional Flow; Developer Strategy,Track Financing Conditions; Track Institutional Capital Flow; Track Developer Strategy,"Monitor financing conditions because the article includes construction, developer, development and $147m, $147 million, $146.8, which may affect construction loans, refinancing risk, and exit cap rates.",High relevance to US residential developer strategy,Read full article,"Included because it scored 88 and mentions construction, developer, development, with a Financing Risk; Institutional Flow; Developer Strategy angle for Atlanta / Georgia.",Deal Size Signal,$147m; $147 million; $146.8,"Atlanta & Southeast News In Your Inbox Sign up for Connect emails to stay informed with CRE stories that are 150 words or less. Atlanta & Southeast + Atlanta + Student Housing | July 24, 2026 By: Mike Boyd Developer Duo Obtains Construction Financing for $147M Atlanta Student Housing Project Radnor Property Group and the Madrone Community Development Foundation have closed on financing needed for a $147 million, 305-unit, 793-bed student housing development in Atlanta. Multihousing News reports ","You are a strategic research analyst for Woomi / Woomi Global.
Analyze the following US multifamily housing article for developer strategy.

Article context:
- Title: Developer Duo Obtains Construction Financing for $147M Atlanta Student Housing Project
- Source: Connect CRE Atlanta
- URL: https://www.connectcre.com/stories/developer-duo-obtain-construction-financing-for-147m-spelman-morehouse-student-housing/
- Market focus: Atlanta / Georgia
- Strategic angle: Financing Risk; Institutional Flow; Developer Strategy
- Market signal: Deal Size Signal
- Extracted numbers: $147m; $147 million; $146.8
- Strategic implication: Monitor financing conditions because the article includes construction, developer, development and $147m, $147 million, $146.8, which may affect construction loans, refinancing risk, and exit cap rates.
- Woomi relevance: High relevance to US residential developer strategy

Please answer in concise bullet points:
1. Why does this article matter for a US multifamily developer?
2. What is the implication for Woomi / Woomi Global?
3. What risk or opportunity does this indicate?
4. What follow-up question should the strategy team ask?",98,Excellent,None,"Rule-based interpretation: Connect CRE Atlanta article 'Developer Duo Obtains Construction Financing for $147M Atlanta Student Housing Project' is classified as priority review for Atlanta / Georgia. It points to financing, refinancing, or debt-market conditions. Treat as a briefing input, not a standalone investment conclusion; confirm with source diversity, repeat observation, and market-specific evidence.",Macro & Financing; Development Strategy; Market Players & Deals,construction; developer; development; financing; sale; student housing,Developer Duo Obtains Construction Financing for $147M Atlanta Student Housing Project,https://www.connectcre.com/stories/developer-duo-obtain-construction-financing-for-147m-spelman-morehouse-student-housing/,Yes,art_0b65ea27742b0ffc,Atlanta,core_15,Student Housing,,개발/인허가,개발/인허가; 거래/투자; 시장 데이터,No,article page appears accessible from collected text,Yes,No,standard,art_0b65ea27742b0ffc,https://www.connectcre.com/stories/developer-duo-obtain-construction-financing-for-147m-spelman-morehouse-student-housing/,Developer Duo Obtains Construction Financing for $147M Atlanta Student Housing Project,open,open,https://www.connectcre.com/stories/developer-duo-obtain-construction-financing-for-147m-spelman-morehouse-student-housing/,valid,title/source/url metadata are internally consistent,Development Activity,GP / Capital Activity,development_project_anchor: project financing/capital event tied to project (unit/site count: 305-unit; project/asset term: project; project financing tied to anchor: construction financing),acceptable_repeat,3,2026-07-24,2026-07-28,4,fresh_0_3d,fresh,published date parsed; article age 4 day(s),70,previously seen article,Atlanta,Georgia,matched city/metro keyword: Atlanta,construction_financing,repeated_but_retained,selected or retained for GP / capital review,Yes,Atlanta Student Housing Project Radnor Property Group,,capital_event_sentence,medium,Inferred entity from source text near capital-event language.,True,unit/site count: 305-unit; project/asset term: project; project financing tied to anchor: construction financing,high,Project Financing / Capital Event,No,,,Atlanta Student Housing Project Radnor Property Group,Atlanta Student Housing Project Radnor Property Group,,,Atlanta Student Housing Project Radnor Property Group,,capital_markets,none,construction_financing,none,none,none,construction_loan,student_housing,lender; developer,Market reference detected as Atlanta / Georgia.,medium,Capital event keywords detected: construction_financing. Financing type keywords detected: construction_loan. Primary topic set to capital_markets; confidence medium.,75,54,general market observation with limited strategic behavior evidence,38
2026-07-28,20260728-235943-eac269a1,2026-07-28 23:59:24,Connect CRE Atlanta,Site / Parcel Source Expansion,Tier 2,development_pipeline;gp_activity;sunbelt,Other,Mixed-Use Residential,"Mon, 29 Jun 2026 14:23:11 +0000",88,High,Must Read,Atlanta / Georgia,Developer Strategy,Track Developer Strategy,"Review this as a supply risk signal because it references new deliveries, starts, pipeline, or permits in Atlanta / Georgia.",High relevance to US residential developer strategy,Read full article,"Included because it scored 88 and mentions apartment, apartments, developer, with a Developer Strategy angle for Atlanta / Georgia.",Supply / Starts Signal,350 apartments,"Atlanta & Southeast News In Your Inbox Sign up for Connect emails to stay informed with CRE stories that are 150 words or less. Atlanta & Southeast + Atlanta + Apartments | June 29, 2026 By: Mike Boyd Developer Duo Adding 350 Apartments to Dunwoody Mixed-Use Project RocaPoint Partners and The Georgetown Co . are planning to build 350 apartment units at Campus 244, a mixed-use project that already includes a five-story office building, retail spaces and a 145-key Element by Marriott hotel. The ne","You are a strategic research analyst for Woomi / Woomi Global.
Analyze the following US multifamily housing article for developer strategy.

Article context:
- Title: Developer Duo Adding 350 Apartments to Dunwoody Mixed-Use Project
- Source: Connect CRE Atlanta
- URL: https://www.connectcre.com/stories/developer-duo-adding-350-apartments-to-dunwoody-mixed-use-project/
- Market focus: Atlanta / Georgia
- Strategic angle: Developer Strategy
- Market signal: Supply / Starts Signal
- Extracted numbers: 350 apartments
- Strategic implication: Review this as a supply risk signal because it references new deliveries, starts, pipeline, or permits in Atlanta / Georgia.
- Woomi relevance: High relevance to US residential developer strategy

Please answer in concise bullet points:
1. Why does this article matter for a US multifamily developer?
2. What is the implication for Woomi / Woomi Global?
3. What risk or opportunity does this indicate?
4. What follow-up question should the strategy team ask?",98,Excellent,None,"Rule-based interpretation: Connect CRE Atlanta article 'Developer Duo Adding 350 Apartments to Dunwoody Mixed-Use Project' is classified as priority review for Atlanta / Georgia. It points to supply, delivery, lease-up, or absorption conditions. Treat as a briefing input, not a standalone investment conclusion; confirm with source diversity, repeat observation, and market-specific evidence.",Development Strategy,apartment; apartments; developer; development,Developer Duo Adding 350 Apartments to Dunwoody Mixed-Use Project,https://www.connectcre.com/stories/developer-duo-adding-350-apartments-to-dunwoody-mixed-use-project/,Yes,art_57f6dfd71fe6e77c,Atlanta,core_15,Mixed-use Residential,,개발/인허가,개발/인허가,No,article page appears accessible from collected text,Yes,No,standard,art_57f6dfd71fe6e77c,https://www.connectcre.com/stories/developer-duo-adding-350-apartments-to-dunwoody-mixed-use-project/,Developer Duo Adding 350 Apartments to Dunwoody Mixed-Use Project,open,open,https://www.connectcre.com/stories/developer-duo-adding-350-apartments-to-dunwoody-mixed-use-project/,valid,title/source/url metadata are internally consistent,Development Activity,,development_project_anchor: Project / Asset (unit/site count: 350 apartments; execution milestone: to build; project/asset term: project),repeat_penalized,28,2026-06-29,2026-07-28,29,old_31d_plus,old,published date parsed; article age 29 day(s),5,published date parsed; article age 29 day(s); previously seen article,Atlanta,Georgia,matched city/metro keyword: Atlanta,none,not_candidate,not a GP / capital candidate,No,,,,,,True,unit/site count: 350 apartments; execution milestone: to build; project/asset term: project,high,Project / Asset,No,,,,,,,,,gp_activity,none,none,none,none,none,none,mixed_use,developer,Market reference detected as Atlanta / Georgia.,unknown,No clear rule-based event keyword was detected. Primary topic set to gp_activity; confidence unknown.,60,0,classification confidence penalty,0
2026-07-28,20260728-235943-eac269a1,2026-07-28 23:57:58,Yield PRO,Core Multifamily News,Tier 1,lease_up_supply;national_multifamily,Other,Apartment,"Fri, 24 Jul 2026 16:06:43 +0000",85,High,Must Read,Other / Unknown,Supply Pressure,Track Supply Pipeline,"Review this as a supply risk signal because it references new deliveries, starts, pipeline, or permits in Other / Unknown.",High relevance to US residential developer strategy,Read full article,"Included because it scored 85 and mentions apartment, construction, midwest, with a Supply Pressure angle for a broad or unspecified market.",No Clear Numeric Signal,,"Deal boom News Facebook Twitter Linkedin Coventry Park & Mansfield Village - 5500 S Emerson Avenue Indianapolis Indiana - Offered by Marcus & Millichap Marcus & Millichap (NYSE:MMI) , has published its Q2 2026 Indianapolis Multifamily report . “Indianapolis’ multifamily market is well positioned for continued stability as expanding healthcare, manufacturing, and hospitality investments strengthen employment growth, while a more balanced construction pipeline supports long-term apartment fundamen","You are a strategic research analyst for Woomi / Woomi Global.
Analyze the following US multifamily housing article for developer strategy.

Article context:
- Title: Marcus & Millichap Releases Indianapolis Multifamily Report for Q2 2026
- Source: Yield PRO
- URL: https://yieldpro.com/2026/07/coventry-park-mansfield-village/
- Market focus: Other / Unknown
- Strategic angle: Supply Pressure
- Market signal: No Clear Numeric Signal
- Extracted numbers: None detected
- Strategic implication: Review this as a supply risk signal because it references new deliveries, starts, pipeline, or permits in Other / Unknown.
- Woomi relevance: High relevance to US residential developer strategy

Please answer in concise bullet points:
1. Why does this article matter for a US multifamily developer?
2. What is the implication for Woomi / Woomi Global?
3. What risk or opportunity does this indicate?
4. What follow-up question should the strategy team ask?",74,Good,missing extracted numbers; missing market focus; missing market signal,"Rule-based interpretation: Yield PRO article 'Marcus & Millichap Releases Indianapolis Multifamily Report for Q2 2026' is classified as priority review for Other / Unknown. It points to supply, delivery, lease-up, or absorption conditions. Treat as a briefing input, not a standalone investment conclusion; confirm with source diversity, repeat observation, and market-specific evidence.",Supply & Demand; Development Strategy,apartment; construction; midwest; multifamily; pipeline,Marcus & Millichap Releases Indianapolis Multifamily Report for Q2 2026,https://yieldpro.com/2026/07/coventry-park-mansfield-village/,Yes,art_3aa34a15044c989d,Other / Unknown,other,Multifamily,market data/supply-demand,개발/인허가,개발/인허가; 거래/투자; 운영/임대; 시장 데이터,No,article page appears accessible from collected text,No,No,standard,art_3aa34a15044c989d,https://yieldpro.com/2026/07/coventry-park-mansfield-village/,Marcus & Millichap Releases Indianapolis Multifamily Report for Q2 2026,open,open,https://yieldpro.com/2026/07/coventry-park-mansfield-village/,valid,title/source/url metadata are internally consistent,Development Activity,GP / Capital Activity; Market Intelligence,development_project_anchor: capital event with identifiable project/asset (address/street: 5500 s emerson avenue),acceptable_repeat,3,2026-07-24,2026-07-28,4,fresh_0_3d,fresh,published date parsed; article age 4 day(s),70,previously seen article,,,"no city, state, or market keyword detected",capital_raise,repeated_but_retained,selected or retained for GP / capital review,Yes,Marcus & Millichap,,dictionary_match,high,"Matched known institutional / GP entity in title, summary, or source text.",True,address/street: 5500 s emerson avenue,medium,Project / Asset,No,,,Marcus & Millichap,,,,Marcus & Millichap,,supply_demand,none,none,none,supply_pressure,none,none,unknown,broker; developer,No specific market detected; relevance remains broad.,low,Supply/demand terms detected: supply_pressure. Primary topic set to supply_demand; confidence low.,30,51,sponsor expansion; classification confidence penalty,39
2026-07-28,20260728-235943-eac269a1,2026-07-28 23:58:50,Connect CRE Texas,Site / Parcel Source Expansion,Tier 2,development_pipeline;gp_activity;sunbelt,Other,Apartment,"Mon, 27 Jul 2026 15:51:31 +0000",85,High,Must Read,Houston / Texas,Institutional Flow,Track Institutional Capital Flow,"Review this as a supply risk signal because it references new deliveries, starts, pipeline, or permits in Houston / Texas.",High relevance to US residential developer strategy,Read full article,"Included because it scored 85 and mentions acquisition, apartment, apartments, with a Institutional Flow angle for Houston / Texas.",Supply / Starts Signal,997 units,"Texas CRE News In Your Inbox. Sign up for Connect emails to stay informed with CRE stories that are 150 words or less. Texas + Houston-Galveston + Apartments | July 27, 2026 By: Mike Boyd Triten Completes 3-Property Houston Apartment Portfolio Purchase Triten Real Estate Partners acquired 3 Corners West, a 283-unit apartment community in Houston’s Memorial/Spring Branch submarket. The acquisition completes Triten and Evergen Equity’s purchase of the three-property 3 Corners multifamily portfolio","You are a strategic research analyst for Woomi / Woomi Global.
Analyze the following US multifamily housing article for developer strategy.

Article context:
- Title: Triten Completes 3-Property Houston Apartment Portfolio Purchase
- Source: Connect CRE Texas
- URL: https://www.connectcre.com/stories/triten/
- Market focus: Houston / Texas
- Strategic angle: Institutional Flow
- Market signal: Supply / Starts Signal
- Extracted numbers: 997 units
- Strategic implication: Review this as a supply risk signal because it references new deliveries, starts, pipeline, or permits in Houston / Texas.
- Woomi relevance: High relevance to US residential developer strategy

Please answer in concise bullet points:
1. Why does this article matter for a US multifamily developer?
2. What is the implication for Woomi / Woomi Global?
3. What risk or opportunity does this indicate?
4. What follow-up question should the strategy team ask?",98,Excellent,None,"Rule-based interpretation: Connect CRE Texas article 'Triten Completes 3-Property Houston Apartment Portfolio Purchase' is classified as priority review for Houston / Texas. It points to supply, delivery, lease-up, or absorption conditions. Treat as a briefing input, not a standalone investment conclusion; confirm with source diversity, repeat observation, and market-specific evidence.",Macro & Financing; Market Players & Deals,acquisition; apartment; apartments; multifamily,Triten Completes 3-Property Houston Apartment Portfolio Purchase,https://www.connectcre.com/stories/triten/,Yes,art_7c8ec267ff146d76,Houston,core_15,Multifamily,acquisition,거래/투자,거래/투자; 시장 데이터,No,article page appears accessible from collected text,Yes,No,standard,art_7c8ec267ff146d76,https://www.connectcre.com/stories/triten/,Triten Completes 3-Property Houston Apartment Portfolio Purchase,open,open,https://www.connectcre.com/stories/triten/,valid,title/source/url metadata are internally consistent,Development Activity,GP / Capital Activity,development_project_anchor: capital event with identifiable project/asset (unit/site count: 283-unit; project/asset term: community),acceptable_repeat,0,2026-07-27,2026-07-28,1,fresh_0_3d,fresh,published date parsed; article age 1 day(s),82,previously seen article,Houston,Texas,matched city/metro keyword: Houston,acquisition,repeated_but_retained,selected or retained for GP / capital review,Yes,Participant not identified,,unresolved,unresolved,"No institution name detected in dictionary, title, summary, or source text.",True,unit/site count: 283-unit; project/asset term: community,high,Project / Asset,No,,,,,,,,,transaction_market,capital_markets; institutional_capital,acquisition,none,none,gp_acquisition,none,unknown,lender,Market reference detected as Houston / Texas.,medium,Capital event keywords detected: acquisition. Institutional activity terms detected: gp_acquisition. Primary topic set to transaction_market; confidence medium.,70,67,institutional acquisition behavior,65
2026-07-28,20260728-235943-eac269a1,2026-07-28 23:59:11,Connect CRE Phoenix,Site / Parcel Source Expansion,Tier 2,development_pipeline;gp_activity;sunbelt,Other,Apartment,"Tue, 21 Jul 2026 14:56:09 +0000",85,High,Must Read,Phoenix / Arizona,Developer Strategy,Track Developer Strategy,"Review for developer strategy because the article may inform site selection, product type, adaptive reuse, build-to-rent, or market entry.",High relevance to US residential developer strategy,Read full article,"Included because it scored 85 and mentions apartment, apartments, construction, with a Developer Strategy angle for Phoenix / Arizona.",No Clear Numeric Signal,,"Phoenix & Southwest CRE News In Your Inbox. Sign up for Connect emails to stay informed with CRE stories that are 150 words or less. Phoenix & Southwest + Phoenix + Apartments | July 21, 2026 By: Mike Boyd Crescent Building 248-Unit Rental Property in N. Phoenix Crescent Communities closed on a parcel of land for NOVEL Norterra, a new four-story multifamily community planned in northern Phoenix, Arizona. Situated on an 8.5-acre site just east of I-17 in the Norterra neighborhood, the development","You are a strategic research analyst for Woomi / Woomi Global.
Analyze the following US multifamily housing article for developer strategy.

Article context:
- Title: Crescent Building 248-Unit Rental Property in N. Phoenix
- Source: Connect CRE Phoenix
- URL: https://www.connectcre.com/stories/crescent-building-248-unit-rental-property-n-phoenix/
- Market focus: Phoenix / Arizona
- Strategic angle: Developer Strategy
- Market signal: No Clear Numeric Signal
- Extracted numbers: None detected
- Strategic implication: Review for developer strategy because the article may inform site selection, product type, adaptive reuse, build-to-rent, or market entry.
- Woomi relevance: High relevance to US residential developer strategy

Please answer in concise bullet points:
1. Why does this article matter for a US multifamily developer?
2. What is the implication for Woomi / Woomi Global?
3. What risk or opportunity does this indicate?
4. What follow-up question should the strategy team ask?",82,Good,missing extracted numbers; missing market signal,"Rule-based interpretation: Connect CRE Phoenix article 'Crescent Building 248-Unit Rental Property in N. Phoenix' is classified as priority review for Phoenix / Arizona. It points to development execution or sponsor strategy. Treat as a briefing input, not a standalone investment conclusion; confirm with source diversity, repeat observation, and market-specific evidence.",Development Strategy,apartment; apartments; construction; development; multifamily,Crescent Building 248-Unit Rental Property in N. Phoenix,https://www.connectcre.com/stories/crescent-building-248-unit-rental-property-n-phoenix/,Yes,art_2f3c5240449bcee3,Phoenix,core_15,Multifamily,,개발/인허가,개발/인허가; 운영/임대,No,article page appears accessible from collected text,Yes,No,standard,art_2f3c5240449bcee3,https://www.connectcre.com/stories/crescent-building-248-unit-rental-property-n-phoenix/,Crescent Building 248-Unit Rental Property in N. Phoenix,open,open,https://www.connectcre.com/stories/crescent-building-248-unit-rental-property-n-phoenix/,valid,title/source/url metadata are internally consistent,Development Activity,,development_project_anchor: Project / Asset (unit/site count: 248-unit; site/parcel signal: site; project/asset term: development),repeat_penalized,7,2026-07-21,2026-07-28,7,fresh_0_3d,fresh,published date parsed; article age 7 day(s),55,previously seen article,Phoenix,Arizona,matched city/metro keyword: Phoenix,none,not_candidate,not a GP / capital candidate,No,,,,,,True,unit/site count: 248-unit; site/parcel signal: site; project/asset term: development,high,Project / Asset,No,,,,,,,,,gp_activity,none,none,none,none,none,none,unknown,developer,Market reference detected as Phoenix / Arizona.,unknown,No clear rule-based event keyword was detected. Primary topic set to gp_activity; confidence unknown.,60,40,classification confidence penalty,15
2026-07-28,20260728-235943-eac269a1,2026-07-28 23:58:22,REBusiness Online,Site / Parcel Source Expansion,Tier 2,development_pipeline;gp_activity,Other,Student Housing,2026-07-28T14:36:58Z,84,High,Review,Georgia,Financing Risk; Institutional Flow; Developer Strategy,Track Financing Conditions; Track Institutional Capital Flow; Track Developer Strategy,"Monitor financing conditions because the article includes affordable housing, construction, development and 536 units, which may affect construction loans, refinancing risk, and exit cap rates.",High relevance to US residential developer strategy,Add to weekly strategy memo,"Included because it scored 84 and mentions affordable housing, construction, development, with a Financing Risk; Institutional Flow; Developer Strategy angle for Georgia.",Supply / Starts Signal,536 units,"Hub Athens Dougherty will offer 1,656 beds for students attending the University of Georgia in Athens. Development Georgia Southeast Student Housing Core Spaces Breaks Ground on 1,656-Bed Student Housing Development Near University of Georgia by John Nelson July 28, 2026 July 28, 2026 3 ATHENS, GA. — Core Spaces has broken ground on Hub Athens Dougherty, a 1,656-bed student housing development located near the University of Georgia campus in Athens. The community will offer 536 units in studio t","You are a strategic research analyst for Woomi / Woomi Global.
Analyze the following US multifamily housing article for developer strategy.

Article context:
- Title: Core Spaces Breaks Ground on 1,656-Bed Student Housing Development Near University of Georgia
- Source: REBusiness Online
- URL: https://rebusinessonline.com/core-spaces-breaks-ground-on-1656-bed-student-housing-development-near-university-of-georgia/
- Market focus: Georgia
- Strategic angle: Financing Risk; Institutional Flow; Developer Strategy
- Market signal: Supply / Starts Signal
- Extracted numbers: 536 units
- Strategic implication: Monitor financing conditions because the article includes affordable housing, construction, development and 536 units, which may affect construction loans, refinancing risk, and exit cap rates.
- Woomi relevance: High relevance to US residential developer strategy

Please answer in concise bullet points:
1. Why does this article matter for a US multifamily developer?
2. What is the implication for Woomi / Woomi Global?
3. What risk or opportunity does this indicate?
4. What follow-up question should the strategy team ask?",98,Excellent,None,"Rule-based interpretation: REBusiness Online article 'Core Spaces Breaks Ground on 1,656-Bed Student Housing Development Near University of Georgia' is classified as review for Georgia. It points to financing, refinancing, or debt-market conditions. Treat as a briefing input, not a standalone investment conclusion; confirm with source diversity, repeat observation, and market-specific evidence.",Macro & Financing; Development Strategy; Policy & Regulation; Market Players & Deals,affordable housing; construction; development; financing; joint venture; student housing,"Core Spaces Breaks Ground on 1,656-Bed Student Housing Development Near University of Georgia",https://rebusinessonline.com/core-spaces-breaks-ground-on-1656-bed-student-housing-development-near-university-of-georgia/,No,art_3057abfd220902db,Georgia,other,Student Housing,development; construction start; JV/recapitalization; policy/regulation,개발/인허가,개발/인허가; 거래/투자; 시장 데이터,No,article page appears accessible from collected text,No,No,standard,art_3057abfd220902db,https://rebusinessonline.com/core-spaces-breaks-ground-on-1656-bed-student-housing-development-near-university-of-georgia/,"Core Spaces Breaks Ground on 1,656-Bed Student Housing Development Near University of Georgia",open,open,https://rebusinessonline.com/core-spaces-breaks-ground-on-1656-bed-student-housing-development-near-university-of-georgia/,valid,title/source/url metadata are internally consistent,Development Activity,GP / Capital Activity,development_project_anchor: capital event with identifiable project/asset (unit/site count: 656-bed; execution milestone: breaks ground; project/asset term: development),new_or_fresh,0,2026-07-28,2026-07-28,0,fresh_0_3d,fresh,published date parsed; article age 0 day(s),100,fresh article or no repeat penalty,,Georgia,matched state keyword: Georgia,joint_venture,new_candidate,selected or retained for GP / capital review,Yes,Participant not identified,,unresolved,unresolved,"No institution name detected in dictionary, title, summary, or source text.",True,unit/site count: 656-bed; execution milestone: breaks ground; project/asset term: development,high,Construction Start,No,,,,,,,,,institutional_capital,capital_markets; development_pipeline,joint_venture,construction_start,none,none,none,affordable_housing; student_housing,lender; developer,Market reference detected as Georgia.,medium,Capital event keywords detected: joint_venture. Development-stage terms detected: construction_start. Primary topic set to institutional_capital; confidence medium.,90,73,JV or partnership activity,79
2026-07-28,20260728-235943-eac269a1,2026-07-28 23:58:06,NAHB Eye on Housing - Multifamily,Public Agency / Housing Data,Tier 3,national_multifamily,Other,Apartment,"Mon, 27 Jul 2026 14:16:05 +0000",82,High,Review,Other / Unknown,Developer Strategy,Track Developer Strategy,"Review this as a supply risk signal because it references new deliveries, starts, pipeline, or permits in Other / Unknown.",High relevance to US residential developer strategy,Add to weekly strategy memo,"Included because it scored 82 and mentions apartment, apartments, construction, with a Developer Strategy angle for a broad or unspecified market.",Supply / Starts Signal,57%,"Share of Apartments Built in Buildings with 50+ Units Moves Higher in 2025 – Eye On Housing Skip to content Share of Apartments Built in Buildings with 50+ Units Moves Higher in 2025 July 27, 2026 Jesse Wade No Comments Following the highest number of multifamily completions in nearly 40 years in 2024, completions declined in 2025 to 484,000, according to NAHB analysis of the Census Bureau’s Survey of Construction . For the ninth consecutive year, a majority of new multifamily units were in buil","You are a strategic research analyst for Woomi / Woomi Global.
Analyze the following US multifamily housing article for developer strategy.

Article context:
- Title: Share of Apartments Built in Buildings with 50+ Units Moves Higher in 2025
- Source: NAHB Eye on Housing - Multifamily
- URL: https://eyeonhousing.org/2026/07/share-of-apartments-built-in-buildings-with-50-units-moves-higher-in-2025/
- Market focus: Other / Unknown
- Strategic angle: Developer Strategy
- Market signal: Supply / Starts Signal
- Extracted numbers: 57%
- Strategic implication: Review this as a supply risk signal because it references new deliveries, starts, pipeline, or permits in Other / Unknown.
- Woomi relevance: High relevance to US residential developer strategy

Please answer in concise bullet points:
1. Why does this article matter for a US multifamily developer?
2. What is the implication for Woomi / Woomi Global?
3. What risk or opportunity does this indicate?
4. What follow-up question should the strategy team ask?",90,Excellent,missing market focus,"Rule-based interpretation: NAHB Eye on Housing - Multifamily article 'Share of Apartments Built in Buildings with 50+ Units Moves Higher in 2025' is classified as review for Other / Unknown. It points to supply, delivery, lease-up, or absorption conditions. Treat as a briefing input, not a standalone investment conclusion; confirm with source diversity, repeat observation, and market-specific evidence.",Development Strategy,apartment; apartments; construction; multifamily,Share of Apartments Built in Buildings with 50+ Units Moves Higher in 2025,https://eyeonhousing.org/2026/07/share-of-apartments-built-in-buildings-with-50-units-moves-higher-in-2025/,Yes,art_e7fcf1171af1b281,Other / Unknown,other,Multifamily,development; delivery/completion,개발/인허가,개발/인허가; 시장 데이터,No,article page appears accessible from collected text,No,No,standard,art_e7fcf1171af1b281,https://eyeonhousing.org/2026/07/share-of-apartments-built-in-buildings-with-50-units-moves-higher-in-2025/,Share of Apartments Built in Buildings with 50+ Units Moves Higher in 2025,open,open,https://eyeonhousing.org/2026/07/share-of-apartments-built-in-buildings-with-50-units-moves-higher-in-2025/,valid,title/source/url metadata are internally consistent,Development Activity,,development_project_anchor: Project / Asset (project/asset term: apartments),acceptable_repeat,0,2026-07-27,2026-07-28,1,fresh_0_3d,fresh,published date parsed; article age 1 day(s),82,previously seen article,,,"no city, state, or market keyword detected",none,not_candidate,not a GP / capital candidate,No,,,,,,True,project/asset term: apartments,medium,Project / Asset,No,,,,,,,,,development_pipeline,none,none,delivery,none,none,none,unknown,developer,No specific market detected; relevance remains broad.,low,Development-stage terms detected: delivery. Primary topic set to development_pipeline; confidence low.,60,40,classification confidence penalty,38
2026-07-28,20260728-235943-eac269a1,2026-07-28 23:57:59,Commercial Observer,Core Multifamily News,Tier 1,national_multifamily,Other,Multifamily,"Tue, 28 Jul 2026 17:44:58 +0000",81,High,Review,Denver / Colorado,Financing Risk; Institutional Flow,Track Financing Conditions; Track Institutional Capital Flow,"Monitor financing conditions because the article includes debt, joint venture, loan and $81m, $81 million, which may affect construction loans, refinancing risk, and exit cap rates.",High relevance to US residential developer strategy,Add to weekly strategy memo,"Included because it scored 81 and mentions debt, joint venture, loan, with a Financing Risk; Institutional Flow angle for Denver / Colorado.",Financing Cost Signal,$81m; $81 million,"Residential · Multifamily Denver Finance · Refinance Mesa West Capital Provides $81M Refi for Colorado Multifamily Complex Dinerstein Companies, PGIM secure capital to refinance Atlas Peakview, a 330-unit multifamily complex south of Denver By Brian Pascus July 28, 2026 1:44 pm reprints Mesa West Capital's Brian Hirsh and Atlas Peakview, Centennial, Colo. PHOTOS: Courtesy Mesa West Capital; Courtesy The Dinerstein Companies and PGIM A joint venture between the Dinerstein Companies and PGIM has s","You are a strategic research analyst for Woomi / Woomi Global.
Analyze the following US multifamily housing article for developer strategy.

Article context:
- Title: Mesa West Capital Provides $81M Refi for Colorado Multifamily Complex
- Source: Commercial Observer
- URL: https://commercialobserver.com/2026/07/mesa-west-capital-81m-refi-colorado-multifamily-atlas-peakview/
- Market focus: Denver / Colorado
- Strategic angle: Financing Risk; Institutional Flow
- Market signal: Financing Cost Signal
- Extracted numbers: $81m; $81 million
- Strategic implication: Monitor financing conditions because the article includes debt, joint venture, loan and $81m, $81 million, which may affect construction loans, refinancing risk, and exit cap rates.
- Woomi relevance: High relevance to US residential developer strategy

Please answer in concise bullet points:
1. Why does this article matter for a US multifamily developer?
2. What is the implication for Woomi / Woomi Global?
3. What risk or opportunity does this indicate?
4. What follow-up question should the strategy team ask?",98,Excellent,None,"Rule-based interpretation: Commercial Observer article 'Mesa West Capital Provides $81M Refi for Colorado Multifamily Complex' is classified as review for Denver / Colorado. It points to financing, refinancing, or debt-market conditions. Treat as a briefing input, not a standalone investment conclusion; confirm with source diversity, repeat observation, and market-specific evidence.",Macro & Financing; Market Players & Deals,debt; joint venture; loan; multifamily,Mesa West Capital Provides $81M Refi for Colorado Multifamily Complex,https://commercialobserver.com/2026/07/mesa-west-capital-81m-refi-colorado-multifamily-atlas-peakview/,No,art_6eafd17e85d31caa,Phoenix,core_15,Multifamily,financing/refinancing; JV/recapitalization,제외/금융,제외/금융,Yes,article page appears accessible from collected text,Yes,No,standard,art_6eafd17e85d31caa,https://commercialobserver.com/2026/07/mesa-west-capital-81m-refi-colorado-multifamily-atlas-peakview/,Mesa West Capital Provides $81M Refi for Colorado Multifamily Complex,open,open,https://commercialobserver.com/2026/07/mesa-west-capital-81m-refi-colorado-multifamily-atlas-peakview/,valid,title/source/url metadata are internally consistent,Development Activity,GP / Capital Activity,development_project_anchor: project financing/capital event tied to project (unit/site count: 330-unit),new_or_fresh,0,2026-07-28,2026-07-28,0,fresh_0_3d,fresh,published date parsed; article age 0 day(s),100,fresh article or no repeat penalty,Denver,Colorado,matched city/metro keyword: Denver,joint_venture,new_candidate,selected or retained for GP / capital review,Yes,Mesa West Capital,Colorado Multifamily Complex Residential; Refinance Mesa West Capital; Colorado Multifamily Complex Dinerstein Companies; Courtesy Mesa West Capital; Courtesy The Dinerstein Companies; Dinerstein Companies,title_lead_pattern,medium,Inferred entity from headline lead segment and capital-event verb.,True,unit/site count: 330-unit,medium,Project Financing / Capital Event,No,,,Mesa West Capital,,Colorado Multifamily Complex Residential,Colorado Multifamily Complex Residential; Refinance Mesa West Capital; Colorado Multifamily Complex Dinerstein Companies; Courtesy Mesa West Capital; Courtesy The Dinerstein Companies; Dinerstein Companies,Mesa West Capital,Colorado Multifamily Complex Residential; Refinance Mesa West Capital; Colorado Multifamily Complex Dinerstein Companies; Courtesy Mesa West Capital; Courtesy The Dinerstein Companies; Dinerstein Companies,capital_markets,none,refinancing; joint_venture,none,none,none,none,unknown,lender,Market reference detected as Denver / Colorado.,high,"Capital event keywords detected: refinancing, joint_venture. Primary topic set to capital_markets; confidence high.",75,80,JV or partnership activity; large-scale refinance tied to strategy,72
2026-07-28,20260728-235943-eac269a1,2026-07-28 23:58:57,Connect CRE South Florida,Site / Parcel Source Expansion,Tier 2,development_pipeline;gp_activity;sunbelt,Other,Apartment,"Mon, 20 Jul 2026 13:55:58 +0000",81,High,Review,Miami / Florida,Institutional Flow; Developer Strategy,Track Institutional Capital Flow; Track Developer Strategy,"Track this as institutional capital flow because it mentions major capital players, portfolio transactions, deal size, or cap-rate signals.",Medium relevance to market monitoring,Track source for follow-up,"Included because it scored 81 and mentions apartment, apartments, construction, with a Institutional Flow; Developer Strategy angle for Miami / Florida.",No Clear Numeric Signal,,"Florida & Gulf Coast CRE News In Your Inbox. Sign up for Connect emails to stay informed with CRE stories that are 150 words or less. Florida & Gulf Coast + South Florida + Apartments | July 20, 2026 By: Mike Boyd Work Underway on West Palm Beach Apartments, Hotel Construction is underway on two projects adjacent to West Palm Beach’s Brightline station. Developers LD&D and IGEQ, together with capital and investment partner FrontRange Capital Partners, started work on Alida Residences, a 181-unit","You are a strategic research analyst for Woomi / Woomi Global.
Analyze the following US multifamily housing article for developer strategy.

Article context:
- Title: Work Underway on West Palm Beach Apartments, Hotel
- Source: Connect CRE South Florida
- URL: https://www.connectcre.com/stories/work-underway-on-west-palm-beach-apartments-hotel/
- Market focus: Miami / Florida
- Strategic angle: Institutional Flow; Developer Strategy
- Market signal: No Clear Numeric Signal
- Extracted numbers: None detected
- Strategic implication: Track this as institutional capital flow because it mentions major capital players, portfolio transactions, deal size, or cap-rate signals.
- Woomi relevance: Medium relevance to market monitoring

Please answer in concise bullet points:
1. Why does this article matter for a US multifamily developer?
2. What is the implication for Woomi / Woomi Global?
3. What risk or opportunity does this indicate?
4. What follow-up question should the strategy team ask?",82,Good,missing extracted numbers; missing market signal,"Rule-based interpretation: Connect CRE South Florida article 'Work Underway on West Palm Beach Apartments, Hotel' is classified as review for Miami / Florida. It points to institutional capital movement or transaction activity. Treat as a briefing input, not a standalone investment conclusion; confirm with source diversity, repeat observation, and market-specific evidence.",Development Strategy,apartment; apartments; construction; developer; multifamily,"Work Underway on West Palm Beach Apartments, Hotel",https://www.connectcre.com/stories/work-underway-on-west-palm-beach-apartments-hotel/,Yes,art_b084adb752f85da5,Miami / South Florida,core_15,Multifamily,,개발/인허가,개발/인허가; 거래/투자,No,article page appears accessible from collected text,Yes,No,standard,art_b084adb752f85da5,https://www.connectcre.com/stories/work-underway-on-west-palm-beach-apartments-hotel/,"Work Underway on West Palm Beach Apartments, Hotel",open,open,https://www.connectcre.com/stories/work-underway-on-west-palm-beach-apartments-hotel/,valid,title/source/url metadata are internally consistent,Development Activity,,development_project_anchor: Project / Asset (unit/site count: 181-unit; project/asset term: project),repeat_penalized,8,2026-07-20,2026-07-28,8,recent_4_14d,recent,published date parsed; article age 8 day(s),55,previously seen article,Miami,Florida,matched city/metro keyword: Miami,none,not_candidate,not a GP / capital candidate,No,,,,,,True,unit/site count: 181-unit; project/asset term: project,high,Project / Asset,No,,,,,,,,,gp_activity,none,none,none,none,none,none,unknown,developer; investor,Market reference detected as Miami / Florida.,unknown,No clear rule-based event keyword was detected. Primary topic set to gp_activity; confidence unknown.,45,36,classification confidence penalty,11
2026-07-28,20260728-235943-eac269a1,2026-07-28 23:58:59,Connect CRE South Florida,Site / Parcel Source Expansion,Tier 2,development_pipeline;gp_activity;sunbelt,Other,Apartment,"Thu, 16 Jul 2026 15:03:14 +0000",81,High,Review,Miami / Florida,Regulation Risk; Developer Strategy,Track Regulation Risk; Track Developer Strategy,"Monitor regulation risk because the article may affect entitlement, zoning, rent rules, affordability requirements, or permitting strategy.",Medium relevance to market monitoring,Track source for follow-up,"Included because it scored 81 and mentions apartment, apartments, development, with a Regulation Risk; Developer Strategy angle for Miami / Florida.",No Clear Numeric Signal,,"Florida & Gulf Coast CRE News In Your Inbox. Sign up for Connect emails to stay informed with CRE stories that are 150 words or less. Florida & Gulf Coast + South Florida + Apartments | July 16, 2026 By: Mike Boyd West Palm Beach Eyeing Waterfront Rezoning Moratorium West Palm Beach gave tentative approval to a measure that would pause redevelopment in a waterfront area of the city’s downtown. It will mostly affect the seven apartment and condo projects on S. Flagler Drive and Washington Road. T","You are a strategic research analyst for Woomi / Woomi Global.
Analyze the following US multifamily housing article for developer strategy.

Article context:
- Title: West Palm Beach Eyeing Waterfront Rezoning Moratorium
- Source: Connect CRE South Florida
- URL: https://www.connectcre.com/stories/west-palm-beach-eyeing-waterfront-property-moratorium/
- Market focus: Miami / Florida
- Strategic angle: Regulation Risk; Developer Strategy
- Market signal: No Clear Numeric Signal
- Extracted numbers: None detected
- Strategic implication: Monitor regulation risk because the article may affect entitlement, zoning, rent rules, affordability requirements, or permitting strategy.
- Woomi relevance: Medium relevance to market monitoring

Please answer in concise bullet points:
1. Why does this article matter for a US multifamily developer?
2. What is the implication for Woomi / Woomi Global?
3. What risk or opportunity does this indicate?
4. What follow-up question should the strategy team ask?",82,Good,missing extracted numbers; missing market signal,"Rule-based interpretation: Connect CRE South Florida article 'West Palm Beach Eyeing Waterfront Rezoning Moratorium' is classified as review for Miami / Florida. It points to entitlement, zoning, permitting, or policy conditions. Treat as a briefing input, not a standalone investment conclusion; confirm with source diversity, repeat observation, and market-specific evidence.",Development Strategy,apartment; apartments; development; zoning,West Palm Beach Eyeing Waterfront Rezoning Moratorium,https://www.connectcre.com/stories/west-palm-beach-eyeing-waterfront-property-moratorium/,Yes,art_dc811fdc67da7fe8,Miami / South Florida,core_15,Multifamily,development; permit/entitlement; policy/regulation,개발/인허가,개발/인허가,No,article page appears accessible from collected text,Yes,No,standard,art_dc811fdc67da7fe8,https://www.connectcre.com/stories/west-palm-beach-eyeing-waterfront-property-moratorium/,West Palm Beach Eyeing Waterfront Rezoning Moratorium,open,open,https://www.connectcre.com/stories/west-palm-beach-eyeing-waterfront-property-moratorium/,valid,title/source/url metadata are internally consistent,Development Activity,,development milestone or entitlement signal has display priority,repeat_penalized,11,2026-07-16,2026-07-28,12,recent_4_14d,recent,published date parsed; article age 12 day(s),55,previously seen article,Miami,Florida,matched city/metro keyword: Miami,none,not_candidate,not a GP / capital candidate,No,,,,,,False,"no identifiable project, asset, site, address, or unit-count anchor",none,,No,,,,,,,,,development_pipeline,none,none,entitlement; zoning; redevelopment,none,none,none,unknown,developer,Market reference detected as Miami / Florida.,low,"Development-stage terms detected: entitlement, zoning, redevelopment. Primary topic set to development_pipeline; confidence low.",60,55,entitlement persistence; classification confidence penalty,36
2026-07-28,20260728-235943-eac269a1,2026-07-28 23:57:57,Yield PRO,Core Multifamily News,Tier 1,lease_up_supply;national_multifamily,Other,Multifamily,"Sun, 26 Jul 2026 16:12:29 +0000",80,High,Review,Miami / Florida,Financing Risk; Developer Strategy,Track Financing Conditions; Track Developer Strategy,"Monitor financing conditions because the article includes construction, development, financing and $54 million, which may affect construction loans, refinancing risk, and exit cap rates.",Medium relevance to market monitoring,Track source for follow-up,"Included because it scored 80 and mentions construction, development, financing, with a Financing Risk; Developer Strategy angle for Miami / Florida.",No Clear Numeric Signal,$54 million,"Deal boom News Facebook Twitter Linkedin Dependable Equities , the South Florida division of Sky Equity Group, the New York City-based real estate development firm founded by Simon Dushinsky, announced it has secured $54 million in pre-construction financing from CDK Capital with Valley National Bank serving as a participating lender, to advance a major residential development initiative just south of the New River , minutes from Las Olas Boulevard and downtown Fort Lauderdale. “This pre-constru","You are a strategic research analyst for Woomi / Woomi Global.
Analyze the following US multifamily housing article for developer strategy.

Article context:
- Title: CDK Capital with Valley National Bank Provide Pre-Construction Financing for Landmark Multifamily Development in Fort Lauderdale Florida
- Source: Yield PRO
- URL: https://yieldpro.com/2026/07/633-se-3rd-avenue/
- Market focus: Miami / Florida
- Strategic angle: Financing Risk; Developer Strategy
- Market signal: No Clear Numeric Signal
- Extracted numbers: $54 million
- Strategic implication: Monitor financing conditions because the article includes construction, development, financing and $54 million, which may affect construction loans, refinancing risk, and exit cap rates.
- Woomi relevance: Medium relevance to market monitoring

Please answer in concise bullet points:
1. Why does this article matter for a US multifamily developer?
2. What is the implication for Woomi / Woomi Global?
3. What risk or opportunity does this indicate?
4. What follow-up question should the strategy team ask?",90,Excellent,missing market signal,"Rule-based interpretation: Yield PRO article 'CDK Capital with Valley National Bank Provide Pre-Construction Financing for Landmark Multifamily Development in Fort Lauderdale Florida' is classified as review for Miami / Florida. It points to financing, refinancing, or debt-market conditions. Treat as a briefing input, not a standalone investment conclusion; confirm with source diversity, repeat observation, and market-specific evidence.",Macro & Financing; Development Strategy,construction; development; financing; multifamily,CDK Capital with Valley National Bank Provide Pre-Construction Financing for Landmark Multifamily Development in Fort Lauderdale Florida,https://yieldpro.com/2026/07/633-se-3rd-avenue/,Yes,art_10d16882acbc0e81,Miami / South Florida,core_15,Multifamily,,제외/금융,제외/금융,Yes,article page appears accessible from collected text,Yes,No,standard,art_10d16882acbc0e81,https://yieldpro.com/2026/07/633-se-3rd-avenue/,CDK Capital with Valley National Bank Provide Pre-Construction Financing for Landmark Multifamily Development in Fort Lauderdale Florida,open,open,https://yieldpro.com/2026/07/633-se-3rd-avenue/,valid,title/source/url metadata are internally consistent,Development Activity,GP / Capital Activity,development_project_anchor: project financing/capital event tied to project (project/asset term: development; project financing tied to anchor: construction financing),acceptable_repeat,1,2026-07-26,2026-07-28,2,fresh_0_3d,fresh,published date parsed; article age 2 day(s),78,previously seen article,Miami,Florida,matched city/metro keyword: Miami,construction_financing,repeated_but_retained,selected or retained for GP / capital review,Yes,Valley National Bank Provide Pre,CDK Capital; Valley National Bank; Sky Equity Group,title_lead_pattern,medium,Inferred entity from headline lead segment and capital-event verb.,True,project/asset term: development; project financing tied to anchor: construction financing,high,Project Financing / Capital Event,No,,,Valley National Bank Provide Pre,Valley National Bank Provide Pre,CDK Capital,CDK Capital; Valley National Bank; Sky Equity Group,Valley National Bank Provide Pre,CDK Capital; Valley National Bank; Sky Equity Group,capital_markets,institutional_capital,construction_financing,none,none,lender_activity,construction_loan,unknown,lender; developer,Market reference detected as Miami / Florida.,medium,Capital event keywords detected: construction_financing. Financing type keywords detected: construction_loan. Institutional activity terms detected: lender_activity. Primary topic set to capital_markets; confidence medium.,85,56,general market observation with limited strategic behavior evidence,46
2026-07-28,20260728-235943-eac269a1,2026-07-28 23:58:07,NAHB Eye on Housing - Multifamily,Public Agency / Housing Data,Tier 3,national_multifamily,Other,Apartment,"Wed, 27 May 2026 12:31:00 +0000",80,High,Review,Other / Unknown,Developer Strategy,Track Developer Strategy,"Review for developer strategy because the article may inform site selection, product type, adaptive reuse, build-to-rent, or market entry.",Medium relevance to market monitoring,Track source for follow-up,"Included because it scored 80 and mentions apartment, apartments, construction, with a Developer Strategy angle for a broad or unspecified market.",No Clear Numeric Signal,,"Multifamily Missing Middle Construction: First Quarter 2026 – Eye On Housing Skip to content Multifamily Missing Middle Construction: First Quarter 2026 May 27, 2026 Robert Dietz No Comments Multifamily missing middle construction declined at the start of 2026. The missing middle construction sector includes development of medium-density housing, such as townhouses, duplexes and other small multifamily properties. The multifamily segment of the missing middle (apartments in 2- to 4-unit properti","You are a strategic research analyst for Woomi / Woomi Global.
Analyze the following US multifamily housing article for developer strategy.

Article context:
- Title: Multifamily Missing Middle Construction: First Quarter 2026
- Source: NAHB Eye on Housing - Multifamily
- URL: https://eyeonhousing.org/2026/05/multifamily-missing-middle-construction-first-quarter-2026/
- Market focus: Other / Unknown
- Strategic angle: Developer Strategy
- Market signal: No Clear Numeric Signal
- Extracted numbers: None detected
- Strategic implication: Review for developer strategy because the article may inform site selection, product type, adaptive reuse, build-to-rent, or market entry.
- Woomi relevance: Medium relevance to market monitoring

Please answer in concise bullet points:
1. Why does this article matter for a US multifamily developer?
2. What is the implication for Woomi / Woomi Global?
3. What risk or opportunity does this indicate?
4. What follow-up question should the strategy team ask?",74,Good,missing extracted numbers; missing market focus; missing market signal,"Rule-based interpretation: NAHB Eye on Housing - Multifamily article 'Multifamily Missing Middle Construction: First Quarter 2026' is classified as review for Other / Unknown. It points to development execution or sponsor strategy. Treat as a briefing input, not a standalone investment conclusion; confirm with source diversity, repeat observation, and market-specific evidence.",Development Strategy,apartment; apartments; construction; development; multifamily,Multifamily Missing Middle Construction: First Quarter 2026,https://eyeonhousing.org/2026/05/multifamily-missing-middle-construction-first-quarter-2026/,Yes,art_a9cd9804fd32f949,Other / Unknown,other,Multifamily,market data/supply-demand,개발/인허가,개발/인허가; 시장 데이터,No,article page appears accessible from collected text,No,No,standard,art_a9cd9804fd32f949,https://eyeonhousing.org/2026/05/multifamily-missing-middle-construction-first-quarter-2026/,Multifamily Missing Middle Construction: First Quarter 2026,open,open,https://eyeonhousing.org/2026/05/multifamily-missing-middle-construction-first-quarter-2026/,valid,title/source/url metadata are internally consistent,Development Activity,,development milestone or entitlement signal has display priority,repeat_penalized,62,2026-05-27,2026-07-28,62,old_31d_plus,archive,published date parsed; article age 62 day(s),5,published date parsed; article age 62 day(s); previously seen article,,,"no city, state, or market keyword detected",none,not_candidate,not a GP / capital candidate,No,,,,,,False,"no identifiable project, asset, site, address, or unit-count anchor",none,,No,,,,,,,,,gp_activity,none,none,none,none,none,none,unknown,developer,No specific market detected; relevance remains broad.,unknown,No clear rule-based event keyword was detected. Primary topic set to gp_activity; confidence unknown.,30,0,classification confidence penalty,0
2026-07-28,20260728-235943-eac269a1,2026-07-28 23:58:10,NAHB Eye on Housing - Multifamily,Public Agency / Housing Data,Tier 3,national_multifamily,Other,Apartment,"Tue, 03 Mar 2026 14:31:18 +0000",78,Medium,Review,Other / Unknown,Rent Growth / Demand,Track Rent / Vacancy Trend,"Review this as a supply risk signal because it references new deliveries, starts, pipeline, or permits in Other / Unknown.",Medium relevance to market monitoring,Track source for follow-up,"Included because it scored 78 and mentions absorption, apartment, multifamily, with a Rent Growth / Demand angle for a broad or unspecified market.",Supply / Starts Signal,50%,"Multifamily Absorption Rate Remains Below 50% – Eye On Housing Skip to content Multifamily Absorption Rate Remains Below 50% March 3, 2026 Jesse Wade No Comments The percentage of new apartment units that were absorbed within three months after completion was unchanged for new units completed in the second quarter, according to the Census Bureau’s latest release of the Survey of Market Absorption of New Multifamily Units ( SOMA ). The survey covers new units in multifamily residential buildings ","You are a strategic research analyst for Woomi / Woomi Global.
Analyze the following US multifamily housing article for developer strategy.

Article context:
- Title: Multifamily Absorption Rate Remains Below 50%
- Source: NAHB Eye on Housing - Multifamily
- URL: https://eyeonhousing.org/2026/03/multifamily-absorption-rate-remains-below-50/
- Market focus: Other / Unknown
- Strategic angle: Rent Growth / Demand
- Market signal: Supply / Starts Signal
- Extracted numbers: 50%
- Strategic implication: Review this as a supply risk signal because it references new deliveries, starts, pipeline, or permits in Other / Unknown.
- Woomi relevance: Medium relevance to market monitoring

Please answer in concise bullet points:
1. Why does this article matter for a US multifamily developer?
2. What is the implication for Woomi / Woomi Global?
3. What risk or opportunity does this indicate?
4. What follow-up question should the strategy team ask?",90,Excellent,missing market focus,"Rule-based interpretation: NAHB Eye on Housing - Multifamily article 'Multifamily Absorption Rate Remains Below 50%' is classified as review for Other / Unknown. It points to supply, delivery, lease-up, or absorption conditions. Treat as a briefing input, not a standalone investment conclusion; confirm with source diversity, repeat observation, and market-specific evidence.",Supply & Demand,absorption; apartment; multifamily,Multifamily Absorption Rate Remains Below 50%,https://eyeonhousing.org/2026/03/multifamily-absorption-rate-remains-below-50/,Yes,art_04cbffa23673da57,Other / Unknown,other,Multifamily,development; delivery/completion; market data/supply-demand; rent/occupancy/absorption,개발/인허가,개발/인허가; 운영/임대; 시장 데이터,No,article page appears accessible from collected text,No,No,standard,art_04cbffa23673da57,https://eyeonhousing.org/2026/03/multifamily-absorption-rate-remains-below-50/,Multifamily Absorption Rate Remains Below 50%,open,open,https://eyeonhousing.org/2026/03/multifamily-absorption-rate-remains-below-50/,valid,title/source/url metadata are internally consistent,Market Intelligence,,"market_macro_guard: rent, demand, vacancy, absorption, or leasing article without project anchor",repeat_penalized,70,2026-03-03,2026-07-28,147,old_31d_plus,archive,published date parsed; article age 147 day(s),5,published date parsed; article age 147 day(s); previously seen article,,,"no city, state, or market keyword detected",none,not_candidate,not a GP / capital candidate,No,,,,,,False,"no identifiable project, asset, site, address, or unit-count anchor",none,,Yes,absorption,matched rent/demand keyword: absorption,,,,,,,development_pipeline,supply_demand,none,delivery,effective_rent_growth; absorption,none,none,unknown,unknown,No specific market detected; relevance remains broad.,medium,"Development-stage terms detected: delivery. Supply/demand terms detected: effective_rent_growth, absorption. Primary topic set to development_pipeline; confidence medium.",50,9,lease-up or absorption behavior,0
2026-07-28,20260728-235943-eac269a1,2026-07-28 23:58:23,REBusiness Online,Site / Parcel Source Expansion,Tier 2,development_pipeline;gp_activity,Other,Student Housing,2026-07-28T13:43:42Z,77,Medium,Review,Connecticut,Institutional Flow,Track Institutional Capital Flow,"Track this as institutional capital flow because it mentions major capital players, portfolio transactions, deal size, or cap-rate signals.",Medium relevance to market monitoring,Track source for follow-up,"Included because it scored 77 and mentions acquisition, multifamily, sale, with a Institutional Flow angle for Connecticut.",No Clear Numeric Signal,,"Acquisitions Connecticut Multifamily Northeast Student Housing Marcus & Millichap Brokers Sale of 30-Unit Student Housing Property in Hamden, Connecticut by Taylor Williams July 28, 2026 July 28, 2026 2 HAMDEN, CONN. — Marcus & Millichap has brokered the sale of Pine Rock Townhomes, a 30-unit student housing property that is located adjacent to Southern Connecticut State University in Hamden. Built in 2012 and renovated in 2022, the property offers four-bedroom, townhome-style units with an aver","You are a strategic research analyst for Woomi / Woomi Global.
Analyze the following US multifamily housing article for developer strategy.

Article context:
- Title: Marcus & Millichap Brokers Sale of 30-Unit Student Housing Property in Hamden, Connecticut
- Source: REBusiness Online
- URL: https://rebusinessonline.com/marcus-millichap-brokers-sale-of-30-unit-student-housing-property-in-hamden-connecticut/
- Market focus: Connecticut
- Strategic angle: Institutional Flow
- Market signal: No Clear Numeric Signal
- Extracted numbers: None detected
- Strategic implication: Track this as institutional capital flow because it mentions major capital players, portfolio transactions, deal size, or cap-rate signals.
- Woomi relevance: Medium relevance to market monitoring

Please answer in concise bullet points:
1. Why does this article matter for a US multifamily developer?
2. What is the implication for Woomi / Woomi Global?
3. What risk or opportunity does this indicate?
4. What follow-up question should the strategy team ask?",82,Good,missing extracted numbers; missing market signal,"Rule-based interpretation: REBusiness Online article 'Marcus & Millichap Brokers Sale of 30-Unit Student Housing Property in Hamden, Connecticut' is classified as review for Connecticut. It points to institutional capital movement or transaction activity. Treat as a briefing input, not a standalone investment conclusion; confirm with source diversity, repeat observation, and market-specific evidence.",Macro & Financing; Market Players & Deals,acquisition; multifamily; sale; student housing; transaction,"Marcus & Millichap Brokers Sale of 30-Unit Student Housing Property in Hamden, Connecticut",https://rebusinessonline.com/marcus-millichap-brokers-sale-of-30-unit-student-housing-property-in-hamden-connecticut/,No,art_6bec78436bd8e9b0,Connecticut,other,Student Housing,acquisition,거래/투자,거래/투자; 시장 데이터,No,article page appears accessible from collected text,No,No,standard,art_6bec78436bd8e9b0,https://rebusinessonline.com/marcus-millichap-brokers-sale-of-30-unit-student-housing-property-in-hamden-connecticut/,"Marcus & Millichap Brokers Sale of 30-Unit Student Housing Property in Hamden, Connecticut",open,open,https://rebusinessonline.com/marcus-millichap-brokers-sale-of-30-unit-student-housing-property-in-hamden-connecticut/,valid,title/source/url metadata are internally consistent,Development Activity,GP / Capital Activity,development_project_anchor: capital event with identifiable project/asset (unit/site count: 30-unit),new_or_fresh,0,2026-07-28,2026-07-28,0,fresh_0_3d,fresh,published date parsed; article age 0 day(s),100,fresh article or no repeat penalty,,Connecticut,matched state keyword: Connecticut,disposition_exit,new_candidate,development article without confirmed capital event,No,Marcus & Millichap,,dictionary_match,high,"Matched known institutional / GP entity in title, summary, or source text.",True,unit/site count: 30-unit,medium,Project / Asset,No,,,Marcus & Millichap,,,,Marcus & Millichap,,transaction_market,capital_markets; institutional_capital,acquisition; disposition,none,none,gp_acquisition,none,student_housing,lender; broker,Market reference detected as Connecticut.,medium,"Capital event keywords detected: acquisition, disposition. Institutional activity terms detected: gp_acquisition. Primary topic set to transaction_market; confidence medium.",85,70,institutional acquisition behavior,76
2026-07-28,20260728-235943-eac269a1,2026-07-28 23:59:14,Connect CRE Atlanta,Site / Parcel Source Expansion,Tier 2,development_pipeline;gp_activity;sunbelt,Other,Apartment,"Mon, 27 Jul 2026 14:35:54 +0000",77,Medium,Review,Atlanta / Georgia,Institutional Flow,Track Institutional Capital Flow,"Track this as institutional capital flow because it mentions major capital players, portfolio transactions, deal size, or cap-rate signals.",High relevance to US residential developer strategy,Add to weekly strategy memo,"Included because it scored 77 and mentions apartment, apartments, joint venture, with a Institutional Flow angle for Atlanta / Georgia.",Deal Size Signal,$132m; $132 million,"Atlanta & Southeast News In Your Inbox Sign up for Connect emails to stay informed with CRE stories that are 150 words or less. Atlanta & Southeast + Atlanta + Apartments | July 27, 2026 By: Mike Boyd Mesirow Pays $132M for Midtown Atlanta Apartment Community A real estate fund run by Mesirow acquired the Sixty 11 th Apartments for $132 million. The Atlanta Business Chronicle reports the seller was 60 11th Street LLC. It purchased the 1.25-acre site in care of Daniel Realty Co. LLC, an affiliate","You are a strategic research analyst for Woomi / Woomi Global.
Analyze the following US multifamily housing article for developer strategy.

Article context:
- Title: Mesirow Pays $132M for Midtown Atlanta Apartment Community
- Source: Connect CRE Atlanta
- URL: https://www.connectcre.com/stories/mesirow-pays-132m-for-midtown-atlanta-apartment-community/
- Market focus: Atlanta / Georgia
- Strategic angle: Institutional Flow
- Market signal: Deal Size Signal
- Extracted numbers: $132m; $132 million
- Strategic implication: Track this as institutional capital flow because it mentions major capital players, portfolio transactions, deal size, or cap-rate signals.
- Woomi relevance: High relevance to US residential developer strategy

Please answer in concise bullet points:
1. Why does this article matter for a US multifamily developer?
2. What is the implication for Woomi / Woomi Global?
3. What risk or opportunity does this indicate?
4. What follow-up question should the strategy team ask?",98,Excellent,None,"Rule-based interpretation: Connect CRE Atlanta article 'Mesirow Pays $132M for Midtown Atlanta Apartment Community' is classified as review for Atlanta / Georgia. It points to institutional capital movement or transaction activity. Treat as a briefing input, not a standalone investment conclusion; confirm with source diversity, repeat observation, and market-specific evidence.",Macro & Financing; Market Players & Deals,apartment; apartments; joint venture,Mesirow Pays $132M for Midtown Atlanta Apartment Community,https://www.connectcre.com/stories/mesirow-pays-132m-for-midtown-atlanta-apartment-community/,Yes,art_80e70f543c21d732,Atlanta,core_15,Multifamily,acquisition; JV/recapitalization,거래/투자,거래/투자; 시장 데이터,No,article page appears accessible from collected text,Yes,No,standard,art_80e70f543c21d732,https://www.connectcre.com/stories/mesirow-pays-132m-for-midtown-atlanta-apartment-community/,Mesirow Pays $132M for Midtown Atlanta Apartment Community,open,open,https://www.connectcre.com/stories/mesirow-pays-132m-for-midtown-atlanta-apartment-community/,valid,title/source/url metadata are internally consistent,Development Activity,GP / Capital Activity,development_project_anchor: capital event with identifiable project/asset (unit/site count: 25-acre; address/street: 60 11th street; site/parcel signal: site; project/asset term: community),acceptable_repeat,0,2026-07-27,2026-07-28,1,fresh_0_3d,fresh,published date parsed; article age 1 day(s),82,previously seen article,Atlanta,Georgia,matched city/metro keyword: Atlanta,joint_venture,repeated_but_retained,selected or retained for GP / capital review,Yes,Participant not identified,,unresolved,unresolved,"No institution name detected in dictionary, title, summary, or source text.",True,unit/site count: 25-acre; address/street: 60 11th street; site/parcel signal: site; project/asset term: community,high,Project / Asset,No,,,,,,,,,institutional_capital,capital_markets,joint_venture; acquisition,none,none,none,none,unknown,lender,Market reference detected as Atlanta / Georgia.,low,"Capital event keywords detected: joint_venture, acquisition. Primary topic set to institutional_capital; confidence low.",75,74,JV or partnership activity; institutional acquisition behavior; classification confidence penalty,66
2026-07-28,20260728-235943-eac269a1,2026-07-28 23:57:55,Multifamily Dive,Core Multifamily News,Tier 1,national_multifamily,Other,Apartment,"Mon, 27 Jul 2026 14:24:32 -0400",76,Medium,Review,Riverside / California,Institutional Flow,Track Institutional Capital Flow,"Track this as institutional capital flow because it mentions major capital players, portfolio transactions, deal size, or cap-rate signals.",High relevance to US residential developer strategy,Add to weekly strategy memo,"Included because it scored 76 and mentions apartment, apartments, sale, with a Institutional Flow angle for Riverside / California.",Deal Size Signal,$250m; $30 million,"An article from Elme reaches deal to sell last property for $250M After one sale fell through earlier this year, the REIT entered an agreement to sell the 222-unit Riverside Apartments in Alexandria, Virginia, and related undeveloped land for $30 million less. Published July 27, 2026 Leslie Shaver Senior Reporter Share Copy link Email LinkedIn X/Twitter Facebook Print License Add us on Google The Riverside Apartments in Alexandria, Virginia. Retrieved from Elme Communities on July 27, 2026 Prope","You are a strategic research analyst for Woomi / Woomi Global.
Analyze the following US multifamily housing article for developer strategy.

Article context:
- Title: Elme reaches deal to sell last property for $250M
- Source: Multifamily Dive
- URL: https://www.multifamilydive.com/news/elme-communitities-reit-liquidation-fpa-multifamily/826272/
- Market focus: Riverside / California
- Strategic angle: Institutional Flow
- Market signal: Deal Size Signal
- Extracted numbers: $250m; $30 million
- Strategic implication: Track this as institutional capital flow because it mentions major capital players, portfolio transactions, deal size, or cap-rate signals.
- Woomi relevance: High relevance to US residential developer strategy

Please answer in concise bullet points:
1. Why does this article matter for a US multifamily developer?
2. What is the implication for Woomi / Woomi Global?
3. What risk or opportunity does this indicate?
4. What follow-up question should the strategy team ask?",98,Excellent,None,"Rule-based interpretation: Multifamily Dive article 'Elme reaches deal to sell last property for $250M' is classified as review for Riverside / California. It points to institutional capital movement or transaction activity. Treat as a briefing input, not a standalone investment conclusion; confirm with source diversity, repeat observation, and market-specific evidence.",Macro & Financing; Market Players & Deals,apartment; apartments; sale,Elme reaches deal to sell last property for $250M,https://www.multifamilydive.com/news/elme-communitities-reit-liquidation-fpa-multifamily/826272/,Yes,art_c90d514717f8691f,Los Angeles / Southern California,core_15,Multifamily,,개발/인허가,개발/인허가; 거래/투자; 시장 데이터,No,article page appears accessible from collected text,Yes,No,standard,art_c90d514717f8691f,https://www.multifamilydive.com/news/elme-communitities-reit-liquidation-fpa-multifamily/826272/,Elme reaches deal to sell last property for $250M,open,open,https://www.multifamilydive.com/news/elme-communitities-reit-liquidation-fpa-multifamily/826272/,valid,title/source/url metadata are internally consistent,Development Activity,GP / Capital Activity,development_project_anchor: capital event with identifiable project/asset (unit/site count: 222-unit; project/asset term: apartments),acceptable_repeat,0,2026-07-27,2026-07-28,1,fresh_0_3d,fresh,published date parsed; article age 1 day(s),82,previously seen article,Riverside,California,matched city/metro keyword: Riverside,disposition_exit,repeated_but_retained,development article without confirmed capital event,No,Elme Communities,,capital_event_sentence,medium,Inferred entity from source text near capital-event language.,True,unit/site count: 222-unit; project/asset term: apartments,high,Project / Asset,No,,,Elme Communities,,,,Elme Communities,,institutional_capital,none,none,none,none,reit_activity,none,unknown,lender; reit,Market reference detected as Riverside / California.,low,Institutional activity terms detected: reit_activity. Primary topic set to institutional_capital; confidence low.,70,57,institutional acquisition behavior; classification confidence penalty,55
2026-07-28,20260728-235943-eac269a1,2026-07-28 23:58:33,Connect CRE Apartments,Site / Parcel Source Expansion,Tier 2,development_pipeline;gp_activity;national_multifamily,Other,Apartment,"Tue, 28 Jul 2026 19:50:39 +0000",76,Medium,Review,Other / Unknown,Institutional Flow,Track Institutional Capital Flow,"Track this as institutional capital flow because it mentions major capital players, portfolio transactions, deal size, or cap-rate signals.",High relevance to US residential developer strategy,Add to weekly strategy memo,"Included because it scored 76 and mentions apartment, apartments, multifamily, with a Institutional Flow angle for a broad or unspecified market.",Deal Size Signal,"$4,875,000; 18 apartments","Boston & New England CRE News In Your Inbox. Sign up for Connect emails to stay informed with CRE stories that are 150 words or less. Boston & New England + Boston + Apartments | July 28, 2026 By: Paul Bubny Marcus & Millichap Closes Sale of Mattapan Apartment Portfolio Marcus & Millichap closed the sale of the Delhi Street Portfolio, a three-building multifamily portfolio in Boston, for $4,875,000. The firm’s Evan Griffith and Tony Pepdjonovic marketed the property on behalf of the seller, a lo","You are a strategic research analyst for Woomi / Woomi Global.
Analyze the following US multifamily housing article for developer strategy.

Article context:
- Title: Marcus & Millichap Closes Sale of Mattapan Apartment Portfolio
- Source: Connect CRE Apartments
- URL: https://www.connectcre.com/stories/marcus-millichap-closes-sale-of-mattapan-apartment-portfolio/
- Market focus: Other / Unknown
- Strategic angle: Institutional Flow
- Market signal: Deal Size Signal
- Extracted numbers: $4,875,000; 18 apartments
- Strategic implication: Track this as institutional capital flow because it mentions major capital players, portfolio transactions, deal size, or cap-rate signals.
- Woomi relevance: High relevance to US residential developer strategy

Please answer in concise bullet points:
1. Why does this article matter for a US multifamily developer?
2. What is the implication for Woomi / Woomi Global?
3. What risk or opportunity does this indicate?
4. What follow-up question should the strategy team ask?",90,Excellent,missing market focus,"Rule-based interpretation: Connect CRE Apartments article 'Marcus & Millichap Closes Sale of Mattapan Apartment Portfolio' is classified as review for Other / Unknown. It points to institutional capital movement or transaction activity. Treat as a briefing input, not a standalone investment conclusion; confirm with source diversity, repeat observation, and market-specific evidence.",Macro & Financing; Market Players & Deals,apartment; apartments; multifamily; sale,Marcus & Millichap Closes Sale of Mattapan Apartment Portfolio,https://www.connectcre.com/stories/marcus-millichap-closes-sale-of-mattapan-apartment-portfolio/,No,art_fe01442e3c6ee067,Other / Unknown,other,Multifamily,,거래/투자,거래/투자; 시장 데이터,No,article page appears accessible from collected text,No,No,standard,art_fe01442e3c6ee067,https://www.connectcre.com/stories/marcus-millichap-closes-sale-of-mattapan-apartment-portfolio/,Marcus & Millichap Closes Sale of Mattapan Apartment Portfolio,open,open,https://www.connectcre.com/stories/marcus-millichap-closes-sale-of-mattapan-apartment-portfolio/,valid,title/source/url metadata are internally consistent,Development Activity,GP / Capital Activity,development_project_anchor: capital event with identifiable project/asset (project/asset term: apartments),new_or_fresh,0,2026-07-28,2026-07-28,0,fresh_0_3d,fresh,published date parsed; article age 0 day(s),100,fresh article or no repeat penalty,,,"no city, state, or market keyword detected",disposition_exit,new_candidate,development article without confirmed capital event,No,Marcus & Millichap,,dictionary_match,high,"Matched known institutional / GP entity in title, summary, or source text.",True,project/asset term: apartments,medium,Project / Asset,No,,,Marcus & Millichap,,,,Marcus & Millichap,,transaction_market,capital_markets,disposition,none,none,none,none,unknown,lender; broker,No specific market detected; relevance remains broad.,low,Capital event keywords detected: disposition. Primary topic set to transaction_market; confidence low.,60,54,institutional acquisition behavior; classification confidence penalty,54
2026-07-28,20260728-235943-eac269a1,2026-07-28 23:57:59,Commercial Observer,Core Multifamily News,Tier 1,national_multifamily,Other,Office-to-Residential Conversion,"Tue, 28 Jul 2026 14:14:45 +0000",75,Medium,Review,New York City / New York,Developer Strategy,Track Developer Strategy,"Review for developer strategy because the article may inform site selection, product type, adaptive reuse, build-to-rent, or market entry.",Medium relevance to market monitoring,Track source for follow-up,"Included because it scored 75 and mentions apartment, construction, conversion, with a Developer Strategy angle for New York City / New York.",No Clear Numeric Signal,,"Office Financial District Development · Construction 222 Broadway Conversion’s Stop-Work Order Not Tied to ‘Safety Issues’: Developer Inspectors issued the order at the planned 32-story office-to-resi project three weeks after buckling at a similar Manhattan conversion in Midtown By Andrew Coen July 28, 2026 10:14 am reprints 222 Broadway and GFP Development's Brian Steinwurtzel. PHOTOS: Commercial Observer file; Courtesy GFP Real Estate New York City’s office-to-residential conversion wave hit ","You are a strategic research analyst for Woomi / Woomi Global.
Analyze the following US multifamily housing article for developer strategy.

Article context:
- Title: 222 Broadway Conversion’s Stop-Work Order Not Tied to ‘Safety Issues’: Developer
- Source: Commercial Observer
- URL: https://commercialobserver.com/2026/07/nyc-office-to-resi-conversion-stop-work-order/
- Market focus: New York City / New York
- Strategic angle: Developer Strategy
- Market signal: No Clear Numeric Signal
- Extracted numbers: None detected
- Strategic implication: Review for developer strategy because the article may inform site selection, product type, adaptive reuse, build-to-rent, or market entry.
- Woomi relevance: Medium relevance to market monitoring

Please answer in concise bullet points:
1. Why does this article matter for a US multifamily developer?
2. What is the implication for Woomi / Woomi Global?
3. What risk or opportunity does this indicate?
4. What follow-up question should the strategy team ask?",82,Good,missing extracted numbers; missing market signal,"Rule-based interpretation: Commercial Observer article '222 Broadway Conversion’s Stop-Work Order Not Tied to ‘Safety Issues’: Developer' is classified as review for New York City / New York. It points to development execution or sponsor strategy. Treat as a briefing input, not a standalone investment conclusion; confirm with source diversity, repeat observation, and market-specific evidence.",Development Strategy,apartment; construction; conversion; developer; development; office-to-residential,222 Broadway Conversion’s Stop-Work Order Not Tied to ‘Safety Issues’: Developer,https://commercialobserver.com/2026/07/nyc-office-to-resi-conversion-stop-work-order/,No,art_885ceff50444a3f2,New York / Northern New Jersey,core_15,Mixed-use Residential,,개발/인허가,개발/인허가,No,article page appears accessible from collected text,Yes,No,standard,art_885ceff50444a3f2,https://commercialobserver.com/2026/07/nyc-office-to-resi-conversion-stop-work-order/,222 Broadway Conversion’s Stop-Work Order Not Tied to ‘Safety Issues’: Developer,open,open,https://commercialobserver.com/2026/07/nyc-office-to-resi-conversion-stop-work-order/,valid,title/source/url metadata are internally consistent,Development Activity,,development_project_anchor: Project / Asset (unit/site count: 32-story; project/asset term: project),new_or_fresh,0,2026-07-28,2026-07-28,0,fresh_0_3d,fresh,published date parsed; article age 0 day(s),100,fresh article or no repeat penalty,New York City,New York,matched city/metro keyword: New York City,none,not_candidate,not a GP / capital candidate,No,,,,,,True,unit/site count: 32-story; project/asset term: project,high,Project / Asset,No,,,,,,,,,development_pipeline,none,none,adaptive_reuse,none,none,none,adaptive_reuse,developer,Market reference detected as New York City / New York.,low,Development-stage terms detected: adaptive_reuse. Primary topic set to development_pipeline; confidence low.,60,40,classification confidence penalty,46
2026-07-28,20260728-235943-eac269a1,2026-07-28 23:57:55,Multifamily Dive,Core Multifamily News,Tier 1,national_multifamily,Other,Apartment,"Mon, 27 Jul 2026 14:19:41 -0400",73,Medium,Review,Other / Unknown,Institutional Flow,Track Institutional Capital Flow,"Track this as institutional capital flow because it mentions major capital players, portfolio transactions, deal size, or cap-rate signals.",High relevance to US residential developer strategy,Add to weekly strategy memo,"Included because it scored 73 and mentions apartment, multifamily, sale, with a Institutional Flow angle for a broad or unspecified market.",Deal Size Signal,1.7%; 1%; $36.7b; $36.7 billion,"An article from Dive Brief Apartment sales ticked up slightly to $36.7B in Q2: MSCI Multifamily prices dropped 1.7% YOY in Q2, marking two years of negative readings in the sector, as the Veris Residential privatization drove volume. Published July 27, 2026 Leslie Shaver Senior Reporter Share Copy link Email LinkedIn X/Twitter Facebook Print License Add us on Google Getty Images Dive Brief: Apartment sales rose 1% year over year to $36.7 billion in the second quarter of 2026, according to a repo","You are a strategic research analyst for Woomi / Woomi Global.
Analyze the following US multifamily housing article for developer strategy.

Article context:
- Title: Apartment sales ticked up slightly to $36.7B in Q2: MSCI
- Source: Multifamily Dive
- URL: https://www.multifamilydive.com/news/apartment-prices-multifamily-sales-veris-residential/826271/
- Market focus: Other / Unknown
- Strategic angle: Institutional Flow
- Market signal: Deal Size Signal
- Extracted numbers: 1.7%; 1%; $36.7b; $36.7 billion
- Strategic implication: Track this as institutional capital flow because it mentions major capital players, portfolio transactions, deal size, or cap-rate signals.
- Woomi relevance: High relevance to US residential developer strategy

Please answer in concise bullet points:
1. Why does this article matter for a US multifamily developer?
2. What is the implication for Woomi / Woomi Global?
3. What risk or opportunity does this indicate?
4. What follow-up question should the strategy team ask?",90,Excellent,missing market focus,"Rule-based interpretation: Multifamily Dive article 'Apartment sales ticked up slightly to $36.7B in Q2: MSCI' is classified as review for Other / Unknown. It points to institutional capital movement or transaction activity. Treat as a briefing input, not a standalone investment conclusion; confirm with source diversity, repeat observation, and market-specific evidence.",Macro & Financing; Market Players & Deals,apartment; multifamily; sale,Apartment sales ticked up slightly to $36.7B in Q2: MSCI,https://www.multifamilydive.com/news/apartment-prices-multifamily-sales-veris-residential/826271/,Yes,art_3cf9574cfe3ad1d1,Other / Unknown,other,Multifamily,policy/regulation,거래/투자,거래/투자; 시장 데이터,No,article page appears accessible from collected text,No,No,standard,art_3cf9574cfe3ad1d1,https://www.multifamilydive.com/news/apartment-prices-multifamily-sales-veris-residential/826271/,Apartment sales ticked up slightly to $36.7B in Q2: MSCI,open,open,https://www.multifamilydive.com/news/apartment-prices-multifamily-sales-veris-residential/826271/,valid,title/source/url metadata are internally consistent,GP / Capital Activity,Market Intelligence,transaction or financing article excluded from Development Activity,acceptable_repeat,0,2026-07-27,2026-07-28,1,fresh_0_3d,fresh,published date parsed; article age 1 day(s),82,previously seen article,,,"no city, state, or market keyword detected",disposition_exit,repeated_but_retained,selected or retained for GP / capital review,Yes,Participant not identified,,unresolved,unresolved,"No institution name detected in dictionary, title, summary, or source text.",False,"no identifiable project, asset, site, address, or unit-count anchor",none,,No,,,,,,,,,macro_financing,none,none,none,none,none,none,unknown,lender,No specific market detected; treated as broader capital markets context.,unknown,No clear rule-based event keyword was detected. Primary topic set to macro_financing; confidence unknown.,45,36,classification confidence penalty,24
2026-07-28,20260728-235943-eac269a1,2026-07-28 23:57:57,Yield PRO,Core Multifamily News,Tier 1,lease_up_supply;national_multifamily,Other,Multifamily,"Fri, 24 Jul 2026 18:37:54 +0000",72,Medium,Review,California,Financing Risk; Institutional Flow,Track Financing Conditions; Track Institutional Capital Flow,"Monitor financing conditions because the article includes financing, multifamily, sale and $12.5m, $12.5 million, $154,320, which may affect construction loans, refinancing risk, and exit cap rates.",High relevance to US residential developer strategy,Add to weekly strategy memo,"Included because it scored 72 and mentions financing, multifamily, sale, with a Financing Risk; Institutional Flow angle for California.",Deal Size Signal,"$12.5m; $12.5 million; $154,320","Deal boom News Pacific region Facebook Twitter Linkedin Marcus & Millichap (NYSE: MMI) , a leading commercial real estate brokerage firm specializing in investment sales, financing, research and advisory services, announced the sale of 5035-49 Guava Ave. , an 81-unit senior affordable multifamily property located in La Mesa, California. The property sold for $12.5 million or $154,320 per unit. “Age-restricted communities with long-term affordability protections are rarely available for acquisiti","You are a strategic research analyst for Woomi / Woomi Global.
Analyze the following US multifamily housing article for developer strategy.

Article context:
- Title: Marcus & Millichap Arranges $12.5M Sale of 81-Unit Multifamily Property in La Mesa California
- Source: Yield PRO
- URL: https://yieldpro.com/2026/07/5035-49-guava-ave/
- Market focus: California
- Strategic angle: Financing Risk; Institutional Flow
- Market signal: Deal Size Signal
- Extracted numbers: $12.5m; $12.5 million; $154,320
- Strategic implication: Monitor financing conditions because the article includes financing, multifamily, sale and $12.5m, $12.5 million, $154,320, which may affect construction loans, refinancing risk, and exit cap rates.
- Woomi relevance: High relevance to US residential developer strategy

Please answer in concise bullet points:
1. Why does this article matter for a US multifamily developer?
2. What is the implication for Woomi / Woomi Global?
3. What risk or opportunity does this indicate?
4. What follow-up question should the strategy team ask?",98,Excellent,None,"Rule-based interpretation: Yield PRO article 'Marcus & Millichap Arranges $12.5M Sale of 81-Unit Multifamily Property in La Mesa California' is classified as review for California. It points to financing, refinancing, or debt-market conditions. Treat as a briefing input, not a standalone investment conclusion; confirm with source diversity, repeat observation, and market-specific evidence.",Macro & Financing; Market Players & Deals,financing; multifamily; sale,Marcus & Millichap Arranges $12.5M Sale of 81-Unit Multifamily Property in La Mesa California,https://yieldpro.com/2026/07/5035-49-guava-ave/,Yes,art_292fae39d8b69833,Phoenix,core_15,Multifamily,transaction/sale,거래/투자,거래/투자; 시장 데이터,No,article page appears accessible from collected text,Yes,No,standard,art_292fae39d8b69833,https://yieldpro.com/2026/07/5035-49-guava-ave/,Marcus & Millichap Arranges $12.5M Sale of 81-Unit Multifamily Property in La Mesa California,open,open,https://yieldpro.com/2026/07/5035-49-guava-ave/,valid,title/source/url metadata are internally consistent,Development Activity,GP / Capital Activity; Market Intelligence,development_project_anchor: capital event with identifiable project/asset (unit/site count: 81-unit; address/street: 49 guava ave; project/asset term: multifamily property),acceptable_repeat,3,2026-07-24,2026-07-28,4,fresh_0_3d,fresh,published date parsed; article age 4 day(s),70,previously seen article,,California,matched state keyword: California,disposition_exit,repeated_but_retained,development article without confirmed capital event,No,Marcus & Millichap,,dictionary_match,high,"Matched known institutional / GP entity in title, summary, or source text.",True,unit/site count: 81-unit; address/street: 49 guava ave; project/asset term: multifamily property,high,Project / Asset,No,,,Marcus & Millichap,,,,Marcus & Millichap,,transaction_market,capital_markets,disposition,none,none,none,none,affordable_housing,lender; broker,Market reference detected as California.,low,Capital event keywords detected: disposition. Primary topic set to transaction_market; confidence low.,75,44,classification confidence penalty,32
2026-07-28,20260728-235943-eac269a1,2026-07-28 23:59:43,WealthManagement Real Estate,Institutional Real Estate / Capital Markets,Tier 3,institutional_capital;capital_markets,Other,Multifamily,"Tue, 28 Jul 2026 13:00:00 GMT",71,Medium,Review,Miami / Florida,Institutional Flow,Track Institutional Capital Flow,"Track this as institutional capital flow because it mentions major capital players, portfolio transactions, deal size, or cap-rate signals.",High relevance to US residential developer strategy,Add to weekly strategy memo,"Included because it scored 71 and mentions acquisition, multi-family, with a Institutional Flow angle for Miami / Florida.",Deal Size Signal,$4.9b; $4,"Corient Acquires $4.9B Seven Bridges Advisors RIA Industry News & Trends News Corient Acquires $4.9B New York Multi-Family Office The Miami-based RIA continues its acquisition spree with the addition of the New York multi-family office Seven Bridges. Diana Britton , Executive Editor , Wealth Management July 28, 2026 schedule 1 Min Read Corient, the Miami-based registered investment advisor owned by the Mubadala Investment Company, has acquired Seven Bridges Advisors, a New York-based RIA with $4","You are a strategic research analyst for Woomi / Woomi Global.
Analyze the following US multifamily housing article for developer strategy.

Article context:
- Title: Corient Acquires $4.9B New York Multi-Family Office
- Source: WealthManagement Real Estate
- URL: https://www.wealthmanagement.com/ria-news/corient-acquires-49b-seven-bridges-advisors
- Market focus: Miami / Florida
- Strategic angle: Institutional Flow
- Market signal: Deal Size Signal
- Extracted numbers: $4.9b; $4
- Strategic implication: Track this as institutional capital flow because it mentions major capital players, portfolio transactions, deal size, or cap-rate signals.
- Woomi relevance: High relevance to US residential developer strategy

Please answer in concise bullet points:
1. Why does this article matter for a US multifamily developer?
2. What is the implication for Woomi / Woomi Global?
3. What risk or opportunity does this indicate?
4. What follow-up question should the strategy team ask?",98,Excellent,None,"Rule-based interpretation: WealthManagement Real Estate article 'Corient Acquires $4.9B New York Multi-Family Office' is classified as review for Miami / Florida. It points to institutional capital movement or transaction activity. Treat as a briefing input, not a standalone investment conclusion; confirm with source diversity, repeat observation, and market-specific evidence.",Macro & Financing; Market Players & Deals,acquisition; multi-family,Corient Acquires $4.9B New York Multi-Family Office,https://www.wealthmanagement.com/ria-news/corient-acquires-49b-seven-bridges-advisors,No,art_3eb3fffa01477ebf,New York / Northern New Jersey,core_15,Multifamily,acquisition,거래/투자,거래/투자; 시장 데이터,No,page text includes subscription or login language,Yes,No,access_limited_source,art_3eb3fffa01477ebf,https://www.wealthmanagement.com/ria-news/corient-acquires-49b-seven-bridges-advisors,Corient Acquires $4.9B New York Multi-Family Office,access_limited,access_limited,https://www.wealthmanagement.com/ria-news/corient-acquires-49b-seven-bridges-advisors,valid,title/source/url metadata are internally consistent,GP / Capital Activity,,"headline-level GP, transaction, financing, or capital event detected",new_or_fresh,0,2026-07-28,2026-07-28,0,fresh_0_3d,fresh,published date parsed; article age 0 day(s),88,limited page access,Miami,Florida,matched city/metro keyword: Miami,acquisition,new_candidate,limited page access,Yes,WealthManagement Real Estate,,capital_event_sentence,medium,Inferred entity from source text near capital-event language.,False,"no identifiable project, asset, site, address, or unit-count anchor",none,,No,,,WealthManagement Real Estate,,,,WealthManagement Real Estate,,transaction_market,capital_markets; institutional_capital,acquisition,none,none,family_office_activity; gp_acquisition,none,unknown,lender,Market reference detected as Miami / Florida.,low,"Limited/paywalled article; classification is based on title, URL, source, and available lead text only. Capital event keywords detected: acquisition. Institutional activity terms detected: family_office_activity, gp_acquisition. Primary topic set to transaction_market; confidence low.",85,24,institutional acquisition behavior; event/webinar or promotion; limited article: title/lead-based review needed; classification confidence penalty,30
2026-07-28,20260728-235943-eac269a1,2026-07-28 23:58:19,Urbanize LA,Regional / California / LA Sources,Tier 2,development_pipeline;entitlement;la_california,Other,Affordable Housing,"Mon, 27 Jul 2026 13:10:00 +0000",70,Medium,Review,Beverly Hills / California,Regulation Risk; Developer Strategy,Track Regulation Risk; Track Developer Strategy,"Review this as a supply risk signal because it references new deliveries, starts, pipeline, or permits in Beverly Hills / California.",High relevance to US residential developer strategy,Add to weekly strategy memo,"Included because it scored 70 and mentions affordable housing, construction, developer, with a Regulation Risk; Developer Strategy angle for Beverly Hills / California.",Supply / Starts Signal,27 homes,"Beverly Hills Planning Commission approves Builder's Remedy project at 140 S. Camden Dr. | Urbanize LA Skip to main content Advertisement Advertisement Four months after the Beverly Hills City Council moved to rescind its denial of a proposed Builder's Remedy project just off of Wilshire Boulevard , the Beverly Hills Planning Commission has moved to approve the project. The from applicant Max Netty, slated for a property at 140 S. Camden Drive, calls for the construction of a new 15-story buildi","You are a strategic research analyst for Woomi / Woomi Global.
Analyze the following US multifamily housing article for developer strategy.

Article context:
- Title: Beverly Hills Planning Commission approves Builder's Remedy project at 140 S. Camden Dr.
- Source: Urbanize LA
- URL: https://la.urbanize.city/post/beverly-hills-planning-commission-approves-builders-remedy-project-140-s-camden-dr
- Market focus: Beverly Hills / California
- Strategic angle: Regulation Risk; Developer Strategy
- Market signal: Supply / Starts Signal
- Extracted numbers: 27 homes
- Strategic implication: Review this as a supply risk signal because it references new deliveries, starts, pipeline, or permits in Beverly Hills / California.
- Woomi relevance: High relevance to US residential developer strategy

Please answer in concise bullet points:
1. Why does this article matter for a US multifamily developer?
2. What is the implication for Woomi / Woomi Global?
3. What risk or opportunity does this indicate?
4. What follow-up question should the strategy team ask?",98,Excellent,None,"Rule-based interpretation: Urbanize LA article 'Beverly Hills Planning Commission approves Builder's Remedy project at 140 S. Camden Dr.' is classified as review for Beverly Hills / California. It points to supply, delivery, lease-up, or absorption conditions. Treat as a briefing input, not a standalone investment conclusion; confirm with source diversity, repeat observation, and market-specific evidence.",Development Strategy; Policy & Regulation,affordable housing; construction; developer; zoning,Beverly Hills Planning Commission approves Builder's Remedy project at 140 S. Camden Dr.,https://la.urbanize.city/post/beverly-hills-planning-commission-approves-builders-remedy-project-140-s-camden-dr,Yes,art_857b4d8893eca95e,Los Angeles / Southern California,core_15,Affordable Housing,development; permit/entitlement; policy/regulation,개발/인허가,개발/인허가,No,limited source or insufficient readable article text,Yes,No,access_limited_source,art_857b4d8893eca95e,https://la.urbanize.city/post/beverly-hills-planning-commission-approves-builders-remedy-project-140-s-camden-dr,Beverly Hills Planning Commission approves Builder's Remedy project at 140 S. Camden Dr.,access_limited,access_limited,https://la.urbanize.city/post/beverly-hills-planning-commission-approves-builders-remedy-project-140-s-camden-dr,valid,title/source/url metadata are internally consistent,Development Activity,,development_project_anchor: Approval / Entitlement (unit/site count: 15-story; address/street: 140 s. camden dr; execution milestone: proposed; project/asset term: project),acceptable_repeat,0,2026-07-27,2026-07-28,1,fresh_0_3d,fresh,published date parsed; article age 1 day(s),70,previously seen article; limited page access,Beverly Hills,California,matched city/metro keyword: Beverly Hills,none,not_candidate,not a GP / capital candidate,No,,,,,,True,unit/site count: 15-story; address/street: 140 s. camden dr; execution milestone: proposed; project/asset term: project,high,Approval / Entitlement,No,,,,,,,,,development_pipeline,none,none,planning_commission,none,none,none,unknown,public_agency; developer,Market reference detected as Beverly Hills / California.,low,"Limited/paywalled article; classification is based on title, URL, source, and available lead text only. Development-stage terms detected: planning_commission. Primary topic set to development_pipeline; confidence low.",60,47,entitlement persistence; limited article: title/lead-based review needed; classification confidence penalty,45
2026-07-28,20260728-235943-eac269a1,2026-07-28 23:57:59,Commercial Observer,Core Multifamily News,Tier 1,national_multifamily,Other,General Residential,"Tue, 28 Jul 2026 18:30:41 +0000",69,Medium,Monitor,California,Institutional Flow,Track Institutional Capital Flow,"Track this as institutional capital flow because it mentions major capital players, portfolio transactions, deal size, or cap-rate signals.",High relevance to US residential developer strategy,Add to weekly strategy memo,"Included because it scored 69 and mentions capital markets, jll, sale, with a Institutional Flow angle for California.",Deal Size Signal,"$57m; $56.54 million; $415,700","Residential · Senior Living Southern California Investments & Sales Ventas Buys Senior Living Community in SoCal for $57M The deal closed for more than $415,700 per unit By Greg Cornfield July 28, 2026 2:30 pm reprints Ventas CEO Debra A. Cafaro (top), Harrison Street CEO Christopher Merrill and Clearwater at Riverpark in Oxnard, Calif. PHOTOS: Courtesy Ventas; Kayana Szymczak/for Commercial Observer; Courtesy JLL Capital Markets Ventas has acquired a 136-unit senior living community in Ventura ","You are a strategic research analyst for Woomi / Woomi Global.
Analyze the following US multifamily housing article for developer strategy.

Article context:
- Title: Ventas Buys Senior Living Community in SoCal for $57M
- Source: Commercial Observer
- URL: https://commercialobserver.com/2026/07/ventas-harrison-street-senior-living-california/
- Market focus: California
- Strategic angle: Institutional Flow
- Market signal: Deal Size Signal
- Extracted numbers: $57m; $56.54 million; $415,700
- Strategic implication: Track this as institutional capital flow because it mentions major capital players, portfolio transactions, deal size, or cap-rate signals.
- Woomi relevance: High relevance to US residential developer strategy

Please answer in concise bullet points:
1. Why does this article matter for a US multifamily developer?
2. What is the implication for Woomi / Woomi Global?
3. What risk or opportunity does this indicate?
4. What follow-up question should the strategy team ask?",98,Excellent,None,"Rule-based interpretation: Commercial Observer article 'Ventas Buys Senior Living Community in SoCal for $57M' is classified as watch only for California. It points to institutional capital movement or transaction activity. Treat as a briefing input, not a standalone investment conclusion; confirm with source diversity, repeat observation, and market-specific evidence.",Macro & Financing; Market Players & Deals,capital markets; jll; sale; transaction,Ventas Buys Senior Living Community in SoCal for $57M,https://commercialobserver.com/2026/07/ventas-harrison-street-senior-living-california/,No,art_fdd024bdedc55769,Los Angeles / Southern California,core_15,Multifamily,acquisition,거래/투자,거래/투자; 시장 데이터,No,article page appears accessible from collected text,Yes,No,standard,art_fdd024bdedc55769,https://commercialobserver.com/2026/07/ventas-harrison-street-senior-living-california/,Ventas Buys Senior Living Community in SoCal for $57M,open,open,https://commercialobserver.com/2026/07/ventas-harrison-street-senior-living-california/,valid,title/source/url metadata are internally consistent,Development Activity,GP / Capital Activity,development_project_anchor: capital event with identifiable project/asset (unit/site count: 136-unit; project/asset term: community),new_or_fresh,0,2026-07-28,2026-07-28,0,fresh_0_3d,fresh,published date parsed; article age 0 day(s),100,fresh article or no repeat penalty,,California,matched state keyword: California,disposition_exit,new_candidate,development article without confirmed capital event,No,JLL,Ventas Buys Senior Living; Senior Living Southern California Investments; Sales Ventas Buys Senior Living; Courtesy JLL Capital,dictionary_match,high,"Matched known institutional / GP entity in title, summary, or source text.",True,unit/site count: 136-unit; project/asset term: community,high,Project / Asset,No,,,JLL,,Ventas Buys Senior Living,Ventas Buys Senior Living; Senior Living Southern California Investments; Sales Ventas Buys Senior Living; Courtesy JLL Capital,JLL,Ventas Buys Senior Living; Senior Living Southern California Investments; Sales Ventas Buys Senior Living; Courtesy JLL Capital,transaction_market,capital_markets,acquisition,none,none,none,none,unknown,lender; broker,Market reference detected as California.,low,Capital event keywords detected: acquisition. Primary topic set to transaction_market; confidence low.,75,58,institutional acquisition behavior; classification confidence penalty,58
2026-07-28,20260728-235943-eac269a1,2026-07-28 23:58:06,NAHB Eye on Housing - Multifamily,Public Agency / Housing Data,Tier 3,national_multifamily,Other,Apartment,"Fri, 29 May 2026 16:25:31 +0000",68,Medium,Monitor,Other / Unknown,Rent Growth / Demand,Track Rent / Vacancy Trend,"Track rent and vacancy conditions because the article points to demand, occupancy, rent, vacancy, or concession signals in Other / Unknown.",Medium relevance to market monitoring,Ignore unless repeated,"Included because it scored 68 and mentions absorption, apartment, multifamily, with a Rent Growth / Demand angle for a broad or unspecified market.",No Clear Numeric Signal,,"Rent Prices Continue to Rise, While Absorption Remains Low – Eye On Housing Skip to content Rent Prices Continue to Rise, While Absorption Remains Low May 29, 2026 Jesse Wade No Comments The percentage of new apartment units that were absorbed within three months after completion was up one percentage point in the fourth quarter, according to the Census Bureau’s latest release of the Survey of Market Absorption of New Multifamily Units ( SOMA ). The survey covers new units in multifamily residen",,0,Poor,No LLM prompt generated,"Rule-based interpretation: NAHB Eye on Housing - Multifamily article 'Rent Prices Continue to Rise, While Absorption Remains Low' is classified as watch only for Other / Unknown. It points to general market monitoring. Treat as a briefing input, not a standalone investment conclusion; confirm with source diversity, repeat observation, and market-specific evidence.",Supply & Demand,absorption; apartment; multifamily,"Rent Prices Continue to Rise, While Absorption Remains Low",https://eyeonhousing.org/2026/05/rent-prices-continue-to-rise-while-absorption-remains-low/,Yes,art_0de536418959376c,Other / Unknown,other,Multifamily,development; delivery/completion; market data/supply-demand; rent/occupancy/absorption,개발/인허가,개발/인허가; 운영/임대; 시장 데이터,No,article page appears accessible from collected text,No,No,standard,art_0de536418959376c,https://eyeonhousing.org/2026/05/rent-prices-continue-to-rise-while-absorption-remains-low/,"Rent Prices Continue to Rise, While Absorption Remains Low",open,open,https://eyeonhousing.org/2026/05/rent-prices-continue-to-rise-while-absorption-remains-low/,valid,title/source/url metadata are internally consistent,Market Intelligence,,"market_macro_guard: rent, demand, vacancy, absorption, or leasing article without project anchor",repeat_penalized,60,2026-05-29,2026-07-28,60,old_31d_plus,old,published date parsed; article age 60 day(s),5,published date parsed; article age 60 day(s); previously seen article,,,"no city, state, or market keyword detected",none,not_candidate,not a GP / capital candidate,No,,,,,,False,"no identifiable project, asset, site, address, or unit-count anchor",none,,Yes,rent_growth,matched rent/demand keyword: rent prices,,,,,,,development_pipeline,supply_demand,none,delivery,effective_rent_growth; absorption,none,none,unknown,unknown,No specific market detected; relevance remains broad.,medium,"Development-stage terms detected: delivery. Supply/demand terms detected: effective_rent_growth, absorption. Primary topic set to development_pipeline; confidence medium.",50,9,lease-up or absorption behavior,0
2026-07-28,20260728-235943-eac269a1,2026-07-28 23:59:29,Connect CRE Orange County,Site / Parcel Source Expansion,Tier 2,development_pipeline;gp_activity,Other,Apartment,"Tue, 14 Jul 2026 18:51:39 +0000",67,Medium,Monitor,California,Developer Strategy,Track Developer Strategy,"Review for developer strategy because the article may inform site selection, product type, adaptive reuse, build-to-rent, or market entry.",Medium relevance to market monitoring,Ignore unless repeated,"Included because it scored 67 and mentions apartment, apartments, multifamily, with a Developer Strategy angle for California.",No Clear Numeric Signal,,"California CRE News In Your Inbox. Sign up for Connect emails to stay informed with CRE stories that are 150 words or less. California + Indianapolis + Orange County + Apartments | July 14, 2026 By: Paul Bubny Milhaus Merges with SRG Residential, Will Acquire Broadshore Capital Indianapolis-based Milhaus has completed a merger with one Southern California-based multifamily company and has agreed to acquire another. The merger of Milhaus with SRG Residential forms a national, vertically integrate",,0,Poor,No LLM prompt generated,"Rule-based interpretation: Connect CRE Orange County article 'Milhaus Merges with SRG Residential, Will Acquire Broadshore Capital' is classified as watch only for California. It points to development execution or sponsor strategy. Treat as a briefing input, not a standalone investment conclusion; confirm with source diversity, repeat observation, and market-specific evidence.",,apartment; apartments; multifamily,"Milhaus Merges with SRG Residential, Will Acquire Broadshore Capital",https://www.connectcre.com/stories/milhaus-merges-with-srg-residential-will-acquire-broadshore-capital/,Yes,art_195e49f75723614c,Los Angeles / Southern California,core_15,Multifamily,delivery/completion,개발/인허가,개발/인허가; 거래/투자; 시장 데이터,No,article page appears accessible from collected text,Yes,No,standard,art_195e49f75723614c,https://www.connectcre.com/stories/milhaus-merges-with-srg-residential-will-acquire-broadshore-capital/,"Milhaus Merges with SRG Residential, Will Acquire Broadshore Capital",open,open,https://www.connectcre.com/stories/milhaus-merges-with-srg-residential-will-acquire-broadshore-capital/,valid,title/source/url metadata are internally consistent,GP / Capital Activity,Development Activity,gp_capital_corporate_mna: merger,repeat_penalized,14,2026-07-14,2026-07-28,14,recent_4_14d,recent,published date parsed; article age 14 day(s),55,previously seen article,,California,matched state keyword: California,acquisition,retained_repeat,selected or retained for GP / capital review,Yes,"Milhaus Merges with SRG Residential, Will",SRG Residential; Will Acquire Broadshore Capital,title_lead_pattern,medium,Inferred entity from headline lead segment and capital-event verb.,True,project/asset term: apartments,medium,Project / Asset,No,,,"Milhaus Merges with SRG Residential, Will",,SRG Residential,SRG Residential; Will Acquire Broadshore Capital,"Milhaus Merges with SRG Residential, Will",SRG Residential; Will Acquire Broadshore Capital,institutional_capital,capital_markets; development_pipeline,merger_acquisition,delivery,none,none,none,unknown,developer,Market reference detected as California.,medium,Capital event keywords detected: merger_acquisition. Development-stage terms detected: delivery. Primary topic set to institutional_capital; confidence medium.,75,68,institutional acquisition behavior,49
2026-07-28,20260728-235943-eac269a1,2026-07-28 23:58:22,SF YIMBY,Regional / California / LA Sources,Tier 2,development_pipeline;entitlement;la_california,Other,Apartment,"Sun, 26 Jul 2026 12:30:47 +0000",64,Medium,Monitor,Other / Unknown,Developer Strategy,Track Developer Strategy,"Review for developer strategy because the article may inform site selection, product type, adaptive reuse, build-to-rent, or market entry.",Medium relevance to market monitoring,Ignore unless repeated,"Included because it scored 64 and mentions apartment, permit, permits, with a Developer Strategy angle for a broad or unspecified market.",No Clear Numeric Signal,,"340 Palo Alto Avenue facade elevation, illustration by Heather Young Architects By: Andrew Nelson 5:30 am on July 26, 2026 Preliminary permits have been filed for a new four-story apartment complex at 340 Palo Alto Avenue in Palo Alto , Santa Clara County . The initial application looks to replace a single-family house with six new units overlooking San Francisquito Creek. Palo Alto-based Heather Young Architects is responsible for the application and design. 340 Palo Alto Avenue floor plans, il",,0,Poor,No LLM prompt generated,"Rule-based interpretation: SF YIMBY article 'Preliminary Plans For 340 Palo Alto Avenue, Palo Alto' is classified as watch only for Other / Unknown. It points to development execution or sponsor strategy. Treat as a briefing input, not a standalone investment conclusion; confirm with source diversity, repeat observation, and market-specific evidence.",Development Strategy,apartment; permit; permits,"Preliminary Plans For 340 Palo Alto Avenue, Palo Alto",https://sfyimby.com/2026/07/preliminary-plans-for-340-palo-alto-avenue-palo-alto.html,Yes,art_baeb53ba7ee7200f,San Francisco / Bay Area,other,Multifamily,,개발/인허가,개발/인허가,No,limited source or insufficient readable article text,No,No,access_limited_source,art_baeb53ba7ee7200f,https://sfyimby.com/2026/07/preliminary-plans-for-340-palo-alto-avenue-palo-alto.html,"Preliminary Plans For 340 Palo Alto Avenue, Palo Alto",access_limited,access_limited,https://sfyimby.com/2026/07/preliminary-plans-for-340-palo-alto-avenue-palo-alto.html,valid,title/source/url metadata are internally consistent,Development Activity,,development_project_anchor: Approval / Entitlement (address/street: 340 palo alto avenue),acceptable_repeat,1,2026-07-26,2026-07-28,2,fresh_0_3d,fresh,published date parsed; article age 2 day(s),66,previously seen article; limited page access,,,"no city, state, or market keyword detected",none,not_candidate,not a GP / capital candidate,No,,,,,,True,address/street: 340 palo alto avenue,medium,Approval / Entitlement,No,,,,,,,,,other,none,none,none,none,none,none,unknown,developer,No specific market detected; relevance remains broad.,unknown,"Limited/paywalled article; classification is based on title, URL, source, and available lead text only. No clear rule-based event keyword was detected. Primary topic set to other; confidence unknown.",45,43,entitlement persistence; limited article: title/lead-based review needed; classification confidence penalty,35
2026-07-28,20260728-235943-eac269a1,2026-07-28 23:57:55,Multifamily Dive,Core Multifamily News,Tier 1,national_multifamily,Other,Apartment,"Fri, 24 Jul 2026 13:27:16 -0400",63,Medium,Monitor,Other / Unknown,Developer Strategy,Track Developer Strategy,"Review for developer strategy because the article may inform site selection, product type, adaptive reuse, build-to-rent, or market entry.",Medium relevance to market monitoring,Ignore unless repeated,"Included because it scored 63 and mentions apartment, bozzuto, renter, with a Developer Strategy angle for a broad or unspecified market.",No Clear Numeric Signal,,"An article from Dive Brief Bozzuto utility billing lawsuit in DC broadened to class-action The apartment manager is accused of misleading renters about costs and overcharging for utilities, according to a lawsuit from a former tenant. Published July 24, 2026 Julie Strupp Senior Editor Share Copy link Email LinkedIn X/Twitter Facebook Print License Add us on Google Bozzuto owns the Ashton at Dulles Corner in Herndon, Va. Permission granted by Bozzuto Dive Brief: A federal judge has allowed a laws",,0,Poor,No LLM prompt generated,"Rule-based interpretation: Multifamily Dive article 'Bozzuto utility billing lawsuit in DC broadened to class-action' is classified as watch only for Other / Unknown. It points to development execution or sponsor strategy. Treat as a briefing input, not a standalone investment conclusion; confirm with source diversity, repeat observation, and market-specific evidence.",Market Players & Deals,apartment; bozzuto; renter; renters,Bozzuto utility billing lawsuit in DC broadened to class-action,https://www.multifamilydive.com/news/bozzuto-utility-billing-lawsuit-dc-class-action/826168/,Yes,art_73189e52a9d06bc5,Other / Unknown,other,Multifamily,policy/regulation,개발/인허가,개발/인허가; 운영/임대,No,article page appears accessible from collected text,No,No,standard,art_73189e52a9d06bc5,https://www.multifamilydive.com/news/bozzuto-utility-billing-lawsuit-dc-class-action/826168/,Bozzuto utility billing lawsuit in DC broadened to class-action,open,open,https://www.multifamilydive.com/news/bozzuto-utility-billing-lawsuit-dc-class-action/826168/,valid,title/source/url metadata are internally consistent,Market Intelligence,GP / Capital Activity,macro finance or rate outlook signal detected,acceptable_repeat,3,2026-07-24,2026-07-28,4,fresh_0_3d,fresh,published date parsed; article age 4 day(s),70,previously seen article,,,"no city, state, or market keyword detected",none,repeated_but_retained,selected or retained for GP / capital review,Yes,Participant not identified,,unresolved,unresolved,"No institution name detected in dictionary, title, summary, or source text.",False,"no identifiable project, asset, site, address, or unit-count anchor",none,,No,,,,,,,,,gp_activity,macro_financing,none,none,none,none,public_subsidy,unknown,property_manager; developer,No specific market detected; relevance remains broad.,low,Financing type keywords detected: public_subsidy. Primary topic set to gp_activity; confidence low.,30,51,sponsor expansion; classification confidence penalty,43
2026-07-28,20260728-235943-eac269a1,2026-07-28 23:58:08,NAHB Eye on Housing - Multifamily,Public Agency / Housing Data,Tier 3,national_multifamily,Other,Multifamily,"Tue, 26 May 2026 12:31:00 +0000",63,Medium,Monitor,Other / Unknown,Supply Pressure,Track Supply Pipeline,"Review this as a supply risk signal because it references new deliveries, starts, pipeline, or permits in Other / Unknown.",Medium relevance to market monitoring,Monitor only,"Included because it scored 63 and mentions construction, multifamily, starts, with a Supply Pressure angle for a broad or unspecified market.",Rent Growth Signal,21%,"First Quarter 2026 Multifamily Construction Data – Eye On Housing Skip to content First Quarter 2026 Multifamily Construction Data May 26, 2026 Robert Dietz No Comments According to NAHB analysis of quarterly Census data, the count of multifamily, for-rent housing starts increased year-over-year during the first quarter of 2026. For the quarter, 107,000 multifamily residences started construction. Of this total, 103,000 were built-for-rent. This built-for-rent total was 21% higher than in the fi",,0,Poor,No LLM prompt generated,"Rule-based interpretation: NAHB Eye on Housing - Multifamily article 'First Quarter 2026 Multifamily Construction Data' is classified as watch only for Other / Unknown. It points to supply, delivery, lease-up, or absorption conditions. Treat as a briefing input, not a standalone investment conclusion; confirm with source diversity, repeat observation, and market-specific evidence.",Development Strategy,construction; multifamily; starts,First Quarter 2026 Multifamily Construction Data,https://eyeonhousing.org/2026/05/first-quarter-2026-multifamily-construction-data/,Yes,art_bbf68370d5e8064d,Other / Unknown,other,Multifamily,market data/supply-demand; rent/occupancy/absorption,개발/인허가,개발/인허가; 운영/임대; 시장 데이터,No,article page appears accessible from collected text,No,No,standard,art_bbf68370d5e8064d,https://eyeonhousing.org/2026/05/first-quarter-2026-multifamily-construction-data/,First Quarter 2026 Multifamily Construction Data,open,open,https://eyeonhousing.org/2026/05/first-quarter-2026-multifamily-construction-data/,valid,title/source/url metadata are internally consistent,Market Intelligence,,"market, macro, research, or supply-demand article without confirmed deal or project event",repeat_penalized,63,2026-05-26,2026-07-28,63,old_31d_plus,archive,published date parsed; article age 63 day(s),5,published date parsed; article age 63 day(s); previously seen article,,,"no city, state, or market keyword detected",none,not_candidate,not a GP / capital candidate,No,,,,,,False,"no identifiable project, asset, site, address, or unit-count anchor",none,,No,,,,,,,,,supply_demand,none,none,none,effective_rent_growth; supply_pressure,none,none,unknown,developer,No specific market detected; relevance remains broad.,low,"Supply/demand terms detected: effective_rent_growth, supply_pressure. Primary topic set to supply_demand; confidence low.",30,0,classification confidence penalty,0
2026-07-28,20260728-235943-eac269a1,2026-07-28 23:58:09,NAHB Eye on Housing - Multifamily,Public Agency / Housing Data,Tier 3,national_multifamily,Other,Multifamily,"Thu, 19 Mar 2026 12:35:00 +0000",63,Medium,Monitor,Other / Unknown,Supply Pressure,Track Supply Pipeline,"Review this as a supply risk signal because it references new deliveries, starts, pipeline, or permits in Other / Unknown.",Medium relevance to market monitoring,Monitor only,"Included because it scored 63 and mentions construction, multifamily, starts, with a Supply Pressure angle for a broad or unspecified market.",Rent Growth Signal,18%,"Fourth Quarter 2025 Multifamily Construction Data – Eye On Housing Skip to content Fourth Quarter 2025 Multifamily Construction Data March 19, 2026 Robert Dietz No Comments According to NAHB analysis of quarterly Census data, the count of multifamily, for-rent housing starts increased year-over-year during the fourth quarter of 2025. For the quarter, 96,000 multifamily residences started construction. Of this total, 91,000 were built-for-rent. This built-for-rent total was 18% higher than in the",,0,Poor,No LLM prompt generated,"Rule-based interpretation: NAHB Eye on Housing - Multifamily article 'Fourth Quarter 2025 Multifamily Construction Data' is classified as watch only for Other / Unknown. It points to supply, delivery, lease-up, or absorption conditions. Treat as a briefing input, not a standalone investment conclusion; confirm with source diversity, repeat observation, and market-specific evidence.",Development Strategy,construction; multifamily; starts,Fourth Quarter 2025 Multifamily Construction Data,https://eyeonhousing.org/2026/03/fourth-quarter-2025-multifamily-construction-data/,Yes,art_695932dbcd227470,Other / Unknown,other,Multifamily,market data/supply-demand; rent/occupancy/absorption,개발/인허가,개발/인허가; 운영/임대; 시장 데이터,No,article page appears accessible from collected text,No,No,standard,art_695932dbcd227470,https://eyeonhousing.org/2026/03/fourth-quarter-2025-multifamily-construction-data/,Fourth Quarter 2025 Multifamily Construction Data,open,open,https://eyeonhousing.org/2026/03/fourth-quarter-2025-multifamily-construction-data/,valid,title/source/url metadata are internally consistent,Market Intelligence,,"market, macro, research, or supply-demand article without confirmed deal or project event",repeat_penalized,70,2026-03-19,2026-07-28,131,old_31d_plus,archive,published date parsed; article age 131 day(s),5,published date parsed; article age 131 day(s); previously seen article,,,"no city, state, or market keyword detected",none,not_candidate,not a GP / capital candidate,No,,,,,,False,"no identifiable project, asset, site, address, or unit-count anchor",none,,No,,,,,,,,,supply_demand,none,none,none,effective_rent_growth; supply_pressure,none,none,unknown,developer,No specific market detected; relevance remains broad.,low,"Supply/demand terms detected: effective_rent_growth, supply_pressure. Primary topic set to supply_demand; confidence low.",30,0,classification confidence penalty,0
2026-07-28,20260728-235943-eac269a1,2026-07-28 23:58:10,NAHB Eye on Housing - Multifamily,Public Agency / Housing Data,Tier 3,national_multifamily,Other,Multifamily,"Wed, 18 Feb 2026 16:14:47 +0000",63,Medium,Monitor,Other / Unknown,Supply Pressure,Track Supply Pipeline,"Review this as a supply risk signal because it references new deliveries, starts, pipeline, or permits in Other / Unknown.",Medium relevance to market monitoring,Monitor only,"Included because it scored 63 and mentions midwest, multifamily, starts, with a Supply Pressure angle for a broad or unspecified market.",Rent Growth Signal,0.6%; 6.9%; 4.0%; 17.4%,"Really insightful breakdown of the 2025 housing starts data. The 6.9% decline in single-family starts is concerning, especially for buyers already battling affordability challenges. What stands out to us is the regional divergence — the Northeast and Midwest posting gains while the South dropped 4.0% is a pattern we’re actively seeing on the ground with sellers. The rise in multifamily at 17.4% makes sense given where rent vs. buy economics currently sit. As a home buying company, we’re noticing",,0,Poor,No LLM prompt generated,"Rule-based interpretation: NAHB Eye on Housing - Multifamily article 'Overall Housing Starts Inch Lower in 2025' is classified as watch only for Other / Unknown. It points to supply, delivery, lease-up, or absorption conditions. Treat as a briefing input, not a standalone investment conclusion; confirm with source diversity, repeat observation, and market-specific evidence.",Supply & Demand; Development Strategy,midwest; multifamily; starts,Overall Housing Starts Inch Lower in 2025,https://eyeonhousing.org/2026/02/overall-housing-starts-inch-lower-in-2025/,Yes,art_a18108b1d53a8afa,Other / Unknown,other,Multifamily,market data/supply-demand; rent/occupancy/absorption,개발/인허가,개발/인허가; 거래/투자; 운영/임대; 시장 데이터,No,article page appears accessible from collected text,No,No,standard,art_a18108b1d53a8afa,https://eyeonhousing.org/2026/02/overall-housing-starts-inch-lower-in-2025/,Overall Housing Starts Inch Lower in 2025,open,open,https://eyeonhousing.org/2026/02/overall-housing-starts-inch-lower-in-2025/,valid,title/source/url metadata are internally consistent,Market Intelligence,,"market, macro, research, or supply-demand article without confirmed deal or project event",repeat_penalized,70,2026-02-18,2026-07-28,160,old_31d_plus,archive,published date parsed; article age 160 day(s),5,published date parsed; article age 160 day(s); previously seen article,,,"no city, state, or market keyword detected",acquisition,repeat_penalized,repeat exposure penalty; historical article over 30 days old,No,Participant not identified,,unresolved,unresolved,"No institution name detected in dictionary, title, summary, or source text.",False,"no identifiable project, asset, site, address, or unit-count anchor",none,,No,,,,,,,,,supply_demand,none,none,none,effective_rent_growth; supply_pressure,none,none,unknown,developer,No specific market detected; relevance remains broad.,low,"Supply/demand terms detected: effective_rent_growth, supply_pressure. Primary topic set to supply_demand; confidence low.",30,0,classification confidence penalty,0
2026-07-28,20260728-235943-eac269a1,2026-07-28 23:58:11,NAHB Eye on Housing - Multifamily,Public Agency / Housing Data,Tier 3,national_multifamily,Other,Multifamily,"Tue, 20 Jan 2026 13:35:00 +0000",63,Medium,Monitor,Other / Unknown,Supply Pressure,Track Supply Pipeline,"Review this as a supply risk signal because it references new deliveries, starts, pipeline, or permits in Other / Unknown.",Medium relevance to market monitoring,Monitor only,"Included because it scored 63 and mentions construction, multifamily, starts, with a Supply Pressure angle for a broad or unspecified market.",Rent Growth Signal,31%,"Third Quarter 2025 Multifamily Construction Data – Eye On Housing Skip to content Third Quarter 2025 Multifamily Construction Data January 20, 2026 Robert Dietz No Comments According to NAHB analysis of quarterly Census data, the count of multifamily, for-rent housing starts increased during the third quarter of 2025. For the quarter, 119,000 multifamily residences started construction. Of this total, 114,000 were built-for-rent. This built-for-rent total was 31% higher than the third quarter of",,0,Poor,No LLM prompt generated,"Rule-based interpretation: NAHB Eye on Housing - Multifamily article 'Third Quarter 2025 Multifamily Construction Data' is classified as watch only for Other / Unknown. It points to supply, delivery, lease-up, or absorption conditions. Treat as a briefing input, not a standalone investment conclusion; confirm with source diversity, repeat observation, and market-specific evidence.",Development Strategy,construction; multifamily; starts,Third Quarter 2025 Multifamily Construction Data,https://eyeonhousing.org/2026/01/third-quarter-2025-multifamily-construction-data/,Yes,art_7836a522c6b8b1a5,Other / Unknown,other,Multifamily,market data/supply-demand; rent/occupancy/absorption,개발/인허가,개발/인허가; 운영/임대; 시장 데이터,No,article page appears accessible from collected text,No,No,standard,art_7836a522c6b8b1a5,https://eyeonhousing.org/2026/01/third-quarter-2025-multifamily-construction-data/,Third Quarter 2025 Multifamily Construction Data,open,open,https://eyeonhousing.org/2026/01/third-quarter-2025-multifamily-construction-data/,valid,title/source/url metadata are internally consistent,Market Intelligence,,"market, macro, research, or supply-demand article without confirmed deal or project event",repeat_penalized,70,2026-01-20,2026-07-28,189,old_31d_plus,archive,published date parsed; article age 189 day(s),5,published date parsed; article age 189 day(s); previously seen article,,,"no city, state, or market keyword detected",none,not_candidate,not a GP / capital candidate,No,,,,,,False,"no identifiable project, asset, site, address, or unit-count anchor",none,,No,,,,,,,,,supply_demand,none,none,none,effective_rent_growth; supply_pressure,none,none,unknown,developer,No specific market detected; relevance remains broad.,low,"Supply/demand terms detected: effective_rent_growth, supply_pressure. Primary topic set to supply_demand; confidence low.",30,0,classification confidence penalty,0
2026-07-28,20260728-235943-eac269a1,2026-07-28 23:58:23,REBusiness Online,Site / Parcel Source Expansion,Tier 2,development_pipeline;gp_activity,Other,General Residential,2026-07-28T13:19:43Z,62,Medium,Monitor,Other / Unknown,Developer Strategy,Track Developer Strategy,"Review for developer strategy because the article may inform site selection, product type, adaptive reuse, build-to-rent, or market entry.",Medium relevance to market monitoring,Ignore unless repeated,"Included because it scored 62 and mentions cbre, construction, cushman, with a Developer Strategy angle for a broad or unspecified market.",No Clear Numeric Signal,,"Developer and builder Opus will occupy the top floor of the property in Edina. Leasing Activity Midwest Minnesota Office UBS, CBRE Sign Leases at Arcadia Office Building Under Development in Metro Minneapolis by Kristin Harlow July 28, 2026 July 28, 2026 1 EDINA, MINN. — Arcadia, a 118,000-square-foot office building currently under construction in Edina, is now 71 percent preleased. Opus broke ground on the six-story, multi-tenant property in September. Completion is slated for December of this",,0,Poor,No LLM prompt generated,"Rule-based interpretation: REBusiness Online article 'UBS, CBRE Sign Leases at Arcadia Office Building Under Development in Metro Minneapolis' is classified as watch only for Other / Unknown. It points to development execution or sponsor strategy. Treat as a briefing input, not a standalone investment conclusion; confirm with source diversity, repeat observation, and market-specific evidence.",Supply & Demand; Development Strategy; Market Players & Deals,cbre; construction; cushman; developer; development; midwest,"UBS, CBRE Sign Leases at Arcadia Office Building Under Development in Metro Minneapolis",https://rebusinessonline.com/ubs-cbre-sign-leases-at-arcadia-office-building-under-development-in-metro-minneapolis/,No,art_6adf36b47e787571,Minneapolis,watchlist_8,Multifamily,development; under construction; delivery/completion; market data/supply-demand,개발/인허가,개발/인허가; 운영/임대; 시장 데이터,No,article page appears accessible from collected text,No,Yes,standard,art_6adf36b47e787571,https://rebusinessonline.com/ubs-cbre-sign-leases-at-arcadia-office-building-under-development-in-metro-minneapolis/,"UBS, CBRE Sign Leases at Arcadia Office Building Under Development in Metro Minneapolis",open,open,https://rebusinessonline.com/ubs-cbre-sign-leases-at-arcadia-office-building-under-development-in-metro-minneapolis/,valid,title/source/url metadata are internally consistent,Development Activity,,development_project_anchor: Construction Start (execution milestone: broke ground; project/asset term: development),new_or_fresh,0,2026-07-28,2026-07-28,0,fresh_0_3d,fresh,published date parsed; article age 0 day(s),100,fresh article or no repeat penalty,,,"no city, state, or market keyword detected",none,not_candidate,not a GP / capital candidate,No,,,,,,True,execution milestone: broke ground; project/asset term: development,high,Construction Start,No,,,,,,,,,development_pipeline,none,none,construction_start; under_construction; delivery,none,none,none,development,broker; developer,No specific market detected; relevance remains broad.,low,"Development-stage terms detected: construction_start, under_construction, delivery. Primary topic set to development_pipeline; confidence low.",45,52,development continuation; classification confidence penalty,58
2026-07-28,20260728-235943-eac269a1,2026-07-28 23:59:21,Connect CRE Atlanta,Site / Parcel Source Expansion,Tier 2,development_pipeline;gp_activity;sunbelt,Other,Apartment,"Thu, 09 Jul 2026 13:44:26 +0000",62,Medium,Monitor,Atlanta / Georgia,Developer Strategy,Track Developer Strategy,"Review for developer strategy because the article may inform site selection, product type, adaptive reuse, build-to-rent, or market entry.",Medium relevance to market monitoring,Ignore unless repeated,"Included because it scored 62 and mentions apartment, apartments, multifamily, with a Developer Strategy angle for Atlanta / Georgia.",No Clear Numeric Signal,94%; $51m; $51 million,"Atlanta & Southeast News In Your Inbox Sign up for Connect emails to stay informed with CRE stories that are 150 words or less. Atlanta & Southeast + Atlanta + Apartments | July 9, 2026 By: Mike Boyd Lion Real Estate Picks Up Atlanta Apartments for $51M Lion Real Estate Group acquired Briarhill Apartments, a 292-unit multifamily community at 1470 Sheridan Rd. N.E. in Atlanta. Built in 1988, the approximately 254,624-square-foot property is on nearly 10 acres of land and is 94% occupied. The Atla",,0,Poor,No LLM prompt generated,"Rule-based interpretation: Connect CRE Atlanta article 'Lion Real Estate Picks Up Atlanta Apartments for $51M' is classified as watch only for Atlanta / Georgia. It points to development execution or sponsor strategy. Treat as a briefing input, not a standalone investment conclusion; confirm with source diversity, repeat observation, and market-specific evidence.",,apartment; apartments; multifamily,Lion Real Estate Picks Up Atlanta Apartments for $51M,https://www.connectcre.com/stories/lion-real-estate-picks-up-atlanta-apartments-for-51m/,Yes,art_7161a7fae26ee969,Atlanta,core_15,Multifamily,acquisition,개발/인허가,개발/인허가; 거래/투자,No,article page appears accessible from collected text,Yes,No,standard,art_7161a7fae26ee969,https://www.connectcre.com/stories/lion-real-estate-picks-up-atlanta-apartments-for-51m/,Lion Real Estate Picks Up Atlanta Apartments for $51M,open,open,https://www.connectcre.com/stories/lion-real-estate-picks-up-atlanta-apartments-for-51m/,valid,title/source/url metadata are internally consistent,Development Activity,GP / Capital Activity,development_project_anchor: capital event with identifiable project/asset (unit/site count: 292-unit; address/street: 1470 sheridan rd; project/asset term: community),repeat_penalized,18,2026-07-09,2026-07-28,19,old_31d_plus,old,published date parsed; article age 19 day(s),5,published date parsed; article age 19 day(s); previously seen article,Atlanta,Georgia,matched city/metro keyword: Atlanta,acquisition,repeat_penalized,repeat exposure penalty; historical article over 30 days old,No,Participant not identified,,unresolved,unresolved,"No institution name detected in dictionary, title, summary, or source text.",True,unit/site count: 292-unit; address/street: 1470 sheridan rd; project/asset term: community,high,Project / Asset,No,,,,,,,,,transaction_market,capital_markets; supply_demand,acquisition,none,occupancy,none,none,unknown,developer,Market reference detected as Atlanta / Georgia.,medium,Capital event keywords detected: acquisition. Supply/demand terms detected: occupancy. Primary topic set to transaction_market; confidence medium.,75,18,institutional acquisition behavior,0
2026-07-28,20260728-235943-eac269a1,2026-07-28 23:57:54,Multifamily Dive,Core Multifamily News,Tier 1,national_multifamily,Other,Apartment,"Tue, 28 Jul 2026 15:18:00 -0400",59,Low,Monitor,National,Supply Pressure,Track Supply Pipeline,"Review this as a supply risk signal because it references new deliveries, starts, pipeline, or permits in National.",Low relevance / background information,Ignore unless repeated,"Included because it scored 59 and mentions apartment, construction, deliveries, with a Supply Pressure angle for National.",No Clear Numeric Signal,,"An article from Share of high-density apartment projects grew in 2025: NAHB The South saw the most apartment deliveries overall, while the Northeast recorded the biggest increase in high-density construction, per the NAHB’s analysis of the Census Bureau’s annual survey. Published July 28, 2026 Julie Strupp Senior Editor Share Copy link Email LinkedIn X/Twitter Facebook Print License Add us on Google Getty Images Listen to the article 4 min This audio is auto-generated. Please let us know if you ",,0,Poor,No LLM prompt generated,"Rule-based interpretation: Multifamily Dive article 'Share of high-density apartment projects grew in 2025: NAHB' is classified as watch only for National. It points to supply, delivery, lease-up, or absorption conditions. Treat as a briefing input, not a standalone investment conclusion; confirm with source diversity, repeat observation, and market-specific evidence.",Development Strategy,apartment; construction; deliveries,Share of high-density apartment projects grew in 2025: NAHB,https://www.multifamilydive.com/news/high-density-apartment-projects-construction-census-2025/826372/,No,art_72479dc8ff89f8a2,Other / Unknown,other,Multifamily,delivery/completion; market data/supply-demand,개발/인허가,개발/인허가; 운영/임대; 시장 데이터,No,article page appears accessible from collected text,No,No,standard,art_72479dc8ff89f8a2,https://www.multifamilydive.com/news/high-density-apartment-projects-construction-census-2025/826372/,Share of high-density apartment projects grew in 2025: NAHB,open,open,https://www.multifamilydive.com/news/high-density-apartment-projects-construction-census-2025/826372/,valid,title/source/url metadata are internally consistent,Market Intelligence,Development Activity,market_macro_guard: survey without project anchor,new_or_fresh,0,2026-07-28,2026-07-28,0,fresh_0_3d,fresh,published date parsed; article age 0 day(s),100,fresh article or no repeat penalty,,,used broad market bucket: National,none,not_candidate,not a GP / capital candidate,No,,,,,,False,"no identifiable project, asset, site, address, or unit-count anchor",none,,No,,,,,,,,,supply_demand,none,none,none,supply_pressure,none,none,unknown,developer,Market reference detected as National.,low,Supply/demand terms detected: supply_pressure. Primary topic set to supply_demand; confidence low.,45,36,classification confidence penalty,36
2026-07-28,20260728-235943-eac269a1,2026-07-28 23:57:57,Yield PRO,Core Multifamily News,Tier 1,lease_up_supply;national_multifamily,Other,Affordable Housing,"Sat, 25 Jul 2026 15:59:57 +0000",59,Low,Monitor,Los Angeles / California,Rent Growth / Demand; Developer Strategy,Track Rent / Vacancy Trend; Track Developer Strategy,"Track rent and vacancy conditions because the article points to demand, occupancy, rent, vacancy, or concession signals in Los Angeles / California.",Low relevance / background information,Ignore unless repeated,"Included because it scored 59 and mentions affordable housing, developer, development, with a Rent Growth / Demand; Developer Strategy angle for Los Angeles / California.",No Clear Numeric Signal,,"Deal boom News Facebook Twitter Linkedin Logos Faith Development , a leading Los Angeles-based affordable housing developer partnering with faith communities across Southern California, announced a landmark growth milestone: 15 groundbreakings planned across 2026, 2027 and 2028. The accelerated development schedule is aligned with elevated demand for affordable housing and positions the firm as one of the most active and rapidly scaling affordable housing developers in the region, now competing ",,0,Poor,No LLM prompt generated,"Rule-based interpretation: Yield PRO article 'Logos Faith Development Has Signed Long-Term Headquarters Lease Cementing Their Presence in Affordable Housing Development' is classified as watch only for Los Angeles / California. It points to development execution or sponsor strategy. Treat as a briefing input, not a standalone investment conclusion; confirm with source diversity, repeat observation, and market-specific evidence.",Development Strategy; Policy & Regulation,affordable housing; developer; development; groundbreaking,Logos Faith Development Has Signed Long-Term Headquarters Lease Cementing Their Presence in Affordable Housing Development,https://yieldpro.com/2026/07/515-figueroa/,Yes,art_a7d615ea9a8dc812,Los Angeles / Southern California,core_15,Affordable Housing,development; construction start; policy/regulation; market data/supply-demand; rent/occupancy/absorption,개발/인허가,개발/인허가; 운영/임대; 시장 데이터,No,article page appears accessible from collected text,Yes,No,standard,art_a7d615ea9a8dc812,https://yieldpro.com/2026/07/515-figueroa/,Logos Faith Development Has Signed Long-Term Headquarters Lease Cementing Their Presence in Affordable Housing Development,open,open,https://yieldpro.com/2026/07/515-figueroa/,valid,title/source/url metadata are internally consistent,Development Activity,,development_project_anchor: Construction Start (execution milestone: groundbreaking; project/asset term: development),acceptable_repeat,2,2026-07-25,2026-07-28,3,fresh_0_3d,fresh,published date parsed; article age 3 day(s),74,previously seen article,Los Angeles,California,matched city/metro keyword: Los Angeles,none,not_candidate,not a GP / capital candidate,No,,,,,,True,execution milestone: groundbreaking; project/asset term: development,high,Construction Start,No,,,,,,,,,development_pipeline,supply_demand,none,construction_start,effective_rent_growth,none,none,affordable_housing; development,developer,Market reference detected as Los Angeles / California.,medium,Development-stage terms detected: construction_start. Supply/demand terms detected: effective_rent_growth. Primary topic set to development_pipeline; confidence medium.,60,50,general market observation with limited strategic behavior evidence,48
2026-07-28,20260728-235943-eac269a1,2026-07-28 23:57:58,Yield PRO,Core Multifamily News,Tier 1,lease_up_supply;national_multifamily,Other,Affordable Housing,"Fri, 24 Jul 2026 16:04:48 +0000",59,Low,Monitor,Los Angeles / California,Rent Growth / Demand; Developer Strategy,Track Rent / Vacancy Trend; Track Developer Strategy,"Track rent and vacancy conditions because the article points to demand, occupancy, rent, vacancy, or concession signals in Los Angeles / California.",Low relevance / background information,Ignore unless repeated,"Included because it scored 59 and mentions affordable housing, developer, development, with a Rent Growth / Demand; Developer Strategy angle for Los Angeles / California.",No Clear Numeric Signal,,"Deal boom News Facebook Twitter Linkedin Logos Faith Development , a leading Los Angeles-based affordable housing developer partnering with faith communities across Southern California, announced a landmark growth milestone: 15 groundbreakings planned across 2026, 2027 and 2028. The accelerated development schedule is aligned with elevated demand for affordable housing and positions the firm as one of the most active and rapidly scaling affordable housing developers in the region, now competing ",,0,Poor,No LLM prompt generated,"Rule-based interpretation: Yield PRO article 'Logos Faith Development Secures Central Location to HQ Affordable Housing Presence in Los Angeles California' is classified as watch only for Los Angeles / California. It points to development execution or sponsor strategy. Treat as a briefing input, not a standalone investment conclusion; confirm with source diversity, repeat observation, and market-specific evidence.",Development Strategy; Policy & Regulation,affordable housing; developer; development; groundbreaking,Logos Faith Development Secures Central Location to HQ Affordable Housing Presence in Los Angeles California,https://yieldpro.com/2026/07/saint-rest-apartments-phase-1/,Yes,art_5448669491421870,Los Angeles / Southern California,core_15,Affordable Housing,development; construction start; policy/regulation; market data/supply-demand; rent/occupancy/absorption,개발/인허가,개발/인허가; 운영/임대; 시장 데이터,No,article page appears accessible from collected text,Yes,No,standard,art_5448669491421870,https://yieldpro.com/2026/07/saint-rest-apartments-phase-1/,Logos Faith Development Secures Central Location to HQ Affordable Housing Presence in Los Angeles California,open,open,https://yieldpro.com/2026/07/saint-rest-apartments-phase-1/,valid,title/source/url metadata are internally consistent,Development Activity,,development_project_anchor: Construction Start (execution milestone: groundbreaking; project/asset term: development),acceptable_repeat,3,2026-07-24,2026-07-28,4,fresh_0_3d,fresh,published date parsed; article age 4 day(s),70,previously seen article,Los Angeles,California,matched city/metro keyword: Los Angeles,none,not_candidate,not a GP / capital candidate,No,,,,,,True,execution milestone: groundbreaking; project/asset term: development,high,Construction Start,No,,,,,,,,,development_pipeline,supply_demand,none,construction_start,effective_rent_growth,none,none,affordable_housing; development,developer,Market reference detected as Los Angeles / California.,medium,Development-stage terms detected: construction_start. Supply/demand terms detected: effective_rent_growth. Primary topic set to development_pipeline; confidence medium.,60,50,general market observation with limited strategic behavior evidence,48
2026-07-28,20260728-235943-eac269a1,2026-07-28 23:57:59,Commercial Observer,Core Multifamily News,Tier 1,national_multifamily,Other,Senior Housing,"Tue, 28 Jul 2026 15:46:19 +0000",59,Low,Monitor,National,Institutional Flow,Track Institutional Capital Flow,"Track this as institutional capital flow because it mentions major capital players, portfolio transactions, deal size, or cap-rate signals.",High relevance to US residential developer strategy,Add to weekly strategy memo,"Included because it scored 59 and mentions acquisition, capital markets, senior housing, with a Institutional Flow angle for National.",Deal Size Signal,$1.91 billion,"Residential · Senior Living National Capital Markets · Earnings Welltower Reports Revenue and Income Growth From Senior Housing Investments By Mark Hallum July 28, 2026 11:46 am reprints Welltower CEO Shankh Mitra. PHOTO: Courtesy Welltower; PHOTO ILLUSTRATION: Thomas Fuller/SOPA Images/LightRocket via Getty Images Welltower , an investment firm focused on senior and assisted living communities, reported continued balance sheet improvement in the second quarter of 2026. In a Tuesday earnings cal","You are a strategic research analyst for Woomi / Woomi Global.
Analyze the following US multifamily housing article for developer strategy.

Article context:
- Title: Welltower Reports Revenue and Income Growth From Senior Housing Investments
- Source: Commercial Observer
- URL: https://commercialobserver.com/2026/07/welltower-q2-2026-earnings-call/
- Market focus: National
- Strategic angle: Institutional Flow
- Market signal: Deal Size Signal
- Extracted numbers: $1.91 billion
- Strategic implication: Track this as institutional capital flow because it mentions major capital players, portfolio transactions, deal size, or cap-rate signals.
- Woomi relevance: High relevance to US residential developer strategy

Please answer in concise bullet points:
1. Why does this article matter for a US multifamily developer?
2. What is the implication for Woomi / Woomi Global?
3. What risk or opportunity does this indicate?
4. What follow-up question should the strategy team ask?",98,Excellent,None,"Rule-based interpretation: Commercial Observer article 'Welltower Reports Revenue and Income Growth From Senior Housing Investments' is classified as watch only for National. It points to institutional capital movement or transaction activity. Treat as a briefing input, not a standalone investment conclusion; confirm with source diversity, repeat observation, and market-specific evidence.",Macro & Financing; Market Players & Deals,acquisition; capital markets; senior housing,Welltower Reports Revenue and Income Growth From Senior Housing Investments,https://commercialobserver.com/2026/07/welltower-q2-2026-earnings-call/,No,art_87d67dcc50f51f11,Other / Unknown,other,Senior Housing,acquisition,거래/투자,거래/투자; 시장 데이터,No,article page appears accessible from collected text,No,No,standard,art_87d67dcc50f51f11,https://commercialobserver.com/2026/07/welltower-q2-2026-earnings-call/,Welltower Reports Revenue and Income Growth From Senior Housing Investments,open,open,https://commercialobserver.com/2026/07/welltower-q2-2026-earnings-call/,valid,title/source/url metadata are internally consistent,Development Activity,GP / Capital Activity,development_project_anchor: capital event with identifiable project/asset (project/asset term: senior housing),new_or_fresh,0,2026-07-28,2026-07-28,0,fresh_0_3d,fresh,published date parsed; article age 0 day(s),100,fresh article or no repeat penalty,,,used broad market bucket: National,acquisition,new_candidate,selected or retained for GP / capital review,Yes,Participant not identified,,unresolved,unresolved,"No institution name detected in dictionary, title, summary, or source text.",True,project/asset term: senior housing,medium,Project / Asset,No,,,,,,,,,transaction_market,capital_markets; institutional_capital,acquisition,none,none,gp_acquisition,none,senior_housing,lender,Market reference detected as National.,medium,Capital event keywords detected: acquisition. Institutional activity terms detected: gp_acquisition. Primary topic set to transaction_market; confidence medium.,70,67,institutional acquisition behavior,73
2026-07-28,20260728-235943-eac269a1,2026-07-28 23:58:08,NAHB Eye on Housing - Multifamily,Public Agency / Housing Data,Tier 3,national_multifamily,Other,Multifamily,"Thu, 07 May 2026 17:19:52 +0000",59,Low,Monitor,National,Developer Strategy,Track Developer Strategy,"Review for developer strategy because the article may inform site selection, product type, adaptive reuse, build-to-rent, or market entry.",Low relevance / background information,Ignore unless repeated,"Included because it scored 59 and mentions construction, multifamily, with a Developer Strategy angle for National.",No Clear Numeric Signal,1.7%; 3.6%,"Private Residential Construction Spending Increases in March – Eye On Housing Skip to content Private Residential Construction Spending Increases in March May 7, 2026 Na Zhao No Comments Private residential construction spending was up 1.7% in March 2026, following two straight months of declines. The increase was broad-based, with gains in single-family, multifamily construction, and home improvement spending. Moreover, total private residential construction spending was 3.6% higher than a year",,0,Poor,No LLM prompt generated,"Rule-based interpretation: NAHB Eye on Housing - Multifamily article 'Private Residential Construction Spending Increases in March' is classified as watch only for National. It points to development execution or sponsor strategy. Treat as a briefing input, not a standalone investment conclusion; confirm with source diversity, repeat observation, and market-specific evidence.",Development Strategy,construction; multifamily,Private Residential Construction Spending Increases in March,https://eyeonhousing.org/2026/05/private-residential-construction-spending-increases-in-march/,Yes,art_2db52c7e91be745a,Other / Unknown,other,Multifamily,,개발/인허가,개발/인허가; 시장 데이터,No,article page appears accessible from collected text,No,No,standard,art_2db52c7e91be745a,https://eyeonhousing.org/2026/05/private-residential-construction-spending-increases-in-march/,Private Residential Construction Spending Increases in March,open,open,https://eyeonhousing.org/2026/05/private-residential-construction-spending-increases-in-march/,valid,title/source/url metadata are internally consistent,Market Intelligence,,"generic policy, market, or research article excluded from Development Activity",repeat_penalized,70,2026-05-07,2026-07-28,82,old_31d_plus,archive,published date parsed; article age 82 day(s),5,published date parsed; article age 82 day(s); previously seen article,,,used broad market bucket: National,none,not_candidate,not a GP / capital candidate,No,,,,,,False,"no identifiable project, asset, site, address, or unit-count anchor",none,,No,,,,,,,,,gp_activity,none,none,none,none,none,none,unknown,developer,Market reference detected as National.,unknown,No clear rule-based event keyword was detected. Primary topic set to gp_activity; confidence unknown.,45,0,classification confidence penalty,0
2026-07-28,20260728-235943-eac269a1,2026-07-28 23:58:12,NAHB Eye on Housing - Multifamily,Public Agency / Housing Data,Tier 3,national_multifamily,Other,Multifamily,"Mon, 17 Nov 2025 17:07:18 +0000",59,Low,Monitor,National,Developer Strategy,Track Developer Strategy,"Review for developer strategy because the article may inform site selection, product type, adaptive reuse, build-to-rent, or market entry.",Low relevance / background information,Ignore unless repeated,"Included because it scored 59 and mentions construction, multifamily, with a Developer Strategy angle for National.",No Clear Numeric Signal,0.8%; 2%; 0.4%; 1.1%,"August Private Residential Construction Spending Edges Higher – Eye On Housing Skip to content August Private Residential Construction Spending Edges Higher November 17, 2025 Na Zhao No Comments Private residential construction spending inched up 0.8% in August, continuing steady growth since June 2025. This modest increase was primarily driven by more spending on multifamily construction and home improvements. However, total spending was 2% lower than a year ago, as the housing sector continues",,0,Poor,No LLM prompt generated,"Rule-based interpretation: NAHB Eye on Housing - Multifamily article 'August Private Residential Construction Spending Edges Higher' is classified as watch only for National. It points to development execution or sponsor strategy. Treat as a briefing input, not a standalone investment conclusion; confirm with source diversity, repeat observation, and market-specific evidence.",Development Strategy,construction; multifamily,August Private Residential Construction Spending Edges Higher,https://eyeonhousing.org/2025/11/august-private-residential-construction-spending-edges-higer/,Yes,art_ff1b3d5a64eb0acc,Other / Unknown,other,Multifamily,,개발/인허가,개발/인허가; 시장 데이터,No,article page appears accessible from collected text,No,No,standard,art_ff1b3d5a64eb0acc,https://eyeonhousing.org/2025/11/august-private-residential-construction-spending-edges-higer/,August Private Residential Construction Spending Edges Higher,open,open,https://eyeonhousing.org/2025/11/august-private-residential-construction-spending-edges-higer/,valid,title/source/url metadata are internally consistent,Market Intelligence,,"generic policy, market, or research article excluded from Development Activity",repeat_penalized,70,2025-11-17,2026-07-28,253,old_31d_plus,archive,published date parsed; article age 253 day(s),5,published date parsed; article age 253 day(s); previously seen article,,,used broad market bucket: National,none,not_candidate,not a GP / capital candidate,No,,,,,,False,"no identifiable project, asset, site, address, or unit-count anchor",none,,No,,,,,,,,,gp_activity,none,none,none,none,none,none,unknown,developer,Market reference detected as National.,unknown,No clear rule-based event keyword was detected. Primary topic set to gp_activity; confidence unknown.,45,0,classification confidence penalty,0
2026-07-28,20260728-235943-eac269a1,2026-07-28 23:57:55,Multifamily Executive,Core Multifamily News,Tier 1,national_multifamily,Other,Multifamily,"Thu, 25 Jun 2026 15:50:39 +0000",58,Low,Monitor,Other / Unknown,Rent Growth / Demand; Institutional Flow,Track Rent / Vacancy Trend; Track Institutional Capital Flow,"Track rent and vacancy conditions because the article points to demand, occupancy, rent, vacancy, or concession signals in Other / Unknown.",Low relevance / background information,Monitor only,"Included because it scored 58 and mentions multifamily, renter, renters, with a Rent Growth / Demand; Institutional Flow angle for a broad or unspecified market.",Rent Growth Signal,"60%; 57%; 8%; $4,000; $90; $150; 250 units","eBook 2026 Resident Experience Management Report Cover_Zego.png Resident retention is moving in the wrong direction at exactly the moment multifamily operators can least afford it. After reaching 60% in 2024, average retention rates have slipped to 57%. That three-point decline might look modest on a spreadsheet, but with turnover costing operators roughly $4,000 per unit, even a small dip in performance adds up to a significant hit to NOI across a portfolio. While property managers frequently a",,0,Poor,No LLM prompt generated,"Rule-based interpretation: Multifamily Executive article '2026 Resident Experience Management Report' is classified as watch only for Other / Unknown. It points to institutional capital movement or transaction activity. Treat as a briefing input, not a standalone investment conclusion; confirm with source diversity, repeat observation, and market-specific evidence.",,multifamily; renter; renters,2026 Resident Experience Management Report,https://www.multifamilyexecutive.com/premium/whitepaper/753766,Yes,art_266f44ae4fd99ed0,Other / Unknown,other,Multifamily,market data/supply-demand; rent/occupancy/absorption,운영/임대,운영/임대; 시장 데이터,No,article page appears accessible from collected text,No,No,standard,art_266f44ae4fd99ed0,https://www.multifamilyexecutive.com/premium/whitepaper/753766,2026 Resident Experience Management Report,open,open,https://www.multifamilyexecutive.com/premium/whitepaper/753766,low_value_promotional,promotional/event keyword: whitepaper,Excluded,,low_value_promotional: promotional/event keyword: whitepaper,repeat_penalized,26,2026-06-25,2026-07-28,33,old_31d_plus,old,published date parsed; article age 33 day(s),0,published date parsed; article age 33 day(s); previously seen article; article integrity penalty,,,"no city, state, or market keyword detected",asset_management_operator_activity,repeat_penalized,repeat exposure penalty; article integrity issue; historical article over 30 days old,No,Participant not identified,,unresolved,unresolved,"No institution name detected in dictionary, title, summary, or source text.",False,"no identifiable project, asset, site, address, or unit-count anchor",none,,No,,,,,,,,,supply_demand,none,none,none,effective_rent_growth,none,none,unknown,operator; property_manager,No specific market detected; relevance remains broad.,low,Supply/demand terms detected: effective_rent_growth. Primary topic set to supply_demand; confidence low. Operator/property management activity detected.,45,0,sponsor expansion; institutional acquisition behavior; integrity penalty; classification confidence penalty,0
2026-07-28,20260728-235943-eac269a1,2026-07-28 23:58:08,NAHB Eye on Housing - Multifamily,Public Agency / Housing Data,Tier 3,national_multifamily,Other,Multifamily,"Thu, 07 May 2026 14:05:00 +0000",58,Low,Monitor,National,Rent Growth / Demand; Developer Strategy,Track Rent / Vacancy Trend; Track Developer Strategy,"Track rent and vacancy conditions because the article points to demand, occupancy, rent, vacancy, or concession signals in National.",Low relevance / background information,Ignore unless repeated,"Included because it scored 58 and mentions developer, multifamily, occupancy, with a Rent Growth / Demand; Developer Strategy angle for National.",No Clear Numeric Signal,,"Multifamily Developer Confidence Holds Steady in First Quarter – Eye On Housing Skip to content Multifamily Developer Confidence Holds Steady in First Quarter May 7, 2026 Eric Lynch No Comments Overall confidence in the market for new multifamily housing held steady year-over-year in the first quarter, according to the Multifamily Market Survey (MMS) by the National Association of Home Builders (NAHB). The MMS produces two separate indices. The Multifamily Production Index (MPI) had a reading of",,0,Poor,No LLM prompt generated,"Rule-based interpretation: NAHB Eye on Housing - Multifamily article 'Multifamily Developer Confidence Holds Steady in First Quarter' is classified as watch only for National. It points to development execution or sponsor strategy. Treat as a briefing input, not a standalone investment conclusion; confirm with source diversity, repeat observation, and market-specific evidence.",Supply & Demand; Development Strategy,developer; multifamily; occupancy,Multifamily Developer Confidence Holds Steady in First Quarter,https://eyeonhousing.org/2026/05/multifamily-developer-confidence-holds-steady-in-first-quarter/,Yes,art_bc070197f2b95c92,Other / Unknown,other,Multifamily,market data/supply-demand; rent/occupancy/absorption,개발/인허가,개발/인허가; 운영/임대; 시장 데이터,No,article page appears accessible from collected text,No,No,standard,art_bc070197f2b95c92,https://eyeonhousing.org/2026/05/multifamily-developer-confidence-holds-steady-in-first-quarter/,Multifamily Developer Confidence Holds Steady in First Quarter,open,open,https://eyeonhousing.org/2026/05/multifamily-developer-confidence-holds-steady-in-first-quarter/,valid,title/source/url metadata are internally consistent,Market Intelligence,,"market_macro_guard: rent, demand, vacancy, absorption, or leasing article without project anchor",repeat_penalized,70,2026-05-07,2026-07-28,82,old_31d_plus,archive,published date parsed; article age 82 day(s),5,published date parsed; article age 82 day(s); previously seen article,,,used broad market bucket: National,none,not_candidate,not a GP / capital candidate,No,,,,,,False,"no identifiable project, asset, site, address, or unit-count anchor",none,,Yes,demand,matched rent/demand keyword: developer confidence,,,,,,,supply_demand,none,none,none,effective_rent_growth; occupancy,none,none,unknown,developer,Market reference detected as National.,low,"Supply/demand terms detected: effective_rent_growth, occupancy. Primary topic set to supply_demand; confidence low.",45,0,lease-up or absorption behavior; classification confidence penalty,0
2026-07-28,20260728-235943-eac269a1,2026-07-28 23:58:12,NAHB Eye on Housing - Multifamily,Public Agency / Housing Data,Tier 3,national_multifamily,Other,Multifamily,"Thu, 06 Nov 2025 15:00:00 +0000",58,Low,Monitor,National,Rent Growth / Demand; Developer Strategy,Track Rent / Vacancy Trend; Track Developer Strategy,"Track rent and vacancy conditions because the article points to demand, occupancy, rent, vacancy, or concession signals in National.",Low relevance / background information,Ignore unless repeated,"Included because it scored 58 and mentions developer, multifamily, occupancy, with a Rent Growth / Demand; Developer Strategy angle for National.",No Clear Numeric Signal,,"Multifamily Developer Confidence Increases in Third Quarter, But Still in Negative Territory – Eye On Housing Skip to content Multifamily Developer Confidence Increases in Third Quarter, But Still in Negative Territory November 6, 2025 Eric Lynch No Comments Confidence in the market for new multifamily housing increased year-over-year in the third quarter, according to the Multifamily Market Survey (MMS) released today by the National Association of Home Builders (NAHB). The MMS produces two sep",,0,Poor,No LLM prompt generated,"Rule-based interpretation: NAHB Eye on Housing - Multifamily article 'Multifamily Developer Confidence Increases in Third Quarter, But Still in Negative Territory' is classified as watch only for National. It points to development execution or sponsor strategy. Treat as a briefing input, not a standalone investment conclusion; confirm with source diversity, repeat observation, and market-specific evidence.",Supply & Demand; Development Strategy,developer; multifamily; occupancy,"Multifamily Developer Confidence Increases in Third Quarter, But Still in Negative Territory",https://eyeonhousing.org/2025/11/multifamily-developer-confidence-increases-in-third-quarter-but-still-in-negative-territory/,Yes,art_5050055a560fdbaa,Other / Unknown,other,Multifamily,market data/supply-demand; rent/occupancy/absorption,개발/인허가,개발/인허가; 운영/임대; 시장 데이터,No,article page appears accessible from collected text,No,No,standard,art_5050055a560fdbaa,https://eyeonhousing.org/2025/11/multifamily-developer-confidence-increases-in-third-quarter-but-still-in-negative-territory/,"Multifamily Developer Confidence Increases in Third Quarter, But Still in Negative Territory",open,open,https://eyeonhousing.org/2025/11/multifamily-developer-confidence-increases-in-third-quarter-but-still-in-negative-territory/,valid,title/source/url metadata are internally consistent,Market Intelligence,,"market_macro_guard: rent, demand, vacancy, absorption, or leasing article without project anchor",repeat_penalized,70,2025-11-06,2026-07-28,264,old_31d_plus,archive,published date parsed; article age 264 day(s),5,published date parsed; article age 264 day(s); previously seen article,,,used broad market bucket: National,none,not_candidate,not a GP / capital candidate,No,,,,,,False,"no identifiable project, asset, site, address, or unit-count anchor",none,,Yes,demand,matched rent/demand keyword: developer confidence,,,,,,,supply_demand,none,none,none,effective_rent_growth; occupancy,none,none,unknown,developer,Market reference detected as National.,low,"Supply/demand terms detected: effective_rent_growth, occupancy. Primary topic set to supply_demand; confidence low.",45,0,lease-up or absorption behavior; classification confidence penalty,0
2026-07-28,20260728-235943-eac269a1,2026-07-28 23:58:06,NAHB Eye on Housing - Multifamily,Public Agency / Housing Data,Tier 3,national_multifamily,Other,Multifamily,"Tue, 02 Jun 2026 14:00:00 +0000",57,Low,Monitor,Other / Unknown,Financing Risk; Cost Control,Track Financing Conditions; Track Construction Cost,"Monitor financing conditions because the article includes construction, interest rate, multifamily and no specific number, which may affect construction loans, refinancing risk, and exit cap rates.",Low relevance / background information,Ignore unless repeated,"Included because it scored 57 and mentions construction, interest rate, multifamily, with a Financing Risk; Cost Control angle for a broad or unspecified market.",No Clear Numeric Signal,,"HBGI Q1 2026: Single-Family Construction Slips Across All Geographies – Eye On Housing Skip to content HBGI Q1 2026: Single-Family Construction Slips Across All Geographies June 2, 2026 Catherine Koh No Comments Single-family construction declined across all geographies in the first quarter of 2026, according to the latest Home Building Geography Index (HBGI), as elevated interest rates, rising material costs, and labor shortages slowed home building activities at the start of the year. Meanwhil",,0,Poor,No LLM prompt generated,"Rule-based interpretation: NAHB Eye on Housing - Multifamily article 'HBGI Q1 2026: Single-Family Construction Slips Across All Geographies' is classified as watch only for Other / Unknown. It points to financing, refinancing, or debt-market conditions. Treat as a briefing input, not a standalone investment conclusion; confirm with source diversity, repeat observation, and market-specific evidence.",Macro & Financing; Development Strategy,construction; interest rate; multifamily,HBGI Q1 2026: Single-Family Construction Slips Across All Geographies,https://eyeonhousing.org/2026/06/hbgi-q1-2026-single-family-construction-slips-across-all-geographies/,Yes,art_98021111f61f5cfe,Other / Unknown,other,Multifamily,construction cost,개발/인허가,개발/인허가; 시장 데이터,No,article page appears accessible from collected text,No,No,standard,art_98021111f61f5cfe,https://eyeonhousing.org/2026/06/hbgi-q1-2026-single-family-construction-slips-across-all-geographies/,HBGI Q1 2026: Single-Family Construction Slips Across All Geographies,open,open,https://eyeonhousing.org/2026/06/hbgi-q1-2026-single-family-construction-slips-across-all-geographies/,valid,title/source/url metadata are internally consistent,Market Intelligence,,market_macro_guard: index without project anchor,repeat_penalized,54,2026-06-02,2026-07-28,56,old_31d_plus,old,published date parsed; article age 56 day(s),5,published date parsed; article age 56 day(s); previously seen article,,,"no city, state, or market keyword detected",debt_financing,repeat_penalized,repeat exposure penalty; historical article over 30 days old,No,Participant not identified,,unresolved,unresolved,"No institution name detected in dictionary, title, summary, or source text.",False,"no identifiable project, asset, site, address, or unit-count anchor",none,,No,,,,,,,,,macro_financing,none,none,none,none,none,none,unknown,lender; developer,No specific market detected; treated as broader capital markets context.,unknown,No clear rule-based event keyword was detected. Primary topic set to macro_financing; confidence unknown.,30,0,classification confidence penalty,0
2026-07-28,20260728-235943-eac269a1,2026-07-28 23:58:09,NAHB Eye on Housing - Multifamily,Public Agency / Housing Data,Tier 3,national_multifamily,Other,Multifamily,"Mon, 30 Mar 2026 15:01:25 +0000",57,Low,Monitor,Other / Unknown,Institutional Flow,Track Institutional Capital Flow,"Track this as institutional capital flow because it mentions major capital players, portfolio transactions, deal size, or cap-rate signals.",Low relevance / background information,Ignore unless repeated,"Included because it scored 57 and mentions construction, multifamily, sale, with a Institutional Flow angle for a broad or unspecified market.",No Clear Numeric Signal,,"NAHB HBGI: Micro Markets Lone Bright Spot for Single-Family Building in Fourth Quarter – Eye On Housing Skip to content NAHB HBGI: Micro Markets Lone Bright Spot for Single-Family Building in Fourth Quarter March 30, 2026 Jesse Wade No Comments Single-family construction declined further in the fourth quarter in all but sparsely populated micro counties, according to the NAHB Home Building Geography Index (HBGI). Meanwhile, multifamily construction showed growth in all markets for the first time",,0,Poor,No LLM prompt generated,"Rule-based interpretation: NAHB Eye on Housing - Multifamily article 'NAHB HBGI: Micro Markets Lone Bright Spot for Single-Family Building in Fourth Quarter' is classified as watch only for Other / Unknown. It points to institutional capital movement or transaction activity. Treat as a briefing input, not a standalone investment conclusion; confirm with source diversity, repeat observation, and market-specific evidence.",Macro & Financing; Development Strategy; Market Players & Deals,construction; multifamily; sale,NAHB HBGI: Micro Markets Lone Bright Spot for Single-Family Building in Fourth Quarter,https://eyeonhousing.org/2026/03/nahb-hbgi-micro-markets-lone-bright-spot-for-single-family-building-in-fourth-quarter/,Yes,art_d4039cdfbf50dd7d,Other / Unknown,other,Multifamily,,개발/인허가,개발/인허가; 거래/투자; 시장 데이터,No,article page appears accessible from collected text,No,No,standard,art_d4039cdfbf50dd7d,https://eyeonhousing.org/2026/03/nahb-hbgi-micro-markets-lone-bright-spot-for-single-family-building-in-fourth-quarter/,NAHB HBGI: Micro Markets Lone Bright Spot for Single-Family Building in Fourth Quarter,open,open,https://eyeonhousing.org/2026/03/nahb-hbgi-micro-markets-lone-bright-spot-for-single-family-building-in-fourth-quarter/,valid,title/source/url metadata are internally consistent,Market Intelligence,,market_macro_guard: index without project anchor,repeat_penalized,70,2026-03-30,2026-07-28,120,old_31d_plus,archive,published date parsed; article age 120 day(s),5,published date parsed; article age 120 day(s); previously seen article,,,"no city, state, or market keyword detected",disposition_exit,repeat_penalized,repeat exposure penalty; historical article over 30 days old,No,Participant not identified,,unresolved,unresolved,"No institution name detected in dictionary, title, summary, or source text.",False,"no identifiable project, asset, site, address, or unit-count anchor",none,,No,,,,,,,,,macro_financing,none,none,none,none,none,none,unknown,lender; developer,No specific market detected; treated as broader capital markets context.,unknown,No clear rule-based event keyword was detected. Primary topic set to macro_financing; confidence unknown.,30,0,classification confidence penalty,0
2026-07-28,20260728-235943-eac269a1,2026-07-28 23:58:35,Connect CRE Apartments,Site / Parcel Source Expansion,Tier 2,development_pipeline;gp_activity;national_multifamily,Other,Apartment,"Tue, 28 Jul 2026 18:54:14 +0000",57,Low,Monitor,Seattle,Developer Strategy,Track Developer Strategy,"Review for developer strategy because the article may inform site selection, product type, adaptive reuse, build-to-rent, or market entry.",Low relevance / background information,Ignore unless repeated,"Included because it scored 57 and mentions apartment, apartments, multifamily, with a Developer Strategy angle for Seattle.",No Clear Numeric Signal,,"Seattle & Northwest CRE News In Your Inbox. Sign up for Connect emails to stay informed with CRE stories that are 150 words or less. Seattle & Northwest + Portland + Apartments | July 28, 2026 By: Jasmine Kilman Sentinel Real Estate Acquires Oregon Apartment Community Sentinel Real Estate has acquired Willow Apartments, an upscale mid-rise multifamily community located in Lake Oswego, Oregon, just southeast of downtown Portland. Completed in 2024, the property is a 158-unit, five-story building ",,0,Poor,No LLM prompt generated,"Rule-based interpretation: Connect CRE Apartments article 'Sentinel Real Estate Acquires Oregon Apartment Community' is classified as watch only for Seattle. It points to development execution or sponsor strategy. Treat as a briefing input, not a standalone investment conclusion; confirm with source diversity, repeat observation, and market-specific evidence.",,apartment; apartments; multifamily,Sentinel Real Estate Acquires Oregon Apartment Community,https://www.connectcre.com/stories/sentinel-real-estate-acquires-oregon-apartment-community/,No,art_907351c19f50e7f1,Seattle,core_15,Multifamily,delivery/completion; acquisition,개발/인허가,개발/인허가; 거래/투자,No,article page appears accessible from collected text,Yes,No,standard,art_907351c19f50e7f1,https://www.connectcre.com/stories/sentinel-real-estate-acquires-oregon-apartment-community/,Sentinel Real Estate Acquires Oregon Apartment Community,open,open,https://www.connectcre.com/stories/sentinel-real-estate-acquires-oregon-apartment-community/,valid,title/source/url metadata are internally consistent,Development Activity,GP / Capital Activity,development_project_anchor: capital event with identifiable project/asset (unit/site count: 158-unit; project/asset term: community),new_or_fresh,0,2026-07-28,2026-07-28,0,fresh_0_3d,fresh,published date parsed; article age 0 day(s),100,fresh article or no repeat penalty,,,used broad market bucket: Seattle,acquisition,new_candidate,selected or retained for GP / capital review,Yes,Sentinel Real Estate,Jasmine Kilman Sentinel Real Estate; Acquires Oregon Apartment Community Sentinel Real Estate,title_lead_pattern,medium,Inferred entity from headline lead segment and capital-event verb.,True,unit/site count: 158-unit; project/asset term: community,high,Project / Asset,No,,,Sentinel Real Estate,,Jasmine Kilman Sentinel Real Estate,Jasmine Kilman Sentinel Real Estate; Acquires Oregon Apartment Community Sentinel Real Estate,Sentinel Real Estate,Jasmine Kilman Sentinel Real Estate; Acquires Oregon Apartment Community Sentinel Real Estate,development_pipeline,capital_markets; institutional_capital,acquisition,delivery,none,gp_acquisition,none,unknown,developer,Market reference detected as Seattle.,high,Capital event keywords detected: acquisition. Development-stage terms detected: delivery. Institutional activity terms detected: gp_acquisition. Primary topic set to development_pipeline; confidence high.,85,70,institutional acquisition behavior,76
2026-07-28,20260728-235943-eac269a1,2026-07-28 23:57:57,Yield PRO,Core Multifamily News,Tier 1,lease_up_supply;national_multifamily,Other,Senior Housing,"Fri, 24 Jul 2026 16:08:47 +0000",56,Low,Monitor,Tampa / Florida,Institutional Flow,Track Institutional Capital Flow,"Track this as institutional capital flow because it mentions major capital players, portfolio transactions, deal size, or cap-rate signals.",Low relevance / background information,Ignore unless repeated,"Included because it scored 56 and mentions sale, senior housing, with a Institutional Flow angle for Tampa / Florida.",No Clear Numeric Signal,,"Deal boom News Facebook Twitter Linkedin Continuum Advisors , a national senior housing investment sales and advisory firm announced the sale of Arbor Terrace Citrus Park Independent Living , a 139-unit Class A senior living community located in Tampa, Florida. Developed in 2018 and situated on nine acres in Tampa’s affluent Citrus Park submarket, the community consists entirely of independent living units and offers residents a modern design, resort-style amenities and spacious residences. The ",,0,Poor,No LLM prompt generated,"Rule-based interpretation: Yield PRO article 'Highly Competitive Marketing Process Yields Significant Investor Interest for Newer Florida Independent Living Asset' is classified as watch only for Tampa / Florida. It points to institutional capital movement or transaction activity. Treat as a briefing input, not a standalone investment conclusion; confirm with source diversity, repeat observation, and market-specific evidence.",Macro & Financing; Market Players & Deals,sale; senior housing,Highly Competitive Marketing Process Yields Significant Investor Interest for Newer Florida Independent Living Asset,https://yieldpro.com/2026/07/arbor-terrace-independent-living/,Yes,art_0d9ceffb8762d908,Tampa / St. Petersburg,core_15,Senior Housing,,개발/인허가,개발/인허가; 거래/투자; 시장 데이터,No,article page appears accessible from collected text,Yes,No,standard,art_0d9ceffb8762d908,https://yieldpro.com/2026/07/arbor-terrace-independent-living/,Highly Competitive Marketing Process Yields Significant Investor Interest for Newer Florida Independent Living Asset,open,open,https://yieldpro.com/2026/07/arbor-terrace-independent-living/,valid,title/source/url metadata are internally consistent,Development Activity,GP / Capital Activity,development_project_anchor: capital event with identifiable project/asset (unit/site count: 139-unit; project/asset term: community),acceptable_repeat,3,2026-07-24,2026-07-28,4,fresh_0_3d,fresh,published date parsed; article age 4 day(s),70,previously seen article,Tampa,Florida,matched city/metro keyword: Tampa,disposition_exit,repeated_but_retained,development article without confirmed capital event,No,Newer Florida Independent Living Asset,Newer Florida Independent Living; Arbor Terrace Citrus Park Independent Living,title_lead_pattern,medium,Inferred entity from headline lead segment and capital-event verb.,True,unit/site count: 139-unit; project/asset term: community,high,Project / Asset,No,,,Newer Florida Independent Living Asset,,Newer Florida Independent Living,Newer Florida Independent Living; Arbor Terrace Citrus Park Independent Living,Newer Florida Independent Living Asset,Newer Florida Independent Living; Arbor Terrace Citrus Park Independent Living,transaction_market,capital_markets,disposition,none,none,none,none,senior_housing,lender; investor,Market reference detected as Tampa / Florida.,low,Capital event keywords detected: disposition. Primary topic set to transaction_market; confidence low.,75,44,classification confidence penalty,36
2026-07-28,20260728-235943-eac269a1,2026-07-28 23:57:55,Multifamily Executive,Core Multifamily News,Tier 1,national_multifamily,Other,Affordable Housing,"Fri, 01 May 2026 12:51:30 +0000",53,Low,Monitor,Other / Unknown,Financing Risk; Institutional Flow,Track Financing Conditions; Track Institutional Capital Flow,"Monitor financing conditions because the article includes affordable housing, debt, multifamily and no specific number, which may affect construction loans, refinancing risk, and exit cap rates.",Low relevance / background information,Ignore unless repeated,"Included because it scored 53 and mentions affordable housing, debt, multifamily, with a Financing Risk; Institutional Flow angle for a broad or unspecified market.",No Clear Numeric Signal,,,,0,Poor,No LLM prompt generated,"Rule-based interpretation: Multifamily Executive article 'Investment, NOI, and Covenants: Managing the risks' is classified as watch only for Other / Unknown. It points to financing, refinancing, or debt-market conditions. Treat as a briefing input, not a standalone investment conclusion; confirm with source diversity, repeat observation, and market-specific evidence.",Macro & Financing; Policy & Regulation,affordable housing; debt; multifamily,"Investment, NOI, and Covenants: Managing the risks",https://www.multifamilyexecutive.com/resource/investment-noi-and-covenants-managing-risks,Yes,art_1ffc4b147ef595d1,Other / Unknown,other,Affordable Housing,policy/regulation,거래/투자,거래/투자; 운영/임대; 시장 데이터,No,article page appears accessible from collected text,No,No,standard,art_1ffc4b147ef595d1,https://www.multifamilyexecutive.com/resource/investment-noi-and-covenants-managing-risks,"Investment, NOI, and Covenants: Managing the risks",open,open,https://www.multifamilyexecutive.com/resource/investment-noi-and-covenants-managing-risks,valid,title/source/url metadata are internally consistent,Market Intelligence,,market or policy article excluded from Development Activity by transaction guard,repeat_penalized,70,2026-05-01,2026-07-28,88,old_31d_plus,archive,published date parsed; article age 88 day(s),5,published date parsed; article age 88 day(s); previously seen article,,,"no city, state, or market keyword detected",debt_financing,repeat_penalized,repeat exposure penalty; low relevance or thin evidence; historical article over 30 days old,No,Participant not identified,,unresolved,unresolved,"No institution name detected in dictionary, title, summary, or source text.",False,"no identifiable project, asset, site, address, or unit-count anchor",none,,No,,,,,,,,,macro_financing,none,none,none,none,none,none,affordable_housing,lender,No specific market detected; treated as broader capital markets context.,unknown,No clear rule-based event keyword was detected. Primary topic set to macro_financing; confidence unknown.,20,0,classification confidence penalty,0
2026-07-28,20260728-235943-eac269a1,2026-07-28 23:58:18,Urbanize LA,Regional / California / LA Sources,Tier 2,development_pipeline;entitlement;la_california,Other,Student Housing,"Mon, 27 Jul 2026 13:15:00 +0000",53,Low,Monitor,Los Angeles / California,Developer Strategy,Track Developer Strategy,"Review this as a supply risk signal because it references new deliveries, starts, pipeline, or permits in Los Angeles / California.",High relevance to US residential developer strategy,Add to weekly strategy memo,"Included because it scored 53 and mentions construction, with a Developer Strategy angle for Los Angeles / California.",Supply / Starts Signal,$1.8b; $1.8,"Flying over Harbor-UCLA Medical Center's $1.8B expansion | Urbanize LA Skip to main content Advertisement Advertisement One year since our last update, the $1.8-billion revamp of the Harbor-UCLA Medical Center continues to push toward completion ion West Carson . The centerpiece of the project is a nine-story, 555,000-square-foot hospital tower that will feature 347 patient beds. That total includes a 44-bed intensive care unit, 200 medical-surgical beds, 20 neonatal intensive care units beds, a","You are a strategic research analyst for Woomi / Woomi Global.
Analyze the following US multifamily housing article for developer strategy.

Article context:
- Title: Flying over Harbor-UCLA Medical Center's $1.8B expansion
- Source: Urbanize LA
- URL: https://la.urbanize.city/post/flying-over-harbor-ucla-medical-centers-18b-expansion
- Market focus: Los Angeles / California
- Strategic angle: Developer Strategy
- Market signal: Supply / Starts Signal
- Extracted numbers: $1.8b; $1.8
- Strategic implication: Review this as a supply risk signal because it references new deliveries, starts, pipeline, or permits in Los Angeles / California.
- Woomi relevance: High relevance to US residential developer strategy

Please answer in concise bullet points:
1. Why does this article matter for a US multifamily developer?
2. What is the implication for Woomi / Woomi Global?
3. What risk or opportunity does this indicate?
4. What follow-up question should the strategy team ask?",98,Excellent,None,"Rule-based interpretation: Urbanize LA article 'Flying over Harbor-UCLA Medical Center's $1.8B expansion' is classified as watch only for Los Angeles / California. It points to supply, delivery, lease-up, or absorption conditions. Treat as a briefing input, not a standalone investment conclusion; confirm with source diversity, repeat observation, and market-specific evidence.",Development Strategy,construction,Flying over Harbor-UCLA Medical Center's $1.8B expansion,https://la.urbanize.city/post/flying-over-harbor-ucla-medical-centers-18b-expansion,Yes,art_d586316ca94af4f4,Los Angeles / Southern California,core_15,Student Housing,development; delivery/completion; policy/regulation,개발/인허가,개발/인허가,No,limited source or insufficient readable article text,Yes,No,access_limited_source,art_d586316ca94af4f4,https://la.urbanize.city/post/flying-over-harbor-ucla-medical-centers-18b-expansion,Flying over Harbor-UCLA Medical Center's $1.8B expansion,access_limited,access_limited,https://la.urbanize.city/post/flying-over-harbor-ucla-medical-centers-18b-expansion,valid,title/source/url metadata are internally consistent,Development Activity,,development_project_anchor: Project / Asset (unit/site count: 44-bed; project/asset term: project),acceptable_repeat,0,2026-07-27,2026-07-28,1,fresh_0_3d,fresh,published date parsed; article age 1 day(s),70,previously seen article; limited page access,,,used broad market bucket: Los Angeles / California,none,not_candidate,not a GP / capital candidate,No,,,,,,True,unit/site count: 44-bed; project/asset term: project,high,Project / Asset,No,,,,,,,,,other,none,none,none,none,none,none,unknown,developer,Market reference detected as Los Angeles / California.,unknown,"Limited/paywalled article; classification is based on title, URL, source, and available lead text only. No clear rule-based event keyword was detected. Primary topic set to other; confidence unknown.",60,50,sponsor expansion; limited article: title/lead-based review needed; classification confidence penalty,42
2026-07-28,20260728-235943-eac269a1,2026-07-28 23:58:22,SF YIMBY,Regional / California / LA Sources,Tier 2,development_pipeline;entitlement;la_california,Other,Office-to-Residential Conversion,"Tue, 28 Jul 2026 12:30:52 +0000",51,Low,Monitor,San Francisco / California,Developer Strategy,Track Developer Strategy,"Review for developer strategy because the article may inform site selection, product type, adaptive reuse, build-to-rent, or market entry.",Low relevance / background information,Ignore unless repeated,"Included because it scored 51 and mentions adaptive reuse, construction, conversion, with a Developer Strategy angle for San Francisco / California.",No Clear Numeric Signal,,"575 Sutter Street, image via Google Street View By: Andrew Nelson 5:30 am on July 28, 2026 Permits have been filed to convert a portion of a commercial office space into housing at 575 Sutter Street in the Union Square neighborhood of San Francisco . The application invokes the city’s Downtown Adaptive Reuse program for the construction of a dozen residential units. AHK Group is listed as the property owner, filing through One Timberlake Inc. The commercial floor use will be split between the gr",,0,Poor,No LLM prompt generated,"Rule-based interpretation: SF YIMBY article 'Office-to-Housing Conversion For 575 Sutter Street, San Francisco' is classified as watch only for San Francisco / California. It points to development execution or sponsor strategy. Treat as a briefing input, not a standalone investment conclusion; confirm with source diversity, repeat observation, and market-specific evidence.",Development Strategy,adaptive reuse; construction; conversion; permit; permits,"Office-to-Housing Conversion For 575 Sutter Street, San Francisco",https://sfyimby.com/2026/07/office-to-housing-conversion-for-575-sutter-street-san-francisco.html,No,art_6d40f65a289d1cae,San Francisco / Bay Area,other,Mixed-use Residential,,개발/인허가,개발/인허가,No,limited source or insufficient readable article text,No,No,access_limited_source,art_6d40f65a289d1cae,https://sfyimby.com/2026/07/office-to-housing-conversion-for-575-sutter-street-san-francisco.html,"Office-to-Housing Conversion For 575 Sutter Street, San Francisco",access_limited,access_limited,https://sfyimby.com/2026/07/office-to-housing-conversion-for-575-sutter-street-san-francisco.html,valid,title/source/url metadata are internally consistent,Development Activity,,development_project_anchor: Approval / Entitlement (address/street: 575 sutter street),new_or_fresh,0,2026-07-28,2026-07-28,0,fresh_0_3d,fresh,published date parsed; article age 0 day(s),88,limited page access,San Francisco,California,matched city/metro keyword: San Francisco,none,not_candidate,not a GP / capital candidate,No,,,,,,True,address/street: 575 sutter street,medium,Approval / Entitlement,No,,,,,,,,,other,none,none,none,none,none,none,unknown,developer,Market reference detected as San Francisco / California.,unknown,"Limited/paywalled article; classification is based on title, URL, source, and available lead text only. No clear rule-based event keyword was detected. Primary topic set to other; confidence unknown.",60,47,entitlement persistence; limited article: title/lead-based review needed; classification confidence penalty,47
