run_date,run_id,collected_at,source,source_category,source_tier,coverage_focus,platform_type,residential_sector,published,relevance_score,priority,action_level,market_focus,strategic_angle,decision_use,strategic_implication,woomi_relevance,recommended_next_step,reason_for_inclusion,market_signal,extracted_numbers,article_text_sample,llm_analysis_prompt,llm_prompt_quality_score,llm_prompt_quality_label,missing_prompt_context,gpt_strategic_analysis,topics,matched_keywords,title,url,previously_seen_article,article_id,canonical_market,market_tier,normalized_sector,event_tags,display_category,category_tags,exclude_from_feed,access_limited_reason,is_core_market,is_watchlist_market,source_reliability_status,canonical_article_id,source_page_url,extracted_article_title,access_status,content_access_status,original_url,article_integrity_status,article_integrity_reason,primary_display_section,secondary_display_sections,section_routing_reason,repeat_exposure_status,days_since_first_seen,published_date_normalized,collected_date_normalized,article_age_days,freshness_bucket,freshness_status,freshness_reason,freshness_score,repeat_penalty_reason,extracted_city,extracted_state,extracted_market_reason,gp_capital_activity_type,gp_capital_repeat_status,gp_capital_exclusion_reason,gp_capital_selected_flag,lead_entity,counterparties,entity_extraction_method,entity_extraction_confidence,entity_extraction_reason,has_project_anchor,project_anchor_reason,project_anchor_confidence,development_lifecycle_hint,rent_demand_flag,rent_demand_type,rent_demand_reason,gp_or_developer,lender_or_capital_partner,capital_provider,institutional_partner,lead_sponsor,jv_partner,primary_topic,secondary_topic,capital_event_type,development_stage,supply_demand_signal,institutional_activity_type,financing_type,asset_strategy,entity_role,market_relevance_reason,classification_confidence,classification_reason,article_richness_score,strategic_relevance_score,strategic_relevance_reason,representative_evidence_score
2026-08-27,20260827-041846-c52f941a,2026-08-27 04:18:33,REBusiness Online,Site / Parcel Source Expansion,Tier 2,development_pipeline;gp_activity,Other,Senior Housing,2026-08-26T13:03:00Z,93,High,Must Read,Other / Unknown,Financing Risk,Track Financing Conditions,"Monitor financing conditions because the article includes financing, jll, loan and $66.9m, $66.9 million, 209 units, which may affect construction loans, refinancing risk, and exit cap rates.",High relevance to US residential developer strategy,Read full article,"Included because it scored 93 and mentions financing, jll, loan, with a Financing Risk angle for a broad or unspecified market.",Supply / Starts Signal,$66.9m; $66.9 million; 209 units,"The Fieldston was completed in 2025. Kansas Loans Midwest Multifamily Seniors Housing Partnership Receives $66.9M Loan for Refinancing of Active Adult Community in Fairway, Kansas by Kristin Harlow August 26, 2026 August 26, 2026 4 FAIRWAY, KAN. — A partnership between EPC Real Estate Group and Platform Ventures has received a $66.9 million loan for the refinancing for The Fieldston, an active adult community located in Fairway, approximately 10 miles southwest of Kansas City. Completed in 2025,","You are a strategic research analyst for Woomi / Woomi Global.
Analyze the following US multifamily housing article for developer strategy.

Article context:
- Title: Partnership Receives $66.9M Loan for Refinancing of Active Adult Community in Fairway, Kansas
- Source: REBusiness Online
- URL: https://rebusinessonline.com/partnership-receives-66-9m-loa-for-refinancing-of-active-adult-community-in-fairway-kansas/
- Market focus: Other / Unknown
- Strategic angle: Financing Risk
- Market signal: Supply / Starts Signal
- Extracted numbers: $66.9m; $66.9 million; 209 units
- Strategic implication: Monitor financing conditions because the article includes financing, jll, loan and $66.9m, $66.9 million, 209 units, which may affect construction loans, refinancing risk, and exit cap rates.
- Woomi relevance: High relevance to US residential developer strategy

Please answer in concise bullet points:
1. Why does this article matter for a US multifamily developer?
2. What is the implication for Woomi / Woomi Global?
3. What risk or opportunity does this indicate?
4. What follow-up question should the strategy team ask?",90,Excellent,missing market focus,"Rule-based interpretation: REBusiness Online article 'Partnership Receives $66.9M Loan for Refinancing of Active Adult Community in Fairway, Kansas' is classified as priority review for Other / Unknown. It points to financing, refinancing, or debt-market conditions. Treat as a briefing input, not a standalone investment conclusion; confirm with source diversity, repeat observation, and market-specific evidence.",Macro & Financing; Supply & Demand; Market Players & Deals,financing; jll; loan; midwest; multifamily; refinancing,"Partnership Receives $66.9M Loan for Refinancing of Active Adult Community in Fairway, Kansas",https://rebusinessonline.com/partnership-receives-66-9m-loa-for-refinancing-of-active-adult-community-in-fairway-kansas/,No,art_8de91d9d59940e1c,Other / Unknown,other,Senior Housing,delivery/completion; financing/refinancing; market data/supply-demand,제외/금융,제외/금융,Yes,article page appears accessible from collected text,No,No,standard,art_8de91d9d59940e1c,https://rebusinessonline.com/partnership-receives-66-9m-loa-for-refinancing-of-active-adult-community-in-fairway-kansas/,"Partnership Receives $66.9M Loan for Refinancing of Active Adult Community in Fairway, Kansas",open,open,https://rebusinessonline.com/partnership-receives-66-9m-loa-for-refinancing-of-active-adult-community-in-fairway-kansas/,valid,title/source/url metadata are internally consistent,Development Activity,GP / Capital Activity,development_project_anchor: project financing/capital event tied to project (project/asset term: community),new_or_fresh,0,2026-08-26,2026-08-27,1,fresh_0_3d,fresh,published date parsed; article age 1 day(s),100,fresh article or no repeat penalty,,,"no city, state, or market keyword detected",joint_venture,new_candidate,selected or retained for GP / capital review,Yes,JLL,EPC Real Estate Group,dictionary_match,high,"Matched known institutional / GP entity in title, summary, or source text.",True,project/asset term: community,medium,Project Financing / Capital Event,No,,,JLL,,EPC Real Estate Group,EPC Real Estate Group,JLL,EPC Real Estate Group,capital_markets,development_pipeline,refinancing; joint_venture,delivery,none,none,none,senior_housing,lender; broker,No specific market detected; treated as broader capital markets context.,medium,"Capital event keywords detected: refinancing, joint_venture. Development-stage terms detected: delivery. Primary topic set to capital_markets; confidence medium.",75,98,platform or fund activity; JV or partnership activity; large-scale refinance tied to strategy,96
2026-08-27,20260827-041846-c52f941a,2026-08-27 04:18:18,Connect CRE,Core Multifamily News,Tier 1,development_pipeline;gp_activity;national_multifamily,Other,Apartment,"Wed, 26 Aug 2026 20:21:23 +0000",91,High,Must Read,California,Institutional Flow,Track Institutional Capital Flow,"Track this as institutional capital flow because it mentions major capital players, portfolio transactions, deal size, or cap-rate signals.",High relevance to US residential developer strategy,Read full article,"Included because it scored 91 and mentions apartment, apartments, multifamily, with a Institutional Flow angle for California.",Deal Size Signal,$33.6 million,"California CRE News In Your Inbox. Sign up for Connect emails to stay informed with CRE stories that are 150 words or less. California + San Diego + Apartments | August 26, 2026 By: Paul Bubny JV Acquires Value-Add Escondido Multifamily Institutional Property Advisors (IPA), a division of Marcus & Millichap serving the company’s institutional clients, closed the sale of Pacifica Palms Apartments, a 189-unit multifamily property in Escondido. The purchase price was $33.6 million. “The Escondido s","You are a strategic research analyst for Woomi / Woomi Global.
Analyze the following US multifamily housing article for developer strategy.

Article context:
- Title: JV Acquires Value-Add Escondido Multifamily
- Source: Connect CRE
- URL: https://www.connectcre.com/stories/jv-acquires-value-add-escondido-multifamily/
- Market focus: California
- Strategic angle: Institutional Flow
- Market signal: Deal Size Signal
- Extracted numbers: $33.6 million
- Strategic implication: Track this as institutional capital flow because it mentions major capital players, portfolio transactions, deal size, or cap-rate signals.
- Woomi relevance: High relevance to US residential developer strategy

Please answer in concise bullet points:
1. Why does this article matter for a US multifamily developer?
2. What is the implication for Woomi / Woomi Global?
3. What risk or opportunity does this indicate?
4. What follow-up question should the strategy team ask?",98,Excellent,None,"Rule-based interpretation: Connect CRE article 'JV Acquires Value-Add Escondido Multifamily' is classified as priority review for California. It points to institutional capital movement or transaction activity. Treat as a briefing input, not a standalone investment conclusion; confirm with source diversity, repeat observation, and market-specific evidence.",Macro & Financing; Market Players & Deals,apartment; apartments; multifamily; sale,JV Acquires Value-Add Escondido Multifamily,https://www.connectcre.com/stories/jv-acquires-value-add-escondido-multifamily/,No,art_66eb7cb15b1404e3,San Diego,watchlist_8,Multifamily,acquisition; JV/recapitalization,거래/투자,거래/투자; 시장 데이터,No,article page appears accessible from collected text,No,Yes,standard,art_66eb7cb15b1404e3,https://www.connectcre.com/stories/jv-acquires-value-add-escondido-multifamily/,JV Acquires Value-Add Escondido Multifamily,open,open,https://www.connectcre.com/stories/jv-acquires-value-add-escondido-multifamily/,valid,title/source/url metadata are internally consistent,Development Activity,GP / Capital Activity,development_project_anchor: capital event with identifiable project/asset (unit/site count: 189-unit; project/asset term: apartments),new_or_fresh,0,2026-08-26,2026-08-27,1,fresh_0_3d,fresh,published date parsed; article age 1 day(s),100,fresh article or no repeat penalty,,California,matched state keyword: California,none,not_candidate,not a GP / capital candidate,No,,,,,,True,unit/site count: 189-unit; project/asset term: apartments,high,Project / Asset,No,,,,,,,,,institutional_capital,capital_markets; development_pipeline,joint_venture; acquisition; disposition,renovation_repositioning,none,gp_acquisition,none,value_add,lender; broker,Market reference detected as California.,high,"Capital event keywords detected: joint_venture, acquisition, disposition. Development-stage terms detected: renovation_repositioning. Institutional activity terms detected: gp_acquisition. Primary topic set to institutional_capital; confidence high.",100,90,JV or partnership activity; institutional acquisition behavior,96
2026-08-27,20260827-041846-c52f941a,2026-08-27 04:18:18,Connect CRE,Core Multifamily News,Tier 1,development_pipeline;gp_activity;national_multifamily,Other,Student Housing,"Wed, 26 Aug 2026 21:39:42 +0000",62,Medium,Monitor,New York,Institutional Flow,Track Institutional Capital Flow,"Track this as institutional capital flow because it mentions major capital players, portfolio transactions, deal size, or cap-rate signals.",High relevance to US residential developer strategy,Add to weekly strategy memo,"Included because it scored 62 and mentions joint venture, student housing, with a Institutional Flow angle for New York.",Deal Size Signal,$51.5 million; $51,"New York & Tri-State CRE News In Your Inbox. Sign up for Connect emails to stay informed with CRE stories that are 150 words or less. New York & Tri-State + Downtown New York + Student Housing | August 26, 2026 By: Paul Bubny Hawkins Way JV Acquires East Village Student Housing Hawkins Way Capital and its joint venture partner, Varde Partners, have acquired 135 E. 12th St., a student housing property located in the East Village’s prime educational district. The purchase price was reportedly $51.","You are a strategic research analyst for Woomi / Woomi Global.
Analyze the following US multifamily housing article for developer strategy.

Article context:
- Title: Hawkins Way JV Acquires East Village Student Housing
- Source: Connect CRE
- URL: https://www.connectcre.com/stories/hawkins-way-jv-acquires-east-village-student-housing/
- Market focus: New York
- Strategic angle: Institutional Flow
- Market signal: Deal Size Signal
- Extracted numbers: $51.5 million; $51
- Strategic implication: Track this as institutional capital flow because it mentions major capital players, portfolio transactions, deal size, or cap-rate signals.
- Woomi relevance: High relevance to US residential developer strategy

Please answer in concise bullet points:
1. Why does this article matter for a US multifamily developer?
2. What is the implication for Woomi / Woomi Global?
3. What risk or opportunity does this indicate?
4. What follow-up question should the strategy team ask?",98,Excellent,None,"Rule-based interpretation: Connect CRE article 'Hawkins Way JV Acquires East Village Student Housing' is classified as watch only for New York. It points to institutional capital movement or transaction activity. Treat as a briefing input, not a standalone investment conclusion; confirm with source diversity, repeat observation, and market-specific evidence.",Macro & Financing; Market Players & Deals,joint venture; student housing,Hawkins Way JV Acquires East Village Student Housing,https://www.connectcre.com/stories/hawkins-way-jv-acquires-east-village-student-housing/,No,art_eb3e5fe5039e5766,New York / Northern New Jersey,core_15,Student Housing,acquisition; JV/recapitalization,거래/투자,거래/투자; 시장 데이터,No,article page appears accessible from collected text,Yes,No,standard,art_eb3e5fe5039e5766,https://www.connectcre.com/stories/hawkins-way-jv-acquires-east-village-student-housing/,Hawkins Way JV Acquires East Village Student Housing,open,open,https://www.connectcre.com/stories/hawkins-way-jv-acquires-east-village-student-housing/,valid,title/source/url metadata are internally consistent,Development Activity,GP / Capital Activity,development_project_anchor: capital event with identifiable project/asset (address/street: 135 e. 12th st),new_or_fresh,0,2026-08-26,2026-08-27,1,fresh_0_3d,fresh,published date parsed; article age 1 day(s),100,fresh article or no repeat penalty,,New York,matched state keyword: New York,joint_venture,new_candidate,selected or retained for GP / capital review,Yes,East Village Student Housing Hawkins Way Capital,Varde Partners,capital_event_sentence,medium,Inferred entity from source text near capital-event language.,True,address/street: 135 e. 12th st,medium,Project / Asset,No,,,East Village Student Housing Hawkins Way Capital,,Varde Partners,Varde Partners,East Village Student Housing Hawkins Way Capital,Varde Partners,institutional_capital,capital_markets,joint_venture; acquisition,none,none,gp_acquisition,none,student_housing,lender,Market reference detected as New York.,high,"Capital event keywords detected: joint_venture, acquisition. Institutional activity terms detected: gp_acquisition. Primary topic set to institutional_capital; confidence high.",85,86,JV or partnership activity; institutional acquisition behavior,92
2026-08-27,20260827-041846-c52f941a,2026-08-27 04:18:33,REBusiness Online,Site / Parcel Source Expansion,Tier 2,development_pipeline;gp_activity,Other,Student Housing,2026-08-26T14:24:28Z,91,High,Must Read,Phoenix / Arizona,Financing Risk; Developer Strategy,Track Financing Conditions; Track Developer Strategy,"Monitor financing conditions because the article includes debt, development, financing and 289 units, which may affect construction loans, refinancing risk, and exit cap rates.",High relevance to US residential developer strategy,Read full article,"Included because it scored 91 and mentions debt, development, financing, with a Financing Risk; Developer Strategy angle for Phoenix / Arizona.",Financing Cost Signal,289 units,"Serving students at Arizona State University in Tempe, Rambler Tempe features 829 beds in a mix of studio, one-, two-, three- and four-bedroom floor plans. Arizona Development Multifamily Student Housing Western LV Collective Completes 829-Bed Student Housing Community Near Arizona State University by Amy Works August 26, 2026 August 26, 2026 4 TEMPE, ARIZ. — LV Collective, in partnership with Kayne Anderson Real Estate, has completed Rambler Tempe, a purpose-built student housing property locat","You are a strategic research analyst for Woomi / Woomi Global.
Analyze the following US multifamily housing article for developer strategy.

Article context:
- Title: LV Collective Completes 829-Bed Student Housing Community Near Arizona State University
- Source: REBusiness Online
- URL: https://rebusinessonline.com/lv-collective-completes-829-bed-student-housing-community-near-arizona-state-university/
- Market focus: Phoenix / Arizona
- Strategic angle: Financing Risk; Developer Strategy
- Market signal: Financing Cost Signal
- Extracted numbers: 289 units
- Strategic implication: Monitor financing conditions because the article includes debt, development, financing and 289 units, which may affect construction loans, refinancing risk, and exit cap rates.
- Woomi relevance: High relevance to US residential developer strategy

Please answer in concise bullet points:
1. Why does this article matter for a US multifamily developer?
2. What is the implication for Woomi / Woomi Global?
3. What risk or opportunity does this indicate?
4. What follow-up question should the strategy team ask?",98,Excellent,None,"Rule-based interpretation: REBusiness Online article 'LV Collective Completes 829-Bed Student Housing Community Near Arizona State University' is classified as priority review for Phoenix / Arizona. It points to financing, refinancing, or debt-market conditions. Treat as a briefing input, not a standalone investment conclusion; confirm with source diversity, repeat observation, and market-specific evidence.",Macro & Financing; Development Strategy,debt; development; financing; multifamily; student housing,LV Collective Completes 829-Bed Student Housing Community Near Arizona State University,https://rebusinessonline.com/lv-collective-completes-829-bed-student-housing-community-near-arizona-state-university/,No,art_55352fbd6fa1168c,Phoenix,core_15,Student Housing,delivery/completion,개발/인허가,개발/인허가; 시장 데이터,No,article page appears accessible from collected text,Yes,No,standard,art_55352fbd6fa1168c,https://rebusinessonline.com/lv-collective-completes-829-bed-student-housing-community-near-arizona-state-university/,LV Collective Completes 829-Bed Student Housing Community Near Arizona State University,open,open,https://rebusinessonline.com/lv-collective-completes-829-bed-student-housing-community-near-arizona-state-university/,valid,title/source/url metadata are internally consistent,Development Activity,GP / Capital Activity,development_project_anchor: capital event with identifiable project/asset (unit/site count: 829-bed; project/asset term: development),new_or_fresh,0,2026-08-26,2026-08-27,1,fresh_0_3d,fresh,published date parsed; article age 1 day(s),100,fresh article or no repeat penalty,Phoenix,Arizona,matched city/metro keyword: Phoenix,joint_venture,new_candidate,selected or retained for GP / capital review,Yes,Kayne Anderson Real Estate,,capital_event_sentence,medium,Inferred entity from source text near capital-event language.,True,unit/site count: 829-bed; project/asset term: development,high,Project / Asset,No,,,Kayne Anderson Real Estate,,,,Kayne Anderson Real Estate,,institutional_capital,capital_markets; development_pipeline,joint_venture,delivery,none,none,none,student_housing,lender; developer,Market reference detected as Phoenix / Arizona.,medium,Capital event keywords detected: joint_venture. Development-stage terms detected: delivery. Primary topic set to institutional_capital; confidence medium.,90,73,JV or partnership activity,79
2026-08-27,20260827-041846-c52f941a,2026-08-27 04:18:17,Commercial Observer,Core Multifamily News,Tier 1,national_multifamily,Other,Apartment,"Wed, 26 Aug 2026 18:00:14 +0000",100,High,Must Read,New York City / New York,Supply Pressure; Regulation Risk; Developer Strategy,Track Supply Pipeline; Track Regulation Risk; Track Developer Strategy,"Review this as a supply risk signal because it references new deliveries, starts, pipeline, or permits in New York City / New York.",High relevance to US residential developer strategy,Read full article,"Included because it scored 100 and mentions apartment, construction, development, with a Supply Pressure; Regulation Risk; Developer Strategy angle for New York City / New York.",No Clear Numeric Signal,,"Residential · Multifamily Queens Development · Construction Queens’ Apartment Pipeline Shallowest in a Decade — But New Supply On the Way Rezonings in particular are expected to foster the development of thousands of housing units within the next couple of years By Amanda Schiavo August 26, 2026 2:00 pm reprints ILLUSTRATION: Commercial Observer The world’s borough might attract some new residents soon. There’s a multifamily squeeze in Queens as the rental market tightens amid a dip in new const","You are a strategic research analyst for Woomi / Woomi Global.
Analyze the following US multifamily housing article for developer strategy.

Article context:
- Title: Queens’ Apartment Pipeline Shallowest in a Decade — But New Supply On the Way
- Source: Commercial Observer
- URL: https://commercialobserver.com/2026/08/queens-apartment-pipeline-supply/
- Market focus: New York City / New York
- Strategic angle: Supply Pressure; Regulation Risk; Developer Strategy
- Market signal: No Clear Numeric Signal
- Extracted numbers: None detected
- Strategic implication: Review this as a supply risk signal because it references new deliveries, starts, pipeline, or permits in New York City / New York.
- Woomi relevance: High relevance to US residential developer strategy

Please answer in concise bullet points:
1. Why does this article matter for a US multifamily developer?
2. What is the implication for Woomi / Woomi Global?
3. What risk or opportunity does this indicate?
4. What follow-up question should the strategy team ask?",82,Good,missing extracted numbers; missing market signal,"Rule-based interpretation: Commercial Observer article 'Queens’ Apartment Pipeline Shallowest in a Decade — But New Supply On the Way' is classified as priority review for New York City / New York. It points to supply, delivery, lease-up, or absorption conditions. Treat as a briefing input, not a standalone investment conclusion; confirm with source diversity, repeat observation, and market-specific evidence.",Supply & Demand; Development Strategy,apartment; construction; development; multifamily; new supply; pipeline; vacancy; zoning,Queens’ Apartment Pipeline Shallowest in a Decade — But New Supply On the Way,https://commercialobserver.com/2026/08/queens-apartment-pipeline-supply/,No,art_80733987a7c2711f,New York / Northern New Jersey,core_15,Multifamily,development; permit/entitlement; policy/regulation; market data/supply-demand; rent/occupancy/absorption,개발/인허가,개발/인허가; 운영/임대; 시장 데이터,No,article page appears accessible from collected text,Yes,No,standard,art_80733987a7c2711f,https://commercialobserver.com/2026/08/queens-apartment-pipeline-supply/,Queens’ Apartment Pipeline Shallowest in a Decade — But New Supply On the Way,open,open,https://commercialobserver.com/2026/08/queens-apartment-pipeline-supply/,valid,title/source/url metadata are internally consistent,Market Intelligence,,"market_macro_guard: rent, demand, vacancy, absorption, or leasing article without project anchor",new_or_fresh,0,2026-08-26,2026-08-27,1,fresh_0_3d,fresh,published date parsed; article age 1 day(s),100,fresh article or no repeat penalty,New York City,New York,matched city/metro keyword: New York City,none,not_candidate,not a GP / capital candidate,No,,,,,,False,"no identifiable project, asset, site, address, or unit-count anchor",none,,No,,,,,,,,,development_pipeline,supply_demand,none,zoning,vacancy; supply_pressure,none,none,unknown,developer,Market reference detected as New York City / New York.,medium,"Development-stage terms detected: zoning. Supply/demand terms detected: vacancy, supply_pressure. Primary topic set to development_pipeline; confidence medium.",75,69,entitlement persistence,75
2026-08-27,20260827-041846-c52f941a,2026-08-27 04:18:33,REBusiness Online,Site / Parcel Source Expansion,Tier 2,development_pipeline;gp_activity,Other,Student Housing,2026-08-26T14:03:20Z,65,Medium,Monitor,Kentucky,Developer Strategy,Track Developer Strategy,"Review this as a supply risk signal because it references new deliveries, starts, pipeline, or permits in Kentucky.",High relevance to US residential developer strategy,Add to weekly strategy memo,"Included because it scored 65 and mentions construction, development, student housing, with a Developer Strategy angle for Kentucky.",Supply / Starts Signal,149 units,"EVER Lexington is expected to open by summer 2028. Development Kentucky Southeast Student Housing Subtext Buys Site Near University of Kentucky, Plans 520-Bed Student Housing Project by John Nelson August 26, 2026 August 26, 2026 6 LEXINGTON, KY. — Subtext has acquired a site located at 565 S. Limestone in Lexington for the development of EVER Lexington, a 520-bed student housing community serving students attending the University of Kentucky. The project is located within a qualified opportunit","You are a strategic research analyst for Woomi / Woomi Global.
Analyze the following US multifamily housing article for developer strategy.

Article context:
- Title: Subtext Buys Site Near University of Kentucky, Plans 520-Bed Student Housing Project
- Source: REBusiness Online
- URL: https://rebusinessonline.com/subtext-buys-site-near-university-of-kentucky-plans-520-bed-student-housing-project/
- Market focus: Kentucky
- Strategic angle: Developer Strategy
- Market signal: Supply / Starts Signal
- Extracted numbers: 149 units
- Strategic implication: Review this as a supply risk signal because it references new deliveries, starts, pipeline, or permits in Kentucky.
- Woomi relevance: High relevance to US residential developer strategy

Please answer in concise bullet points:
1. Why does this article matter for a US multifamily developer?
2. What is the implication for Woomi / Woomi Global?
3. What risk or opportunity does this indicate?
4. What follow-up question should the strategy team ask?",98,Excellent,None,"Rule-based interpretation: REBusiness Online article 'Subtext Buys Site Near University of Kentucky, Plans 520-Bed Student Housing Project' is classified as watch only for Kentucky. It points to supply, delivery, lease-up, or absorption conditions. Treat as a briefing input, not a standalone investment conclusion; confirm with source diversity, repeat observation, and market-specific evidence.",Development Strategy,construction; development; student housing,"Subtext Buys Site Near University of Kentucky, Plans 520-Bed Student Housing Project",https://rebusinessonline.com/subtext-buys-site-near-university-of-kentucky-plans-520-bed-student-housing-project/,No,art_72ce07371a741d85,Kentucky,other,Student Housing,acquisition,개발/인허가,개발/인허가; 거래/투자,No,article page appears accessible from collected text,No,No,standard,art_72ce07371a741d85,https://rebusinessonline.com/subtext-buys-site-near-university-of-kentucky-plans-520-bed-student-housing-project/,"Subtext Buys Site Near University of Kentucky, Plans 520-Bed Student Housing Project",open,open,https://rebusinessonline.com/subtext-buys-site-near-university-of-kentucky-plans-520-bed-student-housing-project/,valid,title/source/url metadata are internally consistent,Development Activity,GP / Capital Activity,development_project_anchor: capital event with identifiable project/asset (unit/site count: 520-bed; site/parcel signal: site; project/asset term: project),new_or_fresh,0,2026-08-26,2026-08-27,1,fresh_0_3d,fresh,published date parsed; article age 1 day(s),100,fresh article or no repeat penalty,,Kentucky,matched state keyword: Kentucky,acquisition,new_candidate,selected or retained for GP / capital review,Yes,Participant not identified,,unresolved,unresolved,"No institution name detected in dictionary, title, summary, or source text.",True,unit/site count: 520-bed; site/parcel signal: site; project/asset term: project,high,Project / Asset,No,,,,,,,,,development_pipeline,capital_markets,acquisition,site_acquisition,none,none,none,student_housing,developer,Market reference detected as Kentucky.,medium,Capital event keywords detected: acquisition. Development-stage terms detected: site_acquisition. Primary topic set to development_pipeline; confidence medium.,75,68,institutional acquisition behavior,74
2026-08-27,20260827-041846-c52f941a,2026-08-27 04:18:34,REBusiness Online,Site / Parcel Source Expansion,Tier 2,development_pipeline;gp_activity,Other,Apartment,2026-08-26T13:01:53Z,90,High,Must Read,Other / Unknown,Institutional Flow,Track Institutional Capital Flow,"Review this as a supply risk signal because it references new deliveries, starts, pipeline, or permits in Other / Unknown.",High relevance to US residential developer strategy,Read full article,"Included because it scored 90 and mentions acquisition, apartment, apartments, with a Institutional Flow angle for a broad or unspecified market.",Supply / Starts Signal,$6.1m; $6.1 million,"Acquisitions Multifamily New Jersey Northeast Kislak Negotiates $6.1M Sale of Apartment Building in Lodi, New Jersey by Taylor Williams August 26, 2026 August 26, 2026 3 LODI, N.J. — Locally based brokerage firm The Kislak Co. Inc. has negotiated the $6.1 million sale of River View, a 28-unit apartment building located at 60 S. Main St. in the Northern New Jersey community of Lodi. According to Apartments.com, the building offers one- and two-bedroom units. Andrew Scheinerman of Kislak represent","You are a strategic research analyst for Woomi / Woomi Global.
Analyze the following US multifamily housing article for developer strategy.

Article context:
- Title: Kislak Negotiates $6.1M Sale of Apartment Building in Lodi, New Jersey
- Source: REBusiness Online
- URL: https://rebusinessonline.com/kislak-negotiates-6-1m-sale-of-apartment-building-in-lodi-new-jersey/
- Market focus: Other / Unknown
- Strategic angle: Institutional Flow
- Market signal: Supply / Starts Signal
- Extracted numbers: $6.1m; $6.1 million
- Strategic implication: Review this as a supply risk signal because it references new deliveries, starts, pipeline, or permits in Other / Unknown.
- Woomi relevance: High relevance to US residential developer strategy

Please answer in concise bullet points:
1. Why does this article matter for a US multifamily developer?
2. What is the implication for Woomi / Woomi Global?
3. What risk or opportunity does this indicate?
4. What follow-up question should the strategy team ask?",90,Excellent,missing market focus,"Rule-based interpretation: REBusiness Online article 'Kislak Negotiates $6.1M Sale of Apartment Building in Lodi, New Jersey' is classified as priority review for Other / Unknown. It points to supply, delivery, lease-up, or absorption conditions. Treat as a briefing input, not a standalone investment conclusion; confirm with source diversity, repeat observation, and market-specific evidence.",Macro & Financing; Market Players & Deals,acquisition; apartment; apartments; multifamily; sale; transaction,"Kislak Negotiates $6.1M Sale of Apartment Building in Lodi, New Jersey",https://rebusinessonline.com/kislak-negotiates-6-1m-sale-of-apartment-building-in-lodi-new-jersey/,No,art_2cd817c7e2cb6cdc,New York / Northern New Jersey,core_15,Multifamily,acquisition,거래/투자,거래/투자; 시장 데이터,No,article page appears accessible from collected text,Yes,No,standard,art_2cd817c7e2cb6cdc,https://rebusinessonline.com/kislak-negotiates-6-1m-sale-of-apartment-building-in-lodi-new-jersey/,"Kislak Negotiates $6.1M Sale of Apartment Building in Lodi, New Jersey",open,open,https://rebusinessonline.com/kislak-negotiates-6-1m-sale-of-apartment-building-in-lodi-new-jersey/,valid,title/source/url metadata are internally consistent,Development Activity,GP / Capital Activity,development_project_anchor: capital event with identifiable project/asset (unit/site count: 28-unit; address/street: 60 s. main st; project/asset term: community),new_or_fresh,0,2026-08-26,2026-08-27,1,fresh_0_3d,fresh,published date parsed; article age 1 day(s),100,fresh article or no repeat penalty,,,"no city, state, or market keyword detected",disposition_exit,new_candidate,development article without confirmed capital event,No,Participant not identified,,unresolved,unresolved,"No institution name detected in dictionary, title, summary, or source text.",True,unit/site count: 28-unit; address/street: 60 s. main st; project/asset term: community,high,Project / Asset,No,,,,,,,,,transaction_market,capital_markets; institutional_capital,acquisition; disposition,none,none,gp_acquisition,none,unknown,lender; broker,No specific market detected; relevance remains broad.,medium,"Capital event keywords detected: acquisition, disposition. Institutional activity terms detected: gp_acquisition. Primary topic set to transaction_market; confidence medium.",70,67,institutional acquisition behavior,73
2026-08-27,20260827-041846-c52f941a,2026-08-27 04:18:34,REBusiness Online,Site / Parcel Source Expansion,Tier 2,development_pipeline;gp_activity,Other,Apartment,2026-08-26T13:01:00Z,82,High,Review,Other / Unknown,Institutional Flow,Track Institutional Capital Flow,"Track this as institutional capital flow because it mentions major capital players, portfolio transactions, deal size, or cap-rate signals.",Medium relevance to market monitoring,Track source for follow-up,"Included because it scored 82 and mentions acquisition, apartment, apartments, with a Institutional Flow angle for a broad or unspecified market.",No Clear Numeric Signal,,"Creekside Village was built in 2007. Acquisitions Midwest Missouri Multifamily Marcus & Millichap Arranges Sale of 31-Unit Multifamily Property in Grain Valley, Missouri by Kristin Harlow August 26, 2026 August 26, 2026 2 GRAIN VALLEY, MO. — Marcus & Millichap has arranged the sale of Creekside Village, a 31-unit multifamily property in Grain Valley near Kansas City. Jacob Carroll and Aaron Kuroiwa of Marcus & Millichap represented the seller, Creekside SPE – Apartments LLC, and procured the buy","You are a strategic research analyst for Woomi / Woomi Global.
Analyze the following US multifamily housing article for developer strategy.

Article context:
- Title: Marcus & Millichap Arranges Sale of 31-Unit Multifamily Property in Grain Valley, Missouri
- Source: REBusiness Online
- URL: https://rebusinessonline.com/marcus-millichap-arranges-sale-of-31-unit-multifamily-property-in-grain-valley-missouri/
- Market focus: Other / Unknown
- Strategic angle: Institutional Flow
- Market signal: No Clear Numeric Signal
- Extracted numbers: None detected
- Strategic implication: Track this as institutional capital flow because it mentions major capital players, portfolio transactions, deal size, or cap-rate signals.
- Woomi relevance: Medium relevance to market monitoring

Please answer in concise bullet points:
1. Why does this article matter for a US multifamily developer?
2. What is the implication for Woomi / Woomi Global?
3. What risk or opportunity does this indicate?
4. What follow-up question should the strategy team ask?",74,Good,missing extracted numbers; missing market focus; missing market signal,"Rule-based interpretation: REBusiness Online article 'Marcus & Millichap Arranges Sale of 31-Unit Multifamily Property in Grain Valley, Missouri' is classified as review for Other / Unknown. It points to institutional capital movement or transaction activity. Treat as a briefing input, not a standalone investment conclusion; confirm with source diversity, repeat observation, and market-specific evidence.",Macro & Financing; Supply & Demand; Market Players & Deals,acquisition; apartment; apartments; midwest; multifamily; sale,"Marcus & Millichap Arranges Sale of 31-Unit Multifamily Property in Grain Valley, Missouri",https://rebusinessonline.com/marcus-millichap-arranges-sale-of-31-unit-multifamily-property-in-grain-valley-missouri/,No,art_8dcb1f137791bd36,Other / Unknown,other,Multifamily,market data/supply-demand,거래/투자,거래/투자; 시장 데이터,No,article page appears accessible from collected text,No,No,standard,art_8dcb1f137791bd36,https://rebusinessonline.com/marcus-millichap-arranges-sale-of-31-unit-multifamily-property-in-grain-valley-missouri/,"Marcus & Millichap Arranges Sale of 31-Unit Multifamily Property in Grain Valley, Missouri",open,open,https://rebusinessonline.com/marcus-millichap-arranges-sale-of-31-unit-multifamily-property-in-grain-valley-missouri/,valid,title/source/url metadata are internally consistent,Development Activity,GP / Capital Activity,development_project_anchor: capital event with identifiable project/asset (unit/site count: 31-unit; project/asset term: apartments),new_or_fresh,0,2026-08-26,2026-08-27,1,fresh_0_3d,fresh,published date parsed; article age 1 day(s),100,fresh article or no repeat penalty,,,"no city, state, or market keyword detected",disposition_exit,new_candidate,development article without confirmed capital event,No,Marcus & Millichap,,dictionary_match,high,"Matched known institutional / GP entity in title, summary, or source text.",True,unit/site count: 31-unit; project/asset term: apartments,high,Project / Asset,No,,,Marcus & Millichap,,,,Marcus & Millichap,,transaction_market,capital_markets; institutional_capital,acquisition; disposition,none,none,gp_acquisition,none,unknown,lender; broker,No specific market detected; relevance remains broad.,medium,"Capital event keywords detected: acquisition, disposition. Institutional activity terms detected: gp_acquisition. Primary topic set to transaction_market; confidence medium.",55,63,institutional acquisition behavior,69
2026-08-27,20260827-041846-c52f941a,2026-08-27 04:18:18,Connect CRE,Core Multifamily News,Tier 1,development_pipeline;gp_activity;national_multifamily,Other,Apartment,"Wed, 26 Aug 2026 21:30:37 +0000",100,High,Must Read,Los Angeles / California,Financing Risk,Track Financing Conditions,"Monitor financing conditions because the article includes apartment, apartments, debt and $8.5, which may affect construction loans, refinancing risk, and exit cap rates.",High relevance to US residential developer strategy,Read full article,"Included because it scored 100 and mentions apartment, apartments, debt, with a Financing Risk angle for Los Angeles / California.",Financing Cost Signal,$8.5,"California CRE News In Your Inbox. Sign up for Connect emails to stay informed with CRE stories that are 150 words or less. California + Los Angeles + Apartments | August 26, 2026 By: Paul Bubny Bascom Refis Historic Apartments in LA’s Westlake District The Bascom Group, LLC has completed an $8.5-million refinancing of The Charleston Apartments, a 133-unit historic multifamily community located in the Westlake neighborhood of Los Angeles. Michael Derk, Daizy Gomez, Linsey Farrahi and Zack Metzne","You are a strategic research analyst for Woomi / Woomi Global.
Analyze the following US multifamily housing article for developer strategy.

Article context:
- Title: Bascom Refis Historic Apartments in LA’s Westlake District
- Source: Connect CRE
- URL: https://www.connectcre.com/stories/bascom-refis-historic-apartments-in-las-westlake-district/
- Market focus: Los Angeles / California
- Strategic angle: Financing Risk
- Market signal: Financing Cost Signal
- Extracted numbers: $8.5
- Strategic implication: Monitor financing conditions because the article includes apartment, apartments, debt and $8.5, which may affect construction loans, refinancing risk, and exit cap rates.
- Woomi relevance: High relevance to US residential developer strategy

Please answer in concise bullet points:
1. Why does this article matter for a US multifamily developer?
2. What is the implication for Woomi / Woomi Global?
3. What risk or opportunity does this indicate?
4. What follow-up question should the strategy team ask?",98,Excellent,None,"Rule-based interpretation: Connect CRE article 'Bascom Refis Historic Apartments in LA’s Westlake District' is classified as priority review for Los Angeles / California. It points to financing, refinancing, or debt-market conditions. Treat as a briefing input, not a standalone investment conclusion; confirm with source diversity, repeat observation, and market-specific evidence.",Macro & Financing,apartment; apartments; debt; financing; loan; multifamily; refinancing,Bascom Refis Historic Apartments in LA’s Westlake District,https://www.connectcre.com/stories/bascom-refis-historic-apartments-in-las-westlake-district/,No,art_f78b261433fe5d80,Los Angeles / Southern California,core_15,Multifamily,delivery/completion; financing/refinancing,제외/금융,제외/금융,Yes,article page appears accessible from collected text,Yes,No,standard,art_f78b261433fe5d80,https://www.connectcre.com/stories/bascom-refis-historic-apartments-in-las-westlake-district/,Bascom Refis Historic Apartments in LA’s Westlake District,open,open,https://www.connectcre.com/stories/bascom-refis-historic-apartments-in-las-westlake-district/,valid,title/source/url metadata are internally consistent,Development Activity,GP / Capital Activity,development_project_anchor: project financing/capital event tied to project (unit/site count: 133-unit; project/asset term: community),new_or_fresh,0,2026-08-26,2026-08-27,1,fresh_0_3d,fresh,published date parsed; article age 1 day(s),100,fresh article or no repeat penalty,Los Angeles,California,matched city/metro keyword: Los Angeles,refinancing,new_candidate,selected or retained for GP / capital review,Yes,Bascom Group,Westlake District The Bascom Group,dictionary_match,high,"Matched known institutional / GP entity in title, summary, or source text.",True,unit/site count: 133-unit; project/asset term: community,high,Project Financing / Capital Event,No,,,Bascom Group,Bascom Group,Westlake District The Bascom Group,Westlake District The Bascom Group,Bascom Group,Westlake District The Bascom Group,capital_markets,development_pipeline,refinancing,delivery,none,none,none,unknown,lender,Market reference detected as Los Angeles / California.,medium,Capital event keywords detected: refinancing. Development-stage terms detected: delivery. Primary topic set to capital_markets; confidence medium.,90,67,large-scale refinance tied to strategy,65
2026-08-27,20260827-041846-c52f941a,2026-08-27 04:18:33,REBusiness Online,Site / Parcel Source Expansion,Tier 2,development_pipeline;gp_activity,Other,Mixed-Use Residential,2026-08-26T14:10:55Z,76,Medium,Review,Georgia,Regulation Risk; Developer Strategy,Track Regulation Risk; Track Developer Strategy,"Review this as a supply risk signal because it references new deliveries, starts, pipeline, or permits in Georgia.",High relevance to US residential developer strategy,Add to weekly strategy memo,"Included because it scored 76 and mentions construction, development, multifamily, with a Regulation Risk; Developer Strategy angle for Georgia.",Supply / Starts Signal,$2 billion,"The team behind the North Point Mall redevelopment aims to attract an NHL franchise to anchor the project's planned hockey arena. (Rendering courtesy of New York Life) Civic Development Georgia Mixed-Use Retail Southeast City of Alpharetta Approves North Point Mall Rezoning for Planned Hockey-Anchored Mixed-Use Village by John Nelson August 26, 2026 August 26, 2026 4 ALPHARETTA, GA. — The Alpharetta City Council has approved the rezoning of North Point Mall, a shuttered 1.3 million-square-foot s","You are a strategic research analyst for Woomi / Woomi Global.
Analyze the following US multifamily housing article for developer strategy.

Article context:
- Title: City of Alpharetta Approves North Point Mall Rezoning for Planned Hockey-Anchored Mixed-Use Village
- Source: REBusiness Online
- URL: https://rebusinessonline.com/city-of-alpharetta-approves-north-point-mall-rezoning-for-planned-hockey-anchored-mixed-use-village/
- Market focus: Georgia
- Strategic angle: Regulation Risk; Developer Strategy
- Market signal: Supply / Starts Signal
- Extracted numbers: $2 billion
- Strategic implication: Review this as a supply risk signal because it references new deliveries, starts, pipeline, or permits in Georgia.
- Woomi relevance: High relevance to US residential developer strategy

Please answer in concise bullet points:
1. Why does this article matter for a US multifamily developer?
2. What is the implication for Woomi / Woomi Global?
3. What risk or opportunity does this indicate?
4. What follow-up question should the strategy team ask?",98,Excellent,None,"Rule-based interpretation: REBusiness Online article 'City of Alpharetta Approves North Point Mall Rezoning for Planned Hockey-Anchored Mixed-Use Village' is classified as review for Georgia. It points to supply, delivery, lease-up, or absorption conditions. Treat as a briefing input, not a standalone investment conclusion; confirm with source diversity, repeat observation, and market-specific evidence.",Development Strategy,construction; development; multifamily; zoning,City of Alpharetta Approves North Point Mall Rezoning for Planned Hockey-Anchored Mixed-Use Village,https://rebusinessonline.com/city-of-alpharetta-approves-north-point-mall-rezoning-for-planned-hockey-anchored-mixed-use-village/,No,art_8ed732d68a8cafa6,New York / Northern New Jersey,core_15,Mixed-use Residential,development; permit/entitlement; policy/regulation,개발/인허가,개발/인허가,No,article page appears accessible from collected text,Yes,No,standard,art_8ed732d68a8cafa6,https://rebusinessonline.com/city-of-alpharetta-approves-north-point-mall-rezoning-for-planned-hockey-anchored-mixed-use-village/,City of Alpharetta Approves North Point Mall Rezoning for Planned Hockey-Anchored Mixed-Use Village,open,open,https://rebusinessonline.com/city-of-alpharetta-approves-north-point-mall-rezoning-for-planned-hockey-anchored-mixed-use-village/,valid,title/source/url metadata are internally consistent,Development Activity,,development milestone or entitlement signal has display priority,new_or_fresh,0,2026-08-26,2026-08-27,1,fresh_0_3d,fresh,published date parsed; article age 1 day(s),100,fresh article or no repeat penalty,,Georgia,matched state keyword: Georgia,none,not_candidate,not a GP / capital candidate,No,,,,,,False,"no identifiable project, asset, site, address, or unit-count anchor",none,,No,,,,,,,,,development_pipeline,none,none,entitlement; zoning; redevelopment,none,none,none,mixed_use,public_agency; developer,Market reference detected as Georgia.,low,"Development-stage terms detected: entitlement, zoning, redevelopment. Primary topic set to development_pipeline; confidence low.",75,59,entitlement persistence; classification confidence penalty,65
2026-08-27,20260827-041846-c52f941a,2026-08-27 04:18:37,Connect CRE South Florida,Site / Parcel Source Expansion,Tier 2,development_pipeline;gp_activity;sunbelt,Other,Apartment,"Tue, 18 Aug 2026 13:37:45 +0000",100,High,Must Read,Phoenix / Arizona,Financing Risk; Developer Strategy,Track Financing Conditions; Track Developer Strategy,"Monitor financing conditions because the article includes apartment, apartments, berkadia and $35 million, which may affect construction loans, refinancing risk, and exit cap rates.",High relevance to US residential developer strategy,Read full article,"Included because it scored 100 and mentions apartment, apartments, berkadia, with a Financing Risk; Developer Strategy angle for Phoenix / Arizona.",Rent Growth Signal,$35 million,"Florida & Gulf Coast CRE News In Your Inbox. Sign up for Connect emails to stay informed with CRE stories that are 150 words or less. Florida & Gulf Coast + Phoenix & Southwest + South Florida + Apartments | August 18, 2026 By: Mike Boyd Princeton Developer Obtains Financing for Phase III of 374-Unit Rental Community Aconcagua Group obtained a $35 million construction loan for the third and final phase of development for Casa Princeton, a multifamily residential community located at 12867 SW 248","You are a strategic research analyst for Woomi / Woomi Global.
Analyze the following US multifamily housing article for developer strategy.

Article context:
- Title: Princeton Developer Obtains Financing for Phase III of 374-Unit Rental Community
- Source: Connect CRE South Florida
- URL: https://www.connectcre.com/stories/princeton-developer-obtains-financing-for-phase-iii-of-374-unit-rental-community/
- Market focus: Phoenix / Arizona
- Strategic angle: Financing Risk; Developer Strategy
- Market signal: Rent Growth Signal
- Extracted numbers: $35 million
- Strategic implication: Monitor financing conditions because the article includes apartment, apartments, berkadia and $35 million, which may affect construction loans, refinancing risk, and exit cap rates.
- Woomi relevance: High relevance to US residential developer strategy

Please answer in concise bullet points:
1. Why does this article matter for a US multifamily developer?
2. What is the implication for Woomi / Woomi Global?
3. What risk or opportunity does this indicate?
4. What follow-up question should the strategy team ask?",98,Excellent,None,"Rule-based interpretation: Connect CRE South Florida article 'Princeton Developer Obtains Financing for Phase III of 374-Unit Rental Community' is classified as priority review for Phoenix / Arizona. It points to financing, refinancing, or debt-market conditions. Treat as a briefing input, not a standalone investment conclusion; confirm with source diversity, repeat observation, and market-specific evidence.",Macro & Financing; Development Strategy; Market Players & Deals,apartment; apartments; berkadia; construction; developer; development; financing; loan; multifamily,Princeton Developer Obtains Financing for Phase III of 374-Unit Rental Community,https://www.connectcre.com/stories/princeton-developer-obtains-financing-for-phase-iii-of-374-unit-rental-community/,Yes,art_9a98d3f2632c53f4,Miami / South Florida,core_15,Multifamily,financing/refinancing; rent/occupancy/absorption,제외/금융,제외/금융,Yes,article page appears accessible from collected text,Yes,No,standard,art_9a98d3f2632c53f4,https://www.connectcre.com/stories/princeton-developer-obtains-financing-for-phase-iii-of-374-unit-rental-community/,Princeton Developer Obtains Financing for Phase III of 374-Unit Rental Community,open,open,https://www.connectcre.com/stories/princeton-developer-obtains-financing-for-phase-iii-of-374-unit-rental-community/,valid,title/source/url metadata are internally consistent,Development Activity,GP / Capital Activity,development_project_anchor: project financing/capital event tied to project (unit/site count: 374-unit; project/asset term: development; project financing tied to anchor: construction loan),acceptable_repeat,9,2026-08-18,2026-08-27,9,recent_4_14d,recent,published date parsed; article age 9 day(s),70,previously seen article; possible follow-up or updated development signal,Phoenix,Arizona,matched city/metro keyword: Phoenix,construction_financing,repeated_but_retained,selected or retained for GP / capital review,Yes,Berkadia,,dictionary_match,high,"Matched known institutional / GP entity in title, summary, or source text.",True,unit/site count: 374-unit; project/asset term: development; project financing tied to anchor: construction loan,high,Project Financing / Capital Event,No,,,Berkadia,Berkadia,,,Berkadia,,capital_markets,supply_demand; institutional_capital,construction_financing,none,effective_rent_growth,lender_activity,construction_loan,unknown,lender; developer,Market reference detected as Phoenix / Arizona.,medium,Capital event keywords detected: construction_financing. Financing type keywords detected: construction_loan. Supply/demand terms detected: effective_rent_growth. Institutional activity terms detected: lender_activity. Primary topic set to capital_markets; confidence medium.,85,74,multi-phase development,64
2026-08-27,20260827-041846-c52f941a,2026-08-27 04:18:16,Yield PRO,Core Multifamily News,Tier 1,lease_up_supply;national_multifamily,Other,Apartment,"Wed, 26 Aug 2026 20:03:05 +0000",100,High,Must Read,Sun Belt,Institutional Flow,Track Institutional Capital Flow,"Track this as institutional capital flow because it mentions major capital players, portfolio transactions, deal size, or cap-rate signals.",High relevance to US residential developer strategy,Read full article,"Included because it scored 100 and mentions apartment, apartments, capital markets, with a Institutional Flow angle for Sun Belt.",No Clear Numeric Signal,,"Deal boom Midwest-South region News Facebook Twitter Linkedin JLL Capital Markets announced that it has completed the sale of Milo , a 252-unit multifamily community in Raleigh, North Carolina. JLL represented the seller, Greystar. The buyer was Milo Apartments, LLC. Completed in 2024, Milo consists of eight three-story residential buildings and a leasing/clubhouse. Units are available in one-, two- and three-bedroom floorplans that average 889 square feet each. Unit features include stainless s","You are a strategic research analyst for Woomi / Woomi Global.
Analyze the following US multifamily housing article for developer strategy.

Article context:
- Title: Newly Built Multifamily Apartment Community Milo in West Raleigh Trades
- Source: Yield PRO
- URL: https://yieldpro.com/2026/08/milo/
- Market focus: Sun Belt
- Strategic angle: Institutional Flow
- Market signal: No Clear Numeric Signal
- Extracted numbers: None detected
- Strategic implication: Track this as institutional capital flow because it mentions major capital players, portfolio transactions, deal size, or cap-rate signals.
- Woomi relevance: High relevance to US residential developer strategy

Please answer in concise bullet points:
1. Why does this article matter for a US multifamily developer?
2. What is the implication for Woomi / Woomi Global?
3. What risk or opportunity does this indicate?
4. What follow-up question should the strategy team ask?",82,Good,missing extracted numbers; missing market signal,"Rule-based interpretation: Yield PRO article 'Newly Built Multifamily Apartment Community Milo in West Raleigh Trades' is classified as priority review for Sun Belt. It points to institutional capital movement or transaction activity. Treat as a briefing input, not a standalone investment conclusion; confirm with source diversity, repeat observation, and market-specific evidence.",Macro & Financing; Supply & Demand; Market Players & Deals,apartment; apartments; capital markets; greystar; jll; midwest; multifamily; sale,Newly Built Multifamily Apartment Community Milo in West Raleigh Trades,https://yieldpro.com/2026/08/milo/,No,art_d132536b06bda046,Raleigh-Durham,core_15,Multifamily,delivery/completion; market data/supply-demand,개발/인허가,개발/인허가; 거래/투자; 운영/임대; 시장 데이터,No,article page appears accessible from collected text,Yes,No,standard,art_d132536b06bda046,https://yieldpro.com/2026/08/milo/,Newly Built Multifamily Apartment Community Milo in West Raleigh Trades,open,open,https://yieldpro.com/2026/08/milo/,valid,title/source/url metadata are internally consistent,Development Activity,GP / Capital Activity,development_project_anchor: capital event with identifiable project/asset (unit/site count: 252-unit; execution milestone: leasing; project/asset term: community),new_or_fresh,0,2026-08-26,2026-08-27,1,fresh_0_3d,fresh,published date parsed; article age 1 day(s),100,fresh article or no repeat penalty,,,used broad market bucket: Sun Belt,disposition_exit,new_candidate,development article without confirmed capital event,No,JLL,Greystar,dictionary_match,high,"Matched known institutional / GP entity in title, summary, or source text.",True,unit/site count: 252-unit; execution milestone: leasing; project/asset term: community,high,Leasing / Lease-Up,No,,,JLL,,Greystar,Greystar,JLL,Greystar,development_pipeline,capital_markets,disposition,delivery,none,none,none,unknown,lender; broker,Market reference detected as Sun Belt.,medium,Capital event keywords detected: disposition. Development-stage terms detected: delivery. Primary topic set to development_pipeline; confidence medium.,90,57,general market observation with limited strategic behavior evidence,63
2026-08-27,20260827-041846-c52f941a,2026-08-27 04:18:17,Yield PRO,Core Multifamily News,Tier 1,lease_up_supply;national_multifamily,Other,Apartment,"Wed, 26 Aug 2026 18:41:33 +0000",91,High,Must Read,California,Institutional Flow,Track Institutional Capital Flow,"Track this as institutional capital flow because it mentions major capital players, portfolio transactions, deal size, or cap-rate signals.",High relevance to US residential developer strategy,Read full article,"Included because it scored 91 and mentions apartment, apartments, multifamily, with a Institutional Flow angle for California.",Deal Size Signal,$33.6 million,"Deal boom News Pacific region Facebook Twitter Linkedin Institutional Property Advisors (IPA) , a division of Marcus & Millichap (NYSE: MMI) dedicated to serving the company’s institutional clients, announced the sale of Pacifica Palms Apartments , a 189-unit multifamily property in Escondido, California. The asset traded for $33.6 million. “The Escondido submarket has seen limited availability of multifamily assets of this size, making Pacifica Palms a rare, large value-add investment opportuni","You are a strategic research analyst for Woomi / Woomi Global.
Analyze the following US multifamily housing article for developer strategy.

Article context:
- Title: Institutional Property Advisors Brokers Multifamily Asset Sale in North County San Diego
- Source: Yield PRO
- URL: https://yieldpro.com/2026/08/pacifica-palms-apartments/
- Market focus: California
- Strategic angle: Institutional Flow
- Market signal: Deal Size Signal
- Extracted numbers: $33.6 million
- Strategic implication: Track this as institutional capital flow because it mentions major capital players, portfolio transactions, deal size, or cap-rate signals.
- Woomi relevance: High relevance to US residential developer strategy

Please answer in concise bullet points:
1. Why does this article matter for a US multifamily developer?
2. What is the implication for Woomi / Woomi Global?
3. What risk or opportunity does this indicate?
4. What follow-up question should the strategy team ask?",98,Excellent,None,"Rule-based interpretation: Yield PRO article 'Institutional Property Advisors Brokers Multifamily Asset Sale in North County San Diego' is classified as priority review for California. It points to institutional capital movement or transaction activity. Treat as a briefing input, not a standalone investment conclusion; confirm with source diversity, repeat observation, and market-specific evidence.",Macro & Financing; Market Players & Deals,apartment; apartments; multifamily; sale,Institutional Property Advisors Brokers Multifamily Asset Sale in North County San Diego,https://yieldpro.com/2026/08/pacifica-palms-apartments/,No,art_91e779755196b79f,San Diego,watchlist_8,Multifamily,transaction/sale,거래/투자,거래/투자; 시장 데이터,No,article page appears accessible from collected text,No,Yes,standard,art_91e779755196b79f,https://yieldpro.com/2026/08/pacifica-palms-apartments/,Institutional Property Advisors Brokers Multifamily Asset Sale in North County San Diego,open,open,https://yieldpro.com/2026/08/pacifica-palms-apartments/,valid,title/source/url metadata are internally consistent,Development Activity,GP / Capital Activity,development_project_anchor: capital event with identifiable project/asset (unit/site count: 189-unit; project/asset term: apartments),new_or_fresh,0,2026-08-26,2026-08-27,1,fresh_0_3d,fresh,published date parsed; article age 1 day(s),100,fresh article or no repeat penalty,,California,matched state keyword: California,none,not_candidate,not a GP / capital candidate,No,,,,,,True,unit/site count: 189-unit; project/asset term: apartments,high,Project / Asset,No,,,,,,,,,transaction_market,capital_markets; development_pipeline,disposition,renovation_repositioning,none,none,none,value_add,lender; broker,Market reference detected as California.,medium,Capital event keywords detected: disposition. Development-stage terms detected: renovation_repositioning. Primary topic set to transaction_market; confidence medium.,90,57,general market observation with limited strategic behavior evidence,63
2026-08-27,20260827-041846-c52f941a,2026-08-27 04:18:17,Yield PRO,Core Multifamily News,Tier 1,lease_up_supply;national_multifamily,Other,Multifamily,"Wed, 26 Aug 2026 19:16:09 +0000",68,Medium,Monitor,Seattle,Institutional Flow,Track Institutional Capital Flow,"Track this as institutional capital flow because it mentions major capital players, portfolio transactions, deal size, or cap-rate signals.",High relevance to US residential developer strategy,Add to weekly strategy memo,"Included because it scored 68 and mentions multifamily, sale, with a Institutional Flow angle for Seattle.",Deal Size Signal,"$32.25 million; $304,245","Deal boom News Pacific region Facebook Twitter Linkedin Institutional Property Advisors (IPA) , a division of Marcus & Millichap (NYSE: MMI) dedicated to serving the company’s institutional clients, announced the sale of Aperture on Fifth , a 106-unit multifamily asset in the Denny Triangle neighborhood of Downtown Seattle, Washington. The property sold for $32.25 million, or $304,245 per unit. “Downtown Seattle continues to be a high barrier-to-entry submarket due to limited land availability, ","You are a strategic research analyst for Woomi / Woomi Global.
Analyze the following US multifamily housing article for developer strategy.

Article context:
- Title: Institutional Property Advisors Closes Multifamily Asset Sale in Seattle
- Source: Yield PRO
- URL: https://yieldpro.com/2026/08/aperture-on-fifth/
- Market focus: Seattle
- Strategic angle: Institutional Flow
- Market signal: Deal Size Signal
- Extracted numbers: $32.25 million; $304,245
- Strategic implication: Track this as institutional capital flow because it mentions major capital players, portfolio transactions, deal size, or cap-rate signals.
- Woomi relevance: High relevance to US residential developer strategy

Please answer in concise bullet points:
1. Why does this article matter for a US multifamily developer?
2. What is the implication for Woomi / Woomi Global?
3. What risk or opportunity does this indicate?
4. What follow-up question should the strategy team ask?",98,Excellent,None,"Rule-based interpretation: Yield PRO article 'Institutional Property Advisors Closes Multifamily Asset Sale in Seattle' is classified as watch only for Seattle. It points to institutional capital movement or transaction activity. Treat as a briefing input, not a standalone investment conclusion; confirm with source diversity, repeat observation, and market-specific evidence.",Macro & Financing; Market Players & Deals,multifamily; sale,Institutional Property Advisors Closes Multifamily Asset Sale in Seattle,https://yieldpro.com/2026/08/aperture-on-fifth/,No,art_bdb3321506275b3f,Seattle,core_15,Multifamily,transaction/sale,거래/투자,거래/투자; 시장 데이터,No,article page appears accessible from collected text,Yes,No,standard,art_bdb3321506275b3f,https://yieldpro.com/2026/08/aperture-on-fifth/,Institutional Property Advisors Closes Multifamily Asset Sale in Seattle,open,open,https://yieldpro.com/2026/08/aperture-on-fifth/,valid,title/source/url metadata are internally consistent,Development Activity,GP / Capital Activity,development_project_anchor: capital event with identifiable project/asset (unit/site count: 106-unit),new_or_fresh,0,2026-08-26,2026-08-27,1,fresh_0_3d,fresh,published date parsed; article age 1 day(s),100,fresh article or no repeat penalty,,,used broad market bucket: Seattle,disposition_exit,new_candidate,development article without confirmed capital event,No,IPA,Institutional Property Advisors; Marcus & Millichap,dictionary_match,high,"Matched known institutional / GP entity in title, summary, or source text.",True,unit/site count: 106-unit,medium,Project / Asset,No,,,IPA,,Institutional Property Advisors,Institutional Property Advisors; Marcus & Millichap,IPA,Institutional Property Advisors; Marcus & Millichap,transaction_market,capital_markets,disposition,none,none,none,none,unknown,lender; broker,Market reference detected as Seattle.,low,Capital event keywords detected: disposition. Primary topic set to transaction_market; confidence low.,75,62,sponsor expansion; classification confidence penalty,62
2026-08-27,20260827-041846-c52f941a,2026-08-27 04:18:18,Connect CRE,Core Multifamily News,Tier 1,development_pipeline;gp_activity;national_multifamily,Other,Apartment,"Wed, 26 Aug 2026 20:32:52 +0000",96,High,Must Read,Other / Unknown,Institutional Flow,Track Institutional Capital Flow,"Track this as institutional capital flow because it mentions major capital players, portfolio transactions, deal size, or cap-rate signals.",High relevance to US residential developer strategy,Read full article,"Included because it scored 96 and mentions apartment, apartments, berkadia, with a Institutional Flow angle for a broad or unspecified market.",No Clear Numeric Signal,,"Boston & New England CRE News In Your Inbox. Sign up for Connect emails to stay informed with CRE stories that are 150 words or less. Boston & New England + Boston + Apartments | August 26, 2026 By: Paul Bubny Berkadia Adds Experienced Multifamily Sales Team in Boston Berkadia has added senior managing directors Kevin Gleason (pictured) and Brendan Shields and director Maggie McFarland to its investment sales platform in Boston. Gleason, Shields and McFarland specialize in multifamily investment","You are a strategic research analyst for Woomi / Woomi Global.
Analyze the following US multifamily housing article for developer strategy.

Article context:
- Title: Berkadia Adds Experienced Multifamily Sales Team in Boston
- Source: Connect CRE
- URL: https://www.connectcre.com/stories/berkadia-adds-experienced-multifamily-sales-team-in-boston/
- Market focus: Other / Unknown
- Strategic angle: Institutional Flow
- Market signal: No Clear Numeric Signal
- Extracted numbers: None detected
- Strategic implication: Track this as institutional capital flow because it mentions major capital players, portfolio transactions, deal size, or cap-rate signals.
- Woomi relevance: High relevance to US residential developer strategy

Please answer in concise bullet points:
1. Why does this article matter for a US multifamily developer?
2. What is the implication for Woomi / Woomi Global?
3. What risk or opportunity does this indicate?
4. What follow-up question should the strategy team ask?",74,Good,missing extracted numbers; missing market focus; missing market signal,"Rule-based interpretation: Connect CRE article 'Berkadia Adds Experienced Multifamily Sales Team in Boston' is classified as priority review for Other / Unknown. It points to institutional capital movement or transaction activity. Treat as a briefing input, not a standalone investment conclusion; confirm with source diversity, repeat observation, and market-specific evidence.",Macro & Financing; Market Players & Deals,apartment; apartments; berkadia; multifamily; sale,Berkadia Adds Experienced Multifamily Sales Team in Boston,https://www.connectcre.com/stories/berkadia-adds-experienced-multifamily-sales-team-in-boston/,No,art_97e918f6885060e3,Other / Unknown,other,Multifamily,,거래/투자,거래/투자; 시장 데이터,No,article page appears accessible from collected text,No,No,standard,art_97e918f6885060e3,https://www.connectcre.com/stories/berkadia-adds-experienced-multifamily-sales-team-in-boston/,Berkadia Adds Experienced Multifamily Sales Team in Boston,open,open,https://www.connectcre.com/stories/berkadia-adds-experienced-multifamily-sales-team-in-boston/,valid,title/source/url metadata are internally consistent,Development Activity,GP / Capital Activity,development_project_anchor: capital event with identifiable project/asset (project/asset term: apartments),new_or_fresh,0,2026-08-26,2026-08-27,1,fresh_0_3d,fresh,published date parsed; article age 1 day(s),100,fresh article or no repeat penalty,,,"no city, state, or market keyword detected",disposition_exit,new_candidate,development article without confirmed capital event,No,Berkadia,,dictionary_match,high,"Matched known institutional / GP entity in title, summary, or source text.",True,project/asset term: apartments,medium,Project / Asset,No,,,Berkadia,,,,Berkadia,,institutional_capital,none,none,none,none,lender_activity,none,unknown,lender,No specific market detected; relevance remains broad.,low,Institutional activity terms detected: lender_activity. Primary topic set to institutional_capital; confidence low.,40,53,platform or fund activity; classification confidence penalty,59
2026-08-27,20260827-041846-c52f941a,2026-08-27 04:18:16,Yield PRO,Core Multifamily News,Tier 1,lease_up_supply;national_multifamily,Other,Multifamily,"Wed, 26 Aug 2026 20:36:14 +0000",90,High,Must Read,Sun Belt,Institutional Flow,Track Institutional Capital Flow,"Track this as institutional capital flow because it mentions major capital players, portfolio transactions, deal size, or cap-rate signals.",High relevance to US residential developer strategy,Read full article,"Included because it scored 90 and mentions berkadia, midwest, multifamily, with a Institutional Flow angle for Sun Belt.",No Clear Numeric Signal,,"Deal boom Midwest-South region News Facebook Twitter Linkedin Berkadia , a distinguished leader in the commercial real estate sector, announced the sale of Charleston Row Townhomes , a 107-unit townhome property in Pineville, North Carolina. Senior Managing Directors Caleb Troop; Director Thomas Colaiezzi; and Associate Directors Matt Robertson and Drew Kwiatkowski of Berkadia Charlotte led the sale on behalf of the seller, Charleston-based Blaze Capital Partners. Charleston Row Townhomes sold o","You are a strategic research analyst for Woomi / Woomi Global.
Analyze the following US multifamily housing article for developer strategy.

Article context:
- Title: Berkadia Completes 107-Unit Multifamily Townhome Property Sale in Charlotte North Carolina
- Source: Yield PRO
- URL: https://yieldpro.com/2026/08/charleston-row-townhomes/
- Market focus: Sun Belt
- Strategic angle: Institutional Flow
- Market signal: No Clear Numeric Signal
- Extracted numbers: None detected
- Strategic implication: Track this as institutional capital flow because it mentions major capital players, portfolio transactions, deal size, or cap-rate signals.
- Woomi relevance: High relevance to US residential developer strategy

Please answer in concise bullet points:
1. Why does this article matter for a US multifamily developer?
2. What is the implication for Woomi / Woomi Global?
3. What risk or opportunity does this indicate?
4. What follow-up question should the strategy team ask?",82,Good,missing extracted numbers; missing market signal,"Rule-based interpretation: Yield PRO article 'Berkadia Completes 107-Unit Multifamily Townhome Property Sale in Charlotte North Carolina' is classified as priority review for Sun Belt. It points to institutional capital movement or transaction activity. Treat as a briefing input, not a standalone investment conclusion; confirm with source diversity, repeat observation, and market-specific evidence.",Macro & Financing; Supply & Demand; Market Players & Deals,berkadia; midwest; multifamily; sale,Berkadia Completes 107-Unit Multifamily Townhome Property Sale in Charlotte North Carolina,https://yieldpro.com/2026/08/charleston-row-townhomes/,No,art_198112ce1eb5d4d4,Charlotte,core_15,Multifamily,transaction/sale; market data/supply-demand,거래/투자,거래/투자; 시장 데이터,No,article page appears accessible from collected text,Yes,No,standard,art_198112ce1eb5d4d4,https://yieldpro.com/2026/08/charleston-row-townhomes/,Berkadia Completes 107-Unit Multifamily Townhome Property Sale in Charlotte North Carolina,open,open,https://yieldpro.com/2026/08/charleston-row-townhomes/,valid,title/source/url metadata are internally consistent,Development Activity,GP / Capital Activity,development_project_anchor: capital event with identifiable project/asset (unit/site count: 107-unit),new_or_fresh,0,2026-08-26,2026-08-27,1,fresh_0_3d,fresh,published date parsed; article age 1 day(s),100,fresh article or no repeat penalty,,,used broad market bucket: Sun Belt,disposition_exit,new_candidate,development article without confirmed capital event,No,Berkadia,Charleston-based Blaze Capital Partners,dictionary_match,high,"Matched known institutional / GP entity in title, summary, or source text.",True,unit/site count: 107-unit,medium,Project / Asset,No,,,Berkadia,,Charleston-based Blaze Capital Partners,Charleston-based Blaze Capital Partners,Berkadia,Charleston-based Blaze Capital Partners,transaction_market,capital_markets; institutional_capital,disposition,none,none,lender_activity,none,unknown,lender; investor,Market reference detected as Sun Belt.,medium,Capital event keywords detected: disposition. Institutional activity terms detected: lender_activity. Primary topic set to transaction_market; confidence medium.,70,53,general market observation with limited strategic behavior evidence,59
2026-08-27,20260827-041846-c52f941a,2026-08-27 04:18:33,REBusiness Online,Site / Parcel Source Expansion,Tier 2,development_pipeline;gp_activity,Other,Affordable Housing,2026-08-26T13:14:30Z,100,High,Must Read,New York City / New York,Financing Risk; Developer Strategy,Track Financing Conditions; Track Developer Strategy,"Monitor financing conditions because the article includes affordable housing, apartment, apartments and $86.2m, $86.2 million, which may affect construction loans, refinancing risk, and exit cap rates.",High relevance to US residential developer strategy,Read full article,"Included because it scored 100 and mentions affordable housing, apartment, apartments, with a Financing Risk; Developer Strategy angle for Los Angeles / California.",Financing Cost Signal,$86.2m; $86.2 million,"Dutch House, a 186-unit apartment building in Queens, was fully occupied at the time of the loan closing. Loans Multifamily New York Northeast Slate Property Group Receives $86.2M Loan for Refinancing of Queens Apartment Complex by Taylor Williams August 26, 2026 August 26, 2026 3 NEW YORK CITY — Locally based developer Slate Property Group has received an $86.2 million loan for the refinancing of Dutch House, a 186-unit apartment complex located in the Long Island City area of Queens. Designed ","You are a strategic research analyst for Woomi / Woomi Global.
Analyze the following US multifamily housing article for developer strategy.

Article context:
- Title: Slate Property Group Receives $86.2M Loan for Refinancing of Queens Apartment Complex
- Source: REBusiness Online
- URL: https://rebusinessonline.com/slate-property-group-receives-86-2m-loan-for-refinancing-of-queens-apartment-complex/
- Market focus: Los Angeles / California
- Strategic angle: Financing Risk; Developer Strategy
- Market signal: Financing Cost Signal
- Extracted numbers: $86.2m; $86.2 million
- Strategic implication: Monitor financing conditions because the article includes affordable housing, apartment, apartments and $86.2m, $86.2 million, which may affect construction loans, refinancing risk, and exit cap rates.
- Woomi relevance: High relevance to US residential developer strategy

Please answer in concise bullet points:
1. Why does this article matter for a US multifamily developer?
2. What is the implication for Woomi / Woomi Global?
3. What risk or opportunity does this indicate?
4. What follow-up question should the strategy team ask?",98,Excellent,None,"Rule-based interpretation: REBusiness Online article 'Slate Property Group Receives $86.2M Loan for Refinancing of Queens Apartment Complex' is classified as priority review for Los Angeles / California. It points to financing, refinancing, or debt-market conditions. Treat as a briefing input, not a standalone investment conclusion; confirm with source diversity, repeat observation, and market-specific evidence.",Macro & Financing; Development Strategy; Policy & Regulation,affordable housing; apartment; apartments; debt; developer; financing; loan; multifamily; refinancing,Slate Property Group Receives $86.2M Loan for Refinancing of Queens Apartment Complex,https://rebusinessonline.com/slate-property-group-receives-86-2m-loan-for-refinancing-of-queens-apartment-complex/,No,art_0670148bdbb8509c,New York / Northern New Jersey,core_15,Affordable Housing,financing/refinancing; policy/regulation,제외/금융,제외/금융,Yes,article page appears accessible from collected text,Yes,No,standard,art_0670148bdbb8509c,https://rebusinessonline.com/slate-property-group-receives-86-2m-loan-for-refinancing-of-queens-apartment-complex/,Slate Property Group Receives $86.2M Loan for Refinancing of Queens Apartment Complex,open,open,https://rebusinessonline.com/slate-property-group-receives-86-2m-loan-for-refinancing-of-queens-apartment-complex/,valid,title/source/url metadata are internally consistent,Development Activity,GP / Capital Activity,development_project_anchor: project financing/capital event tied to project (unit/site count: 186-unit; project/asset term: apartments),new_or_fresh,0,2026-08-26,2026-08-27,1,fresh_0_3d,fresh,published date parsed; article age 1 day(s),100,fresh article or no repeat penalty,New York City,New York,matched city/metro keyword: New York City,refinancing,new_candidate,selected or retained for GP / capital review,Yes,Slate Property Group,Multifamily New York Northeast Slate Property Group,capital_event_sentence,medium,Inferred entity from source text near capital-event language.,True,unit/site count: 186-unit; project/asset term: apartments,high,Project Financing / Capital Event,No,,,Slate Property Group,Slate Property Group,Multifamily New York Northeast Slate Property Group,Multifamily New York Northeast Slate Property Group,Slate Property Group,Multifamily New York Northeast Slate Property Group,capital_markets,supply_demand,refinancing,none,occupancy,none,none,affordable_housing,lender; developer,Market reference detected as New York City / New York.,medium,Capital event keywords detected: refinancing. Supply/demand terms detected: occupancy. Primary topic set to capital_markets; confidence medium.,75,64,large-scale refinance tied to strategy,56
2026-08-27,20260827-041846-c52f941a,2026-08-27 04:18:34,Connect CRE Apartments,Site / Parcel Source Expansion,Tier 2,development_pipeline;gp_activity;national_multifamily,Other,Mixed-Use Residential,"Wed, 26 Aug 2026 14:15:00 +0000",74,Medium,Review,Miami / Florida,Developer Strategy,Track Developer Strategy,"Review for developer strategy because the article may inform site selection, product type, adaptive reuse, build-to-rent, or market entry.",Medium relevance to market monitoring,Track source for follow-up,"Included because it scored 74 and mentions apartment, apartments, construction, with a Developer Strategy angle for Miami / Florida.",No Clear Numeric Signal,,"Florida & Gulf Coast CRE News In Your Inbox. Sign up for Connect emails to stay informed with CRE stories that are 150 words or less. Florida & Gulf Coast + South Florida + Apartments | August 26, 2026 By: Mike Boyd FRP, Woodfield Begin Work on Expansive Estero Development FRP Development Corp, in partnership with Woodfield Development, has started construction on the first phase of its Coconut Road mixed-use development in the Village of Estero, Florida. At 23281 Lyden Drive, across from Coconu","You are a strategic research analyst for Woomi / Woomi Global.
Analyze the following US multifamily housing article for developer strategy.

Article context:
- Title: FRP, Woodfield Begin Work on Expansive Estero Development
- Source: Connect CRE Apartments
- URL: https://www.connectcre.com/stories/frp-woodfield-begin-work-on-expansive-estero-development/
- Market focus: Miami / Florida
- Strategic angle: Developer Strategy
- Market signal: No Clear Numeric Signal
- Extracted numbers: None detected
- Strategic implication: Review for developer strategy because the article may inform site selection, product type, adaptive reuse, build-to-rent, or market entry.
- Woomi relevance: Medium relevance to market monitoring

Please answer in concise bullet points:
1. Why does this article matter for a US multifamily developer?
2. What is the implication for Woomi / Woomi Global?
3. What risk or opportunity does this indicate?
4. What follow-up question should the strategy team ask?",82,Good,missing extracted numbers; missing market signal,"Rule-based interpretation: Connect CRE Apartments article 'FRP, Woodfield Begin Work on Expansive Estero Development' is classified as review for Miami / Florida. It points to development execution or sponsor strategy. Treat as a briefing input, not a standalone investment conclusion; confirm with source diversity, repeat observation, and market-specific evidence.",Development Strategy,apartment; apartments; construction; development,"FRP, Woodfield Begin Work on Expansive Estero Development",https://www.connectcre.com/stories/frp-woodfield-begin-work-on-expansive-estero-development/,No,art_56a37b15cab4e27b,Miami / South Florida,core_15,Mixed-use Residential,,개발/인허가,개발/인허가,No,article page appears accessible from collected text,Yes,No,standard,art_56a37b15cab4e27b,https://www.connectcre.com/stories/frp-woodfield-begin-work-on-expansive-estero-development/,"FRP, Woodfield Begin Work on Expansive Estero Development",open,open,https://www.connectcre.com/stories/frp-woodfield-begin-work-on-expansive-estero-development/,valid,title/source/url metadata are internally consistent,Development Activity,GP / Capital Activity,development_project_anchor: capital event with identifiable project/asset (address/street: 23281 lyden drive; project/asset term: development),new_or_fresh,0,2026-08-26,2026-08-27,1,fresh_0_3d,fresh,published date parsed; article age 1 day(s),100,fresh article or no repeat penalty,Miami,Florida,matched city/metro keyword: Miami,joint_venture,new_candidate,selected or retained for GP / capital review,Yes,Participant not identified,,unresolved,unresolved,"No institution name detected in dictionary, title, summary, or source text.",True,address/street: 23281 lyden drive; project/asset term: development,high,Project / Asset,No,,,,,,,,,institutional_capital,capital_markets,joint_venture,none,none,none,none,mixed_use,developer,Market reference detected as Miami / Florida.,low,Capital event keywords detected: joint_venture. Primary topic set to institutional_capital; confidence low.,60,56,JV or partnership activity; classification confidence penalty,56
2026-08-27,20260827-041846-c52f941a,2026-08-27 04:18:46,Connect CRE California,Regional / California / LA Sources,Tier 2,development_pipeline;entitlement;la_california,Other,Student Housing,"Mon, 24 Aug 2026 21:54:00 +0000",81,High,Review,Los Angeles / California,Developer Strategy,Track Developer Strategy,"Review for developer strategy because the article may inform site selection, product type, adaptive reuse, build-to-rent, or market entry.",Medium relevance to market monitoring,Track source for follow-up,"Included because it scored 81 and mentions construction, development, student housing, with a Developer Strategy angle for Los Angeles / California.",No Clear Numeric Signal,,"California CRE News In Your Inbox. Sign up for Connect emails to stay informed with CRE stories that are 150 words or less. California + Los Angeles + Student Housing | August 24, 2026 By: Paul Bubny Landmark Properties Delivers 1,261-Bed Student Housing Near USC Campus Landmark Properties has delivered The Standard at Los Angeles, a 429-unit, 1,261-bed student housing community at 3900 South Figueroa St., 0.3 miles from the University of Southern California in Los Angeles. It represents Landmar","You are a strategic research analyst for Woomi / Woomi Global.
Analyze the following US multifamily housing article for developer strategy.

Article context:
- Title: Landmark Properties Delivers 1,261-Bed Student Housing Near USC Campus
- Source: Connect CRE California
- URL: https://www.connectcre.com/stories/landmark-properties-delivers-1261-bed-student-housing-near-usc-campus/
- Market focus: Los Angeles / California
- Strategic angle: Developer Strategy
- Market signal: No Clear Numeric Signal
- Extracted numbers: None detected
- Strategic implication: Review for developer strategy because the article may inform site selection, product type, adaptive reuse, build-to-rent, or market entry.
- Woomi relevance: Medium relevance to market monitoring

Please answer in concise bullet points:
1. Why does this article matter for a US multifamily developer?
2. What is the implication for Woomi / Woomi Global?
3. What risk or opportunity does this indicate?
4. What follow-up question should the strategy team ask?",82,Good,missing extracted numbers; missing market signal,"Rule-based interpretation: Connect CRE California article 'Landmark Properties Delivers 1,261-Bed Student Housing Near USC Campus' is classified as review for Los Angeles / California. It points to development execution or sponsor strategy. Treat as a briefing input, not a standalone investment conclusion; confirm with source diversity, repeat observation, and market-specific evidence.",Development Strategy,construction; development; student housing,"Landmark Properties Delivers 1,261-Bed Student Housing Near USC Campus",https://www.connectcre.com/stories/landmark-properties-delivers-1261-bed-student-housing-near-usc-campus/,Yes,art_d22d56a18285e33d,Los Angeles / Southern California,core_15,Student Housing,development,개발/인허가,개발/인허가,No,article page appears accessible from collected text,Yes,No,standard,art_d22d56a18285e33d,https://www.connectcre.com/stories/landmark-properties-delivers-1261-bed-student-housing-near-usc-campus/,"Landmark Properties Delivers 1,261-Bed Student Housing Near USC Campus",open,open,https://www.connectcre.com/stories/landmark-properties-delivers-1261-bed-student-housing-near-usc-campus/,valid,title/source/url metadata are internally consistent,Development Activity,,development_project_anchor: Delivery / Opening (unit/site count: 261-bed; address/street: 3900 south figueroa st; execution milestone: delivers; project/asset term: development),acceptable_repeat,3,2026-08-24,2026-08-27,3,fresh_0_3d,fresh,published date parsed; article age 3 day(s),70,previously seen article,Los Angeles,California,matched city/metro keyword: Los Angeles,none,not_candidate,not a GP / capital candidate,No,,,,,,True,unit/site count: 261-bed; address/street: 3900 south figueroa st; execution milestone: delivers; project/asset term: development,high,Delivery / Opening,No,,,,,,,,,development_pipeline,none,none,delivery,none,none,none,student_housing,developer,Market reference detected as Los Angeles / California.,low,Development-stage terms detected: delivery. Primary topic set to development_pipeline; confidence low.,60,56,development continuation; classification confidence penalty,54
2026-08-27,20260827-041846-c52f941a,2026-08-27 04:18:32,SF YIMBY,Regional / California / LA Sources,Tier 2,development_pipeline;entitlement;la_california,Other,Apartment,"Wed, 26 Aug 2026 12:30:36 +0000",97,High,Must Read,California,Developer Strategy,Track Developer Strategy,"Review for developer strategy because the article may inform site selection, product type, adaptive reuse, build-to-rent, or market entry.",High relevance to US residential developer strategy,Read full article,"Included because it scored 97 and mentions apartment, apartments, developer, with a Developer Strategy angle for California.",No Clear Numeric Signal,408 apartments,"University Station apartments, illustration by KTGY By: Andrew Nelson 5:30 am on August 26, 2026 The Santa Clara Planning Commission is scheduled to review plans tonight to annex a portion of 451 El Camino Real into Santa Clara , Santa Clara County . The move would carve out nearly an acre from San Jose to allow for the development of 408 apartments overlooking the city’s Caltrain Station to occur without crossing city borders. Newport Beach-based Bixby Land Company is the project developer and ","You are a strategic research analyst for Woomi / Woomi Global.
Analyze the following US multifamily housing article for developer strategy.

Article context:
- Title: Meeting Tonight For 451 El Camino Real, Santa Clara
- Source: SF YIMBY
- URL: https://sfyimby.com/2026/08/meeting-tonight-for-451-el-camino-real-santa-clara47661.html
- Market focus: California
- Strategic angle: Developer Strategy
- Market signal: No Clear Numeric Signal
- Extracted numbers: 408 apartments
- Strategic implication: Review for developer strategy because the article may inform site selection, product type, adaptive reuse, build-to-rent, or market entry.
- Woomi relevance: High relevance to US residential developer strategy

Please answer in concise bullet points:
1. Why does this article matter for a US multifamily developer?
2. What is the implication for Woomi / Woomi Global?
3. What risk or opportunity does this indicate?
4. What follow-up question should the strategy team ask?",90,Excellent,missing market signal,"Rule-based interpretation: SF YIMBY article 'Meeting Tonight For 451 El Camino Real, Santa Clara' is classified as priority review for California. It points to development execution or sponsor strategy. Treat as a briefing input, not a standalone investment conclusion; confirm with source diversity, repeat observation, and market-specific evidence.",Development Strategy,apartment; apartments; developer; development,"Meeting Tonight For 451 El Camino Real, Santa Clara",https://sfyimby.com/2026/08/meeting-tonight-for-451-el-camino-real-santa-clara47661.html,No,art_1a0b4161070cc07e,California,other,Multifamily,,개발/인허가,개발/인허가,No,limited source or insufficient readable article text,No,No,access_limited_source,art_1a0b4161070cc07e,https://sfyimby.com/2026/08/meeting-tonight-for-451-el-camino-real-santa-clara47661.html,"Meeting Tonight For 451 El Camino Real, Santa Clara",access_limited,access_limited,https://sfyimby.com/2026/08/meeting-tonight-for-451-el-camino-real-santa-clara47661.html,valid,title/source/url metadata are internally consistent,Development Activity,,development_project_anchor: Approval / Entitlement (unit/site count: 408 apartments; project/asset term: project),new_or_fresh,0,2026-08-26,2026-08-27,1,fresh_0_3d,fresh,published date parsed; article age 1 day(s),88,limited page access,,,used broad market bucket: California,none,not_candidate,not a GP / capital candidate,No,,,,,,True,unit/site count: 408 apartments; project/asset term: project,high,Approval / Entitlement,No,,,,,,,,,other,none,none,none,none,none,none,unknown,developer,Market reference detected as California.,unknown,"Limited/paywalled article; classification is based on title, URL, source, and available lead text only. No clear rule-based event keyword was detected. Primary topic set to other; confidence unknown.",60,47,entitlement persistence; limited article: title/lead-based review needed; classification confidence penalty,47
2026-08-27,20260827-041846-c52f941a,2026-08-27 04:18:34,Connect CRE Apartments,Site / Parcel Source Expansion,Tier 2,development_pipeline;gp_activity;national_multifamily,Other,Mixed-Use Residential,"Wed, 26 Aug 2026 16:38:15 +0000",96,High,Must Read,Houston / Texas,Financing Risk; Developer Strategy,Track Financing Conditions; Track Developer Strategy,"Monitor financing conditions because the article includes apartment, apartments, construction and $165.9m, $165.9 million, which may affect construction loans, refinancing risk, and exit cap rates.",High relevance to US residential developer strategy,Read full article,"Included because it scored 96 and mentions apartment, apartments, construction, with a Financing Risk; Developer Strategy angle for Houston / Texas.",No Clear Numeric Signal,$165.9m; $165.9 million,"Texas CRE News In Your Inbox. Sign up for Connect emails to stay informed with CRE stories that are 150 words or less. Texas + Houston-Galveston + Apartments | August 26, 2026 By: Mike Boyd Southern Land Co. Inks $165.9M Construction Loan for Upper Kirby Mixed-Use Project Southern Land Co. has secured $165.9 million in financing for a mixed-use development underway in Houston’s Upper Kirby area. The Houston Business Journal reports that Bank OZK issued the loan to support the construction of the","You are a strategic research analyst for Woomi / Woomi Global.
Analyze the following US multifamily housing article for developer strategy.

Article context:
- Title: Southern Land Co. Inks $165.9M Construction Loan for Upper Kirby Mixed-Use Project
- Source: Connect CRE Apartments
- URL: https://www.connectcre.com/stories/southern-land-co-inks-165-9m-construction-loan-for-upper-kirby-mixed-use-project/
- Market focus: Houston / Texas
- Strategic angle: Financing Risk; Developer Strategy
- Market signal: No Clear Numeric Signal
- Extracted numbers: $165.9m; $165.9 million
- Strategic implication: Monitor financing conditions because the article includes apartment, apartments, construction and $165.9m, $165.9 million, which may affect construction loans, refinancing risk, and exit cap rates.
- Woomi relevance: High relevance to US residential developer strategy

Please answer in concise bullet points:
1. Why does this article matter for a US multifamily developer?
2. What is the implication for Woomi / Woomi Global?
3. What risk or opportunity does this indicate?
4. What follow-up question should the strategy team ask?",90,Excellent,missing market signal,"Rule-based interpretation: Connect CRE Apartments article 'Southern Land Co. Inks $165.9M Construction Loan for Upper Kirby Mixed-Use Project' is classified as priority review for Houston / Texas. It points to financing, refinancing, or debt-market conditions. Treat as a briefing input, not a standalone investment conclusion; confirm with source diversity, repeat observation, and market-specific evidence.",Macro & Financing; Development Strategy,apartment; apartments; construction; development; financing; loan,Southern Land Co. Inks $165.9M Construction Loan for Upper Kirby Mixed-Use Project,https://www.connectcre.com/stories/southern-land-co-inks-165-9m-construction-loan-for-upper-kirby-mixed-use-project/,No,art_bdf4a9a5ce4ea370,Houston,core_15,Mixed-use Residential,financing/refinancing,제외/금융,제외/금융,Yes,article page appears accessible from collected text,Yes,No,standard,art_bdf4a9a5ce4ea370,https://www.connectcre.com/stories/southern-land-co-inks-165-9m-construction-loan-for-upper-kirby-mixed-use-project/,Southern Land Co. Inks $165.9M Construction Loan for Upper Kirby Mixed-Use Project,open,open,https://www.connectcre.com/stories/southern-land-co-inks-165-9m-construction-loan-for-upper-kirby-mixed-use-project/,valid,title/source/url metadata are internally consistent,Development Activity,GP / Capital Activity,development_project_anchor: project financing/capital event tied to project (project/asset term: project; project financing tied to anchor: construction loan),new_or_fresh,0,2026-08-26,2026-08-27,1,fresh_0_3d,fresh,published date parsed; article age 1 day(s),100,fresh article or no repeat penalty,Houston,Texas,matched city/metro keyword: Houston,construction_financing,new_candidate,selected or retained for GP / capital review,Yes,Participant not identified,,unresolved,unresolved,"No institution name detected in dictionary, title, summary, or source text.",True,project/asset term: project; project financing tied to anchor: construction loan,high,Project Financing / Capital Event,No,,,,,,,,,capital_markets,none,construction_financing,none,none,none,construction_loan,mixed_use,lender; developer,Market reference detected as Houston / Texas.,high,Capital event keywords detected: construction_financing. Financing type keywords detected: construction_loan. Primary topic set to capital_markets; confidence high.,75,54,general market observation with limited strategic behavior evidence,46
2026-08-27,20260827-041846-c52f941a,2026-08-27 04:18:17,Yield PRO,Core Multifamily News,Tier 1,lease_up_supply;national_multifamily,Other,Apartment,"Wed, 26 Aug 2026 19:22:38 +0000",82,High,Review,Denver / Colorado,Developer Strategy,Track Developer Strategy,"Review for developer strategy because the article may inform site selection, product type, adaptive reuse, build-to-rent, or market entry.",Medium relevance to market monitoring,Track source for follow-up,"Included because it scored 82 and mentions apartment, apartments, development, with a Developer Strategy angle for Denver / Colorado.",No Clear Numeric Signal,60%,"Deal boom Mountain region News Facebook Twitter Linkedin Cross Street , a full-service residential real estate firm, and First Stone Development announced the opening of The Vesper on Tennyson , a new 34-unit boutique apartment community at 4345 N. Tennyson St. in Denver’s Berkeley neighborhood. The four-story mid-rise community is now welcoming residents and has already seen strong interest as it surpasses 60% leased. The Vesper on Tennyson offers a mix of one- and two-bedroom floor plans, incl","You are a strategic research analyst for Woomi / Woomi Global.
Analyze the following US multifamily housing article for developer strategy.

Article context:
- Title: The Vesper on Tennyson Apartments Now Leasing in Denver’s Historic Berkeley Neighborhood
- Source: Yield PRO
- URL: https://yieldpro.com/2026/08/the-vesper-on-tennyson-apartments/
- Market focus: Denver / Colorado
- Strategic angle: Developer Strategy
- Market signal: No Clear Numeric Signal
- Extracted numbers: 60%
- Strategic implication: Review for developer strategy because the article may inform site selection, product type, adaptive reuse, build-to-rent, or market entry.
- Woomi relevance: Medium relevance to market monitoring

Please answer in concise bullet points:
1. Why does this article matter for a US multifamily developer?
2. What is the implication for Woomi / Woomi Global?
3. What risk or opportunity does this indicate?
4. What follow-up question should the strategy team ask?",90,Excellent,missing market signal,"Rule-based interpretation: Yield PRO article 'The Vesper on Tennyson Apartments Now Leasing in Denver’s Historic Berkeley Neighborhood' is classified as review for Denver / Colorado. It points to development execution or sponsor strategy. Treat as a briefing input, not a standalone investment conclusion; confirm with source diversity, repeat observation, and market-specific evidence.",Development Strategy,apartment; apartments; development,The Vesper on Tennyson Apartments Now Leasing in Denver’s Historic Berkeley Neighborhood,https://yieldpro.com/2026/08/the-vesper-on-tennyson-apartments/,No,art_5eb46eb526d5f849,Denver,core_15,Multifamily,,개발/인허가,개발/인허가; 운영/임대,No,article page appears accessible from collected text,Yes,No,standard,art_5eb46eb526d5f849,https://yieldpro.com/2026/08/the-vesper-on-tennyson-apartments/,The Vesper on Tennyson Apartments Now Leasing in Denver’s Historic Berkeley Neighborhood,open,open,https://yieldpro.com/2026/08/the-vesper-on-tennyson-apartments/,valid,title/source/url metadata are internally consistent,Development Activity,,development_project_anchor: Leasing / Lease-Up (unit/site count: 34-unit; address/street: 4345 n. tennyson st; execution milestone: leasing; project/asset term: development),new_or_fresh,0,2026-08-26,2026-08-27,1,fresh_0_3d,fresh,published date parsed; article age 1 day(s),100,fresh article or no repeat penalty,Denver,Colorado,matched city/metro keyword: Denver,none,not_candidate,not a GP / capital candidate,No,,,,,,True,unit/site count: 34-unit; address/street: 4345 n. tennyson st; execution milestone: leasing; project/asset term: development,high,Leasing / Lease-Up,No,,,,,,,,,development_pipeline,none,none,delivery,none,none,none,unknown,developer,Market reference detected as Denver / Colorado.,low,Development-stage terms detected: delivery. Primary topic set to development_pipeline; confidence low.,60,40,classification confidence penalty,46
2026-08-27,20260827-041846-c52f941a,2026-08-27 04:18:40,Connect CRE Atlanta,Site / Parcel Source Expansion,Tier 2,development_pipeline;gp_activity;sunbelt,Other,Apartment,"Wed, 26 Aug 2026 13:55:55 +0000",77,Medium,Review,Atlanta / Georgia,Developer Strategy,Track Developer Strategy,"Review for developer strategy because the article may inform site selection, product type, adaptive reuse, build-to-rent, or market entry.",Medium relevance to market monitoring,Track source for follow-up,"Included because it scored 77 and mentions apartment, apartments, construction, with a Developer Strategy angle for Atlanta / Georgia.",No Clear Numeric Signal,,"Atlanta & Southeast News In Your Inbox Sign up for Connect emails to stay informed with CRE stories that are 150 words or less. Atlanta & Southeast + Atlanta + Apartments | August 26, 2026 By: Mike Boyd Thompson Thrift Pursuing 319-Unit Powder Springs Rental Community Thompson Thrift is moving ahead on Avira at Silver Comet Trail , a 319-unit multifamily community in the Atlanta suburb of Powder Springs. Construction is underway with resident move-ins expected to begin in October 2027. Located a","You are a strategic research analyst for Woomi / Woomi Global.
Analyze the following US multifamily housing article for developer strategy.

Article context:
- Title: Thompson Thrift Pursuing 319-Unit Powder Springs Rental Community
- Source: Connect CRE Atlanta
- URL: https://www.connectcre.com/stories/thompson-thrift-pursuing-319-unit-powder-springs-rental-community/
- Market focus: Atlanta / Georgia
- Strategic angle: Developer Strategy
- Market signal: No Clear Numeric Signal
- Extracted numbers: None detected
- Strategic implication: Review for developer strategy because the article may inform site selection, product type, adaptive reuse, build-to-rent, or market entry.
- Woomi relevance: Medium relevance to market monitoring

Please answer in concise bullet points:
1. Why does this article matter for a US multifamily developer?
2. What is the implication for Woomi / Woomi Global?
3. What risk or opportunity does this indicate?
4. What follow-up question should the strategy team ask?",82,Good,missing extracted numbers; missing market signal,"Rule-based interpretation: Connect CRE Atlanta article 'Thompson Thrift Pursuing 319-Unit Powder Springs Rental Community' is classified as review for Atlanta / Georgia. It points to development execution or sponsor strategy. Treat as a briefing input, not a standalone investment conclusion; confirm with source diversity, repeat observation, and market-specific evidence.",Development Strategy,apartment; apartments; construction; multifamily,Thompson Thrift Pursuing 319-Unit Powder Springs Rental Community,https://www.connectcre.com/stories/thompson-thrift-pursuing-319-unit-powder-springs-rental-community/,No,art_5ad1aa724056ba5a,Atlanta,core_15,Multifamily,,개발/인허가,개발/인허가; 운영/임대,No,article page appears accessible from collected text,Yes,No,standard,art_5ad1aa724056ba5a,https://www.connectcre.com/stories/thompson-thrift-pursuing-319-unit-powder-springs-rental-community/,Thompson Thrift Pursuing 319-Unit Powder Springs Rental Community,open,open,https://www.connectcre.com/stories/thompson-thrift-pursuing-319-unit-powder-springs-rental-community/,valid,title/source/url metadata are internally consistent,Development Activity,,development_project_anchor: Project / Asset (unit/site count: 319-unit; project/asset term: community),new_or_fresh,0,2026-08-26,2026-08-27,1,fresh_0_3d,fresh,published date parsed; article age 1 day(s),100,fresh article or no repeat penalty,Atlanta,Georgia,matched city/metro keyword: Atlanta,none,not_candidate,not a GP / capital candidate,No,,,,,,True,unit/site count: 319-unit; project/asset term: community,high,Project / Asset,No,,,,,,,,,development_pipeline,none,none,lease_up,none,none,none,unknown,developer,Market reference detected as Atlanta / Georgia.,low,Development-stage terms detected: lease_up. Primary topic set to development_pipeline; confidence low.,60,40,classification confidence penalty,46
2026-08-27,20260827-041846-c52f941a,2026-08-27 04:18:16,Yield PRO,Core Multifamily News,Tier 1,lease_up_supply;national_multifamily,Other,Affordable Housing,"Wed, 26 Aug 2026 19:41:57 +0000",73,Medium,Review,National,Supply Pressure; Developer Strategy,Track Supply Pipeline; Track Developer Strategy,"Review this as a supply risk signal because it references new deliveries, starts, pipeline, or permits in National.",Medium relevance to market monitoring,Track source for follow-up,"Included because it scored 73 and mentions developer, development, lease-up, with a Supply Pressure; Developer Strategy angle for National.",No Clear Numeric Signal,,"Uncategorized Facebook Twitter Linkedin Habitat , a leading U.S. multifamily developer and property manager announced two significant milestones in its efforts to bring new mixed-use and mixed-income developments to Chicago: the financial closing of the first residential phase of the LeClaire Courts redevelopment in Garfield Ridge and the full lease-up of The Junction at OC Living , the second residential phase of its Ogden Commons development in North Lawndale. Both milestones underscore the ne","You are a strategic research analyst for Woomi / Woomi Global.
Analyze the following US multifamily housing article for developer strategy.

Article context:
- Title: Habitat Announces Multifamily Mixed-Income Project The Junction at Ogden Commons is Fully Leased
- Source: Yield PRO
- URL: https://yieldpro.com/2026/08/the-junction-at-ogden-commons/
- Market focus: National
- Strategic angle: Supply Pressure; Developer Strategy
- Market signal: No Clear Numeric Signal
- Extracted numbers: None detected
- Strategic implication: Review this as a supply risk signal because it references new deliveries, starts, pipeline, or permits in National.
- Woomi relevance: Medium relevance to market monitoring

Please answer in concise bullet points:
1. Why does this article matter for a US multifamily developer?
2. What is the implication for Woomi / Woomi Global?
3. What risk or opportunity does this indicate?
4. What follow-up question should the strategy team ask?",82,Good,missing extracted numbers; missing market signal,"Rule-based interpretation: Yield PRO article 'Habitat Announces Multifamily Mixed-Income Project The Junction at Ogden Commons is Fully Leased' is classified as review for National. It points to supply, delivery, lease-up, or absorption conditions. Treat as a briefing input, not a standalone investment conclusion; confirm with source diversity, repeat observation, and market-specific evidence.",Development Strategy,developer; development; lease-up; multifamily,Habitat Announces Multifamily Mixed-Income Project The Junction at Ogden Commons is Fully Leased,https://yieldpro.com/2026/08/the-junction-at-ogden-commons/,No,art_515277a2a7da34c4,Other / Unknown,other,Affordable Housing,delivery/completion; market data/supply-demand,개발/인허가,개발/인허가; 운영/임대; 시장 데이터,No,article page appears accessible from collected text,No,No,standard,art_515277a2a7da34c4,https://yieldpro.com/2026/08/the-junction-at-ogden-commons/,Habitat Announces Multifamily Mixed-Income Project The Junction at Ogden Commons is Fully Leased,open,open,https://yieldpro.com/2026/08/the-junction-at-ogden-commons/,valid,title/source/url metadata are internally consistent,Development Activity,,development_project_anchor: Leasing / Lease-Up (execution milestone: lease-up; project/asset term: project),new_or_fresh,0,2026-08-26,2026-08-27,1,fresh_0_3d,fresh,published date parsed; article age 1 day(s),100,fresh article or no repeat penalty,,,used broad market bucket: National,none,not_candidate,not a GP / capital candidate,No,,,,,,True,execution milestone: lease-up; project/asset term: project,high,Leasing / Lease-Up,No,,,,,,,,,development_pipeline,supply_demand,none,lease_up; redevelopment,supply_pressure,none,none,mixed_use,property_manager; developer,Market reference detected as National.,medium,"Development-stage terms detected: lease_up, redevelopment. Supply/demand terms detected: supply_pressure. Primary topic set to development_pipeline; confidence medium.",60,40,lease-up or absorption behavior; thin PR language,46
2026-08-27,20260827-041846-c52f941a,2026-08-27 04:18:29,Urbanize LA,Regional / California / LA Sources,Tier 2,development_pipeline;entitlement;la_california,Other,Affordable Housing,"Wed, 26 Aug 2026 13:05:00 +0000",100,High,Must Read,California,Developer Strategy,Track Developer Strategy,"Review this as a supply risk signal because it references new deliveries, starts, pipeline, or permits in California.",High relevance to US residential developer strategy,Read full article,"Included because it scored 100 and mentions affordable housing, apartment, apartments, with a Developer Strategy angle for California.",Supply / Starts Signal,40 apartments; 39 units; 50 apartments,"Affordable housing on the rise at 728 Lagoon Ave. in Wilmington | Urbanize LA Skip to main content Advertisement Advertisement Wood framing is rapidly taking shape for a new affordable housing complex in Wilmington , per a recent update from G.B. Construction. Safe Harbor II, a project from Holos Communities , broke ground earlier this year at 728 Lagoon Avenue. The four-story complex is to feature 40 apartments, including 39 units of supportive housing. A landing page on the Holos Communities w","You are a strategic research analyst for Woomi / Woomi Global.
Analyze the following US multifamily housing article for developer strategy.

Article context:
- Title: Affordable housing on the rise at 728 Lagoon Ave. in Wilmington
- Source: Urbanize LA
- URL: https://la.urbanize.city/post/affordable-housing-rise-728-lagoon-ave-wilmington
- Market focus: California
- Strategic angle: Developer Strategy
- Market signal: Supply / Starts Signal
- Extracted numbers: 40 apartments; 39 units; 50 apartments
- Strategic implication: Review this as a supply risk signal because it references new deliveries, starts, pipeline, or permits in California.
- Woomi relevance: High relevance to US residential developer strategy

Please answer in concise bullet points:
1. Why does this article matter for a US multifamily developer?
2. What is the implication for Woomi / Woomi Global?
3. What risk or opportunity does this indicate?
4. What follow-up question should the strategy team ask?",98,Excellent,None,"Rule-based interpretation: Urbanize LA article 'Affordable housing on the rise at 728 Lagoon Ave. in Wilmington' is classified as priority review for California. It points to supply, delivery, lease-up, or absorption conditions. Treat as a briefing input, not a standalone investment conclusion; confirm with source diversity, repeat observation, and market-specific evidence.",Development Strategy; Policy & Regulation,affordable housing; apartment; apartments; construction; development,Affordable housing on the rise at 728 Lagoon Ave. in Wilmington,https://la.urbanize.city/post/affordable-housing-rise-728-lagoon-ave-wilmington,No,art_143684b1422a7175,Los Angeles / Southern California,core_15,Affordable Housing,policy/regulation,개발/인허가,개발/인허가,No,limited source or insufficient readable article text,Yes,No,access_limited_source,art_143684b1422a7175,https://la.urbanize.city/post/affordable-housing-rise-728-lagoon-ave-wilmington,Affordable housing on the rise at 728 Lagoon Ave. in Wilmington,access_limited,access_limited,https://la.urbanize.city/post/affordable-housing-rise-728-lagoon-ave-wilmington,valid,title/source/url metadata are internally consistent,Development Activity,Market Intelligence,development_project_anchor: Construction Start (unit/site count: 40 apartments; address/street: 728 lagoon ave; execution milestone: broke ground; project/asset term: project),new_or_fresh,0,2026-08-26,2026-08-27,1,fresh_0_3d,fresh,published date parsed; article age 1 day(s),88,limited page access,,,used broad market bucket: California,none,not_candidate,not a GP / capital candidate,No,,,,,,True,unit/site count: 40 apartments; address/street: 728 lagoon ave; execution milestone: broke ground; project/asset term: project,high,Construction Start,No,,,,,,,,,research_data,none,none,none,none,none,none,affordable_housing,developer,Market reference detected as California.,unknown,"Limited/paywalled article; classification is based on title, URL, source, and available lead text only. No clear rule-based event keyword was detected. Primary topic set to research_data; confidence unknown.",60,48,development continuation; limited article: title/lead-based review needed; classification confidence penalty,44
2026-08-27,20260827-041846-c52f941a,2026-08-27 04:18:29,Urbanize LA,Regional / California / LA Sources,Tier 2,development_pipeline;entitlement;la_california,Other,Affordable Housing,"Tue, 25 Aug 2026 13:10:00 +0000",100,High,Must Read,Colorado,Rent Growth / Demand; Regulation Risk; Developer Strategy,Track Rent / Vacancy Trend; Track Regulation Risk; Track Developer Strategy,"Review this as a supply risk signal because it references new deliveries, starts, pipeline, or permits in Colorado.",High relevance to US residential developer strategy,Read full article,"Included because it scored 100 and mentions affordable housing, apartment, apartments, with a Rent Growth / Demand; Regulation Risk; Developer Strategy angle for Colorado.",Supply / Starts Signal,144 apartments,"Affordable housing slated for 2000 E. Colorado Blvd. in Pasadena | Urbanize LA Skip to main content Advertisement Advertisement Meta Housing Corp. has plans for yet another affordable housing development in Pasadena, according to a presentation to the City's Design Commission. Slated for a commercial site at 2000 E. Colorado Boulevard, the project calls for the construction of a new six-story building featuring 144 one-, two-, and three-bedroom apartments (including one market-rate manager's uni","You are a strategic research analyst for Woomi / Woomi Global.
Analyze the following US multifamily housing article for developer strategy.

Article context:
- Title: Affordable housing slated for 2000 E. Colorado Blvd. in Pasadena
- Source: Urbanize LA
- URL: https://la.urbanize.city/post/affordable-housing-slated-2000-e-colorado-blvd-pasadena
- Market focus: Colorado
- Strategic angle: Rent Growth / Demand; Regulation Risk; Developer Strategy
- Market signal: Supply / Starts Signal
- Extracted numbers: 144 apartments
- Strategic implication: Review this as a supply risk signal because it references new deliveries, starts, pipeline, or permits in Colorado.
- Woomi relevance: High relevance to US residential developer strategy

Please answer in concise bullet points:
1. Why does this article matter for a US multifamily developer?
2. What is the implication for Woomi / Woomi Global?
3. What risk or opportunity does this indicate?
4. What follow-up question should the strategy team ask?",98,Excellent,None,"Rule-based interpretation: Urbanize LA article 'Affordable housing slated for 2000 E. Colorado Blvd. in Pasadena' is classified as priority review for Colorado. It points to supply, delivery, lease-up, or absorption conditions. Treat as a briefing input, not a standalone investment conclusion; confirm with source diversity, repeat observation, and market-specific evidence.",Supply & Demand; Development Strategy; Policy & Regulation,affordable housing; apartment; apartments; concession; concessions; construction; density bonus; development; zoning,Affordable housing slated for 2000 E. Colorado Blvd. in Pasadena,https://la.urbanize.city/post/affordable-housing-slated-2000-e-colorado-blvd-pasadena,Yes,art_cf78008ecca7595a,Los Angeles / Southern California,core_15,Affordable Housing,development; permit/entitlement; policy/regulation; market data/supply-demand; rent/occupancy/absorption,개발/인허가,개발/인허가; 운영/임대; 시장 데이터,No,limited source or insufficient readable article text,Yes,No,access_limited_source,art_cf78008ecca7595a,https://la.urbanize.city/post/affordable-housing-slated-2000-e-colorado-blvd-pasadena,Affordable housing slated for 2000 E. Colorado Blvd. in Pasadena,access_limited,access_limited,https://la.urbanize.city/post/affordable-housing-slated-2000-e-colorado-blvd-pasadena,valid,title/source/url metadata are internally consistent,Development Activity,Market Intelligence,development_project_anchor: Approval / Entitlement (address/street: 2000 e. colorado blvd; site/parcel signal: site; project/asset term: project),acceptable_repeat,2,2026-08-25,2026-08-27,2,fresh_0_3d,fresh,published date parsed; article age 2 day(s),62,previously seen article; limited page access,,Colorado,matched state keyword: Colorado,none,not_candidate,not a GP / capital candidate,No,,,,,,True,address/street: 2000 e. colorado blvd; site/parcel signal: site; project/asset term: project,high,Approval / Entitlement,No,,,,,,,,,research_data,none,none,none,none,none,none,affordable_housing,developer,Market reference detected as Colorado.,unknown,"Limited/paywalled article; classification is based on title, URL, source, and available lead text only. No clear rule-based event keyword was detected. Primary topic set to research_data; confidence unknown.",45,55,entitlement persistence; lease-up or absorption behavior; limited article: title/lead-based review needed; classification confidence penalty,43
2026-08-27,20260827-041846-c52f941a,2026-08-27 04:18:16,Yield PRO,Core Multifamily News,Tier 1,lease_up_supply;national_multifamily,Other,Mixed-Use Residential,"Wed, 26 Aug 2026 20:27:02 +0000",75,Medium,Review,Georgia,Regulation Risk; Developer Strategy,Track Regulation Risk; Track Developer Strategy,"Monitor regulation risk because the article may affect entitlement, zoning, rent rules, affordability requirements, or permitting strategy.",Medium relevance to market monitoring,Track source for follow-up,"Included because it scored 75 and mentions developer, development, midwest, with a Regulation Risk; Developer Strategy angle for Georgia.",No Clear Numeric Signal,,"Deal boom Midwest-South region News Facebook Twitter Linkedin Woodfield Development , one of the nation’s top 20 developers of Class A multifamily communities, announced plans for a new 320-unit residential community within Ashford Green in Brookhaven, Georgia, following City approval of the rezoning necessary to advance the project. Located on approximately five acres at 4170 Ashford Dunwoody Road NE, the planned multifamily development will become part of the broader Ashford Green mixed-use ca","You are a strategic research analyst for Woomi / Woomi Global.
Analyze the following US multifamily housing article for developer strategy.

Article context:
- Title: Woodfield Development Announces Plans for Ashford Green Multifamily Community in Brookhaven
- Source: Yield PRO
- URL: https://yieldpro.com/2026/08/ashford-green-in-brookhaven/
- Market focus: Georgia
- Strategic angle: Regulation Risk; Developer Strategy
- Market signal: No Clear Numeric Signal
- Extracted numbers: None detected
- Strategic implication: Monitor regulation risk because the article may affect entitlement, zoning, rent rules, affordability requirements, or permitting strategy.
- Woomi relevance: Medium relevance to market monitoring

Please answer in concise bullet points:
1. Why does this article matter for a US multifamily developer?
2. What is the implication for Woomi / Woomi Global?
3. What risk or opportunity does this indicate?
4. What follow-up question should the strategy team ask?",82,Good,missing extracted numbers; missing market signal,"Rule-based interpretation: Yield PRO article 'Woodfield Development Announces Plans for Ashford Green Multifamily Community in Brookhaven' is classified as review for Georgia. It points to entitlement, zoning, permitting, or policy conditions. Treat as a briefing input, not a standalone investment conclusion; confirm with source diversity, repeat observation, and market-specific evidence.",Supply & Demand; Development Strategy,developer; development; midwest; multifamily; zoning,Woodfield Development Announces Plans for Ashford Green Multifamily Community in Brookhaven,https://yieldpro.com/2026/08/ashford-green-in-brookhaven/,No,art_e54a4300450bbe85,Georgia,other,Mixed-use Residential,development; permit/entitlement; policy/regulation; market data/supply-demand,개발/인허가,개발/인허가; 시장 데이터,No,article page appears accessible from collected text,No,No,standard,art_e54a4300450bbe85,https://yieldpro.com/2026/08/ashford-green-in-brookhaven/,Woodfield Development Announces Plans for Ashford Green Multifamily Community in Brookhaven,open,open,https://yieldpro.com/2026/08/ashford-green-in-brookhaven/,valid,title/source/url metadata are internally consistent,Development Activity,,development_project_anchor: Approval / Entitlement (unit/site count: 320-unit; address/street: 4170 ashford dunwoody road; project/asset term: project),new_or_fresh,0,2026-08-26,2026-08-27,1,fresh_0_3d,fresh,published date parsed; article age 1 day(s),100,fresh article or no repeat penalty,,Georgia,matched state keyword: Georgia,none,not_candidate,not a GP / capital candidate,No,,,,,,True,unit/site count: 320-unit; address/street: 4170 ashford dunwoody road; project/asset term: project,high,Approval / Entitlement,No,,,,,,,,,development_pipeline,none,none,entitlement; zoning,none,none,none,mixed_use,developer,Market reference detected as Georgia.,low,"Development-stage terms detected: entitlement, zoning. Primary topic set to development_pipeline; confidence low.",75,37,entitlement persistence; thin PR language; classification confidence penalty,43
2026-08-27,20260827-041846-c52f941a,2026-08-27 04:18:18,Connect CRE,Core Multifamily News,Tier 1,development_pipeline;gp_activity;national_multifamily,Other,Workforce Housing,"Wed, 26 Aug 2026 21:06:18 +0000",93,High,Must Read,Other / Unknown,Financing Risk,Track Financing Conditions,"Monitor financing conditions because the article includes apartment, apartments, financing and $8.018 million, which may affect construction loans, refinancing risk, and exit cap rates.",High relevance to US residential developer strategy,Read full article,"Included because it scored 93 and mentions apartment, apartments, financing, with a Financing Risk angle for a broad or unspecified market.",No Clear Numeric Signal,$8.018 million,"Chicago & Midwest CRE News In Your Inbox. Sign up for Connect emails to stay informed with CRE stories that are 150 words or less. Chicago & Midwest + Midwest + Apartments | August 26, 2026 By: Jasmine Kilman CPC Mortgage Company Secures Financing for Michigan Workforce Housing Project CPC Mortgage Company, a subsidiary of The Community Preservation Corporation (CPC) , has structured an $8.018 million permanent loan for Riverbend at Capital, a to-be-built 80-unit affordable and workforce housing","You are a strategic research analyst for Woomi / Woomi Global.
Analyze the following US multifamily housing article for developer strategy.

Article context:
- Title: CPC Mortgage Company Secures Financing for Michigan Workforce Housing Project
- Source: Connect CRE
- URL: https://www.connectcre.com/stories/cpc-mortgage-company-secures-financing-for-michigan-workforce-housing-project/
- Market focus: Other / Unknown
- Strategic angle: Financing Risk
- Market signal: No Clear Numeric Signal
- Extracted numbers: $8.018 million
- Strategic implication: Monitor financing conditions because the article includes apartment, apartments, financing and $8.018 million, which may affect construction loans, refinancing risk, and exit cap rates.
- Woomi relevance: High relevance to US residential developer strategy

Please answer in concise bullet points:
1. Why does this article matter for a US multifamily developer?
2. What is the implication for Woomi / Woomi Global?
3. What risk or opportunity does this indicate?
4. What follow-up question should the strategy team ask?",82,Good,missing market focus; missing market signal,"Rule-based interpretation: Connect CRE article 'CPC Mortgage Company Secures Financing for Michigan Workforce Housing Project' is classified as priority review for Other / Unknown. It points to financing, refinancing, or debt-market conditions. Treat as a briefing input, not a standalone investment conclusion; confirm with source diversity, repeat observation, and market-specific evidence.",Macro & Financing; Supply & Demand,apartment; apartments; financing; loan; midwest; workforce housing,CPC Mortgage Company Secures Financing for Michigan Workforce Housing Project,https://www.connectcre.com/stories/cpc-mortgage-company-secures-financing-for-michigan-workforce-housing-project/,No,art_0af98621b3b25866,Other / Unknown,other,Workforce Housing,financing/refinancing; market data/supply-demand,제외/금융,제외/금융,Yes,article page appears accessible from collected text,No,No,standard,art_0af98621b3b25866,https://www.connectcre.com/stories/cpc-mortgage-company-secures-financing-for-michigan-workforce-housing-project/,CPC Mortgage Company Secures Financing for Michigan Workforce Housing Project,open,open,https://www.connectcre.com/stories/cpc-mortgage-company-secures-financing-for-michigan-workforce-housing-project/,valid,title/source/url metadata are internally consistent,Development Activity,GP / Capital Activity,development_project_anchor: capital event with identifiable project/asset (unit/site count: 80-unit; project/asset term: project),new_or_fresh,0,2026-08-26,2026-08-27,1,fresh_0_3d,fresh,published date parsed; article age 1 day(s),100,fresh article or no repeat penalty,,,"no city, state, or market keyword detected",debt_financing,new_candidate,selected or retained for GP / capital review,Yes,Participant not identified,,unresolved,unresolved,"No institution name detected in dictionary, title, summary, or source text.",True,unit/site count: 80-unit; project/asset term: project,high,Project / Asset,No,,,,,,,,,capital_markets,none,permanent_loan,none,none,none,permanent_financing,affordable_housing; workforce_housing,lender,No specific market detected; treated as broader capital markets context.,medium,Capital event keywords detected: permanent_loan. Financing type keywords detected: permanent_financing. Primary topic set to capital_markets; confidence medium.,60,50,general market observation with limited strategic behavior evidence,42
2026-08-27,20260827-041846-c52f941a,2026-08-27 04:18:30,Urbanize LA,Regional / California / LA Sources,Tier 2,development_pipeline;entitlement;la_california,Other,Student Housing,"Tue, 25 Aug 2026 13:05:00 +0000",74,Medium,Review,Santa Monica / California,Developer Strategy,Track Developer Strategy,"Review for developer strategy because the article may inform site selection, product type, adaptive reuse, build-to-rent, or market entry.",Medium relevance to market monitoring,Track source for follow-up,"Included because it scored 74 and mentions construction, multifamily, with a Developer Strategy angle for Santa Monica / California.",No Clear Numeric Signal,$50m; $50,"CLARE|MATRIX moves forward with $50M expansion plan in Santa Monica | Urbanize LA Skip to main content Advertisement Advertisement The operators of a behavioral health and substance use disorder treatment center in Santa Monica are looking to raze and redevelop their property with a new facility. The CLARE|MATRIX Pico Campus, located at 901 W. Pico Boulevard, has been in operation since the 1970s. Plans call for demolishing three existing buildings to clear the way for a new four-story, approxim","You are a strategic research analyst for Woomi / Woomi Global.
Analyze the following US multifamily housing article for developer strategy.

Article context:
- Title: CLARE|MATRIX moves forward with $50M expansion plan in Santa Monica
- Source: Urbanize LA
- URL: https://la.urbanize.city/post/clarematrix-moves-forward-50m-expansion-plan-santa-monica
- Market focus: Santa Monica / California
- Strategic angle: Developer Strategy
- Market signal: No Clear Numeric Signal
- Extracted numbers: $50m; $50
- Strategic implication: Review for developer strategy because the article may inform site selection, product type, adaptive reuse, build-to-rent, or market entry.
- Woomi relevance: Medium relevance to market monitoring

Please answer in concise bullet points:
1. Why does this article matter for a US multifamily developer?
2. What is the implication for Woomi / Woomi Global?
3. What risk or opportunity does this indicate?
4. What follow-up question should the strategy team ask?",90,Excellent,missing market signal,"Rule-based interpretation: Urbanize LA article 'CLARE|MATRIX moves forward with $50M expansion plan in Santa Monica' is classified as review for Santa Monica / California. It points to development execution or sponsor strategy. Treat as a briefing input, not a standalone investment conclusion; confirm with source diversity, repeat observation, and market-specific evidence.",Development Strategy,construction; multifamily,CLARE|MATRIX moves forward with $50M expansion plan in Santa Monica,https://la.urbanize.city/post/clarematrix-moves-forward-50m-expansion-plan-santa-monica,Yes,art_18c9c1ee37afc1b2,Los Angeles / Southern California,core_15,Student Housing,,개발/인허가,개발/인허가,No,limited source or insufficient readable article text,Yes,No,access_limited_source,art_18c9c1ee37afc1b2,https://la.urbanize.city/post/clarematrix-moves-forward-50m-expansion-plan-santa-monica,CLARE|MATRIX moves forward with $50M expansion plan in Santa Monica,access_limited,access_limited,https://la.urbanize.city/post/clarematrix-moves-forward-50m-expansion-plan-santa-monica,valid,title/source/url metadata are internally consistent,Development Activity,GP / Capital Activity,development_project_anchor: capital event with identifiable project/asset (address/street: 901 w. pico boulevard),acceptable_repeat,2,2026-08-25,2026-08-27,2,fresh_0_3d,fresh,published date parsed; article age 2 day(s),62,previously seen article; limited page access,Santa Monica,California,matched city/metro keyword: Santa Monica,none,not_candidate,not a GP / capital candidate,No,,,,,,True,address/street: 901 w. pico boulevard,medium,Project / Asset,No,,,,,,,,,other,none,none,none,none,none,none,unknown,developer,Market reference detected as Santa Monica / California.,unknown,"Limited/paywalled article; classification is based on title, URL, source, and available lead text only. No clear rule-based event keyword was detected. Primary topic set to other; confidence unknown.",60,50,sponsor expansion; limited article: title/lead-based review needed; classification confidence penalty,42
2026-08-27,20260827-041846-c52f941a,2026-08-27 04:18:45,Connect CRE California,Regional / California / LA Sources,Tier 2,development_pipeline;entitlement;la_california,Other,General Residential,"Tue, 25 Aug 2026 20:40:08 +0000",64,Medium,Monitor,California,Financing Risk,Track Financing Conditions,"Monitor financing conditions because the article includes cbre, debt, financing and $147m, $147.5 million, which may affect construction loans, refinancing risk, and exit cap rates.",High relevance to US residential developer strategy,Add to weekly strategy memo,"Included because it scored 64 and mentions cbre, debt, financing, with a Financing Risk angle for California.",Financing Cost Signal,$147m; $147.5 million,"California CRE News In Your Inbox. Sign up for Connect emails to stay informed with CRE stories that are 150 words or less. California + Bay Area + Office | August 25, 2026 By: Paul Bubny Newly Built Mountain View Offices Secure $147M Financing CBRE arranged $147.5 million in financing for 750 Moffett, a newly completed 221,788-square-foot Class A office property in Mountain View. The building is fully leased to an investment-grade technology company. A CBRE Debt & Structured Finance team led by","You are a strategic research analyst for Woomi / Woomi Global.
Analyze the following US multifamily housing article for developer strategy.

Article context:
- Title: Newly Built Mountain View Offices Secure $147M Financing
- Source: Connect CRE California
- URL: https://www.connectcre.com/stories/newly-built-mountain-view-offices-secure-147m-financing/
- Market focus: California
- Strategic angle: Financing Risk
- Market signal: Financing Cost Signal
- Extracted numbers: $147m; $147.5 million
- Strategic implication: Monitor financing conditions because the article includes cbre, debt, financing and $147m, $147.5 million, which may affect construction loans, refinancing risk, and exit cap rates.
- Woomi relevance: High relevance to US residential developer strategy

Please answer in concise bullet points:
1. Why does this article matter for a US multifamily developer?
2. What is the implication for Woomi / Woomi Global?
3. What risk or opportunity does this indicate?
4. What follow-up question should the strategy team ask?",98,Excellent,None,"Rule-based interpretation: Connect CRE California article 'Newly Built Mountain View Offices Secure $147M Financing' is classified as watch only for California. It points to financing, refinancing, or debt-market conditions. Treat as a briefing input, not a standalone investment conclusion; confirm with source diversity, repeat observation, and market-specific evidence.",Macro & Financing; Market Players & Deals,cbre; debt; financing,Newly Built Mountain View Offices Secure $147M Financing,https://www.connectcre.com/stories/newly-built-mountain-view-offices-secure-147m-financing/,Yes,art_bd8af3a919be380c,California,other,Multifamily,delivery/completion,개발/인허가,개발/인허가; 거래/투자; 운영/임대; 시장 데이터,No,article page appears accessible from collected text,No,No,standard,art_bd8af3a919be380c,https://www.connectcre.com/stories/newly-built-mountain-view-offices-secure-147m-financing/,Newly Built Mountain View Offices Secure $147M Financing,open,open,https://www.connectcre.com/stories/newly-built-mountain-view-offices-secure-147m-financing/,valid,title/source/url metadata are internally consistent,GP / Capital Activity,Development Activity,"property-level financing, lender, refinancing, or recapitalization signal detected",acceptable_repeat,2,2026-08-25,2026-08-27,2,fresh_0_3d,fresh,published date parsed; article age 2 day(s),74,previously seen article,,California,matched state keyword: California,debt_financing,repeated_but_retained,selected or retained for GP / capital review,Yes,CBRE,,dictionary_match,high,"Matched known institutional / GP entity in title, summary, or source text.",False,"no identifiable project, asset, site, address, or unit-count anchor",none,,No,,,CBRE,CBRE,,,CBRE,,development_pipeline,none,none,delivery,none,none,none,unknown,lender; broker,Market reference detected as California.,low,Development-stage terms detected: delivery. Primary topic set to development_pipeline; confidence low.,75,44,classification confidence penalty,42
2026-08-27,20260827-041846-c52f941a,2026-08-27 04:18:32,REBusiness Online,Site / Parcel Source Expansion,Tier 2,development_pipeline;gp_activity,Other,Affordable Housing,2026-08-26T14:29:46Z,100,High,Must Read,California,Financing Risk; Developer Strategy,Track Financing Conditions; Track Developer Strategy,"Monitor financing conditions because the article includes affordable apartments, affordable housing, apartment and $193m, $193 million, $72.1 million, which may affect construction loans, refinancing risk, and exit cap rates.",High relevance to US residential developer strategy,Read full article,"Included because it scored 100 and mentions affordable apartments, affordable housing, apartment, with a Financing Risk; Developer Strategy angle for California.",Financing Cost Signal,$193m; $193 million; $72.1 million; $76.1 million; $30.6 million; $15 million; 180 apartments,"Located in Rocklin, Calif., The Steven will 180 apartments for seniors, aged 55 or older, earning 30 percent to 70 percent of the area median income. Affordable Housing California Loans Multifamily Seniors Housing Western Merchants Capital Provides $193M in Financing for Two Affordable Housing Projects in Rocklin, California by Amy Works August 26, 2026 August 26, 2026 4 ROCKLIN, CALIF. — Merchants Capital has provided roughly $193 million in financing for The Frances and The Steven, a pair of a","You are a strategic research analyst for Woomi / Woomi Global.
Analyze the following US multifamily housing article for developer strategy.

Article context:
- Title: Merchants Capital Provides $193M in Financing for Two Affordable Housing Projects in Rocklin, California
- Source: REBusiness Online
- URL: https://rebusinessonline.com/merchants-capital-provides-193m-in-financing-for-two-affordable-housing-projects-in-rocklin-california/
- Market focus: California
- Strategic angle: Financing Risk; Developer Strategy
- Market signal: Financing Cost Signal
- Extracted numbers: $193m; $193 million; $72.1 million; $76.1 million; $30.6 million; $15 million; 180 apartments
- Strategic implication: Monitor financing conditions because the article includes affordable apartments, affordable housing, apartment and $193m, $193 million, $72.1 million, which may affect construction loans, refinancing risk, and exit cap rates.
- Woomi relevance: High relevance to US residential developer strategy

Please answer in concise bullet points:
1. Why does this article matter for a US multifamily developer?
2. What is the implication for Woomi / Woomi Global?
3. What risk or opportunity does this indicate?
4. What follow-up question should the strategy team ask?",98,Excellent,None,"Rule-based interpretation: REBusiness Online article 'Merchants Capital Provides $193M in Financing for Two Affordable Housing Projects in Rocklin, California' is classified as priority review for California. It points to financing, refinancing, or debt-market conditions. Treat as a briefing input, not a standalone investment conclusion; confirm with source diversity, repeat observation, and market-specific evidence.",Macro & Financing; Development Strategy; Policy & Regulation,affordable apartments; affordable housing; apartment; apartments; construction; debt; development; financing; loan; multifamily,"Merchants Capital Provides $193M in Financing for Two Affordable Housing Projects in Rocklin, California",https://rebusinessonline.com/merchants-capital-provides-193m-in-financing-for-two-affordable-housing-projects-in-rocklin-california/,No,art_a72d18d0957c8a6f,California,other,Affordable Housing,financing/refinancing; policy/regulation,개발/인허가,개발/인허가; 시장 데이터,No,article page appears accessible from collected text,No,No,standard,art_a72d18d0957c8a6f,https://rebusinessonline.com/merchants-capital-provides-193m-in-financing-for-two-affordable-housing-projects-in-rocklin-california/,"Merchants Capital Provides $193M in Financing for Two Affordable Housing Projects in Rocklin, California",open,open,https://rebusinessonline.com/merchants-capital-provides-193m-in-financing-for-two-affordable-housing-projects-in-rocklin-california/,valid,title/source/url metadata are internally consistent,Development Activity,GP / Capital Activity,development_project_anchor: capital event with identifiable project/asset (unit/site count: 180 apartments; project/asset term: project),new_or_fresh,0,2026-08-26,2026-08-27,1,fresh_0_3d,fresh,published date parsed; article age 1 day(s),100,fresh article or no repeat penalty,,California,matched state keyword: California,debt_financing,new_candidate,selected or retained for GP / capital review,Yes,Merchants Capital,Loans Multifamily Seniors Housing Western Merchants Capital,dictionary_match,high,"Matched known institutional / GP entity in title, summary, or source text.",True,unit/site count: 180 apartments; project/asset term: project,high,Project / Asset,No,,,Merchants Capital,Merchants Capital,Loans Multifamily Seniors Housing Western Merchants Capital,Loans Multifamily Seniors Housing Western Merchants Capital,Merchants Capital,Loans Multifamily Seniors Housing Western Merchants Capital,gp_activity,none,none,none,none,none,none,affordable_housing,lender; developer,Market reference detected as California.,unknown,No clear rule-based event keyword was detected. Primary topic set to gp_activity; confidence unknown.,60,40,classification confidence penalty,40
2026-08-27,20260827-041846-c52f941a,2026-08-27 04:18:18,Commercial Observer,Core Multifamily News,Tier 1,national_multifamily,Other,Apartment,"Tue, 25 Aug 2026 18:31:02 +0000",100,High,Must Read,San Francisco / California,Financing Risk; Developer Strategy,Track Financing Conditions; Track Developer Strategy,"Monitor financing conditions because the article includes apartment, apartments, construction and $124m, $123.5 million, $96.5 million, which may affect construction loans, refinancing risk, and exit cap rates.",High relevance to US residential developer strategy,Read full article,"Included because it scored 100 and mentions apartment, apartments, construction, with a Financing Risk; Developer Strategy angle for San Francisco / California.",No Clear Numeric Signal,$124m; $123.5 million; $96.5 million; $27 million,"Residential · Multifamily San Francisco Finance · Construction Financing Fifth Third, CB&T TruAmerica Lend $124M on Bay Area Apartments Build SummerHill Apartment Communities secured the $96.5 million senior construction loan and $27 million preferred equity investment for a multifamily project in San Mateo County By Andrew Coen August 25, 2026 2:31 pm reprints TruAmerica's Ash Baraghoush and a rendering of 11 El Camino Real, San Mateo, Calif. PHOTO and RENDERING: Courtesy TruAmerica SHAC Apartm","You are a strategic research analyst for Woomi / Woomi Global.
Analyze the following US multifamily housing article for developer strategy.

Article context:
- Title: Fifth Third, CB&T TruAmerica Lend $124M on Bay Area Apartments Build
- Source: Commercial Observer
- URL: https://commercialobserver.com/2026/08/fifth-third-bank-california-bank-truamerica-bay-area-apartments/
- Market focus: San Francisco / California
- Strategic angle: Financing Risk; Developer Strategy
- Market signal: No Clear Numeric Signal
- Extracted numbers: $124m; $123.5 million; $96.5 million; $27 million
- Strategic implication: Monitor financing conditions because the article includes apartment, apartments, construction and $124m, $123.5 million, $96.5 million, which may affect construction loans, refinancing risk, and exit cap rates.
- Woomi relevance: High relevance to US residential developer strategy

Please answer in concise bullet points:
1. Why does this article matter for a US multifamily developer?
2. What is the implication for Woomi / Woomi Global?
3. What risk or opportunity does this indicate?
4. What follow-up question should the strategy team ask?",90,Excellent,missing market signal,"Rule-based interpretation: Commercial Observer article 'Fifth Third, CB&T TruAmerica Lend $124M on Bay Area Apartments Build' is classified as priority review for San Francisco / California. It points to financing, refinancing, or debt-market conditions. Treat as a briefing input, not a standalone investment conclusion; confirm with source diversity, repeat observation, and market-specific evidence.",Macro & Financing; Development Strategy,apartment; apartments; construction; developer; financing; loan; multifamily,"Fifth Third, CB&T TruAmerica Lend $124M on Bay Area Apartments Build",https://commercialobserver.com/2026/08/fifth-third-bank-california-bank-truamerica-bay-area-apartments/,Yes,art_04c402864dfec0c9,San Francisco / California,other,Multifamily,financing/refinancing; JV/recapitalization,제외/금융,제외/금융,Yes,article page appears accessible from collected text,No,No,standard,art_04c402864dfec0c9,https://commercialobserver.com/2026/08/fifth-third-bank-california-bank-truamerica-bay-area-apartments/,"Fifth Third, CB&T TruAmerica Lend $124M on Bay Area Apartments Build",open,open,https://commercialobserver.com/2026/08/fifth-third-bank-california-bank-truamerica-bay-area-apartments/,valid,title/source/url metadata are internally consistent,Development Activity,GP / Capital Activity,development_project_anchor: project financing/capital event tied to project (project/asset term: project; project financing tied to anchor: construction loan),acceptable_repeat,2,2026-08-25,2026-08-27,2,fresh_0_3d,fresh,published date parsed; article age 2 day(s),74,previously seen article,San Francisco,California,matched city/metro keyword: San Francisco,construction_financing,repeated_but_retained,selected or retained for GP / capital review,Yes,Bay Area Apartments Build Residential,Bay Area Apartments Build SummerHill Apartment Communities,capital_event_sentence,medium,Inferred entity from source text near capital-event language.,True,project/asset term: project; project financing tied to anchor: construction loan,high,Project Financing / Capital Event,No,,,Bay Area Apartments Build Residential,Bay Area Apartments Build Residential,Bay Area Apartments Build SummerHill Apartment Communities,Bay Area Apartments Build SummerHill Apartment Communities,Bay Area Apartments Build Residential,Bay Area Apartments Build SummerHill Apartment Communities,capital_markets,none,construction_financing; preferred_equity,none,none,none,construction_loan; preferred_equity,unknown,lender; developer,Market reference detected as San Francisco / California.,high,"Capital event keywords detected: construction_financing, preferred_equity. Financing type keywords detected: construction_loan, preferred_equity. Primary topic set to capital_markets; confidence high.",75,54,general market observation with limited strategic behavior evidence,38
2026-08-27,20260827-041846-c52f941a,2026-08-27 04:18:13,Multifamily Dive,Core Multifamily News,Tier 1,national_multifamily,Other,Apartment,"Tue, 25 Aug 2026 14:15:41 -0400",75,Medium,Review,New York City / New York,Financing Risk,Track Financing Conditions,"Monitor financing conditions because the article includes apartment, loan, multifamily and no specific number, which may affect construction loans, refinancing risk, and exit cap rates.",Medium relevance to market monitoring,Track source for follow-up,"Included because it scored 75 and mentions apartment, loan, multifamily, with a Financing Risk angle for New York City / New York.",No Clear Numeric Signal,,"An article from Multifamily distress reports put New York in the spotlight While the Big Apple saw changes to multiple commercial mortgage-backed securities loans for apartment communities in August, properties in Memphis, Tennessee, and Cincinnati entered servicing. Published Aug. 25, 2026 • Updated 13 hours ago Leslie Shaver Senior Reporter Share Copy link Email LinkedIn X/Twitter Facebook Print License Add us on Google New York City continues to see some multifamily properties struggle. Getty","You are a strategic research analyst for Woomi / Woomi Global.
Analyze the following US multifamily housing article for developer strategy.

Article context:
- Title: Multifamily distress reports put New York in the spotlight
- Source: Multifamily Dive
- URL: https://www.multifamilydive.com/news/apartment-cmbs-distress-special-servicing/828748/
- Market focus: New York City / New York
- Strategic angle: Financing Risk
- Market signal: No Clear Numeric Signal
- Extracted numbers: None detected
- Strategic implication: Monitor financing conditions because the article includes apartment, loan, multifamily and no specific number, which may affect construction loans, refinancing risk, and exit cap rates.
- Woomi relevance: Medium relevance to market monitoring

Please answer in concise bullet points:
1. Why does this article matter for a US multifamily developer?
2. What is the implication for Woomi / Woomi Global?
3. What risk or opportunity does this indicate?
4. What follow-up question should the strategy team ask?",82,Good,missing extracted numbers; missing market signal,"Rule-based interpretation: Multifamily Dive article 'Multifamily distress reports put New York in the spotlight' is classified as review for New York City / New York. It points to financing, refinancing, or debt-market conditions. Treat as a briefing input, not a standalone investment conclusion; confirm with source diversity, repeat observation, and market-specific evidence.",Macro & Financing,apartment; loan; multifamily,Multifamily distress reports put New York in the spotlight,https://www.multifamilydive.com/news/apartment-cmbs-distress-special-servicing/828748/,No,art_0d4fd95214cc1f7c,New York / Northern New Jersey,core_15,Multifamily,financing/refinancing,제외/금융,제외/금융,Yes,article page appears accessible from collected text,Yes,No,standard,art_0d4fd95214cc1f7c,https://www.multifamilydive.com/news/apartment-cmbs-distress-special-servicing/828748/,Multifamily distress reports put New York in the spotlight,open,open,https://www.multifamilydive.com/news/apartment-cmbs-distress-special-servicing/828748/,valid,title/source/url metadata are internally consistent,GP / Capital Activity,Market Intelligence,"property-level financing, lender, refinancing, or recapitalization signal detected",new_or_fresh,0,2026-08-25,2026-08-27,2,fresh_0_3d,fresh,published date parsed; article age 2 day(s),100,fresh article or no repeat penalty,New York City,New York,matched city/metro keyword: New York City,debt_financing,new_candidate,selected or retained for GP / capital review,Yes,Participant not identified,,unresolved,unresolved,"No institution name detected in dictionary, title, summary, or source text.",False,"no identifiable project, asset, site, address, or unit-count anchor",none,,No,,,,,,,,,macro_financing,none,none,none,none,none,cmbs,unknown,lender,Market reference detected as New York City / New York.,low,Financing type keywords detected: cmbs. Primary topic set to macro_financing; confidence low.,60,40,classification confidence penalty,36
2026-08-27,20260827-041846-c52f941a,2026-08-27 04:18:32,SF YIMBY,Regional / California / LA Sources,Tier 2,development_pipeline;entitlement;la_california,Other,Mixed-Use Residential,"Tue, 25 Aug 2026 12:30:26 +0000",97,High,Must Read,San Francisco / California,Developer Strategy,Track Developer Strategy,"Review for developer strategy because the article may inform site selection, product type, adaptive reuse, build-to-rent, or market entry.",High relevance to US residential developer strategy,Read full article,"Included because it scored 97 and mentions apartment, apartments, developer, with a Developer Strategy angle for San Francisco / California.",No Clear Numeric Signal,,"38 8th Street establishing view, rendering by Handel Architects By: Andrew Nelson 5:30 am on August 25, 2026 Initial permits have been filed for a potential 40-story mixed-use skyscraper at 38 8th Street in San Francisco’s Mid-Market District . The high-rise proposal would replace a surface parking lot at the corner of 8th Street and Stevenson with nearly three hundred apartments across from the Civic Center neighborhood. Manna Capital is the project developer, filing on behalf of the property o","You are a strategic research analyst for Woomi / Woomi Global.
Analyze the following US multifamily housing article for developer strategy.

Article context:
- Title: 40-Story Skyscraper Proposed Near Civic Center, San Francisco
- Source: SF YIMBY
- URL: https://sfyimby.com/2026/08/40-story-skyscraper-proposed-near-civic-center-san-francisco.html
- Market focus: San Francisco / California
- Strategic angle: Developer Strategy
- Market signal: No Clear Numeric Signal
- Extracted numbers: None detected
- Strategic implication: Review for developer strategy because the article may inform site selection, product type, adaptive reuse, build-to-rent, or market entry.
- Woomi relevance: High relevance to US residential developer strategy

Please answer in concise bullet points:
1. Why does this article matter for a US multifamily developer?
2. What is the implication for Woomi / Woomi Global?
3. What risk or opportunity does this indicate?
4. What follow-up question should the strategy team ask?",82,Good,missing extracted numbers; missing market signal,"Rule-based interpretation: SF YIMBY article '40-Story Skyscraper Proposed Near Civic Center, San Francisco' is classified as priority review for San Francisco / California. It points to development execution or sponsor strategy. Treat as a briefing input, not a standalone investment conclusion; confirm with source diversity, repeat observation, and market-specific evidence.",Development Strategy,apartment; apartments; developer; permit; permits,"40-Story Skyscraper Proposed Near Civic Center, San Francisco",https://sfyimby.com/2026/08/40-story-skyscraper-proposed-near-civic-center-san-francisco.html,Yes,art_8b30a125ac1ca261,San Francisco / Bay Area,other,Mixed-use Residential,,개발/인허가,개발/인허가,No,limited source or insufficient readable article text,No,No,access_limited_source,art_8b30a125ac1ca261,https://sfyimby.com/2026/08/40-story-skyscraper-proposed-near-civic-center-san-francisco.html,"40-Story Skyscraper Proposed Near Civic Center, San Francisco",access_limited,access_limited,https://sfyimby.com/2026/08/40-story-skyscraper-proposed-near-civic-center-san-francisco.html,valid,title/source/url metadata are internally consistent,Development Activity,,development_project_anchor: Approval / Entitlement (unit/site count: 40-story; address/street: 38 8th street; execution milestone: proposed; project/asset term: project),acceptable_repeat,2,2026-08-25,2026-08-27,2,fresh_0_3d,fresh,published date parsed; article age 2 day(s),62,previously seen article; limited page access,San Francisco,California,matched city/metro keyword: San Francisco,none,not_candidate,not a GP / capital candidate,No,,,,,,True,unit/site count: 40-story; address/street: 38 8th street; execution milestone: proposed; project/asset term: project,high,Approval / Entitlement,No,,,,,,,,,other,none,none,none,none,none,none,unknown,developer,Market reference detected as San Francisco / California.,unknown,"Limited/paywalled article; classification is based on title, URL, source, and available lead text only. No clear rule-based event keyword was detected. Primary topic set to other; confidence unknown.",45,43,entitlement persistence; limited article: title/lead-based review needed; classification confidence penalty,35
2026-08-27,20260827-041846-c52f941a,2026-08-27 04:18:19,NAHB Eye on Housing - Multifamily,Public Agency / Housing Data,Tier 3,national_multifamily,Other,Apartment,"Wed, 26 Aug 2026 12:52:00 +0000",80,High,Review,Other / Unknown,Developer Strategy,Track Developer Strategy,"Review for developer strategy because the article may inform site selection, product type, adaptive reuse, build-to-rent, or market entry.",Medium relevance to market monitoring,Track source for follow-up,"Included because it scored 80 and mentions apartment, apartments, construction, with a Developer Strategy angle for a broad or unspecified market.",No Clear Numeric Signal,,"Multifamily Missing Middle Falls Back – Eye On Housing Skip to content Multifamily Missing Middle Falls Back August 26, 2026 Robert Dietz No Comments Multifamily missing middle construction declined during the second quarter of 2026. The missing middle construction sector includes development of medium-density housing, such as townhouses, duplexes and other small multifamily properties. The multifamily segment of the missing middle (apartments in 2- to 4-unit properties) has generally disappoint","You are a strategic research analyst for Woomi / Woomi Global.
Analyze the following US multifamily housing article for developer strategy.

Article context:
- Title: Multifamily Missing Middle Falls Back
- Source: NAHB Eye on Housing - Multifamily
- URL: https://eyeonhousing.org/2026/08/multifamily-missing-middle-falls-back/
- Market focus: Other / Unknown
- Strategic angle: Developer Strategy
- Market signal: No Clear Numeric Signal
- Extracted numbers: None detected
- Strategic implication: Review for developer strategy because the article may inform site selection, product type, adaptive reuse, build-to-rent, or market entry.
- Woomi relevance: Medium relevance to market monitoring

Please answer in concise bullet points:
1. Why does this article matter for a US multifamily developer?
2. What is the implication for Woomi / Woomi Global?
3. What risk or opportunity does this indicate?
4. What follow-up question should the strategy team ask?",74,Good,missing extracted numbers; missing market focus; missing market signal,"Rule-based interpretation: NAHB Eye on Housing - Multifamily article 'Multifamily Missing Middle Falls Back' is classified as review for Other / Unknown. It points to development execution or sponsor strategy. Treat as a briefing input, not a standalone investment conclusion; confirm with source diversity, repeat observation, and market-specific evidence.",Development Strategy,apartment; apartments; construction; development; multifamily,Multifamily Missing Middle Falls Back,https://eyeonhousing.org/2026/08/multifamily-missing-middle-falls-back/,No,art_bd139aec1c1b802e,Other / Unknown,other,Multifamily,market data/supply-demand,개발/인허가,개발/인허가; 시장 데이터,No,article page appears accessible from collected text,No,No,standard,art_bd139aec1c1b802e,https://eyeonhousing.org/2026/08/multifamily-missing-middle-falls-back/,Multifamily Missing Middle Falls Back,open,open,https://eyeonhousing.org/2026/08/multifamily-missing-middle-falls-back/,valid,title/source/url metadata are internally consistent,Development Activity,,development milestone or entitlement signal has display priority,new_or_fresh,0,2026-08-26,2026-08-27,1,fresh_0_3d,fresh,published date parsed; article age 1 day(s),100,fresh article or no repeat penalty,,,"no city, state, or market keyword detected",none,not_candidate,not a GP / capital candidate,No,,,,,,False,"no identifiable project, asset, site, address, or unit-count anchor",none,,No,,,,,,,,,gp_activity,none,none,none,none,none,none,unknown,developer,No specific market detected; relevance remains broad.,unknown,No clear rule-based event keyword was detected. Primary topic set to gp_activity; confidence unknown.,30,33,classification confidence penalty,33
2026-08-27,20260827-041846-c52f941a,2026-08-27 04:18:32,REBusiness Online,Site / Parcel Source Expansion,Tier 2,development_pipeline;gp_activity,Other,General Residential,2026-08-26T14:50:27Z,54,Low,Monitor,Texas,Financing Risk; Institutional Flow; Developer Strategy,Track Financing Conditions; Track Institutional Capital Flow; Track Developer Strategy,"Monitor financing conditions because the article includes construction, debt, developer and $102m, $102 million, $30.4, which may affect construction loans, refinancing risk, and exit cap rates.",High relevance to US residential developer strategy,Add to weekly strategy memo,"Included because it scored 54 and mentions construction, debt, developer, with a Financing Risk; Institutional Flow; Developer Strategy angle for Houston / Texas.",Financing Cost Signal,$102m; $102 million; $30.4,"The site configuration for the second phase of Port 99, an industrial development in Baytown, includes additional trailer parking space to support both regional and national distribution needs. Development Industrial Loans Texas Northmarq Arranges $102M in Financing for 1.3 MSF Industrial Project in Baytown, Texas by Taylor Williams August 26, 2026 August 26, 2026 4 BAYTOWN, TEXAS — Northmarq has arranged $102 million in financing for a 1.3 million-square-foot industrial project that will be loc","You are a strategic research analyst for Woomi / Woomi Global.
Analyze the following US multifamily housing article for developer strategy.

Article context:
- Title: Northmarq Arranges $102M in Financing for 1.3 MSF Industrial Project in Baytown, Texas
- Source: REBusiness Online
- URL: https://rebusinessonline.com/northmarq-arranges-102m-in-financing-for-1-3-msf-industrial-project-in-baytown-texas/
- Market focus: Houston / Texas
- Strategic angle: Financing Risk; Institutional Flow; Developer Strategy
- Market signal: Financing Cost Signal
- Extracted numbers: $102m; $102 million; $30.4
- Strategic implication: Monitor financing conditions because the article includes construction, debt, developer and $102m, $102 million, $30.4, which may affect construction loans, refinancing risk, and exit cap rates.
- Woomi relevance: High relevance to US residential developer strategy

Please answer in concise bullet points:
1. Why does this article matter for a US multifamily developer?
2. What is the implication for Woomi / Woomi Global?
3. What risk or opportunity does this indicate?
4. What follow-up question should the strategy team ask?",98,Excellent,None,"Rule-based interpretation: REBusiness Online article 'Northmarq Arranges $102M in Financing for 1.3 MSF Industrial Project in Baytown, Texas' is classified as watch only for Houston / Texas. It points to financing, refinancing, or debt-market conditions. Treat as a briefing input, not a standalone investment conclusion; confirm with source diversity, repeat observation, and market-specific evidence.",Macro & Financing; Development Strategy; Market Players & Deals,construction; debt; developer; development; financing; joint venture; loan; northmarq,"Northmarq Arranges $102M in Financing for 1.3 MSF Industrial Project in Baytown, Texas",https://rebusinessonline.com/northmarq-arranges-102m-in-financing-for-1-3-msf-industrial-project-in-baytown-texas/,No,art_2b11c3bc8b1a31be,Texas,other,Multifamily,financing/refinancing; JV/recapitalization,개발/인허가,개발/인허가; 거래/투자; 시장 데이터,No,article page appears accessible from collected text,No,No,standard,art_2b11c3bc8b1a31be,https://rebusinessonline.com/northmarq-arranges-102m-in-financing-for-1-3-msf-industrial-project-in-baytown-texas/,"Northmarq Arranges $102M in Financing for 1.3 MSF Industrial Project in Baytown, Texas",open,open,https://rebusinessonline.com/northmarq-arranges-102m-in-financing-for-1-3-msf-industrial-project-in-baytown-texas/,valid,title/source/url metadata are internally consistent,Development Activity,GP / Capital Activity,development_project_anchor: capital event with identifiable project/asset (site/parcel signal: site; project/asset term: project),new_or_fresh,0,2026-08-26,2026-08-27,1,fresh_0_3d,fresh,published date parsed; article age 1 day(s),100,fresh article or no repeat penalty,,Texas,matched state keyword: Texas,joint_venture,new_candidate,low relevance or thin evidence,No,Participant not identified,,unresolved,unresolved,"No institution name detected in dictionary, title, summary, or source text.",True,site/parcel signal: site; project/asset term: project,high,Project / Asset,No,,,,,,,,,institutional_capital,capital_markets,joint_venture,none,none,none,none,unknown,lender; developer,Market reference detected as Texas.,low,Capital event keywords detected: joint_venture. Primary topic set to institutional_capital; confidence low.,75,33,multi-phase development; JV or partnership activity; non-multifamily contamination; classification confidence penalty,33
2026-08-27,20260827-041846-c52f941a,2026-08-27 04:18:13,Multifamily Dive,Core Multifamily News,Tier 1,national_multifamily,Other,Apartment,"Mon, 24 Aug 2026 16:52:00 -0400",93,High,Must Read,Washington DC,Financing Risk,Track Financing Conditions,"Monitor financing conditions because the article includes apartment, debt, interest rate and no specific number, which may affect construction loans, refinancing risk, and exit cap rates.",High relevance to US residential developer strategy,Read full article,"Included because it scored 93 and mentions apartment, debt, interest rate, with a Financing Risk angle for Washington DC.",No Clear Numeric Signal,,"An article from Column Beyond the Rent: The economic signals multifamily leaders should watch this fall Apartment professionals should keep an eye on the war in Iran, a possible Federal Reserve rate hike and ballooning U.S. debt, among other things. Published Aug. 24, 2026 Leslie Shaver Senior Reporter Share Copy link Email LinkedIn X/Twitter Facebook Print License Add us on Google The U.S. Federal Reserve headquarters is in Washington, D.C. The Fed's interest rate decisions will be one thing mu","You are a strategic research analyst for Woomi / Woomi Global.
Analyze the following US multifamily housing article for developer strategy.

Article context:
- Title: Beyond the Rent: The economic signals multifamily leaders should watch this fall
- Source: Multifamily Dive
- URL: https://www.multifamilydive.com/news/stock-market-bubble-iran-war-multifamily-housing-federal-reserve/828617/
- Market focus: Washington DC
- Strategic angle: Financing Risk
- Market signal: No Clear Numeric Signal
- Extracted numbers: None detected
- Strategic implication: Monitor financing conditions because the article includes apartment, debt, interest rate and no specific number, which may affect construction loans, refinancing risk, and exit cap rates.
- Woomi relevance: High relevance to US residential developer strategy

Please answer in concise bullet points:
1. Why does this article matter for a US multifamily developer?
2. What is the implication for Woomi / Woomi Global?
3. What risk or opportunity does this indicate?
4. What follow-up question should the strategy team ask?",82,Good,missing extracted numbers; missing market signal,"Rule-based interpretation: Multifamily Dive article 'Beyond the Rent: The economic signals multifamily leaders should watch this fall' is classified as priority review for Washington DC. It points to financing, refinancing, or debt-market conditions. Treat as a briefing input, not a standalone investment conclusion; confirm with source diversity, repeat observation, and market-specific evidence.",Macro & Financing,apartment; debt; interest rate; multifamily; rate hike,Beyond the Rent: The economic signals multifamily leaders should watch this fall,https://www.multifamilydive.com/news/stock-market-bubble-iran-war-multifamily-housing-federal-reserve/828617/,Yes,art_0dea20ea50ded28e,Washington DC,other,Multifamily,,운영/임대,운영/임대; 시장 데이터,No,article page appears accessible from collected text,No,No,standard,art_0dea20ea50ded28e,https://www.multifamilydive.com/news/stock-market-bubble-iran-war-multifamily-housing-federal-reserve/828617/,Beyond the Rent: The economic signals multifamily leaders should watch this fall,open,open,https://www.multifamilydive.com/news/stock-market-bubble-iran-war-multifamily-housing-federal-reserve/828617/,valid,title/source/url metadata are internally consistent,Market Intelligence,,macro finance or rate outlook signal detected,acceptable_repeat,3,2026-08-24,2026-08-27,3,fresh_0_3d,fresh,published date parsed; article age 3 day(s),70,previously seen article,Washington DC,Washington DC,matched city/metro keyword: Washington DC,debt_financing,repeated_but_retained,selected or retained for GP / capital review,Yes,Participant not identified,,unresolved,unresolved,"No institution name detected in dictionary, title, summary, or source text.",False,"no identifiable project, asset, site, address, or unit-count anchor",none,,No,,,,,,,,,macro_financing,none,none,none,none,none,none,unknown,lender,Market reference detected as Washington DC.,unknown,No clear rule-based event keyword was detected. Primary topic set to macro_financing; confidence unknown.,45,36,classification confidence penalty,28
2026-08-27,20260827-041846-c52f941a,2026-08-27 04:18:13,Multifamily Dive,Core Multifamily News,Tier 1,national_multifamily,Other,Apartment,"Tue, 25 Aug 2026 14:44:00 -0400",77,Medium,Review,Other / Unknown,Supply Pressure,Track Supply Pipeline,"Review this as a supply risk signal because it references new deliveries, starts, pipeline, or permits in Other / Unknown.",Medium relevance to market monitoring,Track source for follow-up,"Included because it scored 77 and mentions apartment, deliveries, multifamily, with a Supply Pressure angle for a broad or unspecified market.",No Clear Numeric Signal,,"An article from Dive Brief Multifamily new supply set to bottom out in 2027 Yardi Matrix’s third-quarter Multifamily Supply Forecast anticipates a modest rebound in apartment deliveries after 2027, but a return to the high levels of 2024 and 2025 is unlikely. Published Aug. 25, 2026 Julie Strupp Senior Editor Share Copy link Email LinkedIn X/Twitter Facebook Print License Add us on Google Tim Boyle via Getty Images Listen to the article 3 min This audio is auto-generated. Please let us know if y","You are a strategic research analyst for Woomi / Woomi Global.
Analyze the following US multifamily housing article for developer strategy.

Article context:
- Title: Multifamily new supply set to bottom out in 2027
- Source: Multifamily Dive
- URL: https://www.multifamilydive.com/news/multifamily-new-supply-deliveries-bottom-2027/828744/
- Market focus: Other / Unknown
- Strategic angle: Supply Pressure
- Market signal: No Clear Numeric Signal
- Extracted numbers: None detected
- Strategic implication: Review this as a supply risk signal because it references new deliveries, starts, pipeline, or permits in Other / Unknown.
- Woomi relevance: Medium relevance to market monitoring

Please answer in concise bullet points:
1. Why does this article matter for a US multifamily developer?
2. What is the implication for Woomi / Woomi Global?
3. What risk or opportunity does this indicate?
4. What follow-up question should the strategy team ask?",74,Good,missing extracted numbers; missing market focus; missing market signal,"Rule-based interpretation: Multifamily Dive article 'Multifamily new supply set to bottom out in 2027' is classified as review for Other / Unknown. It points to supply, delivery, lease-up, or absorption conditions. Treat as a briefing input, not a standalone investment conclusion; confirm with source diversity, repeat observation, and market-specific evidence.",Development Strategy,apartment; deliveries; multifamily; new supply,Multifamily new supply set to bottom out in 2027,https://www.multifamilydive.com/news/multifamily-new-supply-deliveries-bottom-2027/828744/,Yes,art_ec8ba17a2f81f078,Other / Unknown,other,Multifamily,delivery/completion; market data/supply-demand,개발/인허가,개발/인허가; 운영/임대; 시장 데이터,No,article page appears accessible from collected text,No,No,standard,art_ec8ba17a2f81f078,https://www.multifamilydive.com/news/multifamily-new-supply-deliveries-bottom-2027/828744/,Multifamily new supply set to bottom out in 2027,open,open,https://www.multifamilydive.com/news/multifamily-new-supply-deliveries-bottom-2027/828744/,valid,title/source/url metadata are internally consistent,Market Intelligence,,market_macro_guard: forecast without project anchor,acceptable_repeat,2,2026-08-25,2026-08-27,2,fresh_0_3d,fresh,published date parsed; article age 2 day(s),74,previously seen article,,,"no city, state, or market keyword detected",none,not_candidate,not a GP / capital candidate,No,,,,,,False,"no identifiable project, asset, site, address, or unit-count anchor",none,,No,,,,,,,,,supply_demand,none,none,none,supply_pressure,none,none,unknown,developer,No specific market detected; relevance remains broad.,low,Supply/demand terms detected: supply_pressure. Primary topic set to supply_demand; confidence low.,30,33,classification confidence penalty,25
2026-08-27,20260827-041846-c52f941a,2026-08-27 04:18:19,NAHB Eye on Housing - Multifamily,Public Agency / Housing Data,Tier 3,national_multifamily,Other,Multifamily,"Tue, 25 Aug 2026 00:34:00 +0000",71,Medium,Review,Other / Unknown,Supply Pressure; Developer Strategy,Track Supply Pipeline; Track Developer Strategy,"Review this as a supply risk signal because it references new deliveries, starts, pipeline, or permits in Other / Unknown.",Medium relevance to market monitoring,Track source for follow-up,"Included because it scored 71 and mentions construction, developer, multifamily, with a Supply Pressure; Developer Strategy angle for a broad or unspecified market.",Rent Growth Signal,5%,"I run Punch crews and I’m seeing that it’s hard to actually get hired by the multifamily companies who are already building I would like to expand and be able to provide Punch crews, non-skill, laborers and Cleaners, but it seems that it’s too hard to get with Apt. builder or developer currently I got one crew working paint and trim Punch. As well it’s like I see less multifamily building going up. Reply","You are a strategic research analyst for Woomi / Woomi Global.
Analyze the following US multifamily housing article for developer strategy.

Article context:
- Title: Second Quarter 2026 Multifamily Construction Data
- Source: NAHB Eye on Housing - Multifamily
- URL: https://eyeonhousing.org/2026/08/second-quarter-2026-multifamily-construction-data/
- Market focus: Other / Unknown
- Strategic angle: Supply Pressure; Developer Strategy
- Market signal: Rent Growth Signal
- Extracted numbers: 5%
- Strategic implication: Review this as a supply risk signal because it references new deliveries, starts, pipeline, or permits in Other / Unknown.
- Woomi relevance: Medium relevance to market monitoring

Please answer in concise bullet points:
1. Why does this article matter for a US multifamily developer?
2. What is the implication for Woomi / Woomi Global?
3. What risk or opportunity does this indicate?
4. What follow-up question should the strategy team ask?",90,Excellent,missing market focus,"Rule-based interpretation: NAHB Eye on Housing - Multifamily article 'Second Quarter 2026 Multifamily Construction Data' is classified as review for Other / Unknown. It points to supply, delivery, lease-up, or absorption conditions. Treat as a briefing input, not a standalone investment conclusion; confirm with source diversity, repeat observation, and market-specific evidence.",Development Strategy,construction; developer; multifamily; starts,Second Quarter 2026 Multifamily Construction Data,https://eyeonhousing.org/2026/08/second-quarter-2026-multifamily-construction-data/,Yes,art_cd127cbd37c0a59d,Other / Unknown,other,Multifamily,market data/supply-demand; rent/occupancy/absorption,개발/인허가,개발/인허가; 운영/임대; 시장 데이터,No,article page appears accessible from collected text,No,No,standard,art_cd127cbd37c0a59d,https://eyeonhousing.org/2026/08/second-quarter-2026-multifamily-construction-data/,Second Quarter 2026 Multifamily Construction Data,open,open,https://eyeonhousing.org/2026/08/second-quarter-2026-multifamily-construction-data/,valid,title/source/url metadata are internally consistent,Development Activity,Market Intelligence,development milestone or entitlement signal has display priority,acceptable_repeat,2,2026-08-25,2026-08-27,2,fresh_0_3d,fresh,published date parsed; article age 2 day(s),74,previously seen article,,,"no city, state, or market keyword detected",none,not_candidate,not a GP / capital candidate,No,,,,,,False,"no identifiable project, asset, site, address, or unit-count anchor",none,,No,,,,,,,,,supply_demand,none,none,none,effective_rent_growth; supply_pressure,none,none,unknown,developer,No specific market detected; relevance remains broad.,low,"Supply/demand terms detected: effective_rent_growth, supply_pressure. Primary topic set to supply_demand; confidence low.",30,33,classification confidence penalty,21
2026-08-27,20260827-041846-c52f941a,2026-08-27 04:18:16,Yield PRO,Core Multifamily News,Tier 1,lease_up_supply;national_multifamily,Other,Apartment,"Wed, 26 Aug 2026 20:10:53 +0000",90,High,Must Read,Georgia,Institutional Flow,Track Institutional Capital Flow,"Track this as institutional capital flow because it mentions major capital players, portfolio transactions, deal size, or cap-rate signals.",High relevance to US residential developer strategy,Read full article,"Included because it scored 90 and mentions apartment, garden-style, midwest, with a Institutional Flow angle for Georgia.",No Clear Numeric Signal,,"Deal boom Midwest-South region News Facebook Twitter Linkedin Newmark announces the Company has arranged the investment sale of The Bowie , a 350-unit multifamily community located at 8800 Dunwoody Place in Sandy Springs, Georgia. Newmark Senior Managing Directors Brooks Colquitt and James Wilber, Vice Chairmen David Gutting and Derrick Bloom and Senior Managing Director Hunter Amos represented the seller in the transaction. Built in 1980, The Bowie is a 25-building garden-style apartment commun","You are a strategic research analyst for Woomi / Woomi Global.
Analyze the following US multifamily housing article for developer strategy.

Article context:
- Title: Newmark Arranges Sale of The Bowie a 350-Unit Multifamily Community in Sandy Springs Georgi
- Source: Yield PRO
- URL: https://yieldpro.com/2026/08/the-bowie/
- Market focus: Georgia
- Strategic angle: Institutional Flow
- Market signal: No Clear Numeric Signal
- Extracted numbers: None detected
- Strategic implication: Track this as institutional capital flow because it mentions major capital players, portfolio transactions, deal size, or cap-rate signals.
- Woomi relevance: High relevance to US residential developer strategy

Please answer in concise bullet points:
1. Why does this article matter for a US multifamily developer?
2. What is the implication for Woomi / Woomi Global?
3. What risk or opportunity does this indicate?
4. What follow-up question should the strategy team ask?",82,Good,missing extracted numbers; missing market signal,"Rule-based interpretation: Yield PRO article 'Newmark Arranges Sale of The Bowie a 350-Unit Multifamily Community in Sandy Springs Georgi' is classified as priority review for Georgia. It points to institutional capital movement or transaction activity. Treat as a briefing input, not a standalone investment conclusion; confirm with source diversity, repeat observation, and market-specific evidence.",Macro & Financing; Supply & Demand; Market Players & Deals,apartment; garden-style; midwest; multifamily; sale; transaction,Newmark Arranges Sale of The Bowie a 350-Unit Multifamily Community in Sandy Springs Georgi,https://yieldpro.com/2026/08/the-bowie/,No,art_aee1f3d6d3814729,Georgia,other,Multifamily,market data/supply-demand,거래/투자,거래/투자; 시장 데이터,No,article page appears accessible from collected text,No,No,standard,art_aee1f3d6d3814729,https://yieldpro.com/2026/08/the-bowie/,Newmark Arranges Sale of The Bowie a 350-Unit Multifamily Community in Sandy Springs Georgi,open,open,https://yieldpro.com/2026/08/the-bowie/,valid,title/source/url metadata are internally consistent,Development Activity,GP / Capital Activity,development_project_anchor: capital event with identifiable project/asset (unit/site count: 350-unit; project/asset term: community),new_or_fresh,0,2026-08-26,2026-08-27,1,fresh_0_3d,fresh,published date parsed; article age 1 day(s),100,fresh article or no repeat penalty,,Georgia,matched state keyword: Georgia,disposition_exit,new_candidate,development article without confirmed capital event,No,Participant not identified,,unresolved,unresolved,"No institution name detected in dictionary, title, summary, or source text.",True,unit/site count: 350-unit; project/asset term: community,high,Project / Asset,No,,,,,,,,,transaction_market,capital_markets,disposition,none,none,none,none,unknown,lender; broker,Market reference detected as Georgia.,low,Capital event keywords detected: disposition. Primary topic set to transaction_market; confidence low.,60,18,thin PR language; classification confidence penalty,18
2026-08-27,20260827-041846-c52f941a,2026-08-27 04:18:29,Urbanize LA,Regional / California / LA Sources,Tier 2,development_pipeline;entitlement;la_california,Other,Apartment,"Wed, 26 Aug 2026 13:10:00 +0000",93,High,Must Read,California,Developer Strategy,Track Developer Strategy,"Review for developer strategy because the article may inform site selection, product type, adaptive reuse, build-to-rent, or market entry.",High relevance to US residential developer strategy,Read full article,"Included because it scored 93 and mentions apartment, apartments, development, with a Developer Strategy angle for California.",No Clear Numeric Signal,408 apartments,"408 apartments rise at 2828 N. MainPlace Dr. in Santa Ana | Urbanize LA Skip to main content Advertisement Advertisement A new multifamily residential development is on the rise next to the MainPlace Mall in Santa Ana , according to social media posts from general contractor W.E. O'Neil. Carina at MainPlace, which broke ground earlier this year at 2828 N. MainPlace Drive , is being developed by Lowe in partnership with property owner Affinius Capital and Centennial. Plans call for a new eight-st","You are a strategic research analyst for Woomi / Woomi Global.
Analyze the following US multifamily housing article for developer strategy.

Article context:
- Title: 408 apartments rise at 2828 N. MainPlace Dr. in Santa Ana
- Source: Urbanize LA
- URL: https://la.urbanize.city/post/408-apartments-rise-2828-n-mainplace-dr-santa-ana
- Market focus: California
- Strategic angle: Developer Strategy
- Market signal: No Clear Numeric Signal
- Extracted numbers: 408 apartments
- Strategic implication: Review for developer strategy because the article may inform site selection, product type, adaptive reuse, build-to-rent, or market entry.
- Woomi relevance: High relevance to US residential developer strategy

Please answer in concise bullet points:
1. Why does this article matter for a US multifamily developer?
2. What is the implication for Woomi / Woomi Global?
3. What risk or opportunity does this indicate?
4. What follow-up question should the strategy team ask?",90,Excellent,missing market signal,"Rule-based interpretation: Urbanize LA article '408 apartments rise at 2828 N. MainPlace Dr. in Santa Ana' is classified as priority review for California. It points to development execution or sponsor strategy. Treat as a briefing input, not a standalone investment conclusion; confirm with source diversity, repeat observation, and market-specific evidence.",Development Strategy,apartment; apartments; development; multifamily,408 apartments rise at 2828 N. MainPlace Dr. in Santa Ana,https://la.urbanize.city/post/408-apartments-rise-2828-n-mainplace-dr-santa-ana,No,art_f8380cd79a309afb,Los Angeles / Southern California,core_15,Multifamily,,개발/인허가,개발/인허가,No,limited source or insufficient readable article text,Yes,No,access_limited_source,art_f8380cd79a309afb,https://la.urbanize.city/post/408-apartments-rise-2828-n-mainplace-dr-santa-ana,408 apartments rise at 2828 N. MainPlace Dr. in Santa Ana,access_limited,access_limited,https://la.urbanize.city/post/408-apartments-rise-2828-n-mainplace-dr-santa-ana,suspicious_duplicate,source-feed signal bleed suspected,Development Activity,GP / Capital Activity,development_project_anchor: capital event with identifiable project/asset (unit/site count: 408 apartments; address/street: 2828 n. mainplace dr; execution milestone: broke ground; project/asset term: development),acceptable_repeat,0,2026-08-26,2026-08-27,1,fresh_0_3d,fresh,published date parsed; article age 1 day(s),68,limited page access; article integrity penalty,,,used broad market bucket: California,none,not_candidate,not a GP / capital candidate,No,,,,,,True,unit/site count: 408 apartments; address/street: 2828 n. mainplace dr; execution milestone: broke ground; project/asset term: development,high,Construction Start,No,,,,,,,,,other,none,none,none,none,none,none,unknown,developer,Market reference detected as California.,unknown,"Limited/paywalled article; classification is based on title, URL, source, and available lead text only. No clear rule-based event keyword was detected. Primary topic set to other; confidence unknown.",45,35,JV or partnership activity; development continuation; source feed cross-signal penalty; limited article: title/lead-based review needed; classification confidence penalty,0
2026-08-27,20260827-041846-c52f941a,2026-08-27 04:18:43,Connect CRE Orange County,Site / Parcel Source Expansion,Tier 2,development_pipeline;gp_activity,Other,Apartment,"Thu, 13 Aug 2026 19:58:13 +0000",91,High,Must Read,California,Financing Risk; Institutional Flow,Track Financing Conditions; Track Institutional Capital Flow,"Monitor financing conditions because the article includes apartment, apartments, fannie mae and $58, which may affect construction loans, refinancing risk, and exit cap rates.",High relevance to US residential developer strategy,Read full article,"Included because it scored 91 and mentions apartment, apartments, fannie mae, with a Financing Risk; Institutional Flow angle for California.",Deal Size Signal,$58,"California CRE News In Your Inbox. Sign up for Connect emails to stay informed with CRE stories that are 150 words or less. California + Orange County + Apartments | August 13, 2026 By: Paul Bubny Newmark Arranges Fannie Mae Loan on San Clemente Active-Adult Complex Newmark arranged a $58-million Fannie Mae loan for Everleigh San Clemente, a newly constructed 150-unit Class A active-adult (55+) apartment community in San Clemente. The Fannie Mae financing was arranged by vice chairman Lee Redmon","You are a strategic research analyst for Woomi / Woomi Global.
Analyze the following US multifamily housing article for developer strategy.

Article context:
- Title: Newmark Arranges Fannie Mae Loan on San Clemente Active-Adult Complex
- Source: Connect CRE Orange County
- URL: https://www.connectcre.com/stories/newmark-arranges-fannie-mae-loan-on-san-clemente-active-adult/
- Market focus: California
- Strategic angle: Financing Risk; Institutional Flow
- Market signal: Deal Size Signal
- Extracted numbers: $58
- Strategic implication: Monitor financing conditions because the article includes apartment, apartments, fannie mae and $58, which may affect construction loans, refinancing risk, and exit cap rates.
- Woomi relevance: High relevance to US residential developer strategy

Please answer in concise bullet points:
1. Why does this article matter for a US multifamily developer?
2. What is the implication for Woomi / Woomi Global?
3. What risk or opportunity does this indicate?
4. What follow-up question should the strategy team ask?",98,Excellent,None,"Rule-based interpretation: Connect CRE Orange County article 'Newmark Arranges Fannie Mae Loan on San Clemente Active-Adult Complex' is classified as priority review for California. It points to financing, refinancing, or debt-market conditions. Treat as a briefing input, not a standalone investment conclusion; confirm with source diversity, repeat observation, and market-specific evidence.",Macro & Financing; Market Players & Deals,apartment; apartments; fannie mae; financing; joint venture; loan,Newmark Arranges Fannie Mae Loan on San Clemente Active-Adult Complex,https://www.connectcre.com/stories/newmark-arranges-fannie-mae-loan-on-san-clemente-active-adult/,Yes,art_22a15f6c44643113,Los Angeles / Southern California,core_15,Multifamily,financing/refinancing; JV/recapitalization,제외/금융,제외/금융,Yes,article page appears accessible from collected text,Yes,No,standard,art_22a15f6c44643113,https://www.connectcre.com/stories/newmark-arranges-fannie-mae-loan-on-san-clemente-active-adult/,Newmark Arranges Fannie Mae Loan on San Clemente Active-Adult Complex,open,open,https://www.connectcre.com/stories/newmark-arranges-fannie-mae-loan-on-san-clemente-active-adult/,valid,title/source/url metadata are internally consistent,Development Activity,GP / Capital Activity,development_project_anchor: capital event with identifiable project/asset (unit/site count: 150-unit; project/asset term: community),repeat_penalized,14,2026-08-13,2026-08-27,14,recent_4_14d,recent,published date parsed; article age 14 day(s),55,previously seen article,,California,matched state keyword: California,joint_venture,retained_repeat,selected or retained for GP / capital review,Yes,Fannie Mae,,dictionary_match,high,"Matched known institutional / GP entity in title, summary, or source text.",True,unit/site count: 150-unit; project/asset term: community,high,Project / Asset,No,,,Fannie Mae,,,,Fannie Mae,,institutional_capital,capital_markets,joint_venture,none,none,lender_activity,agency_debt,unknown,lender,Market reference detected as California.,high,Capital event keywords detected: joint_venture. Financing type keywords detected: agency_debt. Institutional activity terms detected: lender_activity. Primary topic set to institutional_capital; confidence high.,85,72,JV or partnership activity,53
2026-08-27,20260827-041846-c52f941a,2026-08-27 04:18:35,Connect CRE South Florida,Site / Parcel Source Expansion,Tier 2,development_pipeline;gp_activity;sunbelt,Other,Apartment,"Fri, 21 Aug 2026 13:55:56 +0000",74,Medium,Review,Miami / Florida,Developer Strategy,Track Developer Strategy,"Review for developer strategy because the article may inform site selection, product type, adaptive reuse, build-to-rent, or market entry.",Medium relevance to market monitoring,Track source for follow-up,"Included because it scored 74 and mentions apartment, apartments, developer, with a Developer Strategy angle for Miami / Florida.",No Clear Numeric Signal,$13 million; $8.45 million,"Florida & Gulf Coast CRE News In Your Inbox. Sign up for Connect emails to stay informed with CRE stories that are 150 words or less. Florida & Gulf Coast + South Florida + Apartments | August 21, 2026 By: Mike Boyd West Palm Beach Developer Buys Lot, Apartments on Way Estate Cos. bought a lot in West Palm Beach and plans to build the second phase of a two-phase apartment project. The S. Florida Business Journal reports the company paid $13 million for a 1.19-acre lot at 411 West Railroad. The s","You are a strategic research analyst for Woomi / Woomi Global.
Analyze the following US multifamily housing article for developer strategy.

Article context:
- Title: West Palm Beach Developer Buys Lot, Apartments on Way
- Source: Connect CRE South Florida
- URL: https://www.connectcre.com/stories/west-palm-beach-developer-buys-lot-apartments-on-way/
- Market focus: Miami / Florida
- Strategic angle: Developer Strategy
- Market signal: No Clear Numeric Signal
- Extracted numbers: $13 million; $8.45 million
- Strategic implication: Review for developer strategy because the article may inform site selection, product type, adaptive reuse, build-to-rent, or market entry.
- Woomi relevance: Medium relevance to market monitoring

Please answer in concise bullet points:
1. Why does this article matter for a US multifamily developer?
2. What is the implication for Woomi / Woomi Global?
3. What risk or opportunity does this indicate?
4. What follow-up question should the strategy team ask?",90,Excellent,missing market signal,"Rule-based interpretation: Connect CRE South Florida article 'West Palm Beach Developer Buys Lot, Apartments on Way' is classified as review for Miami / Florida. It points to development execution or sponsor strategy. Treat as a briefing input, not a standalone investment conclusion; confirm with source diversity, repeat observation, and market-specific evidence.",Development Strategy,apartment; apartments; developer,"West Palm Beach Developer Buys Lot, Apartments on Way",https://www.connectcre.com/stories/west-palm-beach-developer-buys-lot-apartments-on-way/,Yes,art_a27ad172b5681b32,Miami / South Florida,core_15,Multifamily,acquisition,개발/인허가,개발/인허가; 거래/투자; 시장 데이터,No,article page appears accessible from collected text,Yes,No,standard,art_a27ad172b5681b32,https://www.connectcre.com/stories/west-palm-beach-developer-buys-lot-apartments-on-way/,"West Palm Beach Developer Buys Lot, Apartments on Way",open,open,https://www.connectcre.com/stories/west-palm-beach-developer-buys-lot-apartments-on-way/,valid,title/source/url metadata are internally consistent,Development Activity,GP / Capital Activity,development_project_anchor: capital event with identifiable project/asset (unit/site count: 19-acre; execution milestone: to build; project/asset term: project),repeat_penalized,6,2026-08-21,2026-08-27,6,fresh_0_3d,fresh,published date parsed; article age 6 day(s),58,previously seen article,Miami,Florida,matched city/metro keyword: Miami,acquisition,retained_repeat,selected or retained for GP / capital review,Yes,Participant not identified,,unresolved,unresolved,"No institution name detected in dictionary, title, summary, or source text.",True,unit/site count: 19-acre; execution milestone: to build; project/asset term: project,high,Project / Asset,No,,,,,,,,,transaction_market,capital_markets,acquisition,none,none,none,none,unknown,developer,Market reference detected as Miami / Florida.,low,Capital event keywords detected: acquisition. Primary topic set to transaction_market; confidence low.,75,76,multi-phase development; institutional acquisition behavior; classification confidence penalty,51
2026-08-27,20260827-041846-c52f941a,2026-08-27 04:18:18,Commercial Observer,Core Multifamily News,Tier 1,national_multifamily,Other,Student Housing,"Tue, 25 Aug 2026 19:45:52 +0000",71,Medium,Review,New York City / New York,Institutional Flow,Track Institutional Capital Flow,"Track this as institutional capital flow because it mentions major capital players, portfolio transactions, deal size, or cap-rate signals.",High relevance to US residential developer strategy,Add to weekly strategy memo,"Included because it scored 71 and mentions acquisition, sale, student housing, with a Institutional Flow angle for New York City / New York.",Deal Size Signal,$52m; $51.5 million,"Residential · Student Housing Union Square Investments & Sales The New School Sells Loeb Hall Residence to Hawkins Way Capital for $52M The transaction is Hawkins’ third acquisition of student housing in Manhattan this summer By Isabelle Durso August 25, 2026 3:45 pm reprints Hawkins Way Capital's Joshua Bird and 131 East 12th Street. PHOTOS: Courtesy Hawkins Way Capital; Propertyshark In its third acquisition of student housing in Manhattan this summer, Hawkins Way Capital has purchased a resid","You are a strategic research analyst for Woomi / Woomi Global.
Analyze the following US multifamily housing article for developer strategy.

Article context:
- Title: The New School Sells Loeb Hall Residence to Hawkins Way Capital for $52M
- Source: Commercial Observer
- URL: https://commercialobserver.com/2026/08/new-school-sells-loeb-hall-hawkins-way-capital-131-east-12th-street/
- Market focus: New York City / New York
- Strategic angle: Institutional Flow
- Market signal: Deal Size Signal
- Extracted numbers: $52m; $51.5 million
- Strategic implication: Track this as institutional capital flow because it mentions major capital players, portfolio transactions, deal size, or cap-rate signals.
- Woomi relevance: High relevance to US residential developer strategy

Please answer in concise bullet points:
1. Why does this article matter for a US multifamily developer?
2. What is the implication for Woomi / Woomi Global?
3. What risk or opportunity does this indicate?
4. What follow-up question should the strategy team ask?",98,Excellent,None,"Rule-based interpretation: Commercial Observer article 'The New School Sells Loeb Hall Residence to Hawkins Way Capital for $52M' is classified as review for New York City / New York. It points to institutional capital movement or transaction activity. Treat as a briefing input, not a standalone investment conclusion; confirm with source diversity, repeat observation, and market-specific evidence.",Macro & Financing; Market Players & Deals,acquisition; sale; student housing; transaction,The New School Sells Loeb Hall Residence to Hawkins Way Capital for $52M,https://commercialobserver.com/2026/08/new-school-sells-loeb-hall-hawkins-way-capital-131-east-12th-street/,Yes,art_68671233b3195f22,New York / Northern New Jersey,core_15,Student Housing,transaction/sale; acquisition,거래/투자,거래/투자; 시장 데이터,No,article page appears accessible from collected text,Yes,No,standard,art_68671233b3195f22,https://commercialobserver.com/2026/08/new-school-sells-loeb-hall-hawkins-way-capital-131-east-12th-street/,The New School Sells Loeb Hall Residence to Hawkins Way Capital for $52M,open,open,https://commercialobserver.com/2026/08/new-school-sells-loeb-hall-hawkins-way-capital-131-east-12th-street/,valid,title/source/url metadata are internally consistent,Development Activity,GP / Capital Activity,development_project_anchor: capital event with identifiable project/asset (address/street: 45 pm reprints hawkins way),repeat_penalized,2,2026-08-25,2026-08-27,2,fresh_0_3d,fresh,published date parsed; article age 2 day(s),44,previously seen article; appeared in prior Representative Evidence,New York City,New York,matched city/metro keyword: New York City,disposition_exit,repeat_penalized,repeat exposure penalty; development article without confirmed capital event,No,Hawkins Way Capital,Student Housing Union Square Investments; Courtesy Hawkins Way Capital,title_lead_pattern,medium,Inferred entity from headline lead segment and capital-event verb.,True,address/street: 45 pm reprints hawkins way,medium,Project / Asset,No,,,Hawkins Way Capital,,Student Housing Union Square Investments,Student Housing Union Square Investments; Courtesy Hawkins Way Capital,Hawkins Way Capital,Student Housing Union Square Investments; Courtesy Hawkins Way Capital,transaction_market,capital_markets; institutional_capital,acquisition; disposition,none,none,gp_acquisition; gp_disposition,none,student_housing,lender,Market reference detected as New York City / New York.,high,"Capital event keywords detected: acquisition, disposition. Institutional activity terms detected: gp_acquisition, gp_disposition. Primary topic set to transaction_market; confidence high.",85,70,institutional acquisition behavior,51
2026-08-27,20260827-041846-c52f941a,2026-08-27 04:18:39,Connect CRE Phoenix,Site / Parcel Source Expansion,Tier 2,development_pipeline;gp_activity;sunbelt,Other,General Residential,"Tue, 18 Aug 2026 18:10:50 +0000",59,Low,Monitor,Phoenix / Arizona,Financing Risk; Institutional Flow,Track Financing Conditions; Track Institutional Capital Flow,"Monitor financing conditions because the article includes acquisition, capital markets, cushman and $19.9 million, which may affect construction loans, refinancing risk, and exit cap rates.",High relevance to US residential developer strategy,Add to weekly strategy memo,"Included because it scored 59 and mentions acquisition, capital markets, cushman, with a Financing Risk; Institutional Flow angle for Phoenix / Arizona.",Financing Cost Signal,$19.9 million,"Phoenix & Southwest CRE News In Your Inbox. Sign up for Connect emails to stay informed with CRE stories that are 150 words or less. Phoenix & Southwest + Phoenix + Office | August 18, 2026 By: Mike Boyd Albany Road Snags Loan for Scottsdale MOB Acquisition Cushman & Wakefield has arranged $19.9 million in acquisition financing for Edwards Professional Park I & II in Scottsdale. Tyler Morss of Cushman & Wakefield’s Healthcare Capital Markets team arranged the debt through an undisclosed regional","You are a strategic research analyst for Woomi / Woomi Global.
Analyze the following US multifamily housing article for developer strategy.

Article context:
- Title: Albany Road Snags Loan for Scottsdale MOB Acquisition
- Source: Connect CRE Phoenix
- URL: https://www.connectcre.com/stories/albany-road-snags-loan-for-scottsdale-mob-acquisition/
- Market focus: Phoenix / Arizona
- Strategic angle: Financing Risk; Institutional Flow
- Market signal: Financing Cost Signal
- Extracted numbers: $19.9 million
- Strategic implication: Monitor financing conditions because the article includes acquisition, capital markets, cushman and $19.9 million, which may affect construction loans, refinancing risk, and exit cap rates.
- Woomi relevance: High relevance to US residential developer strategy

Please answer in concise bullet points:
1. Why does this article matter for a US multifamily developer?
2. What is the implication for Woomi / Woomi Global?
3. What risk or opportunity does this indicate?
4. What follow-up question should the strategy team ask?",98,Excellent,None,"Rule-based interpretation: Connect CRE Phoenix article 'Albany Road Snags Loan for Scottsdale MOB Acquisition' is classified as watch only for Phoenix / Arizona. It points to financing, refinancing, or debt-market conditions. Treat as a briefing input, not a standalone investment conclusion; confirm with source diversity, repeat observation, and market-specific evidence.",Macro & Financing; Market Players & Deals,acquisition; capital markets; cushman; debt; financing; loan,Albany Road Snags Loan for Scottsdale MOB Acquisition,https://www.connectcre.com/stories/albany-road-snags-loan-for-scottsdale-mob-acquisition/,Yes,art_71b3f3083092e5f1,Phoenix,core_15,Multifamily,financing/refinancing,제외/금융,제외/금융,Yes,article page appears accessible from collected text,Yes,No,standard,art_71b3f3083092e5f1,https://www.connectcre.com/stories/albany-road-snags-loan-for-scottsdale-mob-acquisition/,Albany Road Snags Loan for Scottsdale MOB Acquisition,open,open,https://www.connectcre.com/stories/albany-road-snags-loan-for-scottsdale-mob-acquisition/,valid,title/source/url metadata are internally consistent,GP / Capital Activity,,"property-level financing, lender, refinancing, or recapitalization signal detected",repeat_penalized,9,2026-08-18,2026-08-27,9,recent_4_14d,recent,published date parsed; article age 9 day(s),55,previously seen article,Phoenix,Arizona,matched city/metro keyword: Phoenix,acquisition_financing,retained_repeat,selected or retained for GP / capital review,Yes,Healthcare Capital,,capital_event_sentence,medium,Inferred entity from source text near capital-event language.,False,"no identifiable project, asset, site, address, or unit-count anchor",none,,No,,,Healthcare Capital,Healthcare Capital,,,Healthcare Capital,,transaction_market,capital_markets; institutional_capital,acquisition,none,none,gp_acquisition,none,unknown,lender; broker,Market reference detected as Phoenix / Arizona.,medium,Capital event keywords detected: acquisition. Institutional activity terms detected: gp_acquisition. Primary topic set to transaction_market; confidence medium.,85,70,institutional acquisition behavior,51
2026-08-27,20260827-041846-c52f941a,2026-08-27 04:18:37,Connect CRE South Florida,Site / Parcel Source Expansion,Tier 2,development_pipeline;gp_activity;sunbelt,Other,Apartment,"Mon, 17 Aug 2026 13:37:43 +0000",84,High,Review,Miami / Florida,Financing Risk; Developer Strategy,Track Financing Conditions; Track Developer Strategy,"Monitor financing conditions because the article includes apartment, apartments, construction and no specific number, which may affect construction loans, refinancing risk, and exit cap rates.",Medium relevance to market monitoring,Track source for follow-up,"Included because it scored 84 and mentions apartment, apartments, construction, with a Financing Risk; Developer Strategy angle for Miami / Florida.",No Clear Numeric Signal,,"Florida & Gulf Coast CRE News In Your Inbox. Sign up for Connect emails to stay informed with CRE stories that are 150 words or less. Florida & Gulf Coast + South Florida + Apartments | August 17, 2026 By: Mike Boyd NRP Advancing 312-Unit Port St. Lucie Apartment Venture The NRP Group broke ground on its newest luxury apartment community, a 312-unit development within the 10,000-acre Tradition master-planned community at 13661 SW Village Parkway in Port St. Lucie. M&T Bank provided construction ","You are a strategic research analyst for Woomi / Woomi Global.
Analyze the following US multifamily housing article for developer strategy.

Article context:
- Title: NRP Advancing 312-Unit Port St. Lucie Apartment Venture
- Source: Connect CRE South Florida
- URL: https://www.connectcre.com/stories/nrp-advancing-312-unit-port-st-lucie-apartment-venture/
- Market focus: Miami / Florida
- Strategic angle: Financing Risk; Developer Strategy
- Market signal: No Clear Numeric Signal
- Extracted numbers: None detected
- Strategic implication: Monitor financing conditions because the article includes apartment, apartments, construction and no specific number, which may affect construction loans, refinancing risk, and exit cap rates.
- Woomi relevance: Medium relevance to market monitoring

Please answer in concise bullet points:
1. Why does this article matter for a US multifamily developer?
2. What is the implication for Woomi / Woomi Global?
3. What risk or opportunity does this indicate?
4. What follow-up question should the strategy team ask?",82,Good,missing extracted numbers; missing market signal,"Rule-based interpretation: Connect CRE South Florida article 'NRP Advancing 312-Unit Port St. Lucie Apartment Venture' is classified as review for Miami / Florida. It points to financing, refinancing, or debt-market conditions. Treat as a briefing input, not a standalone investment conclusion; confirm with source diversity, repeat observation, and market-specific evidence.",Macro & Financing; Development Strategy,apartment; apartments; construction; development; financing,NRP Advancing 312-Unit Port St. Lucie Apartment Venture,https://www.connectcre.com/stories/nrp-advancing-312-unit-port-st-lucie-apartment-venture/,Yes,art_843a4ad40d246427,Miami / South Florida,core_15,Multifamily,,개발/인허가,개발/인허가; 시장 데이터,No,article page appears accessible from collected text,Yes,No,standard,art_843a4ad40d246427,https://www.connectcre.com/stories/nrp-advancing-312-unit-port-st-lucie-apartment-venture/,NRP Advancing 312-Unit Port St. Lucie Apartment Venture,open,open,https://www.connectcre.com/stories/nrp-advancing-312-unit-port-st-lucie-apartment-venture/,valid,title/source/url metadata are internally consistent,Development Activity,,development_project_anchor: Construction Start (unit/site count: 312-unit; address/street: 13661 sw village parkway in port st; execution milestone: broke ground; project/asset term: development),repeat_penalized,10,2026-08-17,2026-08-27,10,recent_4_14d,recent,published date parsed; article age 10 day(s),55,previously seen article,Miami,Florida,matched city/metro keyword: Miami,debt_financing,repeat_penalized,repeat exposure penalty; development article without confirmed capital event,No,M&T Bank,,capital_event_sentence,medium,Inferred entity from source text near capital-event language.,True,unit/site count: 312-unit; address/street: 13661 sw village parkway in port st; execution milestone: broke ground; project/asset term: development,high,Construction Start,No,,,M&T Bank,M&T Bank,,,M&T Bank,,development_pipeline,none,none,construction_start,none,none,none,unknown,lender; developer,Market reference detected as Miami / Florida.,low,Development-stage terms detected: construction_start. Primary topic set to development_pipeline; confidence low.,75,60,development continuation; classification confidence penalty,41
2026-08-27,20260827-041846-c52f941a,2026-08-27 04:18:31,Urbanize LA,Regional / California / LA Sources,Tier 2,development_pipeline;entitlement;la_california,Other,Mixed-Use Residential,"Sun, 23 Aug 2026 13:15:00 +0000",100,High,Must Read,Los Angeles / California,Developer Strategy,Track Developer Strategy,"Track rent and vacancy conditions because the article points to demand, occupancy, rent, vacancy, or concession signals in Los Angeles / California.",High relevance to US residential developer strategy,Read full article,"Included because it scored 100 and mentions apartment, apartments, construction, with a Developer Strategy angle for Los Angeles / California.",Rent Growth Signal,27 apartments,"City Planning Commission approves townhomes + storage facility at 7528 Bellaire Ave. in Sun Valley | Urbanize LA Skip to main content Advertisement Advertisement The Los Angeles City Planning Commission has given the go-ahead to a mixed-use project which would combine a self-storage facility with new housing in Sun Valley . Rendering of 7528 N. Bellaire Avenue Jordan Architects The project from El Segundo-based Trojan Storage , slated for a freeway-adjacent site at 7528 N. Bellaire Avenue , call","You are a strategic research analyst for Woomi / Woomi Global.
Analyze the following US multifamily housing article for developer strategy.

Article context:
- Title: City Planning Commission approves townhomes + storage facility at 7528 Bellaire Ave. in Sun Valley
- Source: Urbanize LA
- URL: https://la.urbanize.city/post/city-planning-commission-approves-townhomes-storage-facility-7528-bellaire-ave-sun-valley
- Market focus: Los Angeles / California
- Strategic angle: Developer Strategy
- Market signal: Rent Growth Signal
- Extracted numbers: 27 apartments
- Strategic implication: Track rent and vacancy conditions because the article points to demand, occupancy, rent, vacancy, or concession signals in Los Angeles / California.
- Woomi relevance: High relevance to US residential developer strategy

Please answer in concise bullet points:
1. Why does this article matter for a US multifamily developer?
2. What is the implication for Woomi / Woomi Global?
3. What risk or opportunity does this indicate?
4. What follow-up question should the strategy team ask?",98,Excellent,None,"Rule-based interpretation: Urbanize LA article 'City Planning Commission approves townhomes + storage facility at 7528 Bellaire Ave. in Sun Valley' is classified as priority review for Los Angeles / California. It points to development execution or sponsor strategy. Treat as a briefing input, not a standalone investment conclusion; confirm with source diversity, repeat observation, and market-specific evidence.",Development Strategy,apartment; apartments; construction; developer; development,City Planning Commission approves townhomes + storage facility at 7528 Bellaire Ave. in Sun Valley,https://la.urbanize.city/post/city-planning-commission-approves-townhomes-storage-facility-7528-bellaire-ave-sun-valley,Yes,art_76b336f74a6e1722,Los Angeles / Southern California,core_15,Mixed-use Residential,rent/occupancy/absorption,개발/인허가,개발/인허가; 운영/임대; 시장 데이터,No,limited source or insufficient readable article text,Yes,No,access_limited_source,art_76b336f74a6e1722,https://la.urbanize.city/post/city-planning-commission-approves-townhomes-storage-facility-7528-bellaire-ave-sun-valley,City Planning Commission approves townhomes + storage facility at 7528 Bellaire Ave. in Sun Valley,access_limited,access_limited,https://la.urbanize.city/post/city-planning-commission-approves-townhomes-storage-facility-7528-bellaire-ave-sun-valley,valid,title/source/url metadata are internally consistent,Development Activity,,development_project_anchor: Approval / Entitlement (address/street: 7528 bellaire ave; site/parcel signal: site; project/asset term: project),repeat_penalized,4,2026-08-23,2026-08-27,4,fresh_0_3d,fresh,published date parsed; article age 4 day(s),54,previously seen article; limited page access,Los Angeles,California,matched city/metro keyword: Los Angeles,none,not_candidate,not a GP / capital candidate,No,,,,,,True,address/street: 7528 bellaire ave; site/parcel signal: site; project/asset term: project,high,Approval / Entitlement,No,,,,,,,,,development_pipeline,none,none,planning_commission,none,none,none,unknown,public_agency; developer,Market reference detected as Los Angeles / California.,low,"Limited/paywalled article; classification is based on title, URL, source, and available lead text only. Development-stage terms detected: planning_commission. Primary topic set to development_pipeline; confidence low.",60,47,entitlement persistence; limited article: title/lead-based review needed; classification confidence penalty,28
2026-08-27,20260827-041846-c52f941a,2026-08-27 04:18:30,Urbanize LA,Regional / California / LA Sources,Tier 2,development_pipeline;entitlement;la_california,Other,Apartment,"Mon, 24 Aug 2026 13:15:00 +0000",90,High,Must Read,National,Developer Strategy,Track Developer Strategy,"Review for developer strategy because the article may inform site selection, product type, adaptive reuse, build-to-rent, or market entry.",High relevance to US residential developer strategy,Read full article,"Included because it scored 90 and mentions apartment, apartments, construction, with a Developer Strategy angle for National.",No Clear Numeric Signal,,"Offices to make way for housing at 21221 S. Western Ave. in Torrance | Urbanize LA Skip to main content Advertisement Advertisement The owner of an office complex in Torrance is seeking to raze and redevelop the property with housing, according to a new environmental study. The Torrance Center South Complex , located at the southwest corner of Torrance Boulevard and Western Avenue, includes approximately 243,000 square feet of offices. Property owners TCS Plaza, Inc. and Torrance Center South Co","You are a strategic research analyst for Woomi / Woomi Global.
Analyze the following US multifamily housing article for developer strategy.

Article context:
- Title: Offices to make way for housing at 21221 S. Western Ave. in Torrance
- Source: Urbanize LA
- URL: https://la.urbanize.city/post/offices-make-way-housing-21221-s-western-ave-torrance
- Market focus: National
- Strategic angle: Developer Strategy
- Market signal: No Clear Numeric Signal
- Extracted numbers: None detected
- Strategic implication: Review for developer strategy because the article may inform site selection, product type, adaptive reuse, build-to-rent, or market entry.
- Woomi relevance: High relevance to US residential developer strategy

Please answer in concise bullet points:
1. Why does this article matter for a US multifamily developer?
2. What is the implication for Woomi / Woomi Global?
3. What risk or opportunity does this indicate?
4. What follow-up question should the strategy team ask?",82,Good,missing extracted numbers; missing market signal,"Rule-based interpretation: Urbanize LA article 'Offices to make way for housing at 21221 S. Western Ave. in Torrance' is classified as priority review for National. It points to development execution or sponsor strategy. Treat as a briefing input, not a standalone investment conclusion; confirm with source diversity, repeat observation, and market-specific evidence.",Development Strategy,apartment; apartments; construction; multifamily; permit,Offices to make way for housing at 21221 S. Western Ave. in Torrance,https://la.urbanize.city/post/offices-make-way-housing-21221-s-western-ave-torrance,Yes,art_28c4ba7deed5aa1b,Los Angeles / Southern California,core_15,Multifamily,,개발/인허가,개발/인허가; 시장 데이터,No,limited source or insufficient readable article text,Yes,No,access_limited_source,art_28c4ba7deed5aa1b,https://la.urbanize.city/post/offices-make-way-housing-21221-s-western-ave-torrance,Offices to make way for housing at 21221 S. Western Ave. in Torrance,access_limited,access_limited,https://la.urbanize.city/post/offices-make-way-housing-21221-s-western-ave-torrance,valid,title/source/url metadata are internally consistent,Development Activity,,development_project_anchor: Approval / Entitlement (address/street: 21221 s. western ave; project/asset term: apartments),repeat_penalized,3,2026-08-24,2026-08-27,3,fresh_0_3d,fresh,published date parsed; article age 3 day(s),58,previously seen article; limited page access,,,used broad market bucket: National,none,not_candidate,not a GP / capital candidate,No,,,,,,True,address/street: 21221 s. western ave; project/asset term: apartments,high,Approval / Entitlement,No,,,,,,,,,other,none,none,none,none,none,none,unknown,developer,Market reference detected as National.,unknown,"Limited/paywalled article; classification is based on title, URL, source, and available lead text only. No clear rule-based event keyword was detected. Primary topic set to other; confidence unknown.",45,43,entitlement persistence; limited article: title/lead-based review needed; classification confidence penalty,18
2026-08-27,20260827-041846-c52f941a,2026-08-27 04:18:31,Urbanize LA,Regional / California / LA Sources,Tier 2,development_pipeline;entitlement;la_california,Other,Affordable Housing,"Mon, 24 Aug 2026 13:10:00 +0000",100,High,Must Read,Los Angeles / California,Developer Strategy,Track Developer Strategy,"Track rent and vacancy conditions because the article points to demand, occupancy, rent, vacancy, or concession signals in Los Angeles / California.",High relevance to US residential developer strategy,Read full article,"Included because it scored 100 and mentions affordable housing, apartment, apartments, with a Developer Strategy angle for Los Angeles / California.",Rent Growth Signal,81 apartments,"Affordable housing complex slated for 5922 N. Lemp Ave. in North Hollywood | Urbanize LA Skip to main content Advertisement Advertisement HVN Development has plans for more affordable housing in North Hollywood , according to plans recently submitted to the City of Los Angeles. The company's latest project, slated for a property at 5822 N. Lemp Avenue, calls for the construction of a new five-story building featuring 81 apartments without on-site parking. As with all HVN projects, the apartments","You are a strategic research analyst for Woomi / Woomi Global.
Analyze the following US multifamily housing article for developer strategy.

Article context:
- Title: Affordable housing complex slated for 5922 N. Lemp Ave. in North Hollywood
- Source: Urbanize LA
- URL: https://la.urbanize.city/post/affordable-housing-complex-slated-5922-n-lemp-ave-north-hollywood
- Market focus: Los Angeles / California
- Strategic angle: Developer Strategy
- Market signal: Rent Growth Signal
- Extracted numbers: 81 apartments
- Strategic implication: Track rent and vacancy conditions because the article points to demand, occupancy, rent, vacancy, or concession signals in Los Angeles / California.
- Woomi relevance: High relevance to US residential developer strategy

Please answer in concise bullet points:
1. Why does this article matter for a US multifamily developer?
2. What is the implication for Woomi / Woomi Global?
3. What risk or opportunity does this indicate?
4. What follow-up question should the strategy team ask?",98,Excellent,None,"Rule-based interpretation: Urbanize LA article 'Affordable housing complex slated for 5922 N. Lemp Ave. in North Hollywood' is classified as priority review for Los Angeles / California. It points to development execution or sponsor strategy. Treat as a briefing input, not a standalone investment conclusion; confirm with source diversity, repeat observation, and market-specific evidence.",Development Strategy; Policy & Regulation,affordable housing; apartment; apartments; construction; development; renter; renters,Affordable housing complex slated for 5922 N. Lemp Ave. in North Hollywood,https://la.urbanize.city/post/affordable-housing-complex-slated-5922-n-lemp-ave-north-hollywood,Yes,art_556e960ce849ece1,Los Angeles / Southern California,core_15,Affordable Housing,policy/regulation; rent/occupancy/absorption,개발/인허가,개발/인허가; 운영/임대; 시장 데이터,No,limited source or insufficient readable article text,Yes,No,access_limited_source,art_556e960ce849ece1,https://la.urbanize.city/post/affordable-housing-complex-slated-5922-n-lemp-ave-north-hollywood,Affordable housing complex slated for 5922 N. Lemp Ave. in North Hollywood,access_limited,access_limited,https://la.urbanize.city/post/affordable-housing-complex-slated-5922-n-lemp-ave-north-hollywood,valid,title/source/url metadata are internally consistent,Development Activity,Market Intelligence,development_project_anchor: Project / Asset (unit/site count: 81 apartments; address/street: 5922 n. lemp ave; site/parcel signal: site; project/asset term: project),repeat_penalized,3,2026-08-24,2026-08-27,3,fresh_0_3d,fresh,published date parsed; article age 3 day(s),58,previously seen article; limited page access,Los Angeles,California,matched city/metro keyword: Los Angeles,none,not_candidate,not a GP / capital candidate,No,,,,,,True,unit/site count: 81 apartments; address/street: 5922 n. lemp ave; site/parcel signal: site; project/asset term: project,high,Project / Asset,No,,,,,,,,,research_data,none,none,none,none,none,none,affordable_housing,developer,Market reference detected as Los Angeles / California.,unknown,"Limited/paywalled article; classification is based on title, URL, source, and available lead text only. No clear rule-based event keyword was detected. Primary topic set to research_data; confidence unknown.",45,46,sponsor expansion; limited article: title/lead-based review needed; classification confidence penalty,17
2026-08-27,20260827-041846-c52f941a,2026-08-27 04:18:14,Multifamily Dive,Core Multifamily News,Tier 1,national_multifamily,Other,Apartment,"Fri, 21 Aug 2026 12:46:51 -0400",75,Medium,Review,Other / Unknown,Financing Risk,Track Financing Conditions,"Monitor financing conditions because the article includes apartment, debt, lending and no specific number, which may affect construction loans, refinancing risk, and exit cap rates.",Medium relevance to market monitoring,Track source for follow-up,"Included because it scored 75 and mentions apartment, debt, lending, with a Financing Risk angle for a broad or unspecified market.",No Clear Numeric Signal,,"An article from With the return of banks, debt options in multifamily flourish in 2026 The agencies also remain strong options, though some multifamily borrowers still report that it’s difficult to get deals done. Published Aug. 21, 2026 Leslie Shaver Senior Reporter Share Copy link Email LinkedIn X/Twitter Facebook Print License Add us on Google Getty Images While lending costs remain higher than apartment investors might prefer, the market seems to be overflowing with debt options for multifam","You are a strategic research analyst for Woomi / Woomi Global.
Analyze the following US multifamily housing article for developer strategy.

Article context:
- Title: With the return of banks, debt options in multifamily flourish in 2026
- Source: Multifamily Dive
- URL: https://www.multifamilydive.com/news/multifamily-debt-fannie-mae-freddie-mac-banks-debt-funds/828518/
- Market focus: Other / Unknown
- Strategic angle: Financing Risk
- Market signal: No Clear Numeric Signal
- Extracted numbers: None detected
- Strategic implication: Monitor financing conditions because the article includes apartment, debt, lending and no specific number, which may affect construction loans, refinancing risk, and exit cap rates.
- Woomi relevance: Medium relevance to market monitoring

Please answer in concise bullet points:
1. Why does this article matter for a US multifamily developer?
2. What is the implication for Woomi / Woomi Global?
3. What risk or opportunity does this indicate?
4. What follow-up question should the strategy team ask?",74,Good,missing extracted numbers; missing market focus; missing market signal,"Rule-based interpretation: Multifamily Dive article 'With the return of banks, debt options in multifamily flourish in 2026' is classified as review for Other / Unknown. It points to financing, refinancing, or debt-market conditions. Treat as a briefing input, not a standalone investment conclusion; confirm with source diversity, repeat observation, and market-specific evidence.",Macro & Financing,apartment; debt; lending; multifamily,"With the return of banks, debt options in multifamily flourish in 2026",https://www.multifamilydive.com/news/multifamily-debt-fannie-mae-freddie-mac-banks-debt-funds/828518/,Yes,art_b1921ae8b839d7f2,Other / Unknown,other,Multifamily,,거래/투자,거래/투자; 시장 데이터,No,article page appears accessible from collected text,No,No,standard,art_b1921ae8b839d7f2,https://www.multifamilydive.com/news/multifamily-debt-fannie-mae-freddie-mac-banks-debt-funds/828518/,"With the return of banks, debt options in multifamily flourish in 2026",open,open,https://www.multifamilydive.com/news/multifamily-debt-fannie-mae-freddie-mac-banks-debt-funds/828518/,valid,title/source/url metadata are internally consistent,GP / Capital Activity,,"property-level financing, lender, refinancing, or recapitalization signal detected",repeat_penalized,6,2026-08-21,2026-08-27,6,fresh_0_3d,fresh,published date parsed; article age 6 day(s),58,previously seen article,,,"no city, state, or market keyword detected",debt_financing,repeat_penalized,repeat exposure penalty,No,Participant not identified,,unresolved,unresolved,"No institution name detected in dictionary, title, summary, or source text.",False,"no identifiable project, asset, site, address, or unit-count anchor",none,,No,,,,,,,,,institutional_capital,none,none,none,none,lender_activity,none,unknown,lender; investor,No specific market detected; relevance remains broad.,low,Institutional activity terms detected: lender_activity. Primary topic set to institutional_capital; confidence low.,40,35,classification confidence penalty,16
2026-08-27,20260827-041846-c52f941a,2026-08-27 04:18:31,Urbanize LA,Regional / California / LA Sources,Tier 2,development_pipeline;entitlement;la_california,Other,Affordable Housing,"Mon, 24 Aug 2026 13:05:00 +0000",94,High,Must Read,Other / Unknown,Developer Strategy,Track Developer Strategy,"Track rent and vacancy conditions because the article points to demand, occupancy, rent, vacancy, or concession signals in Other / Unknown.",High relevance to US residential developer strategy,Read full article,"Included because it scored 94 and mentions affordable housing, apartment, apartments, with a Developer Strategy angle for a broad or unspecified market.",Rent Growth Signal,"$2,995; $4,450; 64 apartments; $4,450 per month","Mixed-use project unwrapped at 3555 S. Overland Ave. in Palms | Urbanize LA Skip to main content Advertisement Advertisement In Palms , construction is just about complete for the latest mixed-use apartment complex from Helio . The project, named ""Kaia"" , is located at 3555 Overland Avenue . The new six-story building features 64 studio and one-bedroom apartments above 1,395 square feet of ground-floor retail space and a 69-car garage, according to approved plans. A leasing website advertises ap","You are a strategic research analyst for Woomi / Woomi Global.
Analyze the following US multifamily housing article for developer strategy.

Article context:
- Title: Mixed-use project unwrapped at 3555 S. Overland Ave. in Palms
- Source: Urbanize LA
- URL: https://la.urbanize.city/post/mixed-use-project-unwrapped-3555-s-overland-ave-palms
- Market focus: Other / Unknown
- Strategic angle: Developer Strategy
- Market signal: Rent Growth Signal
- Extracted numbers: $2,995; $4,450; 64 apartments; $4,450 per month
- Strategic implication: Track rent and vacancy conditions because the article points to demand, occupancy, rent, vacancy, or concession signals in Other / Unknown.
- Woomi relevance: High relevance to US residential developer strategy

Please answer in concise bullet points:
1. Why does this article matter for a US multifamily developer?
2. What is the implication for Woomi / Woomi Global?
3. What risk or opportunity does this indicate?
4. What follow-up question should the strategy team ask?",90,Excellent,missing market focus,"Rule-based interpretation: Urbanize LA article 'Mixed-use project unwrapped at 3555 S. Overland Ave. in Palms' is classified as priority review for Other / Unknown. It points to development execution or sponsor strategy. Treat as a briefing input, not a standalone investment conclusion; confirm with source diversity, repeat observation, and market-specific evidence.",Development Strategy; Policy & Regulation,affordable housing; apartment; apartments; construction; development,Mixed-use project unwrapped at 3555 S. Overland Ave. in Palms,https://la.urbanize.city/post/mixed-use-project-unwrapped-3555-s-overland-ave-palms,Yes,art_b40e294c85f6bc00,Los Angeles / Southern California,core_15,Affordable Housing,policy/regulation; rent/occupancy/absorption,개발/인허가,개발/인허가; 운영/임대; 시장 데이터,No,limited source or insufficient readable article text,Yes,No,access_limited_source,art_b40e294c85f6bc00,https://la.urbanize.city/post/mixed-use-project-unwrapped-3555-s-overland-ave-palms,Mixed-use project unwrapped at 3555 S. Overland Ave. in Palms,access_limited,access_limited,https://la.urbanize.city/post/mixed-use-project-unwrapped-3555-s-overland-ave-palms,valid,title/source/url metadata are internally consistent,Development Activity,Market Intelligence,development_project_anchor: Leasing / Lease-Up (address/street: 3555 s. overland ave; execution milestone: leasing; site/parcel signal: site; project/asset term: project),repeat_penalized,3,2026-08-24,2026-08-27,3,fresh_0_3d,fresh,published date parsed; article age 3 day(s),58,previously seen article; limited page access,,,"no city, state, or market keyword detected",none,not_candidate,not a GP / capital candidate,No,,,,,,True,address/street: 3555 s. overland ave; execution milestone: leasing; site/parcel signal: site; project/asset term: project,high,Leasing / Lease-Up,No,,,,,,,,,research_data,none,none,none,none,none,none,mixed_use,developer,No specific market detected; relevance remains broad.,unknown,"Limited/paywalled article; classification is based on title, URL, source, and available lead text only. No clear rule-based event keyword was detected. Primary topic set to research_data; confidence unknown.",30,25,limited article: title/lead-based review needed; classification confidence penalty,0
