run_date,run_id,canonical_project_id,canonical_project_name,project_identity_confidence,asset_signal_id,canonical_article_id,title,original_url,published,summary,article_integrity_status,article_integrity_reason,primary_display_section,secondary_display_sections,repeat_exposure_status,has_project_anchor,project_anchor_reason,project_anchor_confidence,development_lifecycle_hint,published_date_normalized,collected_date_normalized,article_age_days,freshness_bucket,freshness_status,freshness_reason,freshness_score,access_status,canonical_asset_or_project_name,raw_project_or_property_name,address_or_location_clue,intersection_or_corridor,neighborhood_or_submarket,city,state_or_region,residential_sector,asset_type,gp_or_developer,owner_or_sponsor,lender_or_capital_partner,entitlement_status,permit_status,construction_status,delivery_or_timing_reference,unit_count,dollar_amount,site_size_or_area,deal_or_project_type,asset_strategy_signal,site_control_signal,execution_stage,primary_development_category,primary_category_reason,asset_opportunity_score,asset_risk_score,woomi_asset_relevance,recommended_asset_follow_up,evidence_article_title,source,url,confidence_level
2026-08-19,20260819-232308-78777e3c,PRJ-20260819-0067,Disposition / Exit - California - Costa Mesa Multifamily Changes Hands for Value-Add Repositioning,100,AST-20260819-028,art_512ff9d6347a52c5,Levin Johnston Team Closes Belmont Apartment Sale,https://www.connectcre.com/stories/levin-johnston-team-arranges-belmont-apartment-sale/,"Tue, 18 Aug 2026 21:01:41 +0000","California CRE News In Your Inbox. Sign up for Connect emails to stay informed with CRE stories that are 150 words or less. California + Bay Area + Apartments | August 18, 2026 By: Paul Bubny Levin Johnston Team Closes Belmont Apartment Sale Marcus & Millichap arranged the sale and financing of Carlmont Hills Apartments, a 16-unit multifamily property located at 2401 Carlmont Dr. in Belmont. The property sold for $5.75 million or $359,375 per unit. Marcus & Millichap Capital Corporation (MMCC), ",valid,title/source/url metadata are internally consistent,Development Activity,GP / Capital Activity,repeat_penalized,,,,,2026-08-18,2026-08-19,1,fresh_0_3d,fresh,published date parsed; article age 1 day(s),48,open,Acquisition - California - Levin Johnston Team Closes Belmont Apartment Sale,Acquisition - California - Levin Johnston Team Closes Belmont Apartment Sale,California,General submarket monitoring,California,Los Angeles,California,Apartment,Apartment,Marcus & Millichap,Marcus & Millichap,Unknown,Unknown,Unknown,Unknown,No explicit timing reference,,$5.75 million; $359; $5.75 million,,Acquisition,General Asset Signal,Existing asset sale,Unknown,excluded,transaction / capital guard: sale,100,32,High relevance to Woomi site strategy,"Review site details, sponsor, entitlement path, and local precedent",Levin Johnston Team Closes Belmont Apartment Sale,Connect CRE California,https://www.connectcre.com/stories/levin-johnston-team-arranges-belmont-apartment-sale/,Medium
2026-08-19,20260819-232308-78777e3c,PRJ-20260819-0044,Entitlement / Permitting - California - Affordable housing under construction at 9038 S. Reading Ave. in Westchester,80,AST-20260819-040,art_932aa495c0af35dd,Affordable housing under construction at 9038 S. Reading Ave. in Westchester,https://la.urbanize.city/post/affordable-housing-under-construction-9038-s-reading-ave-westchester,"Mon, 17 Aug 2026 13:05:00 +0000","Affordable housing under construction at 9038 S. Reading Ave. in Westchester | Urbanize LA Skip to main content Advertisement Advertisement In Westchester , construction has commenced for another affordable housing complex from HVN Development. The project, which replaced six apartments at 9038 S. Reading Avenue , calls for the construction of a new five-story building featuring 77 one- and two-bedroom residential units without an on-site parking garage. Construction at 9038 S. Reading Avenue Ur",valid,title/source/url metadata are internally consistent,Development Activity,,acceptable_repeat,,,,,2026-08-17,2026-08-19,2,fresh_0_3d,fresh,published date parsed; article age 2 day(s),77,access_limited,Entitlement / Permitting - California - Affordable housing under construction at 9038 S. Reading Ave. in Westchester,Entitlement / Permitting - California - Affordable housing under construction at 9038 S. Reading Ave. in Westchester,9038 S. Reading Ave,General submarket monitoring,California,Los Angeles,California,Affordable Housing,Affordable Housing,Unknown,Unknown,Unknown,Unknown,Unknown,Under construction,No explicit timing reference,77 apartments,,,Entitlement / Permitting,Affordable / Density Bonus Strategy,Project under entitlement,Under Construction,construction_delivery_watch,matched under construction,100,32,High relevance to Woomi site strategy,"Review site details, sponsor, entitlement path, and local precedent",Affordable housing under construction at 9038 S. Reading Ave. in Westchester,Urbanize LA,https://la.urbanize.city/post/affordable-housing-under-construction-9038-s-reading-ave-westchester,High
2026-08-19,20260819-232308-78777e3c,PRJ-20260819-0011,Development Start - Los Angeles / California - Affordable housing takes shape at 17100 Victory Blvd. in Lake Balboa,80,AST-20260819-037,art_5329339fbe4ff692,Affordable housing takes shape at 17100 Victory Blvd. in Lake Balboa,https://la.urbanize.city/post/affordable-housing-takes-shape-17100-victory-blvd-lake-balboa,"Wed, 19 Aug 2026 13:10:00 +0000","Affordable housing takes shape at 17100 Victory Blvd. in Lake Balboa | Urbanize LA Skip to main content Advertisement Advertisement Next to the Sepulveda Basin in Lake Balboa, framing for the first component of a new affordable housing complex from Linc Housing is taking shape. The project, which broke ground earlier this year at 17100 Victory Boulevard , will eventually consist of two five-story buildings containing a combined 192 apartments for homeless households and families earning between ",valid,title/source/url metadata are internally consistent,Development Activity,Market Intelligence,new_or_fresh,,,,,2026-08-19,2026-08-19,,fresh_0_3d,fresh,published date parsed; article age 0 day(s),88,access_limited,Development Start - Los Angeles / California - Affordable housing takes shape at 17100 Victory Blvd. in Lake Balboa,Development Start - Los Angeles / California - Affordable housing takes shape at 17100 Victory Blvd. in Lake Balboa,17100 Victory Blvd,General submarket monitoring,Los Angeles / California,Los Angeles,Unknown,Affordable Housing,BTR / Single-Family Rental,Unknown,Unknown,Unknown,Unknown,Unknown,Construction started,broke ground,192 apartments,$78.7 million,,Development Start,Affordable / Density Bonus Strategy,Unknown site control,Under Construction,construction_delivery_watch,matched broke ground,100,26,Relevant to entitlement monitoring,"Track entitlement, permit, density bonus, and construction-readiness milestones",Affordable housing takes shape at 17100 Victory Blvd. in Lake Balboa,Urbanize LA,https://la.urbanize.city/post/affordable-housing-takes-shape-17100-victory-blvd-lake-balboa,High
2026-08-19,20260819-232308-78777e3c,PRJ-20260819-0064,JV / Partnership - California - Newmark Arranges Fannie Mae Loan on San Clemente Active-Adult Complex,100,AST-20260819-027,art_22a15f6c44643113,Newmark Arranges Fannie Mae Loan on San Clemente Active-Adult Complex,https://www.connectcre.com/stories/newmark-arranges-fannie-mae-loan-on-san-clemente-active-adult/,"Thu, 13 Aug 2026 19:58:13 +0000","California CRE News In Your Inbox. Sign up for Connect emails to stay informed with CRE stories that are 150 words or less. California + Orange County + Apartments | August 13, 2026 By: Paul Bubny Newmark Arranges Fannie Mae Loan on San Clemente Active-Adult Complex Newmark arranged a $58-million Fannie Mae loan for Everleigh San Clemente, a newly constructed 150-unit Class A active-adult (55+) apartment community in San Clemente. The Fannie Mae financing was arranged by vice chairman Lee Redmon",valid,title/source/url metadata are internally consistent,Development Activity,GP / Capital Activity,repeat_penalized,,,,,2026-08-13,2026-08-19,6,fresh_0_3d,fresh,published date parsed; article age 6 day(s),58,open,JV / Partnership - California - Newmark Arranges Fannie Mae Loan on San Clemente Active-Adult Complex,JV / Partnership - California - Newmark Arranges Fannie Mae Loan on San Clemente Active-Adult Complex,California,General submarket monitoring,California,Los Angeles,California,Apartment,Apartment,Fannie Mae,Fannie Mae,Fannie Mae,Unknown,Unknown,Unknown,No explicit timing reference,,$58; $58,,JV / Partnership,General Asset Signal,Unknown site control,Unknown,excluded,transaction / capital guard: loan,99,30,High relevance to Woomi site strategy,"Review site details, sponsor, entitlement path, and local precedent",Newmark Arranges Fannie Mae Loan on San Clemente Active-Adult Complex,Connect CRE Orange County,https://www.connectcre.com/stories/newmark-arranges-fannie-mae-loan-on-san-clemente-active-adult/,Medium
2026-08-19,20260819-232308-78777e3c,PRJ-20260819-0107,Disposition / Exit - Los Angeles / California - Marcus & Millichap’s Azzi Group Closes Value-Add Sale of West Hollywood Multifamily,100,AST-20260819-039,art_e27178627db61760,Marcus & Millichap’s Azzi Group Closes Value-Add Sale of West Hollywood Multifamily,https://www.connectcre.com/stories/marcus-millichaps-azzi-group-closes-value-add-sale-of-west-hollywood-multifamily/,"Mon, 17 Aug 2026 22:24:34 +0000","California CRE News In Your Inbox. Sign up for Connect emails to stay informed with CRE stories that are 150 words or less. California + Los Angeles + Apartments | August 17, 2026 By: Paul Bubny Marcus & Millichap’s Azzi Group Closes Value-Add Sale of West Hollywood Multifamily Marcus & Millichap closed the sale of 1203 N. Kings Road, a 30-unit multifamily property in West Hollywood. The property sold for $7.98 million, or $266,000 per unit. “The property presented the buyer with a rare opportun",valid,title/source/url metadata are internally consistent,Development Activity,GP / Capital Activity,acceptable_repeat,,,,,2026-08-17,2026-08-19,2,fresh_0_3d,fresh,published date parsed; article age 2 day(s),74,open,Disposition / Exit - Los Angeles / California - Marcus & Millichap’s Azzi Group Closes Value-Add Sale of West Hollywood Multifamily,Disposition / Exit - Los Angeles / California - Marcus & Millichap’s Azzi Group Closes Value-Add Sale of West Hollywood Multifamily,Los Angeles,General submarket monitoring,Los Angeles,Los Angeles,California,Apartment,Apartment,Marcus & Millichap,Marcus & Millichap,Unknown,Unknown,Unknown,Unknown,No explicit timing reference,,$7.98 million; $266; $7.98 million,,Disposition / Exit,General Asset Signal,Existing asset sale,Unknown,excluded,transaction / capital guard: disposition,99,26,Relevant to underwriting benchmark,Monitor asset-level signal for repeated confirmation,Marcus & Millichap’s Azzi Group Closes Value-Add Sale of West Hollywood Multifamily,Connect CRE California,https://www.connectcre.com/stories/marcus-millichaps-azzi-group-closes-value-add-sale-of-west-hollywood-multifamily/,Medium
2026-08-19,20260819-232308-78777e3c,PRJ-20260819-0072,Disposition / Exit - San Francisco / California - JLL Closes $62.7M Sale and $38.833M Financing for Fort Collins Apartment Complex,100,AST-20260819-034,art_5180987127576934,JLL Closes $62.7M Sale and $38.833M Financing for Fort Collins Apartment Complex,https://yieldpro.com/2026/08/seasons-at-horsetooth-crossing/,"Wed, 19 Aug 2026 18:51:57 +0000","Deal boom Mountain region News Facebook Twitter Linkedin JLL Capital Markets announced that it has arranged the $62.7 million sale and $38.833 million financing of Seasons at Horsetooth Crossing , a 208-unit, garden-style multifamily community in Fort Collins, Colorado. JLL represented the seller, The Rainier Companies, in the sale of the property to a Delaware Statutory Trust (DST) sponsored by Hamilton Zanze, a San Francisco-based multifamily real estate investment firm. JLL also arranged the ",suspicious_mismatch,title/source/url metadata are internally consistent; title and original_url slug appear to reference different articles,Development Activity,GP / Capital Activity,new_or_fresh,,,,,2026-08-19,2026-08-19,,fresh_0_3d,fresh,published date parsed; article age 0 day(s),100,open,Disposition / Exit - San Francisco / California - JLL Closes $62.7M Sale and $38.833M Financing for Fort Collins Apartment Complex,Disposition / Exit - San Francisco / California - JLL Closes $62.7M Sale and $38.833M Financing for Fort Collins Apartment Complex,Colorado,General submarket monitoring,Colorado,Los Angeles,Unknown,Apartment,Apartment,JLL,JLL,JLL,Unknown,Unknown,Unknown,No explicit timing reference,,$62.7M; $38.833M; $62.7 million,,Disposition / Exit,General Asset Signal,Existing asset sale,Unknown,excluded,transaction / capital guard: disposition,98,26,Relevant to underwriting benchmark,Monitor asset-level signal for repeated confirmation,JLL Closes $62.7M Sale and $38.833M Financing for Fort Collins Apartment Complex,Yield PRO,https://yieldpro.com/2026/08/seasons-at-horsetooth-crossing/,Medium
2026-08-19,20260819-232308-78777e3c,PRJ-20260819-0130,JV / Partnership - New York - CBRE Arranges $9.5M Sale of Transit-Adjacent Multifamily Apartment Development Site in Yon...,100,AST-20260819-030,art_a646f16e4d2b6226,CBRE Arranges $9.5M Sale of Transit-Adjacent Multifamily Apartment Development Site in Yonkers New York,https://yieldpro.com/2026/08/1219-yonkers/,"Wed, 19 Aug 2026 23:11:04 +0000","Deal boom News Facebook Twitter Linkedin CBRE announced the sale of 1219 Yonkers Avenue in Yonkers, NY, a vacant land parcel positioned for multifamily residential development in one of Westchester County’s most dynamic growth corridors. The site, located one block from the Mount Vernon West Metro-North station, offers a gateway opportunity to the City of Yonkers. The property was acquired by Stagg Group from 1219 Yonkers Avenue LLC, a joint venture of Aubrey Capital LLC and Empire General Contr",valid,title/source/url metadata are internally consistent,Development Activity,GP / Capital Activity; Market Intelligence,new_or_fresh,,,,,2026-08-19,2026-08-19,,fresh_0_3d,fresh,published date parsed; article age 0 day(s),100,open,JV / Partnership - New York - CBRE Arranges $9.5M Sale of Transit-Adjacent Multifamily Apartment Development Site in Yon...,JV / Partnership - New York - CBRE Arranges $9.5M Sale of Transit-Adjacent Multifamily Apartment Development Site in Yon...,New York,General submarket monitoring,New York,New York,New York,Apartment,Apartment,CBRE,CBRE,CBRE,Unknown,Unknown,Unknown,No explicit timing reference,,$9.5M; $9.5m,,JV / Partnership,Acquisition / Site Control,Site acquired,Site Controlled,site_parcel_activity,site/parcel signal with project anchor: development site,98,18,Relevant to acquisition / JV sourcing,"Review acquisition, financing, ownership, and comparable transaction details",CBRE Arranges $9.5M Sale of Transit-Adjacent Multifamily Apartment Development Site in Yonkers New York,Yield PRO,https://yieldpro.com/2026/08/1219-yonkers/,Medium
2026-08-19,20260819-232308-78777e3c,PRJ-20260819-0068,Acquisition - San Francisco / California - Potrero Hill Apartments Fetch One of San Francisco’s Highest Per-Unit Prices,100,AST-20260819-036,art_1eba334a29c1b7b2,Potrero Hill Apartments Fetch One of San Francisco’s Highest Per-Unit Prices,https://www.connectcre.com/stories/potrero-hill-apartments-fetch-one-of-san-franciscos-highest-per-unit-prices/,"Wed, 19 Aug 2026 19:41:44 +0000","California CRE News In Your Inbox. Sign up for Connect emails to stay informed with CRE stories that are 150 words or less. California + Bay Area + Apartments | August 19, 2026 By: Paul Bubny Potrero Hill Apartments Fetch One of San Francisco’s Highest Per-Unit Prices Stockbridge Capital Group has acquired the 172-unit Alta Potrero apartments at 1301 16th St. in San Francisco’s popular Potrero Hill neighborhood for $132 million from developer Wood Partners, the San Francisco Business Times repor",valid,title/source/url metadata are internally consistent,Development Activity,GP / Capital Activity,new_or_fresh,,,,,2026-08-19,2026-08-19,,fresh_0_3d,fresh,published date parsed; article age 0 day(s),100,open,Acquisition - San Francisco / California - Potrero Hill Apartments Fetch One of San Francisco’s Highest Per-Unit Prices,Acquisition - San Francisco / California - Potrero Hill Apartments Fetch One of San Francisco’s Highest Per-Unit Prices,California,General submarket monitoring,California,Los Angeles,California,Apartment,Apartment,Wood Partners,Wood Partners,Unknown,Unknown,Unknown,Unknown,No explicit timing reference,,$132 million; $132 million; $767,,Acquisition,General Asset Signal,Existing asset sale,Unknown,excluded,transaction / capital guard: acquisition,97,26,Relevant to underwriting benchmark,Monitor asset-level signal for repeated confirmation,Potrero Hill Apartments Fetch One of San Francisco’s Highest Per-Unit Prices,Connect CRE Apartments,https://www.connectcre.com/stories/potrero-hill-apartments-fetch-one-of-san-franciscos-highest-per-unit-prices/,Medium
2026-08-19,20260819-232308-78777e3c,PRJ-20260819-0006,CBRE Arranges $9.5M Sale of Transit-Adjacent Multifamily Apartment Development Site in Yonkers New York,100,AST-20260819-001,art_a646f16e4d2b6226,CBRE Arranges $9.5M Sale of Transit-Adjacent Multifamily Apartment Development Site in Yonkers New York,https://yieldpro.com/2026/08/1219-yonkers/,"Wed, 19 Aug 2026 23:11:04 +0000","Deal boom News Facebook Twitter Linkedin CBRE announced the sale of 1219 Yonkers Avenue in Yonkers, NY, a vacant land parcel positioned for multifamily residential development in one of Westchester County’s most dynamic growth corridors. The site, located one block from the Mount Vernon West Metro-North station, offers a gateway opportunity to the City of Yonkers. The property was acquired by Stagg Group from 1219 Yonkers Avenue LLC, a joint venture of Aubrey Capital LLC and Empire General Contr",valid,title/source/url metadata are internally consistent,Development Activity,GP / Capital Activity; Market Intelligence,new_or_fresh,True,address/street: 1219 yonkers avenue; site/parcel signal: site; project/asset term: development,high,Site Acquisition / Site Control,2026-08-19,2026-08-19,0,fresh_0_3d,fresh,published date parsed; article age 0 day(s),100,open,CBRE Arranges $9.5M Sale of Transit-Adjacent Multifamily Apartment Development Site in Yonkers New York,CBRE Arranges $9.5M Sale of Transit-Adjacent Multifamily Apartment Development Site in Yonkers New York,1219 Yonkers Avenue,General submarket monitoring,New York,Los Angeles,New York,Apartment,Apartment,CBRE,CBRE,Unknown,Unknown,Unknown,Unknown,No explicit timing reference,,,,Acquisition / Site Control,Acquisition / Site Control,Site acquired,Site Controlled,site_parcel_activity,site/parcel signal with project anchor: parcel,97,18,Relevant to acquisition / JV sourcing,"Review acquisition, financing, ownership, and comparable transaction details",CBRE Arranges $9.5M Sale of Transit-Adjacent Multifamily Apartment Development Site in Yonkers New York,Yield PRO,https://yieldpro.com/2026/08/1219-yonkers/,High
2026-08-19,20260819-232308-78777e3c,PRJ-20260819-0001,Entitlement / Permitting - Los Angeles / California - 39 apartments approved at 10535 W. Missouri Ave. in West L.A.,80,AST-20260819-045,art_3013da8d6c557de6,39 apartments approved at 10535 W. Missouri Ave. in West L.A.,https://la.urbanize.city/post/39-apartments-approved-10535-w-missouri-ave-west-la,"Wed, 19 Aug 2026 13:05:11 +0000","39 apartments approved at 10535 W. Missouri Ave. in West L.A. | Urbanize LA Skip to main content Advertisement Advertisement A proposed multifamily residential development just south of Santa Monica Boulevard in West Los Angeles has cleared the Los Angeles City Planning Commission. The project, filed for approval last year by David Hanasab of Jenson Capital , would replace a duplex and a single-family home at 10535 W. Missouri Avenue . In their place, plans call for the construction of a new six",valid,title/source/url metadata are internally consistent,Development Activity,,new_or_fresh,,,,,2026-08-19,2026-08-19,,fresh_0_3d,fresh,published date parsed; article age 0 day(s),88,access_limited,Entitlement / Permitting - Los Angeles / California - 39 apartments approved at 10535 W. Missouri Ave. in West L.A.,Entitlement / Permitting - Los Angeles / California - 39 apartments approved at 10535 W. Missouri Ave. in West L.A.,10535 W. Missouri Ave,General submarket monitoring,Los Angeles,Los Angeles,California,Mixed-Use Residential,Apartment,Unknown,Unknown,Unknown,Unknown,Unknown,Unknown,No explicit timing reference,39 apartments,,,Entitlement / Permitting,Entitlement Play,Project under entitlement,Unknown,approval_watch,matched permit,94,34,Relevant to entitlement monitoring,"Track entitlement, permit, density bonus, and construction-readiness milestones",39 apartments approved at 10535 W. Missouri Ave. in West L.A.,Urbanize LA,https://la.urbanize.city/post/39-apartments-approved-10535-w-missouri-ave-west-la,High
2026-08-19,20260819-232308-78777e3c,PRJ-20260819-0028,General Project Signal - Los Angeles / California - State awards $6.5 million for affordable housing at 2518 Cesar E. Chavez Ave. in Boyle Hei...,80,AST-20260819-047,art_5db537502ed44aad,State awards $6.5 million for affordable housing at 2518 Cesar E. Chavez Ave. in Boyle Heights,https://la.urbanize.city/post/state-awards-65-million-affordable-housing-2518-cesar-e-chavez-ave-boyle-heights,"Mon, 17 Aug 2026 13:10:00 +0000","State awards $6.5 million for affordable housing at 2518 Cesar E. Chavez Ave. in Boyle Heights | Urbanize LA Skip to main content Advertisement Advertisement Abode Communities has secured approximately $6.5 million in new state funding for a proposed affordable housing development on a Metro-owned property in Boyle Heights. The Chavez Gardens project , slated for land near the E Line at 2518-2536 E Cesar E Chavez Avenue, calls for the construction of two four-story buildings containing a combine",valid,title/source/url metadata are internally consistent,Development Activity,GP / Capital Activity; Market Intelligence,acceptable_repeat,,,,,2026-08-17,2026-08-19,2,fresh_0_3d,fresh,published date parsed; article age 2 day(s),62,access_limited,General Project Signal - Los Angeles / California - State awards $6.5 million for affordable housing at 2518 Cesar E. Chavez Ave. in Boyle Hei...,General Project Signal - Los Angeles / California - State awards $6.5 million for affordable housing at 2518 Cesar E. Chavez Ave. in Boyle Hei...,2518 Cesar E. Chavez Ave,General submarket monitoring,Los Angeles / California,Los Angeles,Unknown,Affordable Housing,Affordable Housing,Unknown,Unknown,Unknown,Unknown,Unknown,Unknown,No explicit timing reference,110 apartments,$6.5 million; $6.5 million; $6.5 million,,General Project Signal,Affordable / Density Bonus Strategy,Unknown site control,Unknown,construction_delivery_watch,matched development / asset strategy execution,94,34,Relevant to entitlement monitoring,"Track entitlement, permit, density bonus, and construction-readiness milestones",State awards $6.5 million for affordable housing at 2518 Cesar E. Chavez Ave. in Boyle Heights,Urbanize LA,https://la.urbanize.city/post/state-awards-65-million-affordable-housing-2518-cesar-e-chavez-ave-boyle-heights,High
2026-08-19,20260819-232308-78777e3c,PRJ-20260819-0033,General Project Signal - Los Angeles / California - Affordable housing project moves forward at 3401 Cerritos Ave. in Long Beach,80,AST-20260819-062,art_8f0861a5834fc24d,Affordable housing project moves forward at 3401 Cerritos Ave. in Long Beach,https://la.urbanize.city/post/affordable-housing-project-moves-forward-3401-cerritos-ave-long-beach,"Tue, 18 Aug 2026 13:05:00 +0000","Affordable housing project moves forward at 3401 Cerritos Ave. in Long Beach | Urbanize LA Skip to main content Advertisement Advertisement Plans for an affordable housing complex near the 405 Freeway in Long Beach are slowly progressing, with the release of a draft environmental impact report for the project. 3401 Cerritos Avenue Google Street View Slated for a now-vacant site at 3401 Cerritos Avenue, the proposed development from West Hollywood Community Housing Corp. calls for the constructio",valid,title/source/url metadata are internally consistent,Development Activity,Market Intelligence,acceptable_repeat,,,,,2026-08-18,2026-08-19,1,fresh_0_3d,fresh,published date parsed; article age 1 day(s),66,access_limited,General Project Signal - Los Angeles / California - Affordable housing project moves forward at 3401 Cerritos Ave. in Long Beach,General Project Signal - Los Angeles / California - Affordable housing project moves forward at 3401 Cerritos Ave. in Long Beach,3401 Cerritos Ave,General submarket monitoring,Los Angeles / California,Los Angeles,Unknown,Affordable Housing,Affordable Housing,Unknown,Unknown,Unknown,Unknown,Unknown,Unknown,No explicit timing reference,73 apartments,,,General Project Signal,Affordable / Density Bonus Strategy,Unknown site control,Unknown,construction_delivery_watch,matched development / asset strategy execution,93,34,Relevant to entitlement monitoring,"Track entitlement, permit, density bonus, and construction-readiness milestones",Affordable housing project moves forward at 3401 Cerritos Ave. in Long Beach,Urbanize LA,https://la.urbanize.city/post/affordable-housing-project-moves-forward-3401-cerritos-ave-long-beach,High
2026-08-19,20260819-232308-78777e3c,PRJ-20260819-0106,General Project Signal - Los Angeles / California - Jaime Lee Joins Kennedy Wilson After Two Decades at L.A. Powerhouse Jamison,100,AST-20260819-043,art_01283c90cd37a03d,Jaime Lee Joins Kennedy Wilson After Two Decades at L.A. Powerhouse Jamison,https://commercialobserver.com/2026/08/jaime-lee-kennedy-wilson-jamison/,"Wed, 19 Aug 2026 20:50:49 +0000","Residential · Multifamily Beverly Hills Capital Markets Jaime Lee Joins Kennedy Wilson After Two Decades at L.A. Powerhouse Jamison The longtime executive will be on the capital markets side at the Beverly Hills-based firm, which has $37 billion in assets under management By Greg Cornfield August 19, 2026 4:50 pm reprints Jamie Lee. PHOTO: Courtesy Jamison After recently stepping down as the head of her family’s real estate firm — one of the most active developers in Los Angeles — Jaime Lee is t",valid,title/source/url metadata are internally consistent,Article Feed,,new_or_fresh,,,,,2026-08-19,2026-08-19,,fresh_0_3d,fresh,published date parsed; article age 0 day(s),100,open,General Project Signal - Los Angeles / California - Jaime Lee Joins Kennedy Wilson After Two Decades at L.A. Powerhouse Jamison,General Project Signal - Los Angeles / California - Jaime Lee Joins Kennedy Wilson After Two Decades at L.A. Powerhouse Jamison,Los Angeles,General submarket monitoring,Los Angeles,Los Angeles,California,Multifamily,Multifamily,Kennedy Wilson,Kennedy Wilson,Unknown,Unknown,Unknown,Unknown,No explicit timing reference,,$37 billion; $37 billion,,General Project Signal,General Asset Signal,Unknown site control,Unknown,construction_delivery_watch,matched development / asset strategy execution,93,23,Relevant to underwriting benchmark,Monitor asset-level signal for repeated confirmation,Jaime Lee Joins Kennedy Wilson After Two Decades at L.A. Powerhouse Jamison,Commercial Observer,https://commercialobserver.com/2026/08/jaime-lee-kennedy-wilson-jamison/,Medium
2026-08-19,20260819-232308-78777e3c,PRJ-20260819-0080,"JV / Partnership - Dallas / Texas - PCCP, RPM Pick Up 358-Unit Arlington Multifamily Community",100,AST-20260819-041,art_81abe57ef7ea7313,"PCCP, RPM Pick Up 358-Unit Arlington Multifamily Community",https://www.connectcre.com/stories/pccp-rpm-pick-up-358-unit-arlington-multifamily-community/,"Wed, 19 Aug 2026 16:25:41 +0000","Texas CRE News In Your Inbox. Sign up for Connect emails to stay informed with CRE stories that are 150 words or less. Texas + Dallas-Fort Worth + Apartments | August 19, 2026 By: Mike Boyd PCCP, RPM Pick Up 358-Unit Arlington Multifamily Community A joint venture between PCCP and RPM Living Investments has acquired Truman at Arlington Commons, a four-story multifamily community located at 505 E Lamar Boulevard in Arlington, TX. The property was developed and owned by The Nehemiah Company. Built",valid,title/source/url metadata are internally consistent,Development Activity,GP / Capital Activity,new_or_fresh,,,,,2026-08-19,2026-08-19,,fresh_0_3d,fresh,published date parsed; article age 0 day(s),100,open,"JV / Partnership - Dallas / Texas - PCCP, RPM Pick Up 358-Unit Arlington Multifamily Community","JV / Partnership - Dallas / Texas - PCCP, RPM Pick Up 358-Unit Arlington Multifamily Community",Dallas,General submarket monitoring,Dallas,Los Angeles,Unknown,Apartment,Apartment,PCCP,PCCP,Unknown,Unknown,Unknown,Unknown,No explicit timing reference,358 units,,,JV / Partnership,General Asset Signal,Unknown site control,Unknown,excluded,no clear development milestone,92,23,Relevant to underwriting benchmark,Monitor asset-level signal for repeated confirmation,"PCCP, RPM Pick Up 358-Unit Arlington Multifamily Community",Connect CRE Apartments,https://www.connectcre.com/stories/pccp-rpm-pick-up-358-unit-arlington-multifamily-community/,High
2026-08-19,20260819-232308-78777e3c,PRJ-20260819-0062,"Acquisition - California - Meridian Acquires Pasadena Medical Office Building for $13.3M, Arranges Long-Term Huntingt...",100,AST-20260819-032,art_f3b09935189a2c20,"Meridian Acquires Pasadena Medical Office Building for $13.3M, Arranges Long-Term Huntington Health Lease",https://rebusinessonline.com/meridian-acquires-pasadena-medical-office-building-for-13-3m-arranges-long-term-huntington-health-lease/,2026-08-19T14:11:23Z,"The Huntington Physicians occupy the entire second floor of the 32,052-square-foot medical office building at 55 E. California Blvd. in Pasadena, Calif. (Rendering credit: BA) Acquisitions California Healthcare Leasing Activity Western Meridian Acquires Pasadena Medical Office Building for $13.3M, Arranges Long-Term Lease With Huntington Health by Amy Works August 19, 2026 August 19, 2026 6 PASADENA, CALIF. — Meridian has acquired 55 East California Boulevard, a medical office building located a",valid,title/source/url metadata are internally consistent,Development Activity,GP / Capital Activity,new_or_fresh,,,,,2026-08-19,2026-08-19,,fresh_0_3d,fresh,published date parsed; article age 0 day(s),100,open,"Acquisition - California - Meridian Acquires Pasadena Medical Office Building for $13.3M, Arranges Long-Term Huntingt...","Acquisition - California - Meridian Acquires Pasadena Medical Office Building for $13.3M, Arranges Long-Term Huntingt...",California,General submarket monitoring,California,Los Angeles,California,General Residential,Unknown Residential,CBRE,CBRE,CBRE,Unknown,Unknown,Unknown,No explicit timing reference,,$13.3M; $13.3M; $13.3m,,Acquisition,General Asset Signal,Existing asset sale,Unknown,approval_watch,matched permit,90,29,High relevance to Woomi site strategy,"Review site details, sponsor, entitlement path, and local precedent","Meridian Acquires Pasadena Medical Office Building for $13.3M, Arranges Long-Term Huntington Health Lease",REBusiness Online,https://rebusinessonline.com/meridian-acquires-pasadena-medical-office-building-for-13-3m-arranges-long-term-huntington-health-lease/,Medium
2026-08-19,20260819-232308-78777e3c,PRJ-20260819-0012,Entitlement / Permitting - Los Angeles / California - Senior affordable housing rising at 19300 Sherman Way in Reseda,80,AST-20260819-046,art_f2666a27a73892b1,Senior affordable housing rising at 19300 Sherman Way in Reseda,https://la.urbanize.city/post/senior-affordable-housing-rising-19300-sherman-way-reseda,"Tue, 18 Aug 2026 13:10:00 +0000","Senior affordable housing rising at 19300 Sherman Way in Reseda | Urbanize LA Skip to main content Advertisement Advertisement Construction is underway for a new senior housing complex in Reseda , according to permits recently issued by the Los Angeles Department of Building and Safety. The project from Meta Housing Corp ., located on land owned by the Los Angeles Jewish Home for the Aging at 19300 W. Sherman Way, will eventually consists of a six-story building featuring 244 one- and two-bedroo",valid,title/source/url metadata are internally consistent,Development Activity,Market Intelligence,acceptable_repeat,,,,,2026-08-18,2026-08-19,1,fresh_0_3d,fresh,published date parsed; article age 1 day(s),66,access_limited,Entitlement / Permitting - Los Angeles / California - Senior affordable housing rising at 19300 Sherman Way in Reseda,Entitlement / Permitting - Los Angeles / California - Senior affordable housing rising at 19300 Sherman Way in Reseda,19300 Sherman Way,General submarket monitoring,Los Angeles,Los Angeles,California,Senior Housing,Senior Housing,Unknown,Unknown,Unknown,Unknown,Unknown,Unknown,No explicit timing reference,244 apartments,,,Entitlement / Permitting,Affordable / Density Bonus Strategy,Project under entitlement,Unknown,approval_watch,matched permit,89,34,Relevant to entitlement monitoring,"Track entitlement, permit, density bonus, and construction-readiness milestones",Senior affordable housing rising at 19300 Sherman Way in Reseda,Urbanize LA,https://la.urbanize.city/post/senior-affordable-housing-rising-19300-sherman-way-reseda,High
2026-08-19,20260819-232308-78777e3c,PRJ-20260819-0182,JV / Partnership - Phoenix / Arizona - Why Varia US teamed up with Brookfield to expand its multifamily portfolio,100,AST-20260819-031,art_60fe107aec4fcd12,Why Varia US teamed up with Brookfield to expand its multifamily portfolio,https://www.multifamilydive.com/news/varia-brookfield-joint-venture-workforce-housing/828062/,"Mon, 17 Aug 2026 14:49:48 -0400","An article from Dive Brief Why Varia US teamed up with Brookfield to expand its multifamily portfolio The $694 million joint venture allows Varia to unlock substantial liquidity, improve its balance sheet and gain greater flexibility in managing the business. Published Aug. 17, 2026 Leslie Shaver Senior Reporter Share Copy link Email LinkedIn X/Twitter Facebook Print License Add us on Google The Mission Palms apartments in Tucson, Az. Varia US Properties owns the asset. Permission granted by Var",valid,title/source/url metadata are internally consistent,Development Activity,GP / Capital Activity,acceptable_repeat,,,,,2026-08-17,2026-08-19,2,fresh_0_3d,fresh,published date parsed; article age 2 day(s),74,open,JV / Partnership - Phoenix / Arizona - Why Varia US teamed up with Brookfield to expand its multifamily portfolio,JV / Partnership - Phoenix / Arizona - Why Varia US teamed up with Brookfield to expand its multifamily portfolio,Tucson,General submarket monitoring,Tucson,Phoenix / Arizona,Unknown,Apartment,Apartment,Brookfield,Brookfield,Unknown,Unknown,Unknown,Unknown,No explicit timing reference,,$694 million; $694 million,,JV / Partnership,General Asset Signal,Unknown site control,Unknown,excluded,no clear development milestone,88,26,Relevant to underwriting benchmark,Monitor asset-level signal for repeated confirmation,Why Varia US teamed up with Brookfield to expand its multifamily portfolio,Multifamily Dive,https://www.multifamilydive.com/news/varia-brookfield-joint-venture-workforce-housing/828062/,Medium
2026-08-19,20260819-232308-78777e3c,PRJ-20260819-0161,Construction Financing - Phoenix / Arizona - Princeton Developer Obtains Financing for Phase III of 374-Unit Rental Community,100,AST-20260819-029,art_9a98d3f2632c53f4,Princeton Developer Obtains Financing for Phase III of 374-Unit Rental Community,https://www.connectcre.com/stories/princeton-developer-obtains-financing-for-phase-iii-of-374-unit-rental-community/,"Tue, 18 Aug 2026 13:37:45 +0000","Florida & Gulf Coast CRE News In Your Inbox. Sign up for Connect emails to stay informed with CRE stories that are 150 words or less. Florida & Gulf Coast + Phoenix & Southwest + South Florida + Apartments | August 18, 2026 By: Mike Boyd Princeton Developer Obtains Financing for Phase III of 374-Unit Rental Community Aconcagua Group obtained a $35 million construction loan for the third and final phase of development for Casa Princeton, a multifamily residential community located at 12867 SW 248",valid,title/source/url metadata are internally consistent,Development Activity,GP / Capital Activity,acceptable_repeat,,,,,2026-08-18,2026-08-19,1,fresh_0_3d,fresh,published date parsed; article age 1 day(s),93,open,Construction Financing - Phoenix / Arizona - Princeton Developer Obtains Financing for Phase III of 374-Unit Rental Community,Construction Financing - Phoenix / Arizona - Princeton Developer Obtains Financing for Phase III of 374-Unit Rental Community,Phoenix,General submarket monitoring,Phoenix,Phoenix / Arizona,Unknown,Apartment,Apartment,Berkadia,Berkadia,Berkadia,Unknown,Unknown,Unknown,No explicit timing reference,,$35 million; $35 million,,Construction Financing,General Asset Signal,Unknown site control,Unknown,excluded,transaction / capital guard: financing,87,48,Relevant to underwriting benchmark,Monitor asset-level signal for repeated confirmation,Princeton Developer Obtains Financing for Phase III of 374-Unit Rental Community,Connect CRE South Florida,https://www.connectcre.com/stories/princeton-developer-obtains-financing-for-phase-iii-of-374-unit-rental-community/,Medium
2026-08-19,20260819-232308-78777e3c,PRJ-20260819-0133,Office-to-Residential Conversion - New York - Walker & Dunlop Arranges Financing for Stamford Residential Conversion,100,AST-20260819-035,art_29ece6b1c157ab17,Walker & Dunlop Arranges Financing for Stamford Residential Conversion,https://www.connectcre.com/stories/walker-dunlop-arranges-financing-for-stamford-residential-conversion/,"Wed, 19 Aug 2026 21:28:24 +0000","New York & Tri-State CRE News In Your Inbox. Sign up for Connect emails to stay informed with CRE stories that are 150 words or less. New York & Tri-State + Fairfield/Westchester + Apartments | August 19, 2026 By: Paul Bubny Walker & Dunlop Arranges Financing for Stamford Residential Conversion Walker & Dunlop has arranged a $74.5-million loan for the acquisition and redevelopment of The Caspian, a luxury development in Stamford, CT. The Walker & Dunlop Capital Markets Institutional Advisory tea",valid,title/source/url metadata are internally consistent,Development Activity,GP / Capital Activity,new_or_fresh,,,,,2026-08-19,2026-08-19,,fresh_0_3d,fresh,published date parsed; article age 0 day(s),100,open,Office-to-Residential Conversion - New York - Walker & Dunlop Arranges Financing for Stamford Residential Conversion,Office-to-Residential Conversion - New York - Walker & Dunlop Arranges Financing for Stamford Residential Conversion,New York,Office conversion corridor,New York,New York,New York,Apartment,Office-to-Residential,Walker & Dunlop,Walker & Dunlop,walker & dunlop,Unknown,Unknown,Unknown,No explicit timing reference,,$74.5; $74.5,,Office-to-Residential Conversion,Office-to-Residential Conversion,Unknown site control,Unknown,excluded,transaction / capital guard: financing,87,36,Relevant to underwriting benchmark,Monitor office conversion feasibility and policy support,Walker & Dunlop Arranges Financing for Stamford Residential Conversion,Connect CRE,https://www.connectcre.com/stories/walker-dunlop-arranges-financing-for-stamford-residential-conversion/,Medium
2026-08-19,20260819-232308-78777e3c,PRJ-20260819-0022,Levin Johnston Team Closes Belmont Apartment Sale,100,AST-20260819-010,art_512ff9d6347a52c5,Levin Johnston Team Closes Belmont Apartment Sale,https://www.connectcre.com/stories/levin-johnston-team-arranges-belmont-apartment-sale/,"Tue, 18 Aug 2026 21:01:41 +0000","California CRE News In Your Inbox. Sign up for Connect emails to stay informed with CRE stories that are 150 words or less. California + Bay Area + Apartments | August 18, 2026 By: Paul Bubny Levin Johnston Team Closes Belmont Apartment Sale Marcus & Millichap arranged the sale and financing of Carlmont Hills Apartments, a 16-unit multifamily property located at 2401 Carlmont Dr. in Belmont. The property sold for $5.75 million or $359,375 per unit. Marcus & Millichap Capital Corporation (MMCC), ",valid,title/source/url metadata are internally consistent,Development Activity,GP / Capital Activity,repeat_penalized,True,unit/site count: 16-unit; address/street: 2401 carlmont dr; project/asset term: apartments,high,Project / Asset,2026-08-18,2026-08-19,1,fresh_0_3d,fresh,published date parsed; article age 1 day(s),48,open,Levin Johnston Team Closes Belmont Apartment Sale,Levin Johnston Team Closes Belmont Apartment Sale,2401 Carlmont Dr,General submarket monitoring,Unknown,Los Angeles,California,Apartment,Apartment,Marcus & Millichap,Marcus & Millichap,Unknown,Unknown,Unknown,Unknown,2026,,,,General Asset Signal,General Asset Signal,Existing asset sale,Unknown,excluded,transaction / capital guard: sale,86,32,High relevance to Woomi site strategy,"Review site details, sponsor, entitlement path, and local precedent",Levin Johnston Team Closes Belmont Apartment Sale,Connect CRE California,https://www.connectcre.com/stories/levin-johnston-team-arranges-belmont-apartment-sale/,High
2026-08-19,20260819-232308-78777e3c,PRJ-20260819-0122,Construction Financing - Miami / Florida - Miami Design District Owners Land $125M to Build Mixed-Use Building,80,AST-20260819-060,art_883679d2918bc414,Miami Design District Owners Land $125M to Build Mixed-Use Building,https://commercialobserver.com/2026/08/miami-design-district-snohetta-sweetbird-north/,"Wed, 19 Aug 2026 17:10:31 +0000","Retail · Street Retail Miami Finance · Construction Financing Miami Design District Owners Land $125M to Build Mixed-Use Building By Julia Echikson August 19, 2026 1:10 pm reprints Developer Craig Robins (top), Bernard Arnault and a rendering of Sweetbird North in Miami's Design District. PHOTOS: Courtesy DACRA; JULIEN DE ROSA / AFP via Getty Images; RENDERING: Snøhetta/PLOMP A joint venture led by the owners of the Miami Design District has secured $125 million in debt to add a mixed-use buildi",valid,title/source/url metadata are internally consistent,Development Activity,GP / Capital Activity,new_or_fresh,,,,,2026-08-19,2026-08-19,,fresh_0_3d,fresh,published date parsed; article age 0 day(s),100,open,Construction Financing - Miami / Florida - Miami Design District Owners Land $125M to Build Mixed-Use Building,Construction Financing - Miami / Florida - Miami Design District Owners Land $125M to Build Mixed-Use Building,Miami,Mixed-use corridor,Miami,Los Angeles,Unknown,Mixed-Use Residential,Mixed-Use Residential,Unknown,Unknown,Unknown,Unknown,Unknown,Unknown,No explicit timing reference,,$125M; $125M; $125 million,,Construction Financing,Acquisition / Site Control,Site acquired,Site Controlled,site_parcel_activity,site/parcel signal with project anchor: to build,85,40,Relevant to acquisition / JV sourcing,"Review acquisition, financing, ownership, and comparable transaction details",Miami Design District Owners Land $125M to Build Mixed-Use Building,Commercial Observer,https://commercialobserver.com/2026/08/miami-design-district-snohetta-sweetbird-north/,Low
2026-08-19,20260819-232308-78777e3c,PRJ-20260819-0002,39 apartments approved at 10535 W. Missouri Ave. in West L.A.,80,AST-20260819-004,art_3013da8d6c557de6,39 apartments approved at 10535 W. Missouri Ave. in West L.A.,https://la.urbanize.city/post/39-apartments-approved-10535-w-missouri-ave-west-la,"Wed, 19 Aug 2026 13:05:11 +0000","39 apartments approved at 10535 W. Missouri Ave. in West L.A. | Urbanize LA Skip to main content Advertisement Advertisement A proposed multifamily residential development just south of Santa Monica Boulevard in West Los Angeles has cleared the Los Angeles City Planning Commission. The project, filed for approval last year by David Hanasab of Jenson Capital , would replace a duplex and a single-family home at 10535 W. Missouri Avenue . In their place, plans call for the construction of a new six",valid,title/source/url metadata are internally consistent,Development Activity,,new_or_fresh,True,unit/site count: 39 apartments; address/street: 10535 w. missouri ave; execution milestone: proposed; project/asset term: project,high,Approval / Entitlement,2026-08-19,2026-08-19,0,fresh_0_3d,fresh,published date parsed; article age 0 day(s),88,access_limited,39 apartments approved at 10535 W. Missouri Ave. in West L.A.,39 apartments approved at 10535 W. Missouri Ave. in West L.A.,10535 W. Missouri Ave,General submarket monitoring,Los Angeles,Los Angeles,Los Angeles / California,Mixed-Use Residential,Mixed-Use Residential,,,Unknown,Under planning review,Unknown,Unknown,No explicit timing reference,,,,Entitlement Play,Entitlement Play,Unknown site control,Entitlement / Planning,approval_watch,matched planning commission,85,26,Relevant to entitlement monitoring,"Track entitlement, permit, density bonus, and construction-readiness milestones",39 apartments approved at 10535 W. Missouri Ave. in West L.A.,Urbanize LA,https://la.urbanize.city/post/39-apartments-approved-10535-w-missouri-ave-west-la,Medium
2026-08-19,20260819-232308-78777e3c,PRJ-20260819-0009,Affordable housing takes shape at 17100 Victory Blvd. in Lake Balboa,80,AST-20260819-003,art_5329339fbe4ff692,Affordable housing takes shape at 17100 Victory Blvd. in Lake Balboa,https://la.urbanize.city/post/affordable-housing-takes-shape-17100-victory-blvd-lake-balboa,"Wed, 19 Aug 2026 13:10:00 +0000","Affordable housing takes shape at 17100 Victory Blvd. in Lake Balboa | Urbanize LA Skip to main content Advertisement Advertisement Next to the Sepulveda Basin in Lake Balboa, framing for the first component of a new affordable housing complex from Linc Housing is taking shape. The project, which broke ground earlier this year at 17100 Victory Boulevard , will eventually consist of two five-story buildings containing a combined 192 apartments for homeless households and families earning between ",valid,title/source/url metadata are internally consistent,Development Activity,Market Intelligence,new_or_fresh,True,unit/site count: 192 apartments; address/street: 17100 victory blvd; execution milestone: broke ground; project/asset term: project,high,Construction Start,2026-08-19,2026-08-19,0,fresh_0_3d,fresh,published date parsed; article age 0 day(s),88,access_limited,Affordable housing takes shape at 17100 Victory Blvd. in Lake Balboa,Affordable housing takes shape at 17100 Victory Blvd. in Lake Balboa,17100 Victory Blvd,General submarket monitoring,Los Angeles,Los Angeles,Los Angeles / California,Affordable Housing,Affordable Housing,Unknown,Unknown,Unknown,Unknown,Unknown,Construction started,this year,,,,Affordable / Density Bonus Strategy,Affordable / Density Bonus Strategy,Unknown site control,Under Construction,construction_delivery_watch,matched broke ground,85,26,Relevant to entitlement monitoring,"Track entitlement, permit, density bonus, and construction-readiness milestones",Affordable housing takes shape at 17100 Victory Blvd. in Lake Balboa,Urbanize LA,https://la.urbanize.city/post/affordable-housing-takes-shape-17100-victory-blvd-lake-balboa,Medium
2026-08-19,20260819-232308-78777e3c,PRJ-20260819-0044,Entitlement / Permitting - California - Affordable housing under construction at 9038 S. Reading Ave. in Westchester,80,AST-20260819-008,art_932aa495c0af35dd,Affordable housing under construction at 9038 S. Reading Ave. in Westchester,https://la.urbanize.city/post/affordable-housing-under-construction-9038-s-reading-ave-westchester,"Mon, 17 Aug 2026 13:05:00 +0000","Affordable housing under construction at 9038 S. Reading Ave. in Westchester | Urbanize LA Skip to main content Advertisement Advertisement In Westchester , construction has commenced for another affordable housing complex from HVN Development. The project, which replaced six apartments at 9038 S. Reading Avenue , calls for the construction of a new five-story building featuring 77 one- and two-bedroom residential units without an on-site parking garage. Construction at 9038 S. Reading Avenue Ur",valid,title/source/url metadata are internally consistent,Development Activity,,acceptable_repeat,True,address/street: 9038 s. reading ave; site/parcel signal: site; project/asset term: project,high,Approval / Entitlement,2026-08-17,2026-08-19,2,fresh_0_3d,fresh,published date parsed; article age 2 day(s),77,access_limited,Affordable housing under construction at 9038 S. Reading Ave. in Westchester,Affordable housing under construction at 9038 S. Reading Ave. in Westchester,9038 S. Reading Ave,General submarket monitoring,Los Angeles,Los Angeles,California,Affordable Housing,Affordable Housing,,,Unknown,Unknown,Unknown,Under construction,No explicit timing reference,,,,Affordable / Density Bonus Strategy,Affordable / Density Bonus Strategy,Land / parcel referenced,Under Construction,construction_delivery_watch,matched under construction,85,24,High relevance to Woomi site strategy,"Review site details, sponsor, entitlement path, and local precedent",Affordable housing under construction at 9038 S. Reading Ave. in Westchester,Urbanize LA,https://la.urbanize.city/post/affordable-housing-under-construction-9038-s-reading-ave-westchester,Medium
2026-08-19,20260819-232308-78777e3c,PRJ-20260819-0075,"Acquisition - Colorado - Urban Standard Capital Provides $27M Land Loan for 440-Unit Vail, Colo., Complex",80,AST-20260819-044,art_dfd230fbf7a65c68,"Urban Standard Capital Provides $27M Land Loan for 440-Unit Vail, Colo., Complex",https://commercialobserver.com/2026/08/urban-standard-capital-27m-land-loan-vail-colo-complex/,"Wed, 19 Aug 2026 16:21:56 +0000","Residential · Multifamily Colorado Finance · Acquisition Urban Standard Capital Provides $27M Land Loan for 440-Unit Vail, Colo., Complex Aptitude Development will build a development split between 276 rental apartments and 164 for-sale homes By Brian Pascus August 19, 2026 12:21 pm reprints Seth Weissman of Urban Standard and a rendering of Edwards River Park, Edwards, Colo. PHOTO: Courtesy Urban Standard; RENDERING: Aptitude Development via Eagle County Commissioners Aptitude Development has s",valid,title/source/url metadata are internally consistent,Development Activity,GP / Capital Activity,new_or_fresh,,,,,2026-08-19,2026-08-19,,fresh_0_3d,fresh,published date parsed; article age 0 day(s),100,open,"Acquisition - Colorado - Urban Standard Capital Provides $27M Land Loan for 440-Unit Vail, Colo., Complex","Acquisition - Colorado - Urban Standard Capital Provides $27M Land Loan for 440-Unit Vail, Colo., Complex",Colorado,General submarket monitoring,Colorado,Los Angeles,Unknown,Apartment,BTR / Single-Family Rental,Unknown,Unknown,Unknown,Unknown,Unknown,Unknown,No explicit timing reference,,$27M; $27M; $27m,,Acquisition,General Asset Signal,Land / parcel referenced,Site Search / Early Signal,excluded,transaction / capital guard: acquisition,84,26,Relevant to underwriting benchmark,Monitor asset-level signal for repeated confirmation,"Urban Standard Capital Provides $27M Land Loan for 440-Unit Vail, Colo., Complex",Commercial Observer,https://commercialobserver.com/2026/08/urban-standard-capital-27m-land-loan-vail-colo-complex/,Low
2026-08-19,20260819-232308-78777e3c,PRJ-20260819-0151,Disposition / Exit - Other / Unknown - Marcus & Millichap Arranges Sale of Multifamily Apartment Property in Greenville South Car...,100,AST-20260819-053,art_70d2953f3a4e45a4,Marcus & Millichap Arranges Sale of Multifamily Apartment Property in Greenville South Carolina Suburb,https://yieldpro.com/2026/08/windy-hill-apartments/,"Wed, 19 Aug 2026 22:48:14 +0000","Deal boom Midwest-South region News Facebook Twitter Linkedin Marcus & Millichap (NYSE: MMI) , a leading commercial real estate brokerage firm specializing in investment sales, financing, research and advisory services, announced the sale of Windy Hill Apartments , a 12-unit multifamily property in Piedmont, South Carolina. The asset sold for $2,315,000. “Through our platform, we sourced an out-of-state buyer actively targeting the Greenville Metropolitan Statistical Area, closed on our target d",suspicious_mismatch,title/source/url metadata are internally consistent; title and original_url slug appear to reference different articles,Development Activity,GP / Capital Activity; Market Intelligence,new_or_fresh,,,,,2026-08-19,2026-08-19,,fresh_0_3d,fresh,published date parsed; article age 0 day(s),100,open,Disposition / Exit - Other / Unknown - Marcus & Millichap Arranges Sale of Multifamily Apartment Property in Greenville South Car...,Disposition / Exit - Other / Unknown - Marcus & Millichap Arranges Sale of Multifamily Apartment Property in Greenville South Car...,Unknown,General submarket monitoring,Unknown,Other / Unknown,Unknown,Apartment,Apartment,Marcus & Millichap,Marcus & Millichap,Unknown,Unknown,Unknown,Unknown,No explicit timing reference,,$2; $2,,Disposition / Exit,General Asset Signal,Existing asset sale,Unknown,excluded,transaction / capital guard: disposition,84,25,Relevant to underwriting benchmark,Monitor asset-level signal for repeated confirmation,Marcus & Millichap Arranges Sale of Multifamily Apartment Property in Greenville South Carolina Suburb,Yield PRO,https://yieldpro.com/2026/08/windy-hill-apartments/,Medium
2026-08-19,20260819-232308-78777e3c,PRJ-20260819-0105,General Project Signal - Other / Unknown - BGO Acquires Savanna at Reed’s Crossing for Portland Oregon for $160M,100,AST-20260819-071,art_3ae62dfc054bf2da,BGO Acquires Savanna at Reed’s Crossing for Portland Oregon for $160M,https://yieldpro.com/2026/08/savanna-at-reeds-crossing/,"Wed, 19 Aug 2026 19:01:18 +0000","Deal boom News Facebook Twitter Linkedin BGO has picked up Savanna at Reed’s Crossing , a 301-unit multifamily community in Hillsboro, Ore., for $160 million. Holland Partner Group was the seller. JPMorgan Chase originated $525 million in funding for the portfolio transaction, with Savanna at Reed’s Crossing carrying a $111 million allocated loan amount. Located at 3405 SE Reed Drive, the property came online in 2025 on 7 acres. The community is close to multiple dining and retail options along ",valid,title/source/url metadata are internally consistent,Development Activity,GP / Capital Activity,new_or_fresh,,,,,2026-08-19,2026-08-19,,fresh_0_3d,fresh,published date parsed; article age 0 day(s),100,open,General Project Signal - Other / Unknown - BGO Acquires Savanna at Reed’s Crossing for Portland Oregon for $160M,General Project Signal - Other / Unknown - BGO Acquires Savanna at Reed’s Crossing for Portland Oregon for $160M,Unknown,General submarket monitoring,Unknown,Los Angeles,Unknown,Multifamily,Multifamily,Holland Partner Group,Holland Partner Group,jpmorgan,Unknown,Unknown,Unknown,No explicit timing reference,,$160M; $160 million; $525 million,,General Project Signal,General Asset Signal,Land / parcel referenced,Site Search / Early Signal,construction_delivery_watch,matched development / asset strategy execution,82,11,Relevant to underwriting benchmark,Monitor asset-level signal for repeated confirmation,BGO Acquires Savanna at Reed’s Crossing for Portland Oregon for $160M,Yield PRO,https://yieldpro.com/2026/08/savanna-at-reeds-crossing/,Medium
2026-08-19,20260819-232308-78777e3c,PRJ-20260819-0025,"Entitlement / Permitting - San Francisco / California - Updated Plans For 2513 Irving Street, Sunset District, San Francisco",80,AST-20260819-075,art_bed5539fc2cada78,"Updated Plans For 2513 Irving Street, Sunset District, San Francisco",https://sfyimby.com/2026/08/updated-plans-for-2513-irving-street-sunset-district-san-francisco.html,"Tue, 18 Aug 2026 12:00:49 +0000","2513 Irving Street, image via Google Street View By: Andrew Nelson 5:00 am on August 18, 2026 Updated plans have been filed for three four-story townhouse-style infills at 2513 Irving Street in San Francisco’s Inner Sunset neighborhood. The latest application invokes the Family Zoning Plan to produce nine apartments on the property, a minor residential increase from previous plans filed in early 2025. The San Francisco-based Coleman Kao is listed as the property owner, filing through One Ark LLC",valid,title/source/url metadata are internally consistent,Development Activity,,acceptable_repeat,,,,,2026-08-18,2026-08-19,1,fresh_0_3d,fresh,published date parsed; article age 1 day(s),81,access_limited,"Entitlement / Permitting - San Francisco / California - Updated Plans For 2513 Irving Street, Sunset District, San Francisco","Entitlement / Permitting - San Francisco / California - Updated Plans For 2513 Irving Street, Sunset District, San Francisco",2513 Irving Street,General submarket monitoring,San Francisco,Los Angeles,Unknown,Apartment,Apartment,Unknown,Unknown,Unknown,Unknown,Unknown,Unknown,No explicit timing reference,,,,Entitlement / Permitting,Entitlement Play,Project under entitlement,Unknown,approval_watch,matched permit,80,31,Relevant to entitlement monitoring,"Track entitlement, permit, density bonus, and construction-readiness milestones","Updated Plans For 2513 Irving Street, Sunset District, San Francisco",SF YIMBY,https://sfyimby.com/2026/08/updated-plans-for-2513-irving-street-sunset-district-san-francisco.html,Medium
2026-08-19,20260819-232308-78777e3c,PRJ-20260819-0039,"PCCP, RPM Pick Up 358-Unit Arlington Multifamily Community",100,AST-20260819-014,art_81abe57ef7ea7313,"PCCP, RPM Pick Up 358-Unit Arlington Multifamily Community",https://www.connectcre.com/stories/pccp-rpm-pick-up-358-unit-arlington-multifamily-community/,"Wed, 19 Aug 2026 16:25:41 +0000","Texas CRE News In Your Inbox. Sign up for Connect emails to stay informed with CRE stories that are 150 words or less. Texas + Dallas-Fort Worth + Apartments | August 19, 2026 By: Mike Boyd PCCP, RPM Pick Up 358-Unit Arlington Multifamily Community A joint venture between PCCP and RPM Living Investments has acquired Truman at Arlington Commons, a four-story multifamily community located at 505 E Lamar Boulevard in Arlington, TX. The property was developed and owned by The Nehemiah Company. Built",valid,title/source/url metadata are internally consistent,Development Activity,GP / Capital Activity,new_or_fresh,True,unit/site count: 358-unit; address/street: 505 e lamar boulevard; project/asset term: community,high,Project / Asset,2026-08-19,2026-08-19,0,fresh_0_3d,fresh,published date parsed; article age 0 day(s),100,open,"PCCP, RPM Pick Up 358-Unit Arlington Multifamily Community","PCCP, RPM Pick Up 358-Unit Arlington Multifamily Community",505 E Lamar Boulevard,General submarket monitoring,Dallas,Los Angeles,Dallas / Texas,Apartment,Apartment,PCCP,PCCP,Unknown,Unknown,Unknown,Unknown,2026,,,,General Asset Signal,General Asset Signal,Site acquired,Unknown,excluded,transaction / capital guard: acquired,80,23,Relevant to underwriting benchmark,Monitor asset-level signal for repeated confirmation,"PCCP, RPM Pick Up 358-Unit Arlington Multifamily Community",Connect CRE Apartments,https://www.connectcre.com/stories/pccp-rpm-pick-up-358-unit-arlington-multifamily-community/,High
2026-08-19,20260819-232308-78777e3c,PRJ-20260819-0024,"Updated Plans For 2513 Irving Street, Sunset District, San Francisco",80,AST-20260819-017,art_bed5539fc2cada78,"Updated Plans For 2513 Irving Street, Sunset District, San Francisco",https://sfyimby.com/2026/08/updated-plans-for-2513-irving-street-sunset-district-san-francisco.html,"Tue, 18 Aug 2026 12:00:49 +0000","2513 Irving Street, image via Google Street View By: Andrew Nelson 5:00 am on August 18, 2026 Updated plans have been filed for three four-story townhouse-style infills at 2513 Irving Street in San Francisco’s Inner Sunset neighborhood. The latest application invokes the Family Zoning Plan to produce nine apartments on the property, a minor residential increase from previous plans filed in early 2025. The San Francisco-based Coleman Kao is listed as the property owner, filing through One Ark LLC",valid,title/source/url metadata are internally consistent,Development Activity,,acceptable_repeat,True,address/street: 2513 irving street; project/asset term: apartments,high,Approval / Entitlement,2026-08-18,2026-08-19,1,fresh_0_3d,fresh,published date parsed; article age 1 day(s),81,access_limited,"Updated Plans For 2513 Irving Street, Sunset District, San Francisco","Updated Plans For 2513 Irving Street, Sunset District, San Francisco",2513 Irving Street,General submarket monitoring,Unknown,Los Angeles,San Francisco / California,Apartment,Apartment,,,Unknown,Zoning / rezoning signal,Unknown,Unknown,2026,,,,Entitlement Play,Entitlement Play,Unknown site control,Entitlement / Planning,approval_watch,matched zoning,80,23,Relevant to entitlement monitoring,"Track entitlement, permit, density bonus, and construction-readiness milestones","Updated Plans For 2513 Irving Street, Sunset District, San Francisco",SF YIMBY,https://sfyimby.com/2026/08/updated-plans-for-2513-irving-street-sunset-district-san-francisco.html,Medium
2026-08-19,20260819-232308-78777e3c,PRJ-20260819-0055,Construction Financing - Atlanta / Georgia - Developer Duo Obtains Construction Financing for $147M Atlanta Student Housing Project,80,AST-20260819-067,art_4addc8979f06a523,JLB Pursuing Buckhead Office-to-Apartments Conversion,https://www.connectcre.com/stories/jlb-pursuing-buckhead-office-to-apartments-conversion/,"Tue, 11 Aug 2026 14:07:02 +0000","Atlanta & Southeast News In Your Inbox Sign up for Connect emails to stay informed with CRE stories that are 150 words or less. Atlanta & Southeast + Atlanta + Apartments | August 11, 2026 By: Mike Boyd JLB Pursuing Buckhead Office-to-Apartments Conversion JLB Partners plans to redevelop a seven-story building at 470 E. Paces Ferry Road in Buckhead Village. The Atlanta Business Chronicle reports the project consists of 314 apartments in what was once a mid-century office building. On Maple Drive",valid,title/source/url metadata are internally consistent,Development Activity,,repeat_penalized,,,,,2026-08-11,2026-08-19,8,recent_4_14d,recent,published date parsed; article age 8 day(s),55,open,Office-to-Residential Conversion - Atlanta / Georgia - JLB Pursuing Buckhead Office-to-Apartments Conversion,Office-to-Residential Conversion - Atlanta / Georgia - JLB Pursuing Buckhead Office-to-Apartments Conversion,Atlanta,Office conversion corridor,Atlanta,Los Angeles,Unknown,Apartment,Office-to-Residential,Unknown,Unknown,Unknown,Unknown,Unknown,Unknown,No explicit timing reference,314 apartments,,,Office-to-Residential Conversion,Office-to-Residential Conversion,Unknown site control,Unknown,construction_delivery_watch,matched development / asset strategy execution,77,40,Relevant to underwriting benchmark,Monitor office conversion feasibility and policy support,JLB Pursuing Buckhead Office-to-Apartments Conversion,Connect CRE Atlanta,https://www.connectcre.com/stories/jlb-pursuing-buckhead-office-to-apartments-conversion/,Medium
2026-08-19,20260819-232308-78777e3c,PRJ-20260819-0055,Construction Financing - Atlanta / Georgia - Developer Duo Obtains Construction Financing for $147M Atlanta Student Housing Project,80,AST-20260819-058,art_1d52cfb4e6bbc0bc,Saratoga Capital Pays $98.4M at Auction for Atlanta Apartment Community,https://www.connectcre.com/stories/saratoga-capital-pays-98-4m-at-auction-for-atlanta-apartment-community/,"Wed, 12 Aug 2026 14:09:31 +0000","Atlanta & Southeast News In Your Inbox Sign up for Connect emails to stay informed with CRE stories that are 150 words or less. Atlanta & Southeast + Atlanta + Apartments | August 12, 2026 By: Mike Boyd Saratoga Capital Pays $98.4M at Auction for Atlanta Apartment Community Saratoga Capital Partners bought the 336-unit Generation Atlanta community on Centennial Olympic Park Drive for $98.4 million in a foreclosure auction. Frankforter Group was the building’s previous owner. In late 2021, Frankf",valid,title/source/url metadata are internally consistent,Development Activity,Market Intelligence,repeat_penalized,,,,,2026-08-12,2026-08-19,7,fresh_0_3d,fresh,published date parsed; article age 7 day(s),55,open,Acquisition - Atlanta / Georgia - Saratoga Capital Pays $98.4M at Auction for Atlanta Apartment Community,Acquisition - Atlanta / Georgia - Saratoga Capital Pays $98.4M at Auction for Atlanta Apartment Community,Atlanta,General submarket monitoring,Atlanta,Los Angeles,Unknown,Apartment,Apartment,Unknown,Unknown,Unknown,Unknown,Unknown,Unknown,No explicit timing reference,,$98.4M; $98.4M; $98.4 million,,Acquisition,General Asset Signal,Existing asset sale,Unknown,excluded,transaction / capital guard: acquisition,77,30,Relevant to underwriting benchmark,Monitor asset-level signal for repeated confirmation,Saratoga Capital Pays $98.4M at Auction for Atlanta Apartment Community,Connect CRE Atlanta,https://www.connectcre.com/stories/saratoga-capital-pays-98-4m-at-auction-for-atlanta-apartment-community/,Low
2026-08-19,20260819-232308-78777e3c,PRJ-20260819-0041,Related Planning Apartments on Site at Fort Lauderdale Office Park,80,AST-20260819-020,art_2d85c8bcec98e3aa,Related Planning Apartments on Site at Fort Lauderdale Office Park,https://www.connectcre.com/stories/related-planning-apartments-on-site-at-fort-lauderdale-office-park/,"Fri, 14 Aug 2026 14:29:54 +0000","Florida & Gulf Coast CRE News In Your Inbox. Sign up for Connect emails to stay informed with CRE stories that are 150 words or less. Florida & Gulf Coast + South Florida + Apartments | August 14, 2026 By: Mike Boyd Related Planning Apartments on Site at Fort Lauderdale Office Park Related Group recently paid $9.3 million for a development site at a Fort Lauderdale office park at 6700 N. Andrews Ave. Naya USA was the seller. CPN West retained ownership of the 309,243-square-foot office building ",valid,title/source/url metadata are internally consistent,Development Activity,,acceptable_repeat,True,address/street: 6700 n. andrews ave; site/parcel signal: site; project/asset term: development,high,Site Acquisition / Site Control,2026-08-14,2026-08-19,5,fresh_0_3d,fresh,published date parsed; article age 5 day(s),62,open,Related Planning Apartments on Site at Fort Lauderdale Office Park,Related Planning Apartments on Site at Fort Lauderdale Office Park,6700 N. Andrews Ave,General submarket monitoring,Unknown,Los Angeles,Miami / Florida,Apartment,Apartment,,,Unknown,Unknown,Unknown,Unknown,2026,,,,Entitlement Play,Entitlement Play,Site acquired,Site Controlled,site_parcel_activity,site/parcel signal with project anchor: development site,77,13,Relevant to entitlement monitoring,"Track entitlement, permit, density bonus, and construction-readiness milestones",Related Planning Apartments on Site at Fort Lauderdale Office Park,Connect CRE South Florida,https://www.connectcre.com/stories/related-planning-apartments-on-site-at-fort-lauderdale-office-park/,Medium
2026-08-19,20260819-232308-78777e3c,PRJ-20260819-0083,Acquisition - Dallas / Texas - Fogelman Acquires The Ovilla a Luxury 288-Unit Multifamily Community in Dallas,80,AST-20260819-057,art_b3070119e1233c01,Fogelman Acquires The Ovilla a Luxury 288-Unit Multifamily Community in Dallas,https://yieldpro.com/2026/08/the-ovilla/,"Wed, 19 Aug 2026 23:03:57 +0000","Deal boom Midwest-South region News Facebook Twitter Linkedin Fogelman Properties (“Fogelman”) , one of the country’s largest, privately-owned multifamily investment and property management companies, is pleased to announce the acquisition of The Ovilla , a 288-unit multifamily community located in Red Oak, part of the Dallas-Fort Worth (DFW) metro area. The purchase marks the company’s continued expansion in Texas as the company now owns nine communities and manages 3,012 units across the state",valid,title/source/url metadata are internally consistent,Development Activity,GP / Capital Activity,new_or_fresh,,,,,2026-08-19,2026-08-19,,fresh_0_3d,fresh,published date parsed; article age 0 day(s),100,open,Acquisition - Dallas / Texas - Fogelman Acquires The Ovilla a Luxury 288-Unit Multifamily Community in Dallas,Acquisition - Dallas / Texas - Fogelman Acquires The Ovilla a Luxury 288-Unit Multifamily Community in Dallas,Dallas,General submarket monitoring,Dallas,Los Angeles,Unknown,Multifamily,Multifamily,Unknown,Unknown,Unknown,Unknown,Unknown,Unknown,No explicit timing reference,"3,012 units",,,Acquisition,General Asset Signal,Existing asset sale,Unknown,excluded,transaction / capital guard: acquisition,76,30,Relevant to underwriting benchmark,Monitor asset-level signal for repeated confirmation,Fogelman Acquires The Ovilla a Luxury 288-Unit Multifamily Community in Dallas,Yield PRO,https://yieldpro.com/2026/08/the-ovilla/,Medium
2026-08-19,20260819-232308-78777e3c,PRJ-20260819-0137,Disposition / Exit - Other / Unknown - Massachusetts AG Orders Post-Merger Sale of Two Boston Apartment Towers,100,AST-20260819-051,art_0cf2312d3ac3e6dd,Massachusetts AG Orders Post-Merger Sale of Two Boston Apartment Towers,https://www.connectcre.com/stories/massachusetts-ag-orders-post-merger-sale-of-two-boston-apartment-towers/,"Wed, 19 Aug 2026 20:43:18 +0000","Boston & New England CRE News In Your Inbox. Sign up for Connect emails to stay informed with CRE stories that are 150 words or less. Boston & New England + Boston + Apartments | August 19, 2026 By: Paul Bubny Massachusetts AG Orders Post-Merger Sale of Two Boston Apartment Towers Two Boston apartment towers in the portfolio of newly merged Vivmark Residential will be sold under an agreement between Massachusetts Attorney General Andrea Joy Campbell and the merger partners, Equity Residential an",valid,title/source/url metadata are internally consistent,GP / Capital Activity,,new_or_fresh,,,,,2026-08-19,2026-08-19,,fresh_0_3d,fresh,published date parsed; article age 0 day(s),100,open,Disposition / Exit - Other / Unknown - Massachusetts AG Orders Post-Merger Sale of Two Boston Apartment Towers,Disposition / Exit - Other / Unknown - Massachusetts AG Orders Post-Merger Sale of Two Boston Apartment Towers,Unknown,General submarket monitoring,Unknown,Other / Unknown,Unknown,Apartment,Apartment,AvalonBay,AvalonBay,Unknown,Unknown,Unknown,Unknown,No explicit timing reference,,,,Disposition / Exit,General Asset Signal,Existing asset sale,Unknown,excluded,transaction / capital guard: disposition,76,26,Relevant to underwriting benchmark,Monitor asset-level signal for repeated confirmation,Massachusetts AG Orders Post-Merger Sale of Two Boston Apartment Towers,Connect CRE,https://www.connectcre.com/stories/massachusetts-ag-orders-post-merger-sale-of-two-boston-apartment-towers/,Medium
2026-08-19,20260819-232308-78777e3c,PRJ-20260819-0176,"General Project Signal - Miami / Florida - Developer Iadisernia Lands Mezz Loan to Finish Hallandale, Fla., Condo Tower",80,AST-20260819-065,art_2d85c8bcec98e3aa,Related Planning Apartments on Site at Fort Lauderdale Office Park,https://www.connectcre.com/stories/related-planning-apartments-on-site-at-fort-lauderdale-office-park/,"Fri, 14 Aug 2026 14:29:54 +0000","Florida & Gulf Coast CRE News In Your Inbox. Sign up for Connect emails to stay informed with CRE stories that are 150 words or less. Florida & Gulf Coast + South Florida + Apartments | August 14, 2026 By: Mike Boyd Related Planning Apartments on Site at Fort Lauderdale Office Park Related Group recently paid $9.3 million for a development site at a Fort Lauderdale office park at 6700 N. Andrews Ave. Naya USA was the seller. CPN West retained ownership of the 309,243-square-foot office building ",valid,title/source/url metadata are internally consistent,Development Activity,,acceptable_repeat,,,,,2026-08-14,2026-08-19,5,fresh_0_3d,fresh,published date parsed; article age 5 day(s),62,open,General Project Signal - Miami / Florida - Related Planning Apartments on Site at Fort Lauderdale Office Park,General Project Signal - Miami / Florida - Related Planning Apartments on Site at Fort Lauderdale Office Park,South Florida,General submarket monitoring,South Florida,Los Angeles,Unknown,Apartment,Apartment,Unknown,Unknown,Unknown,Unknown,Unknown,Unknown,No explicit timing reference,,$9.3 million; $9.3 million,,General Project Signal,Entitlement Play,Land / parcel referenced,Site Search / Early Signal,construction_delivery_watch,matched development / asset strategy execution,76,21,Relevant to entitlement monitoring,"Track entitlement, permit, density bonus, and construction-readiness milestones",Related Planning Apartments on Site at Fort Lauderdale Office Park,Connect CRE South Florida,https://www.connectcre.com/stories/related-planning-apartments-on-site-at-fort-lauderdale-office-park/,Low
2026-08-19,20260819-232308-78777e3c,PRJ-20260819-0004,Marcus & Millichap’s Azzi Group Closes Value-Add Sale of West Hollywood Multifamily,80,AST-20260819-011,art_e27178627db61760,Marcus & Millichap’s Azzi Group Closes Value-Add Sale of West Hollywood Multifamily,https://www.connectcre.com/stories/marcus-millichaps-azzi-group-closes-value-add-sale-of-west-hollywood-multifamily/,"Mon, 17 Aug 2026 22:24:34 +0000","California CRE News In Your Inbox. Sign up for Connect emails to stay informed with CRE stories that are 150 words or less. California + Los Angeles + Apartments | August 17, 2026 By: Paul Bubny Marcus & Millichap’s Azzi Group Closes Value-Add Sale of West Hollywood Multifamily Marcus & Millichap closed the sale of 1203 N. Kings Road, a 30-unit multifamily property in West Hollywood. The property sold for $7.98 million, or $266,000 per unit. “The property presented the buyer with a rare opportun",valid,title/source/url metadata are internally consistent,Development Activity,GP / Capital Activity,acceptable_repeat,True,unit/site count: 30-unit; address/street: 1203 n. kings road; project/asset term: apartments,high,Project / Asset,2026-08-17,2026-08-19,2,fresh_0_3d,fresh,published date parsed; article age 2 day(s),74,open,Marcus & Millichap’s Azzi Group Closes Value-Add Sale of West Hollywood Multifamily,Marcus & Millichap’s Azzi Group Closes Value-Add Sale of West Hollywood Multifamily,1203 N. Kings Road,General submarket monitoring,Hollywood,Los Angeles,Los Angeles / California,Apartment,Apartment,,,Unknown,Unknown,Unknown,Unknown,2026,,,,General Asset Signal,General Asset Signal,Existing asset sale,Unknown,excluded,transaction / capital guard: sale,75,26,Relevant to underwriting benchmark,Monitor asset-level signal for repeated confirmation,Marcus & Millichap’s Azzi Group Closes Value-Add Sale of West Hollywood Multifamily,Connect CRE California,https://www.connectcre.com/stories/marcus-millichaps-azzi-group-closes-value-add-sale-of-west-hollywood-multifamily/,Medium
2026-08-19,20260819-232308-78777e3c,PRJ-20260819-0043,McDowell Housing Partners Closes Financing and Starts Construction on Ekos at Bayonet Point II in Pasco County,100,AST-20260819-002,art_23de6531bc0f236d,McDowell Housing Partners Closes Financing and Starts Construction on Ekos at Bayonet Point II in Pasco County,https://yieldpro.com/2026/08/ekos-at-bayonet-point-ii/,"Wed, 19 Aug 2026 22:47:27 +0000","Deal boom News Facebook Twitter Linkedin McDowell Housing Partners (MHP) , a leading affordable housing developer and investment company, announced the financial closing and start of construction on Ekos at Bayonet Point II , the second phase of a three-phase master-planned community that will bring 360 affordable homes to Pasco County. The $38.9 million development will add 120 age-restricted apartments at 7526 McDowell Way in Hudson, one block from HCA Florida Bayonet Point Hospital. “We saw a",valid,title/source/url metadata are internally consistent,Development Activity,GP / Capital Activity; Market Intelligence,new_or_fresh,True,address/street: 120 age-restricted apartments at 7526 mcdowell way; execution milestone: starts construction; project/asset term: development,high,Construction Start,2026-08-19,2026-08-19,0,fresh_0_3d,fresh,published date parsed; article age 0 day(s),100,open,McDowell Housing Partners Closes Financing and Starts Construction on Ekos at Bayonet Point II in Pasco County,McDowell Housing Partners Closes Financing and Starts Construction on Ekos at Bayonet Point II in Pasco County,7526 McDowell Way,Hospital-adjacent,Unknown,Los Angeles,Florida,Affordable Housing,Affordable Housing,McDowell Housing Partners,McDowell Housing Partners,Unknown,Unknown,Unknown,Unknown,No explicit timing reference,,,,Affordable / Density Bonus Strategy,Affordable / Density Bonus Strategy,Unknown site control,Unknown,construction_delivery_watch,matched starts construction,75,26,Relevant to entitlement monitoring,"Track entitlement, permit, density bonus, and construction-readiness milestones",McDowell Housing Partners Closes Financing and Starts Construction on Ekos at Bayonet Point II in Pasco County,Yield PRO,https://yieldpro.com/2026/08/ekos-at-bayonet-point-ii/,High
2026-08-19,20260819-232308-78777e3c,PRJ-20260819-0031,Affordable housing project moves forward at 3401 Cerritos Ave. in Long Beach,80,AST-20260819-006,art_8f0861a5834fc24d,Affordable housing project moves forward at 3401 Cerritos Ave. in Long Beach,https://la.urbanize.city/post/affordable-housing-project-moves-forward-3401-cerritos-ave-long-beach,"Tue, 18 Aug 2026 13:05:00 +0000","Affordable housing project moves forward at 3401 Cerritos Ave. in Long Beach | Urbanize LA Skip to main content Advertisement Advertisement Plans for an affordable housing complex near the 405 Freeway in Long Beach are slowly progressing, with the release of a draft environmental impact report for the project. 3401 Cerritos Avenue Google Street View Slated for a now-vacant site at 3401 Cerritos Avenue, the proposed development from West Hollywood Community Housing Corp. calls for the constructio",valid,title/source/url metadata are internally consistent,Development Activity,Market Intelligence,acceptable_repeat,True,address/street: 3401 cerritos ave; execution milestone: proposed; site/parcel signal: site; project/asset term: project,high,Project / Asset,2026-08-18,2026-08-19,1,fresh_0_3d,fresh,published date parsed; article age 1 day(s),66,access_limited,Affordable housing project moves forward at 3401 Cerritos Ave. in Long Beach,Affordable housing project moves forward at 3401 Cerritos Ave. in Long Beach,3401 Cerritos Ave,General submarket monitoring,Hollywood,Los Angeles,Los Angeles / California,Affordable Housing,Affordable Housing,,,Unknown,Unknown,Unknown,Unknown,No explicit timing reference,,,,Affordable / Density Bonus Strategy,Affordable / Density Bonus Strategy,Land / parcel referenced,Site Search / Early Signal,site_parcel_activity,site/parcel signal with project anchor: vacant site,75,18,Relevant to entitlement monitoring,"Track entitlement, permit, density bonus, and construction-readiness milestones",Affordable housing project moves forward at 3401 Cerritos Ave. in Long Beach,Urbanize LA,https://la.urbanize.city/post/affordable-housing-project-moves-forward-3401-cerritos-ave-long-beach,Medium
2026-08-19,20260819-232308-78777e3c,PRJ-20260819-0030,Prism Partners Trades Two-Building Edison Lofts for $131M,100,AST-20260819-009,art_8a5c1af942a19fdd,Prism Partners Trades Two-Building Edison Lofts for $131M,https://www.connectcre.com/stories/prism-partners-trades-two-building-edison-lofts-for-131m/,"Tue, 18 Aug 2026 21:23:01 +0000","New York & Tri-State CRE News In Your Inbox. Sign up for Connect emails to stay informed with CRE stories that are 150 words or less. New York & Tri-State + New Jersey + Apartments | August 18, 2026 By: Paul Bubny Prism Partners Trades Two-Building Edison Lofts for $131M Cushman & Wakefield arranged the $131-million investment sale of Edison Lofts, a 334-unit luxury multifamily community with nearly 19,000 square feet of retail space at 33 Ashland Ave. in West Orange, NJ. The Cushman & Wakefield",valid,title/source/url metadata are internally consistent,Development Activity,GP / Capital Activity,acceptable_repeat,True,unit/site count: 334-unit; address/street: 33 ashland ave; project/asset term: community,high,Project / Asset,2026-08-18,2026-08-19,1,fresh_0_3d,fresh,published date parsed; article age 1 day(s),78,open,Prism Partners Trades Two-Building Edison Lofts for $131M,Prism Partners Trades Two-Building Edison Lofts for $131M,33 Ashland Ave,General submarket monitoring,New York,Los Angeles,New York,Apartment,Apartment,Prism Partners,Prism Partners,Unknown,Unknown,Unknown,Unknown,2026,,,000 square feet,General Asset Signal,General Asset Signal,Land / parcel referenced,Site Search / Early Signal,excluded,transaction / capital guard: sale,75,18,Relevant to underwriting benchmark,Monitor asset-level signal for repeated confirmation,Prism Partners Trades Two-Building Edison Lofts for $131M,Connect CRE Apartments,https://www.connectcre.com/stories/prism-partners-trades-two-building-edison-lofts-for-131m/,High
2026-08-19,20260819-232308-78777e3c,PRJ-20260819-0026,State awards $6.5 million for affordable housing at 2518 Cesar E. Chavez Ave. in Boyle Heights,80,AST-20260819-007,art_5db537502ed44aad,State awards $6.5 million for affordable housing at 2518 Cesar E. Chavez Ave. in Boyle Heights,https://la.urbanize.city/post/state-awards-65-million-affordable-housing-2518-cesar-e-chavez-ave-boyle-heights,"Mon, 17 Aug 2026 13:10:00 +0000","State awards $6.5 million for affordable housing at 2518 Cesar E. Chavez Ave. in Boyle Heights | Urbanize LA Skip to main content Advertisement Advertisement Abode Communities has secured approximately $6.5 million in new state funding for a proposed affordable housing development on a Metro-owned property in Boyle Heights. The Chavez Gardens project , slated for land near the E Line at 2518-2536 E Cesar E Chavez Avenue, calls for the construction of two four-story buildings containing a combine",valid,title/source/url metadata are internally consistent,Development Activity,GP / Capital Activity; Market Intelligence,acceptable_repeat,True,address/street: 2518 cesar e. chavez ave; execution milestone: proposed; project/asset term: project,high,Project / Asset,2026-08-17,2026-08-19,2,fresh_0_3d,fresh,published date parsed; article age 2 day(s),62,access_limited,State awards $6.5 million for affordable housing at 2518 Cesar E. Chavez Ave. in Boyle Heights,State awards $6.5 million for affordable housing at 2518 Cesar E. Chavez Ave. in Boyle Heights,2518 Cesar E. Chavez Ave,General submarket monitoring,Boyle Heights,Los Angeles,Los Angeles / California,Affordable Housing,Affordable Housing,,,Unknown,Unknown,Unknown,Unknown,No explicit timing reference,,,,Affordable / Density Bonus Strategy,Affordable / Density Bonus Strategy,Land / parcel referenced,Site Search / Early Signal,approval_watch,matched proposed,75,18,Relevant to entitlement monitoring,"Track entitlement, permit, density bonus, and construction-readiness milestones",State awards $6.5 million for affordable housing at 2518 Cesar E. Chavez Ave. in Boyle Heights,Urbanize LA,https://la.urbanize.city/post/state-awards-65-million-affordable-housing-2518-cesar-e-chavez-ave-boyle-heights,Medium
2026-08-19,20260819-232308-78777e3c,PRJ-20260819-0040,"Meridian Acquires Pasadena Medical Office Building for $13.3M, Arranges Long-Term Huntington Health Lease",100,AST-20260819-021,art_f3b09935189a2c20,"Meridian Acquires Pasadena Medical Office Building for $13.3M, Arranges Long-Term Huntington Health Lease",https://rebusinessonline.com/meridian-acquires-pasadena-medical-office-building-for-13-3m-arranges-long-term-huntington-health-lease/,2026-08-19T14:11:23Z,"The Huntington Physicians occupy the entire second floor of the 32,052-square-foot medical office building at 55 E. California Blvd. in Pasadena, Calif. (Rendering credit: BA) Acquisitions California Healthcare Leasing Activity Western Meridian Acquires Pasadena Medical Office Building for $13.3M, Arranges Long-Term Lease With Huntington Health by Amy Works August 19, 2026 August 19, 2026 6 PASADENA, CALIF. — Meridian has acquired 55 East California Boulevard, a medical office building located a",valid,title/source/url metadata are internally consistent,Development Activity,GP / Capital Activity,new_or_fresh,True,address/street: 55 e. california blvd; execution milestone: leasing,high,Leasing / Lease-Up,2026-08-19,2026-08-19,0,fresh_0_3d,fresh,published date parsed; article age 0 day(s),100,open,"Meridian Acquires Pasadena Medical Office Building for $13.3M, Arranges Long-Term Huntington Health Lease","Meridian Acquires Pasadena Medical Office Building for $13.3M, Arranges Long-Term Huntington Health Lease",55 E. California Blvd,General submarket monitoring,Pasadena,Los Angeles,California,General Residential,General Residential,CBRE,CBRE,Unknown,Unknown,Unknown,Unknown,2026,,,,General Asset Signal,General Asset Signal,Site acquired,Unknown,excluded,transaction / capital guard: acquired,73,27,High relevance to Woomi site strategy,"Review site details, sponsor, entitlement path, and local precedent","Meridian Acquires Pasadena Medical Office Building for $13.3M, Arranges Long-Term Huntington Health Lease",REBusiness Online,https://rebusinessonline.com/meridian-acquires-pasadena-medical-office-building-for-13-3m-arranges-long-term-huntington-health-lease/,Medium
2026-08-19,20260819-232308-78777e3c,PRJ-20260819-0055,Construction Financing - Atlanta / Georgia - Developer Duo Obtains Construction Financing for $147M Atlanta Student Housing Project,80,AST-20260819-070,art_74b6034bca9c58bb,ParkProperty Acquires 280-Unit Buckhead Apartment Community,https://www.connectcre.com/stories/parkproperty-acquires-280-unit-buckhead-apartment-community/,"Thu, 13 Aug 2026 14:27:04 +0000","Atlanta & Southeast News In Your Inbox Sign up for Connect emails to stay informed with CRE stories that are 150 words or less. Atlanta & Southeast + Atlanta + Apartments | August 13, 2026 By: Mike Boyd ParkProperty Acquires 280-Unit Buckhead Apartment Community ParkProperty Capital acquired The Jane, a 280-unit multifamily in the Brookwood district of Atlanta, adjacent to Buckhead. The property was traded for $75 million. CWS Capital Partners was the seller. The property was named after the loc",valid,title/source/url metadata are internally consistent,Development Activity,GP / Capital Activity,repeat_penalized,,,,,2026-08-13,2026-08-19,6,fresh_0_3d,fresh,published date parsed; article age 6 day(s),58,open,Acquisition - Atlanta / Georgia - ParkProperty Acquires 280-Unit Buckhead Apartment Community,Acquisition - Atlanta / Georgia - ParkProperty Acquires 280-Unit Buckhead Apartment Community,Atlanta,General submarket monitoring,Atlanta,Los Angeles,Unknown,Apartment,Apartment,Unknown,Unknown,Unknown,Unknown,Unknown,Unknown,No explicit timing reference,,$75 million; $75 million,,Acquisition,General Asset Signal,Existing asset sale,Unknown,excluded,transaction / capital guard: acquisition,72,27,Relevant to underwriting benchmark,Monitor asset-level signal for repeated confirmation,ParkProperty Acquires 280-Unit Buckhead Apartment Community,Connect CRE Atlanta,https://www.connectcre.com/stories/parkproperty-acquires-280-unit-buckhead-apartment-community/,Low
2026-08-19,20260819-232308-78777e3c,PRJ-20260819-0086,General Project Signal - Florida - McDowell Housing Partners Closes Financing and Starts Construction on Ekos at Bayonet Poin...,80,AST-20260819-063,art_23de6531bc0f236d,McDowell Housing Partners Closes Financing and Starts Construction on Ekos at Bayonet Point II in Pasco County,https://yieldpro.com/2026/08/ekos-at-bayonet-point-ii/,"Wed, 19 Aug 2026 22:47:27 +0000","Deal boom News Facebook Twitter Linkedin McDowell Housing Partners (MHP) , a leading affordable housing developer and investment company, announced the financial closing and start of construction on Ekos at Bayonet Point II , the second phase of a three-phase master-planned community that will bring 360 affordable homes to Pasco County. The $38.9 million development will add 120 age-restricted apartments at 7526 McDowell Way in Hudson, one block from HCA Florida Bayonet Point Hospital. “We saw a",valid,title/source/url metadata are internally consistent,Development Activity,GP / Capital Activity; Market Intelligence,new_or_fresh,,,,,2026-08-19,2026-08-19,,fresh_0_3d,fresh,published date parsed; article age 0 day(s),100,open,General Project Signal - Florida - McDowell Housing Partners Closes Financing and Starts Construction on Ekos at Bayonet Poin...,General Project Signal - Florida - McDowell Housing Partners Closes Financing and Starts Construction on Ekos at Bayonet Poin...,Florida,General submarket monitoring,Florida,Florida,Florida,Affordable Housing,BTR / Single-Family Rental,Unknown,Unknown,Unknown,Unknown,Unknown,Unknown,No explicit timing reference,,$38.9 million; $38.9 million,,General Project Signal,General Asset Signal,Unknown site control,Unknown,construction_delivery_watch,matched starts construction,71,34,Relevant to underwriting benchmark,Monitor asset-level signal for repeated confirmation,McDowell Housing Partners Closes Financing and Starts Construction on Ekos at Bayonet Point II in Pasco County,Yield PRO,https://yieldpro.com/2026/08/ekos-at-bayonet-point-ii/,Low
2026-08-19,20260819-232308-78777e3c,PRJ-20260819-0129,General Project Signal - New York City / New York - New York’s 485-x Is Teaching Developers to Stay Below 100 Apartments at a Time,80,AST-20260819-064,art_eace49f4b6e94614,New York’s 485-x Is Teaching Developers to Stay Below 100 Apartments at a Time,https://commercialobserver.com/2026/08/new-york-485-x-apartment-limits/,"Wed, 19 Aug 2026 15:24:48 +0000","Residential · Multifamily New York City Development · Construction New York’s 485-x Is Teaching Developers to Stay Below 100 Apartments at a Time That needs to change if officials want to solve the city’s historic housing shortage By Lev Kimyagarov August 19, 2026 11:24 am reprints ILLUSTRATION: Alma Hasanovic/Getty Images In New York City, 485-x is one of the few tools capable of restarting rental construction at a meaningful scale. It is also widely misunderstood because policymakers and devel",valid,title/source/url metadata are internally consistent,Development Activity,Market Intelligence,new_or_fresh,,,,,2026-08-19,2026-08-19,,fresh_0_3d,fresh,published date parsed; article age 0 day(s),100,open,General Project Signal - New York City / New York - New York’s 485-x Is Teaching Developers to Stay Below 100 Apartments at a Time,General Project Signal - New York City / New York - New York’s 485-x Is Teaching Developers to Stay Below 100 Apartments at a Time,New York City,General submarket monitoring,New York City,New York City / New York,Unknown,Apartment,Apartment,Unknown,Unknown,Unknown,Unknown,Unknown,Unknown,No explicit timing reference,100 Apartments,,,General Project Signal,General Asset Signal,Unknown site control,Unknown,construction_delivery_watch,matched development / asset strategy execution,71,34,Relevant to underwriting benchmark,Monitor asset-level signal for repeated confirmation,New York’s 485-x Is Teaching Developers to Stay Below 100 Apartments at a Time,Commercial Observer,https://commercialobserver.com/2026/08/new-york-485-x-apartment-limits/,Medium
2026-08-19,20260819-232308-78777e3c,PRJ-20260819-0008,Simon | Anderson Multifamily Team Arranges Sale of SEDU Apartment Building in Seattle’s Capitol Hill Neighborhood,80,AST-20260819-016,art_3ba4132570d82f94,Simon | Anderson Multifamily Team Arranges Sale of SEDU Apartment Building in Seattle’s Capitol Hill Neighborhood,https://yieldpro.com/2026/08/vitality-on-howell/,"Wed, 19 Aug 2026 22:56:05 +0000","Deal boom News Pacific region Facebook Twitter Linkedin Vitality on Howell , a five-story modern apartment building located at 1420 E. Howell Street in Seattle’s Capitol Hill neighborhood, has sold. Jerrid Anderson, Jack Shephard, Matt Laird, and Matt Johnston of Kidder Mathews’ Simon | Anderson Multifamily Team represented the seller, a private investor and developer. Constructed in 2016, Vitality on Howell consists of 57 Small Efficiency Dwelling Units (SEDU), averaging 297 square feet. Proper",suspicious_mismatch,title/source/url metadata are internally consistent; title and original_url slug appear to reference different articles,Development Activity,GP / Capital Activity,new_or_fresh,True,address/street: 1420 e. howell street,medium,Project / Asset,2026-08-19,2026-08-19,0,fresh_0_3d,fresh,published date parsed; article age 0 day(s),100,open,Simon | Anderson Multifamily Team Arranges Sale of SEDU Apartment Building in Seattle’s Capitol Hill Neighborhood,Simon | Anderson Multifamily Team Arranges Sale of SEDU Apartment Building in Seattle’s Capitol Hill Neighborhood,1420 E. Howell Street,General submarket monitoring,Seattle,Los Angeles,Seattle,Apartment,Apartment,Unknown,Unknown,Unknown,Unknown,Unknown,Unknown,in 2016,,,297 square feet,General Asset Signal,General Asset Signal,Existing asset sale,Unknown,excluded,transaction / capital guard: sale,70,31,Relevant to underwriting benchmark,Monitor asset-level signal for repeated confirmation,Simon | Anderson Multifamily Team Arranges Sale of SEDU Apartment Building in Seattle’s Capitol Hill Neighborhood,Yield PRO,https://yieldpro.com/2026/08/vitality-on-howell/,Medium
2026-08-19,20260819-232308-78777e3c,PRJ-20260819-0110,Entitlement / Permitting - Los Angeles / California - Senior affordable housing rising at 19300 Sherman Way in Reseda,80,AST-20260819-061,art_7f31c7ff425fe31b,Buyers seek financial incentives to complete Oceanwide Plaza hotel,https://la.urbanize.city/post/buyers-seek-financial-incentives-complete-oceanwide-plaza-hotel,"Mon, 17 Aug 2026 13:15:00 +0000","Buyers seek financial incentives to complete Oceanwide Plaza hotel | Urbanize LA Skip to main content Advertisement Advertisement Last month, a federal bankruptcy judge cleared a joint venture led by KPC Development Co . and Lendlease to acquire the notorious Oceanwide Plaza project in Downtown Los Angeles. To complete the long-stalled tower complex, the project's backers are looking for a little help from the City of Los Angeles. In a motion introduced earlier this week , 14th District Councilm",suspicious_duplicate,source-feed signal bleed suspected,Market Intelligence,GP / Capital Activity,repeat_penalized,,,,,2026-08-17,2026-08-19,2,fresh_0_3d,fresh,published date parsed; article age 2 day(s),42,access_limited,JV / Partnership - Los Angeles / California - Buyers seek financial incentives to complete Oceanwide Plaza hotel,JV / Partnership - Los Angeles / California - Buyers seek financial incentives to complete Oceanwide Plaza hotel,Los Angeles,General submarket monitoring,Los Angeles,Los Angeles,California,General Residential,Unknown Residential,Unknown,Unknown,Unknown,Unknown,Unknown,Unknown,No explicit timing reference,,$517 million; $800 million; $150,,JV / Partnership,General Asset Signal,Unknown site control,Unknown,excluded,transaction / capital guard: buyer,70,29,Relevant to underwriting benchmark,Monitor asset-level signal for repeated confirmation,Buyers seek financial incentives to complete Oceanwide Plaza hotel,Urbanize LA,https://la.urbanize.city/post/buyers-seek-financial-incentives-complete-oceanwide-plaza-hotel,Low
2026-08-19,20260819-232308-78777e3c,PRJ-20260819-0173,Acquisition - Miami / Florida - Milestone Group Trades Kendall Apartment Complex for $109M,100,AST-20260819-048,art_cc75db02dbbec269,Milestone Group Trades Kendall Apartment Complex for $109M,https://www.connectcre.com/stories/milestone-group-trades-kendall-apartment-complex-for-109m/,"Fri, 07 Aug 2026 14:54:14 +0000","Florida & Gulf Coast CRE News In Your Inbox. Sign up for Connect emails to stay informed with CRE stories that are 150 words or less. Florida & Gulf Coast + South Florida + Apartments | August 7, 2026 By: Mike Boyd Milestone Group Trades Kendall Apartment Complex for $109M Harbor Group International has bought Emerald Palms, a 505-unit garden apartment complex near Zoo Miami in Kendall, for $109 million. The seller was Milestone Group, which paid $107 million for the same property in 2021. The S",valid,title/source/url metadata are internally consistent,Development Activity,,repeat_penalized,,,,,2026-08-07,2026-08-19,12,recent_4_14d,recent,published date parsed; article age 12 day(s),55,open,Acquisition - Miami / Florida - Milestone Group Trades Kendall Apartment Complex for $109M,Acquisition - Miami / Florida - Milestone Group Trades Kendall Apartment Complex for $109M,South Florida,General submarket monitoring,South Florida,Miami / Florida,Unknown,Apartment,Apartment,Harbor Group International,Harbor Group International,Unknown,Unknown,Unknown,Unknown,No explicit timing reference,,$109M; $109M; $109 million,,Acquisition,General Asset Signal,Existing asset sale,Unknown,excluded,transaction / capital guard: acquisition,70,19,Relevant to underwriting benchmark,Monitor asset-level signal for repeated confirmation,Milestone Group Trades Kendall Apartment Complex for $109M,Connect CRE South Florida,https://www.connectcre.com/stories/milestone-group-trades-kendall-apartment-complex-for-109m/,Medium
2026-08-19,20260819-232308-78777e3c,PRJ-20260819-0013,Senior affordable housing rising at 19300 Sherman Way in Reseda,80,AST-20260819-005,art_f2666a27a73892b1,Senior affordable housing rising at 19300 Sherman Way in Reseda,https://la.urbanize.city/post/senior-affordable-housing-rising-19300-sherman-way-reseda,"Tue, 18 Aug 2026 13:10:00 +0000","Senior affordable housing rising at 19300 Sherman Way in Reseda | Urbanize LA Skip to main content Advertisement Advertisement Construction is underway for a new senior housing complex in Reseda , according to permits recently issued by the Los Angeles Department of Building and Safety. The project from Meta Housing Corp ., located on land owned by the Los Angeles Jewish Home for the Aging at 19300 W. Sherman Way, will eventually consists of a six-story building featuring 244 one- and two-bedroo",valid,title/source/url metadata are internally consistent,Development Activity,Market Intelligence,acceptable_repeat,True,address/street: 19300 sherman way; project/asset term: project,high,Approval / Entitlement,2026-08-18,2026-08-19,1,fresh_0_3d,fresh,published date parsed; article age 1 day(s),66,access_limited,Senior affordable housing rising at 19300 Sherman Way in Reseda,Senior affordable housing rising at 19300 Sherman Way in Reseda,19300 Sherman Way,General submarket monitoring,Los Angeles,Los Angeles,Los Angeles / California,Senior Housing,Senior Housing,,,Unknown,Unknown,Unknown,Unknown,No explicit timing reference,,,,Affordable / Density Bonus Strategy,Affordable / Density Bonus Strategy,Land / parcel referenced,Site Search / Early Signal,approval_watch,matched permit,70,18,Relevant to entitlement monitoring,"Track entitlement, permit, density bonus, and construction-readiness milestones",Senior affordable housing rising at 19300 Sherman Way in Reseda,Urbanize LA,https://la.urbanize.city/post/senior-affordable-housing-rising-19300-sherman-way-reseda,Medium
2026-08-19,20260819-232308-78777e3c,PRJ-20260819-0154,Office-to-Residential Conversion - Other / Unknown - RMK Management Corp. Named Leasing and Property Manager of The Bellwether New Office-To-Re...,80,AST-20260819-066,art_2f3f8083e7c77919,"ICON Real Estate Arranges $18M Sale of Apartment Building in Long Branch, New Jersey",https://rebusinessonline.com/icon-real-estate-arranges-18m-sale-of-apartment-building-in-long-branch-new-jersey/,2026-08-19T13:34:11Z,"The sale of The Pavilion, a 46-unit apartment building in Long Branch, New Jersey, also included an adjacent retail building at 231 Third Ave. that fetched a price of $1.3 million. Acquisitions Multifamily New Jersey Northeast ICON Real Estate Arranges $18M Sale of Apartment Building in Long Branch, New Jersey by Taylor Williams August 19, 2026 August 19, 2026 3 LONG BRANCH, N.J. — Local brokerage firm ICON Real Estate Advisors has arranged the $18 million sale of The Pavilion, a 46-unit apartme",valid,title/source/url metadata are internally consistent,Development Activity,GP / Capital Activity,new_or_fresh,,,,,2026-08-19,2026-08-19,,fresh_0_3d,fresh,published date parsed; article age 0 day(s),100,open,"Acquisition - Other / Unknown - ICON Real Estate Arranges $18M Sale of Apartment Building in Long Branch, New Jersey","Acquisition - Other / Unknown - ICON Real Estate Arranges $18M Sale of Apartment Building in Long Branch, New Jersey",Unknown,General submarket monitoring,Unknown,Other / Unknown,Unknown,Apartment,Apartment,Unknown,Unknown,Unknown,Unknown,Unknown,Unknown,No explicit timing reference,,$18M; $1.3 million; $18M,,Acquisition,General Asset Signal,Existing asset sale,Unknown,excluded,transaction / capital guard: sale,69,33,Relevant to underwriting benchmark,Monitor asset-level signal for repeated confirmation,"ICON Real Estate Arranges $18M Sale of Apartment Building in Long Branch, New Jersey",REBusiness Online,https://rebusinessonline.com/icon-real-estate-arranges-18m-sale-of-apartment-building-in-long-branch-new-jersey/,Low
2026-08-19,20260819-232308-78777e3c,PRJ-20260819-0176,"General Project Signal - Miami / Florida - Developer Iadisernia Lands Mezz Loan to Finish Hallandale, Fla., Condo Tower",80,AST-20260819-082,art_039e2d7451b1fc83,"Developer Iadisernia Lands Mezz Loan to Finish Hallandale, Fla., Condo Tower",https://commercialobserver.com/2026/08/oasis-cottonwood-giuseppe-iadisernia-hallandale-beach/,"Wed, 19 Aug 2026 21:45:27 +0000","Residential · Condo South Florida Developer Iadisernia Lands Mezz Loan to Finish Hallandale, Fla., Condo Tower By Julia Echikson August 19, 2026 5:45 pm reprints Mark Green, chief investment officer of Cottonwood Group, and a rendering of Oasis, planned for Hallandale Beach, Fla. PHOTO: Courtesy Cottonwood Group; RENDERING: Courtesy Arquitectonica More than a year after landing a $112 million loan to complete a mixed-use project in Hallandale Beach, Fla., developer Giuseppe Iadisernia has secure",valid,title/source/url metadata are internally consistent,GP / Capital Activity,,new_or_fresh,,,,,2026-08-19,2026-08-19,,fresh_0_3d,fresh,published date parsed; article age 0 day(s),100,open,"General Project Signal - Miami / Florida - Developer Iadisernia Lands Mezz Loan to Finish Hallandale, Fla., Condo Tower","General Project Signal - Miami / Florida - Developer Iadisernia Lands Mezz Loan to Finish Hallandale, Fla., Condo Tower",South Florida,General submarket monitoring,South Florida,Los Angeles,Unknown,Mixed-Use Residential,Mixed-Use Residential,Unknown,Unknown,Unknown,Unknown,Unknown,Unknown,No explicit timing reference,,$112 million; $112 million; $50 million,,General Project Signal,General Asset Signal,Land / parcel referenced,Site Search / Early Signal,excluded,transaction / capital guard: loan,69,18,Relevant to underwriting benchmark,Monitor asset-level signal for repeated confirmation,"Developer Iadisernia Lands Mezz Loan to Finish Hallandale, Fla., Condo Tower",Commercial Observer,https://commercialobserver.com/2026/08/oasis-cottonwood-giuseppe-iadisernia-hallandale-beach/,Low
2026-08-19,20260819-232308-78777e3c,PRJ-20260819-0189,Acquisition - Washington DC - CAPREIT Acquires Bethesda Hill Apartments,80,AST-20260819-049,art_e5315ef7f9689b23,CAPREIT Acquires Bethesda Hill Apartments,https://yieldpro.com/2026/08/bethesda-hill-apartments/,"Wed, 19 Aug 2026 18:41:41 +0000","Deal boom News Facebook Twitter Linkedin CAPREIT , a fully integrated real estate operating company responsible for the ownership and management of more than $6 billion of multifamily assets in the U.S. announced it has acquired Bethesda Hill , a garden-style community approximately 10 miles north of Washington, D.C. The community (formerly Elme Bethesda) features 193 one-, two- and three-bedroom homes with spacious layouts, modern finishes and a vast array of amenities. The acquisition adds to ",valid,title/source/url metadata are internally consistent,Development Activity,GP / Capital Activity,new_or_fresh,,,,,2026-08-19,2026-08-19,,fresh_0_3d,fresh,published date parsed; article age 0 day(s),100,open,Acquisition - Washington DC - CAPREIT Acquires Bethesda Hill Apartments,Acquisition - Washington DC - CAPREIT Acquires Bethesda Hill Apartments,"Washington, D.C.",General submarket monitoring,"Washington, D.C.",Washington DC,Unknown,Apartment,BTR / Single-Family Rental,Unknown,Unknown,Unknown,Unknown,Unknown,Unknown,No explicit timing reference,,$6 billion; $6 billion,,Acquisition,General Asset Signal,Existing asset sale,Unknown,excluded,transaction / capital guard: acquisition,68,32,Relevant to underwriting benchmark,Monitor asset-level signal for repeated confirmation,CAPREIT Acquires Bethesda Hill Apartments,Yield PRO,https://yieldpro.com/2026/08/bethesda-hill-apartments/,Low
2026-08-19,20260819-232308-78777e3c,PRJ-20260819-0176,"General Project Signal - Miami / Florida - Developer Iadisernia Lands Mezz Loan to Finish Hallandale, Fla., Condo Tower",80,AST-20260819-074,art_843a4ad40d246427,NRP Advancing 312-Unit Port St. Lucie Apartment Venture,https://www.connectcre.com/stories/nrp-advancing-312-unit-port-st-lucie-apartment-venture/,"Mon, 17 Aug 2026 13:37:43 +0000","Florida & Gulf Coast CRE News In Your Inbox. Sign up for Connect emails to stay informed with CRE stories that are 150 words or less. Florida & Gulf Coast + South Florida + Apartments | August 17, 2026 By: Mike Boyd NRP Advancing 312-Unit Port St. Lucie Apartment Venture The NRP Group broke ground on its newest luxury apartment community, a 312-unit development within the 10,000-acre Tradition master-planned community at 13661 SW Village Parkway in Port St. Lucie. M&T Bank provided construction ",valid,title/source/url metadata are internally consistent,Development Activity,,acceptable_repeat,,,,,2026-08-17,2026-08-19,2,fresh_0_3d,fresh,published date parsed; article age 2 day(s),74,open,Development Start - Miami / Florida - NRP Advancing 312-Unit Port St. Lucie Apartment Venture,Development Start - Miami / Florida - NRP Advancing 312-Unit Port St. Lucie Apartment Venture,South Florida,General submarket monitoring,South Florida,Miami / Florida,Unknown,Apartment,Apartment,Unknown,Unknown,Unknown,Unknown,Unknown,Construction started,broke ground,,,,Development Start,Development Start,Unknown site control,Under Construction,construction_delivery_watch,matched broke ground,68,23,Relevant to underwriting benchmark,Monitor asset-level signal for repeated confirmation,NRP Advancing 312-Unit Port St. Lucie Apartment Venture,Connect CRE South Florida,https://www.connectcre.com/stories/nrp-advancing-312-unit-port-st-lucie-apartment-venture/,Low
2026-08-19,20260819-232308-78777e3c,PRJ-20260819-0037,JLB Pursuing Buckhead Office-to-Apartments Conversion,80,AST-20260819-019,art_4addc8979f06a523,JLB Pursuing Buckhead Office-to-Apartments Conversion,https://www.connectcre.com/stories/jlb-pursuing-buckhead-office-to-apartments-conversion/,"Tue, 11 Aug 2026 14:07:02 +0000","Atlanta & Southeast News In Your Inbox Sign up for Connect emails to stay informed with CRE stories that are 150 words or less. Atlanta & Southeast + Atlanta + Apartments | August 11, 2026 By: Mike Boyd JLB Pursuing Buckhead Office-to-Apartments Conversion JLB Partners plans to redevelop a seven-story building at 470 E. Paces Ferry Road in Buckhead Village. The Atlanta Business Chronicle reports the project consists of 314 apartments in what was once a mid-century office building. On Maple Drive",valid,title/source/url metadata are internally consistent,Development Activity,,repeat_penalized,True,unit/site count: 314 apartments; address/street: 470 e. paces ferry road; project/asset term: project,high,Project / Asset,2026-08-11,2026-08-19,8,recent_4_14d,recent,published date parsed; article age 8 day(s),55,open,JLB Pursuing Buckhead Office-to-Apartments Conversion,JLB Pursuing Buckhead Office-to-Apartments Conversion,470 E. Paces Ferry Road,General submarket monitoring,Atlanta,Los Angeles,Atlanta / Georgia,Apartment,Apartment,,,Unknown,Unknown,Unknown,Unknown,2026,,,,General Asset Signal,General Asset Signal,Unknown site control,Unknown,construction_delivery_watch,matched development / asset strategy execution,68,22,Relevant to underwriting benchmark,Monitor asset-level signal for repeated confirmation,JLB Pursuing Buckhead Office-to-Apartments Conversion,Connect CRE Atlanta,https://www.connectcre.com/stories/jlb-pursuing-buckhead-office-to-apartments-conversion/,Medium
2026-08-19,20260819-232308-78777e3c,PRJ-20260819-0069,Entitlement / Permitting - California - Affordable housing under construction at 9038 S. Reading Ave. in Westchester,80,AST-20260819-076,art_ff4045e577b33ccc,State announces $236M in bond financing for La Brea Tar Pits revamp,https://la.urbanize.city/post/state-announces-236m-bond-financing-la-brea-tar-pits-revamp,"Wed, 19 Aug 2026 13:15:00 +0000","State announces $236M in bond financing for La Brea Tar Pits revamp | Urbanize LA Skip to main content Advertisement Advertisement The California Infrastructure and Economic Development Bank (IBank) has closed a $236-million revenue bond for the revamp of the La Brea Tar Pits and George C. Page Museum , Governor Newsom announced earlier this month. The museum complex, which closed for two years on July 6 , is being retooled through a Weiss/Manfredi-designed master plan for the complex. The initi",valid,title/source/url metadata are internally consistent,GP / Capital Activity,Market Intelligence,new_or_fresh,,,,,2026-08-19,2026-08-19,,fresh_0_3d,fresh,published date parsed; article age 0 day(s),88,access_limited,General Project Signal - California - State announces $236M in bond financing for La Brea Tar Pits revamp,General Project Signal - California - State announces $236M in bond financing for La Brea Tar Pits revamp,California,General submarket monitoring,California,Los Angeles,California,General Residential,Unknown Residential,Unknown,Unknown,Unknown,Unknown,Unknown,Unknown,No explicit timing reference,,$236M; $236M; $236,,General Project Signal,General Asset Signal,Unknown site control,Unknown,excluded,transaction / capital guard: financing,66,32,High relevance to Woomi site strategy,"Review site details, sponsor, entitlement path, and local precedent",State announces $236M in bond financing for La Brea Tar Pits revamp,Urbanize LA,https://la.urbanize.city/post/state-announces-236m-bond-financing-la-brea-tar-pits-revamp,Low
2026-08-19,20260819-232308-78777e3c,PRJ-20260819-0154,Office-to-Residential Conversion - Other / Unknown - RMK Management Corp. Named Leasing and Property Manager of The Bellwether New Office-To-Re...,80,AST-20260819-083,art_794a75758dcf641d,Greenstone Partners Closes MF Deal in Chicago’s South Suburbs,https://www.connectcre.com/stories/greenstone-partners-closes-mf-deal-in-chicagos-south-suburbs/,"Tue, 18 Aug 2026 21:07:12 +0000","Chicago & Midwest CRE News In Your Inbox. Sign up for Connect emails to stay informed with CRE stories that are 150 words or less. Chicago & Midwest + Greater Chicagoland + Apartments | August 18, 2026 By: Jasmine Kilman Greenstone Partners Closes MF Deal in Chicago’s South Suburbs Greenstone Partners closed a $12.55 million multifamily transaction involving the Hickory Oaks Apartment Complex in Lansing, Illinois. Greenstone Partners Senior Director Michael Duckler represented both the buyer and",valid,title/source/url metadata are internally consistent,Development Activity,,acceptable_repeat,,,,,2026-08-18,2026-08-19,1,fresh_0_3d,fresh,published date parsed; article age 1 day(s),78,open,General Project Signal - Other / Unknown - Greenstone Partners Closes MF Deal in Chicago’s South Suburbs,General Project Signal - Other / Unknown - Greenstone Partners Closes MF Deal in Chicago’s South Suburbs,Unknown,General submarket monitoring,Unknown,Other / Unknown,Unknown,Apartment,Apartment,Unknown,Unknown,Unknown,Unknown,Unknown,Unknown,No explicit timing reference,,$12.55 million; $12.55 million,,General Project Signal,General Asset Signal,Unknown site control,Unknown,construction_delivery_watch,matched development / asset strategy execution,66,31,Relevant to underwriting benchmark,Monitor asset-level signal for repeated confirmation,Greenstone Partners Closes MF Deal in Chicago’s South Suburbs,Connect CRE Apartments,https://www.connectcre.com/stories/greenstone-partners-closes-mf-deal-in-chicagos-south-suburbs/,Low
2026-08-19,20260819-232308-78777e3c,PRJ-20260819-0110,Entitlement / Permitting - Los Angeles / California - Senior affordable housing rising at 19300 Sherman Way in Reseda,80,AST-20260819-055,art_20f7378adca869e6,"Report: L.A. permits 8,800 homes in the first half of 2026",https://la.urbanize.city/post/report-la-permits-8800-homes-first-half-2026,"Tue, 18 Aug 2026 13:15:00 +0000","Report: L.A. permits 8,800 homes in the first half of 2026 | Urbanize LA Skip to main content Advertisement Advertisement Residential construction appears to be on the uptick, according to new research from Hilgard Economics. In the first half of 2026, the City of Los Angeles issued permits for more than 8,800 new homes, according to records reviewed by Hilgard. That represents a nearly threefold improvement relative to the number of housing permits issued in the same period last year. In fact, ",valid,title/source/url metadata are internally consistent,Development Activity,Market Intelligence,acceptable_repeat,,,,,2026-08-18,2026-08-19,1,fresh_0_3d,fresh,published date parsed; article age 1 day(s),66,access_limited,"Entitlement / Permitting - Los Angeles / California - Report: L.A. permits 8,800 homes in the first half of 2026","Entitlement / Permitting - Los Angeles / California - Report: L.A. permits 8,800 homes in the first half of 2026",Los Angeles,General submarket monitoring,Los Angeles,Los Angeles,California,General Residential,BTR / Single-Family Rental,Unknown,Unknown,Unknown,Unknown,Unknown,Unknown,2026,"8,800 homes",$2; $910,,Entitlement / Permitting,Entitlement Play,Project under entitlement,Unknown,approval_watch,matched permit,66,26,Relevant to entitlement monitoring,"Track entitlement, permit, density bonus, and construction-readiness milestones","Report: L.A. permits 8,800 homes in the first half of 2026",Urbanize LA,https://la.urbanize.city/post/report-la-permits-8800-homes-first-half-2026,Medium
2026-08-19,20260819-232308-78777e3c,PRJ-20260819-0123,Acquisition - National - ESC Pacific Buys Historic Joseph W. Podmore Building in Honolulu for U.S. Headquarters,100,AST-20260819-073,art_d52287ed5db35cef,ESC Pacific Buys Historic Joseph W. Podmore Building in Honolulu for U.S. Headquarters,https://rebusinessonline.com/esc-pacific-buys-historic-joseph-w-podmore-building-in-honolulu-for-u-s-headquarters/,2026-08-19T14:05:59Z,"ESC Pacific will use the second floor of the Joseph W. Podmore Building at 202 Merchant St. in Honolulu as its U.S. headquarters. Acquisitions Hawaii Office Restaurant Retail Western ESC Pacific Buys Historic Joseph W. Podmore Building in Honolulu for U.S. Headquarters by Amy Works August 19, 2026 August 19, 2026 6 HONOLULU — ESC Pacific, an international architecture, engineering and environmental consulting firm with operations in Japan, Guam and the United States, has purchased the historic J",valid,title/source/url metadata are internally consistent,Development Activity,GP / Capital Activity,new_or_fresh,,,,,2026-08-19,2026-08-19,,fresh_0_3d,fresh,published date parsed; article age 0 day(s),100,open,Acquisition - National - ESC Pacific Buys Historic Joseph W. Podmore Building in Honolulu for U.S. Headquarters,Acquisition - National - ESC Pacific Buys Historic Joseph W. Podmore Building in Honolulu for U.S. Headquarters,National,General submarket monitoring,National,National,Unknown,Mixed-Use Residential,Unknown Residential,CBRE,CBRE,CBRE,Unknown,Unknown,Unknown,No explicit timing reference,,,,Acquisition,General Asset Signal,Existing asset sale,Unknown,excluded,transaction / capital guard: acquisition,64,18,Relevant to underwriting benchmark,Monitor asset-level signal for repeated confirmation,ESC Pacific Buys Historic Joseph W. Podmore Building in Honolulu for U.S. Headquarters,REBusiness Online,https://rebusinessonline.com/esc-pacific-buys-historic-joseph-w-podmore-building-in-honolulu-for-u-s-headquarters/,Medium
2026-08-19,20260819-232308-78777e3c,PRJ-20260819-0034,BGO Acquires Savanna at Reed’s Crossing for Portland Oregon for $160M,100,AST-20260819-023,art_3ae62dfc054bf2da,BGO Acquires Savanna at Reed’s Crossing for Portland Oregon for $160M,https://yieldpro.com/2026/08/savanna-at-reeds-crossing/,"Wed, 19 Aug 2026 19:01:18 +0000","Deal boom News Facebook Twitter Linkedin BGO has picked up Savanna at Reed’s Crossing , a 301-unit multifamily community in Hillsboro, Ore., for $160 million. Holland Partner Group was the seller. JPMorgan Chase originated $525 million in funding for the portfolio transaction, with Savanna at Reed’s Crossing carrying a $111 million allocated loan amount. Located at 3405 SE Reed Drive, the property came online in 2025 on 7 acres. The community is close to multiple dining and retail options along ",valid,title/source/url metadata are internally consistent,Development Activity,GP / Capital Activity,new_or_fresh,True,unit/site count: 301-unit; address/street: 3405 se reed drive; project/asset term: community,high,Project / Asset,2026-08-19,2026-08-19,0,fresh_0_3d,fresh,published date parsed; article age 0 day(s),100,open,BGO Acquires Savanna at Reed’s Crossing for Portland Oregon for $160M,BGO Acquires Savanna at Reed’s Crossing for Portland Oregon for $160M,3405 SE Reed Drive,General submarket monitoring,Unknown,Los Angeles,Other / Unknown,Multifamily,Multifamily,BGO,BGO,Unknown,Unknown,Unknown,Unknown,in 2025,,,7 acres,General Asset Signal,General Asset Signal,Land / parcel referenced,Site Search / Early Signal,excluded,transaction / capital guard: seller,64,11,Relevant to underwriting benchmark,Monitor asset-level signal for repeated confirmation,BGO Acquires Savanna at Reed’s Crossing for Portland Oregon for $160M,Yield PRO,https://yieldpro.com/2026/08/savanna-at-reeds-crossing/,Medium
2026-08-19,20260819-232308-78777e3c,PRJ-20260819-0154,Office-to-Residential Conversion - Other / Unknown - RMK Management Corp. Named Leasing and Property Manager of The Bellwether New Office-To-Re...,80,AST-20260819-072,art_21aeab6e66749857,"JVM Realty Acquires 280-Unit Multifamily Community in Oswego, Illinois",https://rebusinessonline.com/jvm-realty-acquires-280-unit-multifamily-community-in-oswego-illinois/,2026-08-19T13:08:17Z,"The buyer is rebranding the property from Springs at Oswego to Trillium at Oswego. Acquisitions Illinois Midwest Multifamily JVM Realty Acquires 280-Unit Multifamily Community in Oswego, Illinois by Kristin Harlow August 19, 2026 August 19, 2026 2 OSWEGO, ILL. — JVM Realty Corp. has acquired Springs at Oswego, a 280-unit luxury apartment community in the southwest Chicago suburb of Oswego. Brad Smith and Jack Maloney of Cushman & Wakefield represented the seller, Continental Properties. JVM is r",valid,title/source/url metadata are internally consistent,Development Activity,GP / Capital Activity,new_or_fresh,,,,,2026-08-19,2026-08-19,,fresh_0_3d,fresh,published date parsed; article age 0 day(s),100,open,"Acquisition - Other / Unknown - JVM Realty Acquires 280-Unit Multifamily Community in Oswego, Illinois","Acquisition - Other / Unknown - JVM Realty Acquires 280-Unit Multifamily Community in Oswego, Illinois",Unknown,General submarket monitoring,Unknown,Other / Unknown,Unknown,Apartment,Apartment,Unknown,Unknown,cushman,Unknown,Unknown,Unknown,No explicit timing reference,,,,Acquisition,General Asset Signal,Existing asset sale,Unknown,excluded,transaction / capital guard: acquisition,62,33,Relevant to underwriting benchmark,Monitor asset-level signal for repeated confirmation,"JVM Realty Acquires 280-Unit Multifamily Community in Oswego, Illinois",REBusiness Online,https://rebusinessonline.com/jvm-realty-acquires-280-unit-multifamily-community-in-oswego-illinois/,Low
2026-08-19,20260819-232308-78777e3c,PRJ-20260819-0029,"Meeting Tomorrow For 2955 Shattuck Avenue, South Berkeley",80,AST-20260819-024,art_4cc18f7d32e542c0,"Meeting Tomorrow For 2955 Shattuck Avenue, South Berkeley",https://sfyimby.com/2026/08/meeting-tomorrow-for-2955-shattuck-avenue-south-berkeley.html,"Wed, 19 Aug 2026 12:30:22 +0000","2955 Shattuck Avenue, rendering by Studio KDA By: Andrew Nelson 5:30 am on August 19, 2026 The Berkeley Design Review Committee is scheduled to review plans tomorrow evening for a new eight-story apartment complex at 2955 Shattuck Avenue in South Berkeley , Alameda County . Renderings have been published ahead of the meeting, showcasing the potential future design for the 74-unit mid-rise building. Evans Property Company is the property owner and developer. 2955 Shattuck Avenue street elevations",valid,title/source/url metadata are internally consistent,Development Activity,,new_or_fresh,True,unit/site count: 74-unit; address/street: 2955 shattuck avenue,high,Project / Asset,2026-08-19,2026-08-19,0,fresh_0_3d,fresh,published date parsed; article age 0 day(s),88,access_limited,"Meeting Tomorrow For 2955 Shattuck Avenue, South Berkeley","Meeting Tomorrow For 2955 Shattuck Avenue, South Berkeley",2955 Shattuck Avenue,General submarket monitoring,Unknown,Los Angeles,Other / Unknown,Apartment,Apartment,,,Unknown,Unknown,Unknown,Unknown,2026,,,,General Asset Signal,General Asset Signal,Unknown site control,Unknown,construction_delivery_watch,matched development / asset strategy execution,62,18,Relevant to underwriting benchmark,Monitor asset-level signal for repeated confirmation,"Meeting Tomorrow For 2955 Shattuck Avenue, South Berkeley",SF YIMBY,https://sfyimby.com/2026/08/meeting-tomorrow-for-2955-shattuck-avenue-south-berkeley.html,Medium
2026-08-19,20260819-232308-78777e3c,PRJ-20260819-0134,Disposition / Exit - New York - Prism Partners Trades Two-Building Edison Lofts for $131M,80,AST-20260819-042,art_8a5c1af942a19fdd,Prism Partners Trades Two-Building Edison Lofts for $131M,https://www.connectcre.com/stories/prism-partners-trades-two-building-edison-lofts-for-131m/,"Tue, 18 Aug 2026 21:23:01 +0000","New York & Tri-State CRE News In Your Inbox. Sign up for Connect emails to stay informed with CRE stories that are 150 words or less. New York & Tri-State + New Jersey + Apartments | August 18, 2026 By: Paul Bubny Prism Partners Trades Two-Building Edison Lofts for $131M Cushman & Wakefield arranged the $131-million investment sale of Edison Lofts, a 334-unit luxury multifamily community with nearly 19,000 square feet of retail space at 33 Ashland Ave. in West Orange, NJ. The Cushman & Wakefield",valid,title/source/url metadata are internally consistent,Development Activity,GP / Capital Activity,acceptable_repeat,,,,,2026-08-18,2026-08-19,1,fresh_0_3d,fresh,published date parsed; article age 1 day(s),78,open,Disposition / Exit - New York - Prism Partners Trades Two-Building Edison Lofts for $131M,Disposition / Exit - New York - Prism Partners Trades Two-Building Edison Lofts for $131M,New York,General submarket monitoring,New York,New York,New York,Apartment,Apartment,Unknown,Unknown,cushman,Unknown,Unknown,Unknown,No explicit timing reference,,$131M; $131M; $131,,Disposition / Exit,General Asset Signal,Existing asset sale,Unknown,excluded,transaction / capital guard: disposition,61,34,Relevant to underwriting benchmark,Monitor asset-level signal for repeated confirmation,Prism Partners Trades Two-Building Edison Lofts for $131M,Connect CRE Apartments,https://www.connectcre.com/stories/prism-partners-trades-two-building-edison-lofts-for-131m/,Low
2026-08-19,20260819-232308-78777e3c,PRJ-20260819-0184,General Project Signal - National - Multifamily starts tumbled in July,80,AST-20260819-084,art_182d39cfe90d6ae1,Multifamily starts tumbled in July,https://www.multifamilydive.com/news/multifamily-construction-starts-july-hud-census-bureau/828179/,"Tue, 18 Aug 2026 14:15:00 -0400","An article from Multifamily starts tumbled in July New apartment construction fell 7.1% YOY last month, while single-family construction dropped twice as much, per HUD and the U.S. Census Bureau. Published Aug. 18, 2026 Julie Strupp Senior Editor Share Copy link Email LinkedIn X/Twitter Facebook Print License Add us on Google Joe Raedle via Getty Images Listen to the article 4 min This audio is auto-generated. Please let us know if you have feedback . Multifamily starts fell in July on a monthly",valid,title/source/url metadata are internally consistent,Market Intelligence,,acceptable_repeat,,,,,2026-08-18,2026-08-19,1,fresh_0_3d,fresh,published date parsed; article age 1 day(s),78,open,General Project Signal - National - Multifamily starts tumbled in July,General Project Signal - National - Multifamily starts tumbled in July,U.S.,General submarket monitoring,U.S.,National,Unknown,Apartment,Apartment,Unknown,Unknown,Unknown,Unknown,Unknown,Unknown,No explicit timing reference,,,,General Project Signal,General Asset Signal,Unknown site control,Unknown,construction_delivery_watch,matched development / asset strategy execution,61,33,Relevant to underwriting benchmark,Monitor asset-level signal for repeated confirmation,Multifamily starts tumbled in July,Multifamily Dive,https://www.multifamilydive.com/news/multifamily-construction-starts-july-hud-census-bureau/828179/,Low
2026-08-19,20260819-232308-78777e3c,PRJ-20260819-0020,"ICON Real Estate Arranges $18M Sale of Apartment Building in Long Branch, New Jersey",100,AST-20260819-012,art_2f3f8083e7c77919,"ICON Real Estate Arranges $18M Sale of Apartment Building in Long Branch, New Jersey",https://rebusinessonline.com/icon-real-estate-arranges-18m-sale-of-apartment-building-in-long-branch-new-jersey/,2026-08-19T13:34:11Z,"The sale of The Pavilion, a 46-unit apartment building in Long Branch, New Jersey, also included an adjacent retail building at 231 Third Ave. that fetched a price of $1.3 million. Acquisitions Multifamily New Jersey Northeast ICON Real Estate Arranges $18M Sale of Apartment Building in Long Branch, New Jersey by Taylor Williams August 19, 2026 August 19, 2026 3 LONG BRANCH, N.J. — Local brokerage firm ICON Real Estate Advisors has arranged the $18 million sale of The Pavilion, a 46-unit apartme",valid,title/source/url metadata are internally consistent,Development Activity,GP / Capital Activity,new_or_fresh,True,unit/site count: 46-unit; address/street: 231 third ave,high,Project / Asset,2026-08-19,2026-08-19,0,fresh_0_3d,fresh,published date parsed; article age 0 day(s),100,open,"ICON Real Estate Arranges $18M Sale of Apartment Building in Long Branch, New Jersey","ICON Real Estate Arranges $18M Sale of Apartment Building in Long Branch, New Jersey",231 Third Ave,General submarket monitoring,Unknown,Other / Unknown,Other / Unknown,Apartment,Apartment,ICON Real Estate,ICON Real Estate,Unknown,Unknown,Unknown,Unknown,2026,,,,General Asset Signal,General Asset Signal,Existing asset sale,Unknown,excluded,transaction / capital guard: sale,61,25,Relevant to underwriting benchmark,Monitor asset-level signal for repeated confirmation,"ICON Real Estate Arranges $18M Sale of Apartment Building in Long Branch, New Jersey",REBusiness Online,https://rebusinessonline.com/icon-real-estate-arranges-18m-sale-of-apartment-building-in-long-branch-new-jersey/,Medium
2026-08-19,20260819-232308-78777e3c,PRJ-20260819-0092,Refinancing - Houston / Texas - Triten Snags Refi on 342-Unit Houston Rental Community,80,AST-20260819-056,art_86c926b51eb7cf2f,Triten Snags Refi on 342-Unit Houston Rental Community,https://www.connectcre.com/stories/triten-snags-refi-on-342-unit-houston-rental-community/,"Tue, 18 Aug 2026 15:57:42 +0000","Texas CRE News In Your Inbox. Sign up for Connect emails to stay informed with CRE stories that are 150 words or less. Texas + Houston-Galveston + Finance | August 18, 2026 By: Mike Boyd Triten Snags Refi on 342-Unit Houston Rental Community Triten Real Estate Partners obtained refinancing for The Mill Residences, a 342-unit mid-rise multifamily community located at 2315 Navigation Blvd. in the East End of Houston, Texas. Northmarq’s Warren Hitchcock and Taylor Phillips arranged the refinance lo",valid,title/source/url metadata are internally consistent,Development Activity,GP / Capital Activity,acceptable_repeat,,,,,2026-08-18,2026-08-19,1,fresh_0_3d,fresh,published date parsed; article age 1 day(s),78,open,Refinancing - Houston / Texas - Triten Snags Refi on 342-Unit Houston Rental Community,Refinancing - Houston / Texas - Triten Snags Refi on 342-Unit Houston Rental Community,Houston,General submarket monitoring,Houston,Houston / Texas,Unknown,Multifamily,Multifamily,Unknown,Unknown,northmarq,Unknown,Unknown,Unknown,No explicit timing reference,,,,Refinancing,Refinancing / Recapitalization,Existing asset refinance,Unknown,excluded,transaction / capital guard: refinancing,60,51,Relevant to acquisition / JV sourcing,"Review acquisition, financing, ownership, and comparable transaction details",Triten Snags Refi on 342-Unit Houston Rental Community,Connect CRE Texas,https://www.connectcre.com/stories/triten-snags-refi-on-342-unit-houston-rental-community/,Low
2026-08-19,20260819-232308-78777e3c,PRJ-20260819-0059,"Acquisition - Austin / Texas - Knightvest Capital Acquires 1,027-Unit Round Rock Apartment Portfolio",80,AST-20260819-069,art_48153dffc6f68f2f,"Knightvest Capital Acquires 1,027-Unit Round Rock Apartment Portfolio",https://www.connectcre.com/stories/knightvest-capital-acquires-1027-unit-round-rock-apartment-portfolio/,"Wed, 19 Aug 2026 15:52:04 +0000","Texas CRE News In Your Inbox. Sign up for Connect emails to stay informed with CRE stories that are 150 words or less. Texas + Austin + Apartments | August 19, 2026 By: Mike Boyd Knightvest Capital Acquires 1,027-Unit Round Rock Apartment Portfolio Knightvest Capital acquired the Silicon Hills portfolio, three communities totaling 1,027 units in Round Rock, Texas. Lynd Living was the seller of the three properties. The acquired portfolio includes Enclave at La Frontera, a 411-unit community buil",valid,title/source/url metadata are internally consistent,Development Activity,GP / Capital Activity,new_or_fresh,,,,,2026-08-19,2026-08-19,,fresh_0_3d,fresh,published date parsed; article age 0 day(s),100,open,"Acquisition - Austin / Texas - Knightvest Capital Acquires 1,027-Unit Round Rock Apartment Portfolio","Acquisition - Austin / Texas - Knightvest Capital Acquires 1,027-Unit Round Rock Apartment Portfolio",Austin,General submarket monitoring,Austin,Austin / Texas,Unknown,Apartment,Apartment,Unknown,Unknown,Unknown,Unknown,Unknown,Unknown,No explicit timing reference,"1,027 units",,,Acquisition,General Asset Signal,Existing asset sale,Unknown,excluded,transaction / capital guard: acquisition,60,27,Relevant to underwriting benchmark,Monitor asset-level signal for repeated confirmation,"Knightvest Capital Acquires 1,027-Unit Round Rock Apartment Portfolio",Connect CRE Apartments,https://www.connectcre.com/stories/knightvest-capital-acquires-1027-unit-round-rock-apartment-portfolio/,Medium
2026-08-19,20260819-232308-78777e3c,PRJ-20260819-0181,Acquisition - Texas - 384-Room San Antonio Airport Hotel Trades Hands,80,AST-20260819-068,art_d125483d7b38971a,384-Room San Antonio Airport Hotel Trades Hands,https://www.connectcre.com/stories/384-room-san-antonio-airport-hotel-trades-hands/,"Mon, 17 Aug 2026 18:18:03 +0000","Texas CRE News In Your Inbox. Sign up for Connect emails to stay informed with CRE stories that are 150 words or less. Texas + San Antonio + Hospitality | August 17, 2026 By: Mike Boyd 384-Room San Antonio Airport Hotel Trades Hands Hospitality and multifamily investor LXMI Capital acquired the DoubleTree by Hilton San Antonio Airport. The company scored a $36.4 million acquisition loan from Fortress Investment Group. The property at 611 NW Loop 410 had been owned by Presidian Hospitality. Situa",valid,title/source/url metadata are internally consistent,GP / Capital Activity,,acceptable_repeat,,,,,2026-08-17,2026-08-19,2,fresh_0_3d,fresh,published date parsed; article age 2 day(s),74,open,Acquisition - Texas - 384-Room San Antonio Airport Hotel Trades Hands,Acquisition - Texas - 384-Room San Antonio Airport Hotel Trades Hands,Texas,General submarket monitoring,Texas,Texas,Texas,Multifamily,Multifamily,Unknown,Unknown,Unknown,Unknown,Unknown,Unknown,No explicit timing reference,,$36.4 million; $36.4 million,,Acquisition,General Asset Signal,Existing asset sale,Unknown,excluded,transaction / capital guard: acquisition,60,27,Relevant to underwriting benchmark,Monitor asset-level signal for repeated confirmation,384-Room San Antonio Airport Hotel Trades Hands,Connect CRE Texas,https://www.connectcre.com/stories/384-room-san-antonio-airport-hotel-trades-hands/,Low
2026-08-19,20260819-232308-78777e3c,PRJ-20260819-0019,ESC Pacific Buys Historic Joseph W. Podmore Building in Honolulu for U.S. Headquarters,100,AST-20260819-026,art_d52287ed5db35cef,ESC Pacific Buys Historic Joseph W. Podmore Building in Honolulu for U.S. Headquarters,https://rebusinessonline.com/esc-pacific-buys-historic-joseph-w-podmore-building-in-honolulu-for-u-s-headquarters/,2026-08-19T14:05:59Z,"ESC Pacific will use the second floor of the Joseph W. Podmore Building at 202 Merchant St. in Honolulu as its U.S. headquarters. Acquisitions Hawaii Office Restaurant Retail Western ESC Pacific Buys Historic Joseph W. Podmore Building in Honolulu for U.S. Headquarters by Amy Works August 19, 2026 August 19, 2026 6 HONOLULU — ESC Pacific, an international architecture, engineering and environmental consulting firm with operations in Japan, Guam and the United States, has purchased the historic J",valid,title/source/url metadata are internally consistent,Development Activity,GP / Capital Activity,new_or_fresh,True,address/street: 202 merchant st,medium,Project / Asset,2026-08-19,2026-08-19,0,fresh_0_3d,fresh,published date parsed; article age 0 day(s),100,open,ESC Pacific Buys Historic Joseph W. Podmore Building in Honolulu for U.S. Headquarters,ESC Pacific Buys Historic Joseph W. Podmore Building in Honolulu for U.S. Headquarters,202 Merchant St,General submarket monitoring,Unknown,National,National,Mixed-Use Residential,Mixed-Use Residential,CBRE,CBRE,Unknown,Unknown,Unknown,Unknown,2026,,,,General Asset Signal,General Asset Signal,Site acquired,Unknown,excluded,transaction / capital guard: acquisition,60,18,Relevant to underwriting benchmark,Monitor asset-level signal for repeated confirmation,ESC Pacific Buys Historic Joseph W. Podmore Building in Honolulu for U.S. Headquarters,REBusiness Online,https://rebusinessonline.com/esc-pacific-buys-historic-joseph-w-podmore-building-in-honolulu-for-u-s-headquarters/,Medium
2026-08-19,20260819-232308-78777e3c,PRJ-20260819-0021,Triten Snags Refi on 342-Unit Houston Rental Community,80,AST-20260819-015,art_86c926b51eb7cf2f,Triten Snags Refi on 342-Unit Houston Rental Community,https://www.connectcre.com/stories/triten-snags-refi-on-342-unit-houston-rental-community/,"Tue, 18 Aug 2026 15:57:42 +0000","Texas CRE News In Your Inbox. Sign up for Connect emails to stay informed with CRE stories that are 150 words or less. Texas + Houston-Galveston + Finance | August 18, 2026 By: Mike Boyd Triten Snags Refi on 342-Unit Houston Rental Community Triten Real Estate Partners obtained refinancing for The Mill Residences, a 342-unit mid-rise multifamily community located at 2315 Navigation Blvd. in the East End of Houston, Texas. Northmarq’s Warren Hitchcock and Taylor Phillips arranged the refinance lo",valid,title/source/url metadata are internally consistent,Development Activity,GP / Capital Activity,acceptable_repeat,True,unit/site count: 342-unit; address/street: 2315 navigation blvd; project/asset term: community,high,Project Financing / Capital Event,2026-08-18,2026-08-19,1,fresh_0_3d,fresh,published date parsed; article age 1 day(s),78,open,Triten Snags Refi on 342-Unit Houston Rental Community,Triten Snags Refi on 342-Unit Houston Rental Community,2315 Navigation Blvd,General submarket monitoring,Houston,Houston / Texas,Houston / Texas,Multifamily,Multifamily,Unknown,Unknown,Unknown,Unknown,Unknown,Unknown,2026,,,,Refinancing / Recapitalization,Refinancing / Recapitalization,Existing asset refinance,Unknown,excluded,transaction / capital guard: refinance,59,31,Relevant to acquisition / JV sourcing,"Review acquisition, financing, ownership, and comparable transaction details",Triten Snags Refi on 342-Unit Houston Rental Community,Connect CRE Texas,https://www.connectcre.com/stories/triten-snags-refi-on-342-unit-houston-rental-community/,Medium
2026-08-19,20260819-232308-78777e3c,PRJ-20260819-0163,BTR / Build-to-Rent - Phoenix / Arizona - Porter Kyle Adds New 100-Unit BTR Community to East Valley Portfolio,80,AST-20260819-077,art_17983d8a26d87a1b,Porter Kyle Adds New 100-Unit BTR Community to East Valley Portfolio,https://www.connectcre.com/stories/porter-kyle-adds-new-100-unit-btr-community-to-east-valley-portfolio/,"Thu, 13 Aug 2026 15:18:33 +0000","Phoenix & Southwest CRE News In Your Inbox. Sign up for Connect emails to stay informed with CRE stories that are 150 words or less. Phoenix & Southwest + Phoenix + Apartments | August 13, 2026 By: Mike Boyd Porter Kyle Adds New 100-Unit BTR Community to East Valley Portfolio Porter Kyle, a Scottsdale-based Build-to-Rent (BTR) developer and general contractor, opened the doors to The Wayne, a 100-unit BTR townhome community in Chandler, Ariz. Residents are moving in, and the clubhouse and first ",valid,title/source/url metadata are internally consistent,Development Activity,,repeat_penalized,,,,,2026-08-13,2026-08-19,6,fresh_0_3d,fresh,published date parsed; article age 6 day(s),58,open,BTR / Build-to-Rent - Phoenix / Arizona - Porter Kyle Adds New 100-Unit BTR Community to East Valley Portfolio,BTR / Build-to-Rent - Phoenix / Arizona - Porter Kyle Adds New 100-Unit BTR Community to East Valley Portfolio,Phoenix,General submarket monitoring,Phoenix,Phoenix / Arizona,Unknown,BTR / Single-Family Rental,BTR / Single-Family Rental,Unknown,Unknown,Unknown,Unknown,Unknown,Completed / opened,opened,,,,BTR / Build-to-Rent,Lease-Up / Delivery,Unknown site control,Delivered / Lease-Up,construction_delivery_watch,matched development / asset strategy execution,58,23,Relevant to underwriting benchmark,Monitor asset-level signal for repeated confirmation,Porter Kyle Adds New 100-Unit BTR Community to East Valley Portfolio,Connect CRE Phoenix,https://www.connectcre.com/stories/porter-kyle-adds-new-100-unit-btr-community-to-east-valley-portfolio/,Low
2026-08-19,20260819-232308-78777e3c,PRJ-20260819-0018,Landmark Properties Acquires 642-Bed Student Housing Community Near University of Mississippi,80,AST-20260819-025,art_038d1adb700790e9,Landmark Properties Acquires 642-Bed Student Housing Community Near University of Mississippi,https://rebusinessonline.com/landmark-properties-acquires-642-bed-student-housing-community-near-university-of-mississippi/,2026-08-19T13:41:25Z,"The Domain at Oxford offers shared amenities including a resort-style pool. Acquisitions Mississippi Southeast Student Housing Landmark Properties Acquires 642-Bed Student Housing Community Near University of Mississippi by John Nelson August 19, 2026 August 19, 2026 2 OXFORD, MISS. — Landmark Properties has acquired The Domain at Oxford, a 642-bed student housing community located at 2002 Oxford Way near the University of Mississippi campus in Oxford. The property was acquired in partnership wi",valid,title/source/url metadata are internally consistent,Development Activity,GP / Capital Activity,new_or_fresh,True,unit/site count: 642-bed; address/street: 2002 oxford way; project/asset term: community,high,Project / Asset,2026-08-19,2026-08-19,0,fresh_0_3d,fresh,published date parsed; article age 0 day(s),100,open,Landmark Properties Acquires 642-Bed Student Housing Community Near University of Mississippi,Landmark Properties Acquires 642-Bed Student Housing Community Near University of Mississippi,2002 Oxford Way,University-adjacent,Unknown,Los Angeles,Southeast,Student Housing,Student Housing,Unknown,Unknown,Unknown,Unknown,Unknown,Unknown,2026,,,,General Asset Signal,General Asset Signal,Site acquired,Site Search / Early Signal,excluded,transaction / capital guard: acquired,57,18,Relevant to underwriting benchmark,Monitor asset-level signal for repeated confirmation,Landmark Properties Acquires 642-Bed Student Housing Community Near University of Mississippi,REBusiness Online,https://rebusinessonline.com/landmark-properties-acquires-642-bed-student-housing-community-near-university-of-mississippi/,Medium
2026-08-19,20260819-232308-78777e3c,PRJ-20260819-0179,JV / Partnership - Southeast - Landmark Properties Acquires 642-Bed Student Housing Community Near University of Mississi...,80,AST-20260819-081,art_038d1adb700790e9,Landmark Properties Acquires 642-Bed Student Housing Community Near University of Mississippi,https://rebusinessonline.com/landmark-properties-acquires-642-bed-student-housing-community-near-university-of-mississippi/,2026-08-19T13:41:25Z,"The Domain at Oxford offers shared amenities including a resort-style pool. Acquisitions Mississippi Southeast Student Housing Landmark Properties Acquires 642-Bed Student Housing Community Near University of Mississippi by John Nelson August 19, 2026 August 19, 2026 2 OXFORD, MISS. — Landmark Properties has acquired The Domain at Oxford, a 642-bed student housing community located at 2002 Oxford Way near the University of Mississippi campus in Oxford. The property was acquired in partnership wi",valid,title/source/url metadata are internally consistent,Development Activity,GP / Capital Activity,new_or_fresh,,,,,2026-08-19,2026-08-19,,fresh_0_3d,fresh,published date parsed; article age 0 day(s),100,open,JV / Partnership - Southeast - Landmark Properties Acquires 642-Bed Student Housing Community Near University of Mississi...,JV / Partnership - Southeast - Landmark Properties Acquires 642-Bed Student Housing Community Near University of Mississi...,Southeast,University-adjacent,Southeast,Los Angeles,Southeast,Student Housing,Student Housing,Unknown,Unknown,Unknown,Unknown,Unknown,Unknown,No explicit timing reference,,,,JV / Partnership,General Asset Signal,Land / parcel referenced,Site Search / Early Signal,excluded,no clear development milestone,56,18,Relevant to underwriting benchmark,Monitor asset-level signal for repeated confirmation,Landmark Properties Acquires 642-Bed Student Housing Community Near University of Mississippi,REBusiness Online,https://rebusinessonline.com/landmark-properties-acquires-642-bed-student-housing-community-near-university-of-mississippi/,Low
2026-08-19,20260819-232308-78777e3c,PRJ-20260819-0154,Office-to-Residential Conversion - Other / Unknown - RMK Management Corp. Named Leasing and Property Manager of The Bellwether New Office-To-Re...,80,AST-20260819-089,art_1772f73b4ac26fac,RMK Management Corp. Named Leasing and Property Manager of The Bellwether New Office-To-Residential Conversion in Chicago’s Loop,https://yieldpro.com/2026/08/the-bellwether-2/,"Wed, 19 Aug 2026 18:18:52 +0000","Deal boom News Facebook Twitter Linkedin RMK Management Corp. , one of the Midwest’s largest market-rate apartment management firms, has been hired to oversee leasing and property management for The Bellwether , a 14-story, 117-unit rental community in Chicago’s Loop neighborhood that is the office-to-residential conversion of former office building 79 W. Monroe. The community is already 57% leased and first move-ins are expected to begin in late August/early September. Originally built in 1905,",valid,title/source/url metadata are internally consistent,Development Activity,GP / Capital Activity,new_or_fresh,,,,,2026-08-19,2026-08-19,,fresh_0_3d,fresh,published date parsed; article age 0 day(s),100,open,Office-to-Residential Conversion - Other / Unknown - RMK Management Corp. Named Leasing and Property Manager of The Bellwether New Office-To-Re...,Office-to-Residential Conversion - Other / Unknown - RMK Management Corp. Named Leasing and Property Manager of The Bellwether New Office-To-Re...,Unknown,Office conversion corridor,Unknown,Other / Unknown,Unknown,Office-to-Residential Conversion,Office-to-Residential,Unknown,Unknown,Unknown,Unknown,Unknown,Unknown,No explicit timing reference,,,,Office-to-Residential Conversion,Office-to-Residential Conversion,Unknown site control,Unknown,construction_delivery_watch,matched development / asset strategy execution,55,40,Relevant to underwriting benchmark,Monitor office conversion feasibility and policy support,RMK Management Corp. Named Leasing and Property Manager of The Bellwether New Office-To-Residential Conversion in Chicago’s Loop,Yield PRO,https://yieldpro.com/2026/08/the-bellwether-2/,Low
2026-08-19,20260819-232308-78777e3c,PRJ-20260819-0086,General Project Signal - Florida - McDowell Housing Partners Closes Financing and Starts Construction on Ekos at Bayonet Poin...,80,AST-20260819-022,art_0488410825493ae7,Aventon Moving Ahead on 384-Unit Wesley Chapel Rental Community,https://www.connectcre.com/stories/aventon-moving-ahead-on-384-unit-wesley-chapel-rental-community/,"Wed, 19 Aug 2026 13:42:00 +0000","Florida & Gulf Coast CRE News In Your Inbox. Sign up for Connect emails to stay informed with CRE stories that are 150 words or less. Florida & Gulf Coast + Gulf Coast + Apartments | August 19, 2026 By: Mike Boyd Aventon Moving Ahead on 384-Unit Wesley Chapel Rental Community Aventon paid $16.25 million for nearly 20 acres in Wesley Chapel with plans to build a 384-unit apartment community. Clearwater Bay Associates was the seller of the parcel at State Road 56 and Meadow Pointe Boulevard. Steve",valid,title/source/url metadata are internally consistent,Development Activity,Market Intelligence,new_or_fresh,True,unit/site count: 384-unit; address/street: 56 and meadow pointe boulevard; execution milestone: to build; site/parcel signal: parcel; project/asset term: community,high,Project / Asset,2026-08-19,2026-08-19,0,fresh_0_3d,fresh,published date parsed; article age 0 day(s),100,open,Aventon Moving Ahead on 384-Unit Wesley Chapel Rental Community,Aventon Moving Ahead on 384-Unit Wesley Chapel Rental Community,Florida,General submarket monitoring,Unknown,Los Angeles,Florida,Apartment,Apartment,,,Unknown,Unknown,Unknown,Unknown,2026,,,20 acres,Acquisition / Site Control,Acquisition / Site Control,Site acquired,Site Controlled,site_parcel_activity,site/parcel signal with project anchor: parcel,55,12,Relevant to acquisition / JV sourcing,"Review acquisition, financing, ownership, and comparable transaction details",Aventon Moving Ahead on 384-Unit Wesley Chapel Rental Community,Connect CRE Apartments,https://www.connectcre.com/stories/aventon-moving-ahead-on-384-unit-wesley-chapel-rental-community/,Medium
2026-08-19,20260819-232308-78777e3c,PRJ-20260819-0163,BTR / Build-to-Rent - Phoenix / Arizona - Porter Kyle Adds New 100-Unit BTR Community to East Valley Portfolio,80,AST-20260819-054,art_71b3f3083092e5f1,Albany Road Snags Loan for Scottsdale MOB Acquisition,https://www.connectcre.com/stories/albany-road-snags-loan-for-scottsdale-mob-acquisition/,"Tue, 18 Aug 2026 18:10:50 +0000","Phoenix & Southwest CRE News In Your Inbox. Sign up for Connect emails to stay informed with CRE stories that are 150 words or less. Phoenix & Southwest + Phoenix + Office | August 18, 2026 By: Mike Boyd Albany Road Snags Loan for Scottsdale MOB Acquisition Cushman & Wakefield has arranged $19.9 million in acquisition financing for Edwards Professional Park I & II in Scottsdale. Tyler Morss of Cushman & Wakefield’s Healthcare Capital Markets team arranged the debt through an undisclosed regional",valid,title/source/url metadata are internally consistent,GP / Capital Activity,,acceptable_repeat,,,,,2026-08-18,2026-08-19,1,fresh_0_3d,fresh,published date parsed; article age 1 day(s),78,open,Acquisition - Phoenix / Arizona - Albany Road Snags Loan for Scottsdale MOB Acquisition,Acquisition - Phoenix / Arizona - Albany Road Snags Loan for Scottsdale MOB Acquisition,Phoenix,General submarket monitoring,Phoenix,Phoenix / Arizona,Unknown,General Residential,Unknown Residential,Unknown,Unknown,cushman,Unknown,Unknown,Unknown,No explicit timing reference,,$19.9 million; $19.9 million,,Acquisition,General Asset Signal,Existing asset sale,Unknown,excluded,transaction / capital guard: acquisition,54,27,Relevant to underwriting benchmark,Monitor asset-level signal for repeated confirmation,Albany Road Snags Loan for Scottsdale MOB Acquisition,Connect CRE Phoenix,https://www.connectcre.com/stories/albany-road-snags-loan-for-scottsdale-mob-acquisition/,Low
2026-08-19,20260819-232308-78777e3c,PRJ-20260819-0172,Disposition / Exit - Seattle - Simon | Anderson Multifamily Team Arranges Sale of SEDU Apartment Building in Seattle’s Ca...,80,AST-20260819-078,art_3ba4132570d82f94,Simon | Anderson Multifamily Team Arranges Sale of SEDU Apartment Building in Seattle’s Capitol Hill Neighborhood,https://yieldpro.com/2026/08/vitality-on-howell/,"Wed, 19 Aug 2026 22:56:05 +0000","Deal boom News Pacific region Facebook Twitter Linkedin Vitality on Howell , a five-story modern apartment building located at 1420 E. Howell Street in Seattle’s Capitol Hill neighborhood, has sold. Jerrid Anderson, Jack Shephard, Matt Laird, and Matt Johnston of Kidder Mathews’ Simon | Anderson Multifamily Team represented the seller, a private investor and developer. Constructed in 2016, Vitality on Howell consists of 57 Small Efficiency Dwelling Units (SEDU), averaging 297 square feet. Proper",suspicious_mismatch,title/source/url metadata are internally consistent; title and original_url slug appear to reference different articles,Development Activity,GP / Capital Activity,new_or_fresh,,,,,2026-08-19,2026-08-19,,fresh_0_3d,fresh,published date parsed; article age 0 day(s),100,open,Disposition / Exit - Seattle - Simon | Anderson Multifamily Team Arranges Sale of SEDU Apartment Building in Seattle’s Ca...,Disposition / Exit - Seattle - Simon | Anderson Multifamily Team Arranges Sale of SEDU Apartment Building in Seattle’s Ca...,Seattle,General submarket monitoring,Seattle,Seattle,Seattle,Apartment,Apartment,Unknown,Unknown,Unknown,Unknown,Unknown,Unknown,No explicit timing reference,,,,Disposition / Exit,General Asset Signal,Existing asset sale,Unknown,excluded,transaction / capital guard: disposition,48,31,Relevant to underwriting benchmark,Monitor asset-level signal for repeated confirmation,Simon | Anderson Multifamily Team Arranges Sale of SEDU Apartment Building in Seattle’s Capitol Hill Neighborhood,Yield PRO,https://yieldpro.com/2026/08/vitality-on-howell/,Low
2026-08-19,20260819-232308-78777e3c,PRJ-20260819-0109,Potrero Hill Apartments Fetch One of San Francisco’s Highest Per-Unit Prices,100,AST-20260819-094,,Potrero Hill Apartments Fetch One of San Francisco’s Highest Per-Unit Prices,https://www.connectcre.com/stories/potrero-hill-apartments-fetch-one-of-san-franciscos-highest-per-unit-prices/,,,,,,,,,,,,,,,unknown_date,unknown_date_review,derived row did not carry source published date,,,Potrero Hill Apartments Fetch One of San Francisco’s Highest Per-Unit Prices,Potrero Hill Apartments Fetch One of San Francisco’s Highest Per-Unit Prices,Los Angeles,General submarket monitoring,Los Angeles,San Francisco / California,San Francisco / California,Apartment,Apartment,Wood Partners,Wood Partners,Unknown,Unknown,Unknown,Unknown,2026,,,,General Asset Signal,General Asset Signal,Unknown site control,Unknown,excluded,no clear development milestone,43,0,General monitoring,Monitor asset-level signal for repeated confirmation,Potrero Hill Apartments Fetch One of San Francisco’s Highest Per-Unit Prices,Connect CRE Apartments,https://www.connectcre.com/stories/potrero-hill-apartments-fetch-one-of-san-franciscos-highest-per-unit-prices/,Low
2026-08-19,20260819-232308-78777e3c,PRJ-20260819-0061,Acquisition - California - Bascom Acquires Buena Park Apartments as Value-Add Deal,100,AST-20260819-033,art_af936828d39943e9,Bascom Acquires Buena Park Apartments as Value-Add Deal,https://www.connectcre.com/stories/bascom-acquires-buena-park-apartments-as-value-add-deal/,"Wed, 15 Jul 2026 20:53:23 +0000","California CRE News In Your Inbox. Sign up for Connect emails to stay informed with CRE stories that are 150 words or less. California + Orange County + Apartments | July 15, 2026 By: Paul Bubny Bascom Acquires Buena Park Apartments as Value-Add Deal The Bascom Group acquired Castlewood Park Apartments, a low-density, 183-unit value-add apartment community in Buena Park. The purchase price was $53,125,000, or $290,301 per unit. Brian Eisendrath, Cameron Chalfant, Jesse Zarouk, and Jake Vitta of ",valid,title/source/url metadata are internally consistent,Development Activity,GP / Capital Activity,repeat_penalized,,,,,2026-07-15,2026-08-19,35,old_31d_plus,old,published date parsed; article age 35 day(s),5,open,Acquisition - California - Bascom Acquires Buena Park Apartments as Value-Add Deal,Acquisition - California - Bascom Acquires Buena Park Apartments as Value-Add Deal,California,General submarket monitoring,California,Los Angeles,California,Apartment,Apartment,Bascom Group,Bascom Group,Unknown,Unknown,Unknown,Unknown,No explicit timing reference,,$53; $290; $53,,Acquisition,General Asset Signal,Existing asset sale,Unknown,excluded,transaction / capital guard: acquisition,42,0,General monitoring,Monitor asset-level signal for repeated confirmation,Bascom Acquires Buena Park Apartments as Value-Add Deal,Connect CRE Orange County,https://www.connectcre.com/stories/bascom-acquires-buena-park-apartments-as-value-add-deal/,Low
2026-08-19,20260819-232308-78777e3c,PRJ-20260819-0067,Disposition / Exit - California - Costa Mesa Multifamily Changes Hands for Value-Add Repositioning,100,AST-20260819-038,art_6595ac6c3493f1ac,Costa Mesa Multifamily Changes Hands for Value-Add Repositioning,https://www.connectcre.com/stories/costa-mesa-multifamily-changes-hands-for-value-add-repositioning/,"Wed, 29 Jul 2026 21:36:05 +0000","California CRE News In Your Inbox. Sign up for Connect emails to stay informed with CRE stories that are 150 words or less. California + Orange County + Apartments | July 29, 2026 By: Paul Bubny Costa Mesa Multifamily Changes Hands for Value-Add Repositioning Marcus & Millichap finalized the sale of 1990 Maple Ave., a 41-unit multifamily property in Costa Mesa. The property sold for $16.9 million or $412,195 per unit, approximately $550,000 above the property’s 2018 selling price. “Sundance West",valid,title/source/url metadata are internally consistent,Development Activity,GP / Capital Activity,repeat_penalized,,,,,2026-07-29,2026-08-19,21,old_31d_plus,old,published date parsed; article age 21 day(s),5,open,Disposition / Exit - California - Costa Mesa Multifamily Changes Hands for Value-Add Repositioning,Disposition / Exit - California - Costa Mesa Multifamily Changes Hands for Value-Add Repositioning,California,General submarket monitoring,California,Los Angeles,California,Apartment,Apartment,Marcus & Millichap,Marcus & Millichap,Unknown,Unknown,Unknown,Unknown,No explicit timing reference,,$16.9 million; $412; $550,,Disposition / Exit,General Asset Signal,Existing asset sale,Unknown,excluded,transaction / capital guard: disposition,39,0,General monitoring,Monitor asset-level signal for repeated confirmation,Costa Mesa Multifamily Changes Hands for Value-Add Repositioning,Connect CRE Orange County,https://www.connectcre.com/stories/costa-mesa-multifamily-changes-hands-for-value-add-repositioning/,Low
2026-08-19,20260819-232308-78777e3c,PRJ-20260819-0112,General Project Signal - Los Angeles / California - State awards $6.5 million for affordable housing at 2518 Cesar E. Chavez Ave. in Boyle Hei...,80,AST-20260819-095,,RMK Management Corp. Named Leasing and Property Manager of The Bellwether New Office-To-Residential Conversion in Chicago’s Loop,https://yieldpro.com/2026/08/the-bellwether-2/,,,,,,,,,,,,,,,unknown_date,unknown_date_review,derived row did not carry source published date,,,RMK Management Corp. Named Leasing and Property Manager of The Bellwether New Office-To-Residential Conversion in Chicago’s Loop,RMK Management Corp. Named Leasing and Property Manager of The Bellwether New Office-To-Residential Conversion in Chicago’s Loop,Los Angeles,Office conversion corridor,Los Angeles,Other / Unknown,Other / Unknown,Office-to-Residential Conversion,Office-to-Residential Conversion,Unknown,Unknown,Unknown,Unknown,Unknown,Unknown,No explicit timing reference,,,,Office-to-Residential Conversion,Office-to-Residential Conversion,Unknown site control,Unknown,construction_delivery_watch,matched development / asset strategy execution,28,17,Low relevance,Monitor office conversion feasibility and policy support,RMK Management Corp. Named Leasing and Property Manager of The Bellwether New Office-To-Residential Conversion in Chicago’s Loop,Yield PRO,https://yieldpro.com/2026/08/the-bellwether-2/,Low
2026-08-19,20260819-232308-78777e3c,PRJ-20260819-0055,Construction Financing - Atlanta / Georgia - Developer Duo Obtains Construction Financing for $147M Atlanta Student Housing Project,80,AST-20260819-052,art_aaefd3e9d52ce516,Atlanta Beltline Advancing 218-Unit Affordable Apartment Project,https://www.connectcre.com/stories/atlanta-beltline-advancing-218-unit-affordable-apartment-project/,"Mon, 03 Aug 2026 14:18:11 +0000","Atlanta & Southeast News In Your Inbox Sign up for Connect emails to stay informed with CRE stories that are 150 words or less. Atlanta & Southeast + Atlanta + Apartments | August 3, 2026 By: Mike Boyd Atlanta Beltline Advancing 218-Unit Affordable Apartment Project Atlanta Beltline Inc. (ABI) is pursuing the construction of a mid-rise multifamily development at 350 Chappell Road. The Atlanta Business Chronicle reports the $62 million project includes 218 apartments, all of which will be rented ",valid,title/source/url metadata are internally consistent,Development Activity,Market Intelligence,repeat_penalized,,,,,2026-08-03,2026-08-19,16,old_31d_plus,old,published date parsed; article age 16 day(s),5,open,General Project Signal - Atlanta / Georgia - Atlanta Beltline Advancing 218-Unit Affordable Apartment Project,General Project Signal - Atlanta / Georgia - Atlanta Beltline Advancing 218-Unit Affordable Apartment Project,Atlanta,General submarket monitoring,Atlanta,Los Angeles,Unknown,Apartment,Apartment,Unknown,Unknown,Unknown,Unknown,Unknown,Unknown,No explicit timing reference,218 apartments,$62 million; $62 million,,General Project Signal,Affordable / Density Bonus Strategy,Unknown site control,Unknown,construction_delivery_watch,matched development / asset strategy execution,26,0,Relevant to entitlement monitoring,"Track entitlement, permit, density bonus, and construction-readiness milestones",Atlanta Beltline Advancing 218-Unit Affordable Apartment Project,Connect CRE Atlanta,https://www.connectcre.com/stories/atlanta-beltline-advancing-218-unit-affordable-apartment-project/,Low
2026-08-19,20260819-232308-78777e3c,PRJ-20260819-0055,Construction Financing - Atlanta / Georgia - Developer Duo Obtains Construction Financing for $147M Atlanta Student Housing Project,80,AST-20260819-059,art_80e70f543c21d732,Mesirow Pays $132M for Midtown Atlanta Apartment Community,https://www.connectcre.com/stories/mesirow-pays-132m-for-midtown-atlanta-apartment-community/,"Mon, 27 Jul 2026 14:35:54 +0000","Atlanta & Southeast News In Your Inbox Sign up for Connect emails to stay informed with CRE stories that are 150 words or less. Atlanta & Southeast + Atlanta + Apartments | July 27, 2026 By: Mike Boyd Mesirow Pays $132M for Midtown Atlanta Apartment Community A real estate fund run by Mesirow acquired the Sixty 11 th Apartments for $132 million. The Atlanta Business Chronicle reports the seller was 60 11th Street LLC. It purchased the 1.25-acre site in care of Daniel Realty Co. LLC, an affiliate",valid,title/source/url metadata are internally consistent,Development Activity,GP / Capital Activity,repeat_penalized,,,,,2026-07-27,2026-08-19,23,old_31d_plus,old,published date parsed; article age 23 day(s),5,open,JV / Partnership - Atlanta / Georgia - Mesirow Pays $132M for Midtown Atlanta Apartment Community,JV / Partnership - Atlanta / Georgia - Mesirow Pays $132M for Midtown Atlanta Apartment Community,Atlanta,General submarket monitoring,Atlanta,Los Angeles,Unknown,Apartment,Apartment,Unknown,Unknown,Unknown,Unknown,Unknown,Unknown,No explicit timing reference,,$132M; $132M; $132 million,,JV / Partnership,General Asset Signal,Unknown site control,Unknown,excluded,no clear development milestone,22,0,Low relevance,Monitor asset-level signal for repeated confirmation,Mesirow Pays $132M for Midtown Atlanta Apartment Community,Connect CRE Atlanta,https://www.connectcre.com/stories/mesirow-pays-132m-for-midtown-atlanta-apartment-community/,Low
2026-08-19,20260819-232308-78777e3c,PRJ-20260819-0055,Construction Financing - Atlanta / Georgia - Developer Duo Obtains Construction Financing for $147M Atlanta Student Housing Project,80,AST-20260819-050,art_0b65ea27742b0ffc,Developer Duo Obtains Construction Financing for $147M Atlanta Student Housing Project,https://www.connectcre.com/stories/developer-duo-obtain-construction-financing-for-147m-spelman-morehouse-student-housing/,"Fri, 24 Jul 2026 14:29:38 +0000","Atlanta & Southeast News In Your Inbox Sign up for Connect emails to stay informed with CRE stories that are 150 words or less. Atlanta & Southeast + Atlanta + Student Housing | July 24, 2026 By: Mike Boyd Developer Duo Obtains Construction Financing for $147M Atlanta Student Housing Project Radnor Property Group and the Madrone Community Development Foundation have closed on financing needed for a $147 million, 305-unit, 793-bed student housing development in Atlanta. Multihousing News reports ",valid,title/source/url metadata are internally consistent,Development Activity,GP / Capital Activity,repeat_penalized,,,,,2026-07-24,2026-08-19,26,old_31d_plus,old,published date parsed; article age 26 day(s),5,open,Construction Financing - Atlanta / Georgia - Developer Duo Obtains Construction Financing for $147M Atlanta Student Housing Project,Construction Financing - Atlanta / Georgia - Developer Duo Obtains Construction Financing for $147M Atlanta Student Housing Project,Atlanta,University-adjacent,Atlanta,Los Angeles,Unknown,Student Housing,Student Housing,Unknown,Unknown,Unknown,Unknown,Unknown,Unknown,No explicit timing reference,,$147M; $147M; $147 million,,Construction Financing,General Asset Signal,Unknown site control,Unknown,excluded,transaction / capital guard: financing,20,0,Low relevance,Monitor asset-level signal for repeated confirmation,Developer Duo Obtains Construction Financing for $147M Atlanta Student Housing Project,Connect CRE Atlanta,https://www.connectcre.com/stories/developer-duo-obtain-construction-financing-for-147m-spelman-morehouse-student-housing/,Low
2026-08-19,20260819-232308-78777e3c,PRJ-20260819-0112,General Project Signal - Los Angeles / California - State awards $6.5 million for affordable housing at 2518 Cesar E. Chavez Ave. in Boyle Hei...,80,AST-20260819-093,,"Proposal For Housing at 349 1st Street, Los Altos",https://sfyimby.com/2026/08/proposal-for-housing-at-349-1st-street-los-altos.html,,,,,,,,,,,,,,,unknown_date,unknown_date_review,derived row did not carry source published date,,,"Proposal For Housing at 349 1st Street, Los Altos","Proposal For Housing at 349 1st Street, Los Altos",Los Angeles,General submarket monitoring,Los Angeles,Other / Unknown,Other / Unknown,Apartment,Apartment,,,Unknown,Unknown,Unknown,Unknown,2026,,,,General Asset Signal,General Asset Signal,Unknown site control,Unknown,excluded,no clear development milestone,19,0,Low relevance,Monitor asset-level signal for repeated confirmation,"Proposal For Housing at 349 1st Street, Los Altos",SF YIMBY,https://sfyimby.com/2026/08/proposal-for-housing-at-349-1st-street-los-altos.html,Low
2026-08-19,20260819-232308-78777e3c,PRJ-20260819-0035,Atlanta Beltline Advancing 218-Unit Affordable Apartment Project,80,AST-20260819-013,art_aaefd3e9d52ce516,Atlanta Beltline Advancing 218-Unit Affordable Apartment Project,https://www.connectcre.com/stories/atlanta-beltline-advancing-218-unit-affordable-apartment-project/,"Mon, 03 Aug 2026 14:18:11 +0000","Atlanta & Southeast News In Your Inbox Sign up for Connect emails to stay informed with CRE stories that are 150 words or less. Atlanta & Southeast + Atlanta + Apartments | August 3, 2026 By: Mike Boyd Atlanta Beltline Advancing 218-Unit Affordable Apartment Project Atlanta Beltline Inc. (ABI) is pursuing the construction of a mid-rise multifamily development at 350 Chappell Road. The Atlanta Business Chronicle reports the $62 million project includes 218 apartments, all of which will be rented ",valid,title/source/url metadata are internally consistent,Development Activity,Market Intelligence,repeat_penalized,True,unit/site count: 218-unit; address/street: 350 chappell road; project/asset term: project,high,Project / Asset,2026-08-03,2026-08-19,16,old_31d_plus,old,published date parsed; article age 16 day(s),5,open,Atlanta Beltline Advancing 218-Unit Affordable Apartment Project,Atlanta Beltline Advancing 218-Unit Affordable Apartment Project,350 Chappell Road,General submarket monitoring,Atlanta,Los Angeles,Atlanta / Georgia,Apartment,Apartment,,,Unknown,Unknown,Unknown,Unknown,2026,,,,Affordable / Density Bonus Strategy,Affordable / Density Bonus Strategy,Unknown site control,Unknown,construction_delivery_watch,matched development / asset strategy execution,17,0,Relevant to entitlement monitoring,"Track entitlement, permit, density bonus, and construction-readiness milestones",Atlanta Beltline Advancing 218-Unit Affordable Apartment Project,Connect CRE Atlanta,https://www.connectcre.com/stories/atlanta-beltline-advancing-218-unit-affordable-apartment-project/,Low
2026-08-19,20260819-232308-78777e3c,PRJ-20260819-0015,Costa Mesa Multifamily Changes Hands for Value-Add Repositioning,80,AST-20260819-018,art_6595ac6c3493f1ac,Costa Mesa Multifamily Changes Hands for Value-Add Repositioning,https://www.connectcre.com/stories/costa-mesa-multifamily-changes-hands-for-value-add-repositioning/,"Wed, 29 Jul 2026 21:36:05 +0000","California CRE News In Your Inbox. Sign up for Connect emails to stay informed with CRE stories that are 150 words or less. California + Orange County + Apartments | July 29, 2026 By: Paul Bubny Costa Mesa Multifamily Changes Hands for Value-Add Repositioning Marcus & Millichap finalized the sale of 1990 Maple Ave., a 41-unit multifamily property in Costa Mesa. The property sold for $16.9 million or $412,195 per unit, approximately $550,000 above the property’s 2018 selling price. “Sundance West",valid,title/source/url metadata are internally consistent,Development Activity,GP / Capital Activity,repeat_penalized,True,unit/site count: 41-unit; address/street: 1990 maple ave; project/asset term: apartments,high,Project / Asset,2026-07-29,2026-08-19,21,old_31d_plus,old,published date parsed; article age 21 day(s),5,open,Costa Mesa Multifamily Changes Hands for Value-Add Repositioning,Costa Mesa Multifamily Changes Hands for Value-Add Repositioning,1990 Maple Ave,General submarket monitoring,Costa Mesa,Los Angeles,California,Apartment,Apartment,,,Unknown,Unknown,Unknown,Unknown,2026,,,,General Asset Signal,General Asset Signal,Existing asset sale,Unknown,excluded,transaction / capital guard: sale,15,0,Low relevance,Monitor asset-level signal for repeated confirmation,Costa Mesa Multifamily Changes Hands for Value-Add Repositioning,Connect CRE Orange County,https://www.connectcre.com/stories/costa-mesa-multifamily-changes-hands-for-value-add-repositioning/,Low
2026-08-19,20260819-232308-78777e3c,PRJ-20260819-0154,Office-to-Residential Conversion - Other / Unknown - RMK Management Corp. Named Leasing and Property Manager of The Bellwether New Office-To-Re...,80,AST-20260819-079,art_c49101dd4881b591,Missing Middle Weakness,https://eyeonhousing.org/2026/01/missing-middle-weakness/,"Mon, 19 Jan 2026 13:35:00 +0000","Missing Middle Weakness – Eye On Housing Skip to content Missing Middle Weakness January 19, 2026 Robert Dietz No Comments The missing middle construction sector includes development of medium-density housing, such as townhouses, duplexes and other small multifamily properties. The multifamily segment of the missing middle (apartments in 2- to 4-unit properties) has generally disappointed since the Great Recession. For the third quarter of 2025, there were 4,000 2- to 4-unit housing unit constru",valid,title/source/url metadata are internally consistent,Development Activity,Market Intelligence,repeat_penalized,,,,,2026-01-19,2026-08-19,212,old_31d_plus,archive,published date parsed; article age 212 day(s),5,open,Development Start - Other / Unknown - Missing Middle Weakness,Development Start - Other / Unknown - Missing Middle Weakness,Unknown,General submarket monitoring,Unknown,Other / Unknown,Unknown,Apartment,Apartment,Unknown,Unknown,Unknown,Unknown,Unknown,Unknown,No explicit timing reference,,,,Development Start,Development Start,Unknown site control,Unknown,construction_delivery_watch,matched development / asset strategy execution,4,0,Low relevance,Monitor asset-level signal for repeated confirmation,Missing Middle Weakness,NAHB Eye on Housing - Multifamily,https://eyeonhousing.org/2026/01/missing-middle-weakness/,Low
2026-08-19,20260819-232308-78777e3c,PRJ-20260819-0154,Office-to-Residential Conversion - Other / Unknown - RMK Management Corp. Named Leasing and Property Manager of The Bellwether New Office-To-Re...,80,AST-20260819-080,art_266f44ae4fd99ed0,2026 Resident Experience Management Report,https://www.multifamilyexecutive.com/premium/whitepaper/753766,"Thu, 25 Jun 2026 15:50:39 +0000","eBook 2026 Resident Experience Management Report Cover_Zego.png Resident retention is moving in the wrong direction at exactly the moment multifamily operators can least afford it. After reaching 60% in 2024, average retention rates have slipped to 57%. That three-point decline might look modest on a spreadsheet, but with turnover costing operators roughly $4,000 per unit, even a small dip in performance adds up to a significant hit to NOI across a portfolio. While property managers frequently a",low_value_promotional,promotional/event keyword: whitepaper,Excluded,,repeat_penalized,,,,,2026-06-25,2026-08-19,55,old_31d_plus,old,published date parsed; article age 55 day(s),0,open,General Project Signal - Other / Unknown - 2026 Resident Experience Management Report,General Project Signal - Other / Unknown - 2026 Resident Experience Management Report,Unknown,General submarket monitoring,Unknown,Other / Unknown,Unknown,Multifamily,Multifamily,Unknown,Unknown,Unknown,Unknown,Unknown,Unknown,2026,250 units,$4; $4; $90,,General Project Signal,General Asset Signal,Unknown site control,Unknown,construction_delivery_watch,matched development / asset strategy execution,3,0,Low relevance,Monitor asset-level signal for repeated confirmation,2026 Resident Experience Management Report,Multifamily Executive,https://www.multifamilyexecutive.com/premium/whitepaper/753766,Low
2026-08-19,20260819-232308-78777e3c,PRJ-20260819-0154,Office-to-Residential Conversion - Other / Unknown - RMK Management Corp. Named Leasing and Property Manager of The Bellwether New Office-To-Re...,80,AST-20260819-090,art_e7fcf1171af1b281,Share of Apartments Built in Buildings with 50+ Units Moves Higher in 2025,https://eyeonhousing.org/2026/07/share-of-apartments-built-in-buildings-with-50-units-moves-higher-in-2025/,"Mon, 27 Jul 2026 14:16:05 +0000","Share of Apartments Built in Buildings with 50+ Units Moves Higher in 2025 – Eye On Housing Skip to content Share of Apartments Built in Buildings with 50+ Units Moves Higher in 2025 July 27, 2026 Jesse Wade No Comments Following the highest number of multifamily completions in nearly 40 years in 2024, completions declined in 2025 to 484,000, according to NAHB analysis of the Census Bureau’s Survey of Construction . For the ninth consecutive year, a majority of new multifamily units were in buil",valid,title/source/url metadata are internally consistent,Development Activity,,repeat_penalized,,,,,2026-07-27,2026-08-19,23,old_31d_plus,old,published date parsed; article age 23 day(s),5,open,General Project Signal - Other / Unknown - Share of Apartments Built in Buildings with 50+ Units Moves Higher in 2025,General Project Signal - Other / Unknown - Share of Apartments Built in Buildings with 50+ Units Moves Higher in 2025,Unknown,General submarket monitoring,Unknown,Other / Unknown,Unknown,Apartment,Apartment,Unknown,Unknown,Unknown,Unknown,Unknown,Unknown,in 2025,,,,General Project Signal,General Asset Signal,Unknown site control,Unknown,construction_delivery_watch,matched development / asset strategy execution,2,0,Low relevance,Monitor asset-level signal for repeated confirmation,Share of Apartments Built in Buildings with 50+ Units Moves Higher in 2025,NAHB Eye on Housing - Multifamily,https://eyeonhousing.org/2026/07/share-of-apartments-built-in-buildings-with-50-units-moves-higher-in-2025/,Low
2026-08-19,20260819-232308-78777e3c,PRJ-20260819-0154,Office-to-Residential Conversion - Other / Unknown - RMK Management Corp. Named Leasing and Property Manager of The Bellwether New Office-To-Re...,80,AST-20260819-091,art_04cbffa23673da57,Multifamily Absorption Rate Remains Below 50%,https://eyeonhousing.org/2026/03/multifamily-absorption-rate-remains-below-50/,"Tue, 03 Mar 2026 14:31:18 +0000","Multifamily Absorption Rate Remains Below 50% – Eye On Housing Skip to content Multifamily Absorption Rate Remains Below 50% March 3, 2026 Jesse Wade No Comments The percentage of new apartment units that were absorbed within three months after completion was unchanged for new units completed in the second quarter, according to the Census Bureau’s latest release of the Survey of Market Absorption of New Multifamily Units ( SOMA ). The survey covers new units in multifamily residential buildings ",valid,title/source/url metadata are internally consistent,Market Intelligence,,repeat_penalized,,,,,2026-03-03,2026-08-19,169,old_31d_plus,archive,published date parsed; article age 169 day(s),5,open,General Project Signal - Other / Unknown - Multifamily Absorption Rate Remains Below 50%,General Project Signal - Other / Unknown - Multifamily Absorption Rate Remains Below 50%,Unknown,General submarket monitoring,Unknown,Other / Unknown,Unknown,Apartment,Apartment,Unknown,Unknown,Unknown,Unknown,Unknown,Completed / opened,completed,,,,General Project Signal,Lease-Up / Delivery,Unknown site control,Delivered / Lease-Up,excluded,excluded generic policy / market article,1,0,Low relevance,Monitor asset-level signal for repeated confirmation,Multifamily Absorption Rate Remains Below 50%,NAHB Eye on Housing - Multifamily,https://eyeonhousing.org/2026/03/multifamily-absorption-rate-remains-below-50/,Low
2026-08-19,20260819-232308-78777e3c,PRJ-20260819-0154,Office-to-Residential Conversion - Other / Unknown - RMK Management Corp. Named Leasing and Property Manager of The Bellwether New Office-To-Re...,80,AST-20260819-085,art_bbf68370d5e8064d,First Quarter 2026 Multifamily Construction Data,https://eyeonhousing.org/2026/05/first-quarter-2026-multifamily-construction-data/,"Tue, 26 May 2026 12:31:00 +0000","First Quarter 2026 Multifamily Construction Data – Eye On Housing Skip to content First Quarter 2026 Multifamily Construction Data May 26, 2026 Robert Dietz No Comments According to NAHB analysis of quarterly Census data, the count of multifamily, for-rent housing starts increased year-over-year during the first quarter of 2026. For the quarter, 107,000 multifamily residences started construction. Of this total, 103,000 were built-for-rent. This built-for-rent total was 21% higher than in the fi",valid,title/source/url metadata are internally consistent,Market Intelligence,,repeat_penalized,,,,,2026-05-26,2026-08-19,85,old_31d_plus,archive,published date parsed; article age 85 day(s),5,open,Development Start - Other / Unknown - First Quarter 2026 Multifamily Construction Data,Development Start - Other / Unknown - First Quarter 2026 Multifamily Construction Data,Unknown,General submarket monitoring,Unknown,Other / Unknown,Unknown,Multifamily,Multifamily,Unknown,Unknown,Unknown,Unknown,Unknown,Unknown,2026,,,,Development Start,Development Start,Unknown site control,Unknown,construction_delivery_watch,matched development / asset strategy execution,0,0,Low relevance,Monitor asset-level signal for repeated confirmation,First Quarter 2026 Multifamily Construction Data,NAHB Eye on Housing - Multifamily,https://eyeonhousing.org/2026/05/first-quarter-2026-multifamily-construction-data/,Low
2026-08-19,20260819-232308-78777e3c,PRJ-20260819-0154,Office-to-Residential Conversion - Other / Unknown - RMK Management Corp. Named Leasing and Property Manager of The Bellwether New Office-To-Re...,80,AST-20260819-086,art_695932dbcd227470,Fourth Quarter 2025 Multifamily Construction Data,https://eyeonhousing.org/2026/03/fourth-quarter-2025-multifamily-construction-data/,"Thu, 19 Mar 2026 12:35:00 +0000","Fourth Quarter 2025 Multifamily Construction Data – Eye On Housing Skip to content Fourth Quarter 2025 Multifamily Construction Data March 19, 2026 Robert Dietz No Comments According to NAHB analysis of quarterly Census data, the count of multifamily, for-rent housing starts increased year-over-year during the fourth quarter of 2025. For the quarter, 96,000 multifamily residences started construction. Of this total, 91,000 were built-for-rent. This built-for-rent total was 18% higher than in the",valid,title/source/url metadata are internally consistent,Market Intelligence,,repeat_penalized,,,,,2026-03-19,2026-08-19,153,old_31d_plus,archive,published date parsed; article age 153 day(s),5,open,Development Start - Other / Unknown - Fourth Quarter 2025 Multifamily Construction Data,Development Start - Other / Unknown - Fourth Quarter 2025 Multifamily Construction Data,Unknown,General submarket monitoring,Unknown,Other / Unknown,Unknown,Multifamily,Multifamily,Unknown,Unknown,Unknown,Unknown,Unknown,Unknown,2025,,,,Development Start,Development Start,Unknown site control,Unknown,construction_delivery_watch,matched development / asset strategy execution,0,0,Low relevance,Monitor asset-level signal for repeated confirmation,Fourth Quarter 2025 Multifamily Construction Data,NAHB Eye on Housing - Multifamily,https://eyeonhousing.org/2026/03/fourth-quarter-2025-multifamily-construction-data/,Low
2026-08-19,20260819-232308-78777e3c,PRJ-20260819-0154,Office-to-Residential Conversion - Other / Unknown - RMK Management Corp. Named Leasing and Property Manager of The Bellwether New Office-To-Re...,80,AST-20260819-087,art_a18108b1d53a8afa,Overall Housing Starts Inch Lower in 2025,https://eyeonhousing.org/2026/02/overall-housing-starts-inch-lower-in-2025/,"Wed, 18 Feb 2026 16:14:47 +0000","Really insightful breakdown of the 2025 housing starts data. The 6.9% decline in single-family starts is concerning, especially for buyers already battling affordability challenges. What stands out to us is the regional divergence — the Northeast and Midwest posting gains while the South dropped 4.0% is a pattern we’re actively seeing on the ground with sellers. The rise in multifamily at 17.4% makes sense given where rent vs. buy economics currently sit. As a home buying company, we’re noticing",valid,title/source/url metadata are internally consistent,Market Intelligence,,repeat_penalized,,,,,2026-02-18,2026-08-19,182,old_31d_plus,archive,published date parsed; article age 182 day(s),5,open,Development Start - Other / Unknown - Overall Housing Starts Inch Lower in 2025,Development Start - Other / Unknown - Overall Housing Starts Inch Lower in 2025,Unknown,General submarket monitoring,Unknown,Other / Unknown,Unknown,Multifamily,Multifamily,Unknown,Unknown,Unknown,Unknown,Unknown,Unknown,in 2025,,,,Development Start,Development Start,Unknown site control,Unknown,construction_delivery_watch,matched development / asset strategy execution,0,0,Low relevance,Monitor asset-level signal for repeated confirmation,Overall Housing Starts Inch Lower in 2025,NAHB Eye on Housing - Multifamily,https://eyeonhousing.org/2026/02/overall-housing-starts-inch-lower-in-2025/,Low
2026-08-19,20260819-232308-78777e3c,PRJ-20260819-0154,Office-to-Residential Conversion - Other / Unknown - RMK Management Corp. Named Leasing and Property Manager of The Bellwether New Office-To-Re...,80,AST-20260819-088,art_7836a522c6b8b1a5,Third Quarter 2025 Multifamily Construction Data,https://eyeonhousing.org/2026/01/third-quarter-2025-multifamily-construction-data/,"Tue, 20 Jan 2026 13:35:00 +0000","Third Quarter 2025 Multifamily Construction Data – Eye On Housing Skip to content Third Quarter 2025 Multifamily Construction Data January 20, 2026 Robert Dietz No Comments According to NAHB analysis of quarterly Census data, the count of multifamily, for-rent housing starts increased during the third quarter of 2025. For the quarter, 119,000 multifamily residences started construction. Of this total, 114,000 were built-for-rent. This built-for-rent total was 31% higher than the third quarter of",valid,title/source/url metadata are internally consistent,Market Intelligence,,repeat_penalized,,,,,2026-01-20,2026-08-19,211,old_31d_plus,archive,published date parsed; article age 211 day(s),5,open,Development Start - Other / Unknown - Third Quarter 2025 Multifamily Construction Data,Development Start - Other / Unknown - Third Quarter 2025 Multifamily Construction Data,Unknown,General submarket monitoring,Unknown,Other / Unknown,Unknown,Multifamily,Multifamily,Unknown,Unknown,Unknown,Unknown,Unknown,Unknown,2025,,,,Development Start,Development Start,Unknown site control,Unknown,construction_delivery_watch,matched development / asset strategy execution,0,0,Low relevance,Monitor asset-level signal for repeated confirmation,Third Quarter 2025 Multifamily Construction Data,NAHB Eye on Housing - Multifamily,https://eyeonhousing.org/2026/01/third-quarter-2025-multifamily-construction-data/,Low
2026-08-19,20260819-232308-78777e3c,PRJ-20260819-0154,Office-to-Residential Conversion - Other / Unknown - RMK Management Corp. Named Leasing and Property Manager of The Bellwether New Office-To-Re...,80,AST-20260819-092,art_d4039cdfbf50dd7d,NAHB HBGI: Micro Markets Lone Bright Spot for Single-Family Building in Fourth Quarter,https://eyeonhousing.org/2026/03/nahb-hbgi-micro-markets-lone-bright-spot-for-single-family-building-in-fourth-quarter/,"Mon, 30 Mar 2026 15:01:25 +0000","NAHB HBGI: Micro Markets Lone Bright Spot for Single-Family Building in Fourth Quarter – Eye On Housing Skip to content NAHB HBGI: Micro Markets Lone Bright Spot for Single-Family Building in Fourth Quarter March 30, 2026 Jesse Wade No Comments Single-family construction declined further in the fourth quarter in all but sparsely populated micro counties, according to the NAHB Home Building Geography Index (HBGI). Meanwhile, multifamily construction showed growth in all markets for the first time",valid,title/source/url metadata are internally consistent,Market Intelligence,,repeat_penalized,,,,,2026-03-30,2026-08-19,142,old_31d_plus,archive,published date parsed; article age 142 day(s),5,open,Disposition / Exit - Other / Unknown - NAHB HBGI: Micro Markets Lone Bright Spot for Single-Family Building in Fourth Quarter,Disposition / Exit - Other / Unknown - NAHB HBGI: Micro Markets Lone Bright Spot for Single-Family Building in Fourth Quarter,Unknown,General submarket monitoring,Unknown,Other / Unknown,Unknown,Multifamily,Multifamily,Unknown,Unknown,Unknown,Unknown,Unknown,Unknown,No explicit timing reference,,,,Disposition / Exit,General Asset Signal,Existing asset sale,Unknown,excluded,transaction / capital guard: disposition,0,0,Low relevance,Monitor asset-level signal for repeated confirmation,NAHB HBGI: Micro Markets Lone Bright Spot for Single-Family Building in Fourth Quarter,NAHB Eye on Housing - Multifamily,https://eyeonhousing.org/2026/03/nahb-hbgi-micro-markets-lone-bright-spot-for-single-family-building-in-fourth-quarter/,Low
