run_date,run_id,collected_at,source,source_category,source_tier,coverage_focus,platform_type,residential_sector,published,relevance_score,priority,action_level,market_focus,strategic_angle,decision_use,strategic_implication,woomi_relevance,recommended_next_step,reason_for_inclusion,market_signal,extracted_numbers,article_text_sample,llm_analysis_prompt,llm_prompt_quality_score,llm_prompt_quality_label,missing_prompt_context,gpt_strategic_analysis,topics,matched_keywords,title,url,previously_seen_article,article_id,canonical_market,market_tier,normalized_sector,event_tags,display_category,category_tags,exclude_from_feed,access_limited_reason,is_core_market,is_watchlist_market,source_reliability_status,canonical_article_id,source_page_url,extracted_article_title,access_status,content_access_status,original_url,article_integrity_status,article_integrity_reason,primary_display_section,secondary_display_sections,section_routing_reason,repeat_exposure_status,days_since_first_seen,published_date_normalized,collected_date_normalized,article_age_days,freshness_bucket,freshness_status,freshness_reason,freshness_score,repeat_penalty_reason,extracted_city,extracted_state,extracted_market_reason,gp_capital_activity_type,gp_capital_repeat_status,gp_capital_exclusion_reason,gp_capital_selected_flag,lead_entity,counterparties,entity_extraction_method,entity_extraction_confidence,entity_extraction_reason,has_project_anchor,project_anchor_reason,project_anchor_confidence,development_lifecycle_hint,rent_demand_flag,rent_demand_type,rent_demand_reason,gp_or_developer,lender_or_capital_partner,capital_provider,institutional_partner,lead_sponsor,jv_partner,primary_topic,secondary_topic,capital_event_type,development_stage,supply_demand_signal,institutional_activity_type,financing_type,asset_strategy,entity_role,market_relevance_reason,classification_confidence,classification_reason,article_richness_score,strategic_relevance_score,strategic_relevance_reason,representative_evidence_score
2026-09-11,20260911-005121-ae902a35,2026-09-11 00:50:38,Multifamily Executive,Core Multifamily News,Tier 1,national_multifamily,Other,Multifamily,"Tue, 05 May 2026 15:14:42 +0000",100,High,Must Read,National,Financing Risk; Rent Growth / Demand,Track Financing Conditions; Track Rent / Vacancy Trend,"Monitor financing conditions because the article includes concession, concessions, construction and no specific number, which may affect construction loans, refinancing risk, and exit cap rates.",High relevance to US residential developer strategy,Read full article,"Included because it scored 100 and mentions concession, concessions, construction, with a Financing Risk; Rent Growth / Demand angle for National.",No Clear Numeric Signal,,"Webinar The Market Data that Matters for the rest of 2026: A Chat with Zillow’s Chief Economist Available on-demand 60 Minutes Join Zillow Rentals and Zillow’s Chief Economist, Mischa Fisher, for a look back at the market in the first half of 2026, and what the forecast may hold for the rest of 2026. In less than 30-minutes, we’ll dig into what the data says about demand, pricing and concession rates across the country. Plus, we’ll explore what changes in employment, hiring or interest rates cou","You are a strategic research analyst for Woomi / Woomi Global.
Analyze the following US multifamily housing article for developer strategy.

Article context:
- Title: The Market Data that Matters for the rest of 2026: A Chat with Zillow’s Chief Economist
- Source: Multifamily Executive
- URL: https://www.multifamilyexecutive.com/premium/webinar/752676
- Market focus: National
- Strategic angle: Financing Risk; Rent Growth / Demand
- Market signal: No Clear Numeric Signal
- Extracted numbers: None detected
- Strategic implication: Monitor financing conditions because the article includes concession, concessions, construction and no specific number, which may affect construction loans, refinancing risk, and exit cap rates.
- Woomi relevance: High relevance to US residential developer strategy

Please answer in concise bullet points:
1. Why does this article matter for a US multifamily developer?
2. What is the implication for Woomi / Woomi Global?
3. What risk or opportunity does this indicate?
4. What follow-up question should the strategy team ask?",82,Good,missing extracted numbers; missing market signal,"Rule-based interpretation: Multifamily Executive article 'The Market Data that Matters for the rest of 2026: A Chat with Zillow’s Chief Economist' is classified as priority review for National. It points to financing, refinancing, or debt-market conditions. Treat as a briefing input, not a standalone investment conclusion; confirm with source diversity, repeat observation, and market-specific evidence.",Macro & Financing; Supply & Demand; Development Strategy,concession; concessions; construction; financing; interest rate; migration; multifamily; rent growth; renter; renters,The Market Data that Matters for the rest of 2026: A Chat with Zillow’s Chief Economist,https://www.multifamilyexecutive.com/premium/webinar/752676,Yes,art_af2390897706e418,Other / Unknown,other,Multifamily,market data/supply-demand; rent/occupancy/absorption,개발/인허가,개발/인허가; 운영/임대; 시장 데이터,No,article page appears accessible from collected text,No,No,standard,art_af2390897706e418,https://www.multifamilyexecutive.com/premium/webinar/752676,The Market Data that Matters for the rest of 2026: A Chat with Zillow’s Chief Economist,open,open,https://www.multifamilyexecutive.com/premium/webinar/752676,low_value_promotional,chat-with-chief-economist promotional format,Excluded,,low_value_promotional: chat-with-chief-economist promotional format,repeat_penalized,115,2026-05-05,2026-09-11,129,old_31d_plus,archive,published date parsed; article age 129 day(s),0,published date parsed; article age 129 day(s); previously seen article; article integrity penalty,,,used broad market bucket: National,debt_financing,repeat_penalized,"repeat exposure penalty; article integrity issue; historical article over 30 days old; event, webinar, or thin promotional article",No,Participant not identified,,unresolved,unresolved,"No institution name detected in dictionary, title, summary, or source text.",False,"no identifiable project, asset, site, address, or unit-count anchor",none,,No,,,,,,,,,supply_demand,macro_financing,none,none,effective_rent_growth; concession,none,none,unknown,lender; developer,Market reference detected as National.,low,"Supply/demand terms detected: effective_rent_growth, concession. Primary topic set to supply_demand; confidence low.",60,0,sponsor expansion; lease-up or absorption behavior; event/webinar or promotion; integrity penalty; classification confidence penalty,0
2026-09-11,20260911-005121-ae902a35,2026-09-11 00:50:42,Yield PRO,Core Multifamily News,Tier 1,lease_up_supply;national_multifamily,Other,Office-to-Residential Conversion,"Thu, 10 Sep 2026 15:55:57 +0000",100,High,Must Read,New York,Developer Strategy,Track Developer Strategy,"Review for developer strategy because the article may inform site selection, product type, adaptive reuse, build-to-rent, or market entry.",High relevance to US residential developer strategy,Read full article,"Included because it scored 100 and mentions apartment, apartments, conversion, with a Developer Strategy angle for New York.",No Clear Numeric Signal,600 apartments,"Deal boom Midwest-South region News Facebook Twitter Linkedin Spandrel Development Partners announced major plans for the mixed-use transformation of a former office tower will include 399 unbranded residences and a 200-key W Hotels property. Plans have been filed to transform the mostly vacant 32-story 400 South Tryon tower into nearly 600 apartments, a hotel and new retail space in what would become the city’s largest office-to-residential conversion ever. New York-based Spandrel has filed con","You are a strategic research analyst for Woomi / Woomi Global.
Analyze the following US multifamily housing article for developer strategy.

Article context:
- Title: 400 South Tryon Mixed-Use Redevelopment to Include 399 Residences and W Hotels in Uptown Charlotte
- Source: Yield PRO
- URL: https://yieldpro.com/2026/09/400-south-tryon/
- Market focus: New York
- Strategic angle: Developer Strategy
- Market signal: No Clear Numeric Signal
- Extracted numbers: 600 apartments
- Strategic implication: Review for developer strategy because the article may inform site selection, product type, adaptive reuse, build-to-rent, or market entry.
- Woomi relevance: High relevance to US residential developer strategy

Please answer in concise bullet points:
1. Why does this article matter for a US multifamily developer?
2. What is the implication for Woomi / Woomi Global?
3. What risk or opportunity does this indicate?
4. What follow-up question should the strategy team ask?",90,Excellent,missing market signal,"Rule-based interpretation: Yield PRO article '400 South Tryon Mixed-Use Redevelopment to Include 399 Residences and W Hotels in Uptown Charlotte' is classified as priority review for New York. It points to development execution or sponsor strategy. Treat as a briefing input, not a standalone investment conclusion; confirm with source diversity, repeat observation, and market-specific evidence.",Supply & Demand; Development Strategy,apartment; apartments; conversion; development; midwest; office-to-residential,400 South Tryon Mixed-Use Redevelopment to Include 399 Residences and W Hotels in Uptown Charlotte,https://yieldpro.com/2026/09/400-south-tryon/,No,art_a09ed430cfe34880,Charlotte,core_15,Mixed-use Residential,market data/supply-demand,개발/인허가,개발/인허가; 시장 데이터,No,article page appears accessible from collected text,Yes,No,standard,art_a09ed430cfe34880,https://yieldpro.com/2026/09/400-south-tryon/,400 South Tryon Mixed-Use Redevelopment to Include 399 Residences and W Hotels in Uptown Charlotte,open,open,https://yieldpro.com/2026/09/400-south-tryon/,valid,title/source/url metadata are internally consistent,Development Activity,Market Intelligence,development_project_anchor: Project / Asset (unit/site count: 399 residences; project/asset term: development),new_or_fresh,0,2026-09-10,2026-09-11,1,fresh_0_3d,fresh,published date parsed; article age 1 day(s),100,fresh article or no repeat penalty,,New York,matched state keyword: New York,none,not_candidate,not a GP / capital candidate,No,,,,,,True,unit/site count: 399 residences; project/asset term: development,high,Project / Asset,No,,,,,,,,,development_pipeline,supply_demand,none,renovation_repositioning; redevelopment; adaptive_reuse,vacancy,none,none,mixed_use; adaptive_reuse,developer,Market reference detected as New York.,medium,"Development-stage terms detected: renovation_repositioning, redevelopment, adaptive_reuse. Supply/demand terms detected: vacancy. Primary topic set to development_pipeline; confidence medium.",60,50,general market observation with limited strategic behavior evidence,52
2026-09-11,20260911-005121-ae902a35,2026-09-11 00:50:44,Commercial Observer,Core Multifamily News,Tier 1,national_multifamily,Other,Affordable Housing,"Thu, 10 Sep 2026 17:09:30 +0000",100,High,Must Read,New York City / New York,Financing Risk; Developer Strategy,Track Financing Conditions; Track Developer Strategy,"Monitor financing conditions because the article includes affordable housing, apartment, apartments and $45m, $45 million, which may affect construction loans, refinancing risk, and exit cap rates.",High relevance to US residential developer strategy,Read full article,"Included because it scored 100 and mentions affordable housing, apartment, apartments, with a Financing Risk; Developer Strategy angle for New York City / New York.",No Clear Numeric Signal,$45m; $45 million,"Residential · Multifamily Williamsburg Finance · Construction Financing S3 Capital Lends $45M to Build Williamsburg Apartments on Church Land David Grunfeld is developing a 99-unit multifamily building at the church-controlled property By Andrew Coen September 10, 2026 1:09 pm reprints S3 Capital's Shawn Safdie and a rendering of 277 North Eighth Street, Brooklyn. PHOTO: Courtesy S3 Capital; RENDERING: KHL Architects A Brooklyn developer got a higher calling for its latest multifamily project. D","You are a strategic research analyst for Woomi / Woomi Global.
Analyze the following US multifamily housing article for developer strategy.

Article context:
- Title: S3 Capital Lends $45M to Build Williamsburg Apartments on Church Land
- Source: Commercial Observer
- URL: https://commercialobserver.com/2026/09/s3-capital-williamsburg-brooklyn-apartments-church/
- Market focus: New York City / New York
- Strategic angle: Financing Risk; Developer Strategy
- Market signal: No Clear Numeric Signal
- Extracted numbers: $45m; $45 million
- Strategic implication: Monitor financing conditions because the article includes affordable housing, apartment, apartments and $45m, $45 million, which may affect construction loans, refinancing risk, and exit cap rates.
- Woomi relevance: High relevance to US residential developer strategy

Please answer in concise bullet points:
1. Why does this article matter for a US multifamily developer?
2. What is the implication for Woomi / Woomi Global?
3. What risk or opportunity does this indicate?
4. What follow-up question should the strategy team ask?",90,Excellent,missing market signal,"Rule-based interpretation: Commercial Observer article 'S3 Capital Lends $45M to Build Williamsburg Apartments on Church Land' is classified as priority review for New York City / New York. It points to financing, refinancing, or debt-market conditions. Treat as a briefing input, not a standalone investment conclusion; confirm with source diversity, repeat observation, and market-specific evidence.",Macro & Financing; Development Strategy; Policy & Regulation,affordable housing; apartment; apartments; construction; developer; financing; multifamily,S3 Capital Lends $45M to Build Williamsburg Apartments on Church Land,https://commercialobserver.com/2026/09/s3-capital-williamsburg-brooklyn-apartments-church/,No,art_e92e65c31177bdad,New York / Northern New Jersey,core_15,Affordable Housing,policy/regulation,개발/인허가,개발/인허가; 시장 데이터,No,article page appears accessible from collected text,Yes,No,standard,art_e92e65c31177bdad,https://commercialobserver.com/2026/09/s3-capital-williamsburg-brooklyn-apartments-church/,S3 Capital Lends $45M to Build Williamsburg Apartments on Church Land,open,open,https://commercialobserver.com/2026/09/s3-capital-williamsburg-brooklyn-apartments-church/,valid,title/source/url metadata are internally consistent,Development Activity,GP / Capital Activity,development_project_anchor: project financing/capital event tied to project (unit/site count: 99-unit; address/street: 277 north eighth street; execution milestone: to build; project/asset term: project; project financing tied to anchor: construction financing),new_or_fresh,0,2026-09-10,2026-09-11,1,fresh_0_3d,fresh,published date parsed; article age 1 day(s),100,fresh article or no repeat penalty,New York City,New York,matched city/metro keyword: New York City,construction_financing,new_candidate,selected or retained for GP / capital review,Yes,S3 Capital,Church Land Residential; Construction Financing S3 Capital,title_lead_pattern,medium,Inferred entity from headline lead segment and capital-event verb.,True,unit/site count: 99-unit; address/street: 277 north eighth street; execution milestone: to build; project/asset term: project; project financing tied to anchor: construction financing,high,Project Financing / Capital Event,No,,,S3 Capital,S3 Capital,Church Land Residential,Church Land Residential; Construction Financing S3 Capital,S3 Capital,Church Land Residential; Construction Financing S3 Capital,capital_markets,none,construction_financing,none,none,none,construction_loan,affordable_housing,lender; developer,Market reference detected as New York City / New York.,medium,Capital event keywords detected: construction_financing. Financing type keywords detected: construction_loan. Primary topic set to capital_markets; confidence medium.,75,54,general market observation with limited strategic behavior evidence,46
2026-09-11,20260911-005121-ae902a35,2026-09-11 00:50:44,Commercial Observer,Core Multifamily News,Tier 1,national_multifamily,Other,Apartment,"Thu, 10 Sep 2026 15:37:05 +0000",100,High,Must Read,Other / Unknown,Financing Risk; Developer Strategy,Track Financing Conditions; Track Developer Strategy,"Monitor financing conditions because the article includes apartment, apartments, construction and $48m, $48 million, 130 units, which may affect construction loans, refinancing risk, and exit cap rates.",High relevance to US residential developer strategy,Read full article,"Included because it scored 100 and mentions apartment, apartments, construction, with a Financing Risk; Developer Strategy angle for a broad or unspecified market.",Supply / Starts Signal,$48m; $48 million; 130 units,"Residential · Multifamily Boston Finance · Construction Financing Affinius Capital, Axonic Capital Lend $48M for Suburban Boston Apartments Build The Lexington, Mass., multifamily project will have 130 units By Andrew Coen September 10, 2026 11:37 am reprints Affinius Capital's David Greenburg and a rendering of 7 Hartwell Avenue, Lexington, Mass. PHOTO and RENDERING: Courtesy Affinius Capital A Boston development firm’s plan for a multifamily project in suburban Boston is proving dino-mite. Din","You are a strategic research analyst for Woomi / Woomi Global.
Analyze the following US multifamily housing article for developer strategy.

Article context:
- Title: Affinius Capital, Axonic Capital Lend $48M for Suburban Boston Apartments Build
- Source: Commercial Observer
- URL: https://commercialobserver.com/2026/09/affinius-capital-axonic-capital-lexington-massachusetts-apartments/
- Market focus: Other / Unknown
- Strategic angle: Financing Risk; Developer Strategy
- Market signal: Supply / Starts Signal
- Extracted numbers: $48m; $48 million; 130 units
- Strategic implication: Monitor financing conditions because the article includes apartment, apartments, construction and $48m, $48 million, 130 units, which may affect construction loans, refinancing risk, and exit cap rates.
- Woomi relevance: High relevance to US residential developer strategy

Please answer in concise bullet points:
1. Why does this article matter for a US multifamily developer?
2. What is the implication for Woomi / Woomi Global?
3. What risk or opportunity does this indicate?
4. What follow-up question should the strategy team ask?",90,Excellent,missing market focus,"Rule-based interpretation: Commercial Observer article 'Affinius Capital, Axonic Capital Lend $48M for Suburban Boston Apartments Build' is classified as priority review for Other / Unknown. It points to financing, refinancing, or debt-market conditions. Treat as a briefing input, not a standalone investment conclusion; confirm with source diversity, repeat observation, and market-specific evidence.",Macro & Financing; Development Strategy,apartment; apartments; construction; development; financing; loan; multifamily,"Affinius Capital, Axonic Capital Lend $48M for Suburban Boston Apartments Build",https://commercialobserver.com/2026/09/affinius-capital-axonic-capital-lexington-massachusetts-apartments/,No,art_33ae00433e7233d6,Other / Unknown,other,Multifamily,financing/refinancing,개발/인허가,개발/인허가; 시장 데이터,No,article page appears accessible from collected text,No,No,standard,art_33ae00433e7233d6,https://commercialobserver.com/2026/09/affinius-capital-axonic-capital-lexington-massachusetts-apartments/,"Affinius Capital, Axonic Capital Lend $48M for Suburban Boston Apartments Build",open,open,https://commercialobserver.com/2026/09/affinius-capital-axonic-capital-lexington-massachusetts-apartments/,valid,title/source/url metadata are internally consistent,Development Activity,GP / Capital Activity,development_project_anchor: project financing/capital event tied to project (unit/site count: 130 units; project/asset term: project; project financing tied to anchor: construction financing),new_or_fresh,0,2026-09-10,2026-09-11,1,fresh_0_3d,fresh,published date parsed; article age 1 day(s),100,fresh article or no repeat penalty,,,"no city, state, or market keyword detected",construction_financing,new_candidate,selected or retained for GP / capital review,Yes,Affinius Capital,Axonic Capital; Suburban Boston Apartments Build Residential; Construction Financing Affinius Capital,dictionary_match,high,"Matched known institutional / GP entity in title, summary, or source text.",True,unit/site count: 130 units; project/asset term: project; project financing tied to anchor: construction financing,high,Project Financing / Capital Event,No,,,Affinius Capital,Affinius Capital,Axonic Capital,Axonic Capital; Suburban Boston Apartments Build Residential; Construction Financing Affinius Capital,Affinius Capital,Axonic Capital; Suburban Boston Apartments Build Residential; Construction Financing Affinius Capital,capital_markets,none,construction_financing,none,none,none,construction_loan,unknown,lender; developer,No specific market detected; treated as broader capital markets context.,medium,Capital event keywords detected: construction_financing. Financing type keywords detected: construction_loan. Primary topic set to capital_markets; confidence medium.,60,50,general market observation with limited strategic behavior evidence,42
2026-09-11,20260911-005121-ae902a35,2026-09-11 00:50:45,Connect CRE,Core Multifamily News,Tier 1,development_pipeline;gp_activity;national_multifamily,Other,Apartment,"Thu, 10 Sep 2026 20:29:30 +0000",100,High,Must Read,California,Financing Risk; Institutional Flow,Track Financing Conditions; Track Institutional Capital Flow,"Monitor financing conditions because the article includes acquisition, apartment, apartments and $12.6 million, which may affect construction loans, refinancing risk, and exit cap rates.",High relevance to US residential developer strategy,Read full article,"Included because it scored 100 and mentions acquisition, apartment, apartments, with a Financing Risk; Institutional Flow angle for California.",Deal Size Signal,$12.6 million,"California CRE News In Your Inbox. Sign up for Connect emails to stay informed with CRE stories that are 150 words or less. California + Orange County + Apartments | September 10, 2026 By: Paul Bubny MMCC Arranges Financing for Orange Multifamily Acquisition Marcus & Millichap Capital Corporation (MMCC) arranged $12.6 million in financing for the acquisition of Bel Air and El Commodor Apartments, two contiguous 27-unit multifamily properties located at 315-343 S. Bedford Rd. in Orange. Rick Judg","You are a strategic research analyst for Woomi / Woomi Global.
Analyze the following US multifamily housing article for developer strategy.

Article context:
- Title: MMCC Arranges Financing for Orange Multifamily Acquisition
- Source: Connect CRE
- URL: https://www.connectcre.com/stories/mmcc-arranges-financing-for-orange-multifamily-acquisition/
- Market focus: California
- Strategic angle: Financing Risk; Institutional Flow
- Market signal: Deal Size Signal
- Extracted numbers: $12.6 million
- Strategic implication: Monitor financing conditions because the article includes acquisition, apartment, apartments and $12.6 million, which may affect construction loans, refinancing risk, and exit cap rates.
- Woomi relevance: High relevance to US residential developer strategy

Please answer in concise bullet points:
1. Why does this article matter for a US multifamily developer?
2. What is the implication for Woomi / Woomi Global?
3. What risk or opportunity does this indicate?
4. What follow-up question should the strategy team ask?",98,Excellent,None,"Rule-based interpretation: Connect CRE article 'MMCC Arranges Financing for Orange Multifamily Acquisition' is classified as priority review for California. It points to financing, refinancing, or debt-market conditions. Treat as a briefing input, not a standalone investment conclusion; confirm with source diversity, repeat observation, and market-specific evidence.",Macro & Financing; Market Players & Deals,acquisition; apartment; apartments; financing; loan; multifamily,MMCC Arranges Financing for Orange Multifamily Acquisition,https://www.connectcre.com/stories/mmcc-arranges-financing-for-orange-multifamily-acquisition/,No,art_df324fd11a8bf2c5,Los Angeles / Southern California,core_15,Multifamily,acquisition; financing/refinancing,거래/투자,거래/투자; 시장 데이터,No,article page appears accessible from collected text,Yes,No,standard,art_df324fd11a8bf2c5,https://www.connectcre.com/stories/mmcc-arranges-financing-for-orange-multifamily-acquisition/,MMCC Arranges Financing for Orange Multifamily Acquisition,open,open,https://www.connectcre.com/stories/mmcc-arranges-financing-for-orange-multifamily-acquisition/,valid,title/source/url metadata are internally consistent,Development Activity,GP / Capital Activity,development_project_anchor: project financing/capital event tied to project (unit/site count: 27-unit; address/street: 343 s. bedford rd; project/asset term: apartments; project financing tied to anchor: arranges financing),new_or_fresh,0,2026-09-10,2026-09-11,1,fresh_0_3d,fresh,published date parsed; article age 1 day(s),100,fresh article or no repeat penalty,,California,matched state keyword: California,acquisition,new_candidate,selected or retained for GP / capital review,Yes,Marcus & Millichap,MMCC; Millichap Capital,dictionary_match,high,"Matched known institutional / GP entity in title, summary, or source text.",True,unit/site count: 27-unit; address/street: 343 s. bedford rd; project/asset term: apartments; project financing tied to anchor: arranges financing,high,Project Financing / Capital Event,No,,,Marcus & Millichap,,MMCC,MMCC; Millichap Capital,Marcus & Millichap,MMCC; Millichap Capital,transaction_market,capital_markets; institutional_capital,acquisition,none,none,gp_acquisition,none,unknown,lender; broker,Market reference detected as California.,medium,Capital event keywords detected: acquisition. Institutional activity terms detected: gp_acquisition. Primary topic set to transaction_market; confidence medium.,85,70,institutional acquisition behavior,76
2026-09-11,20260911-005121-ae902a35,2026-09-11 00:50:45,Connect CRE,Core Multifamily News,Tier 1,development_pipeline;gp_activity;national_multifamily,Other,Apartment,"Thu, 10 Sep 2026 18:29:23 +0000",100,High,Must Read,New York City / New York,Financing Risk; Institutional Flow,Track Financing Conditions; Track Institutional Capital Flow,"Monitor financing conditions because the article includes acquisition, apartment, apartments and $7 million, which may affect construction loans, refinancing risk, and exit cap rates.",High relevance to US residential developer strategy,Read full article,"Included because it scored 100 and mentions acquisition, apartment, apartments, with a Financing Risk; Institutional Flow angle for New York City / New York.",Deal Size Signal,$7 million,"Seattle & Northwest CRE News In Your Inbox. Sign up for Connect emails to stay informed with CRE stories that are 150 words or less. Seattle & Northwest + Portland + Apartments | September 10, 2026 By: Jasmine Kilman Global Real Estate Advisors Arranges Financing for Three Oregon Multifamily Properties The Capital Services Group of GREA (Global Real Estate Advisors) has arranged financing for three multifamily properties in Oregon. The transactions were secured by a GREA Capital Services team th","You are a strategic research analyst for Woomi / Woomi Global.
Analyze the following US multifamily housing article for developer strategy.

Article context:
- Title: Global Real Estate Advisors Arranges Financing for Three Oregon Multifamily Properties
- Source: Connect CRE
- URL: https://www.connectcre.com/stories/global-real-estate-advisors-arranges-financing-for-three-oregon-multifamily-properties/
- Market focus: New York City / New York
- Strategic angle: Financing Risk; Institutional Flow
- Market signal: Deal Size Signal
- Extracted numbers: $7 million
- Strategic implication: Monitor financing conditions because the article includes acquisition, apartment, apartments and $7 million, which may affect construction loans, refinancing risk, and exit cap rates.
- Woomi relevance: High relevance to US residential developer strategy

Please answer in concise bullet points:
1. Why does this article matter for a US multifamily developer?
2. What is the implication for Woomi / Woomi Global?
3. What risk or opportunity does this indicate?
4. What follow-up question should the strategy team ask?",98,Excellent,None,"Rule-based interpretation: Connect CRE article 'Global Real Estate Advisors Arranges Financing for Three Oregon Multifamily Properties' is classified as priority review for New York City / New York. It points to financing, refinancing, or debt-market conditions. Treat as a briefing input, not a standalone investment conclusion; confirm with source diversity, repeat observation, and market-specific evidence.",Macro & Financing; Market Players & Deals,acquisition; apartment; apartments; financing; multifamily; transaction,Global Real Estate Advisors Arranges Financing for Three Oregon Multifamily Properties,https://www.connectcre.com/stories/global-real-estate-advisors-arranges-financing-for-three-oregon-multifamily-properties/,No,art_834c24c32d3af605,Seattle,core_15,Multifamily,acquisition,거래/투자,거래/투자; 시장 데이터,No,article page appears accessible from collected text,Yes,No,standard,art_834c24c32d3af605,https://www.connectcre.com/stories/global-real-estate-advisors-arranges-financing-for-three-oregon-multifamily-properties/,Global Real Estate Advisors Arranges Financing for Three Oregon Multifamily Properties,open,open,https://www.connectcre.com/stories/global-real-estate-advisors-arranges-financing-for-three-oregon-multifamily-properties/,valid,title/source/url metadata are internally consistent,Development Activity,GP / Capital Activity,development_project_anchor: project financing/capital event tied to project (project/asset term: apartments; project financing tied to anchor: arranges financing),new_or_fresh,0,2026-09-10,2026-09-11,1,fresh_0_3d,fresh,published date parsed; article age 1 day(s),100,fresh article or no repeat penalty,,,used broad market bucket: New York City / New York,acquisition,new_candidate,selected or retained for GP / capital review,Yes,Global Real Estate Advisors,Jasmine Kilman Global Real Estate Advisors; Three Oregon Multifamily Properties The Capital; Services Group; GREA Capital,title_lead_pattern,medium,Inferred entity from headline lead segment and capital-event verb.,True,project/asset term: apartments; project financing tied to anchor: arranges financing,high,Project Financing / Capital Event,No,,,Global Real Estate Advisors,,Jasmine Kilman Global Real Estate Advisors,Jasmine Kilman Global Real Estate Advisors; Three Oregon Multifamily Properties The Capital; Services Group; GREA Capital,Global Real Estate Advisors,Jasmine Kilman Global Real Estate Advisors; Three Oregon Multifamily Properties The Capital; Services Group; GREA Capital,transaction_market,capital_markets; institutional_capital,acquisition,none,none,gp_acquisition,none,unknown,lender,Market reference detected as New York City / New York.,medium,Capital event keywords detected: acquisition. Institutional activity terms detected: gp_acquisition. Primary topic set to transaction_market; confidence medium.,85,70,institutional acquisition behavior,76
2026-09-11,20260911-005121-ae902a35,2026-09-11 00:50:58,Urbanize LA,Regional / California / LA Sources,Tier 2,development_pipeline;entitlement;la_california,Other,Office-to-Residential Conversion,"Thu, 10 Sep 2026 13:10:00 +0000",100,High,Must Read,Los Angeles / California,Financing Risk; Developer Strategy,Track Financing Conditions; Track Developer Strategy,"Monitor financing conditions because the article includes adaptive reuse, apartment, apartments and 95 apartments, 249 apartments, 95 homes, which may affect construction loans, refinancing risk, and exit cap rates.",High relevance to US residential developer strategy,Read full article,"Included because it scored 100 and mentions adaptive reuse, apartment, apartments, with a Financing Risk; Developer Strategy angle for Los Angeles / California.",Supply / Starts Signal,95 apartments; 249 apartments; 95 homes,"Former Sunkist HQ to become 95 apartments | Urbanize LA Skip to main content Advertisement Advertisement IMT Residential recently wrapped up work on Citrus Commons, a mixed-use development which transformed the parking lots surrounding the former home of the Sunkist Growers Cooperative into 249 apartments and a new Trader Joe's location. Now, the developer moves onto its latest Sherman Oaks opportunity: the headquarters building itself. As now revealed in multiple reports , IMT will convert the ","You are a strategic research analyst for Woomi / Woomi Global.
Analyze the following US multifamily housing article for developer strategy.

Article context:
- Title: Former Sunkist HQ to become 95 apartments
- Source: Urbanize LA
- URL: https://la.urbanize.city/post/former-sunkist-hq-become-95-apartments
- Market focus: Los Angeles / California
- Strategic angle: Financing Risk; Developer Strategy
- Market signal: Supply / Starts Signal
- Extracted numbers: 95 apartments; 249 apartments; 95 homes
- Strategic implication: Monitor financing conditions because the article includes adaptive reuse, apartment, apartments and 95 apartments, 249 apartments, 95 homes, which may affect construction loans, refinancing risk, and exit cap rates.
- Woomi relevance: High relevance to US residential developer strategy

Please answer in concise bullet points:
1. Why does this article matter for a US multifamily developer?
2. What is the implication for Woomi / Woomi Global?
3. What risk or opportunity does this indicate?
4. What follow-up question should the strategy team ask?",98,Excellent,None,"Rule-based interpretation: Urbanize LA article 'Former Sunkist HQ to become 95 apartments' is classified as priority review for Los Angeles / California. It points to financing, refinancing, or debt-market conditions. Treat as a briefing input, not a standalone investment conclusion; confirm with source diversity, repeat observation, and market-specific evidence.",Development Strategy,adaptive reuse; apartment; apartments; conversion; developer; development; permit,Former Sunkist HQ to become 95 apartments,https://la.urbanize.city/post/former-sunkist-hq-become-95-apartments,No,art_6b5a8be1187293e4,Los Angeles / Southern California,core_15,Mixed-use Residential,,개발/인허가,개발/인허가; 시장 데이터,No,limited source or insufficient readable article text,Yes,No,access_limited_source,art_6b5a8be1187293e4,https://la.urbanize.city/post/former-sunkist-hq-become-95-apartments,Former Sunkist HQ to become 95 apartments,access_limited,access_limited,https://la.urbanize.city/post/former-sunkist-hq-become-95-apartments,valid,title/source/url metadata are internally consistent,Development Activity,,development_project_anchor: Approval / Entitlement (unit/site count: 95 apartments; project/asset term: development),new_or_fresh,0,2026-09-10,2026-09-11,1,fresh_0_3d,fresh,published date parsed; article age 1 day(s),88,limited page access,,,used broad market bucket: Los Angeles / California,none,not_candidate,not a GP / capital candidate,No,,,,,,True,unit/site count: 95 apartments; project/asset term: development,high,Approval / Entitlement,No,,,,,,,,,other,none,none,none,none,none,none,unknown,developer,Market reference detected as Los Angeles / California.,unknown,"Limited/paywalled article; classification is based on title, URL, source, and available lead text only. No clear rule-based event keyword was detected. Primary topic set to other; confidence unknown.",45,43,entitlement persistence; limited article: title/lead-based review needed; classification confidence penalty,43
2026-09-11,20260911-005121-ae902a35,2026-09-11 00:50:59,Urbanize LA,Regional / California / LA Sources,Tier 2,development_pipeline;entitlement;la_california,Other,Affordable Housing,"Wed, 09 Sep 2026 13:15:00 +0000",100,High,Must Read,Santa Monica / California,Regulation Risk; Developer Strategy,Track Regulation Risk; Track Developer Strategy,"Monitor regulation risk because the article may affect entitlement, zoning, rent rules, affordability requirements, or permitting strategy.",High relevance to US residential developer strategy,Read full article,"Included because it scored 100 and mentions affordable housing, apartment, apartments, with a Regulation Risk; Developer Strategy angle for Santa Monica / California.",No Clear Numeric Signal,17 apartments,"Housing unwrapped at 11261 Santa Monica Boulevard | Urbanize LA Skip to main content Advertisement Advertisement Just west of the 405 Freeway in Sawtelle , the latest multifamily residential complex from Wiseman Residential takes shape on a corner lot at 11261 W. Santa Monica Boulevard . The project, which replaced a gas station, consists of a six-story building that will feature 119 studio, one-, two-, and three-bedroom apartments above parking for 147 vehicles when complete. View looking north","You are a strategic research analyst for Woomi / Woomi Global.
Analyze the following US multifamily housing article for developer strategy.

Article context:
- Title: Housing unwrapped at 11261 Santa Monica Boulevard
- Source: Urbanize LA
- URL: https://la.urbanize.city/post/housing-unwrapped-11261-santa-monica-boulevard
- Market focus: Santa Monica / California
- Strategic angle: Regulation Risk; Developer Strategy
- Market signal: No Clear Numeric Signal
- Extracted numbers: 17 apartments
- Strategic implication: Monitor regulation risk because the article may affect entitlement, zoning, rent rules, affordability requirements, or permitting strategy.
- Woomi relevance: High relevance to US residential developer strategy

Please answer in concise bullet points:
1. Why does this article matter for a US multifamily developer?
2. What is the implication for Woomi / Woomi Global?
3. What risk or opportunity does this indicate?
4. What follow-up question should the strategy team ask?",90,Excellent,missing market signal,"Rule-based interpretation: Urbanize LA article 'Housing unwrapped at 11261 Santa Monica Boulevard' is classified as priority review for Santa Monica / California. It points to entitlement, zoning, permitting, or policy conditions. Treat as a briefing input, not a standalone investment conclusion; confirm with source diversity, repeat observation, and market-specific evidence.",Development Strategy; Policy & Regulation,affordable housing; apartment; apartments; development; entitlement; multifamily; permit; zoning,Housing unwrapped at 11261 Santa Monica Boulevard,https://la.urbanize.city/post/housing-unwrapped-11261-santa-monica-boulevard,Yes,art_8fe6351387736cbd,Los Angeles / Southern California,core_15,Affordable Housing,development; permit/entitlement; policy/regulation,개발/인허가,개발/인허가,No,limited source or insufficient readable article text,Yes,No,access_limited_source,art_8fe6351387736cbd,https://la.urbanize.city/post/housing-unwrapped-11261-santa-monica-boulevard,Housing unwrapped at 11261 Santa Monica Boulevard,access_limited,access_limited,https://la.urbanize.city/post/housing-unwrapped-11261-santa-monica-boulevard,valid,title/source/url metadata are internally consistent,Development Activity,,development_project_anchor: Approval / Entitlement (address/street: 11261 santa monica boulevard; project/asset term: project),acceptable_repeat,1,2026-09-09,2026-09-11,2,fresh_0_3d,fresh,published date parsed; article age 2 day(s),66,previously seen article; limited page access,Santa Monica,California,matched city/metro keyword: Santa Monica,none,not_candidate,not a GP / capital candidate,No,,,,,,True,address/street: 11261 santa monica boulevard; project/asset term: project,high,Approval / Entitlement,No,,,,,,,,,other,none,none,none,none,none,none,unknown,developer,Market reference detected as Santa Monica / California.,unknown,"Limited/paywalled article; classification is based on title, URL, source, and available lead text only. No clear rule-based event keyword was detected. Primary topic set to other; confidence unknown.",45,43,entitlement persistence; limited article: title/lead-based review needed; classification confidence penalty,35
2026-09-11,20260911-005121-ae902a35,2026-09-11 00:51:00,Urbanize LA,Regional / California / LA Sources,Tier 2,development_pipeline;entitlement;la_california,Other,Workforce Housing,"Tue, 08 Sep 2026 13:15:00 +0000",100,High,Must Read,Los Angeles / California,Financing Risk; Supply Pressure; Regulation Risk,Track Financing Conditions; Track Supply Pipeline; Track Regulation Risk,"Monitor financing conditions because the article includes apartment, apartments, construction and $48, 115 apartments, which may affect construction loans, refinancing risk, and exit cap rates.",High relevance to US residential developer strategy,Read full article,"Included because it scored 100 and mentions apartment, apartments, construction, with a Financing Risk; Supply Pressure; Regulation Risk angle for Los Angeles / California.",Supply / Starts Signal,$48; 115 apartments,"Mixed-use building starts to rise at 8025 Santa Monica Blvd. in West Hollywood | Urbanize LA Skip to main content Advertisement Advertisement Months after scoring a $48-million construction loan , and orange tower crane stands high above the intersection of Santa Monica and Crescent Heights Boulevards, where a mixed-use building from Massachi is rising in West Hollywood. The project, which occupies a corner lot at 8025 Santa Monica Boulevard, calls for the construction of a new seven-story build","You are a strategic research analyst for Woomi / Woomi Global.
Analyze the following US multifamily housing article for developer strategy.

Article context:
- Title: Mixed-use building starts to rise at 8025 Santa Monica Blvd. in West Hollywood
- Source: Urbanize LA
- URL: https://la.urbanize.city/post/mixed-use-building-starts-rise-8025-santa-monica-blvd-west-hollywood
- Market focus: Los Angeles / California
- Strategic angle: Financing Risk; Supply Pressure; Regulation Risk
- Market signal: Supply / Starts Signal
- Extracted numbers: $48; 115 apartments
- Strategic implication: Monitor financing conditions because the article includes apartment, apartments, construction and $48, 115 apartments, which may affect construction loans, refinancing risk, and exit cap rates.
- Woomi relevance: High relevance to US residential developer strategy

Please answer in concise bullet points:
1. Why does this article matter for a US multifamily developer?
2. What is the implication for Woomi / Woomi Global?
3. What risk or opportunity does this indicate?
4. What follow-up question should the strategy team ask?",98,Excellent,None,"Rule-based interpretation: Urbanize LA article 'Mixed-use building starts to rise at 8025 Santa Monica Blvd. in West Hollywood' is classified as priority review for Los Angeles / California. It points to financing, refinancing, or debt-market conditions. Treat as a briefing input, not a standalone investment conclusion; confirm with source diversity, repeat observation, and market-specific evidence.",Macro & Financing; Development Strategy,apartment; apartments; construction; entitlement; loan; starts; workforce housing,Mixed-use building starts to rise at 8025 Santa Monica Blvd. in West Hollywood,https://la.urbanize.city/post/mixed-use-building-starts-rise-8025-santa-monica-blvd-west-hollywood,Yes,art_f9198f2b83f31d03,Los Angeles / Southern California,core_15,Workforce Housing,development; permit/entitlement; financing/refinancing; policy/regulation; market data/supply-demand,제외/금융,제외/금융,Yes,limited source or insufficient readable article text,Yes,No,access_limited_source,art_f9198f2b83f31d03,https://la.urbanize.city/post/mixed-use-building-starts-rise-8025-santa-monica-blvd-west-hollywood,Mixed-use building starts to rise at 8025 Santa Monica Blvd. in West Hollywood,access_limited,access_limited,https://la.urbanize.city/post/mixed-use-building-starts-rise-8025-santa-monica-blvd-west-hollywood,valid,title/source/url metadata are internally consistent,Development Activity,GP / Capital Activity; Market Intelligence,development_project_anchor: project financing/capital event tied to project (address/street: 8025 santa monica blvd; project/asset term: project; project financing tied to anchor: construction loan),acceptable_repeat,2,2026-09-08,2026-09-11,3,fresh_0_3d,fresh,published date parsed; article age 3 day(s),62,previously seen article; limited page access,Los Angeles,California,matched city/metro keyword: Los Angeles,debt_financing,repeated_but_retained,limited page access; development article without confirmed capital event,No,Participant not identified,,unresolved,unresolved,"No institution name detected in dictionary, title, summary, or source text.",True,address/street: 8025 santa monica blvd; project/asset term: project; project financing tied to anchor: construction loan,high,Approval / Entitlement,No,,,,,,,,,macro_financing,none,none,none,none,none,none,mixed_use,lender; developer,Market reference detected as Los Angeles / California.,unknown,"Limited/paywalled article; classification is based on title, URL, source, and available lead text only. No clear rule-based event keyword was detected. Primary topic set to macro_financing; confidence unknown.",60,47,entitlement persistence; limited article: title/lead-based review needed; classification confidence penalty,35
2026-09-11,20260911-005121-ae902a35,2026-09-11 00:51:02,Urbanize LA,Regional / California / LA Sources,Tier 2,development_pipeline;entitlement;la_california,Other,Affordable Housing,"Mon, 07 Sep 2026 13:05:00 +0000",100,High,Must Read,Los Angeles / California,Developer Strategy,Track Developer Strategy,"Review for developer strategy because the article may inform site selection, product type, adaptive reuse, build-to-rent, or market entry.",High relevance to US residential developer strategy,Read full article,"Included because it scored 100 and mentions affordable housing, apartment, apartments, with a Developer Strategy angle for Los Angeles / California.",No Clear Numeric Signal,202 homes,"Construction begins for affordable housing at former MacLaren Hall site in El Monte | Urbanize LA Skip to main content Advertisement Advertisement At a ceremony last week, National CORE and Prima Development broke ground on a new affordable housing complex at the former MacLaren Children's Center site in El Monte . Planned of the eastern 8.2 acres of the former foster youth shelter, the project is to include 202 homes for households earning between 30 and 70 percent of the area median income. Ro","You are a strategic research analyst for Woomi / Woomi Global.
Analyze the following US multifamily housing article for developer strategy.

Article context:
- Title: Construction begins for affordable housing at former MacLaren Hall site in El Monte
- Source: Urbanize LA
- URL: https://la.urbanize.city/post/construction-begins-affordable-housing-former-maclaren-hall-site-el-monte
- Market focus: Los Angeles / California
- Strategic angle: Developer Strategy
- Market signal: No Clear Numeric Signal
- Extracted numbers: 202 homes
- Strategic implication: Review for developer strategy because the article may inform site selection, product type, adaptive reuse, build-to-rent, or market entry.
- Woomi relevance: High relevance to US residential developer strategy

Please answer in concise bullet points:
1. Why does this article matter for a US multifamily developer?
2. What is the implication for Woomi / Woomi Global?
3. What risk or opportunity does this indicate?
4. What follow-up question should the strategy team ask?",90,Excellent,missing market signal,"Rule-based interpretation: Urbanize LA article 'Construction begins for affordable housing at former MacLaren Hall site in El Monte' is classified as priority review for Los Angeles / California. It points to development execution or sponsor strategy. Treat as a briefing input, not a standalone investment conclusion; confirm with source diversity, repeat observation, and market-specific evidence.",Development Strategy; Policy & Regulation,affordable housing; apartment; apartments; construction; development; groundbreaking,Construction begins for affordable housing at former MacLaren Hall site in El Monte,https://la.urbanize.city/post/construction-begins-affordable-housing-former-maclaren-hall-site-el-monte,Yes,art_c220be8002fdb0a0,Los Angeles / Southern California,core_15,Affordable Housing,development; construction start; policy/regulation,개발/인허가,개발/인허가; 시장 데이터,No,limited source or insufficient readable article text,Yes,No,access_limited_source,art_c220be8002fdb0a0,https://la.urbanize.city/post/construction-begins-affordable-housing-former-maclaren-hall-site-el-monte,Construction begins for affordable housing at former MacLaren Hall site in El Monte,access_limited,access_limited,https://la.urbanize.city/post/construction-begins-affordable-housing-former-maclaren-hall-site-el-monte,valid,title/source/url metadata are internally consistent,Development Activity,Market Intelligence,development_project_anchor: Construction Start (unit/site count: 202 homes; execution milestone: broke ground; site/parcel signal: site; project/asset term: project),repeat_penalized,3,2026-09-07,2026-09-11,4,fresh_0_3d,fresh,published date parsed; article age 4 day(s),58,previously seen article; limited page access,,,used broad market bucket: Los Angeles / California,none,not_candidate,not a GP / capital candidate,No,,,,,,True,unit/site count: 202 homes; execution milestone: broke ground; site/parcel signal: site; project/asset term: project,high,Construction Start,No,,,,,,,,,research_data,none,none,none,none,none,none,affordable_housing,developer,Market reference detected as Los Angeles / California.,unknown,"Limited/paywalled article; classification is based on title, URL, source, and available lead text only. No clear rule-based event keyword was detected. Primary topic set to research_data; confidence unknown.",60,48,development continuation; limited article: title/lead-based review needed; classification confidence penalty,19
2026-09-11,20260911-005121-ae902a35,2026-09-11 00:51:05,REBusiness Online,Site / Parcel Source Expansion,Tier 2,development_pipeline;gp_activity,Other,Mixed-Use Residential,2026-09-10T13:50:50Z,100,High,Must Read,Southeast,Financing Risk; Developer Strategy,Track Financing Conditions; Track Developer Strategy,"Monitor financing conditions because the article includes apartment, apartments, development and no specific number, which may affect construction loans, refinancing risk, and exit cap rates.",High relevance to US residential developer strategy,Read full article,"Included because it scored 100 and mentions apartment, apartments, development, with a Financing Risk; Developer Strategy angle for Southeast.",No Clear Numeric Signal,,"The District Lofts was built in 2017 and features a mix of studio, one- and two-bedroom apartments. Loans Mississippi Multifamily Southeast Northmarq Provides Agency Loan for 261-Unit Apartment Community in Jackson by John Nelson September 10, 2026 September 10, 2026 2 JACKSON, MISS. — Northmarq has provided a Fannie Mae loan for the permanent financing of The District Lofts, a six-story, 261-unit apartment community located at 120 District Blvd. E in Jackson. Chimnay Bhatt, Cody Kirkpatrick, No","You are a strategic research analyst for Woomi / Woomi Global.
Analyze the following US multifamily housing article for developer strategy.

Article context:
- Title: Northmarq Provides Agency Loan for 261-Unit Apartment Community in Jackson
- Source: REBusiness Online
- URL: https://rebusinessonline.com/northmarq-provides-agency-loan-for-261-unit-apartment-community-in-jackson/
- Market focus: Southeast
- Strategic angle: Financing Risk; Developer Strategy
- Market signal: No Clear Numeric Signal
- Extracted numbers: None detected
- Strategic implication: Monitor financing conditions because the article includes apartment, apartments, development and no specific number, which may affect construction loans, refinancing risk, and exit cap rates.
- Woomi relevance: High relevance to US residential developer strategy

Please answer in concise bullet points:
1. Why does this article matter for a US multifamily developer?
2. What is the implication for Woomi / Woomi Global?
3. What risk or opportunity does this indicate?
4. What follow-up question should the strategy team ask?",82,Good,missing extracted numbers; missing market signal,"Rule-based interpretation: REBusiness Online article 'Northmarq Provides Agency Loan for 261-Unit Apartment Community in Jackson' is classified as priority review for Southeast. It points to financing, refinancing, or debt-market conditions. Treat as a briefing input, not a standalone investment conclusion; confirm with source diversity, repeat observation, and market-specific evidence.",Macro & Financing; Development Strategy; Market Players & Deals,apartment; apartments; development; fannie mae; financing; loan; multifamily; northmarq,Northmarq Provides Agency Loan for 261-Unit Apartment Community in Jackson,https://rebusinessonline.com/northmarq-provides-agency-loan-for-261-unit-apartment-community-in-jackson/,No,art_b9ccb6621bb83996,Southeast,other,Mixed-use Residential,financing/refinancing,제외/금융,제외/금융,Yes,article page appears accessible from collected text,No,No,standard,art_b9ccb6621bb83996,https://rebusinessonline.com/northmarq-provides-agency-loan-for-261-unit-apartment-community-in-jackson/,Northmarq Provides Agency Loan for 261-Unit Apartment Community in Jackson,open,open,https://rebusinessonline.com/northmarq-provides-agency-loan-for-261-unit-apartment-community-in-jackson/,valid,title/source/url metadata are internally consistent,Development Activity,GP / Capital Activity,development_project_anchor: capital event with identifiable project/asset (unit/site count: 261-unit; address/street: 120 district blvd; project/asset term: development),new_or_fresh,0,2026-09-10,2026-09-11,1,fresh_0_3d,fresh,published date parsed; article age 1 day(s),100,fresh article or no repeat penalty,,,used broad market bucket: Southeast,debt_financing,new_candidate,selected or retained for GP / capital review,Yes,Fannie Mae,,dictionary_match,high,"Matched known institutional / GP entity in title, summary, or source text.",True,unit/site count: 261-unit; address/street: 120 district blvd; project/asset term: development,high,Project / Asset,No,,,Fannie Mae,Fannie Mae,,,Fannie Mae,,capital_markets,institutional_capital,permanent_loan,none,none,lender_activity,agency_debt; permanent_financing,unknown,lender; developer,Market reference detected as Southeast.,medium,"Capital event keywords detected: permanent_loan. Financing type keywords detected: agency_debt, permanent_financing. Institutional activity terms detected: lender_activity. Primary topic set to capital_markets; confidence medium.",85,56,general market observation with limited strategic behavior evidence,54
2026-09-11,20260911-005121-ae902a35,2026-09-11 00:51:08,Connect CRE Texas,Site / Parcel Source Expansion,Tier 2,development_pipeline;gp_activity;sunbelt,Other,BTR / Single-Family Rental,"Wed, 09 Sep 2026 18:41:06 +0000",100,High,Must Read,Dallas / Texas,Financing Risk; Regulation Risk,Track Financing Conditions; Track Regulation Risk,"Monitor financing conditions because the article includes affordable housing, apartment, apartments and $58.2 million, which may affect construction loans, refinancing risk, and exit cap rates.",High relevance to US residential developer strategy,Read full article,"Included because it scored 100 and mentions affordable housing, apartment, apartments, with a Financing Risk; Regulation Risk angle for Dallas / Texas.",Supply / Starts Signal,$58.2 million,"Texas CRE News In Your Inbox. Sign up for Connect emails to stay informed with CRE stories that are 150 words or less. Texas + Dallas-Fort Worth + Apartments | September 9, 2026 By: Mike Boyd Dominium to Build 350 Affordable BTR Units in Terrell Dominium is developing its first affordable housing project in Texas, in the town of Terrell. Terrell Family Apartments will consist of 350 affordable BTR units. Terrell is 30 miles east of Dallas. Multihousing News reports that Associated Bank and Great","You are a strategic research analyst for Woomi / Woomi Global.
Analyze the following US multifamily housing article for developer strategy.

Article context:
- Title: Dominium to Build 350 Affordable BTR Units in Terrell
- Source: Connect CRE Texas
- URL: https://www.connectcre.com/stories/dominium-to-build-350-affordable-btr-units-in-terrell/
- Market focus: Dallas / Texas
- Strategic angle: Financing Risk; Regulation Risk
- Market signal: Supply / Starts Signal
- Extracted numbers: $58.2 million
- Strategic implication: Monitor financing conditions because the article includes affordable housing, apartment, apartments and $58.2 million, which may affect construction loans, refinancing risk, and exit cap rates.
- Woomi relevance: High relevance to US residential developer strategy

Please answer in concise bullet points:
1. Why does this article matter for a US multifamily developer?
2. What is the implication for Woomi / Woomi Global?
3. What risk or opportunity does this indicate?
4. What follow-up question should the strategy team ask?",98,Excellent,None,"Rule-based interpretation: Connect CRE Texas article 'Dominium to Build 350 Affordable BTR Units in Terrell' is classified as priority review for Dallas / Texas. It points to financing, refinancing, or debt-market conditions. Treat as a briefing input, not a standalone investment conclusion; confirm with source diversity, repeat observation, and market-specific evidence.",Macro & Financing; Development Strategy; Policy & Regulation,affordable housing; apartment; apartments; btr; construction; financing; lihtc,Dominium to Build 350 Affordable BTR Units in Terrell,https://www.connectcre.com/stories/dominium-to-build-350-affordable-btr-units-in-terrell/,Yes,art_91f390a27a803c8a,Dallas-Fort Worth,core_15,Build-to-Rent,policy/regulation,개발/인허가,개발/인허가; 운영/임대; 시장 데이터,No,article page appears accessible from collected text,Yes,No,standard,art_91f390a27a803c8a,https://www.connectcre.com/stories/dominium-to-build-350-affordable-btr-units-in-terrell/,Dominium to Build 350 Affordable BTR Units in Terrell,open,open,https://www.connectcre.com/stories/dominium-to-build-350-affordable-btr-units-in-terrell/,valid,title/source/url metadata are internally consistent,Development Activity,GP / Capital Activity; Market Intelligence,development_project_anchor: capital event with identifiable project/asset (execution milestone: to build; project/asset term: project),acceptable_repeat,1,2026-09-09,2026-09-11,2,fresh_0_3d,fresh,published date parsed; article age 2 day(s),78,previously seen article,Dallas,Texas,matched city/metro keyword: Dallas,debt_financing,repeated_but_retained,selected or retained for GP / capital review,Yes,Associated Bank,,capital_event_sentence,medium,Inferred entity from source text near capital-event language.,True,execution milestone: to build; project/asset term: project,high,Project / Asset,No,,,Associated Bank,Associated Bank,,,Associated Bank,,macro_financing,none,none,none,none,none,tax_credit_financing,affordable_housing; btr,lender; developer,Market reference detected as Dallas / Texas.,low,Financing type keywords detected: tax_credit_financing. Primary topic set to macro_financing; confidence low.,60,40,classification confidence penalty,28
2026-09-11,20260911-005121-ae902a35,2026-09-11 00:51:09,Connect CRE South Florida,Site / Parcel Source Expansion,Tier 2,development_pipeline;gp_activity;sunbelt,Other,Apartment,"Wed, 09 Sep 2026 13:57:53 +0000",100,High,Must Read,Miami / Florida,Financing Risk; Developer Strategy,Track Financing Conditions; Track Developer Strategy,"Monitor financing conditions because the article includes apartment, apartments, berkadia and $58m, $58 million, which may affect construction loans, refinancing risk, and exit cap rates.",High relevance to US residential developer strategy,Read full article,"Included because it scored 100 and mentions apartment, apartments, berkadia, with a Financing Risk; Developer Strategy angle for Miami / Florida.",No Clear Numeric Signal,$58m; $58 million,"Florida & Gulf Coast CRE News In Your Inbox. Sign up for Connect emails to stay informed with CRE stories that are 150 words or less. Florida & Gulf Coast + South Florida + Apartments | September 9, 2026 By: Mike Boyd Development Group Inks $58M Construction Loan for Coconut Grove Condos A development team closed on a $58 million construction loan to build The Lincoln, a luxury boutique condominium with 48 residences in Coconut Grove, Florida. The project has begun construction and is scheduled ","You are a strategic research analyst for Woomi / Woomi Global.
Analyze the following US multifamily housing article for developer strategy.

Article context:
- Title: Development Group Inks $58M Construction Loan for Coconut Grove Condos
- Source: Connect CRE South Florida
- URL: https://www.connectcre.com/stories/development-group-inks-58m-construction-loan-for-coconut-grove-condos/
- Market focus: Miami / Florida
- Strategic angle: Financing Risk; Developer Strategy
- Market signal: No Clear Numeric Signal
- Extracted numbers: $58m; $58 million
- Strategic implication: Monitor financing conditions because the article includes apartment, apartments, berkadia and $58m, $58 million, which may affect construction loans, refinancing risk, and exit cap rates.
- Woomi relevance: High relevance to US residential developer strategy

Please answer in concise bullet points:
1. Why does this article matter for a US multifamily developer?
2. What is the implication for Woomi / Woomi Global?
3. What risk or opportunity does this indicate?
4. What follow-up question should the strategy team ask?",90,Excellent,missing market signal,"Rule-based interpretation: Connect CRE South Florida article 'Development Group Inks $58M Construction Loan for Coconut Grove Condos' is classified as priority review for Miami / Florida. It points to financing, refinancing, or debt-market conditions. Treat as a briefing input, not a standalone investment conclusion; confirm with source diversity, repeat observation, and market-specific evidence.",Macro & Financing; Development Strategy; Market Players & Deals,apartment; apartments; berkadia; construction; development; financing; loan,Development Group Inks $58M Construction Loan for Coconut Grove Condos,https://www.connectcre.com/stories/development-group-inks-58m-construction-loan-for-coconut-grove-condos/,Yes,art_e7a3ed929243a0f7,Miami / South Florida,core_15,Multifamily,financing/refinancing,제외/금융,제외/금융,Yes,article page appears accessible from collected text,Yes,No,standard,art_e7a3ed929243a0f7,https://www.connectcre.com/stories/development-group-inks-58m-construction-loan-for-coconut-grove-condos/,Development Group Inks $58M Construction Loan for Coconut Grove Condos,open,open,https://www.connectcre.com/stories/development-group-inks-58m-construction-loan-for-coconut-grove-condos/,valid,title/source/url metadata are internally consistent,Development Activity,GP / Capital Activity,development_project_anchor: project financing/capital event tied to project (unit/site count: 48 residences; execution milestone: to build; project/asset term: project; project financing tied to anchor: construction loan),acceptable_repeat,1,2026-09-09,2026-09-11,2,fresh_0_3d,fresh,published date parsed; article age 2 day(s),78,previously seen article,Miami,Florida,matched city/metro keyword: Miami,construction_financing,repeated_but_retained,selected or retained for GP / capital review,Yes,Berkadia,Development Group; Mike Boyd Development Group,dictionary_match,high,"Matched known institutional / GP entity in title, summary, or source text.",True,unit/site count: 48 residences; execution milestone: to build; project/asset term: project; project financing tied to anchor: construction loan,high,Project Financing / Capital Event,No,,,Berkadia,Berkadia,Development Group,Development Group; Mike Boyd Development Group,Berkadia,Development Group; Mike Boyd Development Group,capital_markets,institutional_capital,construction_financing,none,none,lender_activity,construction_loan,unknown,lender; developer,Market reference detected as Miami / Florida.,high,Capital event keywords detected: construction_financing. Financing type keywords detected: construction_loan. Institutional activity terms detected: lender_activity. Primary topic set to capital_markets; confidence high.,85,56,general market observation with limited strategic behavior evidence,46
2026-09-11,20260911-005121-ae902a35,2026-09-11 00:51:10,Connect CRE South Florida,Site / Parcel Source Expansion,Tier 2,development_pipeline;gp_activity;sunbelt,Other,Mixed-Use Residential,"Tue, 01 Sep 2026 13:50:57 +0000",100,High,Must Read,Miami / Florida,Financing Risk; Developer Strategy,Track Financing Conditions; Track Developer Strategy,"Monitor financing conditions because the article includes apartment, apartments, bridge loan and $245m, $245 million, $1 billion, which may affect construction loans, refinancing risk, and exit cap rates.",High relevance to US residential developer strategy,Read full article,"Included because it scored 100 and mentions apartment, apartments, bridge loan, with a Financing Risk; Developer Strategy angle for Miami / Florida.",Financing Cost Signal,$245m; $245 million; $1 billion,"Florida & Gulf Coast CRE News In Your Inbox. Sign up for Connect emails to stay informed with CRE stories that are 150 words or less. Florida & Gulf Coast + South Florida + Apartments | September 1, 2026 By: Mike Boyd Terra Lands $245M Financing for Newly Completed Upland Park Development Terra secured a $245 million bridge loan for the newly completed first phase of Upland Park, a $1 billion, 47-acre mixed-use transit-oriented development in West Miami-Dade County. The loan was provided by SCAL","You are a strategic research analyst for Woomi / Woomi Global.
Analyze the following US multifamily housing article for developer strategy.

Article context:
- Title: Terra Lands $245M Financing for Newly Completed Upland Park Development
- Source: Connect CRE South Florida
- URL: https://www.connectcre.com/stories/terra-lands-245m-financing-for-newly-completed-upland-park-development/
- Market focus: Miami / Florida
- Strategic angle: Financing Risk; Developer Strategy
- Market signal: Financing Cost Signal
- Extracted numbers: $245m; $245 million; $1 billion
- Strategic implication: Monitor financing conditions because the article includes apartment, apartments, bridge loan and $245m, $245 million, $1 billion, which may affect construction loans, refinancing risk, and exit cap rates.
- Woomi relevance: High relevance to US residential developer strategy

Please answer in concise bullet points:
1. Why does this article matter for a US multifamily developer?
2. What is the implication for Woomi / Woomi Global?
3. What risk or opportunity does this indicate?
4. What follow-up question should the strategy team ask?",98,Excellent,None,"Rule-based interpretation: Connect CRE South Florida article 'Terra Lands $245M Financing for Newly Completed Upland Park Development' is classified as priority review for Miami / Florida. It points to financing, refinancing, or debt-market conditions. Treat as a briefing input, not a standalone investment conclusion; confirm with source diversity, repeat observation, and market-specific evidence.",Macro & Financing; Development Strategy,apartment; apartments; bridge loan; debt; development; financing; lending; loan; multifamily,Terra Lands $245M Financing for Newly Completed Upland Park Development,https://www.connectcre.com/stories/terra-lands-245m-financing-for-newly-completed-upland-park-development/,Yes,art_6a88cd14fba9d49a,Miami / South Florida,core_15,Mixed-use Residential,delivery/completion; financing/refinancing; policy/regulation,제외/금융,제외/금융,Yes,article page appears accessible from collected text,Yes,No,standard,art_6a88cd14fba9d49a,https://www.connectcre.com/stories/terra-lands-245m-financing-for-newly-completed-upland-park-development/,Terra Lands $245M Financing for Newly Completed Upland Park Development,open,open,https://www.connectcre.com/stories/terra-lands-245m-financing-for-newly-completed-upland-park-development/,valid,title/source/url metadata are internally consistent,Development Activity,GP / Capital Activity,development_project_anchor: capital event with identifiable project/asset (unit/site count: 47-acre; project/asset term: development),repeat_penalized,9,2026-09-01,2026-09-11,10,recent_4_14d,recent,published date parsed; article age 10 day(s),55,previously seen article,Miami,Florida,matched city/metro keyword: Miami,debt_financing,retained_repeat,selected or retained for GP / capital review,Yes,Participant not identified,,unresolved,unresolved,"No institution name detected in dictionary, title, summary, or source text.",True,unit/site count: 47-acre; project/asset term: development,high,Project / Asset,No,,,,,,,,,capital_markets,development_pipeline; institutional_capital,bridge_loan,delivery,none,lender_activity,bridge_loan,mixed_use,lender; developer,Market reference detected as Miami / Florida.,medium,Capital event keywords detected: bridge_loan. Financing type keywords detected: bridge_loan. Development-stage terms detected: delivery. Institutional activity terms detected: lender_activity. Primary topic set to capital_markets; confidence medium.,100,70,large-scale refinance tied to strategy,43
2026-09-11,20260911-005121-ae902a35,2026-09-11 00:51:13,Connect CRE Phoenix,Site / Parcel Source Expansion,Tier 2,development_pipeline;gp_activity;sunbelt,Other,Mixed-Use Residential,"Thu, 03 Sep 2026 15:58:16 +0000",100,High,Must Read,Phoenix / Arizona,Institutional Flow; Developer Strategy,Track Institutional Capital Flow; Track Developer Strategy,"Review this as a supply risk signal because it references new deliveries, starts, pipeline, or permits in Phoenix / Arizona.",High relevance to US residential developer strategy,Read full article,"Included because it scored 100 and mentions apartment, apartments, brookfield, with a Institutional Flow; Developer Strategy angle for Phoenix / Arizona.",Supply / Starts Signal,261 units,"Phoenix & Southwest CRE News In Your Inbox. Sign up for Connect emails to stay informed with CRE stories that are 150 words or less. Phoenix & Southwest + Phoenix + Apartments | September 3, 2026 By: Mike Boyd Evergreen Building Mesa Apartments, Retail Evergreen Development acquired an 11.7-acre parcel north of Signal Butte and Warner in Mesa’s Eastmark submarket to build a mixed-use community that pairs multifamily housing with new retail. The property was purchased from Brookfield. The develop","You are a strategic research analyst for Woomi / Woomi Global.
Analyze the following US multifamily housing article for developer strategy.

Article context:
- Title: Evergreen Building Mesa Apartments, Retail
- Source: Connect CRE Phoenix
- URL: https://www.connectcre.com/stories/evergreen-building-mesa-apartments-retail/
- Market focus: Phoenix / Arizona
- Strategic angle: Institutional Flow; Developer Strategy
- Market signal: Supply / Starts Signal
- Extracted numbers: 261 units
- Strategic implication: Review this as a supply risk signal because it references new deliveries, starts, pipeline, or permits in Phoenix / Arizona.
- Woomi relevance: High relevance to US residential developer strategy

Please answer in concise bullet points:
1. Why does this article matter for a US multifamily developer?
2. What is the implication for Woomi / Woomi Global?
3. What risk or opportunity does this indicate?
4. What follow-up question should the strategy team ask?",98,Excellent,None,"Rule-based interpretation: Connect CRE Phoenix article 'Evergreen Building Mesa Apartments, Retail' is classified as priority review for Phoenix / Arizona. It points to supply, delivery, lease-up, or absorption conditions. Treat as a briefing input, not a standalone investment conclusion; confirm with source diversity, repeat observation, and market-specific evidence.",Development Strategy; Market Players & Deals,apartment; apartments; brookfield; development; multifamily,"Evergreen Building Mesa Apartments, Retail",https://www.connectcre.com/stories/evergreen-building-mesa-apartments-retail/,Yes,art_3cb36cf22ed5bb0c,Phoenix,core_15,Mixed-use Residential,acquisition,개발/인허가,개발/인허가; 거래/투자,No,article page appears accessible from collected text,Yes,No,standard,art_3cb36cf22ed5bb0c,https://www.connectcre.com/stories/evergreen-building-mesa-apartments-retail/,"Evergreen Building Mesa Apartments, Retail",open,open,https://www.connectcre.com/stories/evergreen-building-mesa-apartments-retail/,valid,title/source/url metadata are internally consistent,Development Activity,GP / Capital Activity,development_project_anchor: capital event with identifiable project/asset (execution milestone: to build; site/parcel signal: parcel; project/asset term: development),repeat_penalized,7,2026-09-03,2026-09-11,8,recent_4_14d,recent,published date parsed; article age 8 day(s),55,previously seen article,Phoenix,Arizona,matched city/metro keyword: Phoenix,acquisition,retained_repeat,selected or retained for GP / capital review,Yes,Brookfield,,dictionary_match,high,"Matched known institutional / GP entity in title, summary, or source text.",True,execution milestone: to build; site/parcel signal: parcel; project/asset term: development,high,Project / Asset,No,,,Brookfield,,,,Brookfield,,transaction_market,capital_markets; institutional_capital,acquisition,none,none,private_equity_activity,none,mixed_use,developer,Market reference detected as Phoenix / Arizona.,medium,Capital event keywords detected: acquisition. Institutional activity terms detected: private_equity_activity. Primary topic set to transaction_market; confidence medium.,85,70,institutional acquisition behavior,51
2026-09-11,20260911-005121-ae902a35,2026-09-11 00:51:18,Connect CRE Orange County,Site / Parcel Source Expansion,Tier 2,development_pipeline;gp_activity,Other,Affordable Housing,"Tue, 08 Sep 2026 21:23:13 +0000",100,High,Must Read,California,Financing Risk; Institutional Flow,Track Financing Conditions; Track Institutional Capital Flow,"Monitor financing conditions because the article includes affordable housing, apartment, apartments and $66.3, 650 homes, which may affect construction loans, refinancing risk, and exit cap rates.",High relevance to US residential developer strategy,Read full article,"Included because it scored 100 and mentions affordable housing, apartment, apartments, with a Financing Risk; Institutional Flow angle for Los Angeles / California.",No Clear Numeric Signal,$66.3; 650 homes,"California CRE News In Your Inbox. Sign up for Connect emails to stay informed with CRE stories that are 150 words or less. California + Orange County + Apartments | September 8, 2026 By: Paul Bubny WNC Closes on 23rd California-Focused Affordable Housing Fund WNC & Associates, Inc. has closed on WNC Institutional Tax Credit Fund X California Series 23, L.P. The $66.3-million fund is the company’s 23rd consecutive California-focused multi-investor affordable housing fund for institutional invest","You are a strategic research analyst for Woomi / Woomi Global.
Analyze the following US multifamily housing article for developer strategy.

Article context:
- Title: WNC Closes on 23rd California-Focused Affordable Housing Fund
- Source: Connect CRE Orange County
- URL: https://www.connectcre.com/stories/wnc-closes-on-23rd-california-focused-affordable-housing-fund/
- Market focus: Los Angeles / California
- Strategic angle: Financing Risk; Institutional Flow
- Market signal: No Clear Numeric Signal
- Extracted numbers: $66.3; 650 homes
- Strategic implication: Monitor financing conditions because the article includes affordable housing, apartment, apartments and $66.3, 650 homes, which may affect construction loans, refinancing risk, and exit cap rates.
- Woomi relevance: High relevance to US residential developer strategy

Please answer in concise bullet points:
1. Why does this article matter for a US multifamily developer?
2. What is the implication for Woomi / Woomi Global?
3. What risk or opportunity does this indicate?
4. What follow-up question should the strategy team ask?",90,Excellent,missing market signal,"Rule-based interpretation: Connect CRE Orange County article 'WNC Closes on 23rd California-Focused Affordable Housing Fund' is classified as priority review for Los Angeles / California. It points to financing, refinancing, or debt-market conditions. Treat as a briefing input, not a standalone investment conclusion; confirm with source diversity, repeat observation, and market-specific evidence.",Macro & Financing; Development Strategy; Policy & Regulation,affordable housing; apartment; apartments; construction; financing,WNC Closes on 23rd California-Focused Affordable Housing Fund,https://www.connectcre.com/stories/wnc-closes-on-23rd-california-focused-affordable-housing-fund/,Yes,art_058dd278581231bc,Los Angeles / Southern California,core_15,Affordable Housing,policy/regulation,개발/인허가,개발/인허가; 거래/투자; 시장 데이터,No,article page appears accessible from collected text,Yes,No,standard,art_058dd278581231bc,https://www.connectcre.com/stories/wnc-closes-on-23rd-california-focused-affordable-housing-fund/,WNC Closes on 23rd California-Focused Affordable Housing Fund,open,open,https://www.connectcre.com/stories/wnc-closes-on-23rd-california-focused-affordable-housing-fund/,valid,title/source/url metadata are internally consistent,Development Activity,GP / Capital Activity; Market Intelligence,development_project_anchor: capital event with identifiable project/asset (project/asset term: apartments),acceptable_repeat,2,2026-09-08,2026-09-11,3,fresh_0_3d,fresh,published date parsed; article age 3 day(s),74,previously seen article,,California,matched state keyword: California,capital_raise,repeated_but_retained,selected or retained for GP / capital review,Yes,WNC,,title_lead_pattern,medium,Inferred entity from headline lead segment and capital-event verb.,True,project/asset term: apartments,medium,Project / Asset,No,,,WNC,,,,WNC,,macro_financing,none,none,none,none,none,tax_credit_financing,affordable_housing,lender; developer; investor,Market reference detected as California.,low,Financing type keywords detected: tax_credit_financing. Primary topic set to macro_financing; confidence low.,60,40,classification confidence penalty,28
2026-09-11,20260911-005121-ae902a35,2026-09-11 00:51:00,Urbanize LA,Regional / California / LA Sources,Tier 2,development_pipeline;entitlement;la_california,Other,Apartment,"Wed, 09 Sep 2026 13:05:00 +0000",99,High,Must Read,Los Angeles / California,Regulation Risk; Developer Strategy,Track Regulation Risk; Track Developer Strategy,"Monitor regulation risk because the article may affect entitlement, zoning, rent rules, affordability requirements, or permitting strategy.",High relevance to US residential developer strategy,Read full article,"Included because it scored 99 and mentions apartment, apartments, construction, with a Regulation Risk; Developer Strategy angle for Los Angeles / California.",No Clear Numeric Signal,12 apartments,"Infill housing coming to 1030 N. Sierra Bonita Ave. in West Hollywood | Urbanize LA Skip to main content Advertisement Advertisement The former site of duplex in West Hollywood is slated for redevelopment with a larger multifamily residential building, according to a report to the West Hollywood Planning Commission's Design Review Subcommittee. The project from Downtown-based Vanowen Management, LLC, which would rise at 1030 N. Sierra Bonita Avenue , calls for the construction of a seven-story b","You are a strategic research analyst for Woomi / Woomi Global.
Analyze the following US multifamily housing article for developer strategy.

Article context:
- Title: Infill housing coming to 1030 N. Sierra Bonita Ave. in West Hollywood
- Source: Urbanize LA
- URL: https://la.urbanize.city/post/infill-housing-coming-1030-n-sierra-bonita-ave-west-hollywood
- Market focus: Los Angeles / California
- Strategic angle: Regulation Risk; Developer Strategy
- Market signal: No Clear Numeric Signal
- Extracted numbers: 12 apartments
- Strategic implication: Monitor regulation risk because the article may affect entitlement, zoning, rent rules, affordability requirements, or permitting strategy.
- Woomi relevance: High relevance to US residential developer strategy

Please answer in concise bullet points:
1. Why does this article matter for a US multifamily developer?
2. What is the implication for Woomi / Woomi Global?
3. What risk or opportunity does this indicate?
4. What follow-up question should the strategy team ask?",90,Excellent,missing market signal,"Rule-based interpretation: Urbanize LA article 'Infill housing coming to 1030 N. Sierra Bonita Ave. in West Hollywood' is classified as priority review for Los Angeles / California. It points to entitlement, zoning, permitting, or policy conditions. Treat as a briefing input, not a standalone investment conclusion; confirm with source diversity, repeat observation, and market-specific evidence.",Development Strategy,apartment; apartments; construction; density bonus; development; multifamily; permit; zoning,Infill housing coming to 1030 N. Sierra Bonita Ave. in West Hollywood,https://la.urbanize.city/post/infill-housing-coming-1030-n-sierra-bonita-ave-west-hollywood,Yes,art_18f8d66af87c257c,Los Angeles / Southern California,core_15,Multifamily,development; permit/entitlement; policy/regulation,개발/인허가,개발/인허가; 시장 데이터,No,limited source or insufficient readable article text,Yes,No,access_limited_source,art_18f8d66af87c257c,https://la.urbanize.city/post/infill-housing-coming-1030-n-sierra-bonita-ave-west-hollywood,Infill housing coming to 1030 N. Sierra Bonita Ave. in West Hollywood,access_limited,access_limited,https://la.urbanize.city/post/infill-housing-coming-1030-n-sierra-bonita-ave-west-hollywood,valid,title/source/url metadata are internally consistent,Development Activity,,development_project_anchor: Approval / Entitlement (address/street: 1030 n. sierra bonita ave; site/parcel signal: site; project/asset term: project),acceptable_repeat,1,2026-09-09,2026-09-11,2,fresh_0_3d,fresh,published date parsed; article age 2 day(s),66,previously seen article; limited page access,Los Angeles,California,matched city/metro keyword: Los Angeles,none,not_candidate,not a GP / capital candidate,No,,,,,,True,address/street: 1030 n. sierra bonita ave; site/parcel signal: site; project/asset term: project,high,Approval / Entitlement,No,,,,,,,,,other,none,none,none,none,none,none,unknown,developer,Market reference detected as Los Angeles / California.,unknown,"Limited/paywalled article; classification is based on title, URL, source, and available lead text only. No clear rule-based event keyword was detected. Primary topic set to other; confidence unknown.",45,43,entitlement persistence; limited article: title/lead-based review needed; classification confidence penalty,35
2026-09-11,20260911-005121-ae902a35,2026-09-11 00:50:44,Commercial Observer,Core Multifamily News,Tier 1,national_multifamily,Other,Apartment,"Thu, 10 Sep 2026 20:49:58 +0000",98,High,Must Read,Seattle,Financing Risk; Institutional Flow,Track Financing Conditions; Track Institutional Capital Flow,"Monitor financing conditions because the article includes apartment, apartments, debt and $55m, $55 million, which may affect construction loans, refinancing risk, and exit cap rates.",High relevance to US residential developer strategy,Read full article,"Included because it scored 98 and mentions apartment, apartments, debt, with a Financing Risk; Institutional Flow angle for Seattle.",Financing Cost Signal,$55m; $55 million,"Residential · Multifamily Seattle Finance · Refinance Japanese Firm Orix Provides $55M Refi for 200-Unit Seattle Apartment Complex A joint venture among Mack Real Estate Group, Silverstein Properties and Cantor Fitzgerald owns Swell Apartments By Brian Pascus September 10, 2026 4:49 pm reprints Newmark's Jordan Roeschlaub (top) and Christopher Kramer, and the Seattle skyline. PHOTOS: Courtesy Newmark; Aaron M. Sprecher/Getty Images A joint venture among Mack Real Estate Group , Silverstein Prope","You are a strategic research analyst for Woomi / Woomi Global.
Analyze the following US multifamily housing article for developer strategy.

Article context:
- Title: Japanese Firm Orix Provides $55M Refi for 200-Unit Seattle Apartment Complex
- Source: Commercial Observer
- URL: https://commercialobserver.com/2026/09/orix-55m-refi-seattle-swell-apartments/
- Market focus: Seattle
- Strategic angle: Financing Risk; Institutional Flow
- Market signal: Financing Cost Signal
- Extracted numbers: $55m; $55 million
- Strategic implication: Monitor financing conditions because the article includes apartment, apartments, debt and $55m, $55 million, which may affect construction loans, refinancing risk, and exit cap rates.
- Woomi relevance: High relevance to US residential developer strategy

Please answer in concise bullet points:
1. Why does this article matter for a US multifamily developer?
2. What is the implication for Woomi / Woomi Global?
3. What risk or opportunity does this indicate?
4. What follow-up question should the strategy team ask?",98,Excellent,None,"Rule-based interpretation: Commercial Observer article 'Japanese Firm Orix Provides $55M Refi for 200-Unit Seattle Apartment Complex' is classified as priority review for Seattle. It points to financing, refinancing, or debt-market conditions. Treat as a briefing input, not a standalone investment conclusion; confirm with source diversity, repeat observation, and market-specific evidence.",Macro & Financing; Market Players & Deals,apartment; apartments; debt; joint venture; multifamily,Japanese Firm Orix Provides $55M Refi for 200-Unit Seattle Apartment Complex,https://commercialobserver.com/2026/09/orix-55m-refi-seattle-swell-apartments/,No,art_b4a45e5b9f182fe4,Seattle,core_15,Multifamily,financing/refinancing; JV/recapitalization,제외/금융,제외/금융,Yes,article page appears accessible from collected text,Yes,No,standard,art_b4a45e5b9f182fe4,https://commercialobserver.com/2026/09/orix-55m-refi-seattle-swell-apartments/,Japanese Firm Orix Provides $55M Refi for 200-Unit Seattle Apartment Complex,open,open,https://commercialobserver.com/2026/09/orix-55m-refi-seattle-swell-apartments/,valid,title/source/url metadata are internally consistent,Development Activity,GP / Capital Activity,development_project_anchor: project financing/capital event tied to project (unit/site count: 200-unit; project/asset term: apartments),new_or_fresh,0,2026-09-10,2026-09-11,1,fresh_0_3d,fresh,published date parsed; article age 1 day(s),100,fresh article or no repeat penalty,,,used broad market bucket: Seattle,joint_venture,new_candidate,selected or retained for GP / capital review,Yes,Mack Real Estate Group,,dictionary_match,high,"Matched known institutional / GP entity in title, summary, or source text.",True,unit/site count: 200-unit; project/asset term: apartments,high,Project Financing / Capital Event,No,,,Mack Real Estate Group,,,,Mack Real Estate Group,,capital_markets,none,refinancing; joint_venture,none,none,none,none,unknown,lender,Market reference detected as Seattle.,high,"Capital event keywords detected: refinancing, joint_venture. Primary topic set to capital_markets; confidence high.",75,80,JV or partnership activity; large-scale refinance tied to strategy,72
2026-09-11,20260911-005121-ae902a35,2026-09-11 00:51:06,REBusiness Online,Site / Parcel Source Expansion,Tier 2,development_pipeline;gp_activity,Other,Apartment,2026-09-10T13:32:24Z,98,High,Must Read,Other / Unknown,Financing Risk,Track Financing Conditions,"Monitor financing conditions because the article includes apartment, financing, loan and $93.5m, $93.5 million, 350 units, which may affect construction loans, refinancing risk, and exit cap rates.",High relevance to US residential developer strategy,Read full article,"Included because it scored 98 and mentions apartment, financing, loan, with a Financing Risk angle for a broad or unspecified market.",Supply / Starts Signal,$93.5m; $93.5 million; 350 units,"The Elizabeth rises 28 stories in Chicago’s Fulton Market. Illinois Loans Midwest Multifamily Draper and Kramer Arranges $93.5M Refinancing for Chicago Multifamily Property by Kristin Harlow September 10, 2026 September 10, 2026 3 CHICAGO — Draper and Kramer Inc. has arranged a $93.5 million loan for the refinancing of The Elizabeth, a 28-story apartment tower at 225 N. Elizabeth St. in Chicago’s Fulton Market. Bill Barry and Bill Stewart of Draper and Kramer’s Commercial Finance Group arranged ","You are a strategic research analyst for Woomi / Woomi Global.
Analyze the following US multifamily housing article for developer strategy.

Article context:
- Title: Draper and Kramer Arranges $93.5M Refinancing for Chicago Multifamily Property
- Source: REBusiness Online
- URL: https://rebusinessonline.com/draper-and-kramer-arranges-93-5m-refinancing-for-chicago-multifamily-property/
- Market focus: Other / Unknown
- Strategic angle: Financing Risk
- Market signal: Supply / Starts Signal
- Extracted numbers: $93.5m; $93.5 million; 350 units
- Strategic implication: Monitor financing conditions because the article includes apartment, financing, loan and $93.5m, $93.5 million, 350 units, which may affect construction loans, refinancing risk, and exit cap rates.
- Woomi relevance: High relevance to US residential developer strategy

Please answer in concise bullet points:
1. Why does this article matter for a US multifamily developer?
2. What is the implication for Woomi / Woomi Global?
3. What risk or opportunity does this indicate?
4. What follow-up question should the strategy team ask?",90,Excellent,missing market focus,"Rule-based interpretation: REBusiness Online article 'Draper and Kramer Arranges $93.5M Refinancing for Chicago Multifamily Property' is classified as priority review for Other / Unknown. It points to financing, refinancing, or debt-market conditions. Treat as a briefing input, not a standalone investment conclusion; confirm with source diversity, repeat observation, and market-specific evidence.",Macro & Financing; Supply & Demand,apartment; financing; loan; midwest; multifamily; refinancing,Draper and Kramer Arranges $93.5M Refinancing for Chicago Multifamily Property,https://rebusinessonline.com/draper-and-kramer-arranges-93-5m-refinancing-for-chicago-multifamily-property/,No,art_42537fd03a8d967d,Other / Unknown,other,Multifamily,financing/refinancing; policy/regulation; market data/supply-demand,제외/금융,제외/금융,Yes,article page appears accessible from collected text,No,No,standard,art_42537fd03a8d967d,https://rebusinessonline.com/draper-and-kramer-arranges-93-5m-refinancing-for-chicago-multifamily-property/,Draper and Kramer Arranges $93.5M Refinancing for Chicago Multifamily Property,open,open,https://rebusinessonline.com/draper-and-kramer-arranges-93-5m-refinancing-for-chicago-multifamily-property/,valid,title/source/url metadata are internally consistent,Development Activity,GP / Capital Activity,development_project_anchor: project financing/capital event tied to project (unit/site count: 28-story; address/street: 225 n. elizabeth st; project/asset term: apartment tower),new_or_fresh,0,2026-09-10,2026-09-11,1,fresh_0_3d,fresh,published date parsed; article age 1 day(s),100,fresh article or no repeat penalty,,,"no city, state, or market keyword detected",refinancing,new_candidate,selected or retained for GP / capital review,Yes,Commercial Finance Group,,capital_event_sentence,medium,Inferred entity from source text near capital-event language.,True,unit/site count: 28-story; address/street: 225 n. elizabeth st; project/asset term: apartment tower,high,Project Financing / Capital Event,No,,,Commercial Finance Group,Commercial Finance Group,,,Commercial Finance Group,,capital_markets,none,refinancing,none,none,none,none,unknown,lender,No specific market detected; treated as broader capital markets context.,low,Capital event keywords detected: refinancing. Primary topic set to capital_markets; confidence low.,60,50,large-scale refinance tied to strategy; classification confidence penalty,42
2026-09-11,20260911-005121-ae902a35,2026-09-11 00:51:10,Connect CRE South Florida,Site / Parcel Source Expansion,Tier 2,development_pipeline;gp_activity;sunbelt,Other,Mixed-Use Residential,"Wed, 02 Sep 2026 13:51:30 +0000",93,High,Must Read,Miami / Florida,Financing Risk; Developer Strategy,Track Financing Conditions; Track Developer Strategy,"Monitor financing conditions because the article includes apartment, apartments, construction and $172.5m, $172.5 million, which may affect construction loans, refinancing risk, and exit cap rates.",High relevance to US residential developer strategy,Read full article,"Included because it scored 93 and mentions apartment, apartments, construction, with a Financing Risk; Developer Strategy angle for Miami / Florida.",No Clear Numeric Signal,$172.5m; $172.5 million,"Florida & Gulf Coast CRE News In Your Inbox. Sign up for Connect emails to stay informed with CRE stories that are 150 words or less. Florida & Gulf Coast + South Florida + Apartments | September 2, 2026 By: Mike Boyd Shoma Group Obtains $172.5M C-PACE Loan for North Bay Village Development Newmark has arranged $172.5 million in C-PACE construction financing on behalf of Shoma Group for Shoma Bay, a landmark mixed-use waterfront development in North Bay Village, Florida. Located at 1850 John F. ","You are a strategic research analyst for Woomi / Woomi Global.
Analyze the following US multifamily housing article for developer strategy.

Article context:
- Title: Shoma Group Obtains $172.5M C-PACE Loan for North Bay Village Development
- Source: Connect CRE South Florida
- URL: https://www.connectcre.com/stories/shoma-group-obtains-172-5m-c-pace-loan-for-north-bay-village-development/
- Market focus: Miami / Florida
- Strategic angle: Financing Risk; Developer Strategy
- Market signal: No Clear Numeric Signal
- Extracted numbers: $172.5m; $172.5 million
- Strategic implication: Monitor financing conditions because the article includes apartment, apartments, construction and $172.5m, $172.5 million, which may affect construction loans, refinancing risk, and exit cap rates.
- Woomi relevance: High relevance to US residential developer strategy

Please answer in concise bullet points:
1. Why does this article matter for a US multifamily developer?
2. What is the implication for Woomi / Woomi Global?
3. What risk or opportunity does this indicate?
4. What follow-up question should the strategy team ask?",90,Excellent,missing market signal,"Rule-based interpretation: Connect CRE South Florida article 'Shoma Group Obtains $172.5M C-PACE Loan for North Bay Village Development' is classified as priority review for Miami / Florida. It points to financing, refinancing, or debt-market conditions. Treat as a briefing input, not a standalone investment conclusion; confirm with source diversity, repeat observation, and market-specific evidence.",Macro & Financing; Development Strategy,apartment; apartments; construction; development; financing; loan,Shoma Group Obtains $172.5M C-PACE Loan for North Bay Village Development,https://www.connectcre.com/stories/shoma-group-obtains-172-5m-c-pace-loan-for-north-bay-village-development/,Yes,art_ca084cdf62eb0138,Miami / South Florida,core_15,Mixed-use Residential,financing/refinancing,제외/금융,제외/금융,Yes,article page appears accessible from collected text,Yes,No,standard,art_ca084cdf62eb0138,https://www.connectcre.com/stories/shoma-group-obtains-172-5m-c-pace-loan-for-north-bay-village-development/,Shoma Group Obtains $172.5M C-PACE Loan for North Bay Village Development,open,open,https://www.connectcre.com/stories/shoma-group-obtains-172-5m-c-pace-loan-for-north-bay-village-development/,valid,title/source/url metadata are internally consistent,Development Activity,GP / Capital Activity,development_project_anchor: project financing/capital event tied to project (project/asset term: development; project financing tied to anchor: construction financing),repeat_penalized,8,2026-09-02,2026-09-11,9,recent_4_14d,recent,published date parsed; article age 9 day(s),55,previously seen article,Miami,Florida,matched city/metro keyword: Miami,construction_financing,repeat_penalized,repeat exposure penalty,No,Shoma Group,Mike Boyd Shoma Group,capital_event_sentence,medium,Inferred entity from source text near capital-event language.,True,project/asset term: development; project financing tied to anchor: construction financing,high,Project Financing / Capital Event,No,,,Shoma Group,Shoma Group,Mike Boyd Shoma Group,Mike Boyd Shoma Group,Shoma Group,Mike Boyd Shoma Group,capital_markets,none,construction_financing,none,none,none,construction_loan,mixed_use,lender; developer,Market reference detected as Miami / Florida.,medium,Capital event keywords detected: construction_financing. Financing type keywords detected: construction_loan. Primary topic set to capital_markets; confidence medium.,75,54,general market observation with limited strategic behavior evidence,21
2026-09-11,20260911-005121-ae902a35,2026-09-11 00:50:41,Yield PRO,Core Multifamily News,Tier 1,lease_up_supply;national_multifamily,Other,Apartment,"Thu, 10 Sep 2026 18:29:58 +0000",92,High,Must Read,Other / Unknown,Financing Risk; Rent Growth / Demand; Institutional Flow,Track Financing Conditions; Track Rent / Vacancy Trend; Track Institutional Capital Flow,"Monitor financing conditions because the article includes apartment, apartments, financing and $2,425,000, $60,625, which may affect construction loans, refinancing risk, and exit cap rates.",High relevance to US residential developer strategy,Read full article,"Included because it scored 92 and mentions apartment, apartments, financing, with a Financing Risk; Rent Growth / Demand; Institutional Flow angle for a broad or unspecified market.",Vacancy Signal,"$2,425,000; $60,625","Deal boom News Facebook Twitter Linkedin Marcus & Millichap (NYSE: MMI) , a leading commercial real estate brokerage firm specializing in investment sales, financing, research and advisory services, announced the sale of Green Acres Apartments , a 40-unit multifamily community in Flint, Michigan. The property sold for $2,425,000, or $60,625 per unit. “Green Acres Apartments attracted strong interest because it combines stable occupancy fundamentals with opportunities for operational improvements","You are a strategic research analyst for Woomi / Woomi Global.
Analyze the following US multifamily housing article for developer strategy.

Article context:
- Title: Marcus & Millichap Arranges Sale of 40-Unit Multifamily Property in Flint Michigan
- Source: Yield PRO
- URL: https://yieldpro.com/2026/09/green-acres-apartments/
- Market focus: Other / Unknown
- Strategic angle: Financing Risk; Rent Growth / Demand; Institutional Flow
- Market signal: Vacancy Signal
- Extracted numbers: $2,425,000; $60,625
- Strategic implication: Monitor financing conditions because the article includes apartment, apartments, financing and $2,425,000, $60,625, which may affect construction loans, refinancing risk, and exit cap rates.
- Woomi relevance: High relevance to US residential developer strategy

Please answer in concise bullet points:
1. Why does this article matter for a US multifamily developer?
2. What is the implication for Woomi / Woomi Global?
3. What risk or opportunity does this indicate?
4. What follow-up question should the strategy team ask?",90,Excellent,missing market focus,"Rule-based interpretation: Yield PRO article 'Marcus & Millichap Arranges Sale of 40-Unit Multifamily Property in Flint Michigan' is classified as priority review for Other / Unknown. It points to financing, refinancing, or debt-market conditions. Treat as a briefing input, not a standalone investment conclusion; confirm with source diversity, repeat observation, and market-specific evidence.",Macro & Financing; Supply & Demand; Market Players & Deals,apartment; apartments; financing; multifamily; occupancy; sale,Marcus & Millichap Arranges Sale of 40-Unit Multifamily Property in Flint Michigan,https://yieldpro.com/2026/09/green-acres-apartments/,No,art_f0ab9ba50d6138b9,Other / Unknown,other,Multifamily,transaction/sale; market data/supply-demand; rent/occupancy/absorption,거래/투자,거래/투자; 운영/임대; 시장 데이터,No,article page appears accessible from collected text,No,No,standard,art_f0ab9ba50d6138b9,https://yieldpro.com/2026/09/green-acres-apartments/,Marcus & Millichap Arranges Sale of 40-Unit Multifamily Property in Flint Michigan,open,open,https://yieldpro.com/2026/09/green-acres-apartments/,valid,title/source/url metadata are internally consistent,Development Activity,GP / Capital Activity; Market Intelligence,development_project_anchor: capital event with identifiable project/asset (unit/site count: 40-unit; project/asset term: community),new_or_fresh,0,2026-09-10,2026-09-11,1,fresh_0_3d,fresh,published date parsed; article age 1 day(s),100,fresh article or no repeat penalty,,,"no city, state, or market keyword detected",disposition_exit,new_candidate,development article without confirmed capital event,No,Marcus & Millichap,,dictionary_match,high,"Matched known institutional / GP entity in title, summary, or source text.",True,unit/site count: 40-unit; project/asset term: community,high,Project / Asset,No,,,Marcus & Millichap,,,,Marcus & Millichap,,transaction_market,capital_markets; supply_demand,disposition,none,effective_rent_growth; vacancy; occupancy,none,none,unknown,lender; broker,No specific market detected; relevance remains broad.,medium,"Capital event keywords detected: disposition. Supply/demand terms detected: effective_rent_growth, vacancy, occupancy. Primary topic set to transaction_market; confidence medium.",60,62,lease-up or absorption behavior,58
2026-09-11,20260911-005121-ae902a35,2026-09-11 00:51:01,Urbanize LA,Regional / California / LA Sources,Tier 2,development_pipeline;entitlement;la_california,Other,Mixed-Use Residential,"Tue, 08 Sep 2026 13:10:00 +0000",89,High,Must Read,Other / Unknown,Developer Strategy,Track Developer Strategy,"Review this as a supply risk signal because it references new deliveries, starts, pipeline, or permits in Other / Unknown.",High relevance to US residential developer strategy,Read full article,"Included because it scored 89 and mentions apartment, apartments, construction, with a Developer Strategy angle for a broad or unspecified market.",Supply / Starts Signal,130 homes,"Mixed-use project to rise at 225 N. 2nd Ave. in Arcadia | Urbanize LA Skip to main content Advertisement Advertisement Last month, the City of Arcadia signed off on a proposal to develop a mixed-use project one block east of the City's A Line stop. The North Village project, which would rise from a property at 225 North 2nd Avenue, is proposed by an entity affiliated with Giantech Construction, Inc. Plans call for the construction of a new six-story building containing 130 studio, one-, two-, an","You are a strategic research analyst for Woomi / Woomi Global.
Analyze the following US multifamily housing article for developer strategy.

Article context:
- Title: Mixed-use project to rise at 225 N. 2nd Ave. in Arcadia
- Source: Urbanize LA
- URL: https://la.urbanize.city/post/mixed-use-project-rise-225-n-2nd-ave-arcadia
- Market focus: Other / Unknown
- Strategic angle: Developer Strategy
- Market signal: Supply / Starts Signal
- Extracted numbers: 130 homes
- Strategic implication: Review this as a supply risk signal because it references new deliveries, starts, pipeline, or permits in Other / Unknown.
- Woomi relevance: High relevance to US residential developer strategy

Please answer in concise bullet points:
1. Why does this article matter for a US multifamily developer?
2. What is the implication for Woomi / Woomi Global?
3. What risk or opportunity does this indicate?
4. What follow-up question should the strategy team ask?",90,Excellent,missing market focus,"Rule-based interpretation: Urbanize LA article 'Mixed-use project to rise at 225 N. 2nd Ave. in Arcadia' is classified as priority review for Other / Unknown. It points to supply, delivery, lease-up, or absorption conditions. Treat as a briefing input, not a standalone investment conclusion; confirm with source diversity, repeat observation, and market-specific evidence.",Development Strategy,apartment; apartments; construction; development,Mixed-use project to rise at 225 N. 2nd Ave. in Arcadia,https://la.urbanize.city/post/mixed-use-project-rise-225-n-2nd-ave-arcadia,Yes,art_e48ca688b8364277,Los Angeles / Southern California,core_15,Mixed-use Residential,,개발/인허가,개발/인허가,No,limited source or insufficient readable article text,Yes,No,access_limited_source,art_e48ca688b8364277,https://la.urbanize.city/post/mixed-use-project-rise-225-n-2nd-ave-arcadia,Mixed-use project to rise at 225 N. 2nd Ave. in Arcadia,access_limited,access_limited,https://la.urbanize.city/post/mixed-use-project-rise-225-n-2nd-ave-arcadia,valid,title/source/url metadata are internally consistent,Development Activity,Market Intelligence,development_project_anchor: Project / Asset (address/street: 225 n. 2nd ave; execution milestone: proposed; project/asset term: project),acceptable_repeat,2,2026-09-08,2026-09-11,3,fresh_0_3d,fresh,published date parsed; article age 3 day(s),62,previously seen article; limited page access,,,"no city, state, or market keyword detected",none,not_candidate,not a GP / capital candidate,No,,,,,,True,address/street: 225 n. 2nd ave; execution milestone: proposed; project/asset term: project,high,Project / Asset,No,,,,,,,,,research_data,none,none,none,none,none,none,mixed_use,developer,No specific market detected; relevance remains broad.,unknown,"Limited/paywalled article; classification is based on title, URL, source, and available lead text only. No clear rule-based event keyword was detected. Primary topic set to research_data; confidence unknown.",30,25,limited article: title/lead-based review needed; classification confidence penalty,13
2026-09-11,20260911-005121-ae902a35,2026-09-11 00:51:18,Connect CRE Orange County,Site / Parcel Source Expansion,Tier 2,development_pipeline;gp_activity,Other,Apartment,"Tue, 01 Sep 2026 20:37:20 +0000",89,High,Must Read,California,Financing Risk,Track Financing Conditions,"Monitor financing conditions because the article includes apartment, apartments, freddie mac and $88 million, which may affect construction loans, refinancing risk, and exit cap rates.",High relevance to US residential developer strategy,Read full article,"Included because it scored 89 and mentions apartment, apartments, freddie mac, with a Financing Risk angle for California.",Rent Growth Signal,$88 million,"California CRE News In Your Inbox. Sign up for Connect emails to stay informed with CRE stories that are 150 words or less. California + Orange County + Apartments | September 1, 2026 By: Mike Boyd Tishman Speyer Acquires 376-Unit Anaheim Rental Community Tishman Speyer acquired Rise, a multifamily community encompassing 376 market-rate apartments in Anaheim’s Platinum Triangle District. MORE Residential has owned the property since 2022. Tishman Speyer acquired the 340,000-square-foot residenti","You are a strategic research analyst for Woomi / Woomi Global.
Analyze the following US multifamily housing article for developer strategy.

Article context:
- Title: Tishman Speyer Acquires 376-Unit Anaheim Rental Community
- Source: Connect CRE Orange County
- URL: https://www.connectcre.com/stories/tishman-speyer-acquires-376-unit-anaheim-rental-community/
- Market focus: California
- Strategic angle: Financing Risk
- Market signal: Rent Growth Signal
- Extracted numbers: $88 million
- Strategic implication: Monitor financing conditions because the article includes apartment, apartments, freddie mac and $88 million, which may affect construction loans, refinancing risk, and exit cap rates.
- Woomi relevance: High relevance to US residential developer strategy

Please answer in concise bullet points:
1. Why does this article matter for a US multifamily developer?
2. What is the implication for Woomi / Woomi Global?
3. What risk or opportunity does this indicate?
4. What follow-up question should the strategy team ask?",98,Excellent,None,"Rule-based interpretation: Connect CRE Orange County article 'Tishman Speyer Acquires 376-Unit Anaheim Rental Community' is classified as priority review for California. It points to financing, refinancing, or debt-market conditions. Treat as a briefing input, not a standalone investment conclusion; confirm with source diversity, repeat observation, and market-specific evidence.",Macro & Financing,apartment; apartments; freddie mac; loan; multifamily,Tishman Speyer Acquires 376-Unit Anaheim Rental Community,https://www.connectcre.com/stories/tishman-speyer-acquires-376-unit-anaheim-rental-community/,Yes,art_bdb55363e81b79f1,Los Angeles / Southern California,core_15,Multifamily,acquisition; financing/refinancing; rent/occupancy/absorption,거래/투자,거래/투자; 운영/임대; 시장 데이터,No,article page appears accessible from collected text,Yes,No,standard,art_bdb55363e81b79f1,https://www.connectcre.com/stories/tishman-speyer-acquires-376-unit-anaheim-rental-community/,Tishman Speyer Acquires 376-Unit Anaheim Rental Community,open,open,https://www.connectcre.com/stories/tishman-speyer-acquires-376-unit-anaheim-rental-community/,valid,title/source/url metadata are internally consistent,Development Activity,GP / Capital Activity,development_project_anchor: capital event with identifiable project/asset (unit/site count: 376-unit; project/asset term: community),repeat_penalized,9,2026-09-01,2026-09-11,10,recent_4_14d,recent,published date parsed; article age 10 day(s),55,previously seen article,,California,matched state keyword: California,acquisition,retained_repeat,selected or retained for GP / capital review,Yes,Tishman Speyer,Freddie Mac,dictionary_match,high,"Matched known institutional / GP entity in title, summary, or source text.",True,unit/site count: 376-unit; project/asset term: community,high,Project / Asset,No,,,Tishman Speyer,,Freddie Mac,Freddie Mac,Tishman Speyer,Freddie Mac,transaction_market,capital_markets; supply_demand,acquisition,none,effective_rent_growth,lender_activity; gp_acquisition,agency_debt,unknown,lender,Market reference detected as California.,high,"Capital event keywords detected: acquisition. Financing type keywords detected: agency_debt. Supply/demand terms detected: effective_rent_growth. Institutional activity terms detected: lender_activity, gp_acquisition. Primary topic set to transaction_market; confidence high.",85,70,institutional acquisition behavior,51
2026-09-11,20260911-005121-ae902a35,2026-09-11 00:50:53,NAHB Eye on Housing - Multifamily,Public Agency / Housing Data,Tier 3,national_multifamily,Other,Apartment,"Tue, 17 Mar 2026 12:36:00 +0000",88,High,Must Read,Other / Unknown,Supply Pressure; Developer Strategy,Track Supply Pipeline; Track Developer Strategy,"Review this as a supply risk signal because it references new deliveries, starts, pipeline, or permits in Other / Unknown.",High relevance to US residential developer strategy,Read full article,"Included because it scored 88 and mentions apartment, apartments, construction, with a Supply Pressure; Developer Strategy angle for a broad or unspecified market.",No Clear Numeric Signal,,"Best Year for Missing Middle Construction Since 2007 – Eye On Housing Skip to content Best Year for Missing Middle Construction Since 2007 March 17, 2026 Robert Dietz No Comments While not a huge jump, 2025 featured the highest construction volume for multifamily missing middle housing starts. The missing middle construction sector includes development of medium-density housing, such as townhouses, duplexes and other small multifamily properties. The multifamily segment of the missing middle (ap","You are a strategic research analyst for Woomi / Woomi Global.
Analyze the following US multifamily housing article for developer strategy.

Article context:
- Title: Best Year for Missing Middle Construction Since 2007
- Source: NAHB Eye on Housing - Multifamily
- URL: https://eyeonhousing.org/2026/03/best-year-for-missing-middle-construction-since-2007/
- Market focus: Other / Unknown
- Strategic angle: Supply Pressure; Developer Strategy
- Market signal: No Clear Numeric Signal
- Extracted numbers: None detected
- Strategic implication: Review this as a supply risk signal because it references new deliveries, starts, pipeline, or permits in Other / Unknown.
- Woomi relevance: High relevance to US residential developer strategy

Please answer in concise bullet points:
1. Why does this article matter for a US multifamily developer?
2. What is the implication for Woomi / Woomi Global?
3. What risk or opportunity does this indicate?
4. What follow-up question should the strategy team ask?",74,Good,missing extracted numbers; missing market focus; missing market signal,"Rule-based interpretation: NAHB Eye on Housing - Multifamily article 'Best Year for Missing Middle Construction Since 2007' is classified as priority review for Other / Unknown. It points to supply, delivery, lease-up, or absorption conditions. Treat as a briefing input, not a standalone investment conclusion; confirm with source diversity, repeat observation, and market-specific evidence.",Development Strategy,apartment; apartments; construction; development; multifamily; starts,Best Year for Missing Middle Construction Since 2007,https://eyeonhousing.org/2026/03/best-year-for-missing-middle-construction-since-2007/,Yes,art_aacce01d44f1d55f,Other / Unknown,other,Multifamily,market data/supply-demand,개발/인허가,개발/인허가; 시장 데이터,No,article page appears accessible from collected text,No,No,standard,art_aacce01d44f1d55f,https://eyeonhousing.org/2026/03/best-year-for-missing-middle-construction-since-2007/,Best Year for Missing Middle Construction Since 2007,open,open,https://eyeonhousing.org/2026/03/best-year-for-missing-middle-construction-since-2007/,valid,title/source/url metadata are internally consistent,Market Intelligence,Development Activity,"market, macro, research, or supply-demand article without confirmed deal or project event",repeat_penalized,115,2026-03-17,2026-09-11,178,old_31d_plus,archive,published date parsed; article age 178 day(s),5,published date parsed; article age 178 day(s); previously seen article,,,"no city, state, or market keyword detected",none,not_candidate,not a GP / capital candidate,No,,,,,,False,"no identifiable project, asset, site, address, or unit-count anchor",none,,No,,,,,,,,,supply_demand,none,none,none,supply_pressure,none,none,unknown,developer,No specific market detected; relevance remains broad.,low,Supply/demand terms detected: supply_pressure. Primary topic set to supply_demand; confidence low.,30,0,classification confidence penalty,0
2026-09-11,20260911-005121-ae902a35,2026-09-11 00:51:03,SF YIMBY,Regional / California / LA Sources,Tier 2,development_pipeline;entitlement;la_california,Other,Apartment,"Wed, 09 Sep 2026 12:00:39 +0000",87,High,Must Read,Other / Unknown,Regulation Risk; Developer Strategy,Track Regulation Risk; Track Developer Strategy,"Monitor regulation risk because the article may affect entitlement, zoning, rent rules, affordability requirements, or permitting strategy.",High relevance to US residential developer strategy,Read full article,"Included because it scored 87 and mentions apartment, apartments, development, with a Regulation Risk; Developer Strategy angle for a broad or unspecified market.",No Clear Numeric Signal,74 apartments,"2955 Shattuck Avenue, rendering by Studio KDA By: Andrew Nelson 5:00 am on September 9, 2026 The Berkeley Zoning Adjustment Board is scheduled to review plans tomorrow evening for 2955 Shattuck Avenue in South Berkeley , Alameda County . The proposal would replace a few low-slung commercial buildings with an eight-story complex containing 74 apartments and new ground-floor retail. Evans Property Company is responsible for the development. 2955 Shattuck Avenue lobby view, rendering by Studio KDA ","You are a strategic research analyst for Woomi / Woomi Global.
Analyze the following US multifamily housing article for developer strategy.

Article context:
- Title: Zoning Adjustment Board Meeting Tomorrow For 2955 Shattuck Avenue, Berkeley
- Source: SF YIMBY
- URL: https://sfyimby.com/2026/09/zoning-adjustment-board-meeting-tomorrow-for-2955-shattuck-avenue-berkeley.html
- Market focus: Other / Unknown
- Strategic angle: Regulation Risk; Developer Strategy
- Market signal: No Clear Numeric Signal
- Extracted numbers: 74 apartments
- Strategic implication: Monitor regulation risk because the article may affect entitlement, zoning, rent rules, affordability requirements, or permitting strategy.
- Woomi relevance: High relevance to US residential developer strategy

Please answer in concise bullet points:
1. Why does this article matter for a US multifamily developer?
2. What is the implication for Woomi / Woomi Global?
3. What risk or opportunity does this indicate?
4. What follow-up question should the strategy team ask?",82,Good,missing market focus; missing market signal,"Rule-based interpretation: SF YIMBY article 'Zoning Adjustment Board Meeting Tomorrow For 2955 Shattuck Avenue, Berkeley' is classified as priority review for Other / Unknown. It points to entitlement, zoning, permitting, or policy conditions. Treat as a briefing input, not a standalone investment conclusion; confirm with source diversity, repeat observation, and market-specific evidence.",Development Strategy,apartment; apartments; development; zoning,"Zoning Adjustment Board Meeting Tomorrow For 2955 Shattuck Avenue, Berkeley",https://sfyimby.com/2026/09/zoning-adjustment-board-meeting-tomorrow-for-2955-shattuck-avenue-berkeley.html,Yes,art_285b4401a526756f,San Francisco / Bay Area,other,Multifamily,development; permit/entitlement; policy/regulation,개발/인허가,개발/인허가,No,limited source or insufficient readable article text,No,No,access_limited_source,art_285b4401a526756f,https://sfyimby.com/2026/09/zoning-adjustment-board-meeting-tomorrow-for-2955-shattuck-avenue-berkeley.html,"Zoning Adjustment Board Meeting Tomorrow For 2955 Shattuck Avenue, Berkeley",access_limited,access_limited,https://sfyimby.com/2026/09/zoning-adjustment-board-meeting-tomorrow-for-2955-shattuck-avenue-berkeley.html,valid,title/source/url metadata are internally consistent,Development Activity,,development_project_anchor: Approval / Entitlement (unit/site count: 74 apartments; address/street: 2955 shattuck avenue; project/asset term: development),acceptable_repeat,1,2026-09-09,2026-09-11,2,fresh_0_3d,fresh,published date parsed; article age 2 day(s),66,previously seen article; limited page access,,,"no city, state, or market keyword detected",none,not_candidate,not a GP / capital candidate,No,,,,,,True,unit/site count: 74 apartments; address/street: 2955 shattuck avenue; project/asset term: development,high,Approval / Entitlement,No,,,,,,,,,development_pipeline,none,none,zoning,none,none,none,unknown,developer,No specific market detected; relevance remains broad.,low,"Limited/paywalled article; classification is based on title, URL, source, and available lead text only. Development-stage terms detected: zoning. Primary topic set to development_pipeline; confidence low.",45,43,entitlement persistence; limited article: title/lead-based review needed; classification confidence penalty,41
2026-09-11,20260911-005121-ae902a35,2026-09-11 00:51:20,Connect CRE California,Regional / California / LA Sources,Tier 2,development_pipeline;entitlement;la_california,Other,Apartment,"Wed, 09 Sep 2026 20:47:47 +0000",87,High,Must Read,California,Institutional Flow,Track Institutional Capital Flow,"Track this as institutional capital flow because it mentions major capital players, portfolio transactions, deal size, or cap-rate signals.",High relevance to US residential developer strategy,Read full article,"Included because it scored 87 and mentions apartment, apartments, multifamily, with a Institutional Flow angle for California.",No Clear Numeric Signal,,"California CRE News In Your Inbox. Sign up for Connect emails to stay informed with CRE stories that are 150 words or less. California + Central Valley + Apartments | September 9, 2026 By: Paul Bubny Colliers Team Closes Sale of 107-Unit Central Valley Apartments The Colliers Central Valley Investment Team has closed on the sale of Wimbledon Square Apartments, a 107-unit multifamily property located at 602-710 Wimbledon Dr. in the Central Valley city of Lodi, for an undisclosed sum. SVPs Adam Lu","You are a strategic research analyst for Woomi / Woomi Global.
Analyze the following US multifamily housing article for developer strategy.

Article context:
- Title: Colliers Team Closes Sale of 107-Unit Central Valley Apartments
- Source: Connect CRE California
- URL: https://www.connectcre.com/stories/colliers-team-closes-sale-of-107-unit-central-valley-apartments/
- Market focus: California
- Strategic angle: Institutional Flow
- Market signal: No Clear Numeric Signal
- Extracted numbers: None detected
- Strategic implication: Track this as institutional capital flow because it mentions major capital players, portfolio transactions, deal size, or cap-rate signals.
- Woomi relevance: High relevance to US residential developer strategy

Please answer in concise bullet points:
1. Why does this article matter for a US multifamily developer?
2. What is the implication for Woomi / Woomi Global?
3. What risk or opportunity does this indicate?
4. What follow-up question should the strategy team ask?",82,Good,missing extracted numbers; missing market signal,"Rule-based interpretation: Connect CRE California article 'Colliers Team Closes Sale of 107-Unit Central Valley Apartments' is classified as priority review for California. It points to institutional capital movement or transaction activity. Treat as a briefing input, not a standalone investment conclusion; confirm with source diversity, repeat observation, and market-specific evidence.",Macro & Financing; Market Players & Deals,apartment; apartments; multifamily; sale,Colliers Team Closes Sale of 107-Unit Central Valley Apartments,https://www.connectcre.com/stories/colliers-team-closes-sale-of-107-unit-central-valley-apartments/,Yes,art_feaf22de201dfd04,California,other,Multifamily,,거래/투자,거래/투자; 시장 데이터,No,article page appears accessible from collected text,No,No,standard,art_feaf22de201dfd04,https://www.connectcre.com/stories/colliers-team-closes-sale-of-107-unit-central-valley-apartments/,Colliers Team Closes Sale of 107-Unit Central Valley Apartments,open,open,https://www.connectcre.com/stories/colliers-team-closes-sale-of-107-unit-central-valley-apartments/,valid,title/source/url metadata are internally consistent,Development Activity,GP / Capital Activity,development_project_anchor: capital event with identifiable project/asset (unit/site count: 107-unit; address/street: 710 wimbledon dr; project/asset term: apartments),acceptable_repeat,1,2026-09-09,2026-09-11,2,fresh_0_3d,fresh,published date parsed; article age 2 day(s),78,previously seen article,,California,matched state keyword: California,disposition_exit,repeated_but_retained,development article without confirmed capital event,No,Participant not identified,,unresolved,unresolved,"No institution name detected in dictionary, title, summary, or source text.",True,unit/site count: 107-unit; address/street: 710 wimbledon dr; project/asset term: apartments,high,Project / Asset,No,,,,,,,,,transaction_market,capital_markets,disposition,none,none,none,none,unknown,lender,Market reference detected as California.,low,Capital event keywords detected: disposition. Primary topic set to transaction_market; confidence low.,60,40,classification confidence penalty,32
2026-09-11,20260911-005121-ae902a35,2026-09-11 00:51:02,SF YIMBY,Regional / California / LA Sources,Tier 2,development_pipeline;entitlement;la_california,Other,Office-to-Residential Conversion,"Thu, 10 Sep 2026 12:00:47 +0000",86,High,Must Read,Other / Unknown,Regulation Risk; Developer Strategy,Track Regulation Risk; Track Developer Strategy,"Monitor regulation risk because the article may affect entitlement, zoning, rent rules, affordability requirements, or permitting strategy.",High relevance to US residential developer strategy,Read full article,"Included because it scored 86 and mentions adaptive reuse, apartment, apartments, with a Regulation Risk; Developer Strategy angle for a broad or unspecified market.",No Clear Numeric Signal,68 apartments,"Amoeba Apartments lobby entrance, rendering by Studio KDA By: Andrew Nelson 5:00 am on September 10, 2026 The Berkeley Zoning Adjustment Board is scheduled to review plans tonight for the eight-story apartment project at 2455 Telegraph Avenue in Southside , Berkeley . The proposal would add 68 apartments above the Amoeba record store, making adaptive reuse of the existing structure’s facade and historic mural. David Prinz is listed as the property owner, working with planning consultant Rhoades ","You are a strategic research analyst for Woomi / Woomi Global.
Analyze the following US multifamily housing article for developer strategy.

Article context:
- Title: Meeting Tonight for Amoeba Apartments in Southside, Berkeley
- Source: SF YIMBY
- URL: https://sfyimby.com/2026/09/meeting-tonight-for-amoeba-apartments-in-southside-berkeley.html
- Market focus: Other / Unknown
- Strategic angle: Regulation Risk; Developer Strategy
- Market signal: No Clear Numeric Signal
- Extracted numbers: 68 apartments
- Strategic implication: Monitor regulation risk because the article may affect entitlement, zoning, rent rules, affordability requirements, or permitting strategy.
- Woomi relevance: High relevance to US residential developer strategy

Please answer in concise bullet points:
1. Why does this article matter for a US multifamily developer?
2. What is the implication for Woomi / Woomi Global?
3. What risk or opportunity does this indicate?
4. What follow-up question should the strategy team ask?",82,Good,missing market focus; missing market signal,"Rule-based interpretation: SF YIMBY article 'Meeting Tonight for Amoeba Apartments in Southside, Berkeley' is classified as priority review for Other / Unknown. It points to entitlement, zoning, permitting, or policy conditions. Treat as a briefing input, not a standalone investment conclusion; confirm with source diversity, repeat observation, and market-specific evidence.",Development Strategy,adaptive reuse; apartment; apartments; zoning,"Meeting Tonight for Amoeba Apartments in Southside, Berkeley",https://sfyimby.com/2026/09/meeting-tonight-for-amoeba-apartments-in-southside-berkeley.html,No,art_496211fafcfb8845,San Francisco / Bay Area,other,Mixed-use Residential,development; permit/entitlement; policy/regulation,개발/인허가,개발/인허가,No,limited source or insufficient readable article text,No,No,access_limited_source,art_496211fafcfb8845,https://sfyimby.com/2026/09/meeting-tonight-for-amoeba-apartments-in-southside-berkeley.html,"Meeting Tonight for Amoeba Apartments in Southside, Berkeley",access_limited,access_limited,https://sfyimby.com/2026/09/meeting-tonight-for-amoeba-apartments-in-southside-berkeley.html,valid,title/source/url metadata are internally consistent,Development Activity,,development_project_anchor: Approval / Entitlement (unit/site count: 68 apartments; address/street: 2455 telegraph avenue; project/asset term: project),new_or_fresh,0,2026-09-10,2026-09-11,1,fresh_0_3d,fresh,published date parsed; article age 1 day(s),88,limited page access,,,"no city, state, or market keyword detected",none,not_candidate,not a GP / capital candidate,No,,,,,,True,unit/site count: 68 apartments; address/street: 2455 telegraph avenue; project/asset term: project,high,Approval / Entitlement,No,,,,,,,,,other,none,none,none,none,none,none,unknown,developer,No specific market detected; relevance remains broad.,unknown,"Limited/paywalled article; classification is based on title, URL, source, and available lead text only. No clear rule-based event keyword was detected. Primary topic set to other; confidence unknown.",30,40,entitlement persistence; limited article: title/lead-based review needed; classification confidence penalty,40
2026-09-11,20260911-005121-ae902a35,2026-09-11 00:51:07,REBusiness Online,Site / Parcel Source Expansion,Tier 2,development_pipeline;gp_activity,Other,Affordable Housing,2026-09-10T13:26:49Z,86,High,Must Read,Other / Unknown,Financing Risk; Developer Strategy,Track Financing Conditions; Track Developer Strategy,"Monitor financing conditions because the article includes affordable housing, construction, developer and $44.5m, $44.5 million, which may affect construction loans, refinancing risk, and exit cap rates.",High relevance to US residential developer strategy,Read full article,"Included because it scored 86 and mentions affordable housing, construction, developer, with a Financing Risk; Developer Strategy angle for a broad or unspecified market.",Supply / Starts Signal,$44.5m; $44.5 million,"The new multifamily project at 259 Lenox St. in Norwood, Massachusetts, will be situated adjacent to the MBTA's Norwood Central Commuter Rail Station, offering direct rail service to downtown Boston. Development Loans Massachusetts Multifamily Northeast Colliers Arranges $44.5M Construction Loan for Multifamily Project in Norwood, Massachusetts by Taylor Williams September 10, 2026 September 10, 2026 4 NORWOOD, MASS. — Colliers has arranged the $44.5 million construction loan for a 145-unit mult","You are a strategic research analyst for Woomi / Woomi Global.
Analyze the following US multifamily housing article for developer strategy.

Article context:
- Title: Colliers Arranges $44.5M Construction Loan for Multifamily Project in Norwood, Massachusetts
- Source: REBusiness Online
- URL: https://rebusinessonline.com/colliers-arranges-44-5m-construction-loan-for-multifamily-project-in-norwood-massachusetts/
- Market focus: Other / Unknown
- Strategic angle: Financing Risk; Developer Strategy
- Market signal: Supply / Starts Signal
- Extracted numbers: $44.5m; $44.5 million
- Strategic implication: Monitor financing conditions because the article includes affordable housing, construction, developer and $44.5m, $44.5 million, which may affect construction loans, refinancing risk, and exit cap rates.
- Woomi relevance: High relevance to US residential developer strategy

Please answer in concise bullet points:
1. Why does this article matter for a US multifamily developer?
2. What is the implication for Woomi / Woomi Global?
3. What risk or opportunity does this indicate?
4. What follow-up question should the strategy team ask?",90,Excellent,missing market focus,"Rule-based interpretation: REBusiness Online article 'Colliers Arranges $44.5M Construction Loan for Multifamily Project in Norwood, Massachusetts' is classified as priority review for Other / Unknown. It points to financing, refinancing, or debt-market conditions. Treat as a briefing input, not a standalone investment conclusion; confirm with source diversity, repeat observation, and market-specific evidence.",Macro & Financing; Development Strategy; Policy & Regulation,affordable housing; construction; developer; development; loan; multifamily,"Colliers Arranges $44.5M Construction Loan for Multifamily Project in Norwood, Massachusetts",https://rebusinessonline.com/colliers-arranges-44-5m-construction-loan-for-multifamily-project-in-norwood-massachusetts/,No,art_379078577c46ce45,Other / Unknown,other,Affordable Housing,financing/refinancing; policy/regulation,제외/금융,제외/금융,Yes,article page appears accessible from collected text,No,No,standard,art_379078577c46ce45,https://rebusinessonline.com/colliers-arranges-44-5m-construction-loan-for-multifamily-project-in-norwood-massachusetts/,"Colliers Arranges $44.5M Construction Loan for Multifamily Project in Norwood, Massachusetts",open,open,https://rebusinessonline.com/colliers-arranges-44-5m-construction-loan-for-multifamily-project-in-norwood-massachusetts/,valid,title/source/url metadata are internally consistent,Development Activity,GP / Capital Activity,development_project_anchor: project financing/capital event tied to project (unit/site count: 145-unit; address/street: 259 lenox st; project/asset term: project; project financing tied to anchor: construction loan),new_or_fresh,0,2026-09-10,2026-09-11,1,fresh_0_3d,fresh,published date parsed; article age 1 day(s),100,fresh article or no repeat penalty,,,"no city, state, or market keyword detected",construction_financing,new_candidate,selected or retained for GP / capital review,Yes,Participant not identified,,unresolved,unresolved,"No institution name detected in dictionary, title, summary, or source text.",True,unit/site count: 145-unit; address/street: 259 lenox st; project/asset term: project; project financing tied to anchor: construction loan,high,Project Financing / Capital Event,No,,,,,,,,,capital_markets,none,construction_financing,none,none,none,construction_loan,affordable_housing,lender; developer,No specific market detected; treated as broader capital markets context.,high,Capital event keywords detected: construction_financing. Financing type keywords detected: construction_loan. Primary topic set to capital_markets; confidence high.,60,50,general market observation with limited strategic behavior evidence,42
2026-09-11,20260911-005121-ae902a35,2026-09-11 00:50:41,Yield PRO,Core Multifamily News,Tier 1,lease_up_supply;national_multifamily,Other,Multifamily,"Thu, 10 Sep 2026 18:47:53 +0000",85,High,Must Read,Texas,Supply Pressure; Rent Growth / Demand; Institutional Flow,Track Supply Pipeline; Track Rent / Vacancy Trend; Track Institutional Capital Flow,"Review this as a supply risk signal because it references new deliveries, starts, pipeline, or permits in Texas.",High relevance to US residential developer strategy,Read full article,"Included because it scored 85 and mentions midwest, multifamily, occupancy, with a Supply Pressure; Rent Growth / Demand; Institutional Flow angle for Texas.",Vacancy Signal,96%,"Deal boom Midwest-South region News Facebook Twitter Linkedin Institutional Property Advisors (IPA) , a division of Marcus & Millichap (NYSE: MMI) dedicated to serving the company’s institutional clients, announced the sale of The Preserve , a 399-unit multifamily asset in Grapevine, Texas. “The property is a stabilized Class A asset with 96% average occupancy over the trailing 12 months in a city with a fundamentally restricted multifamily pipeline,” said Drew Kile, IPA executive managing direc","You are a strategic research analyst for Woomi / Woomi Global.
Analyze the following US multifamily housing article for developer strategy.

Article context:
- Title: Institutional Property Advisors Brokers 399-Unit Mid-Cities Texas Multifamily Sale
- Source: Yield PRO
- URL: https://yieldpro.com/2026/09/the-preserve-2/
- Market focus: Texas
- Strategic angle: Supply Pressure; Rent Growth / Demand; Institutional Flow
- Market signal: Vacancy Signal
- Extracted numbers: 96%
- Strategic implication: Review this as a supply risk signal because it references new deliveries, starts, pipeline, or permits in Texas.
- Woomi relevance: High relevance to US residential developer strategy

Please answer in concise bullet points:
1. Why does this article matter for a US multifamily developer?
2. What is the implication for Woomi / Woomi Global?
3. What risk or opportunity does this indicate?
4. What follow-up question should the strategy team ask?",98,Excellent,None,"Rule-based interpretation: Yield PRO article 'Institutional Property Advisors Brokers 399-Unit Mid-Cities Texas Multifamily Sale' is classified as priority review for Texas. It points to supply, delivery, lease-up, or absorption conditions. Treat as a briefing input, not a standalone investment conclusion; confirm with source diversity, repeat observation, and market-specific evidence.",Macro & Financing; Supply & Demand; Market Players & Deals,midwest; multifamily; occupancy; pipeline; sale,Institutional Property Advisors Brokers 399-Unit Mid-Cities Texas Multifamily Sale,https://yieldpro.com/2026/09/the-preserve-2/,No,art_5c7aceffb61ce79b,Texas,other,Multifamily,market data/supply-demand; rent/occupancy/absorption,거래/투자,거래/투자; 운영/임대; 시장 데이터,No,article page appears accessible from collected text,No,No,standard,art_5c7aceffb61ce79b,https://yieldpro.com/2026/09/the-preserve-2/,Institutional Property Advisors Brokers 399-Unit Mid-Cities Texas Multifamily Sale,open,open,https://yieldpro.com/2026/09/the-preserve-2/,valid,title/source/url metadata are internally consistent,Development Activity,GP / Capital Activity; Market Intelligence,development_project_anchor: capital event with identifiable project/asset (unit/site count: 399-unit),new_or_fresh,0,2026-09-10,2026-09-11,1,fresh_0_3d,fresh,published date parsed; article age 1 day(s),100,fresh article or no repeat penalty,,Texas,matched state keyword: Texas,disposition_exit,new_candidate,development article without confirmed capital event,No,IPA,Institutional Property Advisors; Marcus & Millichap,dictionary_match,high,"Matched known institutional / GP entity in title, summary, or source text.",True,unit/site count: 399-unit,medium,Project / Asset,No,,,IPA,,Institutional Property Advisors,Institutional Property Advisors; Marcus & Millichap,IPA,Institutional Property Advisors; Marcus & Millichap,development_pipeline,capital_markets; supply_demand,disposition,stabilization,effective_rent_growth; vacancy; occupancy; supply_pressure,none,none,unknown,lender; broker,Market reference detected as Texas.,medium,"Capital event keywords detected: disposition. Development-stage terms detected: stabilization. Supply/demand terms detected: effective_rent_growth, vacancy, occupancy. Primary topic set to development_pipeline; confidence medium.",75,66,lease-up or absorption behavior,68
2026-09-11,20260911-005121-ae902a35,2026-09-11 00:51:06,REBusiness Online,Site / Parcel Source Expansion,Tier 2,development_pipeline;gp_activity,Other,Apartment,2026-09-10T13:34:07Z,85,High,Must Read,Other / Unknown,Institutional Flow,Track Institutional Capital Flow,"Review this as a supply risk signal because it references new deliveries, starts, pipeline, or permits in Other / Unknown.",High relevance to US residential developer strategy,Read full article,"Included because it scored 85 and mentions acquisition, apartment, midwest, with a Institutional Flow angle for a broad or unspecified market.",Supply / Starts Signal,$166 million,"Eleven Thirty rises 43 stories along Michigan Avenue. Acquisitions Illinois Midwest Multifamily Laramar Group Acquires 656-Unit Apartment Tower in Chicago by Kristin Harlow September 10, 2026 September 10, 2026 3 CHICAGO — The Laramar Group has acquired Eleven Thirty, a 656-unit apartment tower located at 1130 S. Michigan Ave. in Chicago. The purchase price was $166 million, according to local media reports. Originally constructed in 1967, the property rises 43 stories and provides unobstructed ","You are a strategic research analyst for Woomi / Woomi Global.
Analyze the following US multifamily housing article for developer strategy.

Article context:
- Title: Laramar Group Acquires 656-Unit Apartment Tower in Chicago
- Source: REBusiness Online
- URL: https://rebusinessonline.com/laramar-group-acquires-656-unit-apartment-tower-in-chicago/
- Market focus: Other / Unknown
- Strategic angle: Institutional Flow
- Market signal: Supply / Starts Signal
- Extracted numbers: $166 million
- Strategic implication: Review this as a supply risk signal because it references new deliveries, starts, pipeline, or permits in Other / Unknown.
- Woomi relevance: High relevance to US residential developer strategy

Please answer in concise bullet points:
1. Why does this article matter for a US multifamily developer?
2. What is the implication for Woomi / Woomi Global?
3. What risk or opportunity does this indicate?
4. What follow-up question should the strategy team ask?",90,Excellent,missing market focus,"Rule-based interpretation: REBusiness Online article 'Laramar Group Acquires 656-Unit Apartment Tower in Chicago' is classified as priority review for Other / Unknown. It points to supply, delivery, lease-up, or absorption conditions. Treat as a briefing input, not a standalone investment conclusion; confirm with source diversity, repeat observation, and market-specific evidence.",Macro & Financing; Supply & Demand; Market Players & Deals,acquisition; apartment; midwest; multifamily,Laramar Group Acquires 656-Unit Apartment Tower in Chicago,https://rebusinessonline.com/laramar-group-acquires-656-unit-apartment-tower-in-chicago/,No,art_236e42987e4bbbd4,Other / Unknown,other,Multifamily,acquisition; market data/supply-demand,개발/인허가,개발/인허가; 거래/투자; 운영/임대; 시장 데이터,No,article page appears accessible from collected text,No,No,standard,art_236e42987e4bbbd4,https://rebusinessonline.com/laramar-group-acquires-656-unit-apartment-tower-in-chicago/,Laramar Group Acquires 656-Unit Apartment Tower in Chicago,open,open,https://rebusinessonline.com/laramar-group-acquires-656-unit-apartment-tower-in-chicago/,valid,title/source/url metadata are internally consistent,Development Activity,GP / Capital Activity,development_project_anchor: capital event with identifiable project/asset (unit/site count: 656-unit; address/street: 43 stories along michigan avenue; project/asset term: apartment tower),new_or_fresh,0,2026-09-10,2026-09-11,1,fresh_0_3d,fresh,published date parsed; article age 1 day(s),100,fresh article or no repeat penalty,,,"no city, state, or market keyword detected",acquisition,new_candidate,selected or retained for GP / capital review,Yes,Laramar Group,Acquisitions Illinois Midwest Multifamily Laramar Group,title_lead_pattern,medium,Inferred entity from headline lead segment and capital-event verb.,True,unit/site count: 656-unit; address/street: 43 stories along michigan avenue; project/asset term: apartment tower,high,Project / Asset,No,,,Laramar Group,,Acquisitions Illinois Midwest Multifamily Laramar Group,Acquisitions Illinois Midwest Multifamily Laramar Group,Laramar Group,Acquisitions Illinois Midwest Multifamily Laramar Group,transaction_market,capital_markets; institutional_capital,acquisition,none,none,gp_acquisition,none,unknown,lender,No specific market detected; relevance remains broad.,high,Capital event keywords detected: acquisition. Institutional activity terms detected: gp_acquisition. Primary topic set to transaction_market; confidence high.,70,67,institutional acquisition behavior,73
2026-09-11,20260911-005121-ae902a35,2026-09-11 00:51:05,REBusiness Online,Site / Parcel Source Expansion,Tier 2,development_pipeline;gp_activity,Other,Student Housing,2026-09-10T13:40:53Z,84,High,Review,Arizona,Financing Risk; Institutional Flow,Track Financing Conditions; Track Institutional Capital Flow,"Monitor financing conditions because the article includes financing, joint venture, loan and 194 units, which may affect construction loans, refinancing risk, and exit cap rates.",High relevance to US residential developer strategy,Add to weekly strategy memo,"Included because it scored 84 and mentions financing, joint venture, loan, with a Financing Risk; Institutional Flow angle for Arizona.",Supply / Starts Signal,194 units,"Commons at Sawmill serves students attending Northern Arizona University in Flagstaff. Arizona Loans Multifamily Student Housing Western TSB Capital Arranges Refinancing for 448-Bed Student Housing Community Near Northern Arizona University by Amy Works September 10, 2026 September 10, 2026 3 FLAGSTAFF, ARIZ. — TSB Capital Advisors has secured a refinancing for Commons at Sawmill, a 448-bed student housing community located near the Northern Arizona University campus in Flagstaff. TSB placed a f","You are a strategic research analyst for Woomi / Woomi Global.
Analyze the following US multifamily housing article for developer strategy.

Article context:
- Title: TSB Capital Arranges Refinancing for 448-Bed Student Housing Community Near Northern Arizona University
- Source: REBusiness Online
- URL: https://rebusinessonline.com/tsb-capital-arranges-refinancing-for-448-bed-student-housing-community-near-northern-arizona-university/
- Market focus: Arizona
- Strategic angle: Financing Risk; Institutional Flow
- Market signal: Supply / Starts Signal
- Extracted numbers: 194 units
- Strategic implication: Monitor financing conditions because the article includes financing, joint venture, loan and 194 units, which may affect construction loans, refinancing risk, and exit cap rates.
- Woomi relevance: High relevance to US residential developer strategy

Please answer in concise bullet points:
1. Why does this article matter for a US multifamily developer?
2. What is the implication for Woomi / Woomi Global?
3. What risk or opportunity does this indicate?
4. What follow-up question should the strategy team ask?",98,Excellent,None,"Rule-based interpretation: REBusiness Online article 'TSB Capital Arranges Refinancing for 448-Bed Student Housing Community Near Northern Arizona University' is classified as review for Arizona. It points to financing, refinancing, or debt-market conditions. Treat as a briefing input, not a standalone investment conclusion; confirm with source diversity, repeat observation, and market-specific evidence.",Macro & Financing; Market Players & Deals,financing; joint venture; loan; multifamily; refinancing; student housing,TSB Capital Arranges Refinancing for 448-Bed Student Housing Community Near Northern Arizona University,https://rebusinessonline.com/tsb-capital-arranges-refinancing-for-448-bed-student-housing-community-near-northern-arizona-university/,No,art_5767363d5ab2e707,Arizona,other,Student Housing,financing/refinancing; JV/recapitalization,제외/금융,제외/금융,Yes,article page appears accessible from collected text,No,No,standard,art_5767363d5ab2e707,https://rebusinessonline.com/tsb-capital-arranges-refinancing-for-448-bed-student-housing-community-near-northern-arizona-university/,TSB Capital Arranges Refinancing for 448-Bed Student Housing Community Near Northern Arizona University,open,open,https://rebusinessonline.com/tsb-capital-arranges-refinancing-for-448-bed-student-housing-community-near-northern-arizona-university/,valid,title/source/url metadata are internally consistent,Development Activity,GP / Capital Activity,development_project_anchor: project financing/capital event tied to project (unit/site count: 448-bed; project/asset term: community),new_or_fresh,0,2026-09-10,2026-09-11,1,fresh_0_3d,fresh,published date parsed; article age 1 day(s),100,fresh article or no repeat penalty,,Arizona,matched state keyword: Arizona,joint_venture,new_candidate,selected or retained for GP / capital review,Yes,TSB Capital,Loans Multifamily Student Housing Western TSB Capital; TSB Capital Advisors,title_lead_pattern,medium,Inferred entity from headline lead segment and capital-event verb.,True,unit/site count: 448-bed; project/asset term: community,high,Project Financing / Capital Event,No,,,TSB Capital,,Loans Multifamily Student Housing Western TSB Capital,Loans Multifamily Student Housing Western TSB Capital; TSB Capital Advisors,TSB Capital,Loans Multifamily Student Housing Western TSB Capital; TSB Capital Advisors,capital_markets,none,refinancing; joint_venture,none,none,none,none,student_housing,lender,Market reference detected as Arizona.,low,"Capital event keywords detected: refinancing, joint_venture. Primary topic set to capital_markets; confidence low.",75,70,JV or partnership activity; large-scale refinance tied to strategy; classification confidence penalty,62
2026-09-11,20260911-005121-ae902a35,2026-09-11 00:51:08,Connect CRE Apartments,Site / Parcel Source Expansion,Tier 2,development_pipeline;gp_activity;national_multifamily,Other,Apartment,"Thu, 10 Sep 2026 17:39:18 +0000",84,High,Review,Other / Unknown,Financing Risk,Track Financing Conditions,"Monitor financing conditions because the article includes apartment, apartments, loan and $94m, $93.5 million, which may affect construction loans, refinancing risk, and exit cap rates.",Medium relevance to market monitoring,Track source for follow-up,"Included because it scored 84 and mentions apartment, apartments, loan, with a Financing Risk angle for a broad or unspecified market.",No Clear Numeric Signal,$94m; $93.5 million,"Chicago & Midwest CRE News In Your Inbox. Sign up for Connect emails to stay informed with CRE stories that are 150 words or less. Chicago & Midwest + Downtown + Apartments | September 10, 2026 By: Jasmine Kilman Draper and Kramer Closes $94M Refinance for Fulton Market Multifamily Property Draper and Kramer, Incorporated’s Bill Barry and Bill Stewart, both senior vice presidents with the firm’s Commercial Finance Group, have closed a $93.5 million refinance loan on behalf of Sterling Bay and As","You are a strategic research analyst for Woomi / Woomi Global.
Analyze the following US multifamily housing article for developer strategy.

Article context:
- Title: Draper and Kramer Closes $94M Refinance for Fulton Market Multifamily Property
- Source: Connect CRE Apartments
- URL: https://www.connectcre.com/stories/draper-and-kramer-closes-94m-refinance-for-fulton-market-multifamily-property/
- Market focus: Other / Unknown
- Strategic angle: Financing Risk
- Market signal: No Clear Numeric Signal
- Extracted numbers: $94m; $93.5 million
- Strategic implication: Monitor financing conditions because the article includes apartment, apartments, loan and $94m, $93.5 million, which may affect construction loans, refinancing risk, and exit cap rates.
- Woomi relevance: Medium relevance to market monitoring

Please answer in concise bullet points:
1. Why does this article matter for a US multifamily developer?
2. What is the implication for Woomi / Woomi Global?
3. What risk or opportunity does this indicate?
4. What follow-up question should the strategy team ask?",82,Good,missing market focus; missing market signal,"Rule-based interpretation: Connect CRE Apartments article 'Draper and Kramer Closes $94M Refinance for Fulton Market Multifamily Property' is classified as review for Other / Unknown. It points to financing, refinancing, or debt-market conditions. Treat as a briefing input, not a standalone investment conclusion; confirm with source diversity, repeat observation, and market-specific evidence.",Macro & Financing; Supply & Demand,apartment; apartments; loan; midwest; multifamily,Draper and Kramer Closes $94M Refinance for Fulton Market Multifamily Property,https://www.connectcre.com/stories/draper-and-kramer-closes-94m-refinance-for-fulton-market-multifamily-property/,No,art_deed3e42aae0bb2d,Other / Unknown,other,Multifamily,financing/refinancing; policy/regulation; market data/supply-demand,제외/금융,제외/금융,Yes,article page appears accessible from collected text,No,No,standard,art_deed3e42aae0bb2d,https://www.connectcre.com/stories/draper-and-kramer-closes-94m-refinance-for-fulton-market-multifamily-property/,Draper and Kramer Closes $94M Refinance for Fulton Market Multifamily Property,open,open,https://www.connectcre.com/stories/draper-and-kramer-closes-94m-refinance-for-fulton-market-multifamily-property/,valid,title/source/url metadata are internally consistent,Development Activity,GP / Capital Activity,development_project_anchor: project financing/capital event tied to project (project/asset term: apartments),new_or_fresh,0,2026-09-10,2026-09-11,1,fresh_0_3d,fresh,published date parsed; article age 1 day(s),100,fresh article or no repeat penalty,,,"no city, state, or market keyword detected",refinancing,new_candidate,selected or retained for GP / capital review,Yes,Commercial Finance Group,,capital_event_sentence,medium,Inferred entity from source text near capital-event language.,True,project/asset term: apartments,medium,Project Financing / Capital Event,No,,,Commercial Finance Group,Commercial Finance Group,,,Commercial Finance Group,,capital_markets,none,refinancing,none,none,none,none,unknown,lender,No specific market detected; treated as broader capital markets context.,high,Capital event keywords detected: refinancing. Primary topic set to capital_markets; confidence high.,60,60,large-scale refinance tied to strategy,52
2026-09-11,20260911-005121-ae902a35,2026-09-11 00:51:08,Connect CRE Texas,Site / Parcel Source Expansion,Tier 2,development_pipeline;gp_activity;sunbelt,Other,Apartment,"Wed, 09 Sep 2026 18:48:40 +0000",84,High,Review,Dallas / Texas,Financing Risk; Institutional Flow,Track Financing Conditions; Track Institutional Capital Flow,"Monitor financing conditions because the article includes acquisition, apartment, apartments and $62.3 million, which may affect construction loans, refinancing risk, and exit cap rates.",High relevance to US residential developer strategy,Add to weekly strategy memo,"Included because it scored 84 and mentions acquisition, apartment, apartments, with a Financing Risk; Institutional Flow angle for Dallas / Texas.",Deal Size Signal,$62.3 million,"Texas CRE News In Your Inbox. Sign up for Connect emails to stay informed with CRE stories that are 150 words or less. Texas + Dallas-Fort Worth + Apartments | September 9, 2026 By: Mike Boyd 374-Unit Las Colinas Apartments Trade Hands RPM Living and Baltisse have acquired The Louis Las Colinas, a 374-unit asset in Irving, Texas, from Draper and Kramer. Walton Street Capital issued a $62.3 million acquisition loan. Multihousing News reports Draper and Kramer sold the 2017-built community after a","You are a strategic research analyst for Woomi / Woomi Global.
Analyze the following US multifamily housing article for developer strategy.

Article context:
- Title: 374-Unit Las Colinas Apartments Trade Hands
- Source: Connect CRE Texas
- URL: https://www.connectcre.com/stories/374-unit-las-colinas-apartments-trade-hands/
- Market focus: Dallas / Texas
- Strategic angle: Financing Risk; Institutional Flow
- Market signal: Deal Size Signal
- Extracted numbers: $62.3 million
- Strategic implication: Monitor financing conditions because the article includes acquisition, apartment, apartments and $62.3 million, which may affect construction loans, refinancing risk, and exit cap rates.
- Woomi relevance: High relevance to US residential developer strategy

Please answer in concise bullet points:
1. Why does this article matter for a US multifamily developer?
2. What is the implication for Woomi / Woomi Global?
3. What risk or opportunity does this indicate?
4. What follow-up question should the strategy team ask?",98,Excellent,None,"Rule-based interpretation: Connect CRE Texas article '374-Unit Las Colinas Apartments Trade Hands' is classified as review for Dallas / Texas. It points to financing, refinancing, or debt-market conditions. Treat as a briefing input, not a standalone investment conclusion; confirm with source diversity, repeat observation, and market-specific evidence.",Macro & Financing; Market Players & Deals,acquisition; apartment; apartments; loan,374-Unit Las Colinas Apartments Trade Hands,https://www.connectcre.com/stories/374-unit-las-colinas-apartments-trade-hands/,Yes,art_ef1e01a15857e256,Dallas-Fort Worth,core_15,Multifamily,transaction/sale; acquisition; financing/refinancing,제외/금융,제외/금융,Yes,article page appears accessible from collected text,Yes,No,standard,art_ef1e01a15857e256,https://www.connectcre.com/stories/374-unit-las-colinas-apartments-trade-hands/,374-Unit Las Colinas Apartments Trade Hands,open,open,https://www.connectcre.com/stories/374-unit-las-colinas-apartments-trade-hands/,valid,title/source/url metadata are internally consistent,Development Activity,GP / Capital Activity,development_project_anchor: capital event with identifiable project/asset (unit/site count: 374-unit; project/asset term: community),repeat_penalized,1,2026-09-09,2026-09-11,2,fresh_0_3d,fresh,published date parsed; article age 2 day(s),48,previously seen article; appeared in prior Representative Evidence,Dallas,Texas,matched city/metro keyword: Dallas,acquisition_financing,retained_repeat,selected or retained for GP / capital review,Yes,Walton Street Capital,Las Colinas Apartments Trade Hands RPM Living,capital_event_sentence,medium,Inferred entity from source text near capital-event language.,True,unit/site count: 374-unit; project/asset term: community,high,Project / Asset,No,,,Walton Street Capital,Walton Street Capital,Las Colinas Apartments Trade Hands RPM Living,Las Colinas Apartments Trade Hands RPM Living,Walton Street Capital,Las Colinas Apartments Trade Hands RPM Living,transaction_market,capital_markets; institutional_capital,acquisition; disposition,none,none,gp_acquisition,none,unknown,lender,Market reference detected as Dallas / Texas.,medium,"Capital event keywords detected: acquisition, disposition. Institutional activity terms detected: gp_acquisition. Primary topic set to transaction_market; confidence medium.",85,70,institutional acquisition behavior,51
2026-09-11,20260911-005121-ae902a35,2026-09-11 00:51:07,Connect CRE Apartments,Site / Parcel Source Expansion,Tier 2,development_pipeline;gp_activity;national_multifamily,Other,Apartment,"Thu, 10 Sep 2026 18:24:00 +0000",83,High,Review,Other / Unknown,Institutional Flow,Track Institutional Capital Flow,"Track this as institutional capital flow because it mentions major capital players, portfolio transactions, deal size, or cap-rate signals.",High relevance to US residential developer strategy,Add to weekly strategy memo,"Included because it scored 83 and mentions apartment, apartments, joint venture, with a Institutional Flow angle for a broad or unspecified market.",Deal Size Signal,50%,"Boston & New England CRE News In Your Inbox. Sign up for Connect emails to stay informed with CRE stories that are 150 words or less. Boston & New England + Boston + Apartments | September 10, 2026 By: Paul Bubny Berkshire Residential Taking Full Ownership of Multifamily Mortgage Lender MF1 Boston-based Berkshire Residential Investments has agreed to acquire Limekiln Real Estate Investment Management, LP’s 50% interest in MF1 Process LLC, making Berkshire the sole owner of the private-label mult","You are a strategic research analyst for Woomi / Woomi Global.
Analyze the following US multifamily housing article for developer strategy.

Article context:
- Title: Berkshire Residential Taking Full Ownership of Multifamily Mortgage Lender MF1
- Source: Connect CRE Apartments
- URL: https://www.connectcre.com/stories/berkshire-residential-takes-full-ownership-of-multifamily-mortgage-lender-mf1/
- Market focus: Other / Unknown
- Strategic angle: Institutional Flow
- Market signal: Deal Size Signal
- Extracted numbers: 50%
- Strategic implication: Track this as institutional capital flow because it mentions major capital players, portfolio transactions, deal size, or cap-rate signals.
- Woomi relevance: High relevance to US residential developer strategy

Please answer in concise bullet points:
1. Why does this article matter for a US multifamily developer?
2. What is the implication for Woomi / Woomi Global?
3. What risk or opportunity does this indicate?
4. What follow-up question should the strategy team ask?",90,Excellent,missing market focus,"Rule-based interpretation: Connect CRE Apartments article 'Berkshire Residential Taking Full Ownership of Multifamily Mortgage Lender MF1' is classified as review for Other / Unknown. It points to institutional capital movement or transaction activity. Treat as a briefing input, not a standalone investment conclusion; confirm with source diversity, repeat observation, and market-specific evidence.",Macro & Financing; Market Players & Deals,apartment; apartments; joint venture; multifamily; transaction,Berkshire Residential Taking Full Ownership of Multifamily Mortgage Lender MF1,https://www.connectcre.com/stories/berkshire-residential-takes-full-ownership-of-multifamily-mortgage-lender-mf1/,No,art_ad7ab53bfca38217,Other / Unknown,other,Multifamily,financing/refinancing; JV/recapitalization,제외/금융,제외/금융,Yes,article page appears accessible from collected text,No,No,standard,art_ad7ab53bfca38217,https://www.connectcre.com/stories/berkshire-residential-takes-full-ownership-of-multifamily-mortgage-lender-mf1/,Berkshire Residential Taking Full Ownership of Multifamily Mortgage Lender MF1,open,open,https://www.connectcre.com/stories/berkshire-residential-takes-full-ownership-of-multifamily-mortgage-lender-mf1/,valid,title/source/url metadata are internally consistent,Development Activity,GP / Capital Activity,development_project_anchor: capital event with identifiable project/asset (project/asset term: apartments),new_or_fresh,0,2026-09-10,2026-09-11,1,fresh_0_3d,fresh,published date parsed; article age 1 day(s),100,fresh article or no repeat penalty,,,"no city, state, or market keyword detected",joint_venture,new_candidate,selected or retained for GP / capital review,Yes,Paul Bubny Berkshire Residential,Multifamily Mortgage Lender MF1 Boston-based Berkshire Residential; Limekiln Real Estate Investment Management,capital_event_sentence,medium,Inferred entity from source text near capital-event language.,True,project/asset term: apartments,medium,Project / Asset,No,,,Paul Bubny Berkshire Residential,,Multifamily Mortgage Lender MF1 Boston-based Berkshire Residential,Multifamily Mortgage Lender MF1 Boston-based Berkshire Residential; Limekiln Real Estate Investment Management,Paul Bubny Berkshire Residential,Multifamily Mortgage Lender MF1 Boston-based Berkshire Residential; Limekiln Real Estate Investment Management,institutional_capital,capital_markets,joint_venture,none,none,lender_activity,none,unknown,lender,No specific market detected; relevance remains broad.,medium,Capital event keywords detected: joint_venture. Institutional activity terms detected: lender_activity. Primary topic set to institutional_capital; confidence medium.,55,65,JV or partnership activity,71
2026-09-11,20260911-005121-ae902a35,2026-09-11 00:50:48,NAHB Eye on Housing - Multifamily,Public Agency / Housing Data,Tier 3,national_multifamily,Other,Apartment,"Mon, 27 Jul 2026 14:16:05 +0000",82,High,Review,Other / Unknown,Developer Strategy,Track Developer Strategy,"Review this as a supply risk signal because it references new deliveries, starts, pipeline, or permits in Other / Unknown.",High relevance to US residential developer strategy,Add to weekly strategy memo,"Included because it scored 82 and mentions apartment, apartments, construction, with a Developer Strategy angle for a broad or unspecified market.",Supply / Starts Signal,57%,"Share of Apartments Built in Buildings with 50+ Units Moves Higher in 2025 – Eye On Housing Skip to content Share of Apartments Built in Buildings with 50+ Units Moves Higher in 2025 July 27, 2026 Jesse Wade No Comments Following the highest number of multifamily completions in nearly 40 years in 2024, completions declined in 2025 to 484,000, according to NAHB analysis of the Census Bureau’s Survey of Construction . For the ninth consecutive year, a majority of new multifamily units were in buil","You are a strategic research analyst for Woomi / Woomi Global.
Analyze the following US multifamily housing article for developer strategy.

Article context:
- Title: Share of Apartments Built in Buildings with 50+ Units Moves Higher in 2025
- Source: NAHB Eye on Housing - Multifamily
- URL: https://eyeonhousing.org/2026/07/share-of-apartments-built-in-buildings-with-50-units-moves-higher-in-2025/
- Market focus: Other / Unknown
- Strategic angle: Developer Strategy
- Market signal: Supply / Starts Signal
- Extracted numbers: 57%
- Strategic implication: Review this as a supply risk signal because it references new deliveries, starts, pipeline, or permits in Other / Unknown.
- Woomi relevance: High relevance to US residential developer strategy

Please answer in concise bullet points:
1. Why does this article matter for a US multifamily developer?
2. What is the implication for Woomi / Woomi Global?
3. What risk or opportunity does this indicate?
4. What follow-up question should the strategy team ask?",90,Excellent,missing market focus,"Rule-based interpretation: NAHB Eye on Housing - Multifamily article 'Share of Apartments Built in Buildings with 50+ Units Moves Higher in 2025' is classified as review for Other / Unknown. It points to supply, delivery, lease-up, or absorption conditions. Treat as a briefing input, not a standalone investment conclusion; confirm with source diversity, repeat observation, and market-specific evidence.",Development Strategy,apartment; apartments; construction; multifamily,Share of Apartments Built in Buildings with 50+ Units Moves Higher in 2025,https://eyeonhousing.org/2026/07/share-of-apartments-built-in-buildings-with-50-units-moves-higher-in-2025/,Yes,art_e7fcf1171af1b281,Other / Unknown,other,Multifamily,development; delivery/completion,개발/인허가,개발/인허가; 시장 데이터,No,article page appears accessible from collected text,No,No,standard,art_e7fcf1171af1b281,https://eyeonhousing.org/2026/07/share-of-apartments-built-in-buildings-with-50-units-moves-higher-in-2025/,Share of Apartments Built in Buildings with 50+ Units Moves Higher in 2025,open,open,https://eyeonhousing.org/2026/07/share-of-apartments-built-in-buildings-with-50-units-moves-higher-in-2025/,valid,title/source/url metadata are internally consistent,Development Activity,,development_project_anchor: Project / Asset (project/asset term: apartments),repeat_penalized,45,2026-07-27,2026-09-11,46,old_31d_plus,old,published date parsed; article age 46 day(s),5,published date parsed; article age 46 day(s); previously seen article,,,"no city, state, or market keyword detected",none,not_candidate,not a GP / capital candidate,No,,,,,,True,project/asset term: apartments,medium,Project / Asset,No,,,,,,,,,development_pipeline,none,none,delivery,none,none,none,unknown,developer,No specific market detected; relevance remains broad.,low,Development-stage terms detected: delivery. Primary topic set to development_pipeline; confidence low.,60,0,classification confidence penalty,0
2026-09-11,20260911-005121-ae902a35,2026-09-11 00:50:37,Multifamily Dive,Core Multifamily News,Tier 1,national_multifamily,Other,Multifamily,"Fri, 04 Sep 2026 13:09:00 -0400",81,High,Review,National,Rent Growth / Demand; Developer Strategy,Track Rent / Vacancy Trend; Track Developer Strategy,"Track rent and vacancy conditions because the article points to demand, occupancy, rent, vacancy, or concession signals in National.",Medium relevance to market monitoring,Track source for follow-up,"Included because it scored 81 and mentions construction, development, fair housing, with a Rent Growth / Demand; Developer Strategy angle for National.",No Clear Numeric Signal,,"An article from Dive Brief Fair housing construction accessibility complaints now have a deadline, HUD says Accessibility claims related to multifamily building design and construction must be filed within one year of the initial certificate of occupancy, the new guidance says. Published Sept. 4, 2026 Ryan Kushner Reporter Share Copy link Email LinkedIn X/Twitter Facebook Print License Add us on Google A concrete ramp. The U.S. Department of Housing and Urban Development announced Sept. 1, 2026,","You are a strategic research analyst for Woomi / Woomi Global.
Analyze the following US multifamily housing article for developer strategy.

Article context:
- Title: Fair housing construction accessibility complaints now have a deadline, HUD says
- Source: Multifamily Dive
- URL: https://www.multifamilydive.com/news/fair-housing-construction-accessibility-complaints-now-have-a-deadline-hud/829714/
- Market focus: National
- Strategic angle: Rent Growth / Demand; Developer Strategy
- Market signal: No Clear Numeric Signal
- Extracted numbers: None detected
- Strategic implication: Track rent and vacancy conditions because the article points to demand, occupancy, rent, vacancy, or concession signals in National.
- Woomi relevance: Medium relevance to market monitoring

Please answer in concise bullet points:
1. Why does this article matter for a US multifamily developer?
2. What is the implication for Woomi / Woomi Global?
3. What risk or opportunity does this indicate?
4. What follow-up question should the strategy team ask?",82,Good,missing extracted numbers; missing market signal,"Rule-based interpretation: Multifamily Dive article 'Fair housing construction accessibility complaints now have a deadline, HUD says' is classified as review for National. It points to development execution or sponsor strategy. Treat as a briefing input, not a standalone investment conclusion; confirm with source diversity, repeat observation, and market-specific evidence.",Supply & Demand; Development Strategy; Policy & Regulation,construction; development; fair housing; hud; multifamily; occupancy,"Fair housing construction accessibility complaints now have a deadline, HUD says",https://www.multifamilydive.com/news/fair-housing-construction-accessibility-complaints-now-have-a-deadline-hud/829714/,Yes,art_a7dd3b878f3121c2,Other / Unknown,other,Multifamily,policy/regulation; market data/supply-demand; rent/occupancy/absorption,개발/인허가,개발/인허가; 운영/임대; 시장 데이터,No,article page appears accessible from collected text,No,No,standard,art_a7dd3b878f3121c2,https://www.multifamilydive.com/news/fair-housing-construction-accessibility-complaints-now-have-a-deadline-hud/829714/,"Fair housing construction accessibility complaints now have a deadline, HUD says",open,open,https://www.multifamilydive.com/news/fair-housing-construction-accessibility-complaints-now-have-a-deadline-hud/829714/,valid,title/source/url metadata are internally consistent,Market Intelligence,,"market_macro_guard: rent, demand, vacancy, absorption, or leasing article without project anchor",repeat_penalized,6,2026-09-04,2026-09-11,7,fresh_0_3d,fresh,published date parsed; article age 7 day(s),58,previously seen article,,,used broad market bucket: National,none,not_candidate,not a GP / capital candidate,No,,,,,,False,"no identifiable project, asset, site, address, or unit-count anchor",none,,No,,,,,,,,,supply_demand,none,none,none,effective_rent_growth; occupancy,none,none,unknown,public_agency; developer,Market reference detected as National.,low,"Supply/demand terms detected: effective_rent_growth, occupancy. Primary topic set to supply_demand; confidence low.",45,48,lease-up or absorption behavior; classification confidence penalty,23
2026-09-11,20260911-005121-ae902a35,2026-09-11 00:50:41,Yield PRO,Core Multifamily News,Tier 1,lease_up_supply;national_multifamily,Other,Multifamily,"Thu, 10 Sep 2026 18:48:41 +0000",81,High,Review,Los Angeles / California,Financing Risk; Institutional Flow,Track Financing Conditions; Track Institutional Capital Flow,"Monitor financing conditions because the article includes financing, multifamily, sale and $5.4m, $3.8m, $5.4 million, which may affect construction loans, refinancing risk, and exit cap rates.",High relevance to US residential developer strategy,Add to weekly strategy memo,"Included because it scored 81 and mentions financing, multifamily, sale, with a Financing Risk; Institutional Flow angle for Los Angeles / California.",Deal Size Signal,$5.4m; $3.8m; $5.4 million; $352; $3.8 million,"Deal boom News Pacific region Facebook Twitter Linkedin Marcus & Millichap (NYSE: MMI) , a leading commercial real estate brokerage firm specializing in investment sales, financing, research and advisory services, announced the sale and financing of 1534 S Shenandoah St. , a 20-unit multifamily property in Los Angeles. The property sold for $5.4 million or approximately $352 per square foot. Marcus & Millichap Capital Corporation (MMCC), a subsidiary of Marcus & Millichap, arranged $3.8 million ","You are a strategic research analyst for Woomi / Woomi Global.
Analyze the following US multifamily housing article for developer strategy.

Article context:
- Title: Marcus & Millichap Arranges $5.4M Sale and $3.8M Financing of 20-Unit Multifamily Property in Los Angeles
- Source: Yield PRO
- URL: https://yieldpro.com/2026/09/1534-shenandoah/
- Market focus: Los Angeles / California
- Strategic angle: Financing Risk; Institutional Flow
- Market signal: Deal Size Signal
- Extracted numbers: $5.4m; $3.8m; $5.4 million; $352; $3.8 million
- Strategic implication: Monitor financing conditions because the article includes financing, multifamily, sale and $5.4m, $3.8m, $5.4 million, which may affect construction loans, refinancing risk, and exit cap rates.
- Woomi relevance: High relevance to US residential developer strategy

Please answer in concise bullet points:
1. Why does this article matter for a US multifamily developer?
2. What is the implication for Woomi / Woomi Global?
3. What risk or opportunity does this indicate?
4. What follow-up question should the strategy team ask?",98,Excellent,None,"Rule-based interpretation: Yield PRO article 'Marcus & Millichap Arranges $5.4M Sale and $3.8M Financing of 20-Unit Multifamily Property in Los Angeles' is classified as review for Los Angeles / California. It points to financing, refinancing, or debt-market conditions. Treat as a briefing input, not a standalone investment conclusion; confirm with source diversity, repeat observation, and market-specific evidence.",Macro & Financing; Market Players & Deals,financing; multifamily; sale,Marcus & Millichap Arranges $5.4M Sale and $3.8M Financing of 20-Unit Multifamily Property in Los Angeles,https://yieldpro.com/2026/09/1534-shenandoah/,No,art_b27d3c82808316db,Los Angeles / Southern California,core_15,Multifamily,transaction/sale,거래/투자,거래/투자; 시장 데이터,No,article page appears accessible from collected text,Yes,No,standard,art_b27d3c82808316db,https://yieldpro.com/2026/09/1534-shenandoah/,Marcus & Millichap Arranges $5.4M Sale and $3.8M Financing of 20-Unit Multifamily Property in Los Angeles,open,open,https://yieldpro.com/2026/09/1534-shenandoah/,valid,title/source/url metadata are internally consistent,Development Activity,GP / Capital Activity; Market Intelligence,development_project_anchor: capital event with identifiable project/asset (unit/site count: 20-unit; address/street: 1534 s shenandoah st; project/asset term: multifamily property),new_or_fresh,0,2026-09-10,2026-09-11,1,fresh_0_3d,fresh,published date parsed; article age 1 day(s),100,fresh article or no repeat penalty,Los Angeles,California,matched city/metro keyword: Los Angeles,disposition_exit,new_candidate,selected or retained for GP / capital review,Yes,Marcus & Millichap,Millichap Capital,dictionary_match,high,"Matched known institutional / GP entity in title, summary, or source text.",True,unit/site count: 20-unit; address/street: 1534 s shenandoah st; project/asset term: multifamily property,high,Project / Asset,No,,,Marcus & Millichap,,Millichap Capital,Millichap Capital,Marcus & Millichap,Millichap Capital,transaction_market,capital_markets,disposition,none,none,none,none,unknown,lender; broker,Market reference detected as Los Angeles / California.,low,Capital event keywords detected: disposition. Primary topic set to transaction_market; confidence low.,75,44,classification confidence penalty,40
2026-09-11,20260911-005121-ae902a35,2026-09-11 00:50:47,NAHB Eye on Housing - Multifamily,Public Agency / Housing Data,Tier 3,national_multifamily,Other,Apartment,"Wed, 26 Aug 2026 12:52:00 +0000",80,High,Review,Other / Unknown,Developer Strategy,Track Developer Strategy,"Review for developer strategy because the article may inform site selection, product type, adaptive reuse, build-to-rent, or market entry.",Medium relevance to market monitoring,Track source for follow-up,"Included because it scored 80 and mentions apartment, apartments, construction, with a Developer Strategy angle for a broad or unspecified market.",No Clear Numeric Signal,,"Multifamily Missing Middle Falls Back – Eye On Housing Skip to content Multifamily Missing Middle Falls Back August 26, 2026 Robert Dietz No Comments Multifamily missing middle construction declined during the second quarter of 2026. The missing middle construction sector includes development of medium-density housing, such as townhouses, duplexes and other small multifamily properties. The multifamily segment of the missing middle (apartments in 2- to 4-unit properties) has generally disappoint","You are a strategic research analyst for Woomi / Woomi Global.
Analyze the following US multifamily housing article for developer strategy.

Article context:
- Title: Multifamily Missing Middle Falls Back
- Source: NAHB Eye on Housing - Multifamily
- URL: https://eyeonhousing.org/2026/08/multifamily-missing-middle-falls-back/
- Market focus: Other / Unknown
- Strategic angle: Developer Strategy
- Market signal: No Clear Numeric Signal
- Extracted numbers: None detected
- Strategic implication: Review for developer strategy because the article may inform site selection, product type, adaptive reuse, build-to-rent, or market entry.
- Woomi relevance: Medium relevance to market monitoring

Please answer in concise bullet points:
1. Why does this article matter for a US multifamily developer?
2. What is the implication for Woomi / Woomi Global?
3. What risk or opportunity does this indicate?
4. What follow-up question should the strategy team ask?",74,Good,missing extracted numbers; missing market focus; missing market signal,"Rule-based interpretation: NAHB Eye on Housing - Multifamily article 'Multifamily Missing Middle Falls Back' is classified as review for Other / Unknown. It points to development execution or sponsor strategy. Treat as a briefing input, not a standalone investment conclusion; confirm with source diversity, repeat observation, and market-specific evidence.",Development Strategy,apartment; apartments; construction; development; multifamily,Multifamily Missing Middle Falls Back,https://eyeonhousing.org/2026/08/multifamily-missing-middle-falls-back/,Yes,art_bd139aec1c1b802e,Other / Unknown,other,Multifamily,market data/supply-demand,개발/인허가,개발/인허가; 시장 데이터,No,article page appears accessible from collected text,No,No,standard,art_bd139aec1c1b802e,https://eyeonhousing.org/2026/08/multifamily-missing-middle-falls-back/,Multifamily Missing Middle Falls Back,open,open,https://eyeonhousing.org/2026/08/multifamily-missing-middle-falls-back/,valid,title/source/url metadata are internally consistent,Development Activity,,development milestone or entitlement signal has display priority,repeat_penalized,15,2026-08-26,2026-09-11,16,old_31d_plus,old,published date parsed; article age 16 day(s),5,published date parsed; article age 16 day(s); previously seen article,,,"no city, state, or market keyword detected",none,not_candidate,not a GP / capital candidate,No,,,,,,False,"no identifiable project, asset, site, address, or unit-count anchor",none,,No,,,,,,,,,gp_activity,none,none,none,none,none,none,unknown,developer,No specific market detected; relevance remains broad.,unknown,No clear rule-based event keyword was detected. Primary topic set to gp_activity; confidence unknown.,30,0,classification confidence penalty,0
2026-09-11,20260911-005121-ae902a35,2026-09-11 00:50:49,NAHB Eye on Housing - Multifamily,Public Agency / Housing Data,Tier 3,national_multifamily,Other,Apartment,"Wed, 27 May 2026 12:31:00 +0000",80,High,Review,Other / Unknown,Developer Strategy,Track Developer Strategy,"Review for developer strategy because the article may inform site selection, product type, adaptive reuse, build-to-rent, or market entry.",Medium relevance to market monitoring,Track source for follow-up,"Included because it scored 80 and mentions apartment, apartments, construction, with a Developer Strategy angle for a broad or unspecified market.",No Clear Numeric Signal,,"Multifamily Missing Middle Construction: First Quarter 2026 – Eye On Housing Skip to content Multifamily Missing Middle Construction: First Quarter 2026 May 27, 2026 Robert Dietz No Comments Multifamily missing middle construction declined at the start of 2026. The missing middle construction sector includes development of medium-density housing, such as townhouses, duplexes and other small multifamily properties. The multifamily segment of the missing middle (apartments in 2- to 4-unit properti","You are a strategic research analyst for Woomi / Woomi Global.
Analyze the following US multifamily housing article for developer strategy.

Article context:
- Title: Multifamily Missing Middle Construction: First Quarter 2026
- Source: NAHB Eye on Housing - Multifamily
- URL: https://eyeonhousing.org/2026/05/multifamily-missing-middle-construction-first-quarter-2026/
- Market focus: Other / Unknown
- Strategic angle: Developer Strategy
- Market signal: No Clear Numeric Signal
- Extracted numbers: None detected
- Strategic implication: Review for developer strategy because the article may inform site selection, product type, adaptive reuse, build-to-rent, or market entry.
- Woomi relevance: Medium relevance to market monitoring

Please answer in concise bullet points:
1. Why does this article matter for a US multifamily developer?
2. What is the implication for Woomi / Woomi Global?
3. What risk or opportunity does this indicate?
4. What follow-up question should the strategy team ask?",74,Good,missing extracted numbers; missing market focus; missing market signal,"Rule-based interpretation: NAHB Eye on Housing - Multifamily article 'Multifamily Missing Middle Construction: First Quarter 2026' is classified as review for Other / Unknown. It points to development execution or sponsor strategy. Treat as a briefing input, not a standalone investment conclusion; confirm with source diversity, repeat observation, and market-specific evidence.",Development Strategy,apartment; apartments; construction; development; multifamily,Multifamily Missing Middle Construction: First Quarter 2026,https://eyeonhousing.org/2026/05/multifamily-missing-middle-construction-first-quarter-2026/,Yes,art_a9cd9804fd32f949,Other / Unknown,other,Multifamily,market data/supply-demand,개발/인허가,개발/인허가; 시장 데이터,No,article page appears accessible from collected text,No,No,standard,art_a9cd9804fd32f949,https://eyeonhousing.org/2026/05/multifamily-missing-middle-construction-first-quarter-2026/,Multifamily Missing Middle Construction: First Quarter 2026,open,open,https://eyeonhousing.org/2026/05/multifamily-missing-middle-construction-first-quarter-2026/,valid,title/source/url metadata are internally consistent,Development Activity,,development milestone or entitlement signal has display priority,repeat_penalized,107,2026-05-27,2026-09-11,107,old_31d_plus,archive,published date parsed; article age 107 day(s),5,published date parsed; article age 107 day(s); previously seen article,,,"no city, state, or market keyword detected",none,not_candidate,not a GP / capital candidate,No,,,,,,False,"no identifiable project, asset, site, address, or unit-count anchor",none,,No,,,,,,,,,gp_activity,none,none,none,none,none,none,unknown,developer,No specific market detected; relevance remains broad.,unknown,No clear rule-based event keyword was detected. Primary topic set to gp_activity; confidence unknown.,30,0,classification confidence penalty,0
2026-09-11,20260911-005121-ae902a35,2026-09-11 00:51:06,REBusiness Online,Site / Parcel Source Expansion,Tier 2,development_pipeline;gp_activity,Other,Office-to-Residential Conversion,2026-09-10T13:36:38Z,80,High,Review,Colorado,Financing Risk; Institutional Flow; Developer Strategy,Track Financing Conditions; Track Institutional Capital Flow; Track Developer Strategy,"Monitor financing conditions because the article includes acquisition, adaptive reuse, capital markets and $41.2m, $41.2 million, $27.3 million, which may affect construction loans, refinancing risk, and exit cap rates.",Medium relevance to market monitoring,Track source for follow-up,"Included because it scored 80 and mentions acquisition, adaptive reuse, capital markets, with a Financing Risk; Institutional Flow; Developer Strategy angle for Denver / Colorado.",Rent Growth Signal,$41.2m; $41.2 million; $27.3 million,"Stanley Marketplace, a former ejection seat manufacturing facility in Aurora, Colo., was recently sold by Westfield Co. for $41.2 million. Acquisitions Colorado Restaurant Retail Western JLL Negotiates $41.2M Sale of Stanley Marketplace in Aurora, Colorado by Amy Works September 10, 2026 September 10, 2026 2 AURORA, COLO. — JLL Capital Markets has arranged the $41.2 million sale of Stanley Marketplace, a 102,125-square-foot adaptive reuse retail development located in Aurora. Jason Schmidt and A","You are a strategic research analyst for Woomi / Woomi Global.
Analyze the following US multifamily housing article for developer strategy.

Article context:
- Title: JLL Negotiates $41.2M Sale of Stanley Marketplace in Aurora, Colorado
- Source: REBusiness Online
- URL: https://rebusinessonline.com/jll-negotiates-41-2m-sale-of-stanley-marketplace-in-aurora-colorado/
- Market focus: Denver / Colorado
- Strategic angle: Financing Risk; Institutional Flow; Developer Strategy
- Market signal: Rent Growth Signal
- Extracted numbers: $41.2m; $41.2 million; $27.3 million
- Strategic implication: Monitor financing conditions because the article includes acquisition, adaptive reuse, capital markets and $41.2m, $41.2 million, $27.3 million, which may affect construction loans, refinancing risk, and exit cap rates.
- Woomi relevance: Medium relevance to market monitoring

Please answer in concise bullet points:
1. Why does this article matter for a US multifamily developer?
2. What is the implication for Woomi / Woomi Global?
3. What risk or opportunity does this indicate?
4. What follow-up question should the strategy team ask?",98,Excellent,None,"Rule-based interpretation: REBusiness Online article 'JLL Negotiates $41.2M Sale of Stanley Marketplace in Aurora, Colorado' is classified as review for Denver / Colorado. It points to financing, refinancing, or debt-market conditions. Treat as a briefing input, not a standalone investment conclusion; confirm with source diversity, repeat observation, and market-specific evidence.",Macro & Financing; Development Strategy; Market Players & Deals,acquisition; adaptive reuse; capital markets; development; jll; loan; sale; transaction,"JLL Negotiates $41.2M Sale of Stanley Marketplace in Aurora, Colorado",https://rebusinessonline.com/jll-negotiates-41-2m-sale-of-stanley-marketplace-in-aurora-colorado/,No,art_f3e00e5f576f6659,Colorado,other,Mixed-use Residential,transaction/sale; acquisition; financing/refinancing; rent/occupancy/absorption,개발/인허가,개발/인허가; 거래/투자; 운영/임대; 시장 데이터,No,article page appears accessible from collected text,No,No,standard,art_f3e00e5f576f6659,https://rebusinessonline.com/jll-negotiates-41-2m-sale-of-stanley-marketplace-in-aurora-colorado/,"JLL Negotiates $41.2M Sale of Stanley Marketplace in Aurora, Colorado",open,open,https://rebusinessonline.com/jll-negotiates-41-2m-sale-of-stanley-marketplace-in-aurora-colorado/,valid,title/source/url metadata are internally consistent,GP / Capital Activity,,transaction or financing article excluded from Development Activity,new_or_fresh,0,2026-09-10,2026-09-11,1,fresh_0_3d,fresh,published date parsed; article age 1 day(s),100,fresh article or no repeat penalty,,Colorado,matched state keyword: Colorado,none,not_candidate,not a GP / capital candidate,No,,,,,,False,"no identifiable project, asset, site, address, or unit-count anchor",none,,No,,,,,,,,,development_pipeline,capital_markets; supply_demand,acquisition; disposition,adaptive_reuse,effective_rent_growth,gp_acquisition,none,adaptive_reuse,lender; broker; developer,Market reference detected as Colorado.,medium,"Capital event keywords detected: acquisition, disposition. Development-stage terms detected: adaptive_reuse. Supply/demand terms detected: effective_rent_growth. Institutional activity terms detected: gp_acquisition. Primary topic set to development_pipeline; confidence medium.",100,74,institutional acquisition behavior,80
2026-09-11,20260911-005121-ae902a35,2026-09-11 00:51:13,Connect CRE Phoenix,Site / Parcel Source Expansion,Tier 2,development_pipeline;gp_activity;sunbelt,Other,Mixed-Use Residential,"Mon, 31 Aug 2026 20:09:38 +0000",79,Medium,Review,Phoenix / Arizona,Developer Strategy,Track Developer Strategy,"Review for developer strategy because the article may inform site selection, product type, adaptive reuse, build-to-rent, or market entry.",Medium relevance to market monitoring,Track source for follow-up,"Included because it scored 79 and mentions apartment, apartments, development, with a Developer Strategy angle for Phoenix / Arizona.",No Clear Numeric Signal,397 apartments,"Phoenix & Southwest CRE News In Your Inbox. Sign up for Connect emails to stay informed with CRE stories that are 150 words or less. Phoenix & Southwest + Phoenix + Apartments | August 31, 2026 By: Mike Boyd JPI Adding 397 Apartments to City North Development JPI is planning a 397-unit apartment complex at City North, the 100-acre master planned community near TSMC in North Phoenix. CityNorth is the fourth phase of multifamily at the mixed-use development. In addition to retail and office space,","You are a strategic research analyst for Woomi / Woomi Global.
Analyze the following US multifamily housing article for developer strategy.

Article context:
- Title: JPI Adding 397 Apartments to City North Development
- Source: Connect CRE Phoenix
- URL: https://www.connectcre.com/stories/jpi-adding-397-apartments-to-city-north-development/
- Market focus: Phoenix / Arizona
- Strategic angle: Developer Strategy
- Market signal: No Clear Numeric Signal
- Extracted numbers: 397 apartments
- Strategic implication: Review for developer strategy because the article may inform site selection, product type, adaptive reuse, build-to-rent, or market entry.
- Woomi relevance: Medium relevance to market monitoring

Please answer in concise bullet points:
1. Why does this article matter for a US multifamily developer?
2. What is the implication for Woomi / Woomi Global?
3. What risk or opportunity does this indicate?
4. What follow-up question should the strategy team ask?",90,Excellent,missing market signal,"Rule-based interpretation: Connect CRE Phoenix article 'JPI Adding 397 Apartments to City North Development' is classified as review for Phoenix / Arizona. It points to development execution or sponsor strategy. Treat as a briefing input, not a standalone investment conclusion; confirm with source diversity, repeat observation, and market-specific evidence.",Development Strategy,apartment; apartments; development; multifamily,JPI Adding 397 Apartments to City North Development,https://www.connectcre.com/stories/jpi-adding-397-apartments-to-city-north-development/,Yes,art_a194ca4cce54e103,Phoenix,core_15,Mixed-use Residential,,개발/인허가,개발/인허가,No,article page appears accessible from collected text,Yes,No,standard,art_a194ca4cce54e103,https://www.connectcre.com/stories/jpi-adding-397-apartments-to-city-north-development/,JPI Adding 397 Apartments to City North Development,open,open,https://www.connectcre.com/stories/jpi-adding-397-apartments-to-city-north-development/,valid,title/source/url metadata are internally consistent,Development Activity,,development_project_anchor: Project / Asset (unit/site count: 397 apartments; project/asset term: development),repeat_penalized,10,2026-08-31,2026-09-11,11,recent_4_14d,recent,published date parsed; article age 11 day(s),55,previously seen article,Phoenix,Arizona,matched city/metro keyword: Phoenix,none,not_candidate,not a GP / capital candidate,No,,,,,,True,unit/site count: 397 apartments; project/asset term: development,high,Project / Asset,No,,,,,,,,,gp_activity,none,none,none,none,none,none,mixed_use,developer,Market reference detected as Phoenix / Arizona.,unknown,No clear rule-based event keyword was detected. Primary topic set to gp_activity; confidence unknown.,60,40,classification confidence penalty,15
2026-09-11,20260911-005121-ae902a35,2026-09-11 00:50:47,NAHB Eye on Housing - Multifamily,Public Agency / Housing Data,Tier 3,national_multifamily,Other,Apartment,"Fri, 28 Aug 2026 13:47:59 +0000",78,Medium,Review,Other / Unknown,Rent Growth / Demand,Track Rent / Vacancy Trend,"Review this as a supply risk signal because it references new deliveries, starts, pipeline, or permits in Other / Unknown.",Medium relevance to market monitoring,Track source for follow-up,"Included because it scored 78 and mentions absorption, apartment, multifamily, with a Rent Growth / Demand angle for a broad or unspecified market.",Supply / Starts Signal,50%,"Multifamily Absorption Rate Remains Below 50% – Eye On Housing Skip to content Multifamily Absorption Rate Remains Below 50% August 28, 2026 Jesse Wade No Comments The percentage of new apartment units that were absorbed within three months after completion was down five percentage points in the first quarter, according to the Census Bureau’s latest release of the Survey of Market Absorption of New Multifamily Units (SOMA). An apartment or condo unit is considered absorbed into the market when i","You are a strategic research analyst for Woomi / Woomi Global.
Analyze the following US multifamily housing article for developer strategy.

Article context:
- Title: Multifamily Absorption Rate Remains Below 50%
- Source: NAHB Eye on Housing - Multifamily
- URL: https://eyeonhousing.org/2026/08/multifamily-absorption-rate-remains-below-50-2/
- Market focus: Other / Unknown
- Strategic angle: Rent Growth / Demand
- Market signal: Supply / Starts Signal
- Extracted numbers: 50%
- Strategic implication: Review this as a supply risk signal because it references new deliveries, starts, pipeline, or permits in Other / Unknown.
- Woomi relevance: Medium relevance to market monitoring

Please answer in concise bullet points:
1. Why does this article matter for a US multifamily developer?
2. What is the implication for Woomi / Woomi Global?
3. What risk or opportunity does this indicate?
4. What follow-up question should the strategy team ask?",90,Excellent,missing market focus,"Rule-based interpretation: NAHB Eye on Housing - Multifamily article 'Multifamily Absorption Rate Remains Below 50%' is classified as review for Other / Unknown. It points to supply, delivery, lease-up, or absorption conditions. Treat as a briefing input, not a standalone investment conclusion; confirm with source diversity, repeat observation, and market-specific evidence.",Supply & Demand,absorption; apartment; multifamily,Multifamily Absorption Rate Remains Below 50%,https://eyeonhousing.org/2026/08/multifamily-absorption-rate-remains-below-50-2/,Yes,art_8b28c10c647e7f21,Other / Unknown,other,Multifamily,development; delivery/completion; market data/supply-demand; rent/occupancy/absorption,개발/인허가,개발/인허가; 운영/임대; 시장 데이터,No,article page appears accessible from collected text,No,No,standard,art_8b28c10c647e7f21,https://eyeonhousing.org/2026/08/multifamily-absorption-rate-remains-below-50-2/,Multifamily Absorption Rate Remains Below 50%,open,open,https://eyeonhousing.org/2026/08/multifamily-absorption-rate-remains-below-50-2/,valid,title/source/url metadata are internally consistent,Market Intelligence,,"market_macro_guard: rent, demand, vacancy, absorption, or leasing article without project anchor",repeat_penalized,115,2026-08-28,2026-09-11,14,recent_4_14d,recent,published date parsed; article age 14 day(s),55,previously seen article,,,"no city, state, or market keyword detected",none,not_candidate,not a GP / capital candidate,No,,,,,,False,"no identifiable project, asset, site, address, or unit-count anchor",none,,Yes,absorption,matched rent/demand keyword: absorption,,,,,,,development_pipeline,supply_demand,none,delivery,effective_rent_growth; absorption,none,none,unknown,unknown,No specific market detected; relevance remains broad.,medium,"Development-stage terms detected: delivery. Supply/demand terms detected: effective_rent_growth, absorption. Primary topic set to development_pipeline; confidence medium.",50,59,lease-up or absorption behavior,40
2026-09-11,20260911-005121-ae902a35,2026-09-11 00:51:16,Connect CRE Atlanta,Site / Parcel Source Expansion,Tier 2,development_pipeline;gp_activity;sunbelt,Other,Apartment,"Tue, 11 Aug 2026 14:07:02 +0000",78,Medium,Review,Atlanta / Georgia,Developer Strategy,Track Developer Strategy,"Review for developer strategy because the article may inform site selection, product type, adaptive reuse, build-to-rent, or market entry.",Medium relevance to market monitoring,Track source for follow-up,"Included because it scored 78 and mentions apartment, apartments, conversion, with a Developer Strategy angle for Atlanta / Georgia.",No Clear Numeric Signal,314 apartments,"Atlanta & Southeast News In Your Inbox Sign up for Connect emails to stay informed with CRE stories that are 150 words or less. Atlanta & Southeast + Atlanta + Apartments | August 11, 2026 By: Mike Boyd JLB Pursuing Buckhead Office-to-Apartments Conversion JLB Partners plans to redevelop a seven-story building at 470 E. Paces Ferry Road in Buckhead Village. The Atlanta Business Chronicle reports the project consists of 314 apartments in what was once a mid-century office building. On Maple Drive","You are a strategic research analyst for Woomi / Woomi Global.
Analyze the following US multifamily housing article for developer strategy.

Article context:
- Title: JLB Pursuing Buckhead Office-to-Apartments Conversion
- Source: Connect CRE Atlanta
- URL: https://www.connectcre.com/stories/jlb-pursuing-buckhead-office-to-apartments-conversion/
- Market focus: Atlanta / Georgia
- Strategic angle: Developer Strategy
- Market signal: No Clear Numeric Signal
- Extracted numbers: 314 apartments
- Strategic implication: Review for developer strategy because the article may inform site selection, product type, adaptive reuse, build-to-rent, or market entry.
- Woomi relevance: Medium relevance to market monitoring

Please answer in concise bullet points:
1. Why does this article matter for a US multifamily developer?
2. What is the implication for Woomi / Woomi Global?
3. What risk or opportunity does this indicate?
4. What follow-up question should the strategy team ask?",90,Excellent,missing market signal,"Rule-based interpretation: Connect CRE Atlanta article 'JLB Pursuing Buckhead Office-to-Apartments Conversion' is classified as review for Atlanta / Georgia. It points to development execution or sponsor strategy. Treat as a briefing input, not a standalone investment conclusion; confirm with source diversity, repeat observation, and market-specific evidence.",Development Strategy,apartment; apartments; conversion,JLB Pursuing Buckhead Office-to-Apartments Conversion,https://www.connectcre.com/stories/jlb-pursuing-buckhead-office-to-apartments-conversion/,Yes,art_4addc8979f06a523,Atlanta,core_15,Multifamily,,개발/인허가,개발/인허가; 시장 데이터,No,article page appears accessible from collected text,Yes,No,standard,art_4addc8979f06a523,https://www.connectcre.com/stories/jlb-pursuing-buckhead-office-to-apartments-conversion/,JLB Pursuing Buckhead Office-to-Apartments Conversion,open,open,https://www.connectcre.com/stories/jlb-pursuing-buckhead-office-to-apartments-conversion/,valid,title/source/url metadata are internally consistent,Development Activity,,development_project_anchor: Project / Asset (unit/site count: 314 apartments; address/street: 470 e. paces ferry road; project/asset term: project),repeat_penalized,31,2026-08-11,2026-09-11,31,old_31d_plus,old,published date parsed; article age 31 day(s),5,published date parsed; article age 31 day(s); previously seen article,Atlanta,Georgia,matched city/metro keyword: Atlanta,none,not_candidate,not a GP / capital candidate,No,,,,,,True,unit/site count: 314 apartments; address/street: 470 e. paces ferry road; project/asset term: project,high,Project / Asset,No,,,,,,,,,development_pipeline,none,none,redevelopment,none,none,none,unknown,developer,Market reference detected as Atlanta / Georgia.,low,Development-stage terms detected: redevelopment. Primary topic set to development_pipeline; confidence low.,60,0,classification confidence penalty,0
2026-09-11,20260911-005121-ae902a35,2026-09-11 00:50:37,Multifamily Dive,Core Multifamily News,Tier 1,national_multifamily,Other,Apartment,"Tue, 08 Sep 2026 09:34:00 -0400",77,Medium,Review,Other / Unknown,Cost Control; Developer Strategy,Track Construction Cost; Track Developer Strategy,"Review for cost-control implications because the article may affect construction cost, labor, materials, insurance, or value engineering.",Medium relevance to market monitoring,Track source for follow-up,"Included because it scored 77 and mentions apartment, construction, development, with a Cost Control; Developer Strategy angle for a broad or unspecified market.",No Clear Numeric Signal,,"An article from Construction costs have moderated, but apartment development remains challenging Multifamily firms are mixed on whether greater contractor competition and more stable materials prices have opened up opportunities in new markets. Published Sept. 8, 2026 By Danielle McLean Share Copy link Email LinkedIn X/Twitter Facebook Print License Add us on Google A worker builds the Canal Crossing apartment building in Hamden, Conn. Spencer Platt via Getty Images Listen to the article 5 min T","You are a strategic research analyst for Woomi / Woomi Global.
Analyze the following US multifamily housing article for developer strategy.

Article context:
- Title: Construction costs have moderated, but apartment development remains challenging
- Source: Multifamily Dive
- URL: https://www.multifamilydive.com/news/construction-costs-labor-materials-apartment-development/829700/
- Market focus: Other / Unknown
- Strategic angle: Cost Control; Developer Strategy
- Market signal: No Clear Numeric Signal
- Extracted numbers: None detected
- Strategic implication: Review for cost-control implications because the article may affect construction cost, labor, materials, insurance, or value engineering.
- Woomi relevance: Medium relevance to market monitoring

Please answer in concise bullet points:
1. Why does this article matter for a US multifamily developer?
2. What is the implication for Woomi / Woomi Global?
3. What risk or opportunity does this indicate?
4. What follow-up question should the strategy team ask?",74,Good,missing extracted numbers; missing market focus; missing market signal,"Rule-based interpretation: Multifamily Dive article 'Construction costs have moderated, but apartment development remains challenging' is classified as review for Other / Unknown. It points to development execution or sponsor strategy. Treat as a briefing input, not a standalone investment conclusion; confirm with source diversity, repeat observation, and market-specific evidence.",Development Strategy,apartment; construction; development; multifamily,"Construction costs have moderated, but apartment development remains challenging",https://www.multifamilydive.com/news/construction-costs-labor-materials-apartment-development/829700/,Yes,art_28dd838d965babff,Other / Unknown,other,Multifamily,construction cost,개발/인허가,개발/인허가,No,article page appears accessible from collected text,No,No,standard,art_28dd838d965babff,https://www.multifamilydive.com/news/construction-costs-labor-materials-apartment-development/829700/,"Construction costs have moderated, but apartment development remains challenging",open,open,https://www.multifamilydive.com/news/construction-costs-labor-materials-apartment-development/829700/,valid,title/source/url metadata are internally consistent,Development Activity,,development_project_anchor: Delivery / Opening (execution milestone: opened; project/asset term: development),acceptable_repeat,2,2026-09-08,2026-09-11,3,fresh_0_3d,fresh,published date parsed; article age 3 day(s),74,previously seen article,,,"no city, state, or market keyword detected",none,not_candidate,not a GP / capital candidate,No,,,,,,True,execution milestone: opened; project/asset term: development,high,Delivery / Opening,No,,,,,,,,,development_pipeline,none,none,delivery,none,none,none,unknown,developer,No specific market detected; relevance remains broad.,low,Development-stage terms detected: delivery. Primary topic set to development_pipeline; confidence low.,45,36,classification confidence penalty,34
2026-09-11,20260911-005121-ae902a35,2026-09-11 00:51:15,Connect CRE Atlanta,Site / Parcel Source Expansion,Tier 2,development_pipeline;gp_activity;sunbelt,Other,Apartment,"Wed, 26 Aug 2026 13:55:55 +0000",77,Medium,Review,Atlanta / Georgia,Developer Strategy,Track Developer Strategy,"Review for developer strategy because the article may inform site selection, product type, adaptive reuse, build-to-rent, or market entry.",Medium relevance to market monitoring,Track source for follow-up,"Included because it scored 77 and mentions apartment, apartments, construction, with a Developer Strategy angle for Atlanta / Georgia.",No Clear Numeric Signal,,"Atlanta & Southeast News In Your Inbox Sign up for Connect emails to stay informed with CRE stories that are 150 words or less. Atlanta & Southeast + Atlanta + Apartments | August 26, 2026 By: Mike Boyd Thompson Thrift Pursuing 319-Unit Powder Springs Rental Community Thompson Thrift is moving ahead on Avira at Silver Comet Trail , a 319-unit multifamily community in the Atlanta suburb of Powder Springs. Construction is underway with resident move-ins expected to begin in October 2027. Located a","You are a strategic research analyst for Woomi / Woomi Global.
Analyze the following US multifamily housing article for developer strategy.

Article context:
- Title: Thompson Thrift Pursuing 319-Unit Powder Springs Rental Community
- Source: Connect CRE Atlanta
- URL: https://www.connectcre.com/stories/thompson-thrift-pursuing-319-unit-powder-springs-rental-community/
- Market focus: Atlanta / Georgia
- Strategic angle: Developer Strategy
- Market signal: No Clear Numeric Signal
- Extracted numbers: None detected
- Strategic implication: Review for developer strategy because the article may inform site selection, product type, adaptive reuse, build-to-rent, or market entry.
- Woomi relevance: Medium relevance to market monitoring

Please answer in concise bullet points:
1. Why does this article matter for a US multifamily developer?
2. What is the implication for Woomi / Woomi Global?
3. What risk or opportunity does this indicate?
4. What follow-up question should the strategy team ask?",82,Good,missing extracted numbers; missing market signal,"Rule-based interpretation: Connect CRE Atlanta article 'Thompson Thrift Pursuing 319-Unit Powder Springs Rental Community' is classified as review for Atlanta / Georgia. It points to development execution or sponsor strategy. Treat as a briefing input, not a standalone investment conclusion; confirm with source diversity, repeat observation, and market-specific evidence.",Development Strategy,apartment; apartments; construction; multifamily,Thompson Thrift Pursuing 319-Unit Powder Springs Rental Community,https://www.connectcre.com/stories/thompson-thrift-pursuing-319-unit-powder-springs-rental-community/,Yes,art_5ad1aa724056ba5a,Atlanta,core_15,Multifamily,,개발/인허가,개발/인허가; 운영/임대,No,article page appears accessible from collected text,Yes,No,standard,art_5ad1aa724056ba5a,https://www.connectcre.com/stories/thompson-thrift-pursuing-319-unit-powder-springs-rental-community/,Thompson Thrift Pursuing 319-Unit Powder Springs Rental Community,open,open,https://www.connectcre.com/stories/thompson-thrift-pursuing-319-unit-powder-springs-rental-community/,valid,title/source/url metadata are internally consistent,Development Activity,,development_project_anchor: Project / Asset (unit/site count: 319-unit; project/asset term: community),repeat_penalized,15,2026-08-26,2026-09-11,16,old_31d_plus,old,published date parsed; article age 16 day(s),5,published date parsed; article age 16 day(s); previously seen article,Atlanta,Georgia,matched city/metro keyword: Atlanta,none,not_candidate,not a GP / capital candidate,No,,,,,,True,unit/site count: 319-unit; project/asset term: community,high,Project / Asset,No,,,,,,,,,development_pipeline,none,none,lease_up,none,none,none,unknown,developer,Market reference detected as Atlanta / Georgia.,low,Development-stage terms detected: lease_up. Primary topic set to development_pipeline; confidence low.,60,0,classification confidence penalty,0
2026-09-11,20260911-005121-ae902a35,2026-09-11 00:51:16,Connect CRE Atlanta,Site / Parcel Source Expansion,Tier 2,development_pipeline;gp_activity;sunbelt,Other,Apartment,"Wed, 12 Aug 2026 14:09:31 +0000",77,Medium,Review,Atlanta / Georgia,Institutional Flow,Track Institutional Capital Flow,"Track this as institutional capital flow because it mentions major capital players, portfolio transactions, deal size, or cap-rate signals.",High relevance to US residential developer strategy,Add to weekly strategy memo,"Included because it scored 77 and mentions apartment, apartments, sale, with a Institutional Flow angle for Atlanta / Georgia.",Deal Size Signal,$98.4m; $98.4 million; $126.9 million,"Atlanta & Southeast News In Your Inbox Sign up for Connect emails to stay informed with CRE stories that are 150 words or less. Atlanta & Southeast + Atlanta + Apartments | August 12, 2026 By: Mike Boyd Saratoga Capital Pays $98.4M at Auction for Atlanta Apartment Community Saratoga Capital Partners bought the 336-unit Generation Atlanta community on Centennial Olympic Park Drive for $98.4 million in a foreclosure auction. Frankforter Group was the building’s previous owner. In late 2021, Frankf","You are a strategic research analyst for Woomi / Woomi Global.
Analyze the following US multifamily housing article for developer strategy.

Article context:
- Title: Saratoga Capital Pays $98.4M at Auction for Atlanta Apartment Community
- Source: Connect CRE Atlanta
- URL: https://www.connectcre.com/stories/saratoga-capital-pays-98-4m-at-auction-for-atlanta-apartment-community/
- Market focus: Atlanta / Georgia
- Strategic angle: Institutional Flow
- Market signal: Deal Size Signal
- Extracted numbers: $98.4m; $98.4 million; $126.9 million
- Strategic implication: Track this as institutional capital flow because it mentions major capital players, portfolio transactions, deal size, or cap-rate signals.
- Woomi relevance: High relevance to US residential developer strategy

Please answer in concise bullet points:
1. Why does this article matter for a US multifamily developer?
2. What is the implication for Woomi / Woomi Global?
3. What risk or opportunity does this indicate?
4. What follow-up question should the strategy team ask?",98,Excellent,None,"Rule-based interpretation: Connect CRE Atlanta article 'Saratoga Capital Pays $98.4M at Auction for Atlanta Apartment Community' is classified as review for Atlanta / Georgia. It points to institutional capital movement or transaction activity. Treat as a briefing input, not a standalone investment conclusion; confirm with source diversity, repeat observation, and market-specific evidence.",Macro & Financing; Market Players & Deals,apartment; apartments; sale,Saratoga Capital Pays $98.4M at Auction for Atlanta Apartment Community,https://www.connectcre.com/stories/saratoga-capital-pays-98-4m-at-auction-for-atlanta-apartment-community/,Yes,art_1d52cfb4e6bbc0bc,Atlanta,core_15,Multifamily,,거래/투자,거래/투자; 시장 데이터,No,article page appears accessible from collected text,Yes,No,standard,art_1d52cfb4e6bbc0bc,https://www.connectcre.com/stories/saratoga-capital-pays-98-4m-at-auction-for-atlanta-apartment-community/,Saratoga Capital Pays $98.4M at Auction for Atlanta Apartment Community,open,open,https://www.connectcre.com/stories/saratoga-capital-pays-98-4m-at-auction-for-atlanta-apartment-community/,valid,title/source/url metadata are internally consistent,Development Activity,Market Intelligence,development_project_anchor: Project / Asset (unit/site count: 336-unit; project/asset term: community),repeat_penalized,30,2026-08-12,2026-09-11,30,old_31d_plus,old,published date parsed; article age 30 day(s),5,published date parsed; article age 30 day(s); previously seen article,Atlanta,Georgia,matched city/metro keyword: Atlanta,disposition_exit,repeat_penalized,repeat exposure penalty; historical article over 30 days old; development article without confirmed capital event,No,Mike Boyd Saratoga Capital,Atlanta Apartment Community Saratoga Capital Partners,capital_event_sentence,medium,Inferred entity from source text near capital-event language.,True,unit/site count: 336-unit; project/asset term: community,high,Project / Asset,No,,,Mike Boyd Saratoga Capital,,Atlanta Apartment Community Saratoga Capital Partners,Atlanta Apartment Community Saratoga Capital Partners,Mike Boyd Saratoga Capital,Atlanta Apartment Community Saratoga Capital Partners,macro_financing,none,none,none,none,none,none,opportunistic,lender; investor,Market reference detected as Atlanta / Georgia.,unknown,No clear rule-based event keyword was detected. Primary topic set to macro_financing; confidence unknown.,60,0,classification confidence penalty,0
2026-09-11,20260911-005121-ae902a35,2026-09-11 00:50:46,NAHB Eye on Housing - Multifamily,Public Agency / Housing Data,Tier 3,national_multifamily,Other,Apartment,"Mon, 07 Sep 2026 13:30:00 +0000",76,Medium,Review,Other / Unknown,Developer Strategy,Track Developer Strategy,"Review for developer strategy because the article may inform site selection, product type, adaptive reuse, build-to-rent, or market entry.",Medium relevance to market monitoring,Track source for follow-up,"Included because it scored 76 and mentions apartment, construction, multifamily, with a Developer Strategy angle for a broad or unspecified market.",No Clear Numeric Signal,,"Shorter Apartment Construction Time in 2025 – Eye On Housing Skip to content Shorter Apartment Construction Time in 2025 September 7, 2026 Na Zhao No Comments The average time needed to complete construction of a multifamily building after obtaining authorization edged down in 2025, according to the 2025 Survey of Construction (SOC) from the Census Bureau. On average, it took 18.9 months from permit to completion, about 0.7 months shorter than in 2024. While construction timelines remain lengthy","You are a strategic research analyst for Woomi / Woomi Global.
Analyze the following US multifamily housing article for developer strategy.

Article context:
- Title: Shorter Apartment Construction Time in 2025
- Source: NAHB Eye on Housing - Multifamily
- URL: https://eyeonhousing.org/2026/09/shorter-apartment-construction-time-in-2025/
- Market focus: Other / Unknown
- Strategic angle: Developer Strategy
- Market signal: No Clear Numeric Signal
- Extracted numbers: None detected
- Strategic implication: Review for developer strategy because the article may inform site selection, product type, adaptive reuse, build-to-rent, or market entry.
- Woomi relevance: Medium relevance to market monitoring

Please answer in concise bullet points:
1. Why does this article matter for a US multifamily developer?
2. What is the implication for Woomi / Woomi Global?
3. What risk or opportunity does this indicate?
4. What follow-up question should the strategy team ask?",74,Good,missing extracted numbers; missing market focus; missing market signal,"Rule-based interpretation: NAHB Eye on Housing - Multifamily article 'Shorter Apartment Construction Time in 2025' is classified as review for Other / Unknown. It points to development execution or sponsor strategy. Treat as a briefing input, not a standalone investment conclusion; confirm with source diversity, repeat observation, and market-specific evidence.",Development Strategy,apartment; construction; multifamily; permit,Shorter Apartment Construction Time in 2025,https://eyeonhousing.org/2026/09/shorter-apartment-construction-time-in-2025/,Yes,art_50bb1d5a332d13cb,Other / Unknown,other,Multifamily,development; delivery/completion; market data/supply-demand,개발/인허가,개발/인허가; 시장 데이터,No,article page appears accessible from collected text,No,No,standard,art_50bb1d5a332d13cb,https://eyeonhousing.org/2026/09/shorter-apartment-construction-time-in-2025/,Shorter Apartment Construction Time in 2025,open,open,https://eyeonhousing.org/2026/09/shorter-apartment-construction-time-in-2025/,valid,title/source/url metadata are internally consistent,Market Intelligence,Development Activity,market_macro_guard: survey without project anchor,acceptable_repeat,3,2026-09-07,2026-09-11,4,fresh_0_3d,fresh,published date parsed; article age 4 day(s),70,previously seen article,,,"no city, state, or market keyword detected",none,not_candidate,not a GP / capital candidate,No,,,,,,False,"no identifiable project, asset, site, address, or unit-count anchor",none,,No,,,,,,,,,development_pipeline,none,none,delivery; permit,none,none,none,development,developer,No specific market detected; relevance remains broad.,low,"Development-stage terms detected: delivery, permit. Primary topic set to development_pipeline; confidence low.",45,51,entitlement persistence; classification confidence penalty,49
2026-09-11,20260911-005121-ae902a35,2026-09-11 00:51:08,Connect CRE Texas,Site / Parcel Source Expansion,Tier 2,development_pipeline;gp_activity;sunbelt,Other,Apartment,"Tue, 08 Sep 2026 16:55:04 +0000",75,Medium,Review,Texas,Developer Strategy,Track Developer Strategy,"Review for developer strategy because the article may inform site selection, product type, adaptive reuse, build-to-rent, or market entry.",Medium relevance to market monitoring,Track source for follow-up,"Included because it scored 75 and mentions apartment, apartments, construction, with a Developer Strategy angle for Texas.",No Clear Numeric Signal,86 apartments,"Texas CRE News In Your Inbox. Sign up for Connect emails to stay informed with CRE stories that are 150 words or less. Texas + San Antonio + Apartments | September 8, 2026 By: Mike Boyd Oxbow Greenlit for Tobin Hill Apartments, Office Space A San Antonio planning board has given the go-ahead for an office-and-residential project in Tobin Hill. Oxbow hopes to build 86 apartments and 140,000 square feet of office space at 111 Isleta. The San Antonio Business Journal reports that a third component ","You are a strategic research analyst for Woomi / Woomi Global.
Analyze the following US multifamily housing article for developer strategy.

Article context:
- Title: Oxbow Greenlit for Tobin Hill Apartments, Office Space
- Source: Connect CRE Texas
- URL: https://www.connectcre.com/stories/oxbow-greenlit-for-tobin-hill-apartments-office-space/
- Market focus: Texas
- Strategic angle: Developer Strategy
- Market signal: No Clear Numeric Signal
- Extracted numbers: 86 apartments
- Strategic implication: Review for developer strategy because the article may inform site selection, product type, adaptive reuse, build-to-rent, or market entry.
- Woomi relevance: Medium relevance to market monitoring

Please answer in concise bullet points:
1. Why does this article matter for a US multifamily developer?
2. What is the implication for Woomi / Woomi Global?
3. What risk or opportunity does this indicate?
4. What follow-up question should the strategy team ask?",90,Excellent,missing market signal,"Rule-based interpretation: Connect CRE Texas article 'Oxbow Greenlit for Tobin Hill Apartments, Office Space' is classified as review for Texas. It points to development execution or sponsor strategy. Treat as a briefing input, not a standalone investment conclusion; confirm with source diversity, repeat observation, and market-specific evidence.",Development Strategy,apartment; apartments; construction,"Oxbow Greenlit for Tobin Hill Apartments, Office Space",https://www.connectcre.com/stories/oxbow-greenlit-for-tobin-hill-apartments-office-space/,Yes,art_644d107df354b65b,San Antonio,watchlist_8,Multifamily,,개발/인허가,개발/인허가; 시장 데이터,No,article page appears accessible from collected text,No,Yes,standard,art_644d107df354b65b,https://www.connectcre.com/stories/oxbow-greenlit-for-tobin-hill-apartments-office-space/,"Oxbow Greenlit for Tobin Hill Apartments, Office Space",open,open,https://www.connectcre.com/stories/oxbow-greenlit-for-tobin-hill-apartments-office-space/,valid,title/source/url metadata are internally consistent,Development Activity,,development_project_anchor: Project / Asset (unit/site count: 86 apartments; execution milestone: to build; project/asset term: project),acceptable_repeat,2,2026-09-08,2026-09-11,3,fresh_0_3d,fresh,published date parsed; article age 3 day(s),74,previously seen article,,Texas,matched state keyword: Texas,none,not_candidate,not a GP / capital candidate,No,,,,,,True,unit/site count: 86 apartments; execution milestone: to build; project/asset term: project,high,Project / Asset,No,,,,,,,,,development_pipeline,none,none,planning_commission,none,none,none,unknown,developer,Market reference detected as Texas.,low,Development-stage terms detected: planning_commission. Primary topic set to development_pipeline; confidence low.,60,40,classification confidence penalty,38
2026-09-11,20260911-005121-ae902a35,2026-09-11 00:51:05,REBusiness Online,Site / Parcel Source Expansion,Tier 2,development_pipeline;gp_activity,Other,Senior Housing,2026-09-10T13:54:41Z,74,Medium,Review,Dallas / Texas,Developer Strategy,Track Developer Strategy,"Review for developer strategy because the article may inform site selection, product type, adaptive reuse, build-to-rent, or market entry.",Medium relevance to market monitoring,Track source for follow-up,"Included because it scored 74 and mentions build-to-rent, development, multifamily, with a Developer Strategy angle for Dallas / Texas.",No Clear Numeric Signal,,"Select residences Woodland Cottages Sherman also include private fenced backyards. Build-to-Rent Development Multifamily Seniors Housing Single-Family Rental Texas Carbon Shepherd Completes 84-Unit Independent Living Project in Sherman, Texas by Taylor Williams September 10, 2026 September 10, 2026 5 SHERMAN, TEXAS — Dallas-based Carbon Shepherd Development has completed an 84-unit independent living project in the North Texas city of Sherman. Woodland Cottages Sherman offers one- and two-bedroo","You are a strategic research analyst for Woomi / Woomi Global.
Analyze the following US multifamily housing article for developer strategy.

Article context:
- Title: Carbon Shepherd Completes 84-Unit Independent Living Project in Sherman, Texas
- Source: REBusiness Online
- URL: https://rebusinessonline.com/carbon-shepherd-completes-84-unit-independent-living-project-in-sherman-texas/
- Market focus: Dallas / Texas
- Strategic angle: Developer Strategy
- Market signal: No Clear Numeric Signal
- Extracted numbers: None detected
- Strategic implication: Review for developer strategy because the article may inform site selection, product type, adaptive reuse, build-to-rent, or market entry.
- Woomi relevance: Medium relevance to market monitoring

Please answer in concise bullet points:
1. Why does this article matter for a US multifamily developer?
2. What is the implication for Woomi / Woomi Global?
3. What risk or opportunity does this indicate?
4. What follow-up question should the strategy team ask?",82,Good,missing extracted numbers; missing market signal,"Rule-based interpretation: REBusiness Online article 'Carbon Shepherd Completes 84-Unit Independent Living Project in Sherman, Texas' is classified as review for Dallas / Texas. It points to development execution or sponsor strategy. Treat as a briefing input, not a standalone investment conclusion; confirm with source diversity, repeat observation, and market-specific evidence.",Development Strategy,build-to-rent; development; multifamily; renter; renters,"Carbon Shepherd Completes 84-Unit Independent Living Project in Sherman, Texas",https://rebusinessonline.com/carbon-shepherd-completes-84-unit-independent-living-project-in-sherman-texas/,No,art_1411ddbe70138b08,Dallas-Fort Worth,core_15,Build-to-Rent,delivery/completion,개발/인허가,개발/인허가; 운영/임대,No,article page appears accessible from collected text,Yes,No,standard,art_1411ddbe70138b08,https://rebusinessonline.com/carbon-shepherd-completes-84-unit-independent-living-project-in-sherman-texas/,"Carbon Shepherd Completes 84-Unit Independent Living Project in Sherman, Texas",open,open,https://rebusinessonline.com/carbon-shepherd-completes-84-unit-independent-living-project-in-sherman-texas/,valid,title/source/url metadata are internally consistent,Development Activity,,development_project_anchor: Project / Asset (unit/site count: 84-unit; project/asset term: project),new_or_fresh,0,2026-09-10,2026-09-11,1,fresh_0_3d,fresh,published date parsed; article age 1 day(s),100,fresh article or no repeat penalty,Dallas,Texas,matched city/metro keyword: Dallas,none,not_candidate,not a GP / capital candidate,No,,,,,,True,unit/site count: 84-unit; project/asset term: project,high,Project / Asset,No,,,,,,,,,development_pipeline,none,none,delivery,none,none,none,btr,developer,Market reference detected as Dallas / Texas.,low,Development-stage terms detected: delivery. Primary topic set to development_pipeline; confidence low.,60,58,sponsor expansion; classification confidence penalty,64
2026-09-11,20260911-005121-ae902a35,2026-09-11 00:50:42,Yield PRO,Core Multifamily News,Tier 1,lease_up_supply;national_multifamily,Other,Multifamily,"Thu, 10 Sep 2026 16:45:04 +0000",73,Medium,Review,Atlanta / Georgia,Developer Strategy,Track Developer Strategy,"Review for developer strategy because the article may inform site selection, product type, adaptive reuse, build-to-rent, or market entry.",Medium relevance to market monitoring,Track source for follow-up,"Included because it scored 73 and mentions construction, midwest, multifamily, with a Developer Strategy angle for Atlanta / Georgia.",No Clear Numeric Signal,$139 million,"Deal boom Midwest-South region News Facebook Twitter Linkedin Kennedy Wilson has unveiled plans for Caldwell , a 382-unit luxury community in Sandy Springs, Georgia. The $139 million project, the firm’s first in the state, is being developed through a partnership with Japanese construction company Shimizu Corp. Caldwell is being developed at a former UPS office site. UPS vacated the office in July 2025, relocating approximately 500 employees to other Atlanta-area locations. Kennedy Wilson purcha","You are a strategic research analyst for Woomi / Woomi Global.
Analyze the following US multifamily housing article for developer strategy.

Article context:
- Title: Kennedy Wilson in Partnership with Shimizu Corp Announce Plans for 382-Unit Luxury Multifamily Community in Sandy Springs Georgia
- Source: Yield PRO
- URL: https://yieldpro.com/2026/09/caldwell-sandy-springs/
- Market focus: Atlanta / Georgia
- Strategic angle: Developer Strategy
- Market signal: No Clear Numeric Signal
- Extracted numbers: $139 million
- Strategic implication: Review for developer strategy because the article may inform site selection, product type, adaptive reuse, build-to-rent, or market entry.
- Woomi relevance: Medium relevance to market monitoring

Please answer in concise bullet points:
1. Why does this article matter for a US multifamily developer?
2. What is the implication for Woomi / Woomi Global?
3. What risk or opportunity does this indicate?
4. What follow-up question should the strategy team ask?",90,Excellent,missing market signal,"Rule-based interpretation: Yield PRO article 'Kennedy Wilson in Partnership with Shimizu Corp Announce Plans for 382-Unit Luxury Multifamily Community in Sandy Springs Georgia' is classified as review for Atlanta / Georgia. It points to development execution or sponsor strategy. Treat as a briefing input, not a standalone investment conclusion; confirm with source diversity, repeat observation, and market-specific evidence.",Supply & Demand; Development Strategy,construction; midwest; multifamily,Kennedy Wilson in Partnership with Shimizu Corp Announce Plans for 382-Unit Luxury Multifamily Community in Sandy Springs Georgia,https://yieldpro.com/2026/09/caldwell-sandy-springs/,No,art_b8749ad9c5b6205e,Atlanta,core_15,Multifamily,market data/supply-demand,개발/인허가,개발/인허가; 시장 데이터,No,article page appears accessible from collected text,Yes,No,standard,art_b8749ad9c5b6205e,https://yieldpro.com/2026/09/caldwell-sandy-springs/,Kennedy Wilson in Partnership with Shimizu Corp Announce Plans for 382-Unit Luxury Multifamily Community in Sandy Springs Georgia,open,open,https://yieldpro.com/2026/09/caldwell-sandy-springs/,valid,title/source/url metadata are internally consistent,Development Activity,GP / Capital Activity,development_project_anchor: capital event with identifiable project/asset (unit/site count: 382-unit; site/parcel signal: site; project/asset term: project),new_or_fresh,0,2026-09-10,2026-09-11,1,fresh_0_3d,fresh,published date parsed; article age 1 day(s),100,fresh article or no repeat penalty,Atlanta,Georgia,matched city/metro keyword: Atlanta,joint_venture,new_candidate,selected or retained for GP / capital review,Yes,Kennedy Wilson,,dictionary_match,high,"Matched known institutional / GP entity in title, summary, or source text.",True,unit/site count: 382-unit; site/parcel signal: site; project/asset term: project,high,Project / Asset,No,,,Kennedy Wilson,,,,Kennedy Wilson,,institutional_capital,capital_markets,joint_venture,none,none,none,none,unknown,developer,Market reference detected as Atlanta / Georgia.,low,Capital event keywords detected: joint_venture. Primary topic set to institutional_capital; confidence low.,75,60,JV or partnership activity; classification confidence penalty,60
2026-09-11,20260911-005121-ae902a35,2026-09-11 00:51:04,REBusiness Online,Site / Parcel Source Expansion,Tier 2,development_pipeline;gp_activity,Other,Mixed-Use Residential,2026-09-10T13:55:21Z,73,Medium,Review,Sun Belt,Developer Strategy,Track Developer Strategy,"Review for developer strategy because the article may inform site selection, product type, adaptive reuse, build-to-rent, or market entry.",Medium relevance to market monitoring,Track source for follow-up,"Included because it scored 73 and mentions apartment, apartments, development, with a Developer Strategy angle for Sun Belt.",No Clear Numeric Signal,,"Shown is a rendering of the entry at W Charlotte, which will span the first nine floors and rooftop of the 400 South Tryon redevelopment project. (Rendering courtesy of Rockwell Group) Development Hospitality Mixed-Use North Carolina Southeast Spandrel, 7G Group to Add W Hotel as Anchor for Uptown Charlotte Tower Redevelopment by John Nelson September 10, 2026 September 10, 2026 2 CHARLOTTE, N.C. — A partnership between Spandrel Development Partners and 7G Group has announced plans to add a 200-","You are a strategic research analyst for Woomi / Woomi Global.
Analyze the following US multifamily housing article for developer strategy.

Article context:
- Title: Spandrel, 7G Group to Add W Hotel as Anchor for Uptown Charlotte Tower Redevelopment
- Source: REBusiness Online
- URL: https://rebusinessonline.com/spandrel-7g-group-to-add-w-hotel-as-anchor-for-uptown-charlotte-tower-redevelopment/
- Market focus: Sun Belt
- Strategic angle: Developer Strategy
- Market signal: No Clear Numeric Signal
- Extracted numbers: None detected
- Strategic implication: Review for developer strategy because the article may inform site selection, product type, adaptive reuse, build-to-rent, or market entry.
- Woomi relevance: Medium relevance to market monitoring

Please answer in concise bullet points:
1. Why does this article matter for a US multifamily developer?
2. What is the implication for Woomi / Woomi Global?
3. What risk or opportunity does this indicate?
4. What follow-up question should the strategy team ask?",82,Good,missing extracted numbers; missing market signal,"Rule-based interpretation: REBusiness Online article 'Spandrel, 7G Group to Add W Hotel as Anchor for Uptown Charlotte Tower Redevelopment' is classified as review for Sun Belt. It points to development execution or sponsor strategy. Treat as a briefing input, not a standalone investment conclusion; confirm with source diversity, repeat observation, and market-specific evidence.",Development Strategy,apartment; apartments; development,"Spandrel, 7G Group to Add W Hotel as Anchor for Uptown Charlotte Tower Redevelopment",https://rebusinessonline.com/spandrel-7g-group-to-add-w-hotel-as-anchor-for-uptown-charlotte-tower-redevelopment/,No,art_fce761fa88c9f8d3,Charlotte,core_15,Mixed-use Residential,,개발/인허가,개발/인허가,No,article page appears accessible from collected text,Yes,No,standard,art_fce761fa88c9f8d3,https://rebusinessonline.com/spandrel-7g-group-to-add-w-hotel-as-anchor-for-uptown-charlotte-tower-redevelopment/,"Spandrel, 7G Group to Add W Hotel as Anchor for Uptown Charlotte Tower Redevelopment",open,open,https://rebusinessonline.com/spandrel-7g-group-to-add-w-hotel-as-anchor-for-uptown-charlotte-tower-redevelopment/,valid,title/source/url metadata are internally consistent,Development Activity,GP / Capital Activity,headline-level development execution event overrides sponsor/capital keywords,new_or_fresh,0,2026-09-10,2026-09-11,1,fresh_0_3d,fresh,published date parsed; article age 1 day(s),100,fresh article or no repeat penalty,,,used broad market bucket: Sun Belt,joint_venture,new_candidate,selected or retained for GP / capital review,Yes,Spandrel Development Partners,,capital_event_sentence,medium,Inferred entity from source text near capital-event language.,False,"no identifiable project, asset, site, address, or unit-count anchor",none,,No,,,Spandrel Development Partners,,,,Spandrel Development Partners,,institutional_capital,capital_markets; development_pipeline,joint_venture,redevelopment,none,none,none,mixed_use,developer,Market reference detected as Sun Belt.,medium,Capital event keywords detected: joint_venture. Development-stage terms detected: redevelopment. Primary topic set to institutional_capital; confidence medium.,75,88,sponsor expansion; JV or partnership activity,94
2026-09-11,20260911-005121-ae902a35,2026-09-11 00:50:58,Urbanize LA,Regional / California / LA Sources,Tier 2,development_pipeline;entitlement;la_california,Other,Affordable Housing,"Thu, 10 Sep 2026 13:15:00 +0000",72,Medium,Review,Los Angeles / California,Developer Strategy,Track Developer Strategy,"Review for developer strategy because the article may inform site selection, product type, adaptive reuse, build-to-rent, or market entry.",Medium relevance to market monitoring,Track source for follow-up,"Included because it scored 72 and mentions affordable housing, apartment, apartments, with a Developer Strategy angle for Los Angeles / California.",No Clear Numeric Signal,,"Senior affordable housing wraps up work at 1041 N. Martel Ave. in West Hollywood | Urbanize LA Skip to main content Advertisement Advertisement Just south of Santa Monica Boulevard, EAH Housing has completed a new affordable housing complex in the City of West Hollywood . Street view looking southwest KFA Architecture Marigold West, developed in partnership with the St. Joseph Center, is located at 1041 N. Martel Avenue and consists of a five-story building featuring 50 studio, one-, and two-bed","You are a strategic research analyst for Woomi / Woomi Global.
Analyze the following US multifamily housing article for developer strategy.

Article context:
- Title: Senior affordable housing wraps up work at 1041 N. Martel Ave. in West Hollywood
- Source: Urbanize LA
- URL: https://la.urbanize.city/post/senior-affordable-housing-wraps-work-1041-n-martel-ave-west-hollywood
- Market focus: Los Angeles / California
- Strategic angle: Developer Strategy
- Market signal: No Clear Numeric Signal
- Extracted numbers: None detected
- Strategic implication: Review for developer strategy because the article may inform site selection, product type, adaptive reuse, build-to-rent, or market entry.
- Woomi relevance: Medium relevance to market monitoring

Please answer in concise bullet points:
1. Why does this article matter for a US multifamily developer?
2. What is the implication for Woomi / Woomi Global?
3. What risk or opportunity does this indicate?
4. What follow-up question should the strategy team ask?",82,Good,missing extracted numbers; missing market signal,"Rule-based interpretation: Urbanize LA article 'Senior affordable housing wraps up work at 1041 N. Martel Ave. in West Hollywood' is classified as review for Los Angeles / California. It points to development execution or sponsor strategy. Treat as a briefing input, not a standalone investment conclusion; confirm with source diversity, repeat observation, and market-specific evidence.",Policy & Regulation,affordable housing; apartment; apartments,Senior affordable housing wraps up work at 1041 N. Martel Ave. in West Hollywood,https://la.urbanize.city/post/senior-affordable-housing-wraps-work-1041-n-martel-ave-west-hollywood,No,art_54717f8215e98e87,Los Angeles / Southern California,core_15,Affordable Housing,delivery/completion; policy/regulation,개발/인허가,개발/인허가,No,limited source or insufficient readable article text,Yes,No,access_limited_source,art_54717f8215e98e87,https://la.urbanize.city/post/senior-affordable-housing-wraps-work-1041-n-martel-ave-west-hollywood,Senior affordable housing wraps up work at 1041 N. Martel Ave. in West Hollywood,access_limited,access_limited,https://la.urbanize.city/post/senior-affordable-housing-wraps-work-1041-n-martel-ave-west-hollywood,suspicious_duplicate,source-feed signal bleed suspected,Development Activity,GP / Capital Activity; Market Intelligence,development_project_anchor: capital event with identifiable project/asset (address/street: 1041 n. martel ave; project/asset term: apartments),acceptable_repeat,0,2026-09-10,2026-09-11,1,fresh_0_3d,fresh,published date parsed; article age 1 day(s),68,limited page access; article integrity penalty,Los Angeles,California,matched city/metro keyword: Los Angeles,none,not_candidate,not a GP / capital candidate,No,,,,,,True,address/street: 1041 n. martel ave; project/asset term: apartments,high,Project / Asset,No,,,,,,,,,research_data,none,none,none,none,none,none,affordable_housing,unknown,Market reference detected as Los Angeles / California.,unknown,"Limited/paywalled article; classification is based on title, URL, source, and available lead text only. No clear rule-based event keyword was detected. Primary topic set to research_data; confidence unknown.",35,17,JV or partnership activity; source feed cross-signal penalty; limited article: title/lead-based review needed; classification confidence penalty,0
2026-09-11,20260911-005121-ae902a35,2026-09-11 00:51:05,REBusiness Online,Site / Parcel Source Expansion,Tier 2,development_pipeline;gp_activity,Other,Multifamily,2026-09-10T13:39:27Z,72,Medium,Review,Las Vegas / Nevada,Financing Risk; Institutional Flow,Track Financing Conditions; Track Institutional Capital Flow,"Monitor financing conditions because the article includes acquisition, financing, freddie mac and $71m, $71 million, which may affect construction loans, refinancing risk, and exit cap rates.",High relevance to US residential developer strategy,Add to weekly strategy memo,"Included because it scored 72 and mentions acquisition, financing, freddie mac, with a Financing Risk; Institutional Flow angle for Las Vegas / Nevada.",Supply / Starts Signal,$71m; $71 million,"Loans Multifamily Nevada Western BWE Secures $71M in Acquisition Financing for Las Vegas Multifamily Portfolio by Amy Works September 10, 2026 September 10, 2026 2 LAS VEGAS — BWE has secured $71 million for the acquisition of 536 multifamily units in Las Vegas. Jake Roberts of BWE originated the financing on behalf of a high-net-worth family real estate office and a longtime client of BWE. The loan, which was sourced by BWE through its position as a direct Freddie Mac servicer, features a five-","You are a strategic research analyst for Woomi / Woomi Global.
Analyze the following US multifamily housing article for developer strategy.

Article context:
- Title: BWE Secures $71M in Acquisition Financing for Las Vegas Multifamily Portfolio
- Source: REBusiness Online
- URL: https://rebusinessonline.com/bwe-secures-71m-in-acquisition-financing-for-las-vegas-multifamily-portfolio/
- Market focus: Las Vegas / Nevada
- Strategic angle: Financing Risk; Institutional Flow
- Market signal: Supply / Starts Signal
- Extracted numbers: $71m; $71 million
- Strategic implication: Monitor financing conditions because the article includes acquisition, financing, freddie mac and $71m, $71 million, which may affect construction loans, refinancing risk, and exit cap rates.
- Woomi relevance: High relevance to US residential developer strategy

Please answer in concise bullet points:
1. Why does this article matter for a US multifamily developer?
2. What is the implication for Woomi / Woomi Global?
3. What risk or opportunity does this indicate?
4. What follow-up question should the strategy team ask?",98,Excellent,None,"Rule-based interpretation: REBusiness Online article 'BWE Secures $71M in Acquisition Financing for Las Vegas Multifamily Portfolio' is classified as review for Las Vegas / Nevada. It points to financing, refinancing, or debt-market conditions. Treat as a briefing input, not a standalone investment conclusion; confirm with source diversity, repeat observation, and market-specific evidence.",Macro & Financing; Market Players & Deals,acquisition; financing; freddie mac; loan; multifamily,BWE Secures $71M in Acquisition Financing for Las Vegas Multifamily Portfolio,https://rebusinessonline.com/bwe-secures-71m-in-acquisition-financing-for-las-vegas-multifamily-portfolio/,No,art_ae5c4bb1380b8a1a,Las Vegas,watchlist_8,Multifamily,acquisition; financing/refinancing,거래/투자,거래/투자; 시장 데이터,No,article page appears accessible from collected text,No,Yes,standard,art_ae5c4bb1380b8a1a,https://rebusinessonline.com/bwe-secures-71m-in-acquisition-financing-for-las-vegas-multifamily-portfolio/,BWE Secures $71M in Acquisition Financing for Las Vegas Multifamily Portfolio,open,open,https://rebusinessonline.com/bwe-secures-71m-in-acquisition-financing-for-las-vegas-multifamily-portfolio/,valid,title/source/url metadata are internally consistent,GP / Capital Activity,,"property-level financing, lender, refinancing, or recapitalization signal detected",new_or_fresh,0,2026-09-10,2026-09-11,1,fresh_0_3d,fresh,published date parsed; article age 1 day(s),100,fresh article or no repeat penalty,Las Vegas,Nevada,matched city/metro keyword: Las Vegas,acquisition_financing,new_candidate,selected or retained for GP / capital review,Yes,Freddie Mac,BWE,dictionary_match,high,"Matched known institutional / GP entity in title, summary, or source text.",False,"no identifiable project, asset, site, address, or unit-count anchor",none,,No,,,Freddie Mac,Freddie Mac,BWE,BWE,Freddie Mac,BWE,transaction_market,capital_markets; institutional_capital,acquisition,none,none,lender_activity; gp_acquisition,agency_debt,unknown,lender,Market reference detected as Las Vegas / Nevada.,medium,"Capital event keywords detected: acquisition. Financing type keywords detected: agency_debt. Institutional activity terms detected: lender_activity, gp_acquisition. Primary topic set to transaction_market; confidence medium.",85,70,institutional acquisition behavior,76
2026-09-11,20260911-005121-ae902a35,2026-09-11 00:51:06,REBusiness Online,Site / Parcel Source Expansion,Tier 2,development_pipeline;gp_activity,Other,Apartment,2026-09-10T13:31:40Z,72,Medium,Review,Other / Unknown,Developer Strategy,Track Developer Strategy,"Review for developer strategy because the article may inform site selection, product type, adaptive reuse, build-to-rent, or market entry.",Medium relevance to market monitoring,Track source for follow-up,"Included because it scored 72 and mentions apartment, development, midwest, with a Developer Strategy angle for a broad or unspecified market.",No Clear Numeric Signal,,"Development Kansas Midwest Multifamily Hoefer Welker Designs 192-Unit Apartment Project in Topeka, Kansas by Kristin Harlow September 10, 2026 September 10, 2026 2 TOPEKA, KAN. — Hoefer Welker has designed The Hutch, a 192-unit apartment project slated to break ground in October in Topeka. Plans call for 2,500 square feet of ground-floor retail space and 5,500 square feet of resident amenities, including a rooftop viewing deck overlooking the State Capitol, a courtyard pool, fitness center, spea","You are a strategic research analyst for Woomi / Woomi Global.
Analyze the following US multifamily housing article for developer strategy.

Article context:
- Title: Hoefer Welker Designs 192-Unit Apartment Project in Topeka, Kansas
- Source: REBusiness Online
- URL: https://rebusinessonline.com/hoefer-welker-designs-192-unit-apartment-project-in-topeka-kansas/
- Market focus: Other / Unknown
- Strategic angle: Developer Strategy
- Market signal: No Clear Numeric Signal
- Extracted numbers: None detected
- Strategic implication: Review for developer strategy because the article may inform site selection, product type, adaptive reuse, build-to-rent, or market entry.
- Woomi relevance: Medium relevance to market monitoring

Please answer in concise bullet points:
1. Why does this article matter for a US multifamily developer?
2. What is the implication for Woomi / Woomi Global?
3. What risk or opportunity does this indicate?
4. What follow-up question should the strategy team ask?",74,Good,missing extracted numbers; missing market focus; missing market signal,"Rule-based interpretation: REBusiness Online article 'Hoefer Welker Designs 192-Unit Apartment Project in Topeka, Kansas' is classified as review for Other / Unknown. It points to development execution or sponsor strategy. Treat as a briefing input, not a standalone investment conclusion; confirm with source diversity, repeat observation, and market-specific evidence.",Supply & Demand; Development Strategy,apartment; development; midwest; multifamily,"Hoefer Welker Designs 192-Unit Apartment Project in Topeka, Kansas",https://rebusinessonline.com/hoefer-welker-designs-192-unit-apartment-project-in-topeka-kansas/,No,art_45928ac0a3d08bed,Other / Unknown,other,Multifamily,market data/supply-demand,개발/인허가,개발/인허가; 시장 데이터,No,article page appears accessible from collected text,No,No,standard,art_45928ac0a3d08bed,https://rebusinessonline.com/hoefer-welker-designs-192-unit-apartment-project-in-topeka-kansas/,"Hoefer Welker Designs 192-Unit Apartment Project in Topeka, Kansas",open,open,https://rebusinessonline.com/hoefer-welker-designs-192-unit-apartment-project-in-topeka-kansas/,valid,title/source/url metadata are internally consistent,Development Activity,,development_project_anchor: Project / Asset (unit/site count: 192-unit; project/asset term: project),new_or_fresh,0,2026-09-10,2026-09-11,1,fresh_0_3d,fresh,published date parsed; article age 1 day(s),100,fresh article or no repeat penalty,,,"no city, state, or market keyword detected",none,not_candidate,not a GP / capital candidate,No,,,,,,True,unit/site count: 192-unit; project/asset term: project,high,Project / Asset,No,,,,,,,,,gp_activity,none,none,none,none,none,none,unknown,developer,No specific market detected; relevance remains broad.,unknown,No clear rule-based event keyword was detected. Primary topic set to gp_activity; confidence unknown.,30,33,classification confidence penalty,33
2026-09-11,20260911-005121-ae902a35,2026-09-11 00:50:47,NAHB Eye on Housing - Multifamily,Public Agency / Housing Data,Tier 3,national_multifamily,Other,Multifamily,"Tue, 25 Aug 2026 00:34:00 +0000",71,Medium,Review,Other / Unknown,Supply Pressure; Developer Strategy,Track Supply Pipeline; Track Developer Strategy,"Review this as a supply risk signal because it references new deliveries, starts, pipeline, or permits in Other / Unknown.",Medium relevance to market monitoring,Track source for follow-up,"Included because it scored 71 and mentions construction, developer, multifamily, with a Supply Pressure; Developer Strategy angle for a broad or unspecified market.",Rent Growth Signal,5%,"I run Punch crews and I’m seeing that it’s hard to actually get hired by the multifamily companies who are already building I would like to expand and be able to provide Punch crews, non-skill, laborers and Cleaners, but it seems that it’s too hard to get with Apt. builder or developer currently I got one crew working paint and trim Punch. As well it’s like I see less multifamily building going up. Reply","You are a strategic research analyst for Woomi / Woomi Global.
Analyze the following US multifamily housing article for developer strategy.

Article context:
- Title: Second Quarter 2026 Multifamily Construction Data
- Source: NAHB Eye on Housing - Multifamily
- URL: https://eyeonhousing.org/2026/08/second-quarter-2026-multifamily-construction-data/
- Market focus: Other / Unknown
- Strategic angle: Supply Pressure; Developer Strategy
- Market signal: Rent Growth Signal
- Extracted numbers: 5%
- Strategic implication: Review this as a supply risk signal because it references new deliveries, starts, pipeline, or permits in Other / Unknown.
- Woomi relevance: Medium relevance to market monitoring

Please answer in concise bullet points:
1. Why does this article matter for a US multifamily developer?
2. What is the implication for Woomi / Woomi Global?
3. What risk or opportunity does this indicate?
4. What follow-up question should the strategy team ask?",90,Excellent,missing market focus,"Rule-based interpretation: NAHB Eye on Housing - Multifamily article 'Second Quarter 2026 Multifamily Construction Data' is classified as review for Other / Unknown. It points to supply, delivery, lease-up, or absorption conditions. Treat as a briefing input, not a standalone investment conclusion; confirm with source diversity, repeat observation, and market-specific evidence.",Development Strategy,construction; developer; multifamily; starts,Second Quarter 2026 Multifamily Construction Data,https://eyeonhousing.org/2026/08/second-quarter-2026-multifamily-construction-data/,Yes,art_cd127cbd37c0a59d,Other / Unknown,other,Multifamily,market data/supply-demand; rent/occupancy/absorption,개발/인허가,개발/인허가; 운영/임대; 시장 데이터,No,article page appears accessible from collected text,No,No,standard,art_cd127cbd37c0a59d,https://eyeonhousing.org/2026/08/second-quarter-2026-multifamily-construction-data/,Second Quarter 2026 Multifamily Construction Data,open,open,https://eyeonhousing.org/2026/08/second-quarter-2026-multifamily-construction-data/,valid,title/source/url metadata are internally consistent,Development Activity,Market Intelligence,development milestone or entitlement signal has display priority,repeat_penalized,17,2026-08-25,2026-09-11,17,old_31d_plus,old,published date parsed; article age 17 day(s),5,published date parsed; article age 17 day(s); previously seen article,,,"no city, state, or market keyword detected",none,not_candidate,not a GP / capital candidate,No,,,,,,False,"no identifiable project, asset, site, address, or unit-count anchor",none,,No,,,,,,,,,supply_demand,none,none,none,effective_rent_growth; supply_pressure,none,none,unknown,developer,No specific market detected; relevance remains broad.,low,"Supply/demand terms detected: effective_rent_growth, supply_pressure. Primary topic set to supply_demand; confidence low.",30,0,classification confidence penalty,0
2026-09-11,20260911-005121-ae902a35,2026-09-11 00:50:41,Yield PRO,Core Multifamily News,Tier 1,lease_up_supply;national_multifamily,Other,Mixed-Use Residential,"Thu, 10 Sep 2026 18:33:45 +0000",68,Medium,Monitor,New York City / New York,Financing Risk; Institutional Flow,Track Financing Conditions; Track Institutional Capital Flow,"Monitor financing conditions because the article includes financing, multifamily, sale and $2.8 million, which may affect construction loans, refinancing risk, and exit cap rates.",High relevance to US residential developer strategy,Add to weekly strategy memo,"Included because it scored 68 and mentions financing, multifamily, sale, with a Financing Risk; Institutional Flow angle for New York City / New York.",Deal Size Signal,$2.8 million,"Deal boom News Facebook Twitter Linkedin Marcus & Millichap (NYSE: MMI) , a leading commercial real estate brokerage firm specializing in investment sales, financing, research and advisory services, announced the sale of 733 Dekalb Ave. , a fully free-market multifamily and retail property in the Bed-Stuy neighborhood of Brooklyn. The asset sold for $2.8 million. “This is the second time in five years our team has sold this property,” said Daniel Greenblatt of Marcus & Millichap’s New York City ","You are a strategic research analyst for Woomi / Woomi Global.
Analyze the following US multifamily housing article for developer strategy.

Article context:
- Title: Marcus & Millichap Brokers Sale of Free-Market Mixed-Use Property in Brooklyn
- Source: Yield PRO
- URL: https://yieldpro.com/2026/09/733-dekalb-ave/
- Market focus: New York City / New York
- Strategic angle: Financing Risk; Institutional Flow
- Market signal: Deal Size Signal
- Extracted numbers: $2.8 million
- Strategic implication: Monitor financing conditions because the article includes financing, multifamily, sale and $2.8 million, which may affect construction loans, refinancing risk, and exit cap rates.
- Woomi relevance: High relevance to US residential developer strategy

Please answer in concise bullet points:
1. Why does this article matter for a US multifamily developer?
2. What is the implication for Woomi / Woomi Global?
3. What risk or opportunity does this indicate?
4. What follow-up question should the strategy team ask?",98,Excellent,None,"Rule-based interpretation: Yield PRO article 'Marcus & Millichap Brokers Sale of Free-Market Mixed-Use Property in Brooklyn' is classified as watch only for New York City / New York. It points to financing, refinancing, or debt-market conditions. Treat as a briefing input, not a standalone investment conclusion; confirm with source diversity, repeat observation, and market-specific evidence.",Macro & Financing; Market Players & Deals,financing; multifamily; sale,Marcus & Millichap Brokers Sale of Free-Market Mixed-Use Property in Brooklyn,https://yieldpro.com/2026/09/733-dekalb-ave/,No,art_ff73efc1f570611b,New York / Northern New Jersey,core_15,Mixed-use Residential,transaction/sale,개발/인허가,개발/인허가; 거래/투자; 시장 데이터,No,article page appears accessible from collected text,Yes,No,standard,art_ff73efc1f570611b,https://yieldpro.com/2026/09/733-dekalb-ave/,Marcus & Millichap Brokers Sale of Free-Market Mixed-Use Property in Brooklyn,open,open,https://yieldpro.com/2026/09/733-dekalb-ave/,valid,title/source/url metadata are internally consistent,Development Activity,GP / Capital Activity; Market Intelligence,development_project_anchor: capital event with identifiable project/asset (address/street: 733 dekalb ave),new_or_fresh,0,2026-09-10,2026-09-11,1,fresh_0_3d,fresh,published date parsed; article age 1 day(s),100,fresh article or no repeat penalty,New York City,New York,matched city/metro keyword: New York City,disposition_exit,new_candidate,development article without confirmed capital event,No,Marcus & Millichap,,dictionary_match,high,"Matched known institutional / GP entity in title, summary, or source text.",True,address/street: 733 dekalb ave,medium,Project / Asset,No,,,Marcus & Millichap,,,,Marcus & Millichap,,transaction_market,capital_markets,disposition,none,none,none,none,mixed_use,lender; broker,Market reference detected as New York City / New York.,low,Capital event keywords detected: disposition. Primary topic set to transaction_market; confidence low.,75,44,classification confidence penalty,40
2026-09-11,20260911-005121-ae902a35,2026-09-11 00:50:42,Yield PRO,Core Multifamily News,Tier 1,lease_up_supply;national_multifamily,Other,Apartment,"Thu, 10 Sep 2026 16:14:13 +0000",68,Medium,Monitor,Los Angeles / California,Developer Strategy,Track Developer Strategy,"Review for developer strategy because the article may inform site selection, product type, adaptive reuse, build-to-rent, or market entry.",Medium relevance to market monitoring,Ignore unless repeated,"Included because it scored 68 and mentions apartment, apartments, with a Developer Strategy angle for Los Angeles / California.",No Clear Numeric Signal,,"Deal boom News Pacific region Facebook Twitter Linkedin Waterton , a national real estate investor and operator, announced it has acquired Reserve at Chino Hills, a 482-unit rental community in Chino Hills, CA. The 20-acre garden style community at 4200 Village Dr. comprises 46 residential buildings and a clubhouse. Located in the western-most point of Inland Empire, the low-density community is proximate to the intersection of San Bernardino, Los Angeles, Riverside and Orange counties with conv",,0,Poor,No LLM prompt generated,"Rule-based interpretation: Yield PRO article 'Waterton Acquires 482-Unit Reserve at Chino Hills Apartments in Chino Hills California' is classified as watch only for Los Angeles / California. It points to development execution or sponsor strategy. Treat as a briefing input, not a standalone investment conclusion; confirm with source diversity, repeat observation, and market-specific evidence.",,apartment; apartments,Waterton Acquires 482-Unit Reserve at Chino Hills Apartments in Chino Hills California,https://yieldpro.com/2026/09/reserve-at-chino-hills/,No,art_1475f683ae7163f5,Los Angeles / Southern California,core_15,Multifamily,acquisition,개발/인허가,개발/인허가; 거래/투자; 운영/임대; 시장 데이터,No,article page appears accessible from collected text,Yes,No,standard,art_1475f683ae7163f5,https://yieldpro.com/2026/09/reserve-at-chino-hills/,Waterton Acquires 482-Unit Reserve at Chino Hills Apartments in Chino Hills California,open,open,https://yieldpro.com/2026/09/reserve-at-chino-hills/,valid,title/source/url metadata are internally consistent,Development Activity,GP / Capital Activity,development_project_anchor: capital event with identifiable project/asset (unit/site count: 482-unit; address/street: 4200 village dr; project/asset term: community),new_or_fresh,0,2026-09-10,2026-09-11,1,fresh_0_3d,fresh,published date parsed; article age 1 day(s),100,fresh article or no repeat penalty,Los Angeles,California,matched city/metro keyword: Los Angeles,asset_management_operator_activity,new_candidate,selected or retained for GP / capital review,Yes,Waterton,,dictionary_match,high,"Matched known institutional / GP entity in title, summary, or source text.",True,unit/site count: 482-unit; address/street: 4200 village dr; project/asset term: community,high,Project / Asset,No,,,Waterton,,,,Waterton,,transaction_market,capital_markets; institutional_capital,acquisition,none,none,gp_acquisition,none,unknown,operator; developer; investor,Market reference detected as Los Angeles / California.,high,Capital event keywords detected: acquisition. Institutional activity terms detected: gp_acquisition. Primary topic set to transaction_market; confidence high. Operator/property management activity detected.,85,70,institutional acquisition behavior,76
2026-09-11,20260911-005121-ae902a35,2026-09-11 00:50:49,NAHB Eye on Housing - Multifamily,Public Agency / Housing Data,Tier 3,national_multifamily,Other,Apartment,"Fri, 29 May 2026 16:25:31 +0000",68,Medium,Monitor,Other / Unknown,Rent Growth / Demand,Track Rent / Vacancy Trend,"Track rent and vacancy conditions because the article points to demand, occupancy, rent, vacancy, or concession signals in Other / Unknown.",Medium relevance to market monitoring,Ignore unless repeated,"Included because it scored 68 and mentions absorption, apartment, multifamily, with a Rent Growth / Demand angle for a broad or unspecified market.",No Clear Numeric Signal,,"Rent Prices Continue to Rise, While Absorption Remains Low – Eye On Housing Skip to content Rent Prices Continue to Rise, While Absorption Remains Low May 29, 2026 Jesse Wade No Comments The percentage of new apartment units that were absorbed within three months after completion was up one percentage point in the fourth quarter, according to the Census Bureau’s latest release of the Survey of Market Absorption of New Multifamily Units ( SOMA ). The survey covers new units in multifamily residen",,0,Poor,No LLM prompt generated,"Rule-based interpretation: NAHB Eye on Housing - Multifamily article 'Rent Prices Continue to Rise, While Absorption Remains Low' is classified as watch only for Other / Unknown. It points to general market monitoring. Treat as a briefing input, not a standalone investment conclusion; confirm with source diversity, repeat observation, and market-specific evidence.",Supply & Demand,absorption; apartment; multifamily,"Rent Prices Continue to Rise, While Absorption Remains Low",https://eyeonhousing.org/2026/05/rent-prices-continue-to-rise-while-absorption-remains-low/,Yes,art_0de536418959376c,Other / Unknown,other,Multifamily,development; delivery/completion; market data/supply-demand; rent/occupancy/absorption,개발/인허가,개발/인허가; 운영/임대; 시장 데이터,No,article page appears accessible from collected text,No,No,standard,art_0de536418959376c,https://eyeonhousing.org/2026/05/rent-prices-continue-to-rise-while-absorption-remains-low/,"Rent Prices Continue to Rise, While Absorption Remains Low",open,open,https://eyeonhousing.org/2026/05/rent-prices-continue-to-rise-while-absorption-remains-low/,valid,title/source/url metadata are internally consistent,Market Intelligence,,"market_macro_guard: rent, demand, vacancy, absorption, or leasing article without project anchor",repeat_penalized,105,2026-05-29,2026-09-11,105,old_31d_plus,archive,published date parsed; article age 105 day(s),5,published date parsed; article age 105 day(s); previously seen article,,,"no city, state, or market keyword detected",none,not_candidate,not a GP / capital candidate,No,,,,,,False,"no identifiable project, asset, site, address, or unit-count anchor",none,,Yes,rent_growth,matched rent/demand keyword: rent prices,,,,,,,development_pipeline,supply_demand,none,delivery,effective_rent_growth; absorption,none,none,unknown,unknown,No specific market detected; relevance remains broad.,medium,"Development-stage terms detected: delivery. Supply/demand terms detected: effective_rent_growth, absorption. Primary topic set to development_pipeline; confidence medium.",50,9,lease-up or absorption behavior,0
2026-09-11,20260911-005121-ae902a35,2026-09-11 00:50:45,Connect CRE,Core Multifamily News,Tier 1,development_pipeline;gp_activity;national_multifamily,Other,Affordable Housing,"Thu, 10 Sep 2026 21:25:00 +0000",67,Medium,Monitor,Los Angeles / California,Supply Pressure; Cost Control; Developer Strategy,Track Supply Pipeline; Track Construction Cost; Track Developer Strategy,"Review this as a supply risk signal because it references new deliveries, starts, pipeline, or permits in Los Angeles / California.",Medium relevance to market monitoring,Ignore unless repeated,"Included because it scored 67 and mentions affordable housing, construction, developer, with a Supply Pressure; Cost Control; Developer Strategy angle for Los Angeles / California.",No Clear Numeric Signal,,"National CRE News In Your Inbox. Sign up for Connect emails to stay informed with CRE stories that are 150 words or less. National + Weekender | September 10, 2026 By: Amy Wolff Sorter Logos Faith Tests Modular Construction for Affordable Housing Scale Pastor Martin Porter, courtesy of Logos Faith Since its launch in 2017, Los Angeles-based Logos Faith Development has worked with religious institutions throughout Southern California to convert underutilized land into affordable housing units. Th",,0,Poor,No LLM prompt generated,"Rule-based interpretation: Connect CRE article 'Logos Faith Tests Modular Construction for Affordable Housing Scale' is classified as watch only for Los Angeles / California. It points to supply, delivery, lease-up, or absorption conditions. Treat as a briefing input, not a standalone investment conclusion; confirm with source diversity, repeat observation, and market-specific evidence.",Supply & Demand; Development Strategy; Policy & Regulation,affordable housing; construction; developer; development; modular construction; pipeline,Logos Faith Tests Modular Construction for Affordable Housing Scale,https://www.connectcre.com/stories/logos-faith-tests-modular-construction-for-affordable-housing-scale/,No,art_0fa6a39bf9da2d41,Los Angeles / Southern California,core_15,Affordable Housing,policy/regulation; market data/supply-demand; construction cost,개발/인허가,개발/인허가; 시장 데이터,No,article page appears accessible from collected text,Yes,No,standard,art_0fa6a39bf9da2d41,https://www.connectcre.com/stories/logos-faith-tests-modular-construction-for-affordable-housing-scale/,Logos Faith Tests Modular Construction for Affordable Housing Scale,open,open,https://www.connectcre.com/stories/logos-faith-tests-modular-construction-for-affordable-housing-scale/,valid,title/source/url metadata are internally consistent,Development Activity,Market Intelligence,development milestone or entitlement signal has display priority,new_or_fresh,0,2026-09-10,2026-09-11,1,fresh_0_3d,fresh,published date parsed; article age 1 day(s),100,fresh article or no repeat penalty,Los Angeles,California,matched city/metro keyword: Los Angeles,none,not_candidate,not a GP / capital candidate,No,,,,,,False,"no identifiable project, asset, site, address, or unit-count anchor",none,,No,,,,,,,,,supply_demand,none,none,none,supply_pressure,none,none,affordable_housing,developer,Market reference detected as Los Angeles / California.,low,Supply/demand terms detected: supply_pressure. Primary topic set to supply_demand; confidence low.,60,40,classification confidence penalty,36
2026-09-11,20260911-005121-ae902a35,2026-09-11 00:50:44,Commercial Observer,Core Multifamily News,Tier 1,national_multifamily,Other,Senior Housing,"Thu, 10 Sep 2026 11:00:31 +0000",64,Medium,Monitor,National,Developer Strategy,Track Developer Strategy,"Review for developer strategy because the article may inform site selection, product type, adaptive reuse, build-to-rent, or market entry.",Medium relevance to market monitoring,Ignore unless repeated,"Included because it scored 64 and mentions construction, developer, development, with a Developer Strategy angle for National.",No Clear Numeric Signal,,"Residential · Senior Living National Development · Construction One Generation’s Senior Housing Boom Is Another’s Bust Affluent baby boomers can afford all the bells and whistles that developers today are building — Gen Xers and everyone else, not so much By Nicole De Bare September 10, 2026 7:00 am reprints PHOTO ILLUSTRATION: Adobe Stock Today’s senior housing boom comes with an expiration date, and the developers who recognize that now will hold the long-term competitive advantage. The financ",,0,Poor,No LLM prompt generated,"Rule-based interpretation: Commercial Observer article 'One Generation’s Senior Housing Boom Is Another’s Bust' is classified as watch only for National. It points to development execution or sponsor strategy. Treat as a briefing input, not a standalone investment conclusion; confirm with source diversity, repeat observation, and market-specific evidence.",Development Strategy,construction; developer; development; senior housing,One Generation’s Senior Housing Boom Is Another’s Bust,https://commercialobserver.com/2026/09/senior-housing-boom-baby-boomers-generations/,No,art_358a9d089e3ecf3d,Other / Unknown,other,Senior Housing,,개발/인허가,개발/인허가; 시장 데이터,No,article page appears accessible from collected text,No,No,standard,art_358a9d089e3ecf3d,https://commercialobserver.com/2026/09/senior-housing-boom-baby-boomers-generations/,One Generation’s Senior Housing Boom Is Another’s Bust,open,open,https://commercialobserver.com/2026/09/senior-housing-boom-baby-boomers-generations/,valid,title/source/url metadata are internally consistent,Development Activity,,development milestone or entitlement signal has display priority,new_or_fresh,0,2026-09-10,2026-09-11,1,fresh_0_3d,fresh,published date parsed; article age 1 day(s),100,fresh article or no repeat penalty,,,used broad market bucket: National,none,not_candidate,not a GP / capital candidate,No,,,,,,False,"no identifiable project, asset, site, address, or unit-count anchor",none,,No,,,,,,,,,gp_activity,development_pipeline,none,density_bonus,none,none,none,senior_housing,developer,Market reference detected as National.,low,Development-stage terms detected: density_bonus. Primary topic set to gp_activity; confidence low.,60,40,classification confidence penalty,46
2026-09-11,20260911-005121-ae902a35,2026-09-11 00:50:50,NAHB Eye on Housing - Multifamily,Public Agency / Housing Data,Tier 3,national_multifamily,Other,Multifamily,"Tue, 26 May 2026 12:31:00 +0000",63,Medium,Monitor,Other / Unknown,Supply Pressure,Track Supply Pipeline,"Review this as a supply risk signal because it references new deliveries, starts, pipeline, or permits in Other / Unknown.",Medium relevance to market monitoring,Monitor only,"Included because it scored 63 and mentions construction, multifamily, starts, with a Supply Pressure angle for a broad or unspecified market.",Rent Growth Signal,21%,"First Quarter 2026 Multifamily Construction Data – Eye On Housing Skip to content First Quarter 2026 Multifamily Construction Data May 26, 2026 Robert Dietz No Comments According to NAHB analysis of quarterly Census data, the count of multifamily, for-rent housing starts increased year-over-year during the first quarter of 2026. For the quarter, 107,000 multifamily residences started construction. Of this total, 103,000 were built-for-rent. This built-for-rent total was 21% higher than in the fi",,0,Poor,No LLM prompt generated,"Rule-based interpretation: NAHB Eye on Housing - Multifamily article 'First Quarter 2026 Multifamily Construction Data' is classified as watch only for Other / Unknown. It points to supply, delivery, lease-up, or absorption conditions. Treat as a briefing input, not a standalone investment conclusion; confirm with source diversity, repeat observation, and market-specific evidence.",Development Strategy,construction; multifamily; starts,First Quarter 2026 Multifamily Construction Data,https://eyeonhousing.org/2026/05/first-quarter-2026-multifamily-construction-data/,Yes,art_bbf68370d5e8064d,Other / Unknown,other,Multifamily,market data/supply-demand; rent/occupancy/absorption,개발/인허가,개발/인허가; 운영/임대; 시장 데이터,No,article page appears accessible from collected text,No,No,standard,art_bbf68370d5e8064d,https://eyeonhousing.org/2026/05/first-quarter-2026-multifamily-construction-data/,First Quarter 2026 Multifamily Construction Data,open,open,https://eyeonhousing.org/2026/05/first-quarter-2026-multifamily-construction-data/,valid,title/source/url metadata are internally consistent,Market Intelligence,,"market, macro, research, or supply-demand article without confirmed deal or project event",repeat_penalized,108,2026-05-26,2026-09-11,108,old_31d_plus,archive,published date parsed; article age 108 day(s),5,published date parsed; article age 108 day(s); previously seen article,,,"no city, state, or market keyword detected",none,not_candidate,not a GP / capital candidate,No,,,,,,False,"no identifiable project, asset, site, address, or unit-count anchor",none,,No,,,,,,,,,supply_demand,none,none,none,effective_rent_growth; supply_pressure,none,none,unknown,developer,No specific market detected; relevance remains broad.,low,"Supply/demand terms detected: effective_rent_growth, supply_pressure. Primary topic set to supply_demand; confidence low.",30,0,classification confidence penalty,0
2026-09-11,20260911-005121-ae902a35,2026-09-11 00:50:52,NAHB Eye on Housing - Multifamily,Public Agency / Housing Data,Tier 3,national_multifamily,Other,Multifamily,"Thu, 19 Mar 2026 12:35:00 +0000",63,Medium,Monitor,Other / Unknown,Supply Pressure,Track Supply Pipeline,"Review this as a supply risk signal because it references new deliveries, starts, pipeline, or permits in Other / Unknown.",Medium relevance to market monitoring,Monitor only,"Included because it scored 63 and mentions construction, multifamily, starts, with a Supply Pressure angle for a broad or unspecified market.",Rent Growth Signal,18%,"Fourth Quarter 2025 Multifamily Construction Data – Eye On Housing Skip to content Fourth Quarter 2025 Multifamily Construction Data March 19, 2026 Robert Dietz No Comments According to NAHB analysis of quarterly Census data, the count of multifamily, for-rent housing starts increased year-over-year during the fourth quarter of 2025. For the quarter, 96,000 multifamily residences started construction. Of this total, 91,000 were built-for-rent. This built-for-rent total was 18% higher than in the",,0,Poor,No LLM prompt generated,"Rule-based interpretation: NAHB Eye on Housing - Multifamily article 'Fourth Quarter 2025 Multifamily Construction Data' is classified as watch only for Other / Unknown. It points to supply, delivery, lease-up, or absorption conditions. Treat as a briefing input, not a standalone investment conclusion; confirm with source diversity, repeat observation, and market-specific evidence.",Development Strategy,construction; multifamily; starts,Fourth Quarter 2025 Multifamily Construction Data,https://eyeonhousing.org/2026/03/fourth-quarter-2025-multifamily-construction-data/,Yes,art_695932dbcd227470,Other / Unknown,other,Multifamily,market data/supply-demand; rent/occupancy/absorption,개발/인허가,개발/인허가; 운영/임대; 시장 데이터,No,article page appears accessible from collected text,No,No,standard,art_695932dbcd227470,https://eyeonhousing.org/2026/03/fourth-quarter-2025-multifamily-construction-data/,Fourth Quarter 2025 Multifamily Construction Data,open,open,https://eyeonhousing.org/2026/03/fourth-quarter-2025-multifamily-construction-data/,valid,title/source/url metadata are internally consistent,Market Intelligence,,"market, macro, research, or supply-demand article without confirmed deal or project event",repeat_penalized,115,2026-03-19,2026-09-11,176,old_31d_plus,archive,published date parsed; article age 176 day(s),5,published date parsed; article age 176 day(s); previously seen article,,,"no city, state, or market keyword detected",none,not_candidate,not a GP / capital candidate,No,,,,,,False,"no identifiable project, asset, site, address, or unit-count anchor",none,,No,,,,,,,,,supply_demand,none,none,none,effective_rent_growth; supply_pressure,none,none,unknown,developer,No specific market detected; relevance remains broad.,low,"Supply/demand terms detected: effective_rent_growth, supply_pressure. Primary topic set to supply_demand; confidence low.",30,0,classification confidence penalty,0
2026-09-11,20260911-005121-ae902a35,2026-09-11 00:51:15,Connect CRE Atlanta,Site / Parcel Source Expansion,Tier 2,development_pipeline;gp_activity;sunbelt,Other,Apartment,"Tue, 08 Sep 2026 14:37:42 +0000",62,Medium,Monitor,Atlanta / Georgia,Institutional Flow,Track Institutional Capital Flow,"Track rent and vacancy conditions because the article points to demand, occupancy, rent, vacancy, or concession signals in Atlanta / Georgia.",Medium relevance to market monitoring,Monitor only,"Included because it scored 62 and mentions apartment, apartments, garden-style, with a Institutional Flow angle for Atlanta / Georgia.",Rent Growth Signal,$87.5m; $87.5 million,"Atlanta & Southeast News In Your Inbox Sign up for Connect emails to stay informed with CRE stories that are 150 words or less. Atlanta & Southeast + Atlanta + Apartments | September 8, 2026 By: Mike Boyd Passco Offloads Buckhead Rental Asset for $87.5M ORIX Corporation USA purchased The Kendrick, a 423-unit multifamily property, for $87.5 million. Built in 1998, the garden-style multifamily community is located in Atlanta’s Buckhead neighborhood, near major employment, retail and entertainment ",,0,Poor,No LLM prompt generated,"Rule-based interpretation: Connect CRE Atlanta article 'Passco Offloads Buckhead Rental Asset for $87.5M' is classified as watch only for Atlanta / Georgia. It points to institutional capital movement or transaction activity. Treat as a briefing input, not a standalone investment conclusion; confirm with source diversity, repeat observation, and market-specific evidence.",,apartment; apartments; garden-style; multifamily,Passco Offloads Buckhead Rental Asset for $87.5M,https://www.connectcre.com/stories/passco-offloads-buckhead-rental-asset-for-87-5m/,Yes,art_756dc1d67e87be56,Atlanta,core_15,Multifamily,rent/occupancy/absorption,거래/투자,거래/투자; 운영/임대; 시장 데이터,No,article page appears accessible from collected text,Yes,No,standard,art_756dc1d67e87be56,https://www.connectcre.com/stories/passco-offloads-buckhead-rental-asset-for-87-5m/,Passco Offloads Buckhead Rental Asset for $87.5M,open,open,https://www.connectcre.com/stories/passco-offloads-buckhead-rental-asset-for-87-5m/,valid,title/source/url metadata are internally consistent,Development Activity,GP / Capital Activity,development_project_anchor: capital event with identifiable project/asset (unit/site count: 423-unit; project/asset term: community),acceptable_repeat,2,2026-09-08,2026-09-11,3,fresh_0_3d,fresh,published date parsed; article age 3 day(s),74,previously seen article,Atlanta,Georgia,matched city/metro keyword: Atlanta,acquisition,repeated_but_retained,selected or retained for GP / capital review,Yes,Participant not identified,,unresolved,unresolved,"No institution name detected in dictionary, title, summary, or source text.",True,unit/site count: 423-unit; project/asset term: community,high,Project / Asset,No,,,,,,,,,transaction_market,capital_markets; supply_demand,acquisition,none,effective_rent_growth,none,none,unknown,unknown,Market reference detected as Atlanta / Georgia.,medium,Capital event keywords detected: acquisition. Supply/demand terms detected: effective_rent_growth. Primary topic set to transaction_market; confidence medium.,65,65,institutional acquisition behavior,57
2026-09-11,20260911-005121-ae902a35,2026-09-11 00:51:16,Connect CRE Atlanta,Site / Parcel Source Expansion,Tier 2,development_pipeline;gp_activity;sunbelt,Other,Apartment,"Thu, 13 Aug 2026 14:27:04 +0000",62,Medium,Monitor,Atlanta / Georgia,Developer Strategy,Track Developer Strategy,"Review for developer strategy because the article may inform site selection, product type, adaptive reuse, build-to-rent, or market entry.",Medium relevance to market monitoring,Ignore unless repeated,"Included because it scored 62 and mentions apartment, apartments, multifamily, with a Developer Strategy angle for Atlanta / Georgia.",No Clear Numeric Signal,$75 million,"Atlanta & Southeast News In Your Inbox Sign up for Connect emails to stay informed with CRE stories that are 150 words or less. Atlanta & Southeast + Atlanta + Apartments | August 13, 2026 By: Mike Boyd ParkProperty Acquires 280-Unit Buckhead Apartment Community ParkProperty Capital acquired The Jane, a 280-unit multifamily in the Brookwood district of Atlanta, adjacent to Buckhead. The property was traded for $75 million. CWS Capital Partners was the seller. The property was named after the loc",,0,Poor,No LLM prompt generated,"Rule-based interpretation: Connect CRE Atlanta article 'ParkProperty Acquires 280-Unit Buckhead Apartment Community' is classified as watch only for Atlanta / Georgia. It points to development execution or sponsor strategy. Treat as a briefing input, not a standalone investment conclusion; confirm with source diversity, repeat observation, and market-specific evidence.",,apartment; apartments; multifamily,ParkProperty Acquires 280-Unit Buckhead Apartment Community,https://www.connectcre.com/stories/parkproperty-acquires-280-unit-buckhead-apartment-community/,Yes,art_74b6034bca9c58bb,Atlanta,core_15,Multifamily,acquisition,개발/인허가,개발/인허가; 거래/투자,No,article page appears accessible from collected text,Yes,No,standard,art_74b6034bca9c58bb,https://www.connectcre.com/stories/parkproperty-acquires-280-unit-buckhead-apartment-community/,ParkProperty Acquires 280-Unit Buckhead Apartment Community,open,open,https://www.connectcre.com/stories/parkproperty-acquires-280-unit-buckhead-apartment-community/,valid,title/source/url metadata are internally consistent,Development Activity,GP / Capital Activity,development_project_anchor: capital event with identifiable project/asset (unit/site count: 280-unit; project/asset term: community),repeat_penalized,29,2026-08-13,2026-09-11,29,old_31d_plus,old,published date parsed; article age 29 day(s),5,published date parsed; article age 29 day(s); previously seen article,Atlanta,Georgia,matched city/metro keyword: Atlanta,acquisition,repeat_penalized,repeat exposure penalty; historical article over 30 days old,No,Acquires 280-Unit Buckhead Apartment Community ParkProperty Capital,CWS Capital Partners,capital_event_sentence,medium,Inferred entity from source text near capital-event language.,True,unit/site count: 280-unit; project/asset term: community,high,Project / Asset,No,,,Acquires 280-Unit Buckhead Apartment Community ParkProperty Capital,,CWS Capital Partners,CWS Capital Partners,Acquires 280-Unit Buckhead Apartment Community ParkProperty Capital,CWS Capital Partners,transaction_market,capital_markets; institutional_capital,acquisition,none,none,gp_acquisition,none,unknown,developer; investor,Market reference detected as Atlanta / Georgia.,high,Capital event keywords detected: acquisition. Institutional activity terms detected: gp_acquisition. Primary topic set to transaction_market; confidence high.,85,20,institutional acquisition behavior,0
2026-09-11,20260911-005121-ae902a35,2026-09-11 00:51:10,Connect CRE South Florida,Site / Parcel Source Expansion,Tier 2,development_pipeline;gp_activity;sunbelt,Other,Senior Housing,"Thu, 03 Sep 2026 14:54:24 +0000",60,Medium,Monitor,Miami / Florida,Financing Risk; Developer Strategy,Track Financing Conditions; Track Developer Strategy,"Monitor financing conditions because the article includes development, financing, senior housing and $40.2 million, which may affect construction loans, refinancing risk, and exit cap rates.",Medium relevance to market monitoring,Ignore unless repeated,"Included because it scored 60 and mentions development, financing, senior housing, with a Financing Risk; Developer Strategy angle for Miami / Florida.",No Clear Numeric Signal,$40.2 million,"Florida & Gulf Coast CRE News In Your Inbox. Sign up for Connect emails to stay informed with CRE stories that are 150 words or less. Florida & Gulf Coast + South Florida + Senior Housing | September 3, 2026 By: Mike Boyd Pinnacle Secures Financing for Fort Lauderdale Affordable Sr. Housing Pinnacle secured $40.2 million in financing to develop a new mixed-use, affordable senior housing community in Fort Lauderdale. The financing will support Pinnacle at Cypress Phase I, the first of a two-phase",,0,Poor,No LLM prompt generated,"Rule-based interpretation: Connect CRE South Florida article 'Pinnacle Secures Financing for Fort Lauderdale Affordable Sr. Housing' is classified as watch only for Miami / Florida. It points to financing, refinancing, or debt-market conditions. Treat as a briefing input, not a standalone investment conclusion; confirm with source diversity, repeat observation, and market-specific evidence.",Macro & Financing; Development Strategy,development; financing; senior housing,Pinnacle Secures Financing for Fort Lauderdale Affordable Sr. Housing,https://www.connectcre.com/stories/pinnacle-secures-financing-for-fort-lauderdale-affordable-sr-housing/,Yes,art_f386bd10f77fa012,Miami / South Florida,core_15,Senior Housing,,개발/인허가,개발/인허가; 시장 데이터,No,article page appears accessible from collected text,Yes,No,standard,art_f386bd10f77fa012,https://www.connectcre.com/stories/pinnacle-secures-financing-for-fort-lauderdale-affordable-sr-housing/,Pinnacle Secures Financing for Fort Lauderdale Affordable Sr. Housing,open,open,https://www.connectcre.com/stories/pinnacle-secures-financing-for-fort-lauderdale-affordable-sr-housing/,valid,title/source/url metadata are internally consistent,GP / Capital Activity,,"property-level financing, lender, refinancing, or recapitalization signal detected",repeat_penalized,7,2026-09-03,2026-09-11,8,recent_4_14d,recent,published date parsed; article age 8 day(s),55,previously seen article,Miami,Florida,matched city/metro keyword: Miami,debt_financing,repeat_penalized,repeat exposure penalty,No,Participant not identified,,unresolved,unresolved,"No institution name detected in dictionary, title, summary, or source text.",False,"no identifiable project, asset, site, address, or unit-count anchor",none,,No,,,,,,,,,gp_activity,none,none,none,none,none,none,affordable_housing; senior_housing; mixed_use,lender; developer,Market reference detected as Miami / Florida.,unknown,No clear rule-based event keyword was detected. Primary topic set to gp_activity; confidence unknown.,60,40,classification confidence penalty,15
2026-09-11,20260911-005121-ae902a35,2026-09-11 00:50:37,Multifamily Dive,Core Multifamily News,Tier 1,national_multifamily,Other,Multifamily,"Thu, 10 Sep 2026 09:35:00 -0400",59,Low,Monitor,Other / Unknown,Developer Strategy,Track Developer Strategy,"Review for developer strategy because the article may inform site selection, product type, adaptive reuse, build-to-rent, or market entry.",Low relevance / background information,Ignore unless repeated,"Included because it scored 59 and mentions development, midwest, multifamily, with a Developer Strategy angle for a broad or unspecified market.",No Clear Numeric Signal,,"An article from NRP Group names new VP of development for the Midwest Andrew Bailey told Multifamily Dive that land banks and public housing authorities throughout Ohio and the Midwest are “actively looking for ways to get more housing built.” Published Sept. 10, 2026 Julie Strupp Senior Editor Share Copy link Email LinkedIn X/Twitter Facebook Print License Add us on Google The downtown Cleveland skyline. Getty Images Listen to the article 4 min This audio is auto-generated. Please let us know i",,0,Poor,No LLM prompt generated,"Rule-based interpretation: Multifamily Dive article 'NRP Group names new VP of development for the Midwest' is classified as watch only for Other / Unknown. It points to development execution or sponsor strategy. Treat as a briefing input, not a standalone investment conclusion; confirm with source diversity, repeat observation, and market-specific evidence.",Supply & Demand; Development Strategy,development; midwest; multifamily,NRP Group names new VP of development for the Midwest,https://www.multifamilydive.com/news/nrp-group-vp-of-development-midwest-bailey/829932/,No,art_5b76c27a9609d1cb,Other / Unknown,other,Multifamily,market data/supply-demand,개발/인허가,개발/인허가; 운영/임대; 시장 데이터,No,article page appears accessible from collected text,No,No,standard,art_5b76c27a9609d1cb,https://www.multifamilydive.com/news/nrp-group-vp-of-development-midwest-bailey/829932/,NRP Group names new VP of development for the Midwest,open,open,https://www.multifamilydive.com/news/nrp-group-vp-of-development-midwest-bailey/829932/,valid,title/source/url metadata are internally consistent,Development Activity,,development milestone or entitlement signal has display priority,new_or_fresh,0,2026-09-10,2026-09-11,1,fresh_0_3d,fresh,published date parsed; article age 1 day(s),100,fresh article or no repeat penalty,,,"no city, state, or market keyword detected",none,not_candidate,not a GP / capital candidate,No,,,,,,False,"no identifiable project, asset, site, address, or unit-count anchor",none,,No,,,,,,,,,gp_activity,none,none,none,none,none,none,unknown,developer,No specific market detected; relevance remains broad.,unknown,No clear rule-based event keyword was detected. Primary topic set to gp_activity; confidence unknown.,30,33,classification confidence penalty,33
2026-09-11,20260911-005121-ae902a35,2026-09-11 00:50:45,Connect CRE,Core Multifamily News,Tier 1,development_pipeline;gp_activity;national_multifamily,Other,General Residential,"Thu, 10 Sep 2026 19:41:28 +0000",59,Low,Monitor,New York,Financing Risk; Institutional Flow,Track Financing Conditions; Track Institutional Capital Flow,"Monitor financing conditions because the article includes acquisition, capital markets, financing and $50m, $50, $39.2 million, which may affect construction loans, refinancing risk, and exit cap rates.",High relevance to US residential developer strategy,Add to weekly strategy memo,"Included because it scored 59 and mentions acquisition, capital markets, financing, with a Financing Risk; Institutional Flow angle for New York.",Deal Size Signal,$50m; $50; $39.2 million,"New York & Tri-State CRE News In Your Inbox. Sign up for Connect emails to stay informed with CRE stories that are 150 words or less. New York & Tri-State + Fairfield/Westchester + Retail | September 10, 2026 By: Paul Bubny Kite Realty Trust Trades Grocery-Anchored White Plains Retail for $50M JLL Capital Markets secured the $50-million sale of City Center, a 361,948-square-foot, grocery-anchored retail property located in White Plains. on behalf of seller Kite Realty Trust. JLL also arranged ac","You are a strategic research analyst for Woomi / Woomi Global.
Analyze the following US multifamily housing article for developer strategy.

Article context:
- Title: Kite Realty Trust Trades Grocery-Anchored White Plains Retail for $50M
- Source: Connect CRE
- URL: https://www.connectcre.com/stories/kite-realty-trust-trades-grocery-anchored-white-plains-retail-for-50m/
- Market focus: New York
- Strategic angle: Financing Risk; Institutional Flow
- Market signal: Deal Size Signal
- Extracted numbers: $50m; $50; $39.2 million
- Strategic implication: Monitor financing conditions because the article includes acquisition, capital markets, financing and $50m, $50, $39.2 million, which may affect construction loans, refinancing risk, and exit cap rates.
- Woomi relevance: High relevance to US residential developer strategy

Please answer in concise bullet points:
1. Why does this article matter for a US multifamily developer?
2. What is the implication for Woomi / Woomi Global?
3. What risk or opportunity does this indicate?
4. What follow-up question should the strategy team ask?",98,Excellent,None,"Rule-based interpretation: Connect CRE article 'Kite Realty Trust Trades Grocery-Anchored White Plains Retail for $50M' is classified as watch only for New York. It points to financing, refinancing, or debt-market conditions. Treat as a briefing input, not a standalone investment conclusion; confirm with source diversity, repeat observation, and market-specific evidence.",Macro & Financing; Market Players & Deals,acquisition; capital markets; financing; jll; sale,Kite Realty Trust Trades Grocery-Anchored White Plains Retail for $50M,https://www.connectcre.com/stories/kite-realty-trust-trades-grocery-anchored-white-plains-retail-for-50m/,No,art_baee40bbc041914d,New York / Northern New Jersey,core_15,Multifamily,acquisition,거래/투자,거래/투자; 시장 데이터,No,article page appears accessible from collected text,Yes,No,standard,art_baee40bbc041914d,https://www.connectcre.com/stories/kite-realty-trust-trades-grocery-anchored-white-plains-retail-for-50m/,Kite Realty Trust Trades Grocery-Anchored White Plains Retail for $50M,open,open,https://www.connectcre.com/stories/kite-realty-trust-trades-grocery-anchored-white-plains-retail-for-50m/,valid,title/source/url metadata are internally consistent,GP / Capital Activity,,transaction or financing article excluded from Development Activity,new_or_fresh,0,2026-09-10,2026-09-11,1,fresh_0_3d,fresh,published date parsed; article age 1 day(s),100,fresh article or no repeat penalty,,New York,matched state keyword: New York,disposition_exit,new_candidate,selected or retained for GP / capital review,Yes,JLL,Kite Realty Trust; Paul Bubny Kite Realty Trust,dictionary_match,high,"Matched known institutional / GP entity in title, summary, or source text.",False,"no identifiable project, asset, site, address, or unit-count anchor",none,,No,,,JLL,,Kite Realty Trust,Kite Realty Trust; Paul Bubny Kite Realty Trust,JLL,Kite Realty Trust; Paul Bubny Kite Realty Trust,transaction_market,capital_markets; institutional_capital,acquisition; disposition,none,none,gp_acquisition,none,unknown,lender; broker,Market reference detected as New York.,medium,"Capital event keywords detected: acquisition, disposition. Institutional activity terms detected: gp_acquisition. Primary topic set to transaction_market; confidence medium.",85,70,institutional acquisition behavior,76
2026-09-11,20260911-005121-ae902a35,2026-09-11 00:50:51,NAHB Eye on Housing - Multifamily,Public Agency / Housing Data,Tier 3,national_multifamily,Other,Multifamily,"Thu, 07 May 2026 17:19:52 +0000",59,Low,Monitor,National,Developer Strategy,Track Developer Strategy,"Review for developer strategy because the article may inform site selection, product type, adaptive reuse, build-to-rent, or market entry.",Low relevance / background information,Ignore unless repeated,"Included because it scored 59 and mentions construction, multifamily, with a Developer Strategy angle for National.",No Clear Numeric Signal,1.7%; 3.6%,"Private Residential Construction Spending Increases in March – Eye On Housing Skip to content Private Residential Construction Spending Increases in March May 7, 2026 Na Zhao No Comments Private residential construction spending was up 1.7% in March 2026, following two straight months of declines. The increase was broad-based, with gains in single-family, multifamily construction, and home improvement spending. Moreover, total private residential construction spending was 3.6% higher than a year",,0,Poor,No LLM prompt generated,"Rule-based interpretation: NAHB Eye on Housing - Multifamily article 'Private Residential Construction Spending Increases in March' is classified as watch only for National. It points to development execution or sponsor strategy. Treat as a briefing input, not a standalone investment conclusion; confirm with source diversity, repeat observation, and market-specific evidence.",Development Strategy,construction; multifamily,Private Residential Construction Spending Increases in March,https://eyeonhousing.org/2026/05/private-residential-construction-spending-increases-in-march/,Yes,art_2db52c7e91be745a,Other / Unknown,other,Multifamily,,개발/인허가,개발/인허가; 시장 데이터,No,article page appears accessible from collected text,No,No,standard,art_2db52c7e91be745a,https://eyeonhousing.org/2026/05/private-residential-construction-spending-increases-in-march/,Private Residential Construction Spending Increases in March,open,open,https://eyeonhousing.org/2026/05/private-residential-construction-spending-increases-in-march/,valid,title/source/url metadata are internally consistent,Market Intelligence,,"generic policy, market, or research article excluded from Development Activity",repeat_penalized,115,2026-05-07,2026-09-11,127,old_31d_plus,archive,published date parsed; article age 127 day(s),5,published date parsed; article age 127 day(s); previously seen article,,,used broad market bucket: National,none,not_candidate,not a GP / capital candidate,No,,,,,,False,"no identifiable project, asset, site, address, or unit-count anchor",none,,No,,,,,,,,,gp_activity,none,none,none,none,none,none,unknown,developer,Market reference detected as National.,unknown,No clear rule-based event keyword was detected. Primary topic set to gp_activity; confidence unknown.,45,0,classification confidence penalty,0
2026-09-11,20260911-005121-ae902a35,2026-09-11 00:50:38,Multifamily Executive,Core Multifamily News,Tier 1,national_multifamily,Other,Multifamily,"Thu, 25 Jun 2026 15:50:39 +0000",58,Low,Monitor,Other / Unknown,Rent Growth / Demand; Institutional Flow,Track Rent / Vacancy Trend; Track Institutional Capital Flow,"Track rent and vacancy conditions because the article points to demand, occupancy, rent, vacancy, or concession signals in Other / Unknown.",Low relevance / background information,Monitor only,"Included because it scored 58 and mentions multifamily, renter, renters, with a Rent Growth / Demand; Institutional Flow angle for a broad or unspecified market.",Rent Growth Signal,"60%; 57%; 8%; $4,000; $90; $150; 250 units","eBook 2026 Resident Experience Management Report Cover_Zego.png Resident retention is moving in the wrong direction at exactly the moment multifamily operators can least afford it. After reaching 60% in 2024, average retention rates have slipped to 57%. That three-point decline might look modest on a spreadsheet, but with turnover costing operators roughly $4,000 per unit, even a small dip in performance adds up to a significant hit to NOI across a portfolio. While property managers frequently a",,0,Poor,No LLM prompt generated,"Rule-based interpretation: Multifamily Executive article '2026 Resident Experience Management Report' is classified as watch only for Other / Unknown. It points to institutional capital movement or transaction activity. Treat as a briefing input, not a standalone investment conclusion; confirm with source diversity, repeat observation, and market-specific evidence.",,multifamily; renter; renters,2026 Resident Experience Management Report,https://www.multifamilyexecutive.com/premium/whitepaper/753766,Yes,art_266f44ae4fd99ed0,Other / Unknown,other,Multifamily,market data/supply-demand; rent/occupancy/absorption,운영/임대,운영/임대; 시장 데이터,No,article page appears accessible from collected text,No,No,standard,art_266f44ae4fd99ed0,https://www.multifamilyexecutive.com/premium/whitepaper/753766,2026 Resident Experience Management Report,open,open,https://www.multifamilyexecutive.com/premium/whitepaper/753766,low_value_promotional,promotional/event keyword: whitepaper,Excluded,,low_value_promotional: promotional/event keyword: whitepaper,repeat_penalized,71,2026-06-25,2026-09-11,78,old_31d_plus,archive,published date parsed; article age 78 day(s),0,published date parsed; article age 78 day(s); previously seen article; article integrity penalty,,,"no city, state, or market keyword detected",asset_management_operator_activity,repeat_penalized,repeat exposure penalty; article integrity issue; historical article over 30 days old,No,Participant not identified,,unresolved,unresolved,"No institution name detected in dictionary, title, summary, or source text.",False,"no identifiable project, asset, site, address, or unit-count anchor",none,,No,,,,,,,,,supply_demand,none,none,none,effective_rent_growth,none,none,unknown,operator; property_manager,No specific market detected; relevance remains broad.,low,Supply/demand terms detected: effective_rent_growth. Primary topic set to supply_demand; confidence low. Operator/property management activity detected.,45,0,sponsor expansion; institutional acquisition behavior; integrity penalty; classification confidence penalty,0
2026-09-11,20260911-005121-ae902a35,2026-09-11 00:50:48,NAHB Eye on Housing - Multifamily,Public Agency / Housing Data,Tier 3,national_multifamily,Other,Multifamily,"Thu, 06 Aug 2026 14:05:00 +0000",58,Low,Monitor,National,Rent Growth / Demand; Developer Strategy,Track Rent / Vacancy Trend; Track Developer Strategy,"Track rent and vacancy conditions because the article points to demand, occupancy, rent, vacancy, or concession signals in National.",Low relevance / background information,Ignore unless repeated,"Included because it scored 58 and mentions developer, multifamily, occupancy, with a Rent Growth / Demand; Developer Strategy angle for National.",No Clear Numeric Signal,,I am confused . . . in the MPI portion and in paragraph 2 its says There were three components which experienced decreases year-over-year during the first quarter. But this is the Q2 report. Reply,,0,Poor,No LLM prompt generated,"Rule-based interpretation: NAHB Eye on Housing - Multifamily article 'Multifamily Developer Confidence Weakens in Second Quarter' is classified as watch only for National. It points to development execution or sponsor strategy. Treat as a briefing input, not a standalone investment conclusion; confirm with source diversity, repeat observation, and market-specific evidence.",Supply & Demand; Development Strategy,developer; multifamily; occupancy,Multifamily Developer Confidence Weakens in Second Quarter,https://eyeonhousing.org/2026/08/multifamily-developer-confidence-weakens-in-second-quarter/,Yes,art_0650300828b7ec4e,Other / Unknown,other,Multifamily,market data/supply-demand; rent/occupancy/absorption,개발/인허가,개발/인허가; 운영/임대; 시장 데이터,No,article page appears accessible from collected text,No,No,standard,art_0650300828b7ec4e,https://eyeonhousing.org/2026/08/multifamily-developer-confidence-weakens-in-second-quarter/,Multifamily Developer Confidence Weakens in Second Quarter,open,open,https://eyeonhousing.org/2026/08/multifamily-developer-confidence-weakens-in-second-quarter/,valid,title/source/url metadata are internally consistent,Market Intelligence,,"market_macro_guard: rent, demand, vacancy, absorption, or leasing article without project anchor",repeat_penalized,35,2026-08-06,2026-09-11,36,old_31d_plus,old,published date parsed; article age 36 day(s),5,published date parsed; article age 36 day(s); previously seen article,,,used broad market bucket: National,none,not_candidate,not a GP / capital candidate,No,,,,,,False,"no identifiable project, asset, site, address, or unit-count anchor",none,,Yes,demand,matched rent/demand keyword: developer confidence,,,,,,,supply_demand,none,none,none,effective_rent_growth; occupancy,none,none,unknown,developer,Market reference detected as National.,low,"Supply/demand terms detected: effective_rent_growth, occupancy. Primary topic set to supply_demand; confidence low.",45,0,lease-up or absorption behavior; classification confidence penalty,0
2026-09-11,20260911-005121-ae902a35,2026-09-11 00:50:51,NAHB Eye on Housing - Multifamily,Public Agency / Housing Data,Tier 3,national_multifamily,Other,Multifamily,"Thu, 07 May 2026 14:05:00 +0000",58,Low,Monitor,National,Rent Growth / Demand; Developer Strategy,Track Rent / Vacancy Trend; Track Developer Strategy,"Track rent and vacancy conditions because the article points to demand, occupancy, rent, vacancy, or concession signals in National.",Low relevance / background information,Ignore unless repeated,"Included because it scored 58 and mentions developer, multifamily, occupancy, with a Rent Growth / Demand; Developer Strategy angle for National.",No Clear Numeric Signal,,"Multifamily Developer Confidence Holds Steady in First Quarter – Eye On Housing Skip to content Multifamily Developer Confidence Holds Steady in First Quarter May 7, 2026 Eric Lynch No Comments Overall confidence in the market for new multifamily housing held steady year-over-year in the first quarter, according to the Multifamily Market Survey (MMS) by the National Association of Home Builders (NAHB). The MMS produces two separate indices. The Multifamily Production Index (MPI) had a reading of",,0,Poor,No LLM prompt generated,"Rule-based interpretation: NAHB Eye on Housing - Multifamily article 'Multifamily Developer Confidence Holds Steady in First Quarter' is classified as watch only for National. It points to development execution or sponsor strategy. Treat as a briefing input, not a standalone investment conclusion; confirm with source diversity, repeat observation, and market-specific evidence.",Supply & Demand; Development Strategy,developer; multifamily; occupancy,Multifamily Developer Confidence Holds Steady in First Quarter,https://eyeonhousing.org/2026/05/multifamily-developer-confidence-holds-steady-in-first-quarter/,Yes,art_bc070197f2b95c92,Other / Unknown,other,Multifamily,market data/supply-demand; rent/occupancy/absorption,개발/인허가,개발/인허가; 운영/임대; 시장 데이터,No,article page appears accessible from collected text,No,No,standard,art_bc070197f2b95c92,https://eyeonhousing.org/2026/05/multifamily-developer-confidence-holds-steady-in-first-quarter/,Multifamily Developer Confidence Holds Steady in First Quarter,open,open,https://eyeonhousing.org/2026/05/multifamily-developer-confidence-holds-steady-in-first-quarter/,valid,title/source/url metadata are internally consistent,Market Intelligence,,"market_macro_guard: rent, demand, vacancy, absorption, or leasing article without project anchor",repeat_penalized,115,2026-05-07,2026-09-11,127,old_31d_plus,archive,published date parsed; article age 127 day(s),5,published date parsed; article age 127 day(s); previously seen article,,,used broad market bucket: National,none,not_candidate,not a GP / capital candidate,No,,,,,,False,"no identifiable project, asset, site, address, or unit-count anchor",none,,Yes,demand,matched rent/demand keyword: developer confidence,,,,,,,supply_demand,none,none,none,effective_rent_growth; occupancy,none,none,unknown,developer,Market reference detected as National.,low,"Supply/demand terms detected: effective_rent_growth, occupancy. Primary topic set to supply_demand; confidence low.",45,0,lease-up or absorption behavior; classification confidence penalty,0
2026-09-11,20260911-005121-ae902a35,2026-09-11 00:50:49,NAHB Eye on Housing - Multifamily,Public Agency / Housing Data,Tier 3,national_multifamily,Other,Multifamily,"Tue, 02 Jun 2026 14:00:00 +0000",57,Low,Monitor,Other / Unknown,Financing Risk; Cost Control,Track Financing Conditions; Track Construction Cost,"Monitor financing conditions because the article includes construction, interest rate, multifamily and no specific number, which may affect construction loans, refinancing risk, and exit cap rates.",Low relevance / background information,Ignore unless repeated,"Included because it scored 57 and mentions construction, interest rate, multifamily, with a Financing Risk; Cost Control angle for a broad or unspecified market.",No Clear Numeric Signal,,"HBGI Q1 2026: Single-Family Construction Slips Across All Geographies – Eye On Housing Skip to content HBGI Q1 2026: Single-Family Construction Slips Across All Geographies June 2, 2026 Catherine Koh No Comments Single-family construction declined across all geographies in the first quarter of 2026, according to the latest Home Building Geography Index (HBGI), as elevated interest rates, rising material costs, and labor shortages slowed home building activities at the start of the year. Meanwhil",,0,Poor,No LLM prompt generated,"Rule-based interpretation: NAHB Eye on Housing - Multifamily article 'HBGI Q1 2026: Single-Family Construction Slips Across All Geographies' is classified as watch only for Other / Unknown. It points to financing, refinancing, or debt-market conditions. Treat as a briefing input, not a standalone investment conclusion; confirm with source diversity, repeat observation, and market-specific evidence.",Macro & Financing; Development Strategy,construction; interest rate; multifamily,HBGI Q1 2026: Single-Family Construction Slips Across All Geographies,https://eyeonhousing.org/2026/06/hbgi-q1-2026-single-family-construction-slips-across-all-geographies/,Yes,art_98021111f61f5cfe,Other / Unknown,other,Multifamily,construction cost,개발/인허가,개발/인허가; 시장 데이터,No,article page appears accessible from collected text,No,No,standard,art_98021111f61f5cfe,https://eyeonhousing.org/2026/06/hbgi-q1-2026-single-family-construction-slips-across-all-geographies/,HBGI Q1 2026: Single-Family Construction Slips Across All Geographies,open,open,https://eyeonhousing.org/2026/06/hbgi-q1-2026-single-family-construction-slips-across-all-geographies/,valid,title/source/url metadata are internally consistent,Market Intelligence,,market_macro_guard: index without project anchor,repeat_penalized,99,2026-06-02,2026-09-11,101,old_31d_plus,archive,published date parsed; article age 101 day(s),5,published date parsed; article age 101 day(s); previously seen article,,,"no city, state, or market keyword detected",debt_financing,repeat_penalized,repeat exposure penalty; historical article over 30 days old,No,Participant not identified,,unresolved,unresolved,"No institution name detected in dictionary, title, summary, or source text.",False,"no identifiable project, asset, site, address, or unit-count anchor",none,,No,,,,,,,,,macro_financing,none,none,none,none,none,none,unknown,lender; developer,No specific market detected; treated as broader capital markets context.,unknown,No clear rule-based event keyword was detected. Primary topic set to macro_financing; confidence unknown.,30,0,classification confidence penalty,0
2026-09-11,20260911-005121-ae902a35,2026-09-11 00:50:52,NAHB Eye on Housing - Multifamily,Public Agency / Housing Data,Tier 3,national_multifamily,Other,Multifamily,"Mon, 30 Mar 2026 15:01:25 +0000",57,Low,Monitor,Other / Unknown,Institutional Flow,Track Institutional Capital Flow,"Track this as institutional capital flow because it mentions major capital players, portfolio transactions, deal size, or cap-rate signals.",Low relevance / background information,Ignore unless repeated,"Included because it scored 57 and mentions construction, multifamily, sale, with a Institutional Flow angle for a broad or unspecified market.",No Clear Numeric Signal,,"NAHB HBGI: Micro Markets Lone Bright Spot for Single-Family Building in Fourth Quarter – Eye On Housing Skip to content NAHB HBGI: Micro Markets Lone Bright Spot for Single-Family Building in Fourth Quarter March 30, 2026 Jesse Wade No Comments Single-family construction declined further in the fourth quarter in all but sparsely populated micro counties, according to the NAHB Home Building Geography Index (HBGI). Meanwhile, multifamily construction showed growth in all markets for the first time",,0,Poor,No LLM prompt generated,"Rule-based interpretation: NAHB Eye on Housing - Multifamily article 'NAHB HBGI: Micro Markets Lone Bright Spot for Single-Family Building in Fourth Quarter' is classified as watch only for Other / Unknown. It points to institutional capital movement or transaction activity. Treat as a briefing input, not a standalone investment conclusion; confirm with source diversity, repeat observation, and market-specific evidence.",Macro & Financing; Development Strategy; Market Players & Deals,construction; multifamily; sale,NAHB HBGI: Micro Markets Lone Bright Spot for Single-Family Building in Fourth Quarter,https://eyeonhousing.org/2026/03/nahb-hbgi-micro-markets-lone-bright-spot-for-single-family-building-in-fourth-quarter/,Yes,art_d4039cdfbf50dd7d,Other / Unknown,other,Multifamily,,개발/인허가,개발/인허가; 거래/투자; 시장 데이터,No,article page appears accessible from collected text,No,No,standard,art_d4039cdfbf50dd7d,https://eyeonhousing.org/2026/03/nahb-hbgi-micro-markets-lone-bright-spot-for-single-family-building-in-fourth-quarter/,NAHB HBGI: Micro Markets Lone Bright Spot for Single-Family Building in Fourth Quarter,open,open,https://eyeonhousing.org/2026/03/nahb-hbgi-micro-markets-lone-bright-spot-for-single-family-building-in-fourth-quarter/,valid,title/source/url metadata are internally consistent,Market Intelligence,,market_macro_guard: index without project anchor,repeat_penalized,115,2026-03-30,2026-09-11,165,old_31d_plus,archive,published date parsed; article age 165 day(s),5,published date parsed; article age 165 day(s); previously seen article,,,"no city, state, or market keyword detected",disposition_exit,repeat_penalized,repeat exposure penalty; historical article over 30 days old,No,Participant not identified,,unresolved,unresolved,"No institution name detected in dictionary, title, summary, or source text.",False,"no identifiable project, asset, site, address, or unit-count anchor",none,,No,,,,,,,,,macro_financing,none,none,none,none,none,none,unknown,lender; developer,No specific market detected; treated as broader capital markets context.,unknown,No clear rule-based event keyword was detected. Primary topic set to macro_financing; confidence unknown.,30,0,classification confidence penalty,0
2026-09-11,20260911-005121-ae902a35,2026-09-11 00:51:04,REBusiness Online,Site / Parcel Source Expansion,Tier 2,development_pipeline;gp_activity,Other,Mixed-Use Residential,2026-09-10T13:57:27Z,56,Low,Monitor,Florida,Financing Risk; Developer Strategy,Track Financing Conditions; Track Developer Strategy,"Monitor financing conditions because the article includes construction, development, financing and $223m, $223 million, which may affect construction loans, refinancing risk, and exit cap rates.",Low relevance / background information,Ignore unless repeated,"Included because it scored 56 and mentions construction, development, financing, with a Financing Risk; Developer Strategy angle for Miami / Florida.",No Clear Numeric Signal,$223m; $223 million,"Phase I of Sundy Village comprises 100,000 square feet of office space, 30,000 square feet of shops and restaurants, indoor-outdoor gathering spaces and 268 parking spaces. Development Florida Loans Mixed-Use Southeast Pebb Capital Obtains $223M Loan for Refinancing of Sundy Village in Delray Beach, Florida by John Nelson September 10, 2026 September 10, 2026 2 DELRAY BEACH, FLA. — Pebb Capital has received a $223 million loan for the refinancing of Sundy Village, a seven-acre mixed-use campus u",,0,Poor,No LLM prompt generated,"Rule-based interpretation: REBusiness Online article 'Pebb Capital Obtains $223M Loan for Refinancing of Sundy Village in Delray Beach, Florida' is classified as watch only for Miami / Florida. It points to financing, refinancing, or debt-market conditions. Treat as a briefing input, not a standalone investment conclusion; confirm with source diversity, repeat observation, and market-specific evidence.",Macro & Financing; Development Strategy; Policy & Regulation,construction; development; financing; hud; loan; refinancing,"Pebb Capital Obtains $223M Loan for Refinancing of Sundy Village in Delray Beach, Florida",https://rebusinessonline.com/pebb-capital-obtains-223m-loan-for-refinancing-of-sundy-village-in-delray-beach-florida/,No,art_71a013d146ee1c6f,Florida,other,Mixed-use Residential,financing/refinancing; policy/regulation,제외/금융,제외/금융,Yes,article page appears accessible from collected text,No,No,standard,art_71a013d146ee1c6f,https://rebusinessonline.com/pebb-capital-obtains-223m-loan-for-refinancing-of-sundy-village-in-delray-beach-florida/,"Pebb Capital Obtains $223M Loan for Refinancing of Sundy Village in Delray Beach, Florida",open,open,https://rebusinessonline.com/pebb-capital-obtains-223m-loan-for-refinancing-of-sundy-village-in-delray-beach-florida/,valid,title/source/url metadata are internally consistent,GP / Capital Activity,,"property-level financing, lender, refinancing, or recapitalization signal detected",new_or_fresh,0,2026-09-10,2026-09-11,1,fresh_0_3d,fresh,published date parsed; article age 1 day(s),100,fresh article or no repeat penalty,,Florida,matched state keyword: Florida,refinancing,new_candidate,selected or retained for GP / capital review,Yes,Pebb Capital,Development Florida Loans Mixed-Use Southeast Pebb Capital,capital_event_sentence,medium,Inferred entity from source text near capital-event language.,False,"no identifiable project, asset, site, address, or unit-count anchor",none,,No,,,Pebb Capital,Pebb Capital,Development Florida Loans Mixed-Use Southeast Pebb Capital,Development Florida Loans Mixed-Use Southeast Pebb Capital,Pebb Capital,Development Florida Loans Mixed-Use Southeast Pebb Capital,capital_markets,none,refinancing,none,none,none,none,mixed_use,lender; public_agency; developer,Market reference detected as Florida.,low,Capital event keywords detected: refinancing. Primary topic set to capital_markets; confidence low.,75,54,large-scale refinance tied to strategy; classification confidence penalty,46
2026-09-11,20260911-005121-ae902a35,2026-09-11 00:51:09,Connect CRE South Florida,Site / Parcel Source Expansion,Tier 2,development_pipeline;gp_activity;sunbelt,Other,Mixed-Use Residential,"Wed, 09 Sep 2026 13:40:17 +0000",56,Low,Monitor,Miami / Florida,Financing Risk; Developer Strategy,Track Financing Conditions; Track Developer Strategy,"Monitor financing conditions because the article includes construction, development, financing and 97%, $223m, $223 million, which may affect construction loans, refinancing risk, and exit cap rates.",Low relevance / background information,Ignore unless repeated,"Included because it scored 56 and mentions construction, development, financing, with a Financing Risk; Developer Strategy angle for Miami / Florida.",No Clear Numeric Signal,97%; $223m; $223 million,"Florida & Gulf Coast CRE News In Your Inbox. Sign up for Connect emails to stay informed with CRE stories that are 150 words or less. Florida & Gulf Coast + South Florida + Office | September 9, 2026 By: Mike Boyd Pebb Secures $223M Refi on Delray Beach Mixed-Use Venture Pebb Capital secured a $223 million refinancing for Sundy Village, its seven-acre mixed-use campus in Downtown Delray Beach. Provided by J.P. Morgan and Hudson Bay Capital, the deal replaces the project’s existing construction l",,0,Poor,No LLM prompt generated,"Rule-based interpretation: Connect CRE South Florida article 'Pebb Secures $223M Refi on Delray Beach Mixed-Use Venture' is classified as watch only for Miami / Florida. It points to financing, refinancing, or debt-market conditions. Treat as a briefing input, not a standalone investment conclusion; confirm with source diversity, repeat observation, and market-specific evidence.",Macro & Financing; Development Strategy; Policy & Regulation,construction; development; financing; hud; loan; refinancing,Pebb Secures $223M Refi on Delray Beach Mixed-Use Venture,https://www.connectcre.com/stories/pebb-secures-223m-refi-on-delray-beach-mixed-use-venture/,Yes,art_d1169d4b77887a73,Miami / South Florida,core_15,Mixed-use Residential,financing/refinancing; policy/regulation,제외/금융,제외/금융,Yes,article page appears accessible from collected text,Yes,No,standard,art_d1169d4b77887a73,https://www.connectcre.com/stories/pebb-secures-223m-refi-on-delray-beach-mixed-use-venture/,Pebb Secures $223M Refi on Delray Beach Mixed-Use Venture,open,open,https://www.connectcre.com/stories/pebb-secures-223m-refi-on-delray-beach-mixed-use-venture/,valid,title/source/url metadata are internally consistent,GP / Capital Activity,,"property-level financing, lender, refinancing, or recapitalization signal detected",acceptable_repeat,1,2026-09-09,2026-09-11,2,fresh_0_3d,fresh,published date parsed; article age 2 day(s),78,previously seen article,Miami,Florida,matched city/metro keyword: Miami,refinancing,repeated_but_retained,selected or retained for GP / capital review,Yes,Delray Beach Mixed-Use Venture Pebb Capital,Hudson Bay Capital,capital_event_sentence,medium,Inferred entity from source text near capital-event language.,False,"no identifiable project, asset, site, address, or unit-count anchor",none,,No,,,Delray Beach Mixed-Use Venture Pebb Capital,Delray Beach Mixed-Use Venture Pebb Capital,Hudson Bay Capital,Hudson Bay Capital,Delray Beach Mixed-Use Venture Pebb Capital,Hudson Bay Capital,capital_markets,none,refinancing,none,none,none,none,mixed_use,lender; public_agency; developer,Market reference detected as Miami / Florida.,low,Capital event keywords detected: refinancing. Primary topic set to capital_markets; confidence low.,75,54,large-scale refinance tied to strategy; classification confidence penalty,38
2026-09-11,20260911-005121-ae902a35,2026-09-11 00:50:42,Yield PRO,Core Multifamily News,Tier 1,lease_up_supply;national_multifamily,Other,Multifamily,"Thu, 10 Sep 2026 16:30:48 +0000",54,Low,Monitor,Tampa / Florida,Institutional Flow,Track Institutional Capital Flow,"Review this as a supply risk signal because it references new deliveries, starts, pipeline, or permits in Tampa / Florida.",High relevance to US residential developer strategy,Add to weekly strategy memo,"Included because it scored 54 and mentions multifamily, with a Institutional Flow angle for Tampa / Florida.",Supply / Starts Signal,$91m; $60 million; 299 units,"Deal boom News Facebook Twitter Linkedin Morgan Stanley Investment Management has purchased two senior communities totaling 299 units in the Tampa, Fla., and Orlando, Fla., metro areas, through its Morgan Stanley Real Estate Investing funds . The portfolio comprises the 193-unit Sonata Lake Mary in Lake Mary, Fla., and the 106-unit The Preserve at Dunedin in Clearwater, Fla., public records show. AgeWell sold the Lake Mary property for $60 million, while Berkshire Residential Investments sold th","You are a strategic research analyst for Woomi / Woomi Global.
Analyze the following US multifamily housing article for developer strategy.

Article context:
- Title: Morgan Stanley Pays $91M for Tampa Florida Multifamily Senior Communities
- Source: Yield PRO
- URL: https://yieldpro.com/2026/09/the-preserve-at-clearwater/
- Market focus: Tampa / Florida
- Strategic angle: Institutional Flow
- Market signal: Supply / Starts Signal
- Extracted numbers: $91m; $60 million; 299 units
- Strategic implication: Review this as a supply risk signal because it references new deliveries, starts, pipeline, or permits in Tampa / Florida.
- Woomi relevance: High relevance to US residential developer strategy

Please answer in concise bullet points:
1. Why does this article matter for a US multifamily developer?
2. What is the implication for Woomi / Woomi Global?
3. What risk or opportunity does this indicate?
4. What follow-up question should the strategy team ask?",98,Excellent,None,"Rule-based interpretation: Yield PRO article 'Morgan Stanley Pays $91M for Tampa Florida Multifamily Senior Communities' is classified as watch only for Tampa / Florida. It points to supply, delivery, lease-up, or absorption conditions. Treat as a briefing input, not a standalone investment conclusion; confirm with source diversity, repeat observation, and market-specific evidence.",,multifamily,Morgan Stanley Pays $91M for Tampa Florida Multifamily Senior Communities,https://yieldpro.com/2026/09/the-preserve-at-clearwater/,No,art_d67efc0026b53843,Tampa / St. Petersburg,core_15,Multifamily,transaction/sale,거래/투자,거래/투자,No,article page appears accessible from collected text,Yes,No,standard,art_d67efc0026b53843,https://yieldpro.com/2026/09/the-preserve-at-clearwater/,Morgan Stanley Pays $91M for Tampa Florida Multifamily Senior Communities,open,open,https://yieldpro.com/2026/09/the-preserve-at-clearwater/,valid,title/source/url metadata are internally consistent,Development Activity,GP / Capital Activity,development_project_anchor: capital event with identifiable project/asset (unit/site count: 299 units),new_or_fresh,0,2026-09-10,2026-09-11,1,fresh_0_3d,fresh,published date parsed; article age 1 day(s),100,fresh article or no repeat penalty,Tampa,Florida,matched city/metro keyword: Tampa,disposition_exit,new_candidate,development article without confirmed capital event,No,Tampa Florida Multifamily Senior Communities,,title_lead_pattern,medium,Inferred entity from headline lead segment and capital-event verb.,True,unit/site count: 299 units,medium,Project / Asset,No,,,Tampa Florida Multifamily Senior Communities,,,,Tampa Florida Multifamily Senior Communities,,transaction_market,capital_markets,acquisition; disposition,none,none,none,none,unknown,unknown,Market reference detected as Tampa / Florida.,low,"Capital event keywords detected: acquisition, disposition. Primary topic set to transaction_market; confidence low.",65,55,institutional acquisition behavior; classification confidence penalty,55
2026-09-11,20260911-005121-ae902a35,2026-09-11 00:51:11,Connect CRE South Florida,Site / Parcel Source Expansion,Tier 2,development_pipeline;gp_activity;sunbelt,Other,General Residential,"Tue, 01 Sep 2026 13:30:09 +0000",53,Low,Monitor,Miami / Florida,Financing Risk; Developer Strategy,Track Financing Conditions; Track Developer Strategy,"Monitor financing conditions because the article includes berkadia, construction, development and $118.6m, $118.6 million, which may affect construction loans, refinancing risk, and exit cap rates.",Low relevance / background information,Ignore unless repeated,"Included because it scored 53 and mentions berkadia, construction, development, with a Financing Risk; Developer Strategy angle for Miami / Florida.",No Clear Numeric Signal,$118.6m; $118.6 million,"Florida & Gulf Coast CRE News In Your Inbox. Sign up for Connect emails to stay informed with CRE stories that are 150 words or less. Florida & Gulf Coast + South Florida + Office | September 1, 2026 By: Mike Boyd Gatsby Florida Inks $118.6M Construction Loan for Palm Beach Gardens Offices, Retail Berkadia arranged a $118.6 million loan on behalf of Gatsby Florida for the construction of The Palm, Palm Beach Gardens. Upon completion in 2028, the eight-story, 200,000-square-foot development will ",,0,Poor,No LLM prompt generated,"Rule-based interpretation: Connect CRE South Florida article 'Gatsby Florida Inks $118.6M Construction Loan for Palm Beach Gardens Offices, Retail' is classified as watch only for Miami / Florida. It points to financing, refinancing, or debt-market conditions. Treat as a briefing input, not a standalone investment conclusion; confirm with source diversity, repeat observation, and market-specific evidence.",Macro & Financing; Development Strategy; Market Players & Deals,berkadia; construction; development; loan,"Gatsby Florida Inks $118.6M Construction Loan for Palm Beach Gardens Offices, Retail",https://www.connectcre.com/stories/gatsby-florida-inks-118-6m-construction-loan-for-palm-beach-gardens-offices-retail/,Yes,art_96430a53e188d797,Miami / South Florida,core_15,Multifamily,development; delivery/completion; financing/refinancing,제외/금융,제외/금융,Yes,article page appears accessible from collected text,Yes,No,standard,art_96430a53e188d797,https://www.connectcre.com/stories/gatsby-florida-inks-118-6m-construction-loan-for-palm-beach-gardens-offices-retail/,"Gatsby Florida Inks $118.6M Construction Loan for Palm Beach Gardens Offices, Retail",open,open,https://www.connectcre.com/stories/gatsby-florida-inks-118-6m-construction-loan-for-palm-beach-gardens-offices-retail/,valid,title/source/url metadata are internally consistent,Development Activity,GP / Capital Activity,development_project_anchor: project financing/capital event tied to project (project/asset term: development; project financing tied to anchor: construction loan),repeat_penalized,9,2026-09-01,2026-09-11,10,recent_4_14d,recent,published date parsed; article age 10 day(s),55,previously seen article,Miami,Florida,matched city/metro keyword: Miami,construction_financing,repeat_penalized,repeat exposure penalty; low relevance or thin evidence,No,Berkadia,,dictionary_match,high,"Matched known institutional / GP entity in title, summary, or source text.",True,project/asset term: development; project financing tied to anchor: construction loan,high,Project Financing / Capital Event,No,,,Berkadia,Berkadia,,,Berkadia,,capital_markets,development_pipeline; institutional_capital,construction_financing,delivery,none,lender_activity,construction_loan,unknown,lender; developer,Market reference detected as Miami / Florida.,high,Capital event keywords detected: construction_financing. Financing type keywords detected: construction_loan. Development-stage terms detected: delivery. Institutional activity terms detected: lender_activity. Primary topic set to capital_markets; confidence high.,100,60,general market observation with limited strategic behavior evidence,33
2026-09-11,20260911-005121-ae902a35,2026-09-11 00:50:37,Multifamily Dive,Core Multifamily News,Tier 1,national_multifamily,Other,Multifamily,"Tue, 08 Sep 2026 15:58:00 -0400",51,Low,Monitor,Other / Unknown,Supply Pressure,Track Supply Pipeline,"Review this as a supply risk signal because it references new deliveries, starts, pipeline, or permits in Other / Unknown.",Low relevance / background information,Ignore unless repeated,"Included because it scored 51 and mentions lease-up, multifamily, with a Supply Pressure angle for a broad or unspecified market.",No Clear Numeric Signal,,"An article from Multifamily rents up slightly in August, dampened by high lease-ups: Yardi Last month’s numbers “point to an increasingly uneven, market-specific rent recovery,” according to a report from the real estate data firm. Published Sept. 8, 2026 Julie Strupp Senior Editor Share Copy link Email LinkedIn X/Twitter Facebook Print License Add us on Google Getty Images Listen to the article 4 min This audio is auto-generated. Please let us know if you have feedback . Multifamily rent prices",,0,Poor,No LLM prompt generated,"Rule-based interpretation: Multifamily Dive article 'Multifamily rents up slightly in August, dampened by high lease-ups: Yardi' is classified as watch only for Other / Unknown. It points to supply, delivery, lease-up, or absorption conditions. Treat as a briefing input, not a standalone investment conclusion; confirm with source diversity, repeat observation, and market-specific evidence.",Development Strategy,lease-up; multifamily,"Multifamily rents up slightly in August, dampened by high lease-ups: Yardi",https://www.multifamilydive.com/news/multifamily-rents-august-lease-ups-yardi/829832/,Yes,art_c7d74d698e175fc3,Other / Unknown,other,Multifamily,delivery/completion; market data/supply-demand,개발/인허가,개발/인허가; 운영/임대; 시장 데이터,No,article page appears accessible from collected text,No,No,standard,art_c7d74d698e175fc3,https://www.multifamilydive.com/news/multifamily-rents-august-lease-ups-yardi/829832/,"Multifamily rents up slightly in August, dampened by high lease-ups: Yardi",open,open,https://www.multifamilydive.com/news/multifamily-rents-august-lease-ups-yardi/829832/,valid,title/source/url metadata are internally consistent,Development Activity,,development_project_anchor: Leasing / Lease-Up (execution milestone: lease-up),acceptable_repeat,2,2026-09-08,2026-09-11,3,fresh_0_3d,fresh,published date parsed; article age 3 day(s),74,previously seen article,,,"no city, state, or market keyword detected",none,not_candidate,not a GP / capital candidate,No,,,,,,True,execution milestone: lease-up,medium,Leasing / Lease-Up,Yes,leasing,matched rent/demand keyword: lease-up,,,,,,,development_pipeline,supply_demand,none,lease_up,supply_pressure,none,none,unknown,developer,No specific market detected; relevance remains broad.,high,Development-stage terms detected: lease_up. Supply/demand terms detected: supply_pressure. Primary topic set to development_pipeline; confidence high.,45,58,lease-up or absorption behavior,56
2026-09-11,20260911-005121-ae902a35,2026-09-11 00:50:47,NAHB Eye on Housing - Multifamily,Public Agency / Housing Data,Tier 3,national_multifamily,Other,Multifamily,"Tue, 01 Sep 2026 13:30:00 +0000",50,Low,Monitor,Other / Unknown,Developer Strategy,Track Developer Strategy,"Review for developer strategy because the article may inform site selection, product type, adaptive reuse, build-to-rent, or market entry.",Low relevance / background information,Ignore unless repeated,"Included because it scored 50 and mentions construction, multifamily, with a Developer Strategy angle for a broad or unspecified market.",No Clear Numeric Signal,,"HBGI Q2 2026: Single-Family Construction Contracts Broadly While Multifamily Expands – Eye On Housing Skip to content HBGI Q2 2026: Single-Family Construction Contracts Broadly While Multifamily Expands September 1, 2026 Catherine Koh No Comments Home building trends diverged across geographies in the second quarter of 2026. According to the Home Building Geography Index (HBGI), single-family construction declined in nearly all geographic categories, although the contraction eased in most market",,0,Poor,No LLM prompt generated,"Rule-based interpretation: NAHB Eye on Housing - Multifamily article 'HBGI Q2 2026: Single-Family Construction Contracts Broadly While Multifamily Expands' is classified as watch only for Other / Unknown. It points to development execution or sponsor strategy. Treat as a briefing input, not a standalone investment conclusion; confirm with source diversity, repeat observation, and market-specific evidence.",Development Strategy,construction; multifamily,HBGI Q2 2026: Single-Family Construction Contracts Broadly While Multifamily Expands,https://eyeonhousing.org/2026/09/hbgi-q2-2026-single-family-construction-contracts-broadly-while-multifamily-expands/,Yes,art_55282c2a40d0b238,Other / Unknown,other,Multifamily,,개발/인허가,개발/인허가; 시장 데이터,No,article page appears accessible from collected text,No,No,standard,art_55282c2a40d0b238,https://eyeonhousing.org/2026/09/hbgi-q2-2026-single-family-construction-contracts-broadly-while-multifamily-expands/,HBGI Q2 2026: Single-Family Construction Contracts Broadly While Multifamily Expands,open,open,https://eyeonhousing.org/2026/09/hbgi-q2-2026-single-family-construction-contracts-broadly-while-multifamily-expands/,valid,title/source/url metadata are internally consistent,Market Intelligence,Development Activity,market_macro_guard: index without project anchor,acceptable_repeat,9,2026-09-01,2026-09-11,10,recent_4_14d,recent,published date parsed; article age 10 day(s),70,previously seen article; possible follow-up or updated development signal,,,"no city, state, or market keyword detected",none,not_candidate,not a GP / capital candidate,No,,,,,,False,"no identifiable project, asset, site, address, or unit-count anchor",none,,No,,,,,,,,,gp_activity,none,none,none,none,none,none,unknown,developer,No specific market detected; relevance remains broad.,unknown,No clear rule-based event keyword was detected. Primary topic set to gp_activity; confidence unknown.,30,51,sponsor expansion; classification confidence penalty,43
