run_date,run_id,raw_project_reference,canonical_project_id,canonical_project_name,canonical_location_key,address_or_location_clue,market,submarket,gp_or_developer,lender_or_capital_partner,residential_sector,source_file,occurrence_count,identity_confidence,matched_by,duplicate_project_cluster_id,needs_manual_review,notes
2026-08-14,20260814-232136-af068659,"With Illinois' Senior Population Set To Grow By 40%, Developers Are Facing A Financing Puzzle",PRJ-20260814-0117,Office-to-Residential Conversion - Los Angeles / California - Residential conversion planned for office building at 1650 S. Westwood Blvd.,los angeles,Los Angeles,Other / Unknown,Los Angeles,Unknown,Unknown,Senior Housing,asset_parcel_intelligence.csv,61,80,address/location + market match,DUP-0117,No,"Matched across 7 source file(s): asset_parcel_intelligence.csv, development_lifecycle.csv, entitlement_intelligence.csv, la_asset_watch.csv"
2026-08-14,20260814-232136-af068659,Co-Living Complex Near UCLA Will Become Multifamily Student Housing Building,PRJ-20260814-0117,Office-to-Residential Conversion - Los Angeles / California - Residential conversion planned for office building at 1650 S. Westwood Blvd.,los angeles,Los Angeles,Other / Unknown,Los Angeles,Unknown,Unknown,Student Housing,la_asset_watch.csv,61,80,address/location + market match,DUP-0117,No,"Matched across 7 source file(s): asset_parcel_intelligence.csv, development_lifecycle.csv, entitlement_intelligence.csv, la_asset_watch.csv"
2026-08-14,20260814-232136-af068659,Fresh renderings for Watts Towers Art Center revamp,PRJ-20260814-0117,Office-to-Residential Conversion - Los Angeles / California - Residential conversion planned for office building at 1650 S. Westwood Blvd.,los angeles,Los Angeles,Other / Unknown,Los Angeles,Unknown,Unknown,General Residential,la_asset_watch.csv,61,80,address/location + market match,DUP-0117,No,"Matched across 7 source file(s): asset_parcel_intelligence.csv, development_lifecycle.csv, entitlement_intelligence.csv, la_asset_watch.csv"
2026-08-14,20260814-232136-af068659,"With Illinois' Senior Population Set To Grow By 40%, Developers Are Facing A Financing Puzzle",PRJ-20260814-0117,Office-to-Residential Conversion - Los Angeles / California - Residential conversion planned for office building at 1650 S. Westwood Blvd.,los angeles,Los Angeles,Other / Unknown,Los Angeles,Unknown,Unknown,Senior Housing,la_asset_watch.csv,61,80,address/location + market match,DUP-0117,No,"Matched across 7 source file(s): asset_parcel_intelligence.csv, development_lifecycle.csv, entitlement_intelligence.csv, la_asset_watch.csv"
2026-08-14,20260814-232136-af068659,BXP Signs on as Development Advisor for Unfinished Oceanwide Tower Mixed-Use Project in San Francisco,PRJ-20260814-0117,Office-to-Residential Conversion - Los Angeles / California - Residential conversion planned for office building at 1650 S. Westwood Blvd.,los angeles,Los Angeles,Other / Unknown,Los Angeles,Unknown,Unknown,Mixed-Use Residential,la_asset_watch.csv,61,80,address/location + market match,DUP-0117,No,"Matched across 7 source file(s): asset_parcel_intelligence.csv, development_lifecycle.csv, entitlement_intelligence.csv, la_asset_watch.csv"
2026-08-14,20260814-232136-af068659,23 homes coming to Uptown Newport Village,PRJ-20260814-0117,Office-to-Residential Conversion - Los Angeles / California - Residential conversion planned for office building at 1650 S. Westwood Blvd.,los angeles,Los Angeles,Other / Unknown,Los Angeles,Unknown,Unknown,Mixed-Use Residential,la_asset_watch.csv,61,80,address/location + market match,DUP-0117,No,"Matched across 7 source file(s): asset_parcel_intelligence.csv, development_lifecycle.csv, entitlement_intelligence.csv, la_asset_watch.csv"
2026-08-14,20260814-232136-af068659,Fresh renderings for Watts Towers Art Center revamp,PRJ-20260814-0117,Office-to-Residential Conversion - Los Angeles / California - Residential conversion planned for office building at 1650 S. Westwood Blvd.,los angeles,Los Angeles,Other / Unknown,Los Angeles,Unknown,Unknown,General Residential,la_asset_watch.csv,61,80,address/location + market match,DUP-0117,No,"Matched across 7 source file(s): asset_parcel_intelligence.csv, development_lifecycle.csv, entitlement_intelligence.csv, la_asset_watch.csv"
2026-08-14,20260814-232136-af068659,"With Illinois' Senior Population Set To Grow By 40%, Developers Are Facing A Financing Puzzle",PRJ-20260814-0117,Office-to-Residential Conversion - Los Angeles / California - Residential conversion planned for office building at 1650 S. Westwood Blvd.,los angeles,Los Angeles,Other / Unknown,Los Angeles,Unknown,Unknown,Senior Housing,la_asset_watch.csv,61,80,address/location + market match,DUP-0117,No,"Matched across 7 source file(s): asset_parcel_intelligence.csv, development_lifecycle.csv, entitlement_intelligence.csv, la_asset_watch.csv"
2026-08-14,20260814-232136-af068659,Apartment REITs see Sun Belt momentum in latest earnings,PRJ-20260814-0117,Office-to-Residential Conversion - Los Angeles / California - Residential conversion planned for office building at 1650 S. Westwood Blvd.,los angeles,Los Angeles,Other / Unknown,Los Angeles,Unknown,Unknown,Apartment,la_asset_watch.csv,61,80,address/location + market match,DUP-0117,No,"Matched across 7 source file(s): asset_parcel_intelligence.csv, development_lifecycle.csv, entitlement_intelligence.csv, la_asset_watch.csv"
2026-08-14,20260814-232136-af068659,"With Illinois' Senior Population Set To Grow By 40%, Developers Are Facing A Financing Puzzle",PRJ-20260814-0117,Office-to-Residential Conversion - Los Angeles / California - Residential conversion planned for office building at 1650 S. Westwood Blvd.,los angeles,Los Angeles,Other / Unknown,Los Angeles,Unknown,Unknown,Senior Housing,development_lifecycle.csv,61,80,address/location + market match,DUP-0117,No,"Matched across 7 source file(s): asset_parcel_intelligence.csv, development_lifecycle.csv, entitlement_intelligence.csv, la_asset_watch.csv"
2026-08-14,20260814-232136-af068659,"With Illinois' Senior Population Set To Grow By 40%, Developers Are Facing A Financing Puzzle",PRJ-20260814-0117,Office-to-Residential Conversion - Los Angeles / California - Residential conversion planned for office building at 1650 S. Westwood Blvd.,los angeles,Los Angeles,Other / Unknown,Los Angeles,Unknown,Unknown,Senior Housing,lifecycle_transition.csv,61,80,address/location + market match,DUP-0117,No,"Matched across 7 source file(s): asset_parcel_intelligence.csv, development_lifecycle.csv, entitlement_intelligence.csv, la_asset_watch.csv"
2026-08-14,20260814-232136-af068659,Entitlement / Permitting - Los Angeles / California - 405 apartments take shape at 6728 Sepulveda Blvd. in Van Nuys,PRJ-20260814-0117,Office-to-Residential Conversion - Los Angeles / California - Residential conversion planned for office building at 1650 S. Westwood Blvd.,los angeles,Los Angeles,Other / Unknown,Los Angeles,Unknown,Unknown,Affordable Housing,la_lifecycle_transition_watch.csv,61,80,address/location + market match,DUP-0117,No,"Matched across 7 source file(s): asset_parcel_intelligence.csv, development_lifecycle.csv, entitlement_intelligence.csv, la_asset_watch.csv"
2026-08-14,20260814-232136-af068659,General Project Signal - Dallas / Texas - Trademark Completes 321-Unit Vickery Apartments in Downtown Fort Worth,PRJ-20260814-0117,Office-to-Residential Conversion - Los Angeles / California - Residential conversion planned for office building at 1650 S. Westwood Blvd.,los angeles,Los Angeles,Other / Unknown,Los Angeles,Unknown,Unknown,Apartment,la_lifecycle_transition_watch.csv,61,80,address/location + market match,DUP-0117,No,"Matched across 7 source file(s): asset_parcel_intelligence.csv, development_lifecycle.csv, entitlement_intelligence.csv, la_asset_watch.csv"
2026-08-14,20260814-232136-af068659,Co-Living Complex Near UCLA Will Become Multifamily Student Housing Building,PRJ-20260814-0117,Office-to-Residential Conversion - Los Angeles / California - Residential conversion planned for office building at 1650 S. Westwood Blvd.,los angeles,Los Angeles,Other / Unknown,Los Angeles,Unknown,Unknown,Student Housing,la_lifecycle_transition_watch.csv,61,80,address/location + market match,DUP-0117,No,"Matched across 7 source file(s): asset_parcel_intelligence.csv, development_lifecycle.csv, entitlement_intelligence.csv, la_asset_watch.csv"
2026-08-14,20260814-232136-af068659,Disposition / Exit - Los Angeles / California - Co-Living Complex Near UCLA Will Become Multifamily Student Housing Building,PRJ-20260814-0117,Office-to-Residential Conversion - Los Angeles / California - Residential conversion planned for office building at 1650 S. Westwood Blvd.,los angeles,Los Angeles,Other / Unknown,Los Angeles,Unknown,Unknown,Student Housing,la_lifecycle_transition_watch.csv,61,80,address/location + market match,DUP-0117,No,"Matched across 7 source file(s): asset_parcel_intelligence.csv, development_lifecycle.csv, entitlement_intelligence.csv, la_asset_watch.csv"
2026-08-14,20260814-232136-af068659,405 apartments take shape at 6728 Sepulveda Blvd. in Van Nuys,PRJ-20260814-0117,Office-to-Residential Conversion - Los Angeles / California - Residential conversion planned for office building at 1650 S. Westwood Blvd.,los angeles,Los Angeles,Other / Unknown,Los Angeles,Unknown,Unknown,Affordable Housing,la_lifecycle_transition_watch.csv,61,80,address/location + market match,DUP-0117,No,"Matched across 7 source file(s): asset_parcel_intelligence.csv, development_lifecycle.csv, entitlement_intelligence.csv, la_asset_watch.csv"
2026-08-14,20260814-232136-af068659,Affordable housing proposed at 1058 N. Kingsley Dr. in East Hollywood,PRJ-20260814-0117,Office-to-Residential Conversion - Los Angeles / California - Residential conversion planned for office building at 1650 S. Westwood Blvd.,los angeles,Los Angeles,Other / Unknown,Los Angeles,Unknown,Unknown,Affordable Housing,la_lifecycle_transition_watch.csv,61,80,address/location + market match,DUP-0117,No,"Matched across 7 source file(s): asset_parcel_intelligence.csv, development_lifecycle.csv, entitlement_intelligence.csv, la_asset_watch.csv"
2026-08-14,20260814-232136-af068659,Entitlement / Permitting - Los Angeles / California - Affordable housing proposed at 1058 N. Kingsley Dr. in East Hollywood,PRJ-20260814-0117,Office-to-Residential Conversion - Los Angeles / California - Residential conversion planned for office building at 1650 S. Westwood Blvd.,los angeles,Los Angeles,Other / Unknown,Los Angeles,Unknown,Unknown,Affordable Housing,la_lifecycle_transition_watch.csv,61,80,address/location + market match,DUP-0117,No,"Matched across 7 source file(s): asset_parcel_intelligence.csv, development_lifecycle.csv, entitlement_intelligence.csv, la_asset_watch.csv"
2026-08-14,20260814-232136-af068659,Disposition / Exit - California - 23 homes coming to Uptown Newport Village,PRJ-20260814-0117,Office-to-Residential Conversion - Los Angeles / California - Residential conversion planned for office building at 1650 S. Westwood Blvd.,los angeles,Los Angeles,Other / Unknown,Los Angeles,Unknown,Unknown,Mixed-Use Residential,la_lifecycle_transition_watch.csv,61,80,address/location + market match,DUP-0117,No,"Matched across 7 source file(s): asset_parcel_intelligence.csv, development_lifecycle.csv, entitlement_intelligence.csv, la_asset_watch.csv"
2026-08-14,20260814-232136-af068659,23 homes coming to Uptown Newport Village,PRJ-20260814-0117,Office-to-Residential Conversion - Los Angeles / California - Residential conversion planned for office building at 1650 S. Westwood Blvd.,los angeles,Los Angeles,Other / Unknown,Los Angeles,Unknown,Unknown,Mixed-Use Residential,la_lifecycle_transition_watch.csv,61,80,address/location + market match,DUP-0117,No,"Matched across 7 source file(s): asset_parcel_intelligence.csv, development_lifecycle.csv, entitlement_intelligence.csv, la_asset_watch.csv"
2026-08-14,20260814-232136-af068659,JLB Pursuing Buckhead Office-to-Apartments Conversion in Atlanta,PRJ-20260814-0117,Office-to-Residential Conversion - Los Angeles / California - Residential conversion planned for office building at 1650 S. Westwood Blvd.,los angeles,Los Angeles,Other / Unknown,Los Angeles,Unknown,Unknown,Apartment,la_lifecycle_transition_watch.csv,61,80,address/location + market match,DUP-0117,No,"Matched across 7 source file(s): asset_parcel_intelligence.csv, development_lifecycle.csv, entitlement_intelligence.csv, la_asset_watch.csv"
2026-08-14,20260814-232136-af068659,General Project Signal - Los Angeles / California - Affordable housing coming to 4345 S. Crenshaw Blvd. in Leimert Park,PRJ-20260814-0117,Office-to-Residential Conversion - Los Angeles / California - Residential conversion planned for office building at 1650 S. Westwood Blvd.,los angeles,Los Angeles,Other / Unknown,Los Angeles,Unknown,Unknown,Affordable Housing,la_lifecycle_transition_watch.csv,61,80,address/location + market match,DUP-0117,No,"Matched across 7 source file(s): asset_parcel_intelligence.csv, development_lifecycle.csv, entitlement_intelligence.csv, la_asset_watch.csv"
2026-08-14,20260814-232136-af068659,Atlanta Beltline Advancing 218-Unit Affordable Apartment Project,PRJ-20260814-0117,Office-to-Residential Conversion - Los Angeles / California - Residential conversion planned for office building at 1650 S. Westwood Blvd.,los angeles,Los Angeles,Other / Unknown,Los Angeles,Unknown,Unknown,Apartment,la_lifecycle_transition_watch.csv,61,80,address/location + market match,DUP-0117,No,"Matched across 7 source file(s): asset_parcel_intelligence.csv, development_lifecycle.csv, entitlement_intelligence.csv, la_asset_watch.csv"
2026-08-14,20260814-232136-af068659,Office-to-Residential Conversion - Atlanta / Georgia - JLB Pursuing Buckhead Office-to-Apartments Conversion in Atlanta,PRJ-20260814-0117,Office-to-Residential Conversion - Los Angeles / California - Residential conversion planned for office building at 1650 S. Westwood Blvd.,los angeles,Los Angeles,Other / Unknown,Los Angeles,Unknown,Unknown,Apartment,la_lifecycle_transition_watch.csv,61,80,address/location + market match,DUP-0117,No,"Matched across 7 source file(s): asset_parcel_intelligence.csv, development_lifecycle.csv, entitlement_intelligence.csv, la_asset_watch.csv"
2026-08-14,20260814-232136-af068659,Acquisition - Atlanta / Georgia - ParkProperty Acquires 280-Unit Buckhead Apartment Community,PRJ-20260814-0117,Office-to-Residential Conversion - Los Angeles / California - Residential conversion planned for office building at 1650 S. Westwood Blvd.,los angeles,Los Angeles,Other / Unknown,Los Angeles,Unknown,Unknown,Apartment,la_lifecycle_transition_watch.csv,61,80,address/location + market match,DUP-0117,No,"Matched across 7 source file(s): asset_parcel_intelligence.csv, development_lifecycle.csv, entitlement_intelligence.csv, la_asset_watch.csv"
2026-08-14,20260814-232136-af068659,Acquisition - Atlanta / Georgia - Saratoga Capital Pays $98.4M at Auction for Atlanta Apartment Community,PRJ-20260814-0117,Office-to-Residential Conversion - Los Angeles / California - Residential conversion planned for office building at 1650 S. Westwood Blvd.,los angeles,Los Angeles,Other / Unknown,Los Angeles,Unknown,Unknown,Apartment,la_lifecycle_transition_watch.csv,61,80,address/location + market match,DUP-0117,No,"Matched across 7 source file(s): asset_parcel_intelligence.csv, development_lifecycle.csv, entitlement_intelligence.csv, la_asset_watch.csv"
2026-08-14,20260814-232136-af068659,Development Start - Dallas / Texas - Teeple Adding 312-Unit Student Housing Project to Texas A&M Offering,PRJ-20260814-0117,Office-to-Residential Conversion - Los Angeles / California - Residential conversion planned for office building at 1650 S. Westwood Blvd.,los angeles,Los Angeles,Other / Unknown,Los Angeles,Unknown,Unknown,Student Housing,la_lifecycle_transition_watch.csv,61,80,address/location + market match,DUP-0117,No,"Matched across 7 source file(s): asset_parcel_intelligence.csv, development_lifecycle.csv, entitlement_intelligence.csv, la_asset_watch.csv"
2026-08-14,20260814-232136-af068659,General Project Signal - Atlanta / Georgia - Atlanta Beltline Advancing 218-Unit Affordable Apartment Project,PRJ-20260814-0117,Office-to-Residential Conversion - Los Angeles / California - Residential conversion planned for office building at 1650 S. Westwood Blvd.,los angeles,Los Angeles,Other / Unknown,Los Angeles,Unknown,Unknown,Apartment,la_lifecycle_transition_watch.csv,61,80,address/location + market match,DUP-0117,No,"Matched across 7 source file(s): asset_parcel_intelligence.csv, development_lifecycle.csv, entitlement_intelligence.csv, la_asset_watch.csv"
2026-08-14,20260814-232136-af068659,Office-to-Residential Conversion - Atlanta / Georgia - JLB Pursuing Buckhead Office-to-Apartments Conversion in Atlanta,PRJ-20260814-0117,Office-to-Residential Conversion - Los Angeles / California - Residential conversion planned for office building at 1650 S. Westwood Blvd.,los angeles,Los Angeles,Other / Unknown,Los Angeles,Unknown,Unknown,Apartment,la_lifecycle_transition_watch.csv,61,80,address/location + market match,DUP-0117,No,"Matched across 7 source file(s): asset_parcel_intelligence.csv, development_lifecycle.csv, entitlement_intelligence.csv, la_asset_watch.csv"
2026-08-14,20260814-232136-af068659,Office-to-Residential Conversion - Los Angeles / California - Fresh renderings for Watts Towers Art Center revamp,PRJ-20260814-0117,Office-to-Residential Conversion - Los Angeles / California - Residential conversion planned for office building at 1650 S. Westwood Blvd.,los angeles,Los Angeles,Other / Unknown,Los Angeles,Unknown,Unknown,General Residential,la_lifecycle_transition_watch.csv,61,80,address/location + market match,DUP-0117,No,"Matched across 7 source file(s): asset_parcel_intelligence.csv, development_lifecycle.csv, entitlement_intelligence.csv, la_asset_watch.csv"
2026-08-14,20260814-232136-af068659,Fresh renderings for Watts Towers Art Center revamp,PRJ-20260814-0117,Office-to-Residential Conversion - Los Angeles / California - Residential conversion planned for office building at 1650 S. Westwood Blvd.,los angeles,Los Angeles,Other / Unknown,Los Angeles,Unknown,Unknown,General Residential,la_lifecycle_transition_watch.csv,61,80,address/location + market match,DUP-0117,No,"Matched across 7 source file(s): asset_parcel_intelligence.csv, development_lifecycle.csv, entitlement_intelligence.csv, la_asset_watch.csv"
2026-08-14,20260814-232136-af068659,Construction Financing - Atlanta / Georgia - Developer Duo Obtains Construction Financing for $147M Atlanta Student Housing Project,PRJ-20260814-0117,Office-to-Residential Conversion - Los Angeles / California - Residential conversion planned for office building at 1650 S. Westwood Blvd.,los angeles,Los Angeles,Other / Unknown,Los Angeles,Unknown,Unknown,Student Housing,la_lifecycle_transition_watch.csv,61,80,address/location + market match,DUP-0117,No,"Matched across 7 source file(s): asset_parcel_intelligence.csv, development_lifecycle.csv, entitlement_intelligence.csv, la_asset_watch.csv"
2026-08-14,20260814-232136-af068659,JV / Partnership - Atlanta / Georgia - Mesirow Pays $132M for Midtown Atlanta Apartment Community,PRJ-20260814-0117,Office-to-Residential Conversion - Los Angeles / California - Residential conversion planned for office building at 1650 S. Westwood Blvd.,los angeles,Los Angeles,Other / Unknown,Los Angeles,Unknown,Unknown,Apartment,la_lifecycle_transition_watch.csv,61,80,address/location + market match,DUP-0117,No,"Matched across 7 source file(s): asset_parcel_intelligence.csv, development_lifecycle.csv, entitlement_intelligence.csv, la_asset_watch.csv"
2026-08-14,20260814-232136-af068659,Residential conversion planned for office building at 1650 S. Westwood Blvd.,PRJ-20260814-0117,Office-to-Residential Conversion - Los Angeles / California - Residential conversion planned for office building at 1650 S. Westwood Blvd.,los angeles,Los Angeles,Other / Unknown,Los Angeles,Unknown,Unknown,Office-to-Residential Conversion,la_lifecycle_transition_watch.csv,61,80,address/location + market match,DUP-0117,No,"Matched across 7 source file(s): asset_parcel_intelligence.csv, development_lifecycle.csv, entitlement_intelligence.csv, la_asset_watch.csv"
2026-08-14,20260814-232136-af068659,Related Planning Apartments on Site at Fort Lauderdale Office Park,PRJ-20260814-0117,Office-to-Residential Conversion - Los Angeles / California - Residential conversion planned for office building at 1650 S. Westwood Blvd.,los angeles,Los Angeles,Other / Unknown,Los Angeles,Unknown,Unknown,Apartment,la_lifecycle_transition_watch.csv,61,80,address/location + market match,DUP-0117,No,"Matched across 7 source file(s): asset_parcel_intelligence.csv, development_lifecycle.csv, entitlement_intelligence.csv, la_asset_watch.csv"
2026-08-14,20260814-232136-af068659,Apartment REITs see Sun Belt momentum in latest earnings,PRJ-20260814-0117,Office-to-Residential Conversion - Los Angeles / California - Residential conversion planned for office building at 1650 S. Westwood Blvd.,los angeles,Los Angeles,Other / Unknown,Los Angeles,Unknown,Unknown,Apartment,la_lifecycle_transition_watch.csv,61,80,address/location + market match,DUP-0117,No,"Matched across 7 source file(s): asset_parcel_intelligence.csv, development_lifecycle.csv, entitlement_intelligence.csv, la_asset_watch.csv"
2026-08-14,20260814-232136-af068659,Office-to-Residential Conversion - Atlanta / Georgia - JLB Pursuing Buckhead Office-to-Apartments Conversion,PRJ-20260814-0117,Office-to-Residential Conversion - Los Angeles / California - Residential conversion planned for office building at 1650 S. Westwood Blvd.,los angeles,Los Angeles,Other / Unknown,Los Angeles,Unknown,Unknown,Apartment,la_lifecycle_transition_watch.csv,61,80,address/location + market match,DUP-0117,No,"Matched across 7 source file(s): asset_parcel_intelligence.csv, development_lifecycle.csv, entitlement_intelligence.csv, la_asset_watch.csv"
2026-08-14,20260814-232136-af068659,L.A. City Planning Commission approves 379 apartments at 3200 S. La Cienega Blvd.,PRJ-20260814-0117,Office-to-Residential Conversion - Los Angeles / California - Residential conversion planned for office building at 1650 S. Westwood Blvd.,los angeles,Los Angeles,Other / Unknown,Los Angeles,Unknown,Unknown,Affordable Housing,la_lifecycle_transition_watch.csv,61,80,address/location + market match,DUP-0117,No,"Matched across 7 source file(s): asset_parcel_intelligence.csv, development_lifecycle.csv, entitlement_intelligence.csv, la_asset_watch.csv"
2026-08-14,20260814-232136-af068659,Office-to-Residential Conversion - Los Angeles / California - Residential conversion planned for office building at 1650 S. Westwood Blvd.,PRJ-20260814-0117,Office-to-Residential Conversion - Los Angeles / California - Residential conversion planned for office building at 1650 S. Westwood Blvd.,los angeles,Los Angeles,Other / Unknown,Los Angeles,Unknown,Unknown,Office-to-Residential Conversion,la_lifecycle_transition_watch.csv,61,80,address/location + market match,DUP-0117,No,"Matched across 7 source file(s): asset_parcel_intelligence.csv, development_lifecycle.csv, entitlement_intelligence.csv, la_asset_watch.csv"
2026-08-14,20260814-232136-af068659,General Project Signal - Miami / Florida - Related Planning Apartments on Site at Fort Lauderdale Office Park,PRJ-20260814-0117,Office-to-Residential Conversion - Los Angeles / California - Residential conversion planned for office building at 1650 S. Westwood Blvd.,los angeles,Los Angeles,Other / Unknown,Los Angeles,Unknown,Unknown,Apartment,la_lifecycle_transition_watch.csv,61,80,address/location + market match,DUP-0117,No,"Matched across 7 source file(s): asset_parcel_intelligence.csv, development_lifecycle.csv, entitlement_intelligence.csv, la_asset_watch.csv"
2026-08-14,20260814-232136-af068659,Mixed-use senior housing project slated for 540 S. Lake Ave. in Pasadena,PRJ-20260814-0117,Office-to-Residential Conversion - Los Angeles / California - Residential conversion planned for office building at 1650 S. Westwood Blvd.,los angeles,Los Angeles,Other / Unknown,Los Angeles,Unknown,Unknown,Senior Housing,la_lifecycle_transition_watch.csv,61,80,address/location + market match,DUP-0117,No,"Matched across 7 source file(s): asset_parcel_intelligence.csv, development_lifecycle.csv, entitlement_intelligence.csv, la_asset_watch.csv"
2026-08-14,20260814-232136-af068659,Entitlement / Permitting - Los Angeles / California - L.A. City Planning Commission approves 379 apartments at 3200 S. La Cienega Blvd.,PRJ-20260814-0117,Office-to-Residential Conversion - Los Angeles / California - Residential conversion planned for office building at 1650 S. Westwood Blvd.,los angeles,Los Angeles,Other / Unknown,Los Angeles,Unknown,Unknown,Affordable Housing,la_lifecycle_transition_watch.csv,61,80,address/location + market match,DUP-0117,No,"Matched across 7 source file(s): asset_parcel_intelligence.csv, development_lifecycle.csv, entitlement_intelligence.csv, la_asset_watch.csv"
2026-08-14,20260814-232136-af068659,General Project Signal - National - Mixed-use senior housing project slated for 540 S. Lake Ave. in Pasadena,PRJ-20260814-0117,Office-to-Residential Conversion - Los Angeles / California - Residential conversion planned for office building at 1650 S. Westwood Blvd.,los angeles,Los Angeles,Other / Unknown,Los Angeles,Unknown,Unknown,Senior Housing,la_lifecycle_transition_watch.csv,61,80,address/location + market match,DUP-0117,No,"Matched across 7 source file(s): asset_parcel_intelligence.csv, development_lifecycle.csv, entitlement_intelligence.csv, la_asset_watch.csv"
2026-08-14,20260814-232136-af068659,Affordable housing coming to 4345 S. Crenshaw Blvd. in Leimert Park,PRJ-20260814-0117,Office-to-Residential Conversion - Los Angeles / California - Residential conversion planned for office building at 1650 S. Westwood Blvd.,los angeles,Los Angeles,Other / Unknown,Los Angeles,Unknown,Unknown,Affordable Housing,la_lifecycle_transition_watch.csv,61,80,address/location + market match,DUP-0117,No,"Matched across 7 source file(s): asset_parcel_intelligence.csv, development_lifecycle.csv, entitlement_intelligence.csv, la_asset_watch.csv"
2026-08-14,20260814-232136-af068659,Hines Announces Plans for SouthPark Mixed-Use Multifamily Venture in Atlanta,PRJ-20260814-0117,Office-to-Residential Conversion - Los Angeles / California - Residential conversion planned for office building at 1650 S. Westwood Blvd.,los angeles,Los Angeles,Other / Unknown,Los Angeles,Unknown,Unknown,Mixed-Use Residential,la_lifecycle_transition_watch.csv,61,80,address/location + market match,DUP-0117,No,"Matched across 7 source file(s): asset_parcel_intelligence.csv, development_lifecycle.csv, entitlement_intelligence.csv, la_asset_watch.csv"
2026-08-14,20260814-232136-af068659,Acquisition - Los Angeles / California - BXP Signs on as Development Advisor for Unfinished Oceanwide Tower Mixed-Use Project in Sa...,PRJ-20260814-0117,Office-to-Residential Conversion - Los Angeles / California - Residential conversion planned for office building at 1650 S. Westwood Blvd.,los angeles,Los Angeles,Other / Unknown,Los Angeles,Unknown,Unknown,Mixed-Use Residential,la_lifecycle_transition_watch.csv,61,80,address/location + market match,DUP-0117,No,"Matched across 7 source file(s): asset_parcel_intelligence.csv, development_lifecycle.csv, entitlement_intelligence.csv, la_asset_watch.csv"
2026-08-14,20260814-232136-af068659,Monterey Park approves upsized project at 114 E. Garvey Avenue,PRJ-20260814-0117,Office-to-Residential Conversion - Los Angeles / California - Residential conversion planned for office building at 1650 S. Westwood Blvd.,los angeles,Los Angeles,Other / Unknown,Los Angeles,Unknown,Unknown,Mixed-Use Residential,la_lifecycle_transition_watch.csv,61,80,address/location + market match,DUP-0117,No,"Matched across 7 source file(s): asset_parcel_intelligence.csv, development_lifecycle.csv, entitlement_intelligence.csv, la_asset_watch.csv"
2026-08-14,20260814-232136-af068659,"Acquisition - Other / Unknown - With Illinois' Senior Population Set To Grow By 40%, Developers Are Facing A Financing Puz...",PRJ-20260814-0117,Office-to-Residential Conversion - Los Angeles / California - Residential conversion planned for office building at 1650 S. Westwood Blvd.,los angeles,Los Angeles,Other / Unknown,Los Angeles,Unknown,Unknown,Senior Housing,la_lifecycle_transition_watch.csv,61,80,address/location + market match,DUP-0117,No,"Matched across 7 source file(s): asset_parcel_intelligence.csv, development_lifecycle.csv, entitlement_intelligence.csv, la_asset_watch.csv"
2026-08-14,20260814-232136-af068659,"With Illinois' Senior Population Set To Grow By 40%, Developers Are Facing A Financing Puzzle",PRJ-20260814-0117,Office-to-Residential Conversion - Los Angeles / California - Residential conversion planned for office building at 1650 S. Westwood Blvd.,los angeles,Los Angeles,Other / Unknown,Los Angeles,Unknown,Unknown,Senior Housing,la_lifecycle_transition_watch.csv,61,80,address/location + market match,DUP-0117,No,"Matched across 7 source file(s): asset_parcel_intelligence.csv, development_lifecycle.csv, entitlement_intelligence.csv, la_asset_watch.csv"
2026-08-14,20260814-232136-af068659,JLB Pursuing Buckhead Office-to-Apartments Conversion,PRJ-20260814-0117,Office-to-Residential Conversion - Los Angeles / California - Residential conversion planned for office building at 1650 S. Westwood Blvd.,los angeles,Los Angeles,Other / Unknown,Los Angeles,Unknown,Unknown,Apartment,la_lifecycle_transition_watch.csv,61,80,address/location + market match,DUP-0117,No,"Matched across 7 source file(s): asset_parcel_intelligence.csv, development_lifecycle.csv, entitlement_intelligence.csv, la_asset_watch.csv"
2026-08-14,20260814-232136-af068659,BXP Signs on as Development Advisor for Unfinished Oceanwide Tower Mixed-Use Project in San Francisco,PRJ-20260814-0117,Office-to-Residential Conversion - Los Angeles / California - Residential conversion planned for office building at 1650 S. Westwood Blvd.,los angeles,Los Angeles,Other / Unknown,Los Angeles,Unknown,Unknown,Mixed-Use Residential,la_lifecycle_transition_watch.csv,61,80,address/location + market match,DUP-0117,No,"Matched across 7 source file(s): asset_parcel_intelligence.csv, development_lifecycle.csv, entitlement_intelligence.csv, la_asset_watch.csv"
2026-08-14,20260814-232136-af068659,"With Illinois' Senior Population Set To Grow By 40%, Developers Are Facing A Financing Puzzle",PRJ-20260814-0117,Office-to-Residential Conversion - Los Angeles / California - Residential conversion planned for office building at 1650 S. Westwood Blvd.,los angeles,Los Angeles,Other / Unknown,Los Angeles,Unknown,Unknown,Senior Housing,entitlement_intelligence.csv,61,80,address/location + market match,DUP-0117,No,"Matched across 7 source file(s): asset_parcel_intelligence.csv, development_lifecycle.csv, entitlement_intelligence.csv, la_asset_watch.csv"
2026-08-14,20260814-232136-af068659,23 homes coming to Uptown Newport Village,PRJ-20260814-0117,Office-to-Residential Conversion - Los Angeles / California - Residential conversion planned for office building at 1650 S. Westwood Blvd.,los angeles,Los Angeles,Other / Unknown,Los Angeles,Unknown,Unknown,Mixed-Use Residential,la_entitlement_watch.csv,61,80,address/location + market match,DUP-0117,No,"Matched across 7 source file(s): asset_parcel_intelligence.csv, development_lifecycle.csv, entitlement_intelligence.csv, la_asset_watch.csv"
2026-08-14,20260814-232136-af068659,"Meeting Tonight for 3101 Sacramento Street, South Berkeley",PRJ-20260814-0117,Office-to-Residential Conversion - Los Angeles / California - Residential conversion planned for office building at 1650 S. Westwood Blvd.,los angeles,Los Angeles,Other / Unknown,Los Angeles,Unknown,Unknown,Mixed-Use Residential,la_entitlement_watch.csv,61,80,address/location + market match,DUP-0117,No,"Matched across 7 source file(s): asset_parcel_intelligence.csv, development_lifecycle.csv, entitlement_intelligence.csv, la_asset_watch.csv"
2026-08-14,20260814-232136-af068659,Apartment REITs see Sun Belt momentum in latest earnings,PRJ-20260814-0117,Office-to-Residential Conversion - Los Angeles / California - Residential conversion planned for office building at 1650 S. Westwood Blvd.,los angeles,Los Angeles,Other / Unknown,Los Angeles,Unknown,Unknown,Apartment,la_entitlement_watch.csv,61,80,address/location + market match,DUP-0117,No,"Matched across 7 source file(s): asset_parcel_intelligence.csv, development_lifecycle.csv, entitlement_intelligence.csv, la_asset_watch.csv"
2026-08-14,20260814-232136-af068659,L.A. City Planning Commission approves 379 apartments at 3200 S. La Cienega Blvd.,PRJ-20260814-0117,Office-to-Residential Conversion - Los Angeles / California - Residential conversion planned for office building at 1650 S. Westwood Blvd.,los angeles,Los Angeles,Other / Unknown,Los Angeles,Unknown,Unknown,Affordable Housing,la_entitlement_watch.csv,61,80,address/location + market match,DUP-0117,No,"Matched across 7 source file(s): asset_parcel_intelligence.csv, development_lifecycle.csv, entitlement_intelligence.csv, la_asset_watch.csv"
2026-08-14,20260814-232136-af068659,Office-to-Residential Conversion - Los Angeles / California - Residential conversion planned for office building at 1650 S. Westwood Blvd.,PRJ-20260814-0117,Office-to-Residential Conversion - Los Angeles / California - Residential conversion planned for office building at 1650 S. Westwood Blvd.,los angeles,Los Angeles,Other / Unknown,Los Angeles,Unknown,Unknown,Office-to-Residential Conversion,la_entitlement_watch.csv,61,80,address/location + market match,DUP-0117,No,"Matched across 7 source file(s): asset_parcel_intelligence.csv, development_lifecycle.csv, entitlement_intelligence.csv, la_asset_watch.csv"
2026-08-14,20260814-232136-af068659,Entitlement / Permitting - Los Angeles / California - Affordable housing proposed at 1058 N. Kingsley Dr. in East Hollywood,PRJ-20260814-0117,Office-to-Residential Conversion - Los Angeles / California - Residential conversion planned for office building at 1650 S. Westwood Blvd.,los angeles,Los Angeles,Other / Unknown,Los Angeles,Unknown,Unknown,Affordable Housing,la_entitlement_watch.csv,61,80,address/location + market match,DUP-0117,No,"Matched across 7 source file(s): asset_parcel_intelligence.csv, development_lifecycle.csv, entitlement_intelligence.csv, la_asset_watch.csv"
2026-08-14,20260814-232136-af068659,Entitlement / Permitting - Los Angeles / California - 405 apartments take shape at 6728 Sepulveda Blvd. in Van Nuys,PRJ-20260814-0117,Office-to-Residential Conversion - Los Angeles / California - Residential conversion planned for office building at 1650 S. Westwood Blvd.,los angeles,Los Angeles,Other / Unknown,Los Angeles,Unknown,Unknown,Affordable Housing,la_entitlement_watch.csv,61,80,address/location + market match,DUP-0117,No,"Matched across 7 source file(s): asset_parcel_intelligence.csv, development_lifecycle.csv, entitlement_intelligence.csv, la_asset_watch.csv"
2026-08-14,20260814-232136-af068659,"With Illinois' Senior Population Set To Grow By 40%, Developers Are Facing A Financing Puzzle",PRJ-20260814-0117,Office-to-Residential Conversion - Los Angeles / California - Residential conversion planned for office building at 1650 S. Westwood Blvd.,los angeles,Los Angeles,Other / Unknown,Los Angeles,Unknown,Unknown,Senior Housing,la_entitlement_watch.csv,61,80,address/location + market match,DUP-0117,No,"Matched across 7 source file(s): asset_parcel_intelligence.csv, development_lifecycle.csv, entitlement_intelligence.csv, la_asset_watch.csv"
2026-08-14,20260814-232136-af068659,Office-to-Residential Conversion - Los Angeles / California - Fresh renderings for Watts Towers Art Center revamp,PRJ-20260814-0117,Office-to-Residential Conversion - Los Angeles / California - Residential conversion planned for office building at 1650 S. Westwood Blvd.,los angeles,Los Angeles,Other / Unknown,Los Angeles,Unknown,Unknown,General Residential,la_entitlement_watch.csv,61,80,address/location + market match,DUP-0117,No,"Matched across 7 source file(s): asset_parcel_intelligence.csv, development_lifecycle.csv, entitlement_intelligence.csv, la_asset_watch.csv"
2026-08-14,20260814-232136-af068659,General Project Signal - Other / Unknown - 2026 Resident Experience Management Report,PRJ-20260814-0156,"Acquisition - Other / Unknown - With Illinois' Senior Population Set To Grow By 40%, Developers Are Facing A Financing Puz...",other unknown,Other / Unknown,Other / Unknown,Unknown,Unknown,Unknown,Multifamily,deal_fingerprints.csv,37,80,address/location + market match,DUP-0156,No,"Matched across 6 source file(s): deal_fingerprints.csv, deal_pipeline.csv, development_lifecycle.csv, entitlement_intelligence.csv"
2026-08-14,20260814-232136-af068659,"Acquisition - Other / Unknown - With Illinois' Senior Population Set To Grow By 40%, Developers Are Facing A Financing Puz...",PRJ-20260814-0156,"Acquisition - Other / Unknown - With Illinois' Senior Population Set To Grow By 40%, Developers Are Facing A Financing Puz...",other unknown,Other / Unknown,Other / Unknown,Unknown,Unknown,Unknown,Senior Housing,deal_fingerprints.csv,37,80,address/location + market match,DUP-0156,No,"Matched across 6 source file(s): deal_fingerprints.csv, deal_pipeline.csv, development_lifecycle.csv, entitlement_intelligence.csv"
2026-08-14,20260814-232136-af068659,Development Start - Other / Unknown - Missing Middle Weakness,PRJ-20260814-0156,"Acquisition - Other / Unknown - With Illinois' Senior Population Set To Grow By 40%, Developers Are Facing A Financing Puz...",other unknown,Other / Unknown,Other / Unknown,Unknown,Unknown,Unknown,Apartment,deal_fingerprints.csv,37,80,address/location + market match,DUP-0156,No,"Matched across 6 source file(s): deal_fingerprints.csv, deal_pipeline.csv, development_lifecycle.csv, entitlement_intelligence.csv"
2026-08-14,20260814-232136-af068659,Development Start - Other / Unknown - First Quarter 2026 Multifamily Construction Data,PRJ-20260814-0156,"Acquisition - Other / Unknown - With Illinois' Senior Population Set To Grow By 40%, Developers Are Facing A Financing Puz...",other unknown,Other / Unknown,Other / Unknown,Unknown,Unknown,Unknown,Multifamily,deal_fingerprints.csv,37,80,address/location + market match,DUP-0156,No,"Matched across 6 source file(s): deal_fingerprints.csv, deal_pipeline.csv, development_lifecycle.csv, entitlement_intelligence.csv"
2026-08-14,20260814-232136-af068659,Development Start - Other / Unknown - Fourth Quarter 2025 Multifamily Construction Data,PRJ-20260814-0156,"Acquisition - Other / Unknown - With Illinois' Senior Population Set To Grow By 40%, Developers Are Facing A Financing Puz...",other unknown,Other / Unknown,Other / Unknown,Unknown,Unknown,Unknown,Multifamily,deal_fingerprints.csv,37,80,address/location + market match,DUP-0156,No,"Matched across 6 source file(s): deal_fingerprints.csv, deal_pipeline.csv, development_lifecycle.csv, entitlement_intelligence.csv"
2026-08-14,20260814-232136-af068659,Development Start - Other / Unknown - Overall Housing Starts Inch Lower in 2025,PRJ-20260814-0156,"Acquisition - Other / Unknown - With Illinois' Senior Population Set To Grow By 40%, Developers Are Facing A Financing Puz...",other unknown,Other / Unknown,Other / Unknown,Unknown,Unknown,Unknown,Multifamily,deal_fingerprints.csv,37,80,address/location + market match,DUP-0156,No,"Matched across 6 source file(s): deal_fingerprints.csv, deal_pipeline.csv, development_lifecycle.csv, entitlement_intelligence.csv"
2026-08-14,20260814-232136-af068659,Development Start - Other / Unknown - Third Quarter 2025 Multifamily Construction Data,PRJ-20260814-0156,"Acquisition - Other / Unknown - With Illinois' Senior Population Set To Grow By 40%, Developers Are Facing A Financing Puz...",other unknown,Other / Unknown,Other / Unknown,Unknown,Unknown,Unknown,Multifamily,deal_fingerprints.csv,37,80,address/location + market match,DUP-0156,No,"Matched across 6 source file(s): deal_fingerprints.csv, deal_pipeline.csv, development_lifecycle.csv, entitlement_intelligence.csv"
2026-08-14,20260814-232136-af068659,Disposition / Exit - Other / Unknown - GREA Closes Sale of 86-Unit Luxury Apartments in Glen Ellyn,PRJ-20260814-0156,"Acquisition - Other / Unknown - With Illinois' Senior Population Set To Grow By 40%, Developers Are Facing A Financing Puz...",other unknown,Other / Unknown,Other / Unknown,Unknown,Unknown,Unknown,Apartment,deal_fingerprints.csv,37,80,address/location + market match,DUP-0156,No,"Matched across 6 source file(s): deal_fingerprints.csv, deal_pipeline.csv, development_lifecycle.csv, entitlement_intelligence.csv"
2026-08-14,20260814-232136-af068659,Disposition / Exit - Other / Unknown - NAHB HBGI: Micro Markets Lone Bright Spot for Single-Family Building in Fourth Quarter,PRJ-20260814-0156,"Acquisition - Other / Unknown - With Illinois' Senior Population Set To Grow By 40%, Developers Are Facing A Financing Puz...",other unknown,Other / Unknown,Other / Unknown,Unknown,Unknown,Unknown,Multifamily,deal_fingerprints.csv,37,80,address/location + market match,DUP-0156,No,"Matched across 6 source file(s): deal_fingerprints.csv, deal_pipeline.csv, development_lifecycle.csv, entitlement_intelligence.csv"
2026-08-14,20260814-232136-af068659,"Entitlement / Permitting - Other / Unknown - Updated Permits For 2712 Telegraph Avenue, Berkeley",PRJ-20260814-0156,"Acquisition - Other / Unknown - With Illinois' Senior Population Set To Grow By 40%, Developers Are Facing A Financing Puz...",other unknown,Other / Unknown,Other / Unknown,Unknown,Unknown,Unknown,Apartment,deal_fingerprints.csv,37,80,address/location + market match,DUP-0156,No,"Matched across 6 source file(s): deal_fingerprints.csv, deal_pipeline.csv, development_lifecycle.csv, entitlement_intelligence.csv"
2026-08-14,20260814-232136-af068659,General Project Signal - Other / Unknown - Share of Apartments Built in Buildings with 50+ Units Moves Higher in 2025,PRJ-20260814-0156,"Acquisition - Other / Unknown - With Illinois' Senior Population Set To Grow By 40%, Developers Are Facing A Financing Puz...",other unknown,Other / Unknown,Other / Unknown,Unknown,Unknown,Unknown,Apartment,deal_fingerprints.csv,37,80,address/location + market match,DUP-0156,No,"Matched across 6 source file(s): deal_fingerprints.csv, deal_pipeline.csv, development_lifecycle.csv, entitlement_intelligence.csv"
2026-08-14,20260814-232136-af068659,General Project Signal - Other / Unknown - Multifamily Absorption Rate Remains Below 50%,PRJ-20260814-0156,"Acquisition - Other / Unknown - With Illinois' Senior Population Set To Grow By 40%, Developers Are Facing A Financing Puz...",other unknown,Other / Unknown,Other / Unknown,Unknown,Unknown,Unknown,Apartment,deal_fingerprints.csv,37,80,address/location + market match,DUP-0156,No,"Matched across 6 source file(s): deal_fingerprints.csv, deal_pipeline.csv, development_lifecycle.csv, entitlement_intelligence.csv"
2026-08-14,20260814-232136-af068659,Development Start - Other / Unknown - Missing Middle Weakness,PRJ-20260814-0156,"Acquisition - Other / Unknown - With Illinois' Senior Population Set To Grow By 40%, Developers Are Facing A Financing Puz...",other unknown,Other / Unknown,Other / Unknown,Unknown,Unknown,Unknown,Apartment,deal_pipeline.csv,37,80,address/location + market match,DUP-0156,No,"Matched across 6 source file(s): deal_fingerprints.csv, deal_pipeline.csv, development_lifecycle.csv, entitlement_intelligence.csv"
2026-08-14,20260814-232136-af068659,General Project Signal - Other / Unknown - 2026 Resident Experience Management Report,PRJ-20260814-0156,"Acquisition - Other / Unknown - With Illinois' Senior Population Set To Grow By 40%, Developers Are Facing A Financing Puz...",other unknown,Other / Unknown,Other / Unknown,Unknown,Unknown,Unknown,Multifamily,deal_pipeline.csv,37,80,address/location + market match,DUP-0156,No,"Matched across 6 source file(s): deal_fingerprints.csv, deal_pipeline.csv, development_lifecycle.csv, entitlement_intelligence.csv"
2026-08-14,20260814-232136-af068659,"Acquisition - Other / Unknown - With Illinois' Senior Population Set To Grow By 40%, Developers Are Facing A Financing Puz...",PRJ-20260814-0156,"Acquisition - Other / Unknown - With Illinois' Senior Population Set To Grow By 40%, Developers Are Facing A Financing Puz...",other unknown,Other / Unknown,Other / Unknown,Unknown,Unknown,Unknown,Senior Housing,deal_pipeline.csv,37,80,address/location + market match,DUP-0156,No,"Matched across 6 source file(s): deal_fingerprints.csv, deal_pipeline.csv, development_lifecycle.csv, entitlement_intelligence.csv"
2026-08-14,20260814-232136-af068659,Disposition / Exit - Other / Unknown - GREA Closes Sale of 86-Unit Luxury Apartments in Glen Ellyn,PRJ-20260814-0156,"Acquisition - Other / Unknown - With Illinois' Senior Population Set To Grow By 40%, Developers Are Facing A Financing Puz...",other unknown,Other / Unknown,Other / Unknown,Unknown,Unknown,Unknown,Apartment,deal_pipeline.csv,37,80,address/location + market match,DUP-0156,No,"Matched across 6 source file(s): deal_fingerprints.csv, deal_pipeline.csv, development_lifecycle.csv, entitlement_intelligence.csv"
2026-08-14,20260814-232136-af068659,"Entitlement / Permitting - Other / Unknown - Updated Permits For 2712 Telegraph Avenue, Berkeley",PRJ-20260814-0156,"Acquisition - Other / Unknown - With Illinois' Senior Population Set To Grow By 40%, Developers Are Facing A Financing Puz...",other unknown,Other / Unknown,Other / Unknown,Unknown,Unknown,Unknown,Apartment,deal_pipeline.csv,37,80,address/location + market match,DUP-0156,No,"Matched across 6 source file(s): deal_fingerprints.csv, deal_pipeline.csv, development_lifecycle.csv, entitlement_intelligence.csv"
2026-08-14,20260814-232136-af068659,Development Start - Other / Unknown - First Quarter 2026 Multifamily Construction Data,PRJ-20260814-0156,"Acquisition - Other / Unknown - With Illinois' Senior Population Set To Grow By 40%, Developers Are Facing A Financing Puz...",other unknown,Other / Unknown,Other / Unknown,Unknown,Unknown,Unknown,Multifamily,deal_pipeline.csv,37,80,address/location + market match,DUP-0156,No,"Matched across 6 source file(s): deal_fingerprints.csv, deal_pipeline.csv, development_lifecycle.csv, entitlement_intelligence.csv"
2026-08-14,20260814-232136-af068659,Development Start - Other / Unknown - Fourth Quarter 2025 Multifamily Construction Data,PRJ-20260814-0156,"Acquisition - Other / Unknown - With Illinois' Senior Population Set To Grow By 40%, Developers Are Facing A Financing Puz...",other unknown,Other / Unknown,Other / Unknown,Unknown,Unknown,Unknown,Multifamily,deal_pipeline.csv,37,80,address/location + market match,DUP-0156,No,"Matched across 6 source file(s): deal_fingerprints.csv, deal_pipeline.csv, development_lifecycle.csv, entitlement_intelligence.csv"
2026-08-14,20260814-232136-af068659,Development Start - Other / Unknown - Overall Housing Starts Inch Lower in 2025,PRJ-20260814-0156,"Acquisition - Other / Unknown - With Illinois' Senior Population Set To Grow By 40%, Developers Are Facing A Financing Puz...",other unknown,Other / Unknown,Other / Unknown,Unknown,Unknown,Unknown,Multifamily,deal_pipeline.csv,37,80,address/location + market match,DUP-0156,No,"Matched across 6 source file(s): deal_fingerprints.csv, deal_pipeline.csv, development_lifecycle.csv, entitlement_intelligence.csv"
2026-08-14,20260814-232136-af068659,Development Start - Other / Unknown - Third Quarter 2025 Multifamily Construction Data,PRJ-20260814-0156,"Acquisition - Other / Unknown - With Illinois' Senior Population Set To Grow By 40%, Developers Are Facing A Financing Puz...",other unknown,Other / Unknown,Other / Unknown,Unknown,Unknown,Unknown,Multifamily,deal_pipeline.csv,37,80,address/location + market match,DUP-0156,No,"Matched across 6 source file(s): deal_fingerprints.csv, deal_pipeline.csv, development_lifecycle.csv, entitlement_intelligence.csv"
2026-08-14,20260814-232136-af068659,General Project Signal - Other / Unknown - Share of Apartments Built in Buildings with 50+ Units Moves Higher in 2025,PRJ-20260814-0156,"Acquisition - Other / Unknown - With Illinois' Senior Population Set To Grow By 40%, Developers Are Facing A Financing Puz...",other unknown,Other / Unknown,Other / Unknown,Unknown,Unknown,Unknown,Apartment,deal_pipeline.csv,37,80,address/location + market match,DUP-0156,No,"Matched across 6 source file(s): deal_fingerprints.csv, deal_pipeline.csv, development_lifecycle.csv, entitlement_intelligence.csv"
2026-08-14,20260814-232136-af068659,General Project Signal - Other / Unknown - Multifamily Absorption Rate Remains Below 50%,PRJ-20260814-0156,"Acquisition - Other / Unknown - With Illinois' Senior Population Set To Grow By 40%, Developers Are Facing A Financing Puz...",other unknown,Other / Unknown,Other / Unknown,Unknown,Unknown,Unknown,Apartment,deal_pipeline.csv,37,80,address/location + market match,DUP-0156,No,"Matched across 6 source file(s): deal_fingerprints.csv, deal_pipeline.csv, development_lifecycle.csv, entitlement_intelligence.csv"
2026-08-14,20260814-232136-af068659,Disposition / Exit - Other / Unknown - NAHB HBGI: Micro Markets Lone Bright Spot for Single-Family Building in Fourth Quarter,PRJ-20260814-0156,"Acquisition - Other / Unknown - With Illinois' Senior Population Set To Grow By 40%, Developers Are Facing A Financing Puz...",other unknown,Other / Unknown,Other / Unknown,Unknown,Unknown,Unknown,Multifamily,deal_pipeline.csv,37,80,address/location + market match,DUP-0156,No,"Matched across 6 source file(s): deal_fingerprints.csv, deal_pipeline.csv, development_lifecycle.csv, entitlement_intelligence.csv"
2026-08-14,20260814-232136-af068659,"Updated Permits For 2712 Telegraph Avenue, Berkeley",PRJ-20260814-0156,"Acquisition - Other / Unknown - With Illinois' Senior Population Set To Grow By 40%, Developers Are Facing A Financing Puz...",other unknown,Other / Unknown,Other / Unknown,Unknown,Unknown,Unknown,Apartment,development_lifecycle.csv,37,80,address/location + market match,DUP-0156,No,"Matched across 6 source file(s): deal_fingerprints.csv, deal_pipeline.csv, development_lifecycle.csv, entitlement_intelligence.csv"
2026-08-14,20260814-232136-af068659,"Updated Permits For 2712 Telegraph Avenue, Berkeley",PRJ-20260814-0156,"Acquisition - Other / Unknown - With Illinois' Senior Population Set To Grow By 40%, Developers Are Facing A Financing Puz...",other unknown,Other / Unknown,Other / Unknown,Unknown,Unknown,Unknown,Apartment,lifecycle_transition.csv,37,80,address/location + market match,DUP-0156,No,"Matched across 6 source file(s): deal_fingerprints.csv, deal_pipeline.csv, development_lifecycle.csv, entitlement_intelligence.csv"
2026-08-14,20260814-232136-af068659,Development Start - Other / Unknown - Missing Middle Weakness,PRJ-20260814-0156,"Acquisition - Other / Unknown - With Illinois' Senior Population Set To Grow By 40%, Developers Are Facing A Financing Puz...",other unknown,Other / Unknown,Other / Unknown,Unknown,Unknown,Unknown,Apartment,opportunity_radar.csv,37,80,address/location + market match,DUP-0156,No,"Matched across 6 source file(s): deal_fingerprints.csv, deal_pipeline.csv, development_lifecycle.csv, entitlement_intelligence.csv"
2026-08-14,20260814-232136-af068659,General Project Signal - Other / Unknown - 2026 Resident Experience Management Report,PRJ-20260814-0156,"Acquisition - Other / Unknown - With Illinois' Senior Population Set To Grow By 40%, Developers Are Facing A Financing Puz...",other unknown,Other / Unknown,Other / Unknown,Unknown,Unknown,Unknown,Multifamily,opportunity_radar.csv,37,80,address/location + market match,DUP-0156,No,"Matched across 6 source file(s): deal_fingerprints.csv, deal_pipeline.csv, development_lifecycle.csv, entitlement_intelligence.csv"
2026-08-14,20260814-232136-af068659,"Acquisition - Other / Unknown - With Illinois' Senior Population Set To Grow By 40%, Developers Are Facing A Financing Puz...",PRJ-20260814-0156,"Acquisition - Other / Unknown - With Illinois' Senior Population Set To Grow By 40%, Developers Are Facing A Financing Puz...",other unknown,Other / Unknown,Other / Unknown,Unknown,Unknown,Unknown,Senior Housing,opportunity_radar.csv,37,80,address/location + market match,DUP-0156,No,"Matched across 6 source file(s): deal_fingerprints.csv, deal_pipeline.csv, development_lifecycle.csv, entitlement_intelligence.csv"
2026-08-14,20260814-232136-af068659,"Entitlement / Permitting - Other / Unknown - Updated Permits For 2712 Telegraph Avenue, Berkeley",PRJ-20260814-0156,"Acquisition - Other / Unknown - With Illinois' Senior Population Set To Grow By 40%, Developers Are Facing A Financing Puz...",other unknown,Other / Unknown,Other / Unknown,Unknown,Unknown,Unknown,Apartment,opportunity_radar.csv,37,80,address/location + market match,DUP-0156,No,"Matched across 6 source file(s): deal_fingerprints.csv, deal_pipeline.csv, development_lifecycle.csv, entitlement_intelligence.csv"
2026-08-14,20260814-232136-af068659,Development Start - Other / Unknown - First Quarter 2026 Multifamily Construction Data,PRJ-20260814-0156,"Acquisition - Other / Unknown - With Illinois' Senior Population Set To Grow By 40%, Developers Are Facing A Financing Puz...",other unknown,Other / Unknown,Other / Unknown,Unknown,Unknown,Unknown,Multifamily,opportunity_radar.csv,37,80,address/location + market match,DUP-0156,No,"Matched across 6 source file(s): deal_fingerprints.csv, deal_pipeline.csv, development_lifecycle.csv, entitlement_intelligence.csv"
2026-08-14,20260814-232136-af068659,Development Start - Other / Unknown - Fourth Quarter 2025 Multifamily Construction Data,PRJ-20260814-0156,"Acquisition - Other / Unknown - With Illinois' Senior Population Set To Grow By 40%, Developers Are Facing A Financing Puz...",other unknown,Other / Unknown,Other / Unknown,Unknown,Unknown,Unknown,Multifamily,opportunity_radar.csv,37,80,address/location + market match,DUP-0156,No,"Matched across 6 source file(s): deal_fingerprints.csv, deal_pipeline.csv, development_lifecycle.csv, entitlement_intelligence.csv"
2026-08-14,20260814-232136-af068659,Development Start - Other / Unknown - Overall Housing Starts Inch Lower in 2025,PRJ-20260814-0156,"Acquisition - Other / Unknown - With Illinois' Senior Population Set To Grow By 40%, Developers Are Facing A Financing Puz...",other unknown,Other / Unknown,Other / Unknown,Unknown,Unknown,Unknown,Multifamily,opportunity_radar.csv,37,80,address/location + market match,DUP-0156,No,"Matched across 6 source file(s): deal_fingerprints.csv, deal_pipeline.csv, development_lifecycle.csv, entitlement_intelligence.csv"
2026-08-14,20260814-232136-af068659,Development Start - Other / Unknown - Third Quarter 2025 Multifamily Construction Data,PRJ-20260814-0156,"Acquisition - Other / Unknown - With Illinois' Senior Population Set To Grow By 40%, Developers Are Facing A Financing Puz...",other unknown,Other / Unknown,Other / Unknown,Unknown,Unknown,Unknown,Multifamily,opportunity_radar.csv,37,80,address/location + market match,DUP-0156,No,"Matched across 6 source file(s): deal_fingerprints.csv, deal_pipeline.csv, development_lifecycle.csv, entitlement_intelligence.csv"
2026-08-14,20260814-232136-af068659,General Project Signal - Other / Unknown - Share of Apartments Built in Buildings with 50+ Units Moves Higher in 2025,PRJ-20260814-0156,"Acquisition - Other / Unknown - With Illinois' Senior Population Set To Grow By 40%, Developers Are Facing A Financing Puz...",other unknown,Other / Unknown,Other / Unknown,Unknown,Unknown,Unknown,Apartment,opportunity_radar.csv,37,80,address/location + market match,DUP-0156,No,"Matched across 6 source file(s): deal_fingerprints.csv, deal_pipeline.csv, development_lifecycle.csv, entitlement_intelligence.csv"
2026-08-14,20260814-232136-af068659,General Project Signal - Other / Unknown - Multifamily Absorption Rate Remains Below 50%,PRJ-20260814-0156,"Acquisition - Other / Unknown - With Illinois' Senior Population Set To Grow By 40%, Developers Are Facing A Financing Puz...",other unknown,Other / Unknown,Other / Unknown,Unknown,Unknown,Unknown,Apartment,opportunity_radar.csv,37,80,address/location + market match,DUP-0156,No,"Matched across 6 source file(s): deal_fingerprints.csv, deal_pipeline.csv, development_lifecycle.csv, entitlement_intelligence.csv"
2026-08-14,20260814-232136-af068659,"Entitlement / Permitting - Other / Unknown - Updated Permits For 2712 Telegraph Avenue, Berkeley",PRJ-20260814-0156,"Acquisition - Other / Unknown - With Illinois' Senior Population Set To Grow By 40%, Developers Are Facing A Financing Puz...",other unknown,Other / Unknown,Other / Unknown,Unknown,Unknown,Unknown,Apartment,entitlement_intelligence.csv,37,80,address/location + market match,DUP-0156,No,"Matched across 6 source file(s): deal_fingerprints.csv, deal_pipeline.csv, development_lifecycle.csv, entitlement_intelligence.csv"
2026-08-14,20260814-232136-af068659,General Project Signal - National - Mixed-use senior housing project slated for 540 S. Lake Ave. in Pasadena,PRJ-20260814-0190,"Acquisition - Other / Unknown - With Illinois' Senior Population Set To Grow By 40%, Developers Are Facing A Financing Puz...",unknown,Unknown,Unknown,Unknown,Unknown,Unknown,Senior Housing,development_lifecycle.csv,26,80,address/location + market match,DUP-0190,No,"Matched across 2 source file(s): development_lifecycle.csv, lifecycle_transition.csv"
2026-08-14,20260814-232136-af068659,"Entitlement / Permitting - Other / Unknown - Updated Permits For 2712 Telegraph Avenue, Berkeley",PRJ-20260814-0190,"Acquisition - Other / Unknown - With Illinois' Senior Population Set To Grow By 40%, Developers Are Facing A Financing Puz...",unknown,Unknown,Unknown,Unknown,Unknown,Unknown,Apartment,development_lifecycle.csv,26,80,address/location + market match,DUP-0190,No,"Matched across 2 source file(s): development_lifecycle.csv, lifecycle_transition.csv"
2026-08-14,20260814-232136-af068659,"Acquisition - Other / Unknown - With Illinois' Senior Population Set To Grow By 40%, Developers Are Facing A Financing Puz...",PRJ-20260814-0190,"Acquisition - Other / Unknown - With Illinois' Senior Population Set To Grow By 40%, Developers Are Facing A Financing Puz...",unknown,Unknown,Unknown,Unknown,Unknown,Unknown,Senior Housing,development_lifecycle.csv,26,80,address/location + market match,DUP-0190,No,"Matched across 2 source file(s): development_lifecycle.csv, lifecycle_transition.csv"
2026-08-14,20260814-232136-af068659,Disposition / Exit - Other / Unknown - GREA Closes Sale of 86-Unit Luxury Apartments in Glen Ellyn,PRJ-20260814-0190,"Acquisition - Other / Unknown - With Illinois' Senior Population Set To Grow By 40%, Developers Are Facing A Financing Puz...",unknown,Unknown,Unknown,Unknown,Unknown,Unknown,Apartment,development_lifecycle.csv,26,80,address/location + market match,DUP-0190,No,"Matched across 2 source file(s): development_lifecycle.csv, lifecycle_transition.csv"
2026-08-14,20260814-232136-af068659,General Project Signal - Other / Unknown - Multifamily Absorption Rate Remains Below 50%,PRJ-20260814-0190,"Acquisition - Other / Unknown - With Illinois' Senior Population Set To Grow By 40%, Developers Are Facing A Financing Puz...",unknown,Unknown,Unknown,Unknown,Unknown,Unknown,Apartment,development_lifecycle.csv,26,80,address/location + market match,DUP-0190,No,"Matched across 2 source file(s): development_lifecycle.csv, lifecycle_transition.csv"
2026-08-14,20260814-232136-af068659,Development Start - Other / Unknown - Missing Middle Weakness,PRJ-20260814-0190,"Acquisition - Other / Unknown - With Illinois' Senior Population Set To Grow By 40%, Developers Are Facing A Financing Puz...",unknown,Unknown,Unknown,Unknown,Unknown,Unknown,Apartment,development_lifecycle.csv,26,80,address/location + market match,DUP-0190,No,"Matched across 2 source file(s): development_lifecycle.csv, lifecycle_transition.csv"
2026-08-14,20260814-232136-af068659,General Project Signal - Other / Unknown - 2026 Resident Experience Management Report,PRJ-20260814-0190,"Acquisition - Other / Unknown - With Illinois' Senior Population Set To Grow By 40%, Developers Are Facing A Financing Puz...",unknown,Unknown,Unknown,Unknown,Unknown,Unknown,Multifamily,development_lifecycle.csv,26,80,address/location + market match,DUP-0190,No,"Matched across 2 source file(s): development_lifecycle.csv, lifecycle_transition.csv"
2026-08-14,20260814-232136-af068659,General Project Signal - Other / Unknown - Share of Apartments Built in Buildings with 50+ Units Moves Higher in 2025,PRJ-20260814-0190,"Acquisition - Other / Unknown - With Illinois' Senior Population Set To Grow By 40%, Developers Are Facing A Financing Puz...",unknown,Unknown,Unknown,Unknown,Unknown,Unknown,Apartment,development_lifecycle.csv,26,80,address/location + market match,DUP-0190,No,"Matched across 2 source file(s): development_lifecycle.csv, lifecycle_transition.csv"
2026-08-14,20260814-232136-af068659,Development Start - Other / Unknown - First Quarter 2026 Multifamily Construction Data,PRJ-20260814-0190,"Acquisition - Other / Unknown - With Illinois' Senior Population Set To Grow By 40%, Developers Are Facing A Financing Puz...",unknown,Unknown,Unknown,Unknown,Unknown,Unknown,Multifamily,development_lifecycle.csv,26,80,address/location + market match,DUP-0190,No,"Matched across 2 source file(s): development_lifecycle.csv, lifecycle_transition.csv"
2026-08-14,20260814-232136-af068659,Development Start - Other / Unknown - Fourth Quarter 2025 Multifamily Construction Data,PRJ-20260814-0190,"Acquisition - Other / Unknown - With Illinois' Senior Population Set To Grow By 40%, Developers Are Facing A Financing Puz...",unknown,Unknown,Unknown,Unknown,Unknown,Unknown,Multifamily,development_lifecycle.csv,26,80,address/location + market match,DUP-0190,No,"Matched across 2 source file(s): development_lifecycle.csv, lifecycle_transition.csv"
2026-08-14,20260814-232136-af068659,Development Start - Other / Unknown - Overall Housing Starts Inch Lower in 2025,PRJ-20260814-0190,"Acquisition - Other / Unknown - With Illinois' Senior Population Set To Grow By 40%, Developers Are Facing A Financing Puz...",unknown,Unknown,Unknown,Unknown,Unknown,Unknown,Multifamily,development_lifecycle.csv,26,80,address/location + market match,DUP-0190,No,"Matched across 2 source file(s): development_lifecycle.csv, lifecycle_transition.csv"
2026-08-14,20260814-232136-af068659,Development Start - Other / Unknown - Third Quarter 2025 Multifamily Construction Data,PRJ-20260814-0190,"Acquisition - Other / Unknown - With Illinois' Senior Population Set To Grow By 40%, Developers Are Facing A Financing Puz...",unknown,Unknown,Unknown,Unknown,Unknown,Unknown,Multifamily,development_lifecycle.csv,26,80,address/location + market match,DUP-0190,No,"Matched across 2 source file(s): development_lifecycle.csv, lifecycle_transition.csv"
2026-08-14,20260814-232136-af068659,Disposition / Exit - Other / Unknown - NAHB HBGI: Micro Markets Lone Bright Spot for Single-Family Building in Fourth Quarter,PRJ-20260814-0190,"Acquisition - Other / Unknown - With Illinois' Senior Population Set To Grow By 40%, Developers Are Facing A Financing Puz...",unknown,Unknown,Unknown,Unknown,Unknown,Unknown,Multifamily,development_lifecycle.csv,26,80,address/location + market match,DUP-0190,No,"Matched across 2 source file(s): development_lifecycle.csv, lifecycle_transition.csv"
2026-08-14,20260814-232136-af068659,General Project Signal - Other / Unknown - Multifamily Absorption Rate Remains Below 50%,PRJ-20260814-0190,"Acquisition - Other / Unknown - With Illinois' Senior Population Set To Grow By 40%, Developers Are Facing A Financing Puz...",unknown,Unknown,Unknown,Unknown,Unknown,Unknown,Apartment,lifecycle_transition.csv,26,80,address/location + market match,DUP-0190,No,"Matched across 2 source file(s): development_lifecycle.csv, lifecycle_transition.csv"
2026-08-14,20260814-232136-af068659,"Entitlement / Permitting - Other / Unknown - Updated Permits For 2712 Telegraph Avenue, Berkeley",PRJ-20260814-0190,"Acquisition - Other / Unknown - With Illinois' Senior Population Set To Grow By 40%, Developers Are Facing A Financing Puz...",unknown,Unknown,Unknown,Unknown,Unknown,Unknown,Apartment,lifecycle_transition.csv,26,80,address/location + market match,DUP-0190,No,"Matched across 2 source file(s): development_lifecycle.csv, lifecycle_transition.csv"
2026-08-14,20260814-232136-af068659,General Project Signal - National - Mixed-use senior housing project slated for 540 S. Lake Ave. in Pasadena,PRJ-20260814-0190,"Acquisition - Other / Unknown - With Illinois' Senior Population Set To Grow By 40%, Developers Are Facing A Financing Puz...",unknown,Unknown,Unknown,Unknown,Unknown,Unknown,Senior Housing,lifecycle_transition.csv,26,80,address/location + market match,DUP-0190,No,"Matched across 2 source file(s): development_lifecycle.csv, lifecycle_transition.csv"
2026-08-14,20260814-232136-af068659,"Acquisition - Other / Unknown - With Illinois' Senior Population Set To Grow By 40%, Developers Are Facing A Financing Puz...",PRJ-20260814-0190,"Acquisition - Other / Unknown - With Illinois' Senior Population Set To Grow By 40%, Developers Are Facing A Financing Puz...",unknown,Unknown,Unknown,Unknown,Unknown,Unknown,Senior Housing,lifecycle_transition.csv,26,80,address/location + market match,DUP-0190,No,"Matched across 2 source file(s): development_lifecycle.csv, lifecycle_transition.csv"
2026-08-14,20260814-232136-af068659,Development Start - Other / Unknown - First Quarter 2026 Multifamily Construction Data,PRJ-20260814-0190,"Acquisition - Other / Unknown - With Illinois' Senior Population Set To Grow By 40%, Developers Are Facing A Financing Puz...",unknown,Unknown,Unknown,Unknown,Unknown,Unknown,Multifamily,lifecycle_transition.csv,26,80,address/location + market match,DUP-0190,No,"Matched across 2 source file(s): development_lifecycle.csv, lifecycle_transition.csv"
2026-08-14,20260814-232136-af068659,Development Start - Other / Unknown - Fourth Quarter 2025 Multifamily Construction Data,PRJ-20260814-0190,"Acquisition - Other / Unknown - With Illinois' Senior Population Set To Grow By 40%, Developers Are Facing A Financing Puz...",unknown,Unknown,Unknown,Unknown,Unknown,Unknown,Multifamily,lifecycle_transition.csv,26,80,address/location + market match,DUP-0190,No,"Matched across 2 source file(s): development_lifecycle.csv, lifecycle_transition.csv"
2026-08-14,20260814-232136-af068659,Development Start - Other / Unknown - Missing Middle Weakness,PRJ-20260814-0190,"Acquisition - Other / Unknown - With Illinois' Senior Population Set To Grow By 40%, Developers Are Facing A Financing Puz...",unknown,Unknown,Unknown,Unknown,Unknown,Unknown,Apartment,lifecycle_transition.csv,26,80,address/location + market match,DUP-0190,No,"Matched across 2 source file(s): development_lifecycle.csv, lifecycle_transition.csv"
2026-08-14,20260814-232136-af068659,Development Start - Other / Unknown - Overall Housing Starts Inch Lower in 2025,PRJ-20260814-0190,"Acquisition - Other / Unknown - With Illinois' Senior Population Set To Grow By 40%, Developers Are Facing A Financing Puz...",unknown,Unknown,Unknown,Unknown,Unknown,Unknown,Multifamily,lifecycle_transition.csv,26,80,address/location + market match,DUP-0190,No,"Matched across 2 source file(s): development_lifecycle.csv, lifecycle_transition.csv"
2026-08-14,20260814-232136-af068659,Development Start - Other / Unknown - Third Quarter 2025 Multifamily Construction Data,PRJ-20260814-0190,"Acquisition - Other / Unknown - With Illinois' Senior Population Set To Grow By 40%, Developers Are Facing A Financing Puz...",unknown,Unknown,Unknown,Unknown,Unknown,Unknown,Multifamily,lifecycle_transition.csv,26,80,address/location + market match,DUP-0190,No,"Matched across 2 source file(s): development_lifecycle.csv, lifecycle_transition.csv"
2026-08-14,20260814-232136-af068659,General Project Signal - Other / Unknown - 2026 Resident Experience Management Report,PRJ-20260814-0190,"Acquisition - Other / Unknown - With Illinois' Senior Population Set To Grow By 40%, Developers Are Facing A Financing Puz...",unknown,Unknown,Unknown,Unknown,Unknown,Unknown,Multifamily,lifecycle_transition.csv,26,80,address/location + market match,DUP-0190,No,"Matched across 2 source file(s): development_lifecycle.csv, lifecycle_transition.csv"
2026-08-14,20260814-232136-af068659,General Project Signal - Other / Unknown - Share of Apartments Built in Buildings with 50+ Units Moves Higher in 2025,PRJ-20260814-0190,"Acquisition - Other / Unknown - With Illinois' Senior Population Set To Grow By 40%, Developers Are Facing A Financing Puz...",unknown,Unknown,Unknown,Unknown,Unknown,Unknown,Apartment,lifecycle_transition.csv,26,80,address/location + market match,DUP-0190,No,"Matched across 2 source file(s): development_lifecycle.csv, lifecycle_transition.csv"
2026-08-14,20260814-232136-af068659,Disposition / Exit - Other / Unknown - NAHB HBGI: Micro Markets Lone Bright Spot for Single-Family Building in Fourth Quarter,PRJ-20260814-0190,"Acquisition - Other / Unknown - With Illinois' Senior Population Set To Grow By 40%, Developers Are Facing A Financing Puz...",unknown,Unknown,Unknown,Unknown,Unknown,Unknown,Multifamily,lifecycle_transition.csv,26,80,address/location + market match,DUP-0190,No,"Matched across 2 source file(s): development_lifecycle.csv, lifecycle_transition.csv"
2026-08-14,20260814-232136-af068659,Disposition / Exit - Other / Unknown - GREA Closes Sale of 86-Unit Luxury Apartments in Glen Ellyn,PRJ-20260814-0190,"Acquisition - Other / Unknown - With Illinois' Senior Population Set To Grow By 40%, Developers Are Facing A Financing Puz...",unknown,Unknown,Unknown,Unknown,Unknown,Unknown,Apartment,lifecycle_transition.csv,26,80,address/location + market match,DUP-0190,No,"Matched across 2 source file(s): development_lifecycle.csv, lifecycle_transition.csv"
2026-08-14,20260814-232136-af068659,Disposition / Exit - Los Angeles / California - Co-Living Complex Near UCLA Will Become Multifamily Student Housing Building,PRJ-20260814-0114,Office-to-Residential Conversion - Los Angeles / California - Residential conversion planned for office building at 1650 S. Westwood Blvd.,los angeles,Los Angeles,California,Los Angeles,Unknown,Unknown,Student Housing,asset_parcel_intelligence.csv,26,80,address/location + market match,DUP-0114,No,"Matched across 4 source file(s): asset_parcel_intelligence.csv, development_lifecycle.csv, entitlement_intelligence.csv, lifecycle_transition.csv"
2026-08-14,20260814-232136-af068659,Office-to-Residential Conversion - Los Angeles / California - Fresh renderings for Watts Towers Art Center revamp,PRJ-20260814-0114,Office-to-Residential Conversion - Los Angeles / California - Residential conversion planned for office building at 1650 S. Westwood Blvd.,los angeles,Los Angeles,California,Los Angeles,Unknown,Unknown,General Residential,asset_parcel_intelligence.csv,26,80,address/location + market match,DUP-0114,No,"Matched across 4 source file(s): asset_parcel_intelligence.csv, development_lifecycle.csv, entitlement_intelligence.csv, lifecycle_transition.csv"
2026-08-14,20260814-232136-af068659,Acquisition - Los Angeles / California - BXP Signs on as Development Advisor for Unfinished Oceanwide Tower Mixed-Use Project in Sa...,PRJ-20260814-0114,Office-to-Residential Conversion - Los Angeles / California - Residential conversion planned for office building at 1650 S. Westwood Blvd.,los angeles,Los Angeles,California,Los Angeles,Unknown,Unknown,Mixed-Use Residential,asset_parcel_intelligence.csv,26,80,address/location + market match,DUP-0114,No,"Matched across 4 source file(s): asset_parcel_intelligence.csv, development_lifecycle.csv, entitlement_intelligence.csv, lifecycle_transition.csv"
2026-08-14,20260814-232136-af068659,23 homes coming to Uptown Newport Village,PRJ-20260814-0114,Office-to-Residential Conversion - Los Angeles / California - Residential conversion planned for office building at 1650 S. Westwood Blvd.,los angeles,Los Angeles,California,Los Angeles,Unknown,Unknown,Mixed-Use Residential,asset_parcel_intelligence.csv,26,80,address/location + market match,DUP-0114,No,"Matched across 4 source file(s): asset_parcel_intelligence.csv, development_lifecycle.csv, entitlement_intelligence.csv, lifecycle_transition.csv"
2026-08-14,20260814-232136-af068659,Entitlement / Permitting - Los Angeles / California - 405 apartments take shape at 6728 Sepulveda Blvd. in Van Nuys,PRJ-20260814-0114,Office-to-Residential Conversion - Los Angeles / California - Residential conversion planned for office building at 1650 S. Westwood Blvd.,los angeles,Los Angeles,California,Los Angeles,Unknown,Unknown,Affordable Housing,development_lifecycle.csv,26,80,address/location + market match,DUP-0114,No,"Matched across 4 source file(s): asset_parcel_intelligence.csv, development_lifecycle.csv, entitlement_intelligence.csv, lifecycle_transition.csv"
2026-08-14,20260814-232136-af068659,Entitlement / Permitting - Los Angeles / California - Affordable housing proposed at 1058 N. Kingsley Dr. in East Hollywood,PRJ-20260814-0114,Office-to-Residential Conversion - Los Angeles / California - Residential conversion planned for office building at 1650 S. Westwood Blvd.,los angeles,Los Angeles,California,Los Angeles,Unknown,Unknown,Affordable Housing,development_lifecycle.csv,26,80,address/location + market match,DUP-0114,No,"Matched across 4 source file(s): asset_parcel_intelligence.csv, development_lifecycle.csv, entitlement_intelligence.csv, lifecycle_transition.csv"
2026-08-14,20260814-232136-af068659,Office-to-Residential Conversion - Los Angeles / California - Residential conversion planned for office building at 1650 S. Westwood Blvd.,PRJ-20260814-0114,Office-to-Residential Conversion - Los Angeles / California - Residential conversion planned for office building at 1650 S. Westwood Blvd.,los angeles,Los Angeles,California,Los Angeles,Unknown,Unknown,Office-to-Residential Conversion,development_lifecycle.csv,26,80,address/location + market match,DUP-0114,No,"Matched across 4 source file(s): asset_parcel_intelligence.csv, development_lifecycle.csv, entitlement_intelligence.csv, lifecycle_transition.csv"
2026-08-14,20260814-232136-af068659,23 homes coming to Uptown Newport Village,PRJ-20260814-0114,Office-to-Residential Conversion - Los Angeles / California - Residential conversion planned for office building at 1650 S. Westwood Blvd.,los angeles,Los Angeles,California,Los Angeles,Unknown,Unknown,Mixed-Use Residential,development_lifecycle.csv,26,80,address/location + market match,DUP-0114,No,"Matched across 4 source file(s): asset_parcel_intelligence.csv, development_lifecycle.csv, entitlement_intelligence.csv, lifecycle_transition.csv"
2026-08-14,20260814-232136-af068659,Entitlement / Permitting - Los Angeles / California - L.A. City Planning Commission approves 379 apartments at 3200 S. La Cienega Blvd.,PRJ-20260814-0114,Office-to-Residential Conversion - Los Angeles / California - Residential conversion planned for office building at 1650 S. Westwood Blvd.,los angeles,Los Angeles,California,Los Angeles,Unknown,Unknown,Affordable Housing,development_lifecycle.csv,26,80,address/location + market match,DUP-0114,No,"Matched across 4 source file(s): asset_parcel_intelligence.csv, development_lifecycle.csv, entitlement_intelligence.csv, lifecycle_transition.csv"
2026-08-14,20260814-232136-af068659,Monterey Park approves upsized project at 114 E. Garvey Avenue,PRJ-20260814-0114,Office-to-Residential Conversion - Los Angeles / California - Residential conversion planned for office building at 1650 S. Westwood Blvd.,los angeles,Los Angeles,California,Los Angeles,Unknown,Unknown,Mixed-Use Residential,development_lifecycle.csv,26,80,address/location + market match,DUP-0114,No,"Matched across 4 source file(s): asset_parcel_intelligence.csv, development_lifecycle.csv, entitlement_intelligence.csv, lifecycle_transition.csv"
2026-08-14,20260814-232136-af068659,General Project Signal - Los Angeles / California - Affordable housing coming to 4345 S. Crenshaw Blvd. in Leimert Park,PRJ-20260814-0114,Office-to-Residential Conversion - Los Angeles / California - Residential conversion planned for office building at 1650 S. Westwood Blvd.,los angeles,Los Angeles,California,Los Angeles,Unknown,Unknown,Affordable Housing,development_lifecycle.csv,26,80,address/location + market match,DUP-0114,No,"Matched across 4 source file(s): asset_parcel_intelligence.csv, development_lifecycle.csv, entitlement_intelligence.csv, lifecycle_transition.csv"
2026-08-14,20260814-232136-af068659,Office-to-Residential Conversion - Los Angeles / California - Fresh renderings for Watts Towers Art Center revamp,PRJ-20260814-0114,Office-to-Residential Conversion - Los Angeles / California - Residential conversion planned for office building at 1650 S. Westwood Blvd.,los angeles,Los Angeles,California,Los Angeles,Unknown,Unknown,General Residential,development_lifecycle.csv,26,80,address/location + market match,DUP-0114,No,"Matched across 4 source file(s): asset_parcel_intelligence.csv, development_lifecycle.csv, entitlement_intelligence.csv, lifecycle_transition.csv"
2026-08-14,20260814-232136-af068659,Acquisition - Los Angeles / California - BXP Signs on as Development Advisor for Unfinished Oceanwide Tower Mixed-Use Project in Sa...,PRJ-20260814-0114,Office-to-Residential Conversion - Los Angeles / California - Residential conversion planned for office building at 1650 S. Westwood Blvd.,los angeles,Los Angeles,California,Los Angeles,Unknown,Unknown,Mixed-Use Residential,development_lifecycle.csv,26,80,address/location + market match,DUP-0114,No,"Matched across 4 source file(s): asset_parcel_intelligence.csv, development_lifecycle.csv, entitlement_intelligence.csv, lifecycle_transition.csv"
2026-08-14,20260814-232136-af068659,Disposition / Exit - Los Angeles / California - Co-Living Complex Near UCLA Will Become Multifamily Student Housing Building,PRJ-20260814-0114,Office-to-Residential Conversion - Los Angeles / California - Residential conversion planned for office building at 1650 S. Westwood Blvd.,los angeles,Los Angeles,California,Los Angeles,Unknown,Unknown,Student Housing,development_lifecycle.csv,26,80,address/location + market match,DUP-0114,No,"Matched across 4 source file(s): asset_parcel_intelligence.csv, development_lifecycle.csv, entitlement_intelligence.csv, lifecycle_transition.csv"
2026-08-14,20260814-232136-af068659,Entitlement / Permitting - Los Angeles / California - 405 apartments take shape at 6728 Sepulveda Blvd. in Van Nuys,PRJ-20260814-0114,Office-to-Residential Conversion - Los Angeles / California - Residential conversion planned for office building at 1650 S. Westwood Blvd.,los angeles,Los Angeles,California,Los Angeles,Unknown,Unknown,Affordable Housing,lifecycle_transition.csv,26,80,address/location + market match,DUP-0114,No,"Matched across 4 source file(s): asset_parcel_intelligence.csv, development_lifecycle.csv, entitlement_intelligence.csv, lifecycle_transition.csv"
2026-08-14,20260814-232136-af068659,Disposition / Exit - Los Angeles / California - Co-Living Complex Near UCLA Will Become Multifamily Student Housing Building,PRJ-20260814-0114,Office-to-Residential Conversion - Los Angeles / California - Residential conversion planned for office building at 1650 S. Westwood Blvd.,los angeles,Los Angeles,California,Los Angeles,Unknown,Unknown,Student Housing,lifecycle_transition.csv,26,80,address/location + market match,DUP-0114,No,"Matched across 4 source file(s): asset_parcel_intelligence.csv, development_lifecycle.csv, entitlement_intelligence.csv, lifecycle_transition.csv"
2026-08-14,20260814-232136-af068659,Entitlement / Permitting - Los Angeles / California - Affordable housing proposed at 1058 N. Kingsley Dr. in East Hollywood,PRJ-20260814-0114,Office-to-Residential Conversion - Los Angeles / California - Residential conversion planned for office building at 1650 S. Westwood Blvd.,los angeles,Los Angeles,California,Los Angeles,Unknown,Unknown,Affordable Housing,lifecycle_transition.csv,26,80,address/location + market match,DUP-0114,No,"Matched across 4 source file(s): asset_parcel_intelligence.csv, development_lifecycle.csv, entitlement_intelligence.csv, lifecycle_transition.csv"
2026-08-14,20260814-232136-af068659,23 homes coming to Uptown Newport Village,PRJ-20260814-0114,Office-to-Residential Conversion - Los Angeles / California - Residential conversion planned for office building at 1650 S. Westwood Blvd.,los angeles,Los Angeles,California,Los Angeles,Unknown,Unknown,Mixed-Use Residential,lifecycle_transition.csv,26,80,address/location + market match,DUP-0114,No,"Matched across 4 source file(s): asset_parcel_intelligence.csv, development_lifecycle.csv, entitlement_intelligence.csv, lifecycle_transition.csv"
2026-08-14,20260814-232136-af068659,General Project Signal - Los Angeles / California - Affordable housing coming to 4345 S. Crenshaw Blvd. in Leimert Park,PRJ-20260814-0114,Office-to-Residential Conversion - Los Angeles / California - Residential conversion planned for office building at 1650 S. Westwood Blvd.,los angeles,Los Angeles,California,Los Angeles,Unknown,Unknown,Affordable Housing,lifecycle_transition.csv,26,80,address/location + market match,DUP-0114,No,"Matched across 4 source file(s): asset_parcel_intelligence.csv, development_lifecycle.csv, entitlement_intelligence.csv, lifecycle_transition.csv"
2026-08-14,20260814-232136-af068659,Office-to-Residential Conversion - Los Angeles / California - Fresh renderings for Watts Towers Art Center revamp,PRJ-20260814-0114,Office-to-Residential Conversion - Los Angeles / California - Residential conversion planned for office building at 1650 S. Westwood Blvd.,los angeles,Los Angeles,California,Los Angeles,Unknown,Unknown,General Residential,lifecycle_transition.csv,26,80,address/location + market match,DUP-0114,No,"Matched across 4 source file(s): asset_parcel_intelligence.csv, development_lifecycle.csv, entitlement_intelligence.csv, lifecycle_transition.csv"
2026-08-14,20260814-232136-af068659,Office-to-Residential Conversion - Los Angeles / California - Residential conversion planned for office building at 1650 S. Westwood Blvd.,PRJ-20260814-0114,Office-to-Residential Conversion - Los Angeles / California - Residential conversion planned for office building at 1650 S. Westwood Blvd.,los angeles,Los Angeles,California,Los Angeles,Unknown,Unknown,Office-to-Residential Conversion,lifecycle_transition.csv,26,80,address/location + market match,DUP-0114,No,"Matched across 4 source file(s): asset_parcel_intelligence.csv, development_lifecycle.csv, entitlement_intelligence.csv, lifecycle_transition.csv"
2026-08-14,20260814-232136-af068659,Entitlement / Permitting - Los Angeles / California - L.A. City Planning Commission approves 379 apartments at 3200 S. La Cienega Blvd.,PRJ-20260814-0114,Office-to-Residential Conversion - Los Angeles / California - Residential conversion planned for office building at 1650 S. Westwood Blvd.,los angeles,Los Angeles,California,Los Angeles,Unknown,Unknown,Affordable Housing,lifecycle_transition.csv,26,80,address/location + market match,DUP-0114,No,"Matched across 4 source file(s): asset_parcel_intelligence.csv, development_lifecycle.csv, entitlement_intelligence.csv, lifecycle_transition.csv"
2026-08-14,20260814-232136-af068659,Acquisition - Los Angeles / California - BXP Signs on as Development Advisor for Unfinished Oceanwide Tower Mixed-Use Project in Sa...,PRJ-20260814-0114,Office-to-Residential Conversion - Los Angeles / California - Residential conversion planned for office building at 1650 S. Westwood Blvd.,los angeles,Los Angeles,California,Los Angeles,Unknown,Unknown,Mixed-Use Residential,lifecycle_transition.csv,26,80,address/location + market match,DUP-0114,No,"Matched across 4 source file(s): asset_parcel_intelligence.csv, development_lifecycle.csv, entitlement_intelligence.csv, lifecycle_transition.csv"
2026-08-14,20260814-232136-af068659,Monterey Park approves upsized project at 114 E. Garvey Avenue,PRJ-20260814-0114,Office-to-Residential Conversion - Los Angeles / California - Residential conversion planned for office building at 1650 S. Westwood Blvd.,los angeles,Los Angeles,California,Los Angeles,Unknown,Unknown,Mixed-Use Residential,lifecycle_transition.csv,26,80,address/location + market match,DUP-0114,No,"Matched across 4 source file(s): asset_parcel_intelligence.csv, development_lifecycle.csv, entitlement_intelligence.csv, lifecycle_transition.csv"
2026-08-14,20260814-232136-af068659,23 homes coming to Uptown Newport Village,PRJ-20260814-0114,Office-to-Residential Conversion - Los Angeles / California - Residential conversion planned for office building at 1650 S. Westwood Blvd.,los angeles,Los Angeles,California,Los Angeles,Unknown,Unknown,Mixed-Use Residential,entitlement_intelligence.csv,26,80,address/location + market match,DUP-0114,No,"Matched across 4 source file(s): asset_parcel_intelligence.csv, development_lifecycle.csv, entitlement_intelligence.csv, lifecycle_transition.csv"
2026-08-14,20260814-232136-af068659,"Meeting Tonight for 3101 Sacramento Street, South Berkeley",PRJ-20260814-0114,Office-to-Residential Conversion - Los Angeles / California - Residential conversion planned for office building at 1650 S. Westwood Blvd.,los angeles,Los Angeles,California,Los Angeles,Unknown,Unknown,Mixed-Use Residential,entitlement_intelligence.csv,26,80,address/location + market match,DUP-0114,No,"Matched across 4 source file(s): asset_parcel_intelligence.csv, development_lifecycle.csv, entitlement_intelligence.csv, lifecycle_transition.csv"
2026-08-14,20260814-232136-af068659,Fresh renderings for Watts Towers Art Center revamp,PRJ-20260814-0115,Office-to-Residential Conversion - Los Angeles / California - Residential conversion planned for office building at 1650 S. Westwood Blvd.,los angeles,Los Angeles,Los Angeles / California,Los Angeles,Unknown,Unknown,General Residential,asset_parcel_intelligence.csv,24,80,address/location + market match,DUP-0115,No,"Matched across 5 source file(s): asset_parcel_intelligence.csv, deal_pipeline.csv, development_lifecycle.csv, entitlement_intelligence.csv"
2026-08-14,20260814-232136-af068659,Entitlement / Permitting - Los Angeles / California - Affordable housing proposed at 1058 N. Kingsley Dr. in East Hollywood,PRJ-20260814-0115,Office-to-Residential Conversion - Los Angeles / California - Residential conversion planned for office building at 1650 S. Westwood Blvd.,los angeles,Los Angeles,Los Angeles / California,Los Angeles,Unknown,Unknown,Affordable Housing,deal_pipeline.csv,24,80,address/location + market match,DUP-0115,No,"Matched across 5 source file(s): asset_parcel_intelligence.csv, deal_pipeline.csv, development_lifecycle.csv, entitlement_intelligence.csv"
2026-08-14,20260814-232136-af068659,Entitlement / Permitting - Los Angeles / California - 405 apartments take shape at 6728 Sepulveda Blvd. in Van Nuys,PRJ-20260814-0115,Office-to-Residential Conversion - Los Angeles / California - Residential conversion planned for office building at 1650 S. Westwood Blvd.,los angeles,Los Angeles,Los Angeles / California,Los Angeles,Unknown,Unknown,Affordable Housing,deal_pipeline.csv,24,80,address/location + market match,DUP-0115,No,"Matched across 5 source file(s): asset_parcel_intelligence.csv, deal_pipeline.csv, development_lifecycle.csv, entitlement_intelligence.csv"
2026-08-14,20260814-232136-af068659,Entitlement / Permitting - Los Angeles / California - L.A. City Planning Commission approves 379 apartments at 3200 S. La Cienega Blvd.,PRJ-20260814-0115,Office-to-Residential Conversion - Los Angeles / California - Residential conversion planned for office building at 1650 S. Westwood Blvd.,los angeles,Los Angeles,Los Angeles / California,Los Angeles,Unknown,Unknown,Affordable Housing,deal_pipeline.csv,24,80,address/location + market match,DUP-0115,No,"Matched across 5 source file(s): asset_parcel_intelligence.csv, deal_pipeline.csv, development_lifecycle.csv, entitlement_intelligence.csv"
2026-08-14,20260814-232136-af068659,Office-to-Residential Conversion - Los Angeles / California - Residential conversion planned for office building at 1650 S. Westwood Blvd.,PRJ-20260814-0115,Office-to-Residential Conversion - Los Angeles / California - Residential conversion planned for office building at 1650 S. Westwood Blvd.,los angeles,Los Angeles,Los Angeles / California,Los Angeles,Unknown,Unknown,Office-to-Residential Conversion,deal_pipeline.csv,24,80,address/location + market match,DUP-0115,No,"Matched across 5 source file(s): asset_parcel_intelligence.csv, deal_pipeline.csv, development_lifecycle.csv, entitlement_intelligence.csv"
2026-08-14,20260814-232136-af068659,Disposition / Exit - Los Angeles / California - Co-Living Complex Near UCLA Will Become Multifamily Student Housing Building,PRJ-20260814-0115,Office-to-Residential Conversion - Los Angeles / California - Residential conversion planned for office building at 1650 S. Westwood Blvd.,los angeles,Los Angeles,Los Angeles / California,Los Angeles,Unknown,Unknown,Student Housing,deal_pipeline.csv,24,80,address/location + market match,DUP-0115,No,"Matched across 5 source file(s): asset_parcel_intelligence.csv, deal_pipeline.csv, development_lifecycle.csv, entitlement_intelligence.csv"
2026-08-14,20260814-232136-af068659,General Project Signal - Los Angeles / California - Affordable housing coming to 4345 S. Crenshaw Blvd. in Leimert Park,PRJ-20260814-0115,Office-to-Residential Conversion - Los Angeles / California - Residential conversion planned for office building at 1650 S. Westwood Blvd.,los angeles,Los Angeles,Los Angeles / California,Los Angeles,Unknown,Unknown,Affordable Housing,deal_pipeline.csv,24,80,address/location + market match,DUP-0115,No,"Matched across 5 source file(s): asset_parcel_intelligence.csv, deal_pipeline.csv, development_lifecycle.csv, entitlement_intelligence.csv"
2026-08-14,20260814-232136-af068659,Office-to-Residential Conversion - Los Angeles / California - Fresh renderings for Watts Towers Art Center revamp,PRJ-20260814-0115,Office-to-Residential Conversion - Los Angeles / California - Residential conversion planned for office building at 1650 S. Westwood Blvd.,los angeles,Los Angeles,Los Angeles / California,Los Angeles,Unknown,Unknown,General Residential,deal_pipeline.csv,24,80,address/location + market match,DUP-0115,No,"Matched across 5 source file(s): asset_parcel_intelligence.csv, deal_pipeline.csv, development_lifecycle.csv, entitlement_intelligence.csv"
2026-08-14,20260814-232136-af068659,Acquisition - Los Angeles / California - BXP Signs on as Development Advisor for Unfinished Oceanwide Tower Mixed-Use Project in Sa...,PRJ-20260814-0115,Office-to-Residential Conversion - Los Angeles / California - Residential conversion planned for office building at 1650 S. Westwood Blvd.,los angeles,Los Angeles,Los Angeles / California,Los Angeles,Unknown,Unknown,Mixed-Use Residential,deal_pipeline.csv,24,80,address/location + market match,DUP-0115,No,"Matched across 5 source file(s): asset_parcel_intelligence.csv, deal_pipeline.csv, development_lifecycle.csv, entitlement_intelligence.csv"
2026-08-14,20260814-232136-af068659,Residential conversion planned for office building at 1650 S. Westwood Blvd.,PRJ-20260814-0115,Office-to-Residential Conversion - Los Angeles / California - Residential conversion planned for office building at 1650 S. Westwood Blvd.,los angeles,Los Angeles,Los Angeles / California,Los Angeles,Unknown,Unknown,Office-to-Residential Conversion,development_lifecycle.csv,24,80,address/location + market match,DUP-0115,No,"Matched across 5 source file(s): asset_parcel_intelligence.csv, deal_pipeline.csv, development_lifecycle.csv, entitlement_intelligence.csv"
2026-08-14,20260814-232136-af068659,Affordable housing coming to 4345 S. Crenshaw Blvd. in Leimert Park,PRJ-20260814-0115,Office-to-Residential Conversion - Los Angeles / California - Residential conversion planned for office building at 1650 S. Westwood Blvd.,los angeles,Los Angeles,Los Angeles / California,Los Angeles,Unknown,Unknown,Affordable Housing,development_lifecycle.csv,24,80,address/location + market match,DUP-0115,No,"Matched across 5 source file(s): asset_parcel_intelligence.csv, deal_pipeline.csv, development_lifecycle.csv, entitlement_intelligence.csv"
2026-08-14,20260814-232136-af068659,405 apartments take shape at 6728 Sepulveda Blvd. in Van Nuys,PRJ-20260814-0115,Office-to-Residential Conversion - Los Angeles / California - Residential conversion planned for office building at 1650 S. Westwood Blvd.,los angeles,Los Angeles,Los Angeles / California,Los Angeles,Unknown,Unknown,Affordable Housing,development_lifecycle.csv,24,80,address/location + market match,DUP-0115,No,"Matched across 5 source file(s): asset_parcel_intelligence.csv, deal_pipeline.csv, development_lifecycle.csv, entitlement_intelligence.csv"
2026-08-14,20260814-232136-af068659,L.A. City Planning Commission approves 379 apartments at 3200 S. La Cienega Blvd.,PRJ-20260814-0115,Office-to-Residential Conversion - Los Angeles / California - Residential conversion planned for office building at 1650 S. Westwood Blvd.,los angeles,Los Angeles,Los Angeles / California,Los Angeles,Unknown,Unknown,Affordable Housing,development_lifecycle.csv,24,80,address/location + market match,DUP-0115,No,"Matched across 5 source file(s): asset_parcel_intelligence.csv, deal_pipeline.csv, development_lifecycle.csv, entitlement_intelligence.csv"
2026-08-14,20260814-232136-af068659,Fresh renderings for Watts Towers Art Center revamp,PRJ-20260814-0115,Office-to-Residential Conversion - Los Angeles / California - Residential conversion planned for office building at 1650 S. Westwood Blvd.,los angeles,Los Angeles,Los Angeles / California,Los Angeles,Unknown,Unknown,General Residential,development_lifecycle.csv,24,80,address/location + market match,DUP-0115,No,"Matched across 5 source file(s): asset_parcel_intelligence.csv, deal_pipeline.csv, development_lifecycle.csv, entitlement_intelligence.csv"
2026-08-14,20260814-232136-af068659,405 apartments take shape at 6728 Sepulveda Blvd. in Van Nuys,PRJ-20260814-0115,Office-to-Residential Conversion - Los Angeles / California - Residential conversion planned for office building at 1650 S. Westwood Blvd.,los angeles,Los Angeles,Los Angeles / California,Los Angeles,Unknown,Unknown,Affordable Housing,lifecycle_transition.csv,24,80,address/location + market match,DUP-0115,No,"Matched across 5 source file(s): asset_parcel_intelligence.csv, deal_pipeline.csv, development_lifecycle.csv, entitlement_intelligence.csv"
2026-08-14,20260814-232136-af068659,Fresh renderings for Watts Towers Art Center revamp,PRJ-20260814-0115,Office-to-Residential Conversion - Los Angeles / California - Residential conversion planned for office building at 1650 S. Westwood Blvd.,los angeles,Los Angeles,Los Angeles / California,Los Angeles,Unknown,Unknown,General Residential,lifecycle_transition.csv,24,80,address/location + market match,DUP-0115,No,"Matched across 5 source file(s): asset_parcel_intelligence.csv, deal_pipeline.csv, development_lifecycle.csv, entitlement_intelligence.csv"
2026-08-14,20260814-232136-af068659,Residential conversion planned for office building at 1650 S. Westwood Blvd.,PRJ-20260814-0115,Office-to-Residential Conversion - Los Angeles / California - Residential conversion planned for office building at 1650 S. Westwood Blvd.,los angeles,Los Angeles,Los Angeles / California,Los Angeles,Unknown,Unknown,Office-to-Residential Conversion,lifecycle_transition.csv,24,80,address/location + market match,DUP-0115,No,"Matched across 5 source file(s): asset_parcel_intelligence.csv, deal_pipeline.csv, development_lifecycle.csv, entitlement_intelligence.csv"
2026-08-14,20260814-232136-af068659,L.A. City Planning Commission approves 379 apartments at 3200 S. La Cienega Blvd.,PRJ-20260814-0115,Office-to-Residential Conversion - Los Angeles / California - Residential conversion planned for office building at 1650 S. Westwood Blvd.,los angeles,Los Angeles,Los Angeles / California,Los Angeles,Unknown,Unknown,Affordable Housing,lifecycle_transition.csv,24,80,address/location + market match,DUP-0115,No,"Matched across 5 source file(s): asset_parcel_intelligence.csv, deal_pipeline.csv, development_lifecycle.csv, entitlement_intelligence.csv"
2026-08-14,20260814-232136-af068659,Affordable housing coming to 4345 S. Crenshaw Blvd. in Leimert Park,PRJ-20260814-0115,Office-to-Residential Conversion - Los Angeles / California - Residential conversion planned for office building at 1650 S. Westwood Blvd.,los angeles,Los Angeles,Los Angeles / California,Los Angeles,Unknown,Unknown,Affordable Housing,lifecycle_transition.csv,24,80,address/location + market match,DUP-0115,No,"Matched across 5 source file(s): asset_parcel_intelligence.csv, deal_pipeline.csv, development_lifecycle.csv, entitlement_intelligence.csv"
2026-08-14,20260814-232136-af068659,L.A. City Planning Commission approves 379 apartments at 3200 S. La Cienega Blvd.,PRJ-20260814-0115,Office-to-Residential Conversion - Los Angeles / California - Residential conversion planned for office building at 1650 S. Westwood Blvd.,los angeles,Los Angeles,Los Angeles / California,Los Angeles,Unknown,Unknown,Affordable Housing,entitlement_intelligence.csv,24,80,address/location + market match,DUP-0115,No,"Matched across 5 source file(s): asset_parcel_intelligence.csv, deal_pipeline.csv, development_lifecycle.csv, entitlement_intelligence.csv"
2026-08-14,20260814-232136-af068659,Office-to-Residential Conversion - Los Angeles / California - Residential conversion planned for office building at 1650 S. Westwood Blvd.,PRJ-20260814-0115,Office-to-Residential Conversion - Los Angeles / California - Residential conversion planned for office building at 1650 S. Westwood Blvd.,los angeles,Los Angeles,Los Angeles / California,Los Angeles,Unknown,Unknown,Office-to-Residential Conversion,entitlement_intelligence.csv,24,80,address/location + market match,DUP-0115,No,"Matched across 5 source file(s): asset_parcel_intelligence.csv, deal_pipeline.csv, development_lifecycle.csv, entitlement_intelligence.csv"
2026-08-14,20260814-232136-af068659,Office-to-Residential Conversion - Los Angeles / California - Fresh renderings for Watts Towers Art Center revamp,PRJ-20260814-0115,Office-to-Residential Conversion - Los Angeles / California - Residential conversion planned for office building at 1650 S. Westwood Blvd.,los angeles,Los Angeles,Los Angeles / California,Los Angeles,Unknown,Unknown,General Residential,entitlement_intelligence.csv,24,80,address/location + market match,DUP-0115,No,"Matched across 5 source file(s): asset_parcel_intelligence.csv, deal_pipeline.csv, development_lifecycle.csv, entitlement_intelligence.csv"
2026-08-14,20260814-232136-af068659,Entitlement / Permitting - Los Angeles / California - Affordable housing proposed at 1058 N. Kingsley Dr. in East Hollywood,PRJ-20260814-0115,Office-to-Residential Conversion - Los Angeles / California - Residential conversion planned for office building at 1650 S. Westwood Blvd.,los angeles,Los Angeles,Los Angeles / California,Los Angeles,Unknown,Unknown,Affordable Housing,entitlement_intelligence.csv,24,80,address/location + market match,DUP-0115,No,"Matched across 5 source file(s): asset_parcel_intelligence.csv, deal_pipeline.csv, development_lifecycle.csv, entitlement_intelligence.csv"
2026-08-14,20260814-232136-af068659,Entitlement / Permitting - Los Angeles / California - 405 apartments take shape at 6728 Sepulveda Blvd. in Van Nuys,PRJ-20260814-0115,Office-to-Residential Conversion - Los Angeles / California - Residential conversion planned for office building at 1650 S. Westwood Blvd.,los angeles,Los Angeles,Los Angeles / California,Los Angeles,Unknown,Unknown,Affordable Housing,entitlement_intelligence.csv,24,80,address/location + market match,DUP-0115,No,"Matched across 5 source file(s): asset_parcel_intelligence.csv, deal_pipeline.csv, development_lifecycle.csv, entitlement_intelligence.csv"
2026-08-14,20260814-232136-af068659,Disposition / Exit - California - Value-Add Golden Hill Apartments Trade in 1031 Exchange,PRJ-20260814-0074,"Acquisition - San Francisco / California - Sack Capital, Align Finance Close Financing for Two Step Up Housing Acquisitions",california,California,California,California,Unknown,Unknown,Apartment,asset_parcel_intelligence.csv,23,80,address/location + market match,DUP-0074,No,"Matched across 7 source file(s): asset_parcel_intelligence.csv, deal_fingerprints.csv, deal_pipeline.csv, development_lifecycle.csv"
2026-08-14,20260814-232136-af068659,"Acquisition - San Francisco / California - Sack Capital, Align Finance Close Financing for Two Step Up Housing Acquisitions",PRJ-20260814-0074,"Acquisition - San Francisco / California - Sack Capital, Align Finance Close Financing for Two Step Up Housing Acquisitions",california,California,California,California,Unknown,Unknown,Apartment,asset_parcel_intelligence.csv,23,80,address/location + market match,DUP-0074,No,"Matched across 7 source file(s): asset_parcel_intelligence.csv, deal_fingerprints.csv, deal_pipeline.csv, development_lifecycle.csv"
2026-08-14,20260814-232136-af068659,Disposition / Exit - California - Value-Add Golden Hill Apartments Trade in 1031 Exchange,PRJ-20260814-0074,"Acquisition - San Francisco / California - Sack Capital, Align Finance Close Financing for Two Step Up Housing Acquisitions",california,California,California,Unknown,Unknown,Unknown,Apartment,deal_fingerprints.csv,23,80,address/location + market match,DUP-0074,No,"Matched across 7 source file(s): asset_parcel_intelligence.csv, deal_fingerprints.csv, deal_pipeline.csv, development_lifecycle.csv"
2026-08-14,20260814-232136-af068659,Disposition / Exit - California - 23 homes coming to Uptown Newport Village,PRJ-20260814-0074,"Acquisition - San Francisco / California - Sack Capital, Align Finance Close Financing for Two Step Up Housing Acquisitions",california,California,California,Unknown,Unknown,Unknown,Mixed-Use Residential,deal_fingerprints.csv,23,80,address/location + market match,DUP-0074,No,"Matched across 7 source file(s): asset_parcel_intelligence.csv, deal_fingerprints.csv, deal_pipeline.csv, development_lifecycle.csv"
2026-08-14,20260814-232136-af068659,Entitlement / Permitting - California - Monterey Park approves upsized project at 114 E. Garvey Avenue,PRJ-20260814-0074,"Acquisition - San Francisco / California - Sack Capital, Align Finance Close Financing for Two Step Up Housing Acquisitions",california,California,California,Unknown,Unknown,Unknown,Mixed-Use Residential,deal_fingerprints.csv,23,80,address/location + market match,DUP-0074,No,"Matched across 7 source file(s): asset_parcel_intelligence.csv, deal_fingerprints.csv, deal_pipeline.csv, development_lifecycle.csv"
2026-08-14,20260814-232136-af068659,"Office-to-Residential Conversion - California - Meeting Tonight for 3101 Sacramento Street, South Berkeley",PRJ-20260814-0074,"Acquisition - San Francisco / California - Sack Capital, Align Finance Close Financing for Two Step Up Housing Acquisitions",california,California,California,Unknown,Unknown,Unknown,Mixed-Use Residential,deal_fingerprints.csv,23,80,address/location + market match,DUP-0074,No,"Matched across 7 source file(s): asset_parcel_intelligence.csv, deal_fingerprints.csv, deal_pipeline.csv, development_lifecycle.csv"
2026-08-14,20260814-232136-af068659,Entitlement / Permitting - California - Monterey Park approves upsized project at 114 E. Garvey Avenue,PRJ-20260814-0074,"Acquisition - San Francisco / California - Sack Capital, Align Finance Close Financing for Two Step Up Housing Acquisitions",california,California,California,California,Unknown,Unknown,Mixed-Use Residential,deal_pipeline.csv,23,80,address/location + market match,DUP-0074,No,"Matched across 7 source file(s): asset_parcel_intelligence.csv, deal_fingerprints.csv, deal_pipeline.csv, development_lifecycle.csv"
2026-08-14,20260814-232136-af068659,Disposition / Exit - California - Value-Add Golden Hill Apartments Trade in 1031 Exchange,PRJ-20260814-0074,"Acquisition - San Francisco / California - Sack Capital, Align Finance Close Financing for Two Step Up Housing Acquisitions",california,California,California,California,Unknown,Unknown,Apartment,deal_pipeline.csv,23,80,address/location + market match,DUP-0074,No,"Matched across 7 source file(s): asset_parcel_intelligence.csv, deal_fingerprints.csv, deal_pipeline.csv, development_lifecycle.csv"
2026-08-14,20260814-232136-af068659,"Meeting Tonight for 3101 Sacramento Street, South Berkeley",PRJ-20260814-0074,"Acquisition - San Francisco / California - Sack Capital, Align Finance Close Financing for Two Step Up Housing Acquisitions",california,California,California,Unknown,Unknown,Unknown,Mixed-Use Residential,development_lifecycle.csv,23,80,address/location + market match,DUP-0074,No,"Matched across 7 source file(s): asset_parcel_intelligence.csv, deal_fingerprints.csv, deal_pipeline.csv, development_lifecycle.csv"
2026-08-14,20260814-232136-af068659,Value-Add Golden Hill Apartments Trade in 1031 Exchange,PRJ-20260814-0074,"Acquisition - San Francisco / California - Sack Capital, Align Finance Close Financing for Two Step Up Housing Acquisitions",california,California,California,Unknown,Unknown,Unknown,Apartment,development_lifecycle.csv,23,80,address/location + market match,DUP-0074,No,"Matched across 7 source file(s): asset_parcel_intelligence.csv, deal_fingerprints.csv, deal_pipeline.csv, development_lifecycle.csv"
2026-08-14,20260814-232136-af068659,Entitlement / Permitting - California - Monterey Park approves upsized project at 114 E. Garvey Avenue,PRJ-20260814-0074,"Acquisition - San Francisco / California - Sack Capital, Align Finance Close Financing for Two Step Up Housing Acquisitions",california,California,California,California,Unknown,Unknown,Mixed-Use Residential,development_lifecycle.csv,23,80,address/location + market match,DUP-0074,No,"Matched across 7 source file(s): asset_parcel_intelligence.csv, deal_fingerprints.csv, deal_pipeline.csv, development_lifecycle.csv"
2026-08-14,20260814-232136-af068659,Disposition / Exit - California - Value-Add Golden Hill Apartments Trade in 1031 Exchange,PRJ-20260814-0074,"Acquisition - San Francisco / California - Sack Capital, Align Finance Close Financing for Two Step Up Housing Acquisitions",california,California,California,California,Unknown,Unknown,Apartment,development_lifecycle.csv,23,80,address/location + market match,DUP-0074,No,"Matched across 7 source file(s): asset_parcel_intelligence.csv, deal_fingerprints.csv, deal_pipeline.csv, development_lifecycle.csv"
2026-08-14,20260814-232136-af068659,"Acquisition - San Francisco / California - Sack Capital, Align Finance Close Financing for Two Step Up Housing Acquisitions",PRJ-20260814-0074,"Acquisition - San Francisco / California - Sack Capital, Align Finance Close Financing for Two Step Up Housing Acquisitions",california,California,California,California,Unknown,Unknown,Apartment,development_lifecycle.csv,23,80,address/location + market match,DUP-0074,No,"Matched across 7 source file(s): asset_parcel_intelligence.csv, deal_fingerprints.csv, deal_pipeline.csv, development_lifecycle.csv"
2026-08-14,20260814-232136-af068659,"Meeting Tonight for 3101 Sacramento Street, South Berkeley",PRJ-20260814-0074,"Acquisition - San Francisco / California - Sack Capital, Align Finance Close Financing for Two Step Up Housing Acquisitions",california,California,California,Unknown,Unknown,Unknown,Mixed-Use Residential,lifecycle_transition.csv,23,80,address/location + market match,DUP-0074,No,"Matched across 7 source file(s): asset_parcel_intelligence.csv, deal_fingerprints.csv, deal_pipeline.csv, development_lifecycle.csv"
2026-08-14,20260814-232136-af068659,Disposition / Exit - California - Value-Add Golden Hill Apartments Trade in 1031 Exchange,PRJ-20260814-0074,"Acquisition - San Francisco / California - Sack Capital, Align Finance Close Financing for Two Step Up Housing Acquisitions",california,California,California,California,Unknown,Unknown,Apartment,lifecycle_transition.csv,23,80,address/location + market match,DUP-0074,No,"Matched across 7 source file(s): asset_parcel_intelligence.csv, deal_fingerprints.csv, deal_pipeline.csv, development_lifecycle.csv"
2026-08-14,20260814-232136-af068659,Entitlement / Permitting - California - Monterey Park approves upsized project at 114 E. Garvey Avenue,PRJ-20260814-0074,"Acquisition - San Francisco / California - Sack Capital, Align Finance Close Financing for Two Step Up Housing Acquisitions",california,California,California,California,Unknown,Unknown,Mixed-Use Residential,lifecycle_transition.csv,23,80,address/location + market match,DUP-0074,No,"Matched across 7 source file(s): asset_parcel_intelligence.csv, deal_fingerprints.csv, deal_pipeline.csv, development_lifecycle.csv"
2026-08-14,20260814-232136-af068659,"Acquisition - San Francisco / California - Sack Capital, Align Finance Close Financing for Two Step Up Housing Acquisitions",PRJ-20260814-0074,"Acquisition - San Francisco / California - Sack Capital, Align Finance Close Financing for Two Step Up Housing Acquisitions",california,California,California,California,Unknown,Unknown,Apartment,lifecycle_transition.csv,23,80,address/location + market match,DUP-0074,No,"Matched across 7 source file(s): asset_parcel_intelligence.csv, deal_fingerprints.csv, deal_pipeline.csv, development_lifecycle.csv"
2026-08-14,20260814-232136-af068659,Value-Add Golden Hill Apartments Trade in 1031 Exchange,PRJ-20260814-0074,"Acquisition - San Francisco / California - Sack Capital, Align Finance Close Financing for Two Step Up Housing Acquisitions",california,California,California,Unknown,Unknown,Unknown,Apartment,lifecycle_transition.csv,23,80,address/location + market match,DUP-0074,No,"Matched across 7 source file(s): asset_parcel_intelligence.csv, deal_fingerprints.csv, deal_pipeline.csv, development_lifecycle.csv"
2026-08-14,20260814-232136-af068659,Entitlement / Permitting - California - Monterey Park approves upsized project at 114 E. Garvey Avenue,PRJ-20260814-0074,"Acquisition - San Francisco / California - Sack Capital, Align Finance Close Financing for Two Step Up Housing Acquisitions",california,California,California,Unknown,Unknown,Unknown,Mixed-Use Residential,opportunity_radar.csv,23,80,address/location + market match,DUP-0074,No,"Matched across 7 source file(s): asset_parcel_intelligence.csv, deal_fingerprints.csv, deal_pipeline.csv, development_lifecycle.csv"
2026-08-14,20260814-232136-af068659,Disposition / Exit - California - Value-Add Golden Hill Apartments Trade in 1031 Exchange,PRJ-20260814-0074,"Acquisition - San Francisco / California - Sack Capital, Align Finance Close Financing for Two Step Up Housing Acquisitions",california,California,California,Unknown,Unknown,Unknown,Apartment,opportunity_radar.csv,23,80,address/location + market match,DUP-0074,No,"Matched across 7 source file(s): asset_parcel_intelligence.csv, deal_fingerprints.csv, deal_pipeline.csv, development_lifecycle.csv"
2026-08-14,20260814-232136-af068659,Disposition / Exit - California - 23 homes coming to Uptown Newport Village,PRJ-20260814-0074,"Acquisition - San Francisco / California - Sack Capital, Align Finance Close Financing for Two Step Up Housing Acquisitions",california,California,California,Unknown,Unknown,Unknown,Mixed-Use Residential,opportunity_radar.csv,23,80,address/location + market match,DUP-0074,No,"Matched across 7 source file(s): asset_parcel_intelligence.csv, deal_fingerprints.csv, deal_pipeline.csv, development_lifecycle.csv"
2026-08-14,20260814-232136-af068659,"Office-to-Residential Conversion - California - Meeting Tonight for 3101 Sacramento Street, South Berkeley",PRJ-20260814-0074,"Acquisition - San Francisco / California - Sack Capital, Align Finance Close Financing for Two Step Up Housing Acquisitions",california,California,California,Unknown,Unknown,Unknown,Mixed-Use Residential,opportunity_radar.csv,23,80,address/location + market match,DUP-0074,No,"Matched across 7 source file(s): asset_parcel_intelligence.csv, deal_fingerprints.csv, deal_pipeline.csv, development_lifecycle.csv"
2026-08-14,20260814-232136-af068659,Entitlement / Permitting - California - Monterey Park approves upsized project at 114 E. Garvey Avenue,PRJ-20260814-0074,"Acquisition - San Francisco / California - Sack Capital, Align Finance Close Financing for Two Step Up Housing Acquisitions",california,California,California,California,Unknown,Unknown,Mixed-Use Residential,entitlement_intelligence.csv,23,80,address/location + market match,DUP-0074,No,"Matched across 7 source file(s): asset_parcel_intelligence.csv, deal_fingerprints.csv, deal_pipeline.csv, development_lifecycle.csv"
2026-08-14,20260814-232136-af068659,Office-to-Residential Conversion - Atlanta / Georgia - JLB Pursuing Buckhead Office-to-Apartments Conversion in Atlanta,PRJ-20260814-0062,Construction Financing - Atlanta / Georgia - Developer Duo Obtains Construction Financing for $147M Atlanta Student Housing Project,atlanta,Atlanta,Unknown,Atlanta,Unknown,Unknown,Apartment,asset_parcel_intelligence.csv,21,80,address/location + market match,DUP-0062,No,"Matched across 3 source file(s): asset_parcel_intelligence.csv, development_lifecycle.csv, lifecycle_transition.csv"
2026-08-14,20260814-232136-af068659,General Project Signal - Atlanta / Georgia - Atlanta Beltline Advancing 218-Unit Affordable Apartment Project,PRJ-20260814-0062,Construction Financing - Atlanta / Georgia - Developer Duo Obtains Construction Financing for $147M Atlanta Student Housing Project,atlanta,Atlanta,Unknown,Atlanta,Unknown,Unknown,Apartment,asset_parcel_intelligence.csv,21,80,address/location + market match,DUP-0062,No,"Matched across 3 source file(s): asset_parcel_intelligence.csv, development_lifecycle.csv, lifecycle_transition.csv"
2026-08-14,20260814-232136-af068659,Acquisition - Atlanta / Georgia - Saratoga Capital Pays $98.4M at Auction for Atlanta Apartment Community,PRJ-20260814-0062,Construction Financing - Atlanta / Georgia - Developer Duo Obtains Construction Financing for $147M Atlanta Student Housing Project,atlanta,Atlanta,Unknown,Atlanta,Unknown,Unknown,Apartment,asset_parcel_intelligence.csv,21,80,address/location + market match,DUP-0062,No,"Matched across 3 source file(s): asset_parcel_intelligence.csv, development_lifecycle.csv, lifecycle_transition.csv"
2026-08-14,20260814-232136-af068659,Acquisition - Atlanta / Georgia - ParkProperty Acquires 280-Unit Buckhead Apartment Community,PRJ-20260814-0062,Construction Financing - Atlanta / Georgia - Developer Duo Obtains Construction Financing for $147M Atlanta Student Housing Project,atlanta,Atlanta,Unknown,Atlanta,Unknown,Unknown,Apartment,asset_parcel_intelligence.csv,21,80,address/location + market match,DUP-0062,No,"Matched across 3 source file(s): asset_parcel_intelligence.csv, development_lifecycle.csv, lifecycle_transition.csv"
2026-08-14,20260814-232136-af068659,Office-to-Residential Conversion - Atlanta / Georgia - JLB Pursuing Buckhead Office-to-Apartments Conversion in Atlanta,PRJ-20260814-0062,Construction Financing - Atlanta / Georgia - Developer Duo Obtains Construction Financing for $147M Atlanta Student Housing Project,atlanta,Atlanta,Unknown,Atlanta,Unknown,Unknown,Apartment,asset_parcel_intelligence.csv,21,80,address/location + market match,DUP-0062,No,"Matched across 3 source file(s): asset_parcel_intelligence.csv, development_lifecycle.csv, lifecycle_transition.csv"
2026-08-14,20260814-232136-af068659,JV / Partnership - Atlanta / Georgia - Mesirow Pays $132M for Midtown Atlanta Apartment Community,PRJ-20260814-0062,Construction Financing - Atlanta / Georgia - Developer Duo Obtains Construction Financing for $147M Atlanta Student Housing Project,atlanta,Atlanta,Unknown,Atlanta,Unknown,Unknown,Apartment,asset_parcel_intelligence.csv,21,80,address/location + market match,DUP-0062,No,"Matched across 3 source file(s): asset_parcel_intelligence.csv, development_lifecycle.csv, lifecycle_transition.csv"
2026-08-14,20260814-232136-af068659,Construction Financing - Atlanta / Georgia - Developer Duo Obtains Construction Financing for $147M Atlanta Student Housing Project,PRJ-20260814-0062,Construction Financing - Atlanta / Georgia - Developer Duo Obtains Construction Financing for $147M Atlanta Student Housing Project,atlanta,Atlanta,Unknown,Atlanta,Unknown,Unknown,Student Housing,asset_parcel_intelligence.csv,21,80,address/location + market match,DUP-0062,No,"Matched across 3 source file(s): asset_parcel_intelligence.csv, development_lifecycle.csv, lifecycle_transition.csv"
2026-08-14,20260814-232136-af068659,Office-to-Residential Conversion - Atlanta / Georgia - JLB Pursuing Buckhead Office-to-Apartments Conversion in Atlanta,PRJ-20260814-0062,Construction Financing - Atlanta / Georgia - Developer Duo Obtains Construction Financing for $147M Atlanta Student Housing Project,atlanta,Atlanta,Unknown,Atlanta,Unknown,Unknown,Apartment,development_lifecycle.csv,21,80,address/location + market match,DUP-0062,No,"Matched across 3 source file(s): asset_parcel_intelligence.csv, development_lifecycle.csv, lifecycle_transition.csv"
2026-08-14,20260814-232136-af068659,General Project Signal - Atlanta / Georgia - Atlanta Beltline Advancing 218-Unit Affordable Apartment Project,PRJ-20260814-0062,Construction Financing - Atlanta / Georgia - Developer Duo Obtains Construction Financing for $147M Atlanta Student Housing Project,atlanta,Atlanta,Unknown,Atlanta,Unknown,Unknown,Apartment,development_lifecycle.csv,21,80,address/location + market match,DUP-0062,No,"Matched across 3 source file(s): asset_parcel_intelligence.csv, development_lifecycle.csv, lifecycle_transition.csv"
2026-08-14,20260814-232136-af068659,Acquisition - Atlanta / Georgia - Saratoga Capital Pays $98.4M at Auction for Atlanta Apartment Community,PRJ-20260814-0062,Construction Financing - Atlanta / Georgia - Developer Duo Obtains Construction Financing for $147M Atlanta Student Housing Project,atlanta,Atlanta,Unknown,Atlanta,Unknown,Unknown,Apartment,development_lifecycle.csv,21,80,address/location + market match,DUP-0062,No,"Matched across 3 source file(s): asset_parcel_intelligence.csv, development_lifecycle.csv, lifecycle_transition.csv"
2026-08-14,20260814-232136-af068659,Acquisition - Atlanta / Georgia - ParkProperty Acquires 280-Unit Buckhead Apartment Community,PRJ-20260814-0062,Construction Financing - Atlanta / Georgia - Developer Duo Obtains Construction Financing for $147M Atlanta Student Housing Project,atlanta,Atlanta,Unknown,Atlanta,Unknown,Unknown,Apartment,development_lifecycle.csv,21,80,address/location + market match,DUP-0062,No,"Matched across 3 source file(s): asset_parcel_intelligence.csv, development_lifecycle.csv, lifecycle_transition.csv"
2026-08-14,20260814-232136-af068659,Office-to-Residential Conversion - Atlanta / Georgia - JLB Pursuing Buckhead Office-to-Apartments Conversion in Atlanta,PRJ-20260814-0062,Construction Financing - Atlanta / Georgia - Developer Duo Obtains Construction Financing for $147M Atlanta Student Housing Project,atlanta,Atlanta,Unknown,Atlanta,Unknown,Unknown,Apartment,development_lifecycle.csv,21,80,address/location + market match,DUP-0062,No,"Matched across 3 source file(s): asset_parcel_intelligence.csv, development_lifecycle.csv, lifecycle_transition.csv"
2026-08-14,20260814-232136-af068659,JV / Partnership - Atlanta / Georgia - Mesirow Pays $132M for Midtown Atlanta Apartment Community,PRJ-20260814-0062,Construction Financing - Atlanta / Georgia - Developer Duo Obtains Construction Financing for $147M Atlanta Student Housing Project,atlanta,Atlanta,Unknown,Atlanta,Unknown,Unknown,Apartment,development_lifecycle.csv,21,80,address/location + market match,DUP-0062,No,"Matched across 3 source file(s): asset_parcel_intelligence.csv, development_lifecycle.csv, lifecycle_transition.csv"
2026-08-14,20260814-232136-af068659,Construction Financing - Atlanta / Georgia - Developer Duo Obtains Construction Financing for $147M Atlanta Student Housing Project,PRJ-20260814-0062,Construction Financing - Atlanta / Georgia - Developer Duo Obtains Construction Financing for $147M Atlanta Student Housing Project,atlanta,Atlanta,Unknown,Atlanta,Unknown,Unknown,Student Housing,development_lifecycle.csv,21,80,address/location + market match,DUP-0062,No,"Matched across 3 source file(s): asset_parcel_intelligence.csv, development_lifecycle.csv, lifecycle_transition.csv"
2026-08-14,20260814-232136-af068659,Office-to-Residential Conversion - Atlanta / Georgia - JLB Pursuing Buckhead Office-to-Apartments Conversion in Atlanta,PRJ-20260814-0062,Construction Financing - Atlanta / Georgia - Developer Duo Obtains Construction Financing for $147M Atlanta Student Housing Project,atlanta,Atlanta,Unknown,Atlanta,Unknown,Unknown,Apartment,lifecycle_transition.csv,21,80,address/location + market match,DUP-0062,No,"Matched across 3 source file(s): asset_parcel_intelligence.csv, development_lifecycle.csv, lifecycle_transition.csv"
2026-08-14,20260814-232136-af068659,Acquisition - Atlanta / Georgia - ParkProperty Acquires 280-Unit Buckhead Apartment Community,PRJ-20260814-0062,Construction Financing - Atlanta / Georgia - Developer Duo Obtains Construction Financing for $147M Atlanta Student Housing Project,atlanta,Atlanta,Unknown,Atlanta,Unknown,Unknown,Apartment,lifecycle_transition.csv,21,80,address/location + market match,DUP-0062,No,"Matched across 3 source file(s): asset_parcel_intelligence.csv, development_lifecycle.csv, lifecycle_transition.csv"
2026-08-14,20260814-232136-af068659,Acquisition - Atlanta / Georgia - Saratoga Capital Pays $98.4M at Auction for Atlanta Apartment Community,PRJ-20260814-0062,Construction Financing - Atlanta / Georgia - Developer Duo Obtains Construction Financing for $147M Atlanta Student Housing Project,atlanta,Atlanta,Unknown,Atlanta,Unknown,Unknown,Apartment,lifecycle_transition.csv,21,80,address/location + market match,DUP-0062,No,"Matched across 3 source file(s): asset_parcel_intelligence.csv, development_lifecycle.csv, lifecycle_transition.csv"
2026-08-14,20260814-232136-af068659,General Project Signal - Atlanta / Georgia - Atlanta Beltline Advancing 218-Unit Affordable Apartment Project,PRJ-20260814-0062,Construction Financing - Atlanta / Georgia - Developer Duo Obtains Construction Financing for $147M Atlanta Student Housing Project,atlanta,Atlanta,Unknown,Atlanta,Unknown,Unknown,Apartment,lifecycle_transition.csv,21,80,address/location + market match,DUP-0062,No,"Matched across 3 source file(s): asset_parcel_intelligence.csv, development_lifecycle.csv, lifecycle_transition.csv"
2026-08-14,20260814-232136-af068659,Office-to-Residential Conversion - Atlanta / Georgia - JLB Pursuing Buckhead Office-to-Apartments Conversion in Atlanta,PRJ-20260814-0062,Construction Financing - Atlanta / Georgia - Developer Duo Obtains Construction Financing for $147M Atlanta Student Housing Project,atlanta,Atlanta,Unknown,Atlanta,Unknown,Unknown,Apartment,lifecycle_transition.csv,21,80,address/location + market match,DUP-0062,No,"Matched across 3 source file(s): asset_parcel_intelligence.csv, development_lifecycle.csv, lifecycle_transition.csv"
2026-08-14,20260814-232136-af068659,Construction Financing - Atlanta / Georgia - Developer Duo Obtains Construction Financing for $147M Atlanta Student Housing Project,PRJ-20260814-0062,Construction Financing - Atlanta / Georgia - Developer Duo Obtains Construction Financing for $147M Atlanta Student Housing Project,atlanta,Atlanta,Unknown,Atlanta,Unknown,Unknown,Student Housing,lifecycle_transition.csv,21,80,address/location + market match,DUP-0062,No,"Matched across 3 source file(s): asset_parcel_intelligence.csv, development_lifecycle.csv, lifecycle_transition.csv"
2026-08-14,20260814-232136-af068659,JV / Partnership - Atlanta / Georgia - Mesirow Pays $132M for Midtown Atlanta Apartment Community,PRJ-20260814-0062,Construction Financing - Atlanta / Georgia - Developer Duo Obtains Construction Financing for $147M Atlanta Student Housing Project,atlanta,Atlanta,Unknown,Atlanta,Unknown,Unknown,Apartment,lifecycle_transition.csv,21,80,address/location + market match,DUP-0062,No,"Matched across 3 source file(s): asset_parcel_intelligence.csv, development_lifecycle.csv, lifecycle_transition.csv"
2026-08-14,20260814-232136-af068659,JV / Partnership - California - Newmark Arranges Fannie Mae Loan on San Clemente Active-Adult Complex,PRJ-20260814-0069,JV / Partnership - California - Newmark Arranges Fannie Mae Loan on San Clemente Active-Adult Complex,california,California,California,California,Fannie Mae,Fannie Mae,Apartment,asset_parcel_intelligence.csv,20,100,exact address + developer match,DUP-0069,No,"Matched across 10 source file(s): asset_parcel_intelligence.csv, deal_fingerprints.csv, deal_pipeline.csv, development_lifecycle.csv"
2026-08-14,20260814-232136-af068659,Newmark Arranges Fannie Mae Loan on San Clemente Active-Adult Complex,PRJ-20260814-0069,JV / Partnership - California - Newmark Arranges Fannie Mae Loan on San Clemente Active-Adult Complex,california,California,Other / Unknown,Los Angeles,Fannie Mae,Unknown,Apartment,la_asset_watch.csv,20,100,exact address + developer match,DUP-0069,No,"Matched across 10 source file(s): asset_parcel_intelligence.csv, deal_fingerprints.csv, deal_pipeline.csv, development_lifecycle.csv"
2026-08-14,20260814-232136-af068659,JV / Partnership - California - Newmark Arranges Fannie Mae Loan on San Clemente Active-Adult Complex,PRJ-20260814-0069,JV / Partnership - California - Newmark Arranges Fannie Mae Loan on San Clemente Active-Adult Complex,california,California,California,Unknown,Fannie Mae,Unknown,Apartment,deal_fingerprints.csv,20,100,exact address + developer match,DUP-0069,No,"Matched across 10 source file(s): asset_parcel_intelligence.csv, deal_fingerprints.csv, deal_pipeline.csv, development_lifecycle.csv"
2026-08-14,20260814-232136-af068659,Refinancing - California - Westphal Company Lands $56M Refi for San Diego Apartments,PRJ-20260814-0069,JV / Partnership - California - Newmark Arranges Fannie Mae Loan on San Clemente Active-Adult Complex,california,California,California,Unknown,Fannie Mae,Unknown,Apartment,deal_fingerprints.csv,20,100,exact address + developer match,DUP-0069,No,"Matched across 10 source file(s): asset_parcel_intelligence.csv, deal_fingerprints.csv, deal_pipeline.csv, development_lifecycle.csv"
2026-08-14,20260814-232136-af068659,JV / Partnership - California - Newmark Arranges Fannie Mae Loan on San Clemente Active-Adult Complex,PRJ-20260814-0069,JV / Partnership - California - Newmark Arranges Fannie Mae Loan on San Clemente Active-Adult Complex,california,California,California,California,Fannie Mae,fannie mae,Apartment,deal_pipeline.csv,20,100,exact address + developer match,DUP-0069,No,"Matched across 10 source file(s): asset_parcel_intelligence.csv, deal_fingerprints.csv, deal_pipeline.csv, development_lifecycle.csv"
2026-08-14,20260814-232136-af068659,Westphal Company Lands $56M Refi for San Diego Apartments,PRJ-20260814-0069,JV / Partnership - California - Newmark Arranges Fannie Mae Loan on San Clemente Active-Adult Complex,california,California,California,Unknown,Fannie Mae,Unknown,Apartment,development_lifecycle.csv,20,100,exact address + developer match,DUP-0069,No,"Matched across 10 source file(s): asset_parcel_intelligence.csv, deal_fingerprints.csv, deal_pipeline.csv, development_lifecycle.csv"
2026-08-14,20260814-232136-af068659,JV / Partnership - California - Newmark Arranges Fannie Mae Loan on San Clemente Active-Adult Complex,PRJ-20260814-0069,JV / Partnership - California - Newmark Arranges Fannie Mae Loan on San Clemente Active-Adult Complex,california,California,California,California,Fannie Mae,Fannie Mae,Apartment,development_lifecycle.csv,20,100,exact address + developer match,DUP-0069,No,"Matched across 10 source file(s): asset_parcel_intelligence.csv, deal_fingerprints.csv, deal_pipeline.csv, development_lifecycle.csv"
2026-08-14,20260814-232136-af068659,Westphal Company Lands $56M Refi for San Diego Apartments,PRJ-20260814-0069,JV / Partnership - California - Newmark Arranges Fannie Mae Loan on San Clemente Active-Adult Complex,california,California,California,Unknown,Fannie Mae,Unknown,Apartment,lifecycle_transition.csv,20,100,exact address + developer match,DUP-0069,No,"Matched across 10 source file(s): asset_parcel_intelligence.csv, deal_fingerprints.csv, deal_pipeline.csv, development_lifecycle.csv"
2026-08-14,20260814-232136-af068659,JV / Partnership - California - Newmark Arranges Fannie Mae Loan on San Clemente Active-Adult Complex,PRJ-20260814-0069,JV / Partnership - California - Newmark Arranges Fannie Mae Loan on San Clemente Active-Adult Complex,california,California,California,California,Fannie Mae,Unknown,Apartment,lifecycle_transition.csv,20,100,exact address + developer match,DUP-0069,No,"Matched across 10 source file(s): asset_parcel_intelligence.csv, deal_fingerprints.csv, deal_pipeline.csv, development_lifecycle.csv"
2026-08-14,20260814-232136-af068659,JV / Partnership - California - Newmark Arranges Fannie Mae Loan on San Clemente Active-Adult Complex,PRJ-20260814-0069,JV / Partnership - California - Newmark Arranges Fannie Mae Loan on San Clemente Active-Adult Complex,california,California,Other / Unknown,California,Fannie Mae,Unknown,Apartment,la_lifecycle_transition_watch.csv,20,100,exact address + developer match,DUP-0069,No,"Matched across 10 source file(s): asset_parcel_intelligence.csv, deal_fingerprints.csv, deal_pipeline.csv, development_lifecycle.csv"
2026-08-14,20260814-232136-af068659,Refinancing - California - Westphal Company Lands $56M Refi for San Diego Apartments,PRJ-20260814-0069,JV / Partnership - California - Newmark Arranges Fannie Mae Loan on San Clemente Active-Adult Complex,california,California,California,Unknown,Fannie Mae,Unknown,Apartment,opportunity_radar.csv,20,100,exact address + developer match,DUP-0069,No,"Matched across 10 source file(s): asset_parcel_intelligence.csv, deal_fingerprints.csv, deal_pipeline.csv, development_lifecycle.csv"
2026-08-14,20260814-232136-af068659,JV / Partnership - California - Newmark Arranges Fannie Mae Loan on San Clemente Active-Adult Complex,PRJ-20260814-0069,JV / Partnership - California - Newmark Arranges Fannie Mae Loan on San Clemente Active-Adult Complex,california,California,California,Unknown,Fannie Mae,Unknown,Apartment,opportunity_radar.csv,20,100,exact address + developer match,DUP-0069,No,"Matched across 10 source file(s): asset_parcel_intelligence.csv, deal_fingerprints.csv, deal_pipeline.csv, development_lifecycle.csv"
2026-08-14,20260814-232136-af068659,Refinancing - California - Westphal Company Lands $56M Refi for San Diego Apartments,PRJ-20260814-0069,JV / Partnership - California - Newmark Arranges Fannie Mae Loan on San Clemente Active-Adult Complex,california,California,California,Unknown,Fannie Mae,Fannie Mae,Apartment,distress_watchlist.csv,20,100,exact address + developer match,DUP-0069,No,"Matched across 10 source file(s): asset_parcel_intelligence.csv, deal_fingerprints.csv, deal_pipeline.csv, development_lifecycle.csv"
2026-08-14,20260814-232136-af068659,Westphal Company Lands $56M Refi for San Diego Apartments,PRJ-20260814-0069,JV / Partnership - California - Newmark Arranges Fannie Mae Loan on San Clemente Active-Adult Complex,california,California,California,Unknown,Fannie Mae,fannie mae,General Residential,relationship_graph.csv,20,100,exact address + developer match,DUP-0069,No,"Matched across 10 source file(s): asset_parcel_intelligence.csv, deal_fingerprints.csv, deal_pipeline.csv, development_lifecycle.csv"
2026-08-14,20260814-232136-af068659,Newmark Arranges Fannie Mae Loan on San Clemente Active-Adult Complex,PRJ-20260814-0069,JV / Partnership - California - Newmark Arranges Fannie Mae Loan on San Clemente Active-Adult Complex,california,California,California,Unknown,Fannie Mae,fannie mae,General Residential,relationship_graph.csv,20,100,exact address + developer match,DUP-0069,No,"Matched across 10 source file(s): asset_parcel_intelligence.csv, deal_fingerprints.csv, deal_pipeline.csv, development_lifecycle.csv"
2026-08-14,20260814-232136-af068659,Westphal Company Lands $56M Refi for San Diego Apartments,PRJ-20260814-0069,JV / Partnership - California - Newmark Arranges Fannie Mae Loan on San Clemente Active-Adult Complex,california,California,California,Unknown,Fannie Mae,California,General Residential,relationship_graph.csv,20,100,exact address + developer match,DUP-0069,No,"Matched across 10 source file(s): asset_parcel_intelligence.csv, deal_fingerprints.csv, deal_pipeline.csv, development_lifecycle.csv"
2026-08-14,20260814-232136-af068659,Westphal Company Lands $56M Refi for San Diego Apartments,PRJ-20260814-0069,JV / Partnership - California - Newmark Arranges Fannie Mae Loan on San Clemente Active-Adult Complex,california,California,California,Unknown,Fannie Mae,Refinancing - California - Westphal Company Lands $56M Refi for San Diego Apartments,General Residential,relationship_graph.csv,20,100,exact address + developer match,DUP-0069,No,"Matched across 10 source file(s): asset_parcel_intelligence.csv, deal_fingerprints.csv, deal_pipeline.csv, development_lifecycle.csv"
2026-08-14,20260814-232136-af068659,Westphal Company Lands $56M Refi for San Diego Apartments,PRJ-20260814-0069,JV / Partnership - California - Newmark Arranges Fannie Mae Loan on San Clemente Active-Adult Complex,california,California,California,Unknown,Fannie Mae,San Diego,General Residential,relationship_graph.csv,20,100,exact address + developer match,DUP-0069,No,"Matched across 10 source file(s): asset_parcel_intelligence.csv, deal_fingerprints.csv, deal_pipeline.csv, development_lifecycle.csv"
2026-08-14,20260814-232136-af068659,Newmark Arranges Fannie Mae Loan on San Clemente Active-Adult Complex,PRJ-20260814-0069,JV / Partnership - California - Newmark Arranges Fannie Mae Loan on San Clemente Active-Adult Complex,california,California,California,Unknown,Fannie Mae,California,General Residential,relationship_graph.csv,20,100,exact address + developer match,DUP-0069,No,"Matched across 10 source file(s): asset_parcel_intelligence.csv, deal_fingerprints.csv, deal_pipeline.csv, development_lifecycle.csv"
2026-08-14,20260814-232136-af068659,Newmark Arranges Fannie Mae Loan on San Clemente Active-Adult Complex,PRJ-20260814-0069,JV / Partnership - California - Newmark Arranges Fannie Mae Loan on San Clemente Active-Adult Complex,california,California,California,Unknown,Fannie Mae,JV / Partnership - California - Newmark Arranges Fannie Mae Loan on San Clemente Active-Adult Complex,General Residential,relationship_graph.csv,20,100,exact address + developer match,DUP-0069,No,"Matched across 10 source file(s): asset_parcel_intelligence.csv, deal_fingerprints.csv, deal_pipeline.csv, development_lifecycle.csv"
2026-08-14,20260814-232136-af068659,Office-to-Residential Conversion - Atlanta / Georgia - JLB Pursuing Buckhead Office-to-Apartments Conversion,PRJ-20260814-0060,Construction Financing - Atlanta / Georgia - Developer Duo Obtains Construction Financing for $147M Atlanta Student Housing Project,atlanta,Atlanta,Atlanta / Georgia,Atlanta,Unknown,Unknown,Apartment,asset_parcel_intelligence.csv,20,80,address/location + market match,DUP-0060,No,"Matched across 5 source file(s): asset_parcel_intelligence.csv, deal_pipeline.csv, development_lifecycle.csv, entitlement_intelligence.csv"
2026-08-14,20260814-232136-af068659,Construction Financing - Atlanta / Georgia - Developer Duo Obtains Construction Financing for $147M Atlanta Student Housing Project,PRJ-20260814-0060,Construction Financing - Atlanta / Georgia - Developer Duo Obtains Construction Financing for $147M Atlanta Student Housing Project,atlanta,Atlanta,Atlanta / Georgia,Atlanta,Unknown,Unknown,Student Housing,deal_pipeline.csv,20,80,address/location + market match,DUP-0060,No,"Matched across 5 source file(s): asset_parcel_intelligence.csv, deal_pipeline.csv, development_lifecycle.csv, entitlement_intelligence.csv"
2026-08-14,20260814-232136-af068659,General Project Signal - Atlanta / Georgia - Atlanta Beltline Advancing 218-Unit Affordable Apartment Project,PRJ-20260814-0060,Construction Financing - Atlanta / Georgia - Developer Duo Obtains Construction Financing for $147M Atlanta Student Housing Project,atlanta,Atlanta,Atlanta / Georgia,Atlanta,Unknown,Unknown,Apartment,deal_pipeline.csv,20,80,address/location + market match,DUP-0060,No,"Matched across 5 source file(s): asset_parcel_intelligence.csv, deal_pipeline.csv, development_lifecycle.csv, entitlement_intelligence.csv"
2026-08-14,20260814-232136-af068659,Office-to-Residential Conversion - Atlanta / Georgia - JLB Pursuing Buckhead Office-to-Apartments Conversion in Atlanta,PRJ-20260814-0060,Construction Financing - Atlanta / Georgia - Developer Duo Obtains Construction Financing for $147M Atlanta Student Housing Project,atlanta,Atlanta,Atlanta / Georgia,Atlanta,Unknown,Unknown,Apartment,deal_pipeline.csv,20,80,address/location + market match,DUP-0060,No,"Matched across 5 source file(s): asset_parcel_intelligence.csv, deal_pipeline.csv, development_lifecycle.csv, entitlement_intelligence.csv"
2026-08-14,20260814-232136-af068659,Acquisition - Atlanta / Georgia - Saratoga Capital Pays $98.4M at Auction for Atlanta Apartment Community,PRJ-20260814-0060,Construction Financing - Atlanta / Georgia - Developer Duo Obtains Construction Financing for $147M Atlanta Student Housing Project,atlanta,Atlanta,Atlanta / Georgia,Atlanta,Unknown,Unknown,Apartment,deal_pipeline.csv,20,80,address/location + market match,DUP-0060,No,"Matched across 5 source file(s): asset_parcel_intelligence.csv, deal_pipeline.csv, development_lifecycle.csv, entitlement_intelligence.csv"
2026-08-14,20260814-232136-af068659,JV / Partnership - Atlanta / Georgia - Mesirow Pays $132M for Midtown Atlanta Apartment Community,PRJ-20260814-0060,Construction Financing - Atlanta / Georgia - Developer Duo Obtains Construction Financing for $147M Atlanta Student Housing Project,atlanta,Atlanta,Atlanta / Georgia,Atlanta,Unknown,Unknown,Apartment,deal_pipeline.csv,20,80,address/location + market match,DUP-0060,No,"Matched across 5 source file(s): asset_parcel_intelligence.csv, deal_pipeline.csv, development_lifecycle.csv, entitlement_intelligence.csv"
2026-08-14,20260814-232136-af068659,Office-to-Residential Conversion - Atlanta / Georgia - JLB Pursuing Buckhead Office-to-Apartments Conversion,PRJ-20260814-0060,Construction Financing - Atlanta / Georgia - Developer Duo Obtains Construction Financing for $147M Atlanta Student Housing Project,atlanta,Atlanta,Atlanta / Georgia,Atlanta,Unknown,Unknown,Apartment,deal_pipeline.csv,20,80,address/location + market match,DUP-0060,No,"Matched across 5 source file(s): asset_parcel_intelligence.csv, deal_pipeline.csv, development_lifecycle.csv, entitlement_intelligence.csv"
2026-08-14,20260814-232136-af068659,Acquisition - Atlanta / Georgia - ParkProperty Acquires 280-Unit Buckhead Apartment Community,PRJ-20260814-0060,Construction Financing - Atlanta / Georgia - Developer Duo Obtains Construction Financing for $147M Atlanta Student Housing Project,atlanta,Atlanta,Atlanta / Georgia,Atlanta,Unknown,Unknown,Apartment,deal_pipeline.csv,20,80,address/location + market match,DUP-0060,No,"Matched across 5 source file(s): asset_parcel_intelligence.csv, deal_pipeline.csv, development_lifecycle.csv, entitlement_intelligence.csv"
2026-08-14,20260814-232136-af068659,JLB Pursuing Buckhead Office-to-Apartments Conversion in Atlanta,PRJ-20260814-0060,Construction Financing - Atlanta / Georgia - Developer Duo Obtains Construction Financing for $147M Atlanta Student Housing Project,atlanta,Atlanta,Atlanta / Georgia,Atlanta,Unknown,Unknown,Apartment,development_lifecycle.csv,20,80,address/location + market match,DUP-0060,No,"Matched across 5 source file(s): asset_parcel_intelligence.csv, deal_pipeline.csv, development_lifecycle.csv, entitlement_intelligence.csv"
2026-08-14,20260814-232136-af068659,Atlanta Beltline Advancing 218-Unit Affordable Apartment Project,PRJ-20260814-0060,Construction Financing - Atlanta / Georgia - Developer Duo Obtains Construction Financing for $147M Atlanta Student Housing Project,atlanta,Atlanta,Atlanta / Georgia,Atlanta,Unknown,Unknown,Apartment,development_lifecycle.csv,20,80,address/location + market match,DUP-0060,No,"Matched across 5 source file(s): asset_parcel_intelligence.csv, deal_pipeline.csv, development_lifecycle.csv, entitlement_intelligence.csv"
2026-08-14,20260814-232136-af068659,Hines Announces Plans for SouthPark Mixed-Use Multifamily Venture in Atlanta,PRJ-20260814-0060,Construction Financing - Atlanta / Georgia - Developer Duo Obtains Construction Financing for $147M Atlanta Student Housing Project,atlanta,Atlanta,Atlanta / Georgia,Atlanta,Unknown,Unknown,Mixed-Use Residential,development_lifecycle.csv,20,80,address/location + market match,DUP-0060,No,"Matched across 5 source file(s): asset_parcel_intelligence.csv, deal_pipeline.csv, development_lifecycle.csv, entitlement_intelligence.csv"
2026-08-14,20260814-232136-af068659,JLB Pursuing Buckhead Office-to-Apartments Conversion,PRJ-20260814-0060,Construction Financing - Atlanta / Georgia - Developer Duo Obtains Construction Financing for $147M Atlanta Student Housing Project,atlanta,Atlanta,Atlanta / Georgia,Atlanta,Unknown,Unknown,Apartment,development_lifecycle.csv,20,80,address/location + market match,DUP-0060,No,"Matched across 5 source file(s): asset_parcel_intelligence.csv, deal_pipeline.csv, development_lifecycle.csv, entitlement_intelligence.csv"
2026-08-14,20260814-232136-af068659,Office-to-Residential Conversion - Atlanta / Georgia - JLB Pursuing Buckhead Office-to-Apartments Conversion,PRJ-20260814-0060,Construction Financing - Atlanta / Georgia - Developer Duo Obtains Construction Financing for $147M Atlanta Student Housing Project,atlanta,Atlanta,Atlanta / Georgia,Atlanta,Unknown,Unknown,Apartment,development_lifecycle.csv,20,80,address/location + market match,DUP-0060,No,"Matched across 5 source file(s): asset_parcel_intelligence.csv, deal_pipeline.csv, development_lifecycle.csv, entitlement_intelligence.csv"
2026-08-14,20260814-232136-af068659,JLB Pursuing Buckhead Office-to-Apartments Conversion in Atlanta,PRJ-20260814-0060,Construction Financing - Atlanta / Georgia - Developer Duo Obtains Construction Financing for $147M Atlanta Student Housing Project,atlanta,Atlanta,Atlanta / Georgia,Atlanta,Unknown,Unknown,Apartment,lifecycle_transition.csv,20,80,address/location + market match,DUP-0060,No,"Matched across 5 source file(s): asset_parcel_intelligence.csv, deal_pipeline.csv, development_lifecycle.csv, entitlement_intelligence.csv"
2026-08-14,20260814-232136-af068659,Atlanta Beltline Advancing 218-Unit Affordable Apartment Project,PRJ-20260814-0060,Construction Financing - Atlanta / Georgia - Developer Duo Obtains Construction Financing for $147M Atlanta Student Housing Project,atlanta,Atlanta,Atlanta / Georgia,Atlanta,Unknown,Unknown,Apartment,lifecycle_transition.csv,20,80,address/location + market match,DUP-0060,No,"Matched across 5 source file(s): asset_parcel_intelligence.csv, deal_pipeline.csv, development_lifecycle.csv, entitlement_intelligence.csv"
2026-08-14,20260814-232136-af068659,Office-to-Residential Conversion - Atlanta / Georgia - JLB Pursuing Buckhead Office-to-Apartments Conversion,PRJ-20260814-0060,Construction Financing - Atlanta / Georgia - Developer Duo Obtains Construction Financing for $147M Atlanta Student Housing Project,atlanta,Atlanta,Atlanta / Georgia,Atlanta,Unknown,Unknown,Apartment,lifecycle_transition.csv,20,80,address/location + market match,DUP-0060,No,"Matched across 5 source file(s): asset_parcel_intelligence.csv, deal_pipeline.csv, development_lifecycle.csv, entitlement_intelligence.csv"
2026-08-14,20260814-232136-af068659,Hines Announces Plans for SouthPark Mixed-Use Multifamily Venture in Atlanta,PRJ-20260814-0060,Construction Financing - Atlanta / Georgia - Developer Duo Obtains Construction Financing for $147M Atlanta Student Housing Project,atlanta,Atlanta,Atlanta / Georgia,Atlanta,Unknown,Unknown,Mixed-Use Residential,lifecycle_transition.csv,20,80,address/location + market match,DUP-0060,No,"Matched across 5 source file(s): asset_parcel_intelligence.csv, deal_pipeline.csv, development_lifecycle.csv, entitlement_intelligence.csv"
2026-08-14,20260814-232136-af068659,JLB Pursuing Buckhead Office-to-Apartments Conversion,PRJ-20260814-0060,Construction Financing - Atlanta / Georgia - Developer Duo Obtains Construction Financing for $147M Atlanta Student Housing Project,atlanta,Atlanta,Atlanta / Georgia,Atlanta,Unknown,Unknown,Apartment,lifecycle_transition.csv,20,80,address/location + market match,DUP-0060,No,"Matched across 5 source file(s): asset_parcel_intelligence.csv, deal_pipeline.csv, development_lifecycle.csv, entitlement_intelligence.csv"
2026-08-14,20260814-232136-af068659,Office-to-Residential Conversion - Atlanta / Georgia - JLB Pursuing Buckhead Office-to-Apartments Conversion in Atlanta,PRJ-20260814-0060,Construction Financing - Atlanta / Georgia - Developer Duo Obtains Construction Financing for $147M Atlanta Student Housing Project,atlanta,Atlanta,Atlanta / Georgia,Atlanta,Unknown,Unknown,Apartment,entitlement_intelligence.csv,20,80,address/location + market match,DUP-0060,No,"Matched across 5 source file(s): asset_parcel_intelligence.csv, deal_pipeline.csv, development_lifecycle.csv, entitlement_intelligence.csv"
2026-08-14,20260814-232136-af068659,Office-to-Residential Conversion - Atlanta / Georgia - JLB Pursuing Buckhead Office-to-Apartments Conversion,PRJ-20260814-0060,Construction Financing - Atlanta / Georgia - Developer Duo Obtains Construction Financing for $147M Atlanta Student Housing Project,atlanta,Atlanta,Atlanta / Georgia,Atlanta,Unknown,Unknown,Apartment,entitlement_intelligence.csv,20,80,address/location + market match,DUP-0060,No,"Matched across 5 source file(s): asset_parcel_intelligence.csv, deal_pipeline.csv, development_lifecycle.csv, entitlement_intelligence.csv"
2026-08-14,20260814-232136-af068659,BXP Signs on as Development Advisor for Unfinished Oceanwide Tower Mixed-Use Project in San Francisco,PRJ-20260814-0107,Office-to-Residential Conversion - Los Angeles / California - Residential conversion planned for office building at 1650 S. Westwood Blvd.,los angeles california,Los Angeles / California,Los Angeles / California,Unknown,Unknown,Unknown,Mixed-Use Residential,asset_parcel_intelligence.csv,20,80,address/location + market match,DUP-0107,No,"Matched across 5 source file(s): asset_parcel_intelligence.csv, deal_fingerprints.csv, development_lifecycle.csv, lifecycle_transition.csv"
2026-08-14,20260814-232136-af068659,Entitlement / Permitting - Los Angeles / California - Affordable housing proposed at 1058 N. Kingsley Dr. in East Hollywood,PRJ-20260814-0107,Office-to-Residential Conversion - Los Angeles / California - Residential conversion planned for office building at 1650 S. Westwood Blvd.,los angeles california,Los Angeles / California,Los Angeles / California,Unknown,Unknown,Unknown,Affordable Housing,deal_fingerprints.csv,20,80,address/location + market match,DUP-0107,No,"Matched across 5 source file(s): asset_parcel_intelligence.csv, deal_fingerprints.csv, development_lifecycle.csv, lifecycle_transition.csv"
2026-08-14,20260814-232136-af068659,Disposition / Exit - Los Angeles / California - Co-Living Complex Near UCLA Will Become Multifamily Student Housing Building,PRJ-20260814-0107,Office-to-Residential Conversion - Los Angeles / California - Residential conversion planned for office building at 1650 S. Westwood Blvd.,los angeles california,Los Angeles / California,Los Angeles / California,Unknown,Unknown,Unknown,Student Housing,deal_fingerprints.csv,20,80,address/location + market match,DUP-0107,No,"Matched across 5 source file(s): asset_parcel_intelligence.csv, deal_fingerprints.csv, development_lifecycle.csv, lifecycle_transition.csv"
2026-08-14,20260814-232136-af068659,Entitlement / Permitting - Los Angeles / California - 405 apartments take shape at 6728 Sepulveda Blvd. in Van Nuys,PRJ-20260814-0107,Office-to-Residential Conversion - Los Angeles / California - Residential conversion planned for office building at 1650 S. Westwood Blvd.,los angeles california,Los Angeles / California,Los Angeles / California,Unknown,Unknown,Unknown,Affordable Housing,deal_fingerprints.csv,20,80,address/location + market match,DUP-0107,No,"Matched across 5 source file(s): asset_parcel_intelligence.csv, deal_fingerprints.csv, development_lifecycle.csv, lifecycle_transition.csv"
2026-08-14,20260814-232136-af068659,Entitlement / Permitting - Los Angeles / California - L.A. City Planning Commission approves 379 apartments at 3200 S. La Cienega Blvd.,PRJ-20260814-0107,Office-to-Residential Conversion - Los Angeles / California - Residential conversion planned for office building at 1650 S. Westwood Blvd.,los angeles california,Los Angeles / California,Los Angeles / California,Unknown,Unknown,Unknown,Affordable Housing,deal_fingerprints.csv,20,80,address/location + market match,DUP-0107,No,"Matched across 5 source file(s): asset_parcel_intelligence.csv, deal_fingerprints.csv, development_lifecycle.csv, lifecycle_transition.csv"
2026-08-14,20260814-232136-af068659,General Project Signal - Los Angeles / California - Affordable housing coming to 4345 S. Crenshaw Blvd. in Leimert Park,PRJ-20260814-0107,Office-to-Residential Conversion - Los Angeles / California - Residential conversion planned for office building at 1650 S. Westwood Blvd.,los angeles california,Los Angeles / California,Los Angeles / California,Unknown,Unknown,Unknown,Affordable Housing,deal_fingerprints.csv,20,80,address/location + market match,DUP-0107,No,"Matched across 5 source file(s): asset_parcel_intelligence.csv, deal_fingerprints.csv, development_lifecycle.csv, lifecycle_transition.csv"
2026-08-14,20260814-232136-af068659,Office-to-Residential Conversion - Los Angeles / California - Residential conversion planned for office building at 1650 S. Westwood Blvd.,PRJ-20260814-0107,Office-to-Residential Conversion - Los Angeles / California - Residential conversion planned for office building at 1650 S. Westwood Blvd.,los angeles california,Los Angeles / California,Los Angeles / California,Unknown,Unknown,Unknown,Office-to-Residential Conversion,deal_fingerprints.csv,20,80,address/location + market match,DUP-0107,No,"Matched across 5 source file(s): asset_parcel_intelligence.csv, deal_fingerprints.csv, development_lifecycle.csv, lifecycle_transition.csv"
2026-08-14,20260814-232136-af068659,Office-to-Residential Conversion - Los Angeles / California - Fresh renderings for Watts Towers Art Center revamp,PRJ-20260814-0107,Office-to-Residential Conversion - Los Angeles / California - Residential conversion planned for office building at 1650 S. Westwood Blvd.,los angeles california,Los Angeles / California,Los Angeles / California,Unknown,Unknown,Unknown,General Residential,deal_fingerprints.csv,20,80,address/location + market match,DUP-0107,No,"Matched across 5 source file(s): asset_parcel_intelligence.csv, deal_fingerprints.csv, development_lifecycle.csv, lifecycle_transition.csv"
2026-08-14,20260814-232136-af068659,Acquisition - Los Angeles / California - BXP Signs on as Development Advisor for Unfinished Oceanwide Tower Mixed-Use Project in Sa...,PRJ-20260814-0107,Office-to-Residential Conversion - Los Angeles / California - Residential conversion planned for office building at 1650 S. Westwood Blvd.,los angeles california,Los Angeles / California,Los Angeles / California,Unknown,Unknown,Unknown,Mixed-Use Residential,deal_fingerprints.csv,20,80,address/location + market match,DUP-0107,No,"Matched across 5 source file(s): asset_parcel_intelligence.csv, deal_fingerprints.csv, development_lifecycle.csv, lifecycle_transition.csv"
2026-08-14,20260814-232136-af068659,BXP Signs on as Development Advisor for Unfinished Oceanwide Tower Mixed-Use Project in San Francisco,PRJ-20260814-0107,Office-to-Residential Conversion - Los Angeles / California - Residential conversion planned for office building at 1650 S. Westwood Blvd.,los angeles california,Los Angeles / California,Los Angeles / California,Unknown,Unknown,Unknown,Mixed-Use Residential,development_lifecycle.csv,20,80,address/location + market match,DUP-0107,No,"Matched across 5 source file(s): asset_parcel_intelligence.csv, deal_fingerprints.csv, development_lifecycle.csv, lifecycle_transition.csv"
2026-08-14,20260814-232136-af068659,Co-Living Complex Near UCLA Will Become Multifamily Student Housing Building,PRJ-20260814-0107,Office-to-Residential Conversion - Los Angeles / California - Residential conversion planned for office building at 1650 S. Westwood Blvd.,los angeles california,Los Angeles / California,Los Angeles / California,Unknown,Unknown,Unknown,Student Housing,development_lifecycle.csv,20,80,address/location + market match,DUP-0107,No,"Matched across 5 source file(s): asset_parcel_intelligence.csv, deal_fingerprints.csv, development_lifecycle.csv, lifecycle_transition.csv"
2026-08-14,20260814-232136-af068659,Co-Living Complex Near UCLA Will Become Multifamily Student Housing Building,PRJ-20260814-0107,Office-to-Residential Conversion - Los Angeles / California - Residential conversion planned for office building at 1650 S. Westwood Blvd.,los angeles california,Los Angeles / California,Los Angeles / California,Unknown,Unknown,Unknown,Student Housing,lifecycle_transition.csv,20,80,address/location + market match,DUP-0107,No,"Matched across 5 source file(s): asset_parcel_intelligence.csv, deal_fingerprints.csv, development_lifecycle.csv, lifecycle_transition.csv"
2026-08-14,20260814-232136-af068659,BXP Signs on as Development Advisor for Unfinished Oceanwide Tower Mixed-Use Project in San Francisco,PRJ-20260814-0107,Office-to-Residential Conversion - Los Angeles / California - Residential conversion planned for office building at 1650 S. Westwood Blvd.,los angeles california,Los Angeles / California,Los Angeles / California,Unknown,Unknown,Unknown,Mixed-Use Residential,lifecycle_transition.csv,20,80,address/location + market match,DUP-0107,No,"Matched across 5 source file(s): asset_parcel_intelligence.csv, deal_fingerprints.csv, development_lifecycle.csv, lifecycle_transition.csv"
2026-08-14,20260814-232136-af068659,Entitlement / Permitting - Los Angeles / California - Affordable housing proposed at 1058 N. Kingsley Dr. in East Hollywood,PRJ-20260814-0107,Office-to-Residential Conversion - Los Angeles / California - Residential conversion planned for office building at 1650 S. Westwood Blvd.,los angeles california,Los Angeles / California,Los Angeles / California,Unknown,Unknown,Unknown,Affordable Housing,opportunity_radar.csv,20,80,address/location + market match,DUP-0107,No,"Matched across 5 source file(s): asset_parcel_intelligence.csv, deal_fingerprints.csv, development_lifecycle.csv, lifecycle_transition.csv"
2026-08-14,20260814-232136-af068659,Entitlement / Permitting - Los Angeles / California - 405 apartments take shape at 6728 Sepulveda Blvd. in Van Nuys,PRJ-20260814-0107,Office-to-Residential Conversion - Los Angeles / California - Residential conversion planned for office building at 1650 S. Westwood Blvd.,los angeles california,Los Angeles / California,Los Angeles / California,Unknown,Unknown,Unknown,Affordable Housing,opportunity_radar.csv,20,80,address/location + market match,DUP-0107,No,"Matched across 5 source file(s): asset_parcel_intelligence.csv, deal_fingerprints.csv, development_lifecycle.csv, lifecycle_transition.csv"
2026-08-14,20260814-232136-af068659,Entitlement / Permitting - Los Angeles / California - L.A. City Planning Commission approves 379 apartments at 3200 S. La Cienega Blvd.,PRJ-20260814-0107,Office-to-Residential Conversion - Los Angeles / California - Residential conversion planned for office building at 1650 S. Westwood Blvd.,los angeles california,Los Angeles / California,Los Angeles / California,Unknown,Unknown,Unknown,Affordable Housing,opportunity_radar.csv,20,80,address/location + market match,DUP-0107,No,"Matched across 5 source file(s): asset_parcel_intelligence.csv, deal_fingerprints.csv, development_lifecycle.csv, lifecycle_transition.csv"
2026-08-14,20260814-232136-af068659,Office-to-Residential Conversion - Los Angeles / California - Residential conversion planned for office building at 1650 S. Westwood Blvd.,PRJ-20260814-0107,Office-to-Residential Conversion - Los Angeles / California - Residential conversion planned for office building at 1650 S. Westwood Blvd.,los angeles california,Los Angeles / California,Los Angeles / California,Unknown,Unknown,Unknown,Office-to-Residential Conversion,opportunity_radar.csv,20,80,address/location + market match,DUP-0107,No,"Matched across 5 source file(s): asset_parcel_intelligence.csv, deal_fingerprints.csv, development_lifecycle.csv, lifecycle_transition.csv"
2026-08-14,20260814-232136-af068659,General Project Signal - Los Angeles / California - Affordable housing coming to 4345 S. Crenshaw Blvd. in Leimert Park,PRJ-20260814-0107,Office-to-Residential Conversion - Los Angeles / California - Residential conversion planned for office building at 1650 S. Westwood Blvd.,los angeles california,Los Angeles / California,Los Angeles / California,Unknown,Unknown,Unknown,Affordable Housing,opportunity_radar.csv,20,80,address/location + market match,DUP-0107,No,"Matched across 5 source file(s): asset_parcel_intelligence.csv, deal_fingerprints.csv, development_lifecycle.csv, lifecycle_transition.csv"
2026-08-14,20260814-232136-af068659,Office-to-Residential Conversion - Los Angeles / California - Fresh renderings for Watts Towers Art Center revamp,PRJ-20260814-0107,Office-to-Residential Conversion - Los Angeles / California - Residential conversion planned for office building at 1650 S. Westwood Blvd.,los angeles california,Los Angeles / California,Los Angeles / California,Unknown,Unknown,Unknown,General Residential,opportunity_radar.csv,20,80,address/location + market match,DUP-0107,No,"Matched across 5 source file(s): asset_parcel_intelligence.csv, deal_fingerprints.csv, development_lifecycle.csv, lifecycle_transition.csv"
2026-08-14,20260814-232136-af068659,Acquisition - Los Angeles / California - BXP Signs on as Development Advisor for Unfinished Oceanwide Tower Mixed-Use Project in Sa...,PRJ-20260814-0107,Office-to-Residential Conversion - Los Angeles / California - Residential conversion planned for office building at 1650 S. Westwood Blvd.,los angeles california,Los Angeles / California,Los Angeles / California,Unknown,Unknown,Unknown,Mixed-Use Residential,opportunity_radar.csv,20,80,address/location + market match,DUP-0107,No,"Matched across 5 source file(s): asset_parcel_intelligence.csv, deal_fingerprints.csv, development_lifecycle.csv, lifecycle_transition.csv"
2026-08-14,20260814-232136-af068659,"JV / Partnership - National - Varia US, Brookfield Launch $694M Multifamily Joint Venture",PRJ-20260814-0130,"JV / Partnership - National - Brookfield, SWI Form $694M Multifamily Venture, Plan $500M In Sales",national,National,Unknown,National,Brookfield,Unknown,Apartment,asset_parcel_intelligence.csv,15,100,exact address + developer match,DUP-0130,No,"Matched across 8 source file(s): asset_parcel_intelligence.csv, deal_fingerprints.csv, deal_pipeline.csv, development_lifecycle.csv"
2026-08-14,20260814-232136-af068659,"Varia US, Brookfield Launch $694M Multifamily Joint Venture",PRJ-20260814-0130,"JV / Partnership - National - Brookfield, SWI Form $694M Multifamily Venture, Plan $500M In Sales",national,National,Other / Unknown,Los Angeles,Brookfield,Unknown,Apartment,la_asset_watch.csv,15,100,exact address + developer match,DUP-0130,No,"Matched across 8 source file(s): asset_parcel_intelligence.csv, deal_fingerprints.csv, deal_pipeline.csv, development_lifecycle.csv"
2026-08-14,20260814-232136-af068659,"JV / Partnership - National - Brookfield, SWI Form $694M Multifamily Venture, Plan $500M In Sales",PRJ-20260814-0130,"JV / Partnership - National - Brookfield, SWI Form $694M Multifamily Venture, Plan $500M In Sales",national,National,National,Unknown,Brookfield,Unknown,Apartment,deal_fingerprints.csv,15,100,exact address + developer match,DUP-0130,No,"Matched across 8 source file(s): asset_parcel_intelligence.csv, deal_fingerprints.csv, deal_pipeline.csv, development_lifecycle.csv"
2026-08-14,20260814-232136-af068659,"JV / Partnership - National - Varia US, Brookfield Launch $694M Multifamily Joint Venture",PRJ-20260814-0130,"JV / Partnership - National - Brookfield, SWI Form $694M Multifamily Venture, Plan $500M In Sales",national,National,National,Unknown,Brookfield,Unknown,Apartment,deal_fingerprints.csv,15,100,exact address + developer match,DUP-0130,No,"Matched across 8 source file(s): asset_parcel_intelligence.csv, deal_fingerprints.csv, deal_pipeline.csv, development_lifecycle.csv"
2026-08-14,20260814-232136-af068659,"JV / Partnership - National - Varia US, Brookfield Launch $694M Multifamily Joint Venture",PRJ-20260814-0130,"JV / Partnership - National - Brookfield, SWI Form $694M Multifamily Venture, Plan $500M In Sales",national,National,National,National,Brookfield,Unknown,Apartment,deal_pipeline.csv,15,100,exact address + developer match,DUP-0130,No,"Matched across 8 source file(s): asset_parcel_intelligence.csv, deal_fingerprints.csv, deal_pipeline.csv, development_lifecycle.csv"
2026-08-14,20260814-232136-af068659,"JV / Partnership - National - Varia US, Brookfield Launch $694M Multifamily Joint Venture",PRJ-20260814-0130,"JV / Partnership - National - Brookfield, SWI Form $694M Multifamily Venture, Plan $500M In Sales",national,National,Unknown,National,Brookfield,Unknown,Apartment,development_lifecycle.csv,15,100,exact address + developer match,DUP-0130,No,"Matched across 8 source file(s): asset_parcel_intelligence.csv, deal_fingerprints.csv, deal_pipeline.csv, development_lifecycle.csv"
2026-08-14,20260814-232136-af068659,"JV / Partnership - National - Varia US, Brookfield Launch $694M Multifamily Joint Venture",PRJ-20260814-0130,"JV / Partnership - National - Brookfield, SWI Form $694M Multifamily Venture, Plan $500M In Sales",national,National,Unknown,National,Brookfield,Unknown,Apartment,lifecycle_transition.csv,15,100,exact address + developer match,DUP-0130,No,"Matched across 8 source file(s): asset_parcel_intelligence.csv, deal_fingerprints.csv, deal_pipeline.csv, development_lifecycle.csv"
2026-08-14,20260814-232136-af068659,"JV / Partnership - National - Brookfield, SWI Form $694M Multifamily Venture, Plan $500M In Sales",PRJ-20260814-0130,"JV / Partnership - National - Brookfield, SWI Form $694M Multifamily Venture, Plan $500M In Sales",national,National,National,Unknown,Brookfield,Unknown,Apartment,opportunity_radar.csv,15,100,exact address + developer match,DUP-0130,No,"Matched across 8 source file(s): asset_parcel_intelligence.csv, deal_fingerprints.csv, deal_pipeline.csv, development_lifecycle.csv"
2026-08-14,20260814-232136-af068659,"JV / Partnership - National - Varia US, Brookfield Launch $694M Multifamily Joint Venture",PRJ-20260814-0130,"JV / Partnership - National - Brookfield, SWI Form $694M Multifamily Venture, Plan $500M In Sales",national,National,National,Unknown,Brookfield,Unknown,Apartment,opportunity_radar.csv,15,100,exact address + developer match,DUP-0130,No,"Matched across 8 source file(s): asset_parcel_intelligence.csv, deal_fingerprints.csv, deal_pipeline.csv, development_lifecycle.csv"
2026-08-14,20260814-232136-af068659,"Brookfield, SWI Form $694M Multifamily Venture, Plan $500M In Sales",PRJ-20260814-0130,"JV / Partnership - National - Brookfield, SWI Form $694M Multifamily Venture, Plan $500M In Sales",national,National,National,Unknown,Brookfield,brookfield,General Residential,relationship_graph.csv,15,100,exact address + developer match,DUP-0130,No,"Matched across 8 source file(s): asset_parcel_intelligence.csv, deal_fingerprints.csv, deal_pipeline.csv, development_lifecycle.csv"
2026-08-14,20260814-232136-af068659,"Varia US, Brookfield Launch $694M Multifamily Joint Venture",PRJ-20260814-0130,"JV / Partnership - National - Brookfield, SWI Form $694M Multifamily Venture, Plan $500M In Sales",national,National,National,Unknown,Brookfield,brookfield,General Residential,relationship_graph.csv,15,100,exact address + developer match,DUP-0130,No,"Matched across 8 source file(s): asset_parcel_intelligence.csv, deal_fingerprints.csv, deal_pipeline.csv, development_lifecycle.csv"
2026-08-14,20260814-232136-af068659,"Brookfield, SWI Form $694M Multifamily Venture, Plan $500M In Sales",PRJ-20260814-0130,"JV / Partnership - National - Brookfield, SWI Form $694M Multifamily Venture, Plan $500M In Sales",national,National,National,Unknown,Brookfield,"JV / Partnership - National - Brookfield, SWI Form $694M Multifamily Venture, Plan $500M In Sales",General Residential,relationship_graph.csv,15,100,exact address + developer match,DUP-0130,No,"Matched across 8 source file(s): asset_parcel_intelligence.csv, deal_fingerprints.csv, deal_pipeline.csv, development_lifecycle.csv"
2026-08-14,20260814-232136-af068659,"Brookfield, SWI Form $694M Multifamily Venture, Plan $500M In Sales",PRJ-20260814-0130,"JV / Partnership - National - Brookfield, SWI Form $694M Multifamily Venture, Plan $500M In Sales",national,National,National,Unknown,Brookfield,U.S.,General Residential,relationship_graph.csv,15,100,exact address + developer match,DUP-0130,No,"Matched across 8 source file(s): asset_parcel_intelligence.csv, deal_fingerprints.csv, deal_pipeline.csv, development_lifecycle.csv"
2026-08-14,20260814-232136-af068659,"Varia US, Brookfield Launch $694M Multifamily Joint Venture",PRJ-20260814-0130,"JV / Partnership - National - Brookfield, SWI Form $694M Multifamily Venture, Plan $500M In Sales",national,National,National,Unknown,Brookfield,"JV / Partnership - National - Varia US, Brookfield Launch $694M Multifamily Joint Venture",General Residential,relationship_graph.csv,15,100,exact address + developer match,DUP-0130,No,"Matched across 8 source file(s): asset_parcel_intelligence.csv, deal_fingerprints.csv, deal_pipeline.csv, development_lifecycle.csv"
2026-08-14,20260814-232136-af068659,"Varia US, Brookfield Launch $694M Multifamily Joint Venture",PRJ-20260814-0130,"JV / Partnership - National - Brookfield, SWI Form $694M Multifamily Venture, Plan $500M In Sales",national,National,National,Unknown,Brookfield,National,General Residential,relationship_graph.csv,15,100,exact address + developer match,DUP-0130,No,"Matched across 8 source file(s): asset_parcel_intelligence.csv, deal_fingerprints.csv, deal_pipeline.csv, development_lifecycle.csv"
2026-08-14,20260814-232136-af068659,Value-Add Golden Hill Apartments Trade in 1031 Exchange,PRJ-20260814-0075,"Acquisition - San Francisco / California - Sack Capital, Align Finance Close Financing for Two Step Up Housing Acquisitions",california,California,Other / Unknown,Los Angeles,Unknown,Unknown,Apartment,la_asset_watch.csv,14,80,address/location + market match,DUP-0075,No,"Matched across 3 source file(s): la_asset_watch.csv, la_entitlement_watch.csv, la_lifecycle_transition_watch.csv"
2026-08-14,20260814-232136-af068659,"Sack Capital, Align Finance Close Financing for Two Step Up Housing Acquisitions",PRJ-20260814-0075,"Acquisition - San Francisco / California - Sack Capital, Align Finance Close Financing for Two Step Up Housing Acquisitions",california,California,Other / Unknown,Los Angeles,Unknown,Unknown,Apartment,la_asset_watch.csv,14,80,address/location + market match,DUP-0075,No,"Matched across 3 source file(s): la_asset_watch.csv, la_entitlement_watch.csv, la_lifecycle_transition_watch.csv"
2026-08-14,20260814-232136-af068659,New Developer to Push Forward on Housing at 400 Divisadero Street in San Francisco,PRJ-20260814-0075,"Acquisition - San Francisco / California - Sack Capital, Align Finance Close Financing for Two Step Up Housing Acquisitions",california,California,Other / Unknown,California,Unknown,Unknown,General Residential,la_lifecycle_transition_watch.csv,14,80,address/location + market match,DUP-0075,No,"Matched across 3 source file(s): la_asset_watch.csv, la_entitlement_watch.csv, la_lifecycle_transition_watch.csv"
2026-08-14,20260814-232136-af068659,"Meeting Tonight for 3101 Sacramento Street, South Berkeley",PRJ-20260814-0075,"Acquisition - San Francisco / California - Sack Capital, Align Finance Close Financing for Two Step Up Housing Acquisitions",california,California,Other / Unknown,California,Unknown,Unknown,Mixed-Use Residential,la_lifecycle_transition_watch.csv,14,80,address/location + market match,DUP-0075,No,"Matched across 3 source file(s): la_asset_watch.csv, la_entitlement_watch.csv, la_lifecycle_transition_watch.csv"
2026-08-14,20260814-232136-af068659,"Office-to-Residential Conversion - California - Meeting Tonight for 3101 Sacramento Street, South Berkeley",PRJ-20260814-0075,"Acquisition - San Francisco / California - Sack Capital, Align Finance Close Financing for Two Step Up Housing Acquisitions",california,California,Other / Unknown,California,Unknown,Unknown,Mixed-Use Residential,la_lifecycle_transition_watch.csv,14,80,address/location + market match,DUP-0075,No,"Matched across 3 source file(s): la_asset_watch.csv, la_entitlement_watch.csv, la_lifecycle_transition_watch.csv"
2026-08-14,20260814-232136-af068659,Disposition / Exit - California - Value-Add Golden Hill Apartments Trade in 1031 Exchange,PRJ-20260814-0075,"Acquisition - San Francisco / California - Sack Capital, Align Finance Close Financing for Two Step Up Housing Acquisitions",california,California,Other / Unknown,California,Unknown,Unknown,Apartment,la_lifecycle_transition_watch.csv,14,80,address/location + market match,DUP-0075,No,"Matched across 3 source file(s): la_asset_watch.csv, la_entitlement_watch.csv, la_lifecycle_transition_watch.csv"
2026-08-14,20260814-232136-af068659,Entitlement / Permitting - California - Monterey Park approves upsized project at 114 E. Garvey Avenue,PRJ-20260814-0075,"Acquisition - San Francisco / California - Sack Capital, Align Finance Close Financing for Two Step Up Housing Acquisitions",california,California,Other / Unknown,California,Unknown,Unknown,Mixed-Use Residential,la_lifecycle_transition_watch.csv,14,80,address/location + market match,DUP-0075,No,"Matched across 3 source file(s): la_asset_watch.csv, la_entitlement_watch.csv, la_lifecycle_transition_watch.csv"
2026-08-14,20260814-232136-af068659,Disposition / Exit - San Francisco / California - Top markets for apartment sales in H1 2026,PRJ-20260814-0075,"Acquisition - San Francisco / California - Sack Capital, Align Finance Close Financing for Two Step Up Housing Acquisitions",california,California,Other / Unknown,California,Unknown,Unknown,Apartment,la_lifecycle_transition_watch.csv,14,80,address/location + market match,DUP-0075,No,"Matched across 3 source file(s): la_asset_watch.csv, la_entitlement_watch.csv, la_lifecycle_transition_watch.csv"
2026-08-14,20260814-232136-af068659,"Acquisition - San Francisco / California - Sack Capital, Align Finance Close Financing for Two Step Up Housing Acquisitions",PRJ-20260814-0075,"Acquisition - San Francisco / California - Sack Capital, Align Finance Close Financing for Two Step Up Housing Acquisitions",california,California,Other / Unknown,California,Unknown,Unknown,Apartment,la_lifecycle_transition_watch.csv,14,80,address/location + market match,DUP-0075,No,"Matched across 3 source file(s): la_asset_watch.csv, la_entitlement_watch.csv, la_lifecycle_transition_watch.csv"
2026-08-14,20260814-232136-af068659,"Entitlement / Permitting - San Francisco / California - Permits Filed For 2740 McAllister Street, San Francisco",PRJ-20260814-0075,"Acquisition - San Francisco / California - Sack Capital, Align Finance Close Financing for Two Step Up Housing Acquisitions",california,California,Other / Unknown,California,Unknown,Unknown,Apartment,la_lifecycle_transition_watch.csv,14,80,address/location + market match,DUP-0075,No,"Matched across 3 source file(s): la_asset_watch.csv, la_entitlement_watch.csv, la_lifecycle_transition_watch.csv"
2026-08-14,20260814-232136-af068659,Value-Add Golden Hill Apartments Trade in 1031 Exchange,PRJ-20260814-0075,"Acquisition - San Francisco / California - Sack Capital, Align Finance Close Financing for Two Step Up Housing Acquisitions",california,California,Other / Unknown,California,Unknown,Unknown,Apartment,la_lifecycle_transition_watch.csv,14,80,address/location + market match,DUP-0075,No,"Matched across 3 source file(s): la_asset_watch.csv, la_entitlement_watch.csv, la_lifecycle_transition_watch.csv"
2026-08-14,20260814-232136-af068659,Costa Mesa Multifamily Changes Hands for Value-Add Repositioning,PRJ-20260814-0075,"Acquisition - San Francisco / California - Sack Capital, Align Finance Close Financing for Two Step Up Housing Acquisitions",california,California,Other / Unknown,California,Unknown,Unknown,Apartment,la_lifecycle_transition_watch.csv,14,80,address/location + market match,DUP-0075,No,"Matched across 3 source file(s): la_asset_watch.csv, la_entitlement_watch.csv, la_lifecycle_transition_watch.csv"
2026-08-14,20260814-232136-af068659,"Permits Filed For 2740 McAllister Street, San Francisco",PRJ-20260814-0075,"Acquisition - San Francisco / California - Sack Capital, Align Finance Close Financing for Two Step Up Housing Acquisitions",california,California,Other / Unknown,California,Unknown,Unknown,Apartment,la_lifecycle_transition_watch.csv,14,80,address/location + market match,DUP-0075,No,"Matched across 3 source file(s): la_asset_watch.csv, la_entitlement_watch.csv, la_lifecycle_transition_watch.csv"
2026-08-14,20260814-232136-af068659,Entitlement / Permitting - California - Monterey Park approves upsized project at 114 E. Garvey Avenue,PRJ-20260814-0075,"Acquisition - San Francisco / California - Sack Capital, Align Finance Close Financing for Two Step Up Housing Acquisitions",california,California,Other / Unknown,California,Unknown,Unknown,Mixed-Use Residential,la_entitlement_watch.csv,14,80,address/location + market match,DUP-0075,No,"Matched across 3 source file(s): la_asset_watch.csv, la_entitlement_watch.csv, la_lifecycle_transition_watch.csv"
2026-08-14,20260814-232136-af068659,Construction Financing - Miami / Florida - S3 Capital Lends $35M for Miami-Dade County Apartments,PRJ-20260814-0126,Construction Financing - Miami / Florida - Baron Property Group Closes on $226.5M Refinance for Hialeah Apartment Community in Miami,miami florida,Miami / Florida,Miami / Florida,Unknown,Unknown,Unknown,Apartment,deal_fingerprints.csv,14,80,address/location + market match,DUP-0126,No,"Matched across 5 source file(s): deal_fingerprints.csv, development_lifecycle.csv, distress_watchlist.csv, lifecycle_transition.csv"
2026-08-14,20260814-232136-af068659,Construction Financing - Miami / Florida - Baron Property Group Closes on $226.5M Refinance for Hialeah Apartment Community in Miami,PRJ-20260814-0126,Construction Financing - Miami / Florida - Baron Property Group Closes on $226.5M Refinance for Hialeah Apartment Community in Miami,miami florida,Miami / Florida,Miami / Florida,Unknown,Unknown,Unknown,Mixed-Use Residential,deal_fingerprints.csv,14,80,address/location + market match,DUP-0126,No,"Matched across 5 source file(s): deal_fingerprints.csv, development_lifecycle.csv, distress_watchlist.csv, lifecycle_transition.csv"
2026-08-14,20260814-232136-af068659,"Disposition / Exit - Miami / Florida - W. Palm Beach Investor Buys Condo Property, Converting to Apartment Units",PRJ-20260814-0126,Construction Financing - Miami / Florida - Baron Property Group Closes on $226.5M Refinance for Hialeah Apartment Community in Miami,miami florida,Miami / Florida,Miami / Florida,Unknown,Unknown,Unknown,Apartment,deal_fingerprints.csv,14,80,address/location + market match,DUP-0126,No,"Matched across 5 source file(s): deal_fingerprints.csv, development_lifecycle.csv, distress_watchlist.csv, lifecycle_transition.csv"
2026-08-14,20260814-232136-af068659,General Project Signal - Miami / Florida - Related Planning Apartments on Site at Fort Lauderdale Office Park,PRJ-20260814-0126,Construction Financing - Miami / Florida - Baron Property Group Closes on $226.5M Refinance for Hialeah Apartment Community in Miami,miami florida,Miami / Florida,Miami / Florida,Unknown,Unknown,Unknown,Apartment,deal_fingerprints.csv,14,80,address/location + market match,DUP-0126,No,"Matched across 5 source file(s): deal_fingerprints.csv, development_lifecycle.csv, distress_watchlist.csv, lifecycle_transition.csv"
2026-08-14,20260814-232136-af068659,Refinancing - Miami / Florida - Baron Property Group Closes on $226.5M Refi for Hialeah Apartment Community,PRJ-20260814-0126,Construction Financing - Miami / Florida - Baron Property Group Closes on $226.5M Refinance for Hialeah Apartment Community in Miami,miami florida,Miami / Florida,Miami / Florida,Unknown,Unknown,Unknown,Mixed-Use Residential,deal_fingerprints.csv,14,80,address/location + market match,DUP-0126,No,"Matched across 5 source file(s): deal_fingerprints.csv, development_lifecycle.csv, distress_watchlist.csv, lifecycle_transition.csv"
2026-08-14,20260814-232136-af068659,Related Planning Apartments on Site at Fort Lauderdale Office Park,PRJ-20260814-0126,Construction Financing - Miami / Florida - Baron Property Group Closes on $226.5M Refinance for Hialeah Apartment Community in Miami,miami florida,Miami / Florida,Miami / Florida,Unknown,Unknown,Unknown,Apartment,development_lifecycle.csv,14,80,address/location + market match,DUP-0126,No,"Matched across 5 source file(s): deal_fingerprints.csv, development_lifecycle.csv, distress_watchlist.csv, lifecycle_transition.csv"
2026-08-14,20260814-232136-af068659,Related Planning Apartments on Site at Fort Lauderdale Office Park,PRJ-20260814-0126,Construction Financing - Miami / Florida - Baron Property Group Closes on $226.5M Refinance for Hialeah Apartment Community in Miami,miami florida,Miami / Florida,Miami / Florida,Unknown,Unknown,Unknown,Apartment,lifecycle_transition.csv,14,80,address/location + market match,DUP-0126,No,"Matched across 5 source file(s): deal_fingerprints.csv, development_lifecycle.csv, distress_watchlist.csv, lifecycle_transition.csv"
2026-08-14,20260814-232136-af068659,Refinancing - Miami / Florida - Baron Property Group Closes on $226.5M Refi for Hialeah Apartment Community,PRJ-20260814-0126,Construction Financing - Miami / Florida - Baron Property Group Closes on $226.5M Refinance for Hialeah Apartment Community in Miami,miami florida,Miami / Florida,Miami / Florida,Unknown,Unknown,Unknown,Mixed-Use Residential,opportunity_radar.csv,14,80,address/location + market match,DUP-0126,No,"Matched across 5 source file(s): deal_fingerprints.csv, development_lifecycle.csv, distress_watchlist.csv, lifecycle_transition.csv"
2026-08-14,20260814-232136-af068659,Construction Financing - Miami / Florida - S3 Capital Lends $35M for Miami-Dade County Apartments,PRJ-20260814-0126,Construction Financing - Miami / Florida - Baron Property Group Closes on $226.5M Refinance for Hialeah Apartment Community in Miami,miami florida,Miami / Florida,Miami / Florida,Unknown,Unknown,Unknown,Apartment,opportunity_radar.csv,14,80,address/location + market match,DUP-0126,No,"Matched across 5 source file(s): deal_fingerprints.csv, development_lifecycle.csv, distress_watchlist.csv, lifecycle_transition.csv"
2026-08-14,20260814-232136-af068659,Construction Financing - Miami / Florida - Baron Property Group Closes on $226.5M Refinance for Hialeah Apartment Community in Miami,PRJ-20260814-0126,Construction Financing - Miami / Florida - Baron Property Group Closes on $226.5M Refinance for Hialeah Apartment Community in Miami,miami florida,Miami / Florida,Miami / Florida,Unknown,Unknown,Unknown,Mixed-Use Residential,opportunity_radar.csv,14,80,address/location + market match,DUP-0126,No,"Matched across 5 source file(s): deal_fingerprints.csv, development_lifecycle.csv, distress_watchlist.csv, lifecycle_transition.csv"
2026-08-14,20260814-232136-af068659,General Project Signal - Miami / Florida - Related Planning Apartments on Site at Fort Lauderdale Office Park,PRJ-20260814-0126,Construction Financing - Miami / Florida - Baron Property Group Closes on $226.5M Refinance for Hialeah Apartment Community in Miami,miami florida,Miami / Florida,Miami / Florida,Unknown,Unknown,Unknown,Apartment,opportunity_radar.csv,14,80,address/location + market match,DUP-0126,No,"Matched across 5 source file(s): deal_fingerprints.csv, development_lifecycle.csv, distress_watchlist.csv, lifecycle_transition.csv"
2026-08-14,20260814-232136-af068659,Refinancing - Miami / Florida - Baron Property Group Closes on $226.5M Refi for Hialeah Apartment Community,PRJ-20260814-0126,Construction Financing - Miami / Florida - Baron Property Group Closes on $226.5M Refinance for Hialeah Apartment Community in Miami,miami florida,Miami / Florida,Miami / Florida,Unknown,Unknown,Unknown,Mixed-Use Residential,distress_watchlist.csv,14,80,address/location + market match,DUP-0126,No,"Matched across 5 source file(s): deal_fingerprints.csv, development_lifecycle.csv, distress_watchlist.csv, lifecycle_transition.csv"
2026-08-14,20260814-232136-af068659,Construction Financing - Miami / Florida - S3 Capital Lends $35M for Miami-Dade County Apartments,PRJ-20260814-0126,Construction Financing - Miami / Florida - Baron Property Group Closes on $226.5M Refinance for Hialeah Apartment Community in Miami,miami florida,Miami / Florida,Miami / Florida,Unknown,Unknown,Unknown,Apartment,distress_watchlist.csv,14,80,address/location + market match,DUP-0126,No,"Matched across 5 source file(s): deal_fingerprints.csv, development_lifecycle.csv, distress_watchlist.csv, lifecycle_transition.csv"
2026-08-14,20260814-232136-af068659,Construction Financing - Miami / Florida - Baron Property Group Closes on $226.5M Refinance for Hialeah Apartment Community in Miami,PRJ-20260814-0126,Construction Financing - Miami / Florida - Baron Property Group Closes on $226.5M Refinance for Hialeah Apartment Community in Miami,miami florida,Miami / Florida,Miami / Florida,Unknown,Unknown,Unknown,Mixed-Use Residential,distress_watchlist.csv,14,80,address/location + market match,DUP-0126,No,"Matched across 5 source file(s): deal_fingerprints.csv, development_lifecycle.csv, distress_watchlist.csv, lifecycle_transition.csv"
2026-08-14,20260814-232136-af068659,General Project Signal - Atlanta / Georgia - Atlanta Beltline Advancing 218-Unit Affordable Apartment Project,PRJ-20260814-0058,Construction Financing - Atlanta / Georgia - Developer Duo Obtains Construction Financing for $147M Atlanta Student Housing Project,atlanta georgia,Atlanta / Georgia,Atlanta / Georgia,Unknown,Unknown,Unknown,Apartment,deal_fingerprints.csv,13,80,address/location + market match,DUP-0058,No,"Matched across 3 source file(s): deal_fingerprints.csv, distress_watchlist.csv, opportunity_radar.csv"
2026-08-14,20260814-232136-af068659,Office-to-Residential Conversion - Atlanta / Georgia - JLB Pursuing Buckhead Office-to-Apartments Conversion in Atlanta,PRJ-20260814-0058,Construction Financing - Atlanta / Georgia - Developer Duo Obtains Construction Financing for $147M Atlanta Student Housing Project,atlanta georgia,Atlanta / Georgia,Atlanta / Georgia,Unknown,Unknown,Unknown,Apartment,deal_fingerprints.csv,13,80,address/location + market match,DUP-0058,No,"Matched across 3 source file(s): deal_fingerprints.csv, distress_watchlist.csv, opportunity_radar.csv"
2026-08-14,20260814-232136-af068659,Acquisition - Atlanta / Georgia - Saratoga Capital Pays $98.4M at Auction for Atlanta Apartment Community,PRJ-20260814-0058,Construction Financing - Atlanta / Georgia - Developer Duo Obtains Construction Financing for $147M Atlanta Student Housing Project,atlanta georgia,Atlanta / Georgia,Atlanta / Georgia,Unknown,Unknown,Unknown,Apartment,deal_fingerprints.csv,13,80,address/location + market match,DUP-0058,No,"Matched across 3 source file(s): deal_fingerprints.csv, distress_watchlist.csv, opportunity_radar.csv"
2026-08-14,20260814-232136-af068659,Acquisition - Atlanta / Georgia - ParkProperty Acquires 280-Unit Buckhead Apartment Community,PRJ-20260814-0058,Construction Financing - Atlanta / Georgia - Developer Duo Obtains Construction Financing for $147M Atlanta Student Housing Project,atlanta georgia,Atlanta / Georgia,Atlanta / Georgia,Unknown,Unknown,Unknown,Apartment,deal_fingerprints.csv,13,80,address/location + market match,DUP-0058,No,"Matched across 3 source file(s): deal_fingerprints.csv, distress_watchlist.csv, opportunity_radar.csv"
2026-08-14,20260814-232136-af068659,Construction Financing - Atlanta / Georgia - Developer Duo Obtains Construction Financing for $147M Atlanta Student Housing Project,PRJ-20260814-0058,Construction Financing - Atlanta / Georgia - Developer Duo Obtains Construction Financing for $147M Atlanta Student Housing Project,atlanta georgia,Atlanta / Georgia,Atlanta / Georgia,Unknown,Unknown,Unknown,Student Housing,deal_fingerprints.csv,13,80,address/location + market match,DUP-0058,No,"Matched across 3 source file(s): deal_fingerprints.csv, distress_watchlist.csv, opportunity_radar.csv"
2026-08-14,20260814-232136-af068659,JV / Partnership - Atlanta / Georgia - Mesirow Pays $132M for Midtown Atlanta Apartment Community,PRJ-20260814-0058,Construction Financing - Atlanta / Georgia - Developer Duo Obtains Construction Financing for $147M Atlanta Student Housing Project,atlanta georgia,Atlanta / Georgia,Atlanta / Georgia,Unknown,Unknown,Unknown,Apartment,deal_fingerprints.csv,13,80,address/location + market match,DUP-0058,No,"Matched across 3 source file(s): deal_fingerprints.csv, distress_watchlist.csv, opportunity_radar.csv"
2026-08-14,20260814-232136-af068659,General Project Signal - Atlanta / Georgia - Atlanta Beltline Advancing 218-Unit Affordable Apartment Project,PRJ-20260814-0058,Construction Financing - Atlanta / Georgia - Developer Duo Obtains Construction Financing for $147M Atlanta Student Housing Project,atlanta georgia,Atlanta / Georgia,Atlanta / Georgia,Unknown,Unknown,Unknown,Apartment,opportunity_radar.csv,13,80,address/location + market match,DUP-0058,No,"Matched across 3 source file(s): deal_fingerprints.csv, distress_watchlist.csv, opportunity_radar.csv"
2026-08-14,20260814-232136-af068659,Acquisition - Atlanta / Georgia - Saratoga Capital Pays $98.4M at Auction for Atlanta Apartment Community,PRJ-20260814-0058,Construction Financing - Atlanta / Georgia - Developer Duo Obtains Construction Financing for $147M Atlanta Student Housing Project,atlanta georgia,Atlanta / Georgia,Atlanta / Georgia,Unknown,Unknown,Unknown,Apartment,opportunity_radar.csv,13,80,address/location + market match,DUP-0058,No,"Matched across 3 source file(s): deal_fingerprints.csv, distress_watchlist.csv, opportunity_radar.csv"
2026-08-14,20260814-232136-af068659,Construction Financing - Atlanta / Georgia - Developer Duo Obtains Construction Financing for $147M Atlanta Student Housing Project,PRJ-20260814-0058,Construction Financing - Atlanta / Georgia - Developer Duo Obtains Construction Financing for $147M Atlanta Student Housing Project,atlanta georgia,Atlanta / Georgia,Atlanta / Georgia,Unknown,Unknown,Unknown,Student Housing,opportunity_radar.csv,13,80,address/location + market match,DUP-0058,No,"Matched across 3 source file(s): deal_fingerprints.csv, distress_watchlist.csv, opportunity_radar.csv"
2026-08-14,20260814-232136-af068659,JV / Partnership - Atlanta / Georgia - Mesirow Pays $132M for Midtown Atlanta Apartment Community,PRJ-20260814-0058,Construction Financing - Atlanta / Georgia - Developer Duo Obtains Construction Financing for $147M Atlanta Student Housing Project,atlanta georgia,Atlanta / Georgia,Atlanta / Georgia,Unknown,Unknown,Unknown,Apartment,opportunity_radar.csv,13,80,address/location + market match,DUP-0058,No,"Matched across 3 source file(s): deal_fingerprints.csv, distress_watchlist.csv, opportunity_radar.csv"
2026-08-14,20260814-232136-af068659,Office-to-Residential Conversion - Atlanta / Georgia - JLB Pursuing Buckhead Office-to-Apartments Conversion in Atlanta,PRJ-20260814-0058,Construction Financing - Atlanta / Georgia - Developer Duo Obtains Construction Financing for $147M Atlanta Student Housing Project,atlanta georgia,Atlanta / Georgia,Atlanta / Georgia,Unknown,Unknown,Unknown,Apartment,opportunity_radar.csv,13,80,address/location + market match,DUP-0058,No,"Matched across 3 source file(s): deal_fingerprints.csv, distress_watchlist.csv, opportunity_radar.csv"
2026-08-14,20260814-232136-af068659,Acquisition - Atlanta / Georgia - ParkProperty Acquires 280-Unit Buckhead Apartment Community,PRJ-20260814-0058,Construction Financing - Atlanta / Georgia - Developer Duo Obtains Construction Financing for $147M Atlanta Student Housing Project,atlanta georgia,Atlanta / Georgia,Atlanta / Georgia,Unknown,Unknown,Unknown,Apartment,opportunity_radar.csv,13,80,address/location + market match,DUP-0058,No,"Matched across 3 source file(s): deal_fingerprints.csv, distress_watchlist.csv, opportunity_radar.csv"
2026-08-14,20260814-232136-af068659,Construction Financing - Atlanta / Georgia - Developer Duo Obtains Construction Financing for $147M Atlanta Student Housing Project,PRJ-20260814-0058,Construction Financing - Atlanta / Georgia - Developer Duo Obtains Construction Financing for $147M Atlanta Student Housing Project,atlanta georgia,Atlanta / Georgia,Atlanta / Georgia,Unknown,Unknown,Unknown,Student Housing,distress_watchlist.csv,13,80,address/location + market match,DUP-0058,No,"Matched across 3 source file(s): deal_fingerprints.csv, distress_watchlist.csv, opportunity_radar.csv"
2026-08-14,20260814-232136-af068659,Construction Financing - California - CEDARst Closes on Construction Loan for Sixth San Diego Multifamily,PRJ-20260814-0071,Construction Financing - California - CEDARst Closes on Construction Loan for Sixth San Diego Multifamily,california,California,California,California,JLL,JLL,Apartment,asset_parcel_intelligence.csv,12,100,exact address + developer match,DUP-0071,No,"Matched across 10 source file(s): asset_parcel_intelligence.csv, deal_fingerprints.csv, deal_pipeline.csv, development_lifecycle.csv"
2026-08-14,20260814-232136-af068659,CEDARst Closes on Construction Loan for Sixth San Diego Multifamily,PRJ-20260814-0071,Construction Financing - California - CEDARst Closes on Construction Loan for Sixth San Diego Multifamily,california,California,Other / Unknown,Los Angeles,JLL,Unknown,Apartment,la_asset_watch.csv,12,100,exact address + developer match,DUP-0071,No,"Matched across 10 source file(s): asset_parcel_intelligence.csv, deal_fingerprints.csv, deal_pipeline.csv, development_lifecycle.csv"
2026-08-14,20260814-232136-af068659,Construction Financing - California - CEDARst Closes on Construction Loan for Sixth San Diego Multifamily,PRJ-20260814-0071,Construction Financing - California - CEDARst Closes on Construction Loan for Sixth San Diego Multifamily,california,California,California,Unknown,JLL,Unknown,Apartment,deal_fingerprints.csv,12,100,exact address + developer match,DUP-0071,No,"Matched across 10 source file(s): asset_parcel_intelligence.csv, deal_fingerprints.csv, deal_pipeline.csv, development_lifecycle.csv"
2026-08-14,20260814-232136-af068659,Construction Financing - California - CEDARst Closes on Construction Loan for Sixth San Diego Multifamily,PRJ-20260814-0071,Construction Financing - California - CEDARst Closes on Construction Loan for Sixth San Diego Multifamily,california,California,California,California,JLL,jll,Apartment,deal_pipeline.csv,12,100,exact address + developer match,DUP-0071,No,"Matched across 10 source file(s): asset_parcel_intelligence.csv, deal_fingerprints.csv, deal_pipeline.csv, development_lifecycle.csv"
2026-08-14,20260814-232136-af068659,Construction Financing - California - CEDARst Closes on Construction Loan for Sixth San Diego Multifamily,PRJ-20260814-0071,Construction Financing - California - CEDARst Closes on Construction Loan for Sixth San Diego Multifamily,california,California,California,California,JLL,JLL,Apartment,development_lifecycle.csv,12,100,exact address + developer match,DUP-0071,No,"Matched across 10 source file(s): asset_parcel_intelligence.csv, deal_fingerprints.csv, deal_pipeline.csv, development_lifecycle.csv"
2026-08-14,20260814-232136-af068659,Construction Financing - California - CEDARst Closes on Construction Loan for Sixth San Diego Multifamily,PRJ-20260814-0071,Construction Financing - California - CEDARst Closes on Construction Loan for Sixth San Diego Multifamily,california,California,California,California,JLL,Unknown,Apartment,lifecycle_transition.csv,12,100,exact address + developer match,DUP-0071,No,"Matched across 10 source file(s): asset_parcel_intelligence.csv, deal_fingerprints.csv, deal_pipeline.csv, development_lifecycle.csv"
2026-08-14,20260814-232136-af068659,Construction Financing - California - CEDARst Closes on Construction Loan for Sixth San Diego Multifamily,PRJ-20260814-0071,Construction Financing - California - CEDARst Closes on Construction Loan for Sixth San Diego Multifamily,california,California,Other / Unknown,California,JLL,Unknown,Apartment,la_lifecycle_transition_watch.csv,12,100,exact address + developer match,DUP-0071,No,"Matched across 10 source file(s): asset_parcel_intelligence.csv, deal_fingerprints.csv, deal_pipeline.csv, development_lifecycle.csv"
2026-08-14,20260814-232136-af068659,Construction Financing - California - CEDARst Closes on Construction Loan for Sixth San Diego Multifamily,PRJ-20260814-0071,Construction Financing - California - CEDARst Closes on Construction Loan for Sixth San Diego Multifamily,california,California,California,Unknown,JLL,Unknown,Apartment,opportunity_radar.csv,12,100,exact address + developer match,DUP-0071,No,"Matched across 10 source file(s): asset_parcel_intelligence.csv, deal_fingerprints.csv, deal_pipeline.csv, development_lifecycle.csv"
2026-08-14,20260814-232136-af068659,Construction Financing - California - CEDARst Closes on Construction Loan for Sixth San Diego Multifamily,PRJ-20260814-0071,Construction Financing - California - CEDARst Closes on Construction Loan for Sixth San Diego Multifamily,california,California,California,Unknown,JLL,JLL,Apartment,distress_watchlist.csv,12,100,exact address + developer match,DUP-0071,No,"Matched across 10 source file(s): asset_parcel_intelligence.csv, deal_fingerprints.csv, deal_pipeline.csv, development_lifecycle.csv"
2026-08-14,20260814-232136-af068659,CEDARst Closes on Construction Loan for Sixth San Diego Multifamily,PRJ-20260814-0071,Construction Financing - California - CEDARst Closes on Construction Loan for Sixth San Diego Multifamily,california,California,California,Unknown,JLL,jll,General Residential,relationship_graph.csv,12,100,exact address + developer match,DUP-0071,No,"Matched across 10 source file(s): asset_parcel_intelligence.csv, deal_fingerprints.csv, deal_pipeline.csv, development_lifecycle.csv"
2026-08-14,20260814-232136-af068659,CEDARst Closes on Construction Loan for Sixth San Diego Multifamily,PRJ-20260814-0071,Construction Financing - California - CEDARst Closes on Construction Loan for Sixth San Diego Multifamily,california,California,California,Unknown,JLL,California,General Residential,relationship_graph.csv,12,100,exact address + developer match,DUP-0071,No,"Matched across 10 source file(s): asset_parcel_intelligence.csv, deal_fingerprints.csv, deal_pipeline.csv, development_lifecycle.csv"
2026-08-14,20260814-232136-af068659,CEDARst Closes on Construction Loan for Sixth San Diego Multifamily,PRJ-20260814-0071,Construction Financing - California - CEDARst Closes on Construction Loan for Sixth San Diego Multifamily,california,California,California,Unknown,JLL,Construction Financing - California - CEDARst Closes on Construction Loan for Sixth San Diego Multifamily,General Residential,relationship_graph.csv,12,100,exact address + developer match,DUP-0071,No,"Matched across 10 source file(s): asset_parcel_intelligence.csv, deal_fingerprints.csv, deal_pipeline.csv, development_lifecycle.csv"
2026-08-14,20260814-232136-af068659,Acquisition - California - Bascom Acquires Buena Park Apartments as Value-Add Deal,PRJ-20260814-0065,Acquisition - California - Bascom Acquires Buena Park Apartments as Value-Add Deal,california,California,California,California,Bascom Group,Unknown,Apartment,asset_parcel_intelligence.csv,10,100,exact address + developer match,DUP-0065,No,"Matched across 9 source file(s): asset_parcel_intelligence.csv, deal_fingerprints.csv, deal_pipeline.csv, development_lifecycle.csv"
2026-08-14,20260814-232136-af068659,Bascom Acquires Buena Park Apartments as Value-Add Deal,PRJ-20260814-0065,Acquisition - California - Bascom Acquires Buena Park Apartments as Value-Add Deal,california,California,Other / Unknown,Los Angeles,Bascom Group,Unknown,Apartment,la_asset_watch.csv,10,100,exact address + developer match,DUP-0065,No,"Matched across 9 source file(s): asset_parcel_intelligence.csv, deal_fingerprints.csv, deal_pipeline.csv, development_lifecycle.csv"
2026-08-14,20260814-232136-af068659,Acquisition - California - Bascom Acquires Buena Park Apartments as Value-Add Deal,PRJ-20260814-0065,Acquisition - California - Bascom Acquires Buena Park Apartments as Value-Add Deal,california,California,California,Unknown,Bascom Group,Unknown,Apartment,deal_fingerprints.csv,10,100,exact address + developer match,DUP-0065,No,"Matched across 9 source file(s): asset_parcel_intelligence.csv, deal_fingerprints.csv, deal_pipeline.csv, development_lifecycle.csv"
2026-08-14,20260814-232136-af068659,Acquisition - California - Bascom Acquires Buena Park Apartments as Value-Add Deal,PRJ-20260814-0065,Acquisition - California - Bascom Acquires Buena Park Apartments as Value-Add Deal,california,California,California,California,Bascom Group,Unknown,Apartment,deal_pipeline.csv,10,100,exact address + developer match,DUP-0065,No,"Matched across 9 source file(s): asset_parcel_intelligence.csv, deal_fingerprints.csv, deal_pipeline.csv, development_lifecycle.csv"
2026-08-14,20260814-232136-af068659,Acquisition - California - Bascom Acquires Buena Park Apartments as Value-Add Deal,PRJ-20260814-0065,Acquisition - California - Bascom Acquires Buena Park Apartments as Value-Add Deal,california,California,California,California,Bascom Group,Unknown,Apartment,development_lifecycle.csv,10,100,exact address + developer match,DUP-0065,No,"Matched across 9 source file(s): asset_parcel_intelligence.csv, deal_fingerprints.csv, deal_pipeline.csv, development_lifecycle.csv"
2026-08-14,20260814-232136-af068659,Acquisition - California - Bascom Acquires Buena Park Apartments as Value-Add Deal,PRJ-20260814-0065,Acquisition - California - Bascom Acquires Buena Park Apartments as Value-Add Deal,california,California,California,California,Bascom Group,Unknown,Apartment,lifecycle_transition.csv,10,100,exact address + developer match,DUP-0065,No,"Matched across 9 source file(s): asset_parcel_intelligence.csv, deal_fingerprints.csv, deal_pipeline.csv, development_lifecycle.csv"
2026-08-14,20260814-232136-af068659,Acquisition - California - Bascom Acquires Buena Park Apartments as Value-Add Deal,PRJ-20260814-0065,Acquisition - California - Bascom Acquires Buena Park Apartments as Value-Add Deal,california,California,Other / Unknown,California,Bascom Group,Unknown,Apartment,la_lifecycle_transition_watch.csv,10,100,exact address + developer match,DUP-0065,No,"Matched across 9 source file(s): asset_parcel_intelligence.csv, deal_fingerprints.csv, deal_pipeline.csv, development_lifecycle.csv"
2026-08-14,20260814-232136-af068659,Acquisition - California - Bascom Acquires Buena Park Apartments as Value-Add Deal,PRJ-20260814-0065,Acquisition - California - Bascom Acquires Buena Park Apartments as Value-Add Deal,california,California,California,Unknown,Bascom Group,Unknown,Apartment,opportunity_radar.csv,10,100,exact address + developer match,DUP-0065,No,"Matched across 9 source file(s): asset_parcel_intelligence.csv, deal_fingerprints.csv, deal_pipeline.csv, development_lifecycle.csv"
2026-08-14,20260814-232136-af068659,Bascom Acquires Buena Park Apartments as Value-Add Deal,PRJ-20260814-0065,Acquisition - California - Bascom Acquires Buena Park Apartments as Value-Add Deal,california,California,California,Unknown,Bascom Group,Acquisition - California - Bascom Acquires Buena Park Apartments as Value-Add Deal,General Residential,relationship_graph.csv,10,100,exact address + developer match,DUP-0065,No,"Matched across 9 source file(s): asset_parcel_intelligence.csv, deal_fingerprints.csv, deal_pipeline.csv, development_lifecycle.csv"
2026-08-14,20260814-232136-af068659,Bascom Acquires Buena Park Apartments as Value-Add Deal,PRJ-20260814-0065,Acquisition - California - Bascom Acquires Buena Park Apartments as Value-Add Deal,california,California,California,Unknown,Bascom Group,California,General Residential,relationship_graph.csv,10,100,exact address + developer match,DUP-0065,No,"Matched across 9 source file(s): asset_parcel_intelligence.csv, deal_fingerprints.csv, deal_pipeline.csv, development_lifecycle.csv"
2026-08-14,20260814-232136-af068659,Disposition / Exit - California - Costa Mesa Multifamily Changes Hands for Value-Add Repositioning,PRJ-20260814-0072,Disposition / Exit - California - Costa Mesa Multifamily Changes Hands for Value-Add Repositioning,california,California,California,California,Marcus & Millichap,Unknown,Apartment,asset_parcel_intelligence.csv,10,100,exact address + developer match,DUP-0072,No,"Matched across 9 source file(s): asset_parcel_intelligence.csv, deal_fingerprints.csv, deal_pipeline.csv, development_lifecycle.csv"
2026-08-14,20260814-232136-af068659,Costa Mesa Multifamily Changes Hands for Value-Add Repositioning,PRJ-20260814-0072,Disposition / Exit - California - Costa Mesa Multifamily Changes Hands for Value-Add Repositioning,california,California,Other / Unknown,Los Angeles,Marcus & Millichap,Unknown,Apartment,la_asset_watch.csv,10,100,exact address + developer match,DUP-0072,No,"Matched across 9 source file(s): asset_parcel_intelligence.csv, deal_fingerprints.csv, deal_pipeline.csv, development_lifecycle.csv"
2026-08-14,20260814-232136-af068659,Disposition / Exit - California - Costa Mesa Multifamily Changes Hands for Value-Add Repositioning,PRJ-20260814-0072,Disposition / Exit - California - Costa Mesa Multifamily Changes Hands for Value-Add Repositioning,california,California,California,Unknown,Marcus & Millichap,Unknown,Apartment,deal_fingerprints.csv,10,100,exact address + developer match,DUP-0072,No,"Matched across 9 source file(s): asset_parcel_intelligence.csv, deal_fingerprints.csv, deal_pipeline.csv, development_lifecycle.csv"
2026-08-14,20260814-232136-af068659,Disposition / Exit - California - Costa Mesa Multifamily Changes Hands for Value-Add Repositioning,PRJ-20260814-0072,Disposition / Exit - California - Costa Mesa Multifamily Changes Hands for Value-Add Repositioning,california,California,California,California,Marcus & Millichap,Unknown,Apartment,deal_pipeline.csv,10,100,exact address + developer match,DUP-0072,No,"Matched across 9 source file(s): asset_parcel_intelligence.csv, deal_fingerprints.csv, deal_pipeline.csv, development_lifecycle.csv"
2026-08-14,20260814-232136-af068659,Disposition / Exit - California - Costa Mesa Multifamily Changes Hands for Value-Add Repositioning,PRJ-20260814-0072,Disposition / Exit - California - Costa Mesa Multifamily Changes Hands for Value-Add Repositioning,california,California,California,California,Marcus & Millichap,Unknown,Apartment,development_lifecycle.csv,10,100,exact address + developer match,DUP-0072,No,"Matched across 9 source file(s): asset_parcel_intelligence.csv, deal_fingerprints.csv, deal_pipeline.csv, development_lifecycle.csv"
2026-08-14,20260814-232136-af068659,Disposition / Exit - California - Costa Mesa Multifamily Changes Hands for Value-Add Repositioning,PRJ-20260814-0072,Disposition / Exit - California - Costa Mesa Multifamily Changes Hands for Value-Add Repositioning,california,California,California,California,Marcus & Millichap,Unknown,Apartment,lifecycle_transition.csv,10,100,exact address + developer match,DUP-0072,No,"Matched across 9 source file(s): asset_parcel_intelligence.csv, deal_fingerprints.csv, deal_pipeline.csv, development_lifecycle.csv"
2026-08-14,20260814-232136-af068659,Disposition / Exit - California - Costa Mesa Multifamily Changes Hands for Value-Add Repositioning,PRJ-20260814-0072,Disposition / Exit - California - Costa Mesa Multifamily Changes Hands for Value-Add Repositioning,california,California,Other / Unknown,California,Marcus & Millichap,Unknown,Apartment,la_lifecycle_transition_watch.csv,10,100,exact address + developer match,DUP-0072,No,"Matched across 9 source file(s): asset_parcel_intelligence.csv, deal_fingerprints.csv, deal_pipeline.csv, development_lifecycle.csv"
2026-08-14,20260814-232136-af068659,Disposition / Exit - California - Costa Mesa Multifamily Changes Hands for Value-Add Repositioning,PRJ-20260814-0072,Disposition / Exit - California - Costa Mesa Multifamily Changes Hands for Value-Add Repositioning,california,California,California,Unknown,Marcus & Millichap,Unknown,Apartment,opportunity_radar.csv,10,100,exact address + developer match,DUP-0072,No,"Matched across 9 source file(s): asset_parcel_intelligence.csv, deal_fingerprints.csv, deal_pipeline.csv, development_lifecycle.csv"
2026-08-14,20260814-232136-af068659,Costa Mesa Multifamily Changes Hands for Value-Add Repositioning,PRJ-20260814-0072,Disposition / Exit - California - Costa Mesa Multifamily Changes Hands for Value-Add Repositioning,california,California,California,Unknown,Marcus & Millichap,California,General Residential,relationship_graph.csv,10,100,exact address + developer match,DUP-0072,No,"Matched across 9 source file(s): asset_parcel_intelligence.csv, deal_fingerprints.csv, deal_pipeline.csv, development_lifecycle.csv"
2026-08-14,20260814-232136-af068659,Costa Mesa Multifamily Changes Hands for Value-Add Repositioning,PRJ-20260814-0072,Disposition / Exit - California - Costa Mesa Multifamily Changes Hands for Value-Add Repositioning,california,California,California,Unknown,Marcus & Millichap,Disposition / Exit - California - Costa Mesa Multifamily Changes Hands for Value-Add Repositioning,General Residential,relationship_graph.csv,10,100,exact address + developer match,DUP-0072,No,"Matched across 9 source file(s): asset_parcel_intelligence.csv, deal_fingerprints.csv, deal_pipeline.csv, development_lifecycle.csv"
2026-08-14,20260814-232136-af068659,Disposition / Exit - Other / Unknown - GREA Closes Sale of 86-Unit Luxury Apartments in Glen Ellyn,PRJ-20260814-0157,Disposition / Exit - Other / Unknown - NAHB HBGI: Micro Markets Lone Bright Spot for Single-Family Building in Fourth Quarter,other unknown,Other / Unknown,Unknown,Unknown,Unknown,Unknown,Apartment,asset_parcel_intelligence.csv,10,80,address/location + market match,DUP-0157,No,Matched across 1 source file(s): asset_parcel_intelligence.csv
2026-08-14,20260814-232136-af068659,Development Start - Other / Unknown - Missing Middle Weakness,PRJ-20260814-0157,Disposition / Exit - Other / Unknown - NAHB HBGI: Micro Markets Lone Bright Spot for Single-Family Building in Fourth Quarter,other unknown,Other / Unknown,Unknown,Unknown,Unknown,Unknown,Apartment,asset_parcel_intelligence.csv,10,80,address/location + market match,DUP-0157,No,Matched across 1 source file(s): asset_parcel_intelligence.csv
2026-08-14,20260814-232136-af068659,General Project Signal - Other / Unknown - 2026 Resident Experience Management Report,PRJ-20260814-0157,Disposition / Exit - Other / Unknown - NAHB HBGI: Micro Markets Lone Bright Spot for Single-Family Building in Fourth Quarter,other unknown,Other / Unknown,Unknown,Unknown,Unknown,Unknown,Multifamily,asset_parcel_intelligence.csv,10,80,address/location + market match,DUP-0157,No,Matched across 1 source file(s): asset_parcel_intelligence.csv
2026-08-14,20260814-232136-af068659,General Project Signal - Other / Unknown - Share of Apartments Built in Buildings with 50+ Units Moves Higher in 2025,PRJ-20260814-0157,Disposition / Exit - Other / Unknown - NAHB HBGI: Micro Markets Lone Bright Spot for Single-Family Building in Fourth Quarter,other unknown,Other / Unknown,Unknown,Unknown,Unknown,Unknown,Apartment,asset_parcel_intelligence.csv,10,80,address/location + market match,DUP-0157,No,Matched across 1 source file(s): asset_parcel_intelligence.csv
2026-08-14,20260814-232136-af068659,General Project Signal - Other / Unknown - Multifamily Absorption Rate Remains Below 50%,PRJ-20260814-0157,Disposition / Exit - Other / Unknown - NAHB HBGI: Micro Markets Lone Bright Spot for Single-Family Building in Fourth Quarter,other unknown,Other / Unknown,Unknown,Unknown,Unknown,Unknown,Apartment,asset_parcel_intelligence.csv,10,80,address/location + market match,DUP-0157,No,Matched across 1 source file(s): asset_parcel_intelligence.csv
2026-08-14,20260814-232136-af068659,Development Start - Other / Unknown - First Quarter 2026 Multifamily Construction Data,PRJ-20260814-0157,Disposition / Exit - Other / Unknown - NAHB HBGI: Micro Markets Lone Bright Spot for Single-Family Building in Fourth Quarter,other unknown,Other / Unknown,Unknown,Unknown,Unknown,Unknown,Multifamily,asset_parcel_intelligence.csv,10,80,address/location + market match,DUP-0157,No,Matched across 1 source file(s): asset_parcel_intelligence.csv
2026-08-14,20260814-232136-af068659,Development Start - Other / Unknown - Fourth Quarter 2025 Multifamily Construction Data,PRJ-20260814-0157,Disposition / Exit - Other / Unknown - NAHB HBGI: Micro Markets Lone Bright Spot for Single-Family Building in Fourth Quarter,other unknown,Other / Unknown,Unknown,Unknown,Unknown,Unknown,Multifamily,asset_parcel_intelligence.csv,10,80,address/location + market match,DUP-0157,No,Matched across 1 source file(s): asset_parcel_intelligence.csv
2026-08-14,20260814-232136-af068659,Development Start - Other / Unknown - Overall Housing Starts Inch Lower in 2025,PRJ-20260814-0157,Disposition / Exit - Other / Unknown - NAHB HBGI: Micro Markets Lone Bright Spot for Single-Family Building in Fourth Quarter,other unknown,Other / Unknown,Unknown,Unknown,Unknown,Unknown,Multifamily,asset_parcel_intelligence.csv,10,80,address/location + market match,DUP-0157,No,Matched across 1 source file(s): asset_parcel_intelligence.csv
2026-08-14,20260814-232136-af068659,Development Start - Other / Unknown - Third Quarter 2025 Multifamily Construction Data,PRJ-20260814-0157,Disposition / Exit - Other / Unknown - NAHB HBGI: Micro Markets Lone Bright Spot for Single-Family Building in Fourth Quarter,other unknown,Other / Unknown,Unknown,Unknown,Unknown,Unknown,Multifamily,asset_parcel_intelligence.csv,10,80,address/location + market match,DUP-0157,No,Matched across 1 source file(s): asset_parcel_intelligence.csv
2026-08-14,20260814-232136-af068659,Disposition / Exit - Other / Unknown - NAHB HBGI: Micro Markets Lone Bright Spot for Single-Family Building in Fourth Quarter,PRJ-20260814-0157,Disposition / Exit - Other / Unknown - NAHB HBGI: Micro Markets Lone Bright Spot for Single-Family Building in Fourth Quarter,other unknown,Other / Unknown,Unknown,Unknown,Unknown,Unknown,Multifamily,asset_parcel_intelligence.csv,10,80,address/location + market match,DUP-0157,No,Matched across 1 source file(s): asset_parcel_intelligence.csv
2026-08-14,20260814-232136-af068659,Atlanta Beltline Advancing 218-Unit Affordable Apartment Project,PRJ-20260814-0061,Office-to-Residential Conversion - Atlanta / Georgia - JLB Pursuing Buckhead Office-to-Apartments Conversion in Atlanta,atlanta,Atlanta,Other / Unknown,Los Angeles,Unknown,Unknown,Apartment,la_asset_watch.csv,10,80,address/location + market match,DUP-0061,No,"Matched across 2 source file(s): la_asset_watch.csv, la_entitlement_watch.csv"
2026-08-14,20260814-232136-af068659,JLB Pursuing Buckhead Office-to-Apartments Conversion in Atlanta,PRJ-20260814-0061,Office-to-Residential Conversion - Atlanta / Georgia - JLB Pursuing Buckhead Office-to-Apartments Conversion in Atlanta,atlanta,Atlanta,Other / Unknown,Los Angeles,Unknown,Unknown,Apartment,la_asset_watch.csv,10,80,address/location + market match,DUP-0061,No,"Matched across 2 source file(s): la_asset_watch.csv, la_entitlement_watch.csv"
2026-08-14,20260814-232136-af068659,Saratoga Capital Pays $98.4M at Auction for Atlanta Apartment Community,PRJ-20260814-0061,Office-to-Residential Conversion - Atlanta / Georgia - JLB Pursuing Buckhead Office-to-Apartments Conversion in Atlanta,atlanta,Atlanta,Other / Unknown,Los Angeles,Unknown,Unknown,Apartment,la_asset_watch.csv,10,80,address/location + market match,DUP-0061,No,"Matched across 2 source file(s): la_asset_watch.csv, la_entitlement_watch.csv"
2026-08-14,20260814-232136-af068659,ParkProperty Acquires 280-Unit Buckhead Apartment Community,PRJ-20260814-0061,Office-to-Residential Conversion - Atlanta / Georgia - JLB Pursuing Buckhead Office-to-Apartments Conversion in Atlanta,atlanta,Atlanta,Other / Unknown,Los Angeles,Unknown,Unknown,Apartment,la_asset_watch.csv,10,80,address/location + market match,DUP-0061,No,"Matched across 2 source file(s): la_asset_watch.csv, la_entitlement_watch.csv"
2026-08-14,20260814-232136-af068659,JLB Pursuing Buckhead Office-to-Apartments Conversion,PRJ-20260814-0061,Office-to-Residential Conversion - Atlanta / Georgia - JLB Pursuing Buckhead Office-to-Apartments Conversion in Atlanta,atlanta,Atlanta,Other / Unknown,Los Angeles,Unknown,Unknown,Apartment,la_asset_watch.csv,10,80,address/location + market match,DUP-0061,No,"Matched across 2 source file(s): la_asset_watch.csv, la_entitlement_watch.csv"
2026-08-14,20260814-232136-af068659,JLB Pursuing Buckhead Office-to-Apartments Conversion,PRJ-20260814-0061,Office-to-Residential Conversion - Atlanta / Georgia - JLB Pursuing Buckhead Office-to-Apartments Conversion in Atlanta,atlanta,Atlanta,Other / Unknown,Los Angeles,Unknown,Unknown,Apartment,la_asset_watch.csv,10,80,address/location + market match,DUP-0061,No,"Matched across 2 source file(s): la_asset_watch.csv, la_entitlement_watch.csv"
2026-08-14,20260814-232136-af068659,Mesirow Pays $132M for Midtown Atlanta Apartment Community,PRJ-20260814-0061,Office-to-Residential Conversion - Atlanta / Georgia - JLB Pursuing Buckhead Office-to-Apartments Conversion in Atlanta,atlanta,Atlanta,Other / Unknown,Los Angeles,Unknown,Unknown,Apartment,la_asset_watch.csv,10,80,address/location + market match,DUP-0061,No,"Matched across 2 source file(s): la_asset_watch.csv, la_entitlement_watch.csv"
2026-08-14,20260814-232136-af068659,Developer Duo Obtains Construction Financing for $147M Atlanta Student Housing Project,PRJ-20260814-0061,Office-to-Residential Conversion - Atlanta / Georgia - JLB Pursuing Buckhead Office-to-Apartments Conversion in Atlanta,atlanta,Atlanta,Other / Unknown,Los Angeles,Unknown,Unknown,Student Housing,la_asset_watch.csv,10,80,address/location + market match,DUP-0061,No,"Matched across 2 source file(s): la_asset_watch.csv, la_entitlement_watch.csv"
2026-08-14,20260814-232136-af068659,Office-to-Residential Conversion - Atlanta / Georgia - JLB Pursuing Buckhead Office-to-Apartments Conversion in Atlanta,PRJ-20260814-0061,Office-to-Residential Conversion - Atlanta / Georgia - JLB Pursuing Buckhead Office-to-Apartments Conversion in Atlanta,atlanta,Atlanta,Other / Unknown,Atlanta,Unknown,Unknown,Apartment,la_entitlement_watch.csv,10,80,address/location + market match,DUP-0061,No,"Matched across 2 source file(s): la_asset_watch.csv, la_entitlement_watch.csv"
2026-08-14,20260814-232136-af068659,Office-to-Residential Conversion - Atlanta / Georgia - JLB Pursuing Buckhead Office-to-Apartments Conversion,PRJ-20260814-0061,Office-to-Residential Conversion - Atlanta / Georgia - JLB Pursuing Buckhead Office-to-Apartments Conversion in Atlanta,atlanta,Atlanta,Other / Unknown,Atlanta,Unknown,Unknown,Apartment,la_entitlement_watch.csv,10,80,address/location + market match,DUP-0061,No,"Matched across 2 source file(s): la_asset_watch.csv, la_entitlement_watch.csv"
2026-08-14,20260814-232136-af068659,Disposition / Exit - Santa Monica / California - CBRE Completes Receivership Sale of Santa Monica Multifamily Apartment Building,PRJ-20260814-0178,Disposition / Exit - Santa Monica / California - CBRE Completes Receivership Sale of Santa Monica Multifamily Apartment Building,santa monica,Santa Monica,Unknown,Santa Monica,CBRE,CBRE,Apartment,asset_parcel_intelligence.csv,9,100,exact address + developer match,DUP-0178,No,"Matched across 6 source file(s): asset_parcel_intelligence.csv, deal_pipeline.csv, development_lifecycle.csv, la_asset_watch.csv"
2026-08-14,20260814-232136-af068659,CBRE Completes Receivership Sale of Santa Monica Multifamily Apartment Building,PRJ-20260814-0178,Disposition / Exit - Santa Monica / California - CBRE Completes Receivership Sale of Santa Monica Multifamily Apartment Building,santa monica,Santa Monica,Other / Unknown,Los Angeles,CBRE,Unknown,Apartment,la_asset_watch.csv,9,100,exact address + developer match,DUP-0178,No,"Matched across 6 source file(s): asset_parcel_intelligence.csv, deal_pipeline.csv, development_lifecycle.csv, la_asset_watch.csv"
2026-08-14,20260814-232136-af068659,Disposition / Exit - Santa Monica / California - CBRE Completes Receivership Sale of Santa Monica Multifamily Apartment Building,PRJ-20260814-0178,Disposition / Exit - Santa Monica / California - CBRE Completes Receivership Sale of Santa Monica Multifamily Apartment Building,santa monica,Santa Monica,Santa Monica / California,Santa Monica,CBRE,cbre,Apartment,deal_pipeline.csv,9,100,exact address + developer match,DUP-0178,No,"Matched across 6 source file(s): asset_parcel_intelligence.csv, deal_pipeline.csv, development_lifecycle.csv, la_asset_watch.csv"
2026-08-14,20260814-232136-af068659,Disposition / Exit - Santa Monica / California - CBRE Completes Receivership Sale of Santa Monica Multifamily Apartment Building,PRJ-20260814-0178,Disposition / Exit - Santa Monica / California - CBRE Completes Receivership Sale of Santa Monica Multifamily Apartment Building,santa monica,Santa Monica,Unknown,Santa Monica,CBRE,CBRE,Apartment,development_lifecycle.csv,9,100,exact address + developer match,DUP-0178,No,"Matched across 6 source file(s): asset_parcel_intelligence.csv, deal_pipeline.csv, development_lifecycle.csv, la_asset_watch.csv"
2026-08-14,20260814-232136-af068659,CBRE Completes Receivership Sale of Santa Monica Multifamily Apartment Building,PRJ-20260814-0178,Disposition / Exit - Santa Monica / California - CBRE Completes Receivership Sale of Santa Monica Multifamily Apartment Building,santa monica,Santa Monica,Santa Monica / California,Santa Monica,CBRE,Unknown,Apartment,development_lifecycle.csv,9,100,exact address + developer match,DUP-0178,No,"Matched across 6 source file(s): asset_parcel_intelligence.csv, deal_pipeline.csv, development_lifecycle.csv, la_asset_watch.csv"
2026-08-14,20260814-232136-af068659,Disposition / Exit - Santa Monica / California - CBRE Completes Receivership Sale of Santa Monica Multifamily Apartment Building,PRJ-20260814-0178,Disposition / Exit - Santa Monica / California - CBRE Completes Receivership Sale of Santa Monica Multifamily Apartment Building,santa monica,Santa Monica,Unknown,Santa Monica,CBRE,Unknown,Apartment,lifecycle_transition.csv,9,100,exact address + developer match,DUP-0178,No,"Matched across 6 source file(s): asset_parcel_intelligence.csv, deal_pipeline.csv, development_lifecycle.csv, la_asset_watch.csv"
2026-08-14,20260814-232136-af068659,CBRE Completes Receivership Sale of Santa Monica Multifamily Apartment Building,PRJ-20260814-0178,Disposition / Exit - Santa Monica / California - CBRE Completes Receivership Sale of Santa Monica Multifamily Apartment Building,santa monica,Santa Monica,Santa Monica / California,Santa Monica,CBRE,Unknown,Apartment,lifecycle_transition.csv,9,100,exact address + developer match,DUP-0178,No,"Matched across 6 source file(s): asset_parcel_intelligence.csv, deal_pipeline.csv, development_lifecycle.csv, la_asset_watch.csv"
2026-08-14,20260814-232136-af068659,Disposition / Exit - Santa Monica / California - CBRE Completes Receivership Sale of Santa Monica Multifamily Apartment Building,PRJ-20260814-0178,Disposition / Exit - Santa Monica / California - CBRE Completes Receivership Sale of Santa Monica Multifamily Apartment Building,santa monica,Santa Monica,Other / Unknown,Santa Monica,CBRE,Unknown,Apartment,la_lifecycle_transition_watch.csv,9,100,exact address + developer match,DUP-0178,No,"Matched across 6 source file(s): asset_parcel_intelligence.csv, deal_pipeline.csv, development_lifecycle.csv, la_asset_watch.csv"
2026-08-14,20260814-232136-af068659,CBRE Completes Receivership Sale of Santa Monica Multifamily Apartment Building,PRJ-20260814-0178,Disposition / Exit - Santa Monica / California - CBRE Completes Receivership Sale of Santa Monica Multifamily Apartment Building,santa monica,Santa Monica,Other / Unknown,Santa Monica,CBRE,Unknown,Apartment,la_lifecycle_transition_watch.csv,9,100,exact address + developer match,DUP-0178,No,"Matched across 6 source file(s): asset_parcel_intelligence.csv, deal_pipeline.csv, development_lifecycle.csv, la_asset_watch.csv"
2026-08-14,20260814-232136-af068659,"General Project Signal - National - Survey: 61% of Investors Hold Negative Multifamily Outlook in 2026, Per Berkadia",PRJ-20260814-0129,"General Project Signal - National - Survey: 61% of Investors Hold Negative Multifamily Outlook in 2026, Per Berkadia",national,National,Unknown,National,Berkadia,Berkadia,Multifamily,asset_parcel_intelligence.csv,9,100,exact address + developer match,DUP-0129,No,"Matched across 7 source file(s): asset_parcel_intelligence.csv, deal_fingerprints.csv, deal_pipeline.csv, development_lifecycle.csv"
2026-08-14,20260814-232136-af068659,"General Project Signal - National - Survey: 61% of Investors Hold Negative Multifamily Outlook in 2026, Per Berkadia",PRJ-20260814-0129,"General Project Signal - National - Survey: 61% of Investors Hold Negative Multifamily Outlook in 2026, Per Berkadia",national,National,National,Unknown,Berkadia,Unknown,Multifamily,deal_fingerprints.csv,9,100,exact address + developer match,DUP-0129,No,"Matched across 7 source file(s): asset_parcel_intelligence.csv, deal_fingerprints.csv, deal_pipeline.csv, development_lifecycle.csv"
2026-08-14,20260814-232136-af068659,"General Project Signal - National - Survey: 61% of Investors Hold Negative Multifamily Outlook in 2026, Per Berkadia",PRJ-20260814-0129,"General Project Signal - National - Survey: 61% of Investors Hold Negative Multifamily Outlook in 2026, Per Berkadia",national,National,National,National,Berkadia,berkadia,Multifamily,deal_pipeline.csv,9,100,exact address + developer match,DUP-0129,No,"Matched across 7 source file(s): asset_parcel_intelligence.csv, deal_fingerprints.csv, deal_pipeline.csv, development_lifecycle.csv"
2026-08-14,20260814-232136-af068659,"General Project Signal - National - Survey: 61% of Investors Hold Negative Multifamily Outlook in 2026, Per Berkadia",PRJ-20260814-0129,"General Project Signal - National - Survey: 61% of Investors Hold Negative Multifamily Outlook in 2026, Per Berkadia",national,National,Unknown,National,Berkadia,Berkadia,Multifamily,development_lifecycle.csv,9,100,exact address + developer match,DUP-0129,No,"Matched across 7 source file(s): asset_parcel_intelligence.csv, deal_fingerprints.csv, deal_pipeline.csv, development_lifecycle.csv"
2026-08-14,20260814-232136-af068659,"General Project Signal - National - Survey: 61% of Investors Hold Negative Multifamily Outlook in 2026, Per Berkadia",PRJ-20260814-0129,"General Project Signal - National - Survey: 61% of Investors Hold Negative Multifamily Outlook in 2026, Per Berkadia",national,National,Unknown,National,Berkadia,Unknown,Multifamily,lifecycle_transition.csv,9,100,exact address + developer match,DUP-0129,No,"Matched across 7 source file(s): asset_parcel_intelligence.csv, deal_fingerprints.csv, deal_pipeline.csv, development_lifecycle.csv"
2026-08-14,20260814-232136-af068659,"General Project Signal - National - Survey: 61% of Investors Hold Negative Multifamily Outlook in 2026, Per Berkadia",PRJ-20260814-0129,"General Project Signal - National - Survey: 61% of Investors Hold Negative Multifamily Outlook in 2026, Per Berkadia",national,National,National,Unknown,Berkadia,Unknown,Multifamily,opportunity_radar.csv,9,100,exact address + developer match,DUP-0129,No,"Matched across 7 source file(s): asset_parcel_intelligence.csv, deal_fingerprints.csv, deal_pipeline.csv, development_lifecycle.csv"
2026-08-14,20260814-232136-af068659,"Survey: 61% of Investors Hold Negative Multifamily Outlook in 2026, Per Berkadia",PRJ-20260814-0129,"General Project Signal - National - Survey: 61% of Investors Hold Negative Multifamily Outlook in 2026, Per Berkadia",national,National,National,Unknown,Berkadia,berkadia,General Residential,relationship_graph.csv,9,100,exact address + developer match,DUP-0129,No,"Matched across 7 source file(s): asset_parcel_intelligence.csv, deal_fingerprints.csv, deal_pipeline.csv, development_lifecycle.csv"
2026-08-14,20260814-232136-af068659,"Survey: 61% of Investors Hold Negative Multifamily Outlook in 2026, Per Berkadia",PRJ-20260814-0129,"General Project Signal - National - Survey: 61% of Investors Hold Negative Multifamily Outlook in 2026, Per Berkadia",national,National,National,Unknown,Berkadia,"General Project Signal - National - Survey: 61% of Investors Hold Negative Multifamily Outlook in 2026, Per Berkadia",General Residential,relationship_graph.csv,9,100,exact address + developer match,DUP-0129,No,"Matched across 7 source file(s): asset_parcel_intelligence.csv, deal_fingerprints.csv, deal_pipeline.csv, development_lifecycle.csv"
2026-08-14,20260814-232136-af068659,"Survey: 61% of Investors Hold Negative Multifamily Outlook in 2026, Per Berkadia",PRJ-20260814-0129,"General Project Signal - National - Survey: 61% of Investors Hold Negative Multifamily Outlook in 2026, Per Berkadia",national,National,National,Unknown,Berkadia,National,General Residential,relationship_graph.csv,9,100,exact address + developer match,DUP-0129,No,"Matched across 7 source file(s): asset_parcel_intelligence.csv, deal_fingerprints.csv, deal_pipeline.csv, development_lifecycle.csv"
2026-08-14,20260814-232136-af068659,Office-to-Residential Conversion - West Palm Beach / Florida - West Palm Beach Investor Kamson Corp Buys Condo Property Converting to Multifamily Apartme...,PRJ-20260814-0191,Office-to-Residential Conversion - West Palm Beach / Florida - West Palm Beach Investor Kamson Corp Buys Condo Property Converting to Multifamily Apartme...,west palm beach florida,West Palm Beach / Florida,Unknown,West Palm Beach / Florida,Marcus & Millichap,Unknown,Apartment,asset_parcel_intelligence.csv,9,100,exact address + developer match,DUP-0191,No,"Matched across 8 source file(s): asset_parcel_intelligence.csv, deal_fingerprints.csv, deal_pipeline.csv, development_lifecycle.csv"
2026-08-14,20260814-232136-af068659,Office-to-Residential Conversion - West Palm Beach / Florida - West Palm Beach Investor Kamson Corp Buys Condo Property Converting to Multifamily Apartme...,PRJ-20260814-0191,Office-to-Residential Conversion - West Palm Beach / Florida - West Palm Beach Investor Kamson Corp Buys Condo Property Converting to Multifamily Apartme...,west palm beach florida,West Palm Beach / Florida,West Palm Beach / Florida,Unknown,Marcus & Millichap,Unknown,Apartment,deal_fingerprints.csv,9,100,exact address + developer match,DUP-0191,No,"Matched across 8 source file(s): asset_parcel_intelligence.csv, deal_fingerprints.csv, deal_pipeline.csv, development_lifecycle.csv"
2026-08-14,20260814-232136-af068659,Office-to-Residential Conversion - West Palm Beach / Florida - West Palm Beach Investor Kamson Corp Buys Condo Property Converting to Multifamily Apartme...,PRJ-20260814-0191,Office-to-Residential Conversion - West Palm Beach / Florida - West Palm Beach Investor Kamson Corp Buys Condo Property Converting to Multifamily Apartme...,west palm beach florida,West Palm Beach / Florida,West Palm Beach / Florida,West Palm Beach / Florida,Marcus & Millichap,Unknown,Apartment,deal_pipeline.csv,9,100,exact address + developer match,DUP-0191,No,"Matched across 8 source file(s): asset_parcel_intelligence.csv, deal_fingerprints.csv, deal_pipeline.csv, development_lifecycle.csv"
2026-08-14,20260814-232136-af068659,Office-to-Residential Conversion - West Palm Beach / Florida - West Palm Beach Investor Kamson Corp Buys Condo Property Converting to Multifamily Apartme...,PRJ-20260814-0191,Office-to-Residential Conversion - West Palm Beach / Florida - West Palm Beach Investor Kamson Corp Buys Condo Property Converting to Multifamily Apartme...,west palm beach florida,West Palm Beach / Florida,Unknown,West Palm Beach / Florida,Marcus & Millichap,Unknown,Apartment,development_lifecycle.csv,9,100,exact address + developer match,DUP-0191,No,"Matched across 8 source file(s): asset_parcel_intelligence.csv, deal_fingerprints.csv, deal_pipeline.csv, development_lifecycle.csv"
2026-08-14,20260814-232136-af068659,Office-to-Residential Conversion - West Palm Beach / Florida - West Palm Beach Investor Kamson Corp Buys Condo Property Converting to Multifamily Apartme...,PRJ-20260814-0191,Office-to-Residential Conversion - West Palm Beach / Florida - West Palm Beach Investor Kamson Corp Buys Condo Property Converting to Multifamily Apartme...,west palm beach florida,West Palm Beach / Florida,Unknown,West Palm Beach / Florida,Marcus & Millichap,Unknown,Apartment,lifecycle_transition.csv,9,100,exact address + developer match,DUP-0191,No,"Matched across 8 source file(s): asset_parcel_intelligence.csv, deal_fingerprints.csv, deal_pipeline.csv, development_lifecycle.csv"
2026-08-14,20260814-232136-af068659,Office-to-Residential Conversion - West Palm Beach / Florida - West Palm Beach Investor Kamson Corp Buys Condo Property Converting to Multifamily Apartme...,PRJ-20260814-0191,Office-to-Residential Conversion - West Palm Beach / Florida - West Palm Beach Investor Kamson Corp Buys Condo Property Converting to Multifamily Apartme...,west palm beach florida,West Palm Beach / Florida,West Palm Beach / Florida,Unknown,Marcus & Millichap,Unknown,Apartment,opportunity_radar.csv,9,100,exact address + developer match,DUP-0191,No,"Matched across 8 source file(s): asset_parcel_intelligence.csv, deal_fingerprints.csv, deal_pipeline.csv, development_lifecycle.csv"
2026-08-14,20260814-232136-af068659,Office-to-Residential Conversion - West Palm Beach / Florida - West Palm Beach Investor Kamson Corp Buys Condo Property Converting to Multifamily Apartme...,PRJ-20260814-0191,Office-to-Residential Conversion - West Palm Beach / Florida - West Palm Beach Investor Kamson Corp Buys Condo Property Converting to Multifamily Apartme...,west palm beach florida,West Palm Beach / Florida,West Palm Beach / Florida,West Palm Beach / Florida,Marcus & Millichap,Unknown,Apartment,entitlement_intelligence.csv,9,100,exact address + developer match,DUP-0191,No,"Matched across 8 source file(s): asset_parcel_intelligence.csv, deal_fingerprints.csv, deal_pipeline.csv, development_lifecycle.csv"
2026-08-14,20260814-232136-af068659,West Palm Beach Investor Kamson Corp Buys Condo Property Converting to Multifamily Apartment Rental Units,PRJ-20260814-0191,Office-to-Residential Conversion - West Palm Beach / Florida - West Palm Beach Investor Kamson Corp Buys Condo Property Converting to Multifamily Apartme...,west palm beach florida,West Palm Beach / Florida,West Palm Beach / Florida,Unknown,Marcus & Millichap,West Palm Beach / Florida,General Residential,relationship_graph.csv,9,100,exact address + developer match,DUP-0191,No,"Matched across 8 source file(s): asset_parcel_intelligence.csv, deal_fingerprints.csv, deal_pipeline.csv, development_lifecycle.csv"
2026-08-14,20260814-232136-af068659,West Palm Beach Investor Kamson Corp Buys Condo Property Converting to Multifamily Apartment Rental Units,PRJ-20260814-0191,Office-to-Residential Conversion - West Palm Beach / Florida - West Palm Beach Investor Kamson Corp Buys Condo Property Converting to Multifamily Apartme...,west palm beach florida,West Palm Beach / Florida,West Palm Beach / Florida,Unknown,Marcus & Millichap,Office-to-Residential Conversion - West Palm Beach / Florida - West Palm Beach Investor Kamson Corp Buys Condo Property Converting to Multifamily Apartme...,General Residential,relationship_graph.csv,9,100,exact address + developer match,DUP-0191,No,"Matched across 8 source file(s): asset_parcel_intelligence.csv, deal_fingerprints.csv, deal_pipeline.csv, development_lifecycle.csv"
2026-08-14,20260814-232136-af068659,"Acquisition - San Francisco / California - Sack Capital, Align Finance Close Financing for Two Step Up Housing Acquisitions",PRJ-20260814-0172,"Acquisition - San Francisco / California - Sack Capital, Align Finance Close Financing for Two Step Up Housing Acquisitions",san francisco california,San Francisco / California,San Francisco / California,Unknown,Unknown,Unknown,Apartment,deal_fingerprints.csv,9,80,address/location + market match,DUP-0172,No,"Matched across 4 source file(s): deal_fingerprints.csv, development_lifecycle.csv, lifecycle_transition.csv, opportunity_radar.csv"
2026-08-14,20260814-232136-af068659,Disposition / Exit - San Francisco / California - Top markets for apartment sales in H1 2026,PRJ-20260814-0172,"Acquisition - San Francisco / California - Sack Capital, Align Finance Close Financing for Two Step Up Housing Acquisitions",san francisco california,San Francisco / California,San Francisco / California,Unknown,Unknown,Unknown,Apartment,deal_fingerprints.csv,9,80,address/location + market match,DUP-0172,No,"Matched across 4 source file(s): deal_fingerprints.csv, development_lifecycle.csv, lifecycle_transition.csv, opportunity_radar.csv"
2026-08-14,20260814-232136-af068659,"Entitlement / Permitting - San Francisco / California - Permits Filed For 2740 McAllister Street, San Francisco",PRJ-20260814-0172,"Acquisition - San Francisco / California - Sack Capital, Align Finance Close Financing for Two Step Up Housing Acquisitions",san francisco california,San Francisco / California,San Francisco / California,Unknown,Unknown,Unknown,Apartment,deal_fingerprints.csv,9,80,address/location + market match,DUP-0172,No,"Matched across 4 source file(s): deal_fingerprints.csv, development_lifecycle.csv, lifecycle_transition.csv, opportunity_radar.csv"
2026-08-14,20260814-232136-af068659,New Developer to Push Forward on Housing at 400 Divisadero Street in San Francisco,PRJ-20260814-0172,"Acquisition - San Francisco / California - Sack Capital, Align Finance Close Financing for Two Step Up Housing Acquisitions",san francisco california,San Francisco / California,San Francisco / California,Unknown,Unknown,Unknown,General Residential,development_lifecycle.csv,9,80,address/location + market match,DUP-0172,No,"Matched across 4 source file(s): deal_fingerprints.csv, development_lifecycle.csv, lifecycle_transition.csv, opportunity_radar.csv"
2026-08-14,20260814-232136-af068659,"Permits Filed For 2740 McAllister Street, San Francisco",PRJ-20260814-0172,"Acquisition - San Francisco / California - Sack Capital, Align Finance Close Financing for Two Step Up Housing Acquisitions",san francisco california,San Francisco / California,San Francisco / California,Unknown,Unknown,Unknown,Apartment,development_lifecycle.csv,9,80,address/location + market match,DUP-0172,No,"Matched across 4 source file(s): deal_fingerprints.csv, development_lifecycle.csv, lifecycle_transition.csv, opportunity_radar.csv"
2026-08-14,20260814-232136-af068659,New Developer to Push Forward on Housing at 400 Divisadero Street in San Francisco,PRJ-20260814-0172,"Acquisition - San Francisco / California - Sack Capital, Align Finance Close Financing for Two Step Up Housing Acquisitions",san francisco california,San Francisco / California,San Francisco / California,Unknown,Unknown,Unknown,General Residential,lifecycle_transition.csv,9,80,address/location + market match,DUP-0172,No,"Matched across 4 source file(s): deal_fingerprints.csv, development_lifecycle.csv, lifecycle_transition.csv, opportunity_radar.csv"
2026-08-14,20260814-232136-af068659,"Permits Filed For 2740 McAllister Street, San Francisco",PRJ-20260814-0172,"Acquisition - San Francisco / California - Sack Capital, Align Finance Close Financing for Two Step Up Housing Acquisitions",san francisco california,San Francisco / California,San Francisco / California,Unknown,Unknown,Unknown,Apartment,lifecycle_transition.csv,9,80,address/location + market match,DUP-0172,No,"Matched across 4 source file(s): deal_fingerprints.csv, development_lifecycle.csv, lifecycle_transition.csv, opportunity_radar.csv"
2026-08-14,20260814-232136-af068659,"Acquisition - San Francisco / California - Sack Capital, Align Finance Close Financing for Two Step Up Housing Acquisitions",PRJ-20260814-0172,"Acquisition - San Francisco / California - Sack Capital, Align Finance Close Financing for Two Step Up Housing Acquisitions",san francisco california,San Francisco / California,San Francisco / California,Unknown,Unknown,Unknown,Apartment,opportunity_radar.csv,9,80,address/location + market match,DUP-0172,No,"Matched across 4 source file(s): deal_fingerprints.csv, development_lifecycle.csv, lifecycle_transition.csv, opportunity_radar.csv"
2026-08-14,20260814-232136-af068659,"Entitlement / Permitting - San Francisco / California - Permits Filed For 2740 McAllister Street, San Francisco",PRJ-20260814-0172,"Acquisition - San Francisco / California - Sack Capital, Align Finance Close Financing for Two Step Up Housing Acquisitions",san francisco california,San Francisco / California,San Francisco / California,Unknown,Unknown,Unknown,Apartment,opportunity_radar.csv,9,80,address/location + market match,DUP-0172,No,"Matched across 4 source file(s): deal_fingerprints.csv, development_lifecycle.csv, lifecycle_transition.csv, opportunity_radar.csv"
2026-08-14,20260814-232136-af068659,Acquisition - Phoenix / Arizona - ColRich Pays $52.4M for Mesa Rental Community,PRJ-20260814-0164,BTR / Build-to-Rent - Phoenix / Arizona - Porter Kyle Adds New 100-Unit BTR Community to East Valley Portfolio,phoenix,Phoenix,Unknown,Phoenix,Unknown,Unknown,Apartment,asset_parcel_intelligence.csv,9,80,address/location + market match,DUP-0164,No,"Matched across 3 source file(s): asset_parcel_intelligence.csv, development_lifecycle.csv, lifecycle_transition.csv"
2026-08-14,20260814-232136-af068659,Acquisition - Phoenix / Arizona - Rockwell Pays $42M for 182-Unit Scottsdale Rental Community,PRJ-20260814-0164,BTR / Build-to-Rent - Phoenix / Arizona - Porter Kyle Adds New 100-Unit BTR Community to East Valley Portfolio,phoenix,Phoenix,Unknown,Phoenix,Unknown,Unknown,Apartment,asset_parcel_intelligence.csv,9,80,address/location + market match,DUP-0164,No,"Matched across 3 source file(s): asset_parcel_intelligence.csv, development_lifecycle.csv, lifecycle_transition.csv"
2026-08-14,20260814-232136-af068659,BTR / Build-to-Rent - Phoenix / Arizona - Porter Kyle Adds New 100-Unit BTR Community to East Valley Portfolio,PRJ-20260814-0164,BTR / Build-to-Rent - Phoenix / Arizona - Porter Kyle Adds New 100-Unit BTR Community to East Valley Portfolio,phoenix,Phoenix,Unknown,Phoenix,Unknown,Unknown,BTR / Single-Family Rental,asset_parcel_intelligence.csv,9,80,address/location + market match,DUP-0164,No,"Matched across 3 source file(s): asset_parcel_intelligence.csv, development_lifecycle.csv, lifecycle_transition.csv"
2026-08-14,20260814-232136-af068659,BTR / Build-to-Rent - Phoenix / Arizona - Porter Kyle Adds New 100-Unit BTR Community to East Valley Portfolio,PRJ-20260814-0164,BTR / Build-to-Rent - Phoenix / Arizona - Porter Kyle Adds New 100-Unit BTR Community to East Valley Portfolio,phoenix,Phoenix,Unknown,Phoenix,Unknown,Unknown,BTR / Single-Family Rental,development_lifecycle.csv,9,80,address/location + market match,DUP-0164,No,"Matched across 3 source file(s): asset_parcel_intelligence.csv, development_lifecycle.csv, lifecycle_transition.csv"
2026-08-14,20260814-232136-af068659,Acquisition - Phoenix / Arizona - ColRich Pays $52.4M for Mesa Rental Community,PRJ-20260814-0164,BTR / Build-to-Rent - Phoenix / Arizona - Porter Kyle Adds New 100-Unit BTR Community to East Valley Portfolio,phoenix,Phoenix,Unknown,Phoenix,Unknown,Unknown,Apartment,development_lifecycle.csv,9,80,address/location + market match,DUP-0164,No,"Matched across 3 source file(s): asset_parcel_intelligence.csv, development_lifecycle.csv, lifecycle_transition.csv"
2026-08-14,20260814-232136-af068659,Acquisition - Phoenix / Arizona - Rockwell Pays $42M for 182-Unit Scottsdale Rental Community,PRJ-20260814-0164,BTR / Build-to-Rent - Phoenix / Arizona - Porter Kyle Adds New 100-Unit BTR Community to East Valley Portfolio,phoenix,Phoenix,Unknown,Phoenix,Unknown,Unknown,Apartment,development_lifecycle.csv,9,80,address/location + market match,DUP-0164,No,"Matched across 3 source file(s): asset_parcel_intelligence.csv, development_lifecycle.csv, lifecycle_transition.csv"
2026-08-14,20260814-232136-af068659,BTR / Build-to-Rent - Phoenix / Arizona - Porter Kyle Adds New 100-Unit BTR Community to East Valley Portfolio,PRJ-20260814-0164,BTR / Build-to-Rent - Phoenix / Arizona - Porter Kyle Adds New 100-Unit BTR Community to East Valley Portfolio,phoenix,Phoenix,Unknown,Phoenix,Unknown,Unknown,BTR / Single-Family Rental,lifecycle_transition.csv,9,80,address/location + market match,DUP-0164,No,"Matched across 3 source file(s): asset_parcel_intelligence.csv, development_lifecycle.csv, lifecycle_transition.csv"
2026-08-14,20260814-232136-af068659,Acquisition - Phoenix / Arizona - ColRich Pays $52.4M for Mesa Rental Community,PRJ-20260814-0164,BTR / Build-to-Rent - Phoenix / Arizona - Porter Kyle Adds New 100-Unit BTR Community to East Valley Portfolio,phoenix,Phoenix,Unknown,Phoenix,Unknown,Unknown,Apartment,lifecycle_transition.csv,9,80,address/location + market match,DUP-0164,No,"Matched across 3 source file(s): asset_parcel_intelligence.csv, development_lifecycle.csv, lifecycle_transition.csv"
2026-08-14,20260814-232136-af068659,Acquisition - Phoenix / Arizona - Rockwell Pays $42M for 182-Unit Scottsdale Rental Community,PRJ-20260814-0164,BTR / Build-to-Rent - Phoenix / Arizona - Porter Kyle Adds New 100-Unit BTR Community to East Valley Portfolio,phoenix,Phoenix,Unknown,Phoenix,Unknown,Unknown,Apartment,lifecycle_transition.csv,9,80,address/location + market match,DUP-0164,No,"Matched across 3 source file(s): asset_parcel_intelligence.csv, development_lifecycle.csv, lifecycle_transition.csv"
2026-08-14,20260814-232136-af068659,General Project Signal - Miami / Florida - Related Planning Apartments on Site at Fort Lauderdale Office Park,PRJ-20260814-0185,"Disposition / Exit - Miami / Florida - W. Palm Beach Investor Buys Condo Property, Converting to Apartment Units",south florida,South Florida,Unknown,South Florida,Unknown,Unknown,Apartment,asset_parcel_intelligence.csv,9,80,address/location + market match,DUP-0185,No,"Matched across 3 source file(s): asset_parcel_intelligence.csv, development_lifecycle.csv, lifecycle_transition.csv"
2026-08-14,20260814-232136-af068659,"Disposition / Exit - Miami / Florida - W. Palm Beach Investor Buys Condo Property, Converting to Apartment Units",PRJ-20260814-0185,"Disposition / Exit - Miami / Florida - W. Palm Beach Investor Buys Condo Property, Converting to Apartment Units",south florida,South Florida,Unknown,South Florida,Unknown,Unknown,Apartment,asset_parcel_intelligence.csv,9,80,address/location + market match,DUP-0185,No,"Matched across 3 source file(s): asset_parcel_intelligence.csv, development_lifecycle.csv, lifecycle_transition.csv"
2026-08-14,20260814-232136-af068659,Refinancing - Miami / Florida - Baron Property Group Closes on $226.5M Refi for Hialeah Apartment Community,PRJ-20260814-0185,"Disposition / Exit - Miami / Florida - W. Palm Beach Investor Buys Condo Property, Converting to Apartment Units",south florida,South Florida,Unknown,South Florida,Unknown,Unknown,Mixed-Use Residential,asset_parcel_intelligence.csv,9,80,address/location + market match,DUP-0185,No,"Matched across 3 source file(s): asset_parcel_intelligence.csv, development_lifecycle.csv, lifecycle_transition.csv"
2026-08-14,20260814-232136-af068659,General Project Signal - Miami / Florida - Related Planning Apartments on Site at Fort Lauderdale Office Park,PRJ-20260814-0185,"Disposition / Exit - Miami / Florida - W. Palm Beach Investor Buys Condo Property, Converting to Apartment Units",south florida,South Florida,Unknown,South Florida,Unknown,Unknown,Apartment,development_lifecycle.csv,9,80,address/location + market match,DUP-0185,No,"Matched across 3 source file(s): asset_parcel_intelligence.csv, development_lifecycle.csv, lifecycle_transition.csv"
2026-08-14,20260814-232136-af068659,Refinancing - Miami / Florida - Baron Property Group Closes on $226.5M Refi for Hialeah Apartment Community,PRJ-20260814-0185,"Disposition / Exit - Miami / Florida - W. Palm Beach Investor Buys Condo Property, Converting to Apartment Units",south florida,South Florida,Unknown,South Florida,Unknown,Unknown,Mixed-Use Residential,development_lifecycle.csv,9,80,address/location + market match,DUP-0185,No,"Matched across 3 source file(s): asset_parcel_intelligence.csv, development_lifecycle.csv, lifecycle_transition.csv"
2026-08-14,20260814-232136-af068659,"Disposition / Exit - Miami / Florida - W. Palm Beach Investor Buys Condo Property, Converting to Apartment Units",PRJ-20260814-0185,"Disposition / Exit - Miami / Florida - W. Palm Beach Investor Buys Condo Property, Converting to Apartment Units",south florida,South Florida,Unknown,South Florida,Unknown,Unknown,Apartment,development_lifecycle.csv,9,80,address/location + market match,DUP-0185,No,"Matched across 3 source file(s): asset_parcel_intelligence.csv, development_lifecycle.csv, lifecycle_transition.csv"
2026-08-14,20260814-232136-af068659,Refinancing - Miami / Florida - Baron Property Group Closes on $226.5M Refi for Hialeah Apartment Community,PRJ-20260814-0185,"Disposition / Exit - Miami / Florida - W. Palm Beach Investor Buys Condo Property, Converting to Apartment Units",south florida,South Florida,Unknown,South Florida,Unknown,Unknown,Mixed-Use Residential,lifecycle_transition.csv,9,80,address/location + market match,DUP-0185,No,"Matched across 3 source file(s): asset_parcel_intelligence.csv, development_lifecycle.csv, lifecycle_transition.csv"
2026-08-14,20260814-232136-af068659,General Project Signal - Miami / Florida - Related Planning Apartments on Site at Fort Lauderdale Office Park,PRJ-20260814-0185,"Disposition / Exit - Miami / Florida - W. Palm Beach Investor Buys Condo Property, Converting to Apartment Units",south florida,South Florida,Unknown,South Florida,Unknown,Unknown,Apartment,lifecycle_transition.csv,9,80,address/location + market match,DUP-0185,No,"Matched across 3 source file(s): asset_parcel_intelligence.csv, development_lifecycle.csv, lifecycle_transition.csv"
2026-08-14,20260814-232136-af068659,"Disposition / Exit - Miami / Florida - W. Palm Beach Investor Buys Condo Property, Converting to Apartment Units",PRJ-20260814-0185,"Disposition / Exit - Miami / Florida - W. Palm Beach Investor Buys Condo Property, Converting to Apartment Units",south florida,South Florida,Unknown,South Florida,Unknown,Unknown,Apartment,lifecycle_transition.csv,9,80,address/location + market match,DUP-0185,No,"Matched across 3 source file(s): asset_parcel_intelligence.csv, development_lifecycle.csv, lifecycle_transition.csv"
2026-08-14,20260814-232136-af068659,Disposition / Exit - Santa Monica / California - CBRE Completes Receivership Sale of Santa Monica Multifamily Apartment Building,PRJ-20260814-0177,Disposition / Exit - Santa Monica / California - CBRE Completes Receivership Sale of Santa Monica Multifamily Apartment Building,santa monica california,Santa Monica / California,Santa Monica / California,Unknown,CBRE,Unknown,Apartment,deal_fingerprints.csv,8,100,exact address + developer match,DUP-0177,No,"Matched across 4 source file(s): deal_fingerprints.csv, distress_watchlist.csv, opportunity_radar.csv, relationship_graph.csv"
2026-08-14,20260814-232136-af068659,Disposition / Exit - Santa Monica / California - CBRE Completes Receivership Sale of Santa Monica Multifamily Apartment Building,PRJ-20260814-0177,Disposition / Exit - Santa Monica / California - CBRE Completes Receivership Sale of Santa Monica Multifamily Apartment Building,santa monica california,Santa Monica / California,Santa Monica / California,Unknown,CBRE,Unknown,Apartment,opportunity_radar.csv,8,100,exact address + developer match,DUP-0177,No,"Matched across 4 source file(s): deal_fingerprints.csv, distress_watchlist.csv, opportunity_radar.csv, relationship_graph.csv"
2026-08-14,20260814-232136-af068659,Disposition / Exit - Santa Monica / California - CBRE Completes Receivership Sale of Santa Monica Multifamily Apartment Building,PRJ-20260814-0177,Disposition / Exit - Santa Monica / California - CBRE Completes Receivership Sale of Santa Monica Multifamily Apartment Building,santa monica california,Santa Monica / California,Santa Monica / California,Unknown,CBRE,CBRE,Apartment,distress_watchlist.csv,8,100,exact address + developer match,DUP-0177,No,"Matched across 4 source file(s): deal_fingerprints.csv, distress_watchlist.csv, opportunity_radar.csv, relationship_graph.csv"
2026-08-14,20260814-232136-af068659,CBRE Completes Receivership Sale of Santa Monica Multifamily Apartment Building,PRJ-20260814-0177,Disposition / Exit - Santa Monica / California - CBRE Completes Receivership Sale of Santa Monica Multifamily Apartment Building,santa monica california,Santa Monica / California,Santa Monica / California,Unknown,CBRE,cbre,General Residential,relationship_graph.csv,8,100,exact address + developer match,DUP-0177,No,"Matched across 4 source file(s): deal_fingerprints.csv, distress_watchlist.csv, opportunity_radar.csv, relationship_graph.csv"
2026-08-14,20260814-232136-af068659,CBRE Completes Receivership Sale of Santa Monica Multifamily Apartment Building,PRJ-20260814-0177,Disposition / Exit - Santa Monica / California - CBRE Completes Receivership Sale of Santa Monica Multifamily Apartment Building,santa monica california,Santa Monica / California,Santa Monica / California,Unknown,CBRE,related,General Residential,relationship_graph.csv,8,100,exact address + developer match,DUP-0177,No,"Matched across 4 source file(s): deal_fingerprints.csv, distress_watchlist.csv, opportunity_radar.csv, relationship_graph.csv"
2026-08-14,20260814-232136-af068659,CBRE Completes Receivership Sale of Santa Monica Multifamily Apartment Building,PRJ-20260814-0177,Disposition / Exit - Santa Monica / California - CBRE Completes Receivership Sale of Santa Monica Multifamily Apartment Building,santa monica california,Santa Monica / California,Santa Monica / California,Unknown,CBRE,Disposition / Exit - Santa Monica / California - CBRE Completes Receivership Sale of Santa Monica Multifamily Apartment Building,General Residential,relationship_graph.csv,8,100,exact address + developer match,DUP-0177,No,"Matched across 4 source file(s): deal_fingerprints.csv, distress_watchlist.csv, opportunity_radar.csv, relationship_graph.csv"
2026-08-14,20260814-232136-af068659,CBRE Completes Receivership Sale of Santa Monica Multifamily Apartment Building,PRJ-20260814-0177,Disposition / Exit - Santa Monica / California - CBRE Completes Receivership Sale of Santa Monica Multifamily Apartment Building,santa monica california,Santa Monica / California,Santa Monica / California,Unknown,CBRE,Santa Monica,General Residential,relationship_graph.csv,8,100,exact address + developer match,DUP-0177,No,"Matched across 4 source file(s): deal_fingerprints.csv, distress_watchlist.csv, opportunity_radar.csv, relationship_graph.csv"
2026-08-14,20260814-232136-af068659,CBRE Completes Receivership Sale of Santa Monica Multifamily Apartment Building,PRJ-20260814-0177,Disposition / Exit - Santa Monica / California - CBRE Completes Receivership Sale of Santa Monica Multifamily Apartment Building,santa monica california,Santa Monica / California,Santa Monica / California,Unknown,CBRE,Santa Monica / California,General Residential,relationship_graph.csv,8,100,exact address + developer match,DUP-0177,No,"Matched across 4 source file(s): deal_fingerprints.csv, distress_watchlist.csv, opportunity_radar.csv, relationship_graph.csv"
2026-08-14,20260814-232136-af068659,Acquisition - Phoenix / Arizona - Rockwell Pays $42M for 182-Unit Scottsdale Rental Community,PRJ-20260814-0162,Acquisition - Phoenix / Arizona - Cushman & Wakefield Arranges $19.9M in Acquisition Financing for Medical Office Buildings...,phoenix arizona,Phoenix / Arizona,Phoenix / Arizona,Unknown,Unknown,Unknown,Apartment,deal_fingerprints.csv,8,80,address/location + market match,DUP-0162,No,"Matched across 2 source file(s): deal_fingerprints.csv, opportunity_radar.csv"
2026-08-14,20260814-232136-af068659,Acquisition - Phoenix / Arizona - Cushman & Wakefield Arranges $19.9M in Acquisition Financing for Medical Office Buildings...,PRJ-20260814-0162,Acquisition - Phoenix / Arizona - Cushman & Wakefield Arranges $19.9M in Acquisition Financing for Medical Office Buildings...,phoenix arizona,Phoenix / Arizona,Phoenix / Arizona,Unknown,Unknown,Unknown,General Residential,deal_fingerprints.csv,8,80,address/location + market match,DUP-0162,No,"Matched across 2 source file(s): deal_fingerprints.csv, opportunity_radar.csv"
2026-08-14,20260814-232136-af068659,Acquisition - Phoenix / Arizona - ColRich Pays $52.4M for Mesa Rental Community,PRJ-20260814-0162,Acquisition - Phoenix / Arizona - Cushman & Wakefield Arranges $19.9M in Acquisition Financing for Medical Office Buildings...,phoenix arizona,Phoenix / Arizona,Phoenix / Arizona,Unknown,Unknown,Unknown,Apartment,deal_fingerprints.csv,8,80,address/location + market match,DUP-0162,No,"Matched across 2 source file(s): deal_fingerprints.csv, opportunity_radar.csv"
2026-08-14,20260814-232136-af068659,BTR / Build-to-Rent - Phoenix / Arizona - Porter Kyle Adds New 100-Unit BTR Community to East Valley Portfolio,PRJ-20260814-0162,Acquisition - Phoenix / Arizona - Cushman & Wakefield Arranges $19.9M in Acquisition Financing for Medical Office Buildings...,phoenix arizona,Phoenix / Arizona,Phoenix / Arizona,Unknown,Unknown,Unknown,BTR / Single-Family Rental,deal_fingerprints.csv,8,80,address/location + market match,DUP-0162,No,"Matched across 2 source file(s): deal_fingerprints.csv, opportunity_radar.csv"
2026-08-14,20260814-232136-af068659,Acquisition - Phoenix / Arizona - Rockwell Pays $42M for 182-Unit Scottsdale Rental Community,PRJ-20260814-0162,Acquisition - Phoenix / Arizona - Cushman & Wakefield Arranges $19.9M in Acquisition Financing for Medical Office Buildings...,phoenix arizona,Phoenix / Arizona,Phoenix / Arizona,Unknown,Unknown,Unknown,Apartment,opportunity_radar.csv,8,80,address/location + market match,DUP-0162,No,"Matched across 2 source file(s): deal_fingerprints.csv, opportunity_radar.csv"
2026-08-14,20260814-232136-af068659,Acquisition - Phoenix / Arizona - ColRich Pays $52.4M for Mesa Rental Community,PRJ-20260814-0162,Acquisition - Phoenix / Arizona - Cushman & Wakefield Arranges $19.9M in Acquisition Financing for Medical Office Buildings...,phoenix arizona,Phoenix / Arizona,Phoenix / Arizona,Unknown,Unknown,Unknown,Apartment,opportunity_radar.csv,8,80,address/location + market match,DUP-0162,No,"Matched across 2 source file(s): deal_fingerprints.csv, opportunity_radar.csv"
2026-08-14,20260814-232136-af068659,Acquisition - Phoenix / Arizona - Cushman & Wakefield Arranges $19.9M in Acquisition Financing for Medical Office Buildings...,PRJ-20260814-0162,Acquisition - Phoenix / Arizona - Cushman & Wakefield Arranges $19.9M in Acquisition Financing for Medical Office Buildings...,phoenix arizona,Phoenix / Arizona,Phoenix / Arizona,Unknown,Unknown,Unknown,General Residential,opportunity_radar.csv,8,80,address/location + market match,DUP-0162,No,"Matched across 2 source file(s): deal_fingerprints.csv, opportunity_radar.csv"
2026-08-14,20260814-232136-af068659,BTR / Build-to-Rent - Phoenix / Arizona - Porter Kyle Adds New 100-Unit BTR Community to East Valley Portfolio,PRJ-20260814-0162,Acquisition - Phoenix / Arizona - Cushman & Wakefield Arranges $19.9M in Acquisition Financing for Medical Office Buildings...,phoenix arizona,Phoenix / Arizona,Phoenix / Arizona,Unknown,Unknown,Unknown,BTR / Single-Family Rental,opportunity_radar.csv,8,80,address/location + market match,DUP-0162,No,"Matched across 2 source file(s): deal_fingerprints.csv, opportunity_radar.csv"
2026-08-14,20260814-232136-af068659,Acquisition - Las Vegas / Nevada - Waterton Sells 400-Unit Multifamily Apartment Complex in Las Vegas for $87M,PRJ-20260814-0096,Acquisition - Las Vegas / Nevada - Waterton Sells 400-Unit Multifamily Apartment Complex in Las Vegas for $87M,las vegas nevada,Las Vegas / Nevada,Las Vegas / Nevada,Unknown,Waterton,Unknown,Apartment,deal_fingerprints.csv,6,100,exact address + developer match,DUP-0096,No,"Matched across 3 source file(s): deal_fingerprints.csv, opportunity_radar.csv, relationship_graph.csv"
2026-08-14,20260814-232136-af068659,Acquisition - Las Vegas / Nevada - Waterton Sells 400-Unit Multifamily Apartment Complex in Las Vegas for $87M,PRJ-20260814-0096,Acquisition - Las Vegas / Nevada - Waterton Sells 400-Unit Multifamily Apartment Complex in Las Vegas for $87M,las vegas nevada,Las Vegas / Nevada,Las Vegas / Nevada,Unknown,Waterton,Unknown,Apartment,opportunity_radar.csv,6,100,exact address + developer match,DUP-0096,No,"Matched across 3 source file(s): deal_fingerprints.csv, opportunity_radar.csv, relationship_graph.csv"
2026-08-14,20260814-232136-af068659,Waterton Sells 400-Unit Multifamily Apartment Complex in Las Vegas for $87M,PRJ-20260814-0096,Acquisition - Las Vegas / Nevada - Waterton Sells 400-Unit Multifamily Apartment Complex in Las Vegas for $87M,las vegas nevada,Las Vegas / Nevada,Las Vegas / Nevada,Unknown,Waterton,camden,General Residential,relationship_graph.csv,6,100,exact address + developer match,DUP-0096,No,"Matched across 3 source file(s): deal_fingerprints.csv, opportunity_radar.csv, relationship_graph.csv"
2026-08-14,20260814-232136-af068659,Waterton Sells 400-Unit Multifamily Apartment Complex in Las Vegas for $87M,PRJ-20260814-0096,Acquisition - Las Vegas / Nevada - Waterton Sells 400-Unit Multifamily Apartment Complex in Las Vegas for $87M,las vegas nevada,Las Vegas / Nevada,Las Vegas / Nevada,Unknown,Waterton,Acquisition - Las Vegas / Nevada - Waterton Sells 400-Unit Multifamily Apartment Complex in Las Vegas for $87M,General Residential,relationship_graph.csv,6,100,exact address + developer match,DUP-0096,No,"Matched across 3 source file(s): deal_fingerprints.csv, opportunity_radar.csv, relationship_graph.csv"
2026-08-14,20260814-232136-af068659,Waterton Sells 400-Unit Multifamily Apartment Complex in Las Vegas for $87M,PRJ-20260814-0096,Acquisition - Las Vegas / Nevada - Waterton Sells 400-Unit Multifamily Apartment Complex in Las Vegas for $87M,las vegas nevada,Las Vegas / Nevada,Las Vegas / Nevada,Unknown,Waterton,Las Vegas,General Residential,relationship_graph.csv,6,100,exact address + developer match,DUP-0096,No,"Matched across 3 source file(s): deal_fingerprints.csv, opportunity_radar.csv, relationship_graph.csv"
2026-08-14,20260814-232136-af068659,Waterton Sells 400-Unit Multifamily Apartment Complex in Las Vegas for $87M,PRJ-20260814-0096,Acquisition - Las Vegas / Nevada - Waterton Sells 400-Unit Multifamily Apartment Complex in Las Vegas for $87M,las vegas nevada,Las Vegas / Nevada,Las Vegas / Nevada,Unknown,Waterton,Las Vegas / Nevada,General Residential,relationship_graph.csv,6,100,exact address + developer match,DUP-0096,No,"Matched across 3 source file(s): deal_fingerprints.csv, opportunity_radar.csv, relationship_graph.csv"
2026-08-14,20260814-232136-af068659,Acquisition - Los Angeles / California - Walker & Dunlop Provides $33.2M Agency Acquisition Loan for Los Angeles Multifamily Commun...,PRJ-20260814-0106,Acquisition - Los Angeles / California - Walker & Dunlop Provides $33.2M Agency Acquisition Loan for Los Angeles Multifamily Commun...,los angeles california,Los Angeles / California,Los Angeles / California,Unknown,Walker & Dunlop,Unknown,Apartment,deal_fingerprints.csv,6,100,exact address + developer match,DUP-0106,No,"Matched across 3 source file(s): deal_fingerprints.csv, opportunity_radar.csv, relationship_graph.csv"
2026-08-14,20260814-232136-af068659,Acquisition - Los Angeles / California - Walker & Dunlop Provides $33.2M Agency Acquisition Loan for Los Angeles Multifamily Commun...,PRJ-20260814-0106,Acquisition - Los Angeles / California - Walker & Dunlop Provides $33.2M Agency Acquisition Loan for Los Angeles Multifamily Commun...,los angeles california,Los Angeles / California,Los Angeles / California,Unknown,Walker & Dunlop,Unknown,Apartment,opportunity_radar.csv,6,100,exact address + developer match,DUP-0106,No,"Matched across 3 source file(s): deal_fingerprints.csv, opportunity_radar.csv, relationship_graph.csv"
2026-08-14,20260814-232136-af068659,Walker & Dunlop Provides $33.2M Agency Acquisition Loan for Los Angeles Multifamily Community,PRJ-20260814-0106,Acquisition - Los Angeles / California - Walker & Dunlop Provides $33.2M Agency Acquisition Loan for Los Angeles Multifamily Commun...,los angeles california,Los Angeles / California,Los Angeles / California,Unknown,Walker & Dunlop,freddie mac,General Residential,relationship_graph.csv,6,100,exact address + developer match,DUP-0106,No,"Matched across 3 source file(s): deal_fingerprints.csv, opportunity_radar.csv, relationship_graph.csv"
2026-08-14,20260814-232136-af068659,Walker & Dunlop Provides $33.2M Agency Acquisition Loan for Los Angeles Multifamily Community,PRJ-20260814-0106,Acquisition - Los Angeles / California - Walker & Dunlop Provides $33.2M Agency Acquisition Loan for Los Angeles Multifamily Commun...,los angeles california,Los Angeles / California,Los Angeles / California,Unknown,Walker & Dunlop,Acquisition - Los Angeles / California - Walker & Dunlop Provides $33.2M Agency Acquisition Loan for Los Angeles Multifamily Commun...,General Residential,relationship_graph.csv,6,100,exact address + developer match,DUP-0106,No,"Matched across 3 source file(s): deal_fingerprints.csv, opportunity_radar.csv, relationship_graph.csv"
2026-08-14,20260814-232136-af068659,Walker & Dunlop Provides $33.2M Agency Acquisition Loan for Los Angeles Multifamily Community,PRJ-20260814-0106,Acquisition - Los Angeles / California - Walker & Dunlop Provides $33.2M Agency Acquisition Loan for Los Angeles Multifamily Commun...,los angeles california,Los Angeles / California,Los Angeles / California,Unknown,Walker & Dunlop,Los Angeles,General Residential,relationship_graph.csv,6,100,exact address + developer match,DUP-0106,No,"Matched across 3 source file(s): deal_fingerprints.csv, opportunity_radar.csv, relationship_graph.csv"
2026-08-14,20260814-232136-af068659,Walker & Dunlop Provides $33.2M Agency Acquisition Loan for Los Angeles Multifamily Community,PRJ-20260814-0106,Acquisition - Los Angeles / California - Walker & Dunlop Provides $33.2M Agency Acquisition Loan for Los Angeles Multifamily Commun...,los angeles california,Los Angeles / California,Los Angeles / California,Unknown,Walker & Dunlop,Los Angeles / California,General Residential,relationship_graph.csv,6,100,exact address + developer match,DUP-0106,No,"Matched across 3 source file(s): deal_fingerprints.csv, opportunity_radar.csv, relationship_graph.csv"
2026-08-14,20260814-232136-af068659,Acquisition - Los Angeles / California - Walker & Dunlop Provides $33.2M Agency Acquisition Loan for Los Angeles Multifamily Commun...,PRJ-20260814-0112,Acquisition - Los Angeles / California - Walker & Dunlop Provides $33.2M Agency Acquisition Loan for Los Angeles Multifamily Commun...,los angeles,Los Angeles,California,Los Angeles,Walker & Dunlop,Freddie Mac,Apartment,asset_parcel_intelligence.csv,6,100,exact address + developer match,DUP-0112,No,"Matched across 6 source file(s): asset_parcel_intelligence.csv, deal_pipeline.csv, development_lifecycle.csv, la_asset_watch.csv"
2026-08-14,20260814-232136-af068659,Walker & Dunlop Provides $33.2M Agency Acquisition Loan for Los Angeles Multifamily Community,PRJ-20260814-0112,Acquisition - Los Angeles / California - Walker & Dunlop Provides $33.2M Agency Acquisition Loan for Los Angeles Multifamily Commun...,los angeles,Los Angeles,Other / Unknown,Los Angeles,Walker & Dunlop,Unknown,Apartment,la_asset_watch.csv,6,100,exact address + developer match,DUP-0112,No,"Matched across 6 source file(s): asset_parcel_intelligence.csv, deal_pipeline.csv, development_lifecycle.csv, la_asset_watch.csv"
2026-08-14,20260814-232136-af068659,Acquisition - Los Angeles / California - Walker & Dunlop Provides $33.2M Agency Acquisition Loan for Los Angeles Multifamily Commun...,PRJ-20260814-0112,Acquisition - Los Angeles / California - Walker & Dunlop Provides $33.2M Agency Acquisition Loan for Los Angeles Multifamily Commun...,los angeles,Los Angeles,Los Angeles / California,Los Angeles,Walker & Dunlop,freddie mac,Apartment,deal_pipeline.csv,6,100,exact address + developer match,DUP-0112,No,"Matched across 6 source file(s): asset_parcel_intelligence.csv, deal_pipeline.csv, development_lifecycle.csv, la_asset_watch.csv"
2026-08-14,20260814-232136-af068659,Acquisition - Los Angeles / California - Walker & Dunlop Provides $33.2M Agency Acquisition Loan for Los Angeles Multifamily Commun...,PRJ-20260814-0112,Acquisition - Los Angeles / California - Walker & Dunlop Provides $33.2M Agency Acquisition Loan for Los Angeles Multifamily Commun...,los angeles,Los Angeles,California,Los Angeles,Walker & Dunlop,Freddie Mac,Apartment,development_lifecycle.csv,6,100,exact address + developer match,DUP-0112,No,"Matched across 6 source file(s): asset_parcel_intelligence.csv, deal_pipeline.csv, development_lifecycle.csv, la_asset_watch.csv"
2026-08-14,20260814-232136-af068659,Acquisition - Los Angeles / California - Walker & Dunlop Provides $33.2M Agency Acquisition Loan for Los Angeles Multifamily Commun...,PRJ-20260814-0112,Acquisition - Los Angeles / California - Walker & Dunlop Provides $33.2M Agency Acquisition Loan for Los Angeles Multifamily Commun...,los angeles,Los Angeles,California,Los Angeles,Walker & Dunlop,Unknown,Apartment,lifecycle_transition.csv,6,100,exact address + developer match,DUP-0112,No,"Matched across 6 source file(s): asset_parcel_intelligence.csv, deal_pipeline.csv, development_lifecycle.csv, la_asset_watch.csv"
2026-08-14,20260814-232136-af068659,Acquisition - Los Angeles / California - Walker & Dunlop Provides $33.2M Agency Acquisition Loan for Los Angeles Multifamily Commun...,PRJ-20260814-0112,Acquisition - Los Angeles / California - Walker & Dunlop Provides $33.2M Agency Acquisition Loan for Los Angeles Multifamily Commun...,los angeles,Los Angeles,Other / Unknown,Los Angeles,Walker & Dunlop,Unknown,Apartment,la_lifecycle_transition_watch.csv,6,100,exact address + developer match,DUP-0112,No,"Matched across 6 source file(s): asset_parcel_intelligence.csv, deal_pipeline.csv, development_lifecycle.csv, la_asset_watch.csv"
2026-08-14,20260814-232136-af068659,"Acquisition - Other / Unknown - AvalonBay, Equity Residential merger approved by shareholders",PRJ-20260814-0142,"Acquisition - Other / Unknown - AvalonBay, Equity Residential merger approved by shareholders",other unknown,Other / Unknown,Unknown,Unknown,AvalonBay,Unknown,Multifamily,asset_parcel_intelligence.csv,6,100,exact address + developer match,DUP-0142,No,"Matched across 5 source file(s): asset_parcel_intelligence.csv, deal_fingerprints.csv, deal_pipeline.csv, opportunity_radar.csv"
2026-08-14,20260814-232136-af068659,"Acquisition - Other / Unknown - AvalonBay, Equity Residential merger approved by shareholders",PRJ-20260814-0142,"Acquisition - Other / Unknown - AvalonBay, Equity Residential merger approved by shareholders",other unknown,Other / Unknown,Other / Unknown,Unknown,AvalonBay,Unknown,Multifamily,deal_fingerprints.csv,6,100,exact address + developer match,DUP-0142,No,"Matched across 5 source file(s): asset_parcel_intelligence.csv, deal_fingerprints.csv, deal_pipeline.csv, opportunity_radar.csv"
2026-08-14,20260814-232136-af068659,"Acquisition - Other / Unknown - AvalonBay, Equity Residential merger approved by shareholders",PRJ-20260814-0142,"Acquisition - Other / Unknown - AvalonBay, Equity Residential merger approved by shareholders",other unknown,Other / Unknown,Other / Unknown,Unknown,AvalonBay,Unknown,Multifamily,deal_pipeline.csv,6,100,exact address + developer match,DUP-0142,No,"Matched across 5 source file(s): asset_parcel_intelligence.csv, deal_fingerprints.csv, deal_pipeline.csv, opportunity_radar.csv"
2026-08-14,20260814-232136-af068659,"Acquisition - Other / Unknown - AvalonBay, Equity Residential merger approved by shareholders",PRJ-20260814-0142,"Acquisition - Other / Unknown - AvalonBay, Equity Residential merger approved by shareholders",other unknown,Other / Unknown,Other / Unknown,Unknown,AvalonBay,Unknown,Multifamily,opportunity_radar.csv,6,100,exact address + developer match,DUP-0142,No,"Matched across 5 source file(s): asset_parcel_intelligence.csv, deal_fingerprints.csv, deal_pipeline.csv, opportunity_radar.csv"
2026-08-14,20260814-232136-af068659,"AvalonBay, Equity Residential merger approved by shareholders",PRJ-20260814-0142,"Acquisition - Other / Unknown - AvalonBay, Equity Residential merger approved by shareholders",other unknown,Other / Unknown,Other / Unknown,Unknown,AvalonBay,equity residential,General Residential,relationship_graph.csv,6,100,exact address + developer match,DUP-0142,No,"Matched across 5 source file(s): asset_parcel_intelligence.csv, deal_fingerprints.csv, deal_pipeline.csv, opportunity_radar.csv"
2026-08-14,20260814-232136-af068659,"AvalonBay, Equity Residential merger approved by shareholders",PRJ-20260814-0142,"Acquisition - Other / Unknown - AvalonBay, Equity Residential merger approved by shareholders",other unknown,Other / Unknown,Other / Unknown,Unknown,AvalonBay,"Acquisition - Other / Unknown - AvalonBay, Equity Residential merger approved by shareholders",General Residential,relationship_graph.csv,6,100,exact address + developer match,DUP-0142,No,"Matched across 5 source file(s): asset_parcel_intelligence.csv, deal_fingerprints.csv, deal_pipeline.csv, opportunity_radar.csv"
2026-08-14,20260814-232136-af068659,Disposition / Exit - Atlanta / Georgia - ATC Sells 290-Unit Augusta Apartment Complex,PRJ-20260814-0053,Disposition / Exit - Atlanta / Georgia - ATC Sells 290-Unit Augusta Apartment Complex,atlanta georgia,Atlanta / Georgia,Atlanta / Georgia,Unknown,Berkadia,Unknown,Apartment,deal_fingerprints.csv,6,100,exact address + developer match,DUP-0053,No,"Matched across 3 source file(s): deal_fingerprints.csv, opportunity_radar.csv, relationship_graph.csv"
2026-08-14,20260814-232136-af068659,Disposition / Exit - Atlanta / Georgia - ATC Sells 290-Unit Augusta Apartment Complex,PRJ-20260814-0053,Disposition / Exit - Atlanta / Georgia - ATC Sells 290-Unit Augusta Apartment Complex,atlanta georgia,Atlanta / Georgia,Atlanta / Georgia,Unknown,Berkadia,Unknown,Apartment,opportunity_radar.csv,6,100,exact address + developer match,DUP-0053,No,"Matched across 3 source file(s): deal_fingerprints.csv, opportunity_radar.csv, relationship_graph.csv"
2026-08-14,20260814-232136-af068659,ATC Sells 290-Unit Augusta Apartment Complex,PRJ-20260814-0053,Disposition / Exit - Atlanta / Georgia - ATC Sells 290-Unit Augusta Apartment Complex,atlanta georgia,Atlanta / Georgia,Atlanta / Georgia,Unknown,Berkadia,berkadia,General Residential,relationship_graph.csv,6,100,exact address + developer match,DUP-0053,No,"Matched across 3 source file(s): deal_fingerprints.csv, opportunity_radar.csv, relationship_graph.csv"
2026-08-14,20260814-232136-af068659,ATC Sells 290-Unit Augusta Apartment Complex,PRJ-20260814-0053,Disposition / Exit - Atlanta / Georgia - ATC Sells 290-Unit Augusta Apartment Complex,atlanta georgia,Atlanta / Georgia,Atlanta / Georgia,Unknown,Berkadia,Atlanta,General Residential,relationship_graph.csv,6,100,exact address + developer match,DUP-0053,No,"Matched across 3 source file(s): deal_fingerprints.csv, opportunity_radar.csv, relationship_graph.csv"
2026-08-14,20260814-232136-af068659,ATC Sells 290-Unit Augusta Apartment Complex,PRJ-20260814-0053,Disposition / Exit - Atlanta / Georgia - ATC Sells 290-Unit Augusta Apartment Complex,atlanta georgia,Atlanta / Georgia,Atlanta / Georgia,Unknown,Berkadia,Atlanta / Georgia,General Residential,relationship_graph.csv,6,100,exact address + developer match,DUP-0053,No,"Matched across 3 source file(s): deal_fingerprints.csv, opportunity_radar.csv, relationship_graph.csv"
2026-08-14,20260814-232136-af068659,ATC Sells 290-Unit Augusta Apartment Complex,PRJ-20260814-0053,Disposition / Exit - Atlanta / Georgia - ATC Sells 290-Unit Augusta Apartment Complex,atlanta georgia,Atlanta / Georgia,Atlanta / Georgia,Unknown,Berkadia,Disposition / Exit - Atlanta / Georgia - ATC Sells 290-Unit Augusta Apartment Complex,General Residential,relationship_graph.csv,6,100,exact address + developer match,DUP-0053,No,"Matched across 3 source file(s): deal_fingerprints.csv, opportunity_radar.csv, relationship_graph.csv"
2026-08-14,20260814-232136-af068659,"Disposition / Exit - Other / Unknown - CBRE Negotiates $3.9M Sale of Riverwood Apartments in Mauston, Wisconsin",PRJ-20260814-0143,"Disposition / Exit - Other / Unknown - CBRE Negotiates $3.9M Sale of Riverwood Apartments in Mauston, Wisconsin",other unknown,Other / Unknown,Unknown,Unknown,CBRE,CBRE,Apartment,asset_parcel_intelligence.csv,6,100,exact address + developer match,DUP-0143,No,"Matched across 5 source file(s): asset_parcel_intelligence.csv, deal_fingerprints.csv, deal_pipeline.csv, opportunity_radar.csv"
2026-08-14,20260814-232136-af068659,"Disposition / Exit - Other / Unknown - CBRE Negotiates $3.9M Sale of Riverwood Apartments in Mauston, Wisconsin",PRJ-20260814-0143,"Disposition / Exit - Other / Unknown - CBRE Negotiates $3.9M Sale of Riverwood Apartments in Mauston, Wisconsin",other unknown,Other / Unknown,Other / Unknown,Unknown,CBRE,Unknown,Apartment,deal_fingerprints.csv,6,100,exact address + developer match,DUP-0143,No,"Matched across 5 source file(s): asset_parcel_intelligence.csv, deal_fingerprints.csv, deal_pipeline.csv, opportunity_radar.csv"
2026-08-14,20260814-232136-af068659,"Disposition / Exit - Other / Unknown - CBRE Negotiates $3.9M Sale of Riverwood Apartments in Mauston, Wisconsin",PRJ-20260814-0143,"Disposition / Exit - Other / Unknown - CBRE Negotiates $3.9M Sale of Riverwood Apartments in Mauston, Wisconsin",other unknown,Other / Unknown,Other / Unknown,Unknown,CBRE,cbre,Apartment,deal_pipeline.csv,6,100,exact address + developer match,DUP-0143,No,"Matched across 5 source file(s): asset_parcel_intelligence.csv, deal_fingerprints.csv, deal_pipeline.csv, opportunity_radar.csv"
2026-08-14,20260814-232136-af068659,"Disposition / Exit - Other / Unknown - CBRE Negotiates $3.9M Sale of Riverwood Apartments in Mauston, Wisconsin",PRJ-20260814-0143,"Disposition / Exit - Other / Unknown - CBRE Negotiates $3.9M Sale of Riverwood Apartments in Mauston, Wisconsin",other unknown,Other / Unknown,Other / Unknown,Unknown,CBRE,Unknown,Apartment,opportunity_radar.csv,6,100,exact address + developer match,DUP-0143,No,"Matched across 5 source file(s): asset_parcel_intelligence.csv, deal_fingerprints.csv, deal_pipeline.csv, opportunity_radar.csv"
2026-08-14,20260814-232136-af068659,"CBRE Negotiates $3.9M Sale of Riverwood Apartments in Mauston, Wisconsin",PRJ-20260814-0143,"Disposition / Exit - Other / Unknown - CBRE Negotiates $3.9M Sale of Riverwood Apartments in Mauston, Wisconsin",other unknown,Other / Unknown,Other / Unknown,Unknown,CBRE,cbre,General Residential,relationship_graph.csv,6,100,exact address + developer match,DUP-0143,No,"Matched across 5 source file(s): asset_parcel_intelligence.csv, deal_fingerprints.csv, deal_pipeline.csv, opportunity_radar.csv"
2026-08-14,20260814-232136-af068659,"CBRE Negotiates $3.9M Sale of Riverwood Apartments in Mauston, Wisconsin",PRJ-20260814-0143,"Disposition / Exit - Other / Unknown - CBRE Negotiates $3.9M Sale of Riverwood Apartments in Mauston, Wisconsin",other unknown,Other / Unknown,Other / Unknown,Unknown,CBRE,"Disposition / Exit - Other / Unknown - CBRE Negotiates $3.9M Sale of Riverwood Apartments in Mauston, Wisconsin",General Residential,relationship_graph.csv,6,100,exact address + developer match,DUP-0143,No,"Matched across 5 source file(s): asset_parcel_intelligence.csv, deal_fingerprints.csv, deal_pipeline.csv, opportunity_radar.csv"
2026-08-14,20260814-232136-af068659,Disposition / Exit - Other / Unknown - Harrison Street Asset Management Sells Independent Living Multifamily Property Clearwater...,PRJ-20260814-0155,Disposition / Exit - Other / Unknown - Harrison Street Asset Management Sells Independent Living Multifamily Property Clearwater...,other unknown,Other / Unknown,Unknown,Unknown,JLL,JLL,Senior Housing,asset_parcel_intelligence.csv,6,100,exact address + developer match,DUP-0155,No,"Matched across 5 source file(s): asset_parcel_intelligence.csv, deal_fingerprints.csv, deal_pipeline.csv, opportunity_radar.csv"
2026-08-14,20260814-232136-af068659,Disposition / Exit - Other / Unknown - Harrison Street Asset Management Sells Independent Living Multifamily Property Clearwater...,PRJ-20260814-0155,Disposition / Exit - Other / Unknown - Harrison Street Asset Management Sells Independent Living Multifamily Property Clearwater...,other unknown,Other / Unknown,Other / Unknown,Unknown,JLL,Unknown,Senior Housing,deal_fingerprints.csv,6,100,exact address + developer match,DUP-0155,No,"Matched across 5 source file(s): asset_parcel_intelligence.csv, deal_fingerprints.csv, deal_pipeline.csv, opportunity_radar.csv"
2026-08-14,20260814-232136-af068659,Disposition / Exit - Other / Unknown - Harrison Street Asset Management Sells Independent Living Multifamily Property Clearwater...,PRJ-20260814-0155,Disposition / Exit - Other / Unknown - Harrison Street Asset Management Sells Independent Living Multifamily Property Clearwater...,other unknown,Other / Unknown,Other / Unknown,Unknown,JLL,jll,Senior Housing,deal_pipeline.csv,6,100,exact address + developer match,DUP-0155,No,"Matched across 5 source file(s): asset_parcel_intelligence.csv, deal_fingerprints.csv, deal_pipeline.csv, opportunity_radar.csv"
2026-08-14,20260814-232136-af068659,Disposition / Exit - Other / Unknown - Harrison Street Asset Management Sells Independent Living Multifamily Property Clearwater...,PRJ-20260814-0155,Disposition / Exit - Other / Unknown - Harrison Street Asset Management Sells Independent Living Multifamily Property Clearwater...,other unknown,Other / Unknown,Other / Unknown,Unknown,JLL,Unknown,Senior Housing,opportunity_radar.csv,6,100,exact address + developer match,DUP-0155,No,"Matched across 5 source file(s): asset_parcel_intelligence.csv, deal_fingerprints.csv, deal_pipeline.csv, opportunity_radar.csv"
2026-08-14,20260814-232136-af068659,Harrison Street Asset Management Sells Independent Living Multifamily Property Clearwater at Riverpark in Oxnard,PRJ-20260814-0155,Disposition / Exit - Other / Unknown - Harrison Street Asset Management Sells Independent Living Multifamily Property Clearwater...,other unknown,Other / Unknown,Other / Unknown,Unknown,JLL,jll,General Residential,relationship_graph.csv,6,100,exact address + developer match,DUP-0155,No,"Matched across 5 source file(s): asset_parcel_intelligence.csv, deal_fingerprints.csv, deal_pipeline.csv, opportunity_radar.csv"
2026-08-14,20260814-232136-af068659,Harrison Street Asset Management Sells Independent Living Multifamily Property Clearwater at Riverpark in Oxnard,PRJ-20260814-0155,Disposition / Exit - Other / Unknown - Harrison Street Asset Management Sells Independent Living Multifamily Property Clearwater...,other unknown,Other / Unknown,Other / Unknown,Unknown,JLL,Disposition / Exit - Other / Unknown - Harrison Street Asset Management Sells Independent Living Multifamily Property Clearwater...,General Residential,relationship_graph.csv,6,100,exact address + developer match,DUP-0155,No,"Matched across 5 source file(s): asset_parcel_intelligence.csv, deal_fingerprints.csv, deal_pipeline.csv, opportunity_radar.csv"
2026-08-14,20260814-232136-af068659,Refinancing - Austin / Texas - Vantage Inks $103M Refi on Three Texas Rental Assets,PRJ-20260814-0063,Refinancing - Austin / Texas - Vantage Inks $103M Refi on Three Texas Rental Assets,austin texas,Austin / Texas,Austin / Texas,Unknown,Benefit Street Partners,Unknown,Apartment,deal_fingerprints.csv,6,100,exact address + developer match,DUP-0063,No,"Matched across 4 source file(s): deal_fingerprints.csv, distress_watchlist.csv, opportunity_radar.csv, relationship_graph.csv"
2026-08-14,20260814-232136-af068659,Refinancing - Austin / Texas - Vantage Inks $103M Refi on Three Texas Rental Assets,PRJ-20260814-0063,Refinancing - Austin / Texas - Vantage Inks $103M Refi on Three Texas Rental Assets,austin texas,Austin / Texas,Austin / Texas,Unknown,Benefit Street Partners,Unknown,Apartment,opportunity_radar.csv,6,100,exact address + developer match,DUP-0063,No,"Matched across 4 source file(s): deal_fingerprints.csv, distress_watchlist.csv, opportunity_radar.csv, relationship_graph.csv"
2026-08-14,20260814-232136-af068659,Refinancing - Austin / Texas - Vantage Inks $103M Refi on Three Texas Rental Assets,PRJ-20260814-0063,Refinancing - Austin / Texas - Vantage Inks $103M Refi on Three Texas Rental Assets,austin texas,Austin / Texas,Austin / Texas,Unknown,Benefit Street Partners,Unknown,Apartment,distress_watchlist.csv,6,100,exact address + developer match,DUP-0063,No,"Matched across 4 source file(s): deal_fingerprints.csv, distress_watchlist.csv, opportunity_radar.csv, relationship_graph.csv"
2026-08-14,20260814-232136-af068659,Vantage Inks $103M Refi on Three Texas Rental Assets,PRJ-20260814-0063,Refinancing - Austin / Texas - Vantage Inks $103M Refi on Three Texas Rental Assets,austin texas,Austin / Texas,Austin / Texas,Unknown,Benefit Street Partners,Austin,General Residential,relationship_graph.csv,6,100,exact address + developer match,DUP-0063,No,"Matched across 4 source file(s): deal_fingerprints.csv, distress_watchlist.csv, opportunity_radar.csv, relationship_graph.csv"
2026-08-14,20260814-232136-af068659,Vantage Inks $103M Refi on Three Texas Rental Assets,PRJ-20260814-0063,Refinancing - Austin / Texas - Vantage Inks $103M Refi on Three Texas Rental Assets,austin texas,Austin / Texas,Austin / Texas,Unknown,Benefit Street Partners,Austin / Texas,General Residential,relationship_graph.csv,6,100,exact address + developer match,DUP-0063,No,"Matched across 4 source file(s): deal_fingerprints.csv, distress_watchlist.csv, opportunity_radar.csv, relationship_graph.csv"
2026-08-14,20260814-232136-af068659,Vantage Inks $103M Refi on Three Texas Rental Assets,PRJ-20260814-0063,Refinancing - Austin / Texas - Vantage Inks $103M Refi on Three Texas Rental Assets,austin texas,Austin / Texas,Austin / Texas,Unknown,Benefit Street Partners,Refinancing - Austin / Texas - Vantage Inks $103M Refi on Three Texas Rental Assets,General Residential,relationship_graph.csv,6,100,exact address + developer match,DUP-0063,No,"Matched across 4 source file(s): deal_fingerprints.csv, distress_watchlist.csv, opportunity_radar.csv, relationship_graph.csv"
2026-08-14,20260814-232136-af068659,"Colliers Negotiates Sale of 30,865 SF Retail Center in Statesboro, Georgia",PRJ-20260814-0089,"Acquisition - Georgia - Colliers Negotiates Sale of 30,865 SF Retail Center in Statesboro, Georgia",georgia,Georgia,Georgia,Unknown,Unknown,Unknown,Student Housing,asset_parcel_intelligence.csv,6,80,address/location + market match,DUP-0089,No,"Matched across 6 source file(s): asset_parcel_intelligence.csv, deal_fingerprints.csv, deal_pipeline.csv, development_lifecycle.csv"
2026-08-14,20260814-232136-af068659,"Acquisition - Georgia - Colliers Negotiates Sale of 30,865 SF Retail Center in Statesboro, Georgia",PRJ-20260814-0089,"Acquisition - Georgia - Colliers Negotiates Sale of 30,865 SF Retail Center in Statesboro, Georgia",georgia,Georgia,Georgia,Unknown,Unknown,Unknown,Student Housing,deal_fingerprints.csv,6,80,address/location + market match,DUP-0089,No,"Matched across 6 source file(s): asset_parcel_intelligence.csv, deal_fingerprints.csv, deal_pipeline.csv, development_lifecycle.csv"
2026-08-14,20260814-232136-af068659,"Acquisition - Georgia - Colliers Negotiates Sale of 30,865 SF Retail Center in Statesboro, Georgia",PRJ-20260814-0089,"Acquisition - Georgia - Colliers Negotiates Sale of 30,865 SF Retail Center in Statesboro, Georgia",georgia,Georgia,Georgia,Georgia,Unknown,Unknown,Student Housing,deal_pipeline.csv,6,80,address/location + market match,DUP-0089,No,"Matched across 6 source file(s): asset_parcel_intelligence.csv, deal_fingerprints.csv, deal_pipeline.csv, development_lifecycle.csv"
2026-08-14,20260814-232136-af068659,"Colliers Negotiates Sale of 30,865 SF Retail Center in Statesboro, Georgia",PRJ-20260814-0089,"Acquisition - Georgia - Colliers Negotiates Sale of 30,865 SF Retail Center in Statesboro, Georgia",georgia,Georgia,Georgia,Unknown,Unknown,Unknown,Student Housing,development_lifecycle.csv,6,80,address/location + market match,DUP-0089,No,"Matched across 6 source file(s): asset_parcel_intelligence.csv, deal_fingerprints.csv, deal_pipeline.csv, development_lifecycle.csv"
2026-08-14,20260814-232136-af068659,"Colliers Negotiates Sale of 30,865 SF Retail Center in Statesboro, Georgia",PRJ-20260814-0089,"Acquisition - Georgia - Colliers Negotiates Sale of 30,865 SF Retail Center in Statesboro, Georgia",georgia,Georgia,Georgia,Unknown,Unknown,Unknown,Student Housing,lifecycle_transition.csv,6,80,address/location + market match,DUP-0089,No,"Matched across 6 source file(s): asset_parcel_intelligence.csv, deal_fingerprints.csv, deal_pipeline.csv, development_lifecycle.csv"
2026-08-14,20260814-232136-af068659,"Acquisition - Georgia - Colliers Negotiates Sale of 30,865 SF Retail Center in Statesboro, Georgia",PRJ-20260814-0089,"Acquisition - Georgia - Colliers Negotiates Sale of 30,865 SF Retail Center in Statesboro, Georgia",georgia,Georgia,Georgia,Unknown,Unknown,Unknown,Student Housing,opportunity_radar.csv,6,80,address/location + market match,DUP-0089,No,"Matched across 6 source file(s): asset_parcel_intelligence.csv, deal_fingerprints.csv, deal_pipeline.csv, development_lifecycle.csv"
2026-08-14,20260814-232136-af068659,Construction Financing - Miami / Florida - S3 Capital Lends $35M for Miami-Dade County Apartments,PRJ-20260814-0128,Construction Financing - Miami / Florida - Baron Property Group Closes on $226.5M Refinance for Hialeah Apartment Community in Miami,miami,Miami,Unknown,Miami,Unknown,Unknown,Apartment,asset_parcel_intelligence.csv,6,80,address/location + market match,DUP-0128,No,"Matched across 3 source file(s): asset_parcel_intelligence.csv, development_lifecycle.csv, lifecycle_transition.csv"
2026-08-14,20260814-232136-af068659,Construction Financing - Miami / Florida - Baron Property Group Closes on $226.5M Refinance for Hialeah Apartment Community in Miami,PRJ-20260814-0128,Construction Financing - Miami / Florida - Baron Property Group Closes on $226.5M Refinance for Hialeah Apartment Community in Miami,miami,Miami,Unknown,Miami,Unknown,Unknown,Mixed-Use Residential,asset_parcel_intelligence.csv,6,80,address/location + market match,DUP-0128,No,"Matched across 3 source file(s): asset_parcel_intelligence.csv, development_lifecycle.csv, lifecycle_transition.csv"
2026-08-14,20260814-232136-af068659,Construction Financing - Miami / Florida - S3 Capital Lends $35M for Miami-Dade County Apartments,PRJ-20260814-0128,Construction Financing - Miami / Florida - Baron Property Group Closes on $226.5M Refinance for Hialeah Apartment Community in Miami,miami,Miami,Unknown,Miami,Unknown,Unknown,Apartment,development_lifecycle.csv,6,80,address/location + market match,DUP-0128,No,"Matched across 3 source file(s): asset_parcel_intelligence.csv, development_lifecycle.csv, lifecycle_transition.csv"
2026-08-14,20260814-232136-af068659,Construction Financing - Miami / Florida - Baron Property Group Closes on $226.5M Refinance for Hialeah Apartment Community in Miami,PRJ-20260814-0128,Construction Financing - Miami / Florida - Baron Property Group Closes on $226.5M Refinance for Hialeah Apartment Community in Miami,miami,Miami,Unknown,Miami,Unknown,Unknown,Mixed-Use Residential,development_lifecycle.csv,6,80,address/location + market match,DUP-0128,No,"Matched across 3 source file(s): asset_parcel_intelligence.csv, development_lifecycle.csv, lifecycle_transition.csv"
2026-08-14,20260814-232136-af068659,Construction Financing - Miami / Florida - Baron Property Group Closes on $226.5M Refinance for Hialeah Apartment Community in Miami,PRJ-20260814-0128,Construction Financing - Miami / Florida - Baron Property Group Closes on $226.5M Refinance for Hialeah Apartment Community in Miami,miami,Miami,Unknown,Miami,Unknown,Unknown,Mixed-Use Residential,lifecycle_transition.csv,6,80,address/location + market match,DUP-0128,No,"Matched across 3 source file(s): asset_parcel_intelligence.csv, development_lifecycle.csv, lifecycle_transition.csv"
2026-08-14,20260814-232136-af068659,Construction Financing - Miami / Florida - S3 Capital Lends $35M for Miami-Dade County Apartments,PRJ-20260814-0128,Construction Financing - Miami / Florida - Baron Property Group Closes on $226.5M Refinance for Hialeah Apartment Community in Miami,miami,Miami,Unknown,Miami,Unknown,Unknown,Apartment,lifecycle_transition.csv,6,80,address/location + market match,DUP-0128,No,"Matched across 3 source file(s): asset_parcel_intelligence.csv, development_lifecycle.csv, lifecycle_transition.csv"
2026-08-14,20260814-232136-af068659,Acquisition - Las Vegas / Nevada - Waterton Sells 400-Unit Multifamily Apartment Complex in Las Vegas for $87M,PRJ-20260814-0097,Acquisition - Las Vegas / Nevada - Waterton Sells 400-Unit Multifamily Apartment Complex in Las Vegas for $87M,las vegas,Las Vegas,Unknown,Las Vegas,Waterton,Unknown,Apartment,asset_parcel_intelligence.csv,5,100,exact address + developer match,DUP-0097,No,"Matched across 5 source file(s): asset_parcel_intelligence.csv, deal_pipeline.csv, development_lifecycle.csv, la_asset_watch.csv"
2026-08-14,20260814-232136-af068659,Waterton Sells 400-Unit Multifamily Apartment Complex in Las Vegas for $87M,PRJ-20260814-0097,Acquisition - Las Vegas / Nevada - Waterton Sells 400-Unit Multifamily Apartment Complex in Las Vegas for $87M,las vegas,Las Vegas,Other / Unknown,Los Angeles,Waterton,Unknown,Apartment,la_asset_watch.csv,5,100,exact address + developer match,DUP-0097,No,"Matched across 5 source file(s): asset_parcel_intelligence.csv, deal_pipeline.csv, development_lifecycle.csv, la_asset_watch.csv"
2026-08-14,20260814-232136-af068659,Acquisition - Las Vegas / Nevada - Waterton Sells 400-Unit Multifamily Apartment Complex in Las Vegas for $87M,PRJ-20260814-0097,Acquisition - Las Vegas / Nevada - Waterton Sells 400-Unit Multifamily Apartment Complex in Las Vegas for $87M,las vegas,Las Vegas,Las Vegas / Nevada,Las Vegas,Waterton,Unknown,Apartment,deal_pipeline.csv,5,100,exact address + developer match,DUP-0097,No,"Matched across 5 source file(s): asset_parcel_intelligence.csv, deal_pipeline.csv, development_lifecycle.csv, la_asset_watch.csv"
2026-08-14,20260814-232136-af068659,Acquisition - Las Vegas / Nevada - Waterton Sells 400-Unit Multifamily Apartment Complex in Las Vegas for $87M,PRJ-20260814-0097,Acquisition - Las Vegas / Nevada - Waterton Sells 400-Unit Multifamily Apartment Complex in Las Vegas for $87M,las vegas,Las Vegas,Unknown,Las Vegas,Waterton,Unknown,Apartment,development_lifecycle.csv,5,100,exact address + developer match,DUP-0097,No,"Matched across 5 source file(s): asset_parcel_intelligence.csv, deal_pipeline.csv, development_lifecycle.csv, la_asset_watch.csv"
2026-08-14,20260814-232136-af068659,Acquisition - Las Vegas / Nevada - Waterton Sells 400-Unit Multifamily Apartment Complex in Las Vegas for $87M,PRJ-20260814-0097,Acquisition - Las Vegas / Nevada - Waterton Sells 400-Unit Multifamily Apartment Complex in Las Vegas for $87M,las vegas,Las Vegas,Unknown,Las Vegas,Waterton,Unknown,Apartment,lifecycle_transition.csv,5,100,exact address + developer match,DUP-0097,No,"Matched across 5 source file(s): asset_parcel_intelligence.csv, deal_pipeline.csv, development_lifecycle.csv, la_asset_watch.csv"
2026-08-14,20260814-232136-af068659,Acquisition - Miami / Florida - Milestone Group Trades Kendall Apartment Complex for $109M,PRJ-20260814-0124,Acquisition - Miami / Florida - Milestone Group Trades Kendall Apartment Complex for $109M,miami florida,Miami / Florida,Miami / Florida,Unknown,Harbor Group International,Unknown,Apartment,deal_fingerprints.csv,5,100,exact address + developer match,DUP-0124,No,"Matched across 3 source file(s): deal_fingerprints.csv, opportunity_radar.csv, relationship_graph.csv"
2026-08-14,20260814-232136-af068659,Acquisition - Miami / Florida - Milestone Group Trades Kendall Apartment Complex for $109M,PRJ-20260814-0124,Acquisition - Miami / Florida - Milestone Group Trades Kendall Apartment Complex for $109M,miami florida,Miami / Florida,Miami / Florida,Unknown,Harbor Group International,Unknown,Apartment,opportunity_radar.csv,5,100,exact address + developer match,DUP-0124,No,"Matched across 3 source file(s): deal_fingerprints.csv, opportunity_radar.csv, relationship_graph.csv"
2026-08-14,20260814-232136-af068659,Milestone Group Trades Kendall Apartment Complex for $109M,PRJ-20260814-0124,Acquisition - Miami / Florida - Milestone Group Trades Kendall Apartment Complex for $109M,miami florida,Miami / Florida,Miami / Florida,Unknown,Harbor Group International,Acquisition - Miami / Florida - Milestone Group Trades Kendall Apartment Complex for $109M,General Residential,relationship_graph.csv,5,100,exact address + developer match,DUP-0124,No,"Matched across 3 source file(s): deal_fingerprints.csv, opportunity_radar.csv, relationship_graph.csv"
2026-08-14,20260814-232136-af068659,Milestone Group Trades Kendall Apartment Complex for $109M,PRJ-20260814-0124,Acquisition - Miami / Florida - Milestone Group Trades Kendall Apartment Complex for $109M,miami florida,Miami / Florida,Miami / Florida,Unknown,Harbor Group International,Miami / Florida,General Residential,relationship_graph.csv,5,100,exact address + developer match,DUP-0124,No,"Matched across 3 source file(s): deal_fingerprints.csv, opportunity_radar.csv, relationship_graph.csv"
2026-08-14,20260814-232136-af068659,Milestone Group Trades Kendall Apartment Complex for $109M,PRJ-20260814-0124,Acquisition - Miami / Florida - Milestone Group Trades Kendall Apartment Complex for $109M,miami florida,Miami / Florida,Miami / Florida,Unknown,Harbor Group International,South Florida,General Residential,relationship_graph.csv,5,100,exact address + developer match,DUP-0124,No,"Matched across 3 source file(s): deal_fingerprints.csv, opportunity_radar.csv, relationship_graph.csv"
2026-08-14,20260814-232136-af068659,Disposition / Exit - Atlanta / Georgia - ATC Sells 290-Unit Augusta Apartment Complex,PRJ-20260814-0059,Disposition / Exit - Atlanta / Georgia - ATC Sells 290-Unit Augusta Apartment Complex,atlanta,Atlanta,Unknown,Atlanta,Berkadia,Berkadia,Apartment,asset_parcel_intelligence.csv,5,100,exact address + developer match,DUP-0059,No,"Matched across 5 source file(s): asset_parcel_intelligence.csv, deal_pipeline.csv, development_lifecycle.csv, la_asset_watch.csv"
2026-08-14,20260814-232136-af068659,ATC Sells 290-Unit Augusta Apartment Complex,PRJ-20260814-0059,Disposition / Exit - Atlanta / Georgia - ATC Sells 290-Unit Augusta Apartment Complex,atlanta,Atlanta,Other / Unknown,Los Angeles,Berkadia,Unknown,Apartment,la_asset_watch.csv,5,100,exact address + developer match,DUP-0059,No,"Matched across 5 source file(s): asset_parcel_intelligence.csv, deal_pipeline.csv, development_lifecycle.csv, la_asset_watch.csv"
2026-08-14,20260814-232136-af068659,Disposition / Exit - Atlanta / Georgia - ATC Sells 290-Unit Augusta Apartment Complex,PRJ-20260814-0059,Disposition / Exit - Atlanta / Georgia - ATC Sells 290-Unit Augusta Apartment Complex,atlanta,Atlanta,Atlanta / Georgia,Atlanta,Berkadia,berkadia,Apartment,deal_pipeline.csv,5,100,exact address + developer match,DUP-0059,No,"Matched across 5 source file(s): asset_parcel_intelligence.csv, deal_pipeline.csv, development_lifecycle.csv, la_asset_watch.csv"
2026-08-14,20260814-232136-af068659,Disposition / Exit - Atlanta / Georgia - ATC Sells 290-Unit Augusta Apartment Complex,PRJ-20260814-0059,Disposition / Exit - Atlanta / Georgia - ATC Sells 290-Unit Augusta Apartment Complex,atlanta,Atlanta,Unknown,Atlanta,Berkadia,Berkadia,Apartment,development_lifecycle.csv,5,100,exact address + developer match,DUP-0059,No,"Matched across 5 source file(s): asset_parcel_intelligence.csv, deal_pipeline.csv, development_lifecycle.csv, la_asset_watch.csv"
2026-08-14,20260814-232136-af068659,Disposition / Exit - Atlanta / Georgia - ATC Sells 290-Unit Augusta Apartment Complex,PRJ-20260814-0059,Disposition / Exit - Atlanta / Georgia - ATC Sells 290-Unit Augusta Apartment Complex,atlanta,Atlanta,Unknown,Atlanta,Berkadia,Unknown,Apartment,lifecycle_transition.csv,5,100,exact address + developer match,DUP-0059,No,"Matched across 5 source file(s): asset_parcel_intelligence.csv, deal_pipeline.csv, development_lifecycle.csv, la_asset_watch.csv"
2026-08-14,20260814-232136-af068659,Entitlement / Permitting - San Francisco / California - New Developer to Push Forward on Housing at 400 Divisadero Street in San Francisco,PRJ-20260814-0171,Entitlement / Permitting - San Francisco / California - New Developer to Push Forward on Housing at 400 Divisadero Street in San Francisco,san francisco california,San Francisco / California,San Francisco / California,Unknown,Greystar,Unknown,General Residential,deal_fingerprints.csv,5,100,exact address + developer match,DUP-0171,No,"Matched across 3 source file(s): deal_fingerprints.csv, opportunity_radar.csv, relationship_graph.csv"
2026-08-14,20260814-232136-af068659,Entitlement / Permitting - San Francisco / California - New Developer to Push Forward on Housing at 400 Divisadero Street in San Francisco,PRJ-20260814-0171,Entitlement / Permitting - San Francisco / California - New Developer to Push Forward on Housing at 400 Divisadero Street in San Francisco,san francisco california,San Francisco / California,San Francisco / California,Unknown,Greystar,Unknown,General Residential,opportunity_radar.csv,5,100,exact address + developer match,DUP-0171,No,"Matched across 3 source file(s): deal_fingerprints.csv, opportunity_radar.csv, relationship_graph.csv"
2026-08-14,20260814-232136-af068659,New Developer to Push Forward on Housing at 400 Divisadero Street in San Francisco,PRJ-20260814-0171,Entitlement / Permitting - San Francisco / California - New Developer to Push Forward on Housing at 400 Divisadero Street in San Francisco,san francisco california,San Francisco / California,San Francisco / California,Unknown,Greystar,Entitlement / Permitting - San Francisco / California - New Developer to Push Forward on Housing at 400 Divisadero Street in San Francisco,General Residential,relationship_graph.csv,5,100,exact address + developer match,DUP-0171,No,"Matched across 3 source file(s): deal_fingerprints.csv, opportunity_radar.csv, relationship_graph.csv"
2026-08-14,20260814-232136-af068659,New Developer to Push Forward on Housing at 400 Divisadero Street in San Francisco,PRJ-20260814-0171,Entitlement / Permitting - San Francisco / California - New Developer to Push Forward on Housing at 400 Divisadero Street in San Francisco,san francisco california,San Francisco / California,San Francisco / California,Unknown,Greystar,San Francisco,General Residential,relationship_graph.csv,5,100,exact address + developer match,DUP-0171,No,"Matched across 3 source file(s): deal_fingerprints.csv, opportunity_radar.csv, relationship_graph.csv"
2026-08-14,20260814-232136-af068659,New Developer to Push Forward on Housing at 400 Divisadero Street in San Francisco,PRJ-20260814-0171,Entitlement / Permitting - San Francisco / California - New Developer to Push Forward on Housing at 400 Divisadero Street in San Francisco,san francisco california,San Francisco / California,San Francisco / California,Unknown,Greystar,San Francisco / California,General Residential,relationship_graph.csv,5,100,exact address + developer match,DUP-0171,No,"Matched across 3 source file(s): deal_fingerprints.csv, opportunity_radar.csv, relationship_graph.csv"
2026-08-14,20260814-232136-af068659,Entitlement / Permitting - San Francisco / California - New Developer to Push Forward on Housing at 400 Divisadero Street in San Francisco,PRJ-20260814-0173,Entitlement / Permitting - San Francisco / California - New Developer to Push Forward on Housing at 400 Divisadero Street in San Francisco,san francisco,San Francisco,San Francisco / California,San Francisco,Greystar,Unknown,General Residential,deal_pipeline.csv,5,100,exact address + developer match,DUP-0173,No,"Matched across 5 source file(s): deal_pipeline.csv, development_lifecycle.csv, entitlement_intelligence.csv, la_entitlement_watch.csv"
2026-08-14,20260814-232136-af068659,Entitlement / Permitting - San Francisco / California - New Developer to Push Forward on Housing at 400 Divisadero Street in San Francisco,PRJ-20260814-0173,Entitlement / Permitting - San Francisco / California - New Developer to Push Forward on Housing at 400 Divisadero Street in San Francisco,san francisco,San Francisco,Unknown,San Francisco,Greystar,Unknown,General Residential,development_lifecycle.csv,5,100,exact address + developer match,DUP-0173,No,"Matched across 5 source file(s): deal_pipeline.csv, development_lifecycle.csv, entitlement_intelligence.csv, la_entitlement_watch.csv"
2026-08-14,20260814-232136-af068659,Entitlement / Permitting - San Francisco / California - New Developer to Push Forward on Housing at 400 Divisadero Street in San Francisco,PRJ-20260814-0173,Entitlement / Permitting - San Francisco / California - New Developer to Push Forward on Housing at 400 Divisadero Street in San Francisco,san francisco,San Francisco,Unknown,San Francisco,Greystar,Unknown,General Residential,lifecycle_transition.csv,5,100,exact address + developer match,DUP-0173,No,"Matched across 5 source file(s): deal_pipeline.csv, development_lifecycle.csv, entitlement_intelligence.csv, la_entitlement_watch.csv"
2026-08-14,20260814-232136-af068659,Entitlement / Permitting - San Francisco / California - New Developer to Push Forward on Housing at 400 Divisadero Street in San Francisco,PRJ-20260814-0173,Entitlement / Permitting - San Francisco / California - New Developer to Push Forward on Housing at 400 Divisadero Street in San Francisco,san francisco,San Francisco,San Francisco / California,San Francisco,Greystar,Unknown,General Residential,entitlement_intelligence.csv,5,100,exact address + developer match,DUP-0173,No,"Matched across 5 source file(s): deal_pipeline.csv, development_lifecycle.csv, entitlement_intelligence.csv, la_entitlement_watch.csv"
2026-08-14,20260814-232136-af068659,Entitlement / Permitting - San Francisco / California - New Developer to Push Forward on Housing at 400 Divisadero Street in San Francisco,PRJ-20260814-0173,Entitlement / Permitting - San Francisco / California - New Developer to Push Forward on Housing at 400 Divisadero Street in San Francisco,san francisco,San Francisco,Other / Unknown,San Francisco,Greystar,Unknown,General Residential,la_entitlement_watch.csv,5,100,exact address + developer match,DUP-0173,No,"Matched across 5 source file(s): deal_pipeline.csv, development_lifecycle.csv, entitlement_intelligence.csv, la_entitlement_watch.csv"
2026-08-14,20260814-232136-af068659,General Project Signal - New York City / New York - High Street Residential Tops Out 25-Story Apartment Building in Manhattan,PRJ-20260814-0133,General Project Signal - New York City / New York - High Street Residential Tops Out 25-Story Apartment Building in Manhattan,new york city new york,New York City / New York,New York City / New York,Unknown,High Street Residential,Unknown,Affordable Housing,deal_fingerprints.csv,5,100,exact address + developer match,DUP-0133,No,"Matched across 3 source file(s): deal_fingerprints.csv, opportunity_radar.csv, relationship_graph.csv"
2026-08-14,20260814-232136-af068659,General Project Signal - New York City / New York - High Street Residential Tops Out 25-Story Apartment Building in Manhattan,PRJ-20260814-0133,General Project Signal - New York City / New York - High Street Residential Tops Out 25-Story Apartment Building in Manhattan,new york city new york,New York City / New York,New York City / New York,Unknown,High Street Residential,Unknown,Affordable Housing,opportunity_radar.csv,5,100,exact address + developer match,DUP-0133,No,"Matched across 3 source file(s): deal_fingerprints.csv, opportunity_radar.csv, relationship_graph.csv"
2026-08-14,20260814-232136-af068659,High Street Residential Tops Out 25-Story Apartment Building in Manhattan,PRJ-20260814-0133,General Project Signal - New York City / New York - High Street Residential Tops Out 25-Story Apartment Building in Manhattan,new york city new york,New York City / New York,New York City / New York,Unknown,High Street Residential,General Project Signal - New York City / New York - High Street Residential Tops Out 25-Story Apartment Building in Manhattan,General Residential,relationship_graph.csv,5,100,exact address + developer match,DUP-0133,No,"Matched across 3 source file(s): deal_fingerprints.csv, opportunity_radar.csv, relationship_graph.csv"
2026-08-14,20260814-232136-af068659,High Street Residential Tops Out 25-Story Apartment Building in Manhattan,PRJ-20260814-0133,General Project Signal - New York City / New York - High Street Residential Tops Out 25-Story Apartment Building in Manhattan,new york city new york,New York City / New York,New York City / New York,Unknown,High Street Residential,New York City,General Residential,relationship_graph.csv,5,100,exact address + developer match,DUP-0133,No,"Matched across 3 source file(s): deal_fingerprints.csv, opportunity_radar.csv, relationship_graph.csv"
2026-08-14,20260814-232136-af068659,High Street Residential Tops Out 25-Story Apartment Building in Manhattan,PRJ-20260814-0133,General Project Signal - New York City / New York - High Street Residential Tops Out 25-Story Apartment Building in Manhattan,new york city new york,New York City / New York,New York City / New York,Unknown,High Street Residential,New York City / New York,General Residential,relationship_graph.csv,5,100,exact address + developer match,DUP-0133,No,"Matched across 3 source file(s): deal_fingerprints.csv, opportunity_radar.csv, relationship_graph.csv"
2026-08-14,20260814-232136-af068659,"JV / Partnership - National - Brookfield, SWI Form $694M Multifamily Venture, Plan $500M In Sales",PRJ-20260814-0186,"JV / Partnership - National - Brookfield, SWI Form $694M Multifamily Venture, Plan $500M In Sales",u s,U.S.,Unknown,U.S.,Brookfield,Unknown,Apartment,asset_parcel_intelligence.csv,5,100,exact address + developer match,DUP-0186,No,"Matched across 5 source file(s): asset_parcel_intelligence.csv, deal_pipeline.csv, development_lifecycle.csv, la_asset_watch.csv"
2026-08-14,20260814-232136-af068659,"Brookfield, SWI Form $694M Multifamily Venture, Plan $500M In Sales",PRJ-20260814-0186,"JV / Partnership - National - Brookfield, SWI Form $694M Multifamily Venture, Plan $500M In Sales",u s,U.S.,Other / Unknown,Los Angeles,Brookfield,Unknown,Apartment,la_asset_watch.csv,5,100,exact address + developer match,DUP-0186,No,"Matched across 5 source file(s): asset_parcel_intelligence.csv, deal_pipeline.csv, development_lifecycle.csv, la_asset_watch.csv"
2026-08-14,20260814-232136-af068659,"JV / Partnership - National - Brookfield, SWI Form $694M Multifamily Venture, Plan $500M In Sales",PRJ-20260814-0186,"JV / Partnership - National - Brookfield, SWI Form $694M Multifamily Venture, Plan $500M In Sales",u s,U.S.,National,U.S.,Brookfield,Unknown,Apartment,deal_pipeline.csv,5,100,exact address + developer match,DUP-0186,No,"Matched across 5 source file(s): asset_parcel_intelligence.csv, deal_pipeline.csv, development_lifecycle.csv, la_asset_watch.csv"
2026-08-14,20260814-232136-af068659,"JV / Partnership - National - Brookfield, SWI Form $694M Multifamily Venture, Plan $500M In Sales",PRJ-20260814-0186,"JV / Partnership - National - Brookfield, SWI Form $694M Multifamily Venture, Plan $500M In Sales",u s,U.S.,Unknown,U.S.,Brookfield,Unknown,Apartment,development_lifecycle.csv,5,100,exact address + developer match,DUP-0186,No,"Matched across 5 source file(s): asset_parcel_intelligence.csv, deal_pipeline.csv, development_lifecycle.csv, la_asset_watch.csv"
2026-08-14,20260814-232136-af068659,"JV / Partnership - National - Brookfield, SWI Form $694M Multifamily Venture, Plan $500M In Sales",PRJ-20260814-0186,"JV / Partnership - National - Brookfield, SWI Form $694M Multifamily Venture, Plan $500M In Sales",u s,U.S.,Unknown,U.S.,Brookfield,Unknown,Apartment,lifecycle_transition.csv,5,100,exact address + developer match,DUP-0186,No,"Matched across 5 source file(s): asset_parcel_intelligence.csv, deal_pipeline.csv, development_lifecycle.csv, la_asset_watch.csv"
2026-08-14,20260814-232136-af068659,Refinancing - California - Westphal Company Lands $56M Refi for San Diego Apartments,PRJ-20260814-0167,Refinancing - California - Westphal Company Lands $56M Refi for San Diego Apartments,san diego,San Diego,California,San Diego,Fannie Mae,Fannie Mae,Apartment,asset_parcel_intelligence.csv,5,100,exact address + developer match,DUP-0167,No,"Matched across 5 source file(s): asset_parcel_intelligence.csv, deal_pipeline.csv, development_lifecycle.csv, la_asset_watch.csv"
2026-08-14,20260814-232136-af068659,Westphal Company Lands $56M Refi for San Diego Apartments,PRJ-20260814-0167,Refinancing - California - Westphal Company Lands $56M Refi for San Diego Apartments,san diego,San Diego,Other / Unknown,Los Angeles,Fannie Mae,Unknown,Apartment,la_asset_watch.csv,5,100,exact address + developer match,DUP-0167,No,"Matched across 5 source file(s): asset_parcel_intelligence.csv, deal_pipeline.csv, development_lifecycle.csv, la_asset_watch.csv"
2026-08-14,20260814-232136-af068659,Refinancing - California - Westphal Company Lands $56M Refi for San Diego Apartments,PRJ-20260814-0167,Refinancing - California - Westphal Company Lands $56M Refi for San Diego Apartments,san diego,San Diego,California,San Diego,Fannie Mae,fannie mae,Apartment,deal_pipeline.csv,5,100,exact address + developer match,DUP-0167,No,"Matched across 5 source file(s): asset_parcel_intelligence.csv, deal_pipeline.csv, development_lifecycle.csv, la_asset_watch.csv"
2026-08-14,20260814-232136-af068659,Refinancing - California - Westphal Company Lands $56M Refi for San Diego Apartments,PRJ-20260814-0167,Refinancing - California - Westphal Company Lands $56M Refi for San Diego Apartments,san diego,San Diego,California,San Diego,Fannie Mae,Fannie Mae,Apartment,development_lifecycle.csv,5,100,exact address + developer match,DUP-0167,No,"Matched across 5 source file(s): asset_parcel_intelligence.csv, deal_pipeline.csv, development_lifecycle.csv, la_asset_watch.csv"
2026-08-14,20260814-232136-af068659,Refinancing - California - Westphal Company Lands $56M Refi for San Diego Apartments,PRJ-20260814-0167,Refinancing - California - Westphal Company Lands $56M Refi for San Diego Apartments,san diego,San Diego,California,San Diego,Fannie Mae,Unknown,Apartment,lifecycle_transition.csv,5,100,exact address + developer match,DUP-0167,No,"Matched across 5 source file(s): asset_parcel_intelligence.csv, deal_pipeline.csv, development_lifecycle.csv, la_asset_watch.csv"
2026-08-14,20260814-232136-af068659,Acquisition - Phoenix / Arizona - Rockwell Pays $42M for 182-Unit Scottsdale Rental Community,PRJ-20260814-0163,BTR / Build-to-Rent - Phoenix / Arizona - Porter Kyle Adds New 100-Unit BTR Community to East Valley Portfolio,phoenix,Phoenix,Phoenix / Arizona,Phoenix,Unknown,Unknown,Apartment,deal_pipeline.csv,5,80,address/location + market match,DUP-0163,No,"Matched across 3 source file(s): deal_pipeline.csv, development_lifecycle.csv, lifecycle_transition.csv"
2026-08-14,20260814-232136-af068659,Acquisition - Phoenix / Arizona - ColRich Pays $52.4M for Mesa Rental Community,PRJ-20260814-0163,BTR / Build-to-Rent - Phoenix / Arizona - Porter Kyle Adds New 100-Unit BTR Community to East Valley Portfolio,phoenix,Phoenix,Phoenix / Arizona,Phoenix,Unknown,Unknown,Apartment,deal_pipeline.csv,5,80,address/location + market match,DUP-0163,No,"Matched across 3 source file(s): deal_pipeline.csv, development_lifecycle.csv, lifecycle_transition.csv"
2026-08-14,20260814-232136-af068659,BTR / Build-to-Rent - Phoenix / Arizona - Porter Kyle Adds New 100-Unit BTR Community to East Valley Portfolio,PRJ-20260814-0163,BTR / Build-to-Rent - Phoenix / Arizona - Porter Kyle Adds New 100-Unit BTR Community to East Valley Portfolio,phoenix,Phoenix,Phoenix / Arizona,Phoenix,Unknown,Unknown,BTR / Single-Family Rental,deal_pipeline.csv,5,80,address/location + market match,DUP-0163,No,"Matched across 3 source file(s): deal_pipeline.csv, development_lifecycle.csv, lifecycle_transition.csv"
2026-08-14,20260814-232136-af068659,Rockwell Pays $42M for 182-Unit Scottsdale Rental Community,PRJ-20260814-0163,BTR / Build-to-Rent - Phoenix / Arizona - Porter Kyle Adds New 100-Unit BTR Community to East Valley Portfolio,phoenix,Phoenix,Phoenix / Arizona,Phoenix,Unknown,Unknown,Apartment,development_lifecycle.csv,5,80,address/location + market match,DUP-0163,No,"Matched across 3 source file(s): deal_pipeline.csv, development_lifecycle.csv, lifecycle_transition.csv"
2026-08-14,20260814-232136-af068659,Rockwell Pays $42M for 182-Unit Scottsdale Rental Community,PRJ-20260814-0163,BTR / Build-to-Rent - Phoenix / Arizona - Porter Kyle Adds New 100-Unit BTR Community to East Valley Portfolio,phoenix,Phoenix,Phoenix / Arizona,Phoenix,Unknown,Unknown,Apartment,lifecycle_transition.csv,5,80,address/location + market match,DUP-0163,No,"Matched across 3 source file(s): deal_pipeline.csv, development_lifecycle.csv, lifecycle_transition.csv"
2026-08-14,20260814-232136-af068659,Disposition / Exit - San Francisco / California - Top markets for apartment sales in H1 2026,PRJ-20260814-0176,"Entitlement / Permitting - San Francisco / California - Permits Filed For 2740 McAllister Street, San Francisco",san francisco,San Francisco,Unknown,San Francisco,Unknown,Unknown,Apartment,asset_parcel_intelligence.csv,5,80,address/location + market match,DUP-0176,No,"Matched across 3 source file(s): asset_parcel_intelligence.csv, development_lifecycle.csv, lifecycle_transition.csv"
2026-08-14,20260814-232136-af068659,"Entitlement / Permitting - San Francisco / California - Permits Filed For 2740 McAllister Street, San Francisco",PRJ-20260814-0176,"Entitlement / Permitting - San Francisco / California - Permits Filed For 2740 McAllister Street, San Francisco",san francisco,San Francisco,Unknown,San Francisco,Unknown,Unknown,Apartment,development_lifecycle.csv,5,80,address/location + market match,DUP-0176,No,"Matched across 3 source file(s): asset_parcel_intelligence.csv, development_lifecycle.csv, lifecycle_transition.csv"
2026-08-14,20260814-232136-af068659,Disposition / Exit - San Francisco / California - Top markets for apartment sales in H1 2026,PRJ-20260814-0176,"Entitlement / Permitting - San Francisco / California - Permits Filed For 2740 McAllister Street, San Francisco",san francisco,San Francisco,Unknown,San Francisco,Unknown,Unknown,Apartment,development_lifecycle.csv,5,80,address/location + market match,DUP-0176,No,"Matched across 3 source file(s): asset_parcel_intelligence.csv, development_lifecycle.csv, lifecycle_transition.csv"
2026-08-14,20260814-232136-af068659,Disposition / Exit - San Francisco / California - Top markets for apartment sales in H1 2026,PRJ-20260814-0176,"Entitlement / Permitting - San Francisco / California - Permits Filed For 2740 McAllister Street, San Francisco",san francisco,San Francisco,Unknown,San Francisco,Unknown,Unknown,Apartment,lifecycle_transition.csv,5,80,address/location + market match,DUP-0176,No,"Matched across 3 source file(s): asset_parcel_intelligence.csv, development_lifecycle.csv, lifecycle_transition.csv"
2026-08-14,20260814-232136-af068659,"Entitlement / Permitting - San Francisco / California - Permits Filed For 2740 McAllister Street, San Francisco",PRJ-20260814-0176,"Entitlement / Permitting - San Francisco / California - Permits Filed For 2740 McAllister Street, San Francisco",san francisco,San Francisco,Unknown,San Francisco,Unknown,Unknown,Apartment,lifecycle_transition.csv,5,80,address/location + market match,DUP-0176,No,"Matched across 3 source file(s): asset_parcel_intelligence.csv, development_lifecycle.csv, lifecycle_transition.csv"
2026-08-14,20260814-232136-af068659,Acquisition - Miami / Florida - Milestone Group Trades Kendall Apartment Complex for $109M,PRJ-20260814-0182,Acquisition - Miami / Florida - Milestone Group Trades Kendall Apartment Complex for $109M,south florida,South Florida,Unknown,South Florida,Harbor Group International,Unknown,Apartment,asset_parcel_intelligence.csv,4,100,exact address + developer match,DUP-0182,No,"Matched across 4 source file(s): asset_parcel_intelligence.csv, deal_pipeline.csv, development_lifecycle.csv, lifecycle_transition.csv"
2026-08-14,20260814-232136-af068659,Acquisition - Miami / Florida - Milestone Group Trades Kendall Apartment Complex for $109M,PRJ-20260814-0182,Acquisition - Miami / Florida - Milestone Group Trades Kendall Apartment Complex for $109M,south florida,South Florida,Miami / Florida,South Florida,Harbor Group International,Unknown,Apartment,deal_pipeline.csv,4,100,exact address + developer match,DUP-0182,No,"Matched across 4 source file(s): asset_parcel_intelligence.csv, deal_pipeline.csv, development_lifecycle.csv, lifecycle_transition.csv"
2026-08-14,20260814-232136-af068659,Acquisition - Miami / Florida - Milestone Group Trades Kendall Apartment Complex for $109M,PRJ-20260814-0182,Acquisition - Miami / Florida - Milestone Group Trades Kendall Apartment Complex for $109M,south florida,South Florida,Unknown,South Florida,Harbor Group International,Unknown,Apartment,development_lifecycle.csv,4,100,exact address + developer match,DUP-0182,No,"Matched across 4 source file(s): asset_parcel_intelligence.csv, deal_pipeline.csv, development_lifecycle.csv, lifecycle_transition.csv"
2026-08-14,20260814-232136-af068659,Acquisition - Miami / Florida - Milestone Group Trades Kendall Apartment Complex for $109M,PRJ-20260814-0182,Acquisition - Miami / Florida - Milestone Group Trades Kendall Apartment Complex for $109M,south florida,South Florida,Unknown,South Florida,Harbor Group International,Unknown,Apartment,lifecycle_transition.csv,4,100,exact address + developer match,DUP-0182,No,"Matched across 4 source file(s): asset_parcel_intelligence.csv, deal_pipeline.csv, development_lifecycle.csv, lifecycle_transition.csv"
2026-08-14,20260814-232136-af068659,Cushman & Wakefield Arranges $19.9M in Acquisition Financing for Medical Office Buildings in Scottsdale,PRJ-20260814-0159,Cushman & Wakefield Arranges $19.9M in Acquisition Financing for Medical Office Buildings in Scottsdale,phoenix arizona,Phoenix / Arizona,Phoenix / Arizona,Unknown,Acquisition - Phoenix / Arizona - Cushman & Wakefield Arranges $19.9M in Acquisition Financing for Medical Office Buildings...,cushman,General Residential,relationship_graph.csv,4,100,exact address + developer match,DUP-0159,No,Matched across 1 source file(s): relationship_graph.csv
2026-08-14,20260814-232136-af068659,Cushman & Wakefield Arranges $19.9M in Acquisition Financing for Medical Office Buildings in Scottsdale,PRJ-20260814-0159,Cushman & Wakefield Arranges $19.9M in Acquisition Financing for Medical Office Buildings in Scottsdale,phoenix arizona,Phoenix / Arizona,Phoenix / Arizona,Unknown,Acquisition - Phoenix / Arizona - Cushman & Wakefield Arranges $19.9M in Acquisition Financing for Medical Office Buildings...,related,General Residential,relationship_graph.csv,4,100,exact address + developer match,DUP-0159,No,Matched across 1 source file(s): relationship_graph.csv
2026-08-14,20260814-232136-af068659,Cushman & Wakefield Arranges $19.9M in Acquisition Financing for Medical Office Buildings in Scottsdale,PRJ-20260814-0159,Cushman & Wakefield Arranges $19.9M in Acquisition Financing for Medical Office Buildings in Scottsdale,phoenix arizona,Phoenix / Arizona,Phoenix / Arizona,Unknown,Acquisition - Phoenix / Arizona - Cushman & Wakefield Arranges $19.9M in Acquisition Financing for Medical Office Buildings...,Phoenix / Arizona,General Residential,relationship_graph.csv,4,100,exact address + developer match,DUP-0159,No,Matched across 1 source file(s): relationship_graph.csv
2026-08-14,20260814-232136-af068659,Cushman & Wakefield Arranges $19.9M in Acquisition Financing for Medical Office Buildings in Scottsdale,PRJ-20260814-0159,Cushman & Wakefield Arranges $19.9M in Acquisition Financing for Medical Office Buildings in Scottsdale,phoenix arizona,Phoenix / Arizona,Phoenix / Arizona,Unknown,Acquisition - Phoenix / Arizona - Cushman & Wakefield Arranges $19.9M in Acquisition Financing for Medical Office Buildings...,Scottsdale,General Residential,relationship_graph.csv,4,100,exact address + developer match,DUP-0159,No,Matched across 1 source file(s): relationship_graph.csv
2026-08-14,20260814-232136-af068659,General Project Signal - New York City / New York - High Street Residential Tops Out 25-Story Apartment Building in Manhattan,PRJ-20260814-0136,General Project Signal - New York City / New York - High Street Residential Tops Out 25-Story Apartment Building in Manhattan,new york city,New York City,Unknown,New York City,High Street Residential,Unknown,Affordable Housing,asset_parcel_intelligence.csv,4,100,exact address + developer match,DUP-0136,No,"Matched across 4 source file(s): asset_parcel_intelligence.csv, deal_pipeline.csv, development_lifecycle.csv, lifecycle_transition.csv"
2026-08-14,20260814-232136-af068659,General Project Signal - New York City / New York - High Street Residential Tops Out 25-Story Apartment Building in Manhattan,PRJ-20260814-0136,General Project Signal - New York City / New York - High Street Residential Tops Out 25-Story Apartment Building in Manhattan,new york city,New York City,New York City / New York,New York City,High Street Residential,Unknown,Affordable Housing,deal_pipeline.csv,4,100,exact address + developer match,DUP-0136,No,"Matched across 4 source file(s): asset_parcel_intelligence.csv, deal_pipeline.csv, development_lifecycle.csv, lifecycle_transition.csv"
2026-08-14,20260814-232136-af068659,General Project Signal - New York City / New York - High Street Residential Tops Out 25-Story Apartment Building in Manhattan,PRJ-20260814-0136,General Project Signal - New York City / New York - High Street Residential Tops Out 25-Story Apartment Building in Manhattan,new york city,New York City,Unknown,New York City,High Street Residential,Unknown,Affordable Housing,development_lifecycle.csv,4,100,exact address + developer match,DUP-0136,No,"Matched across 4 source file(s): asset_parcel_intelligence.csv, deal_pipeline.csv, development_lifecycle.csv, lifecycle_transition.csv"
2026-08-14,20260814-232136-af068659,General Project Signal - New York City / New York - High Street Residential Tops Out 25-Story Apartment Building in Manhattan,PRJ-20260814-0136,General Project Signal - New York City / New York - High Street Residential Tops Out 25-Story Apartment Building in Manhattan,new york city,New York City,Unknown,New York City,High Street Residential,Unknown,Affordable Housing,lifecycle_transition.csv,4,100,exact address + developer match,DUP-0136,No,"Matched across 4 source file(s): asset_parcel_intelligence.csv, deal_pipeline.csv, development_lifecycle.csv, lifecycle_transition.csv"
2026-08-14,20260814-232136-af068659,Refinancing - Austin / Texas - Vantage Inks $103M Refi on Three Texas Rental Assets,PRJ-20260814-0064,Refinancing - Austin / Texas - Vantage Inks $103M Refi on Three Texas Rental Assets,austin,Austin,Unknown,Austin,Benefit Street Partners,Unknown,Apartment,asset_parcel_intelligence.csv,4,100,exact address + developer match,DUP-0064,No,"Matched across 4 source file(s): asset_parcel_intelligence.csv, deal_pipeline.csv, development_lifecycle.csv, lifecycle_transition.csv"
2026-08-14,20260814-232136-af068659,Refinancing - Austin / Texas - Vantage Inks $103M Refi on Three Texas Rental Assets,PRJ-20260814-0064,Refinancing - Austin / Texas - Vantage Inks $103M Refi on Three Texas Rental Assets,austin,Austin,Austin / Texas,Austin,Benefit Street Partners,Unknown,Apartment,deal_pipeline.csv,4,100,exact address + developer match,DUP-0064,No,"Matched across 4 source file(s): asset_parcel_intelligence.csv, deal_pipeline.csv, development_lifecycle.csv, lifecycle_transition.csv"
2026-08-14,20260814-232136-af068659,Refinancing - Austin / Texas - Vantage Inks $103M Refi on Three Texas Rental Assets,PRJ-20260814-0064,Refinancing - Austin / Texas - Vantage Inks $103M Refi on Three Texas Rental Assets,austin,Austin,Unknown,Austin,Benefit Street Partners,Unknown,Apartment,development_lifecycle.csv,4,100,exact address + developer match,DUP-0064,No,"Matched across 4 source file(s): asset_parcel_intelligence.csv, deal_pipeline.csv, development_lifecycle.csv, lifecycle_transition.csv"
2026-08-14,20260814-232136-af068659,Refinancing - Austin / Texas - Vantage Inks $103M Refi on Three Texas Rental Assets,PRJ-20260814-0064,Refinancing - Austin / Texas - Vantage Inks $103M Refi on Three Texas Rental Assets,austin,Austin,Unknown,Austin,Benefit Street Partners,Unknown,Apartment,lifecycle_transition.csv,4,100,exact address + developer match,DUP-0064,No,"Matched across 4 source file(s): asset_parcel_intelligence.csv, deal_pipeline.csv, development_lifecycle.csv, lifecycle_transition.csv"
2026-08-14,20260814-232136-af068659,Cushman & Wakefield Arranges $19.9M in Acquisition Financing for Medical Office Buildings in Scottsdale,PRJ-20260814-0180,Acquisition - Phoenix / Arizona - Cushman & Wakefield Arranges $19.9M in Acquisition Financing for Medical Office Buildings...,scottsdale,Scottsdale,Phoenix / Arizona,Scottsdale,Unknown,Unknown,General Residential,asset_parcel_intelligence.csv,4,80,address/location + market match,DUP-0180,No,"Matched across 4 source file(s): asset_parcel_intelligence.csv, deal_pipeline.csv, development_lifecycle.csv, lifecycle_transition.csv"
2026-08-14,20260814-232136-af068659,Acquisition - Phoenix / Arizona - Cushman & Wakefield Arranges $19.9M in Acquisition Financing for Medical Office Buildings...,PRJ-20260814-0180,Acquisition - Phoenix / Arizona - Cushman & Wakefield Arranges $19.9M in Acquisition Financing for Medical Office Buildings...,scottsdale,Scottsdale,Phoenix / Arizona,Scottsdale,Unknown,cushman,General Residential,deal_pipeline.csv,4,80,address/location + market match,DUP-0180,No,"Matched across 4 source file(s): asset_parcel_intelligence.csv, deal_pipeline.csv, development_lifecycle.csv, lifecycle_transition.csv"
2026-08-14,20260814-232136-af068659,Cushman & Wakefield Arranges $19.9M in Acquisition Financing for Medical Office Buildings in Scottsdale,PRJ-20260814-0180,Acquisition - Phoenix / Arizona - Cushman & Wakefield Arranges $19.9M in Acquisition Financing for Medical Office Buildings...,scottsdale,Scottsdale,Phoenix / Arizona,Scottsdale,Unknown,Unknown,General Residential,development_lifecycle.csv,4,80,address/location + market match,DUP-0180,No,"Matched across 4 source file(s): asset_parcel_intelligence.csv, deal_pipeline.csv, development_lifecycle.csv, lifecycle_transition.csv"
2026-08-14,20260814-232136-af068659,Cushman & Wakefield Arranges $19.9M in Acquisition Financing for Medical Office Buildings in Scottsdale,PRJ-20260814-0180,Acquisition - Phoenix / Arizona - Cushman & Wakefield Arranges $19.9M in Acquisition Financing for Medical Office Buildings...,scottsdale,Scottsdale,Phoenix / Arizona,Scottsdale,Unknown,Unknown,General Residential,lifecycle_transition.csv,4,80,address/location + market match,DUP-0180,No,"Matched across 4 source file(s): asset_parcel_intelligence.csv, deal_pipeline.csv, development_lifecycle.csv, lifecycle_transition.csv"
2026-08-14,20260814-232136-af068659,Apartment REITs see Sun Belt momentum in latest earnings,PRJ-20260814-0118,Apartment REITs see Sun Belt momentum in latest earnings,los angeles,Los Angeles,Sun Belt,Los Angeles,Unknown,Unknown,Apartment,asset_parcel_intelligence.csv,4,80,address/location + market match,DUP-0118,No,"Matched across 4 source file(s): asset_parcel_intelligence.csv, development_lifecycle.csv, entitlement_intelligence.csv, lifecycle_transition.csv"
2026-08-14,20260814-232136-af068659,Apartment REITs see Sun Belt momentum in latest earnings,PRJ-20260814-0118,Apartment REITs see Sun Belt momentum in latest earnings,los angeles,Los Angeles,Sun Belt,Los Angeles,Unknown,Unknown,Apartment,development_lifecycle.csv,4,80,address/location + market match,DUP-0118,No,"Matched across 4 source file(s): asset_parcel_intelligence.csv, development_lifecycle.csv, entitlement_intelligence.csv, lifecycle_transition.csv"
2026-08-14,20260814-232136-af068659,Apartment REITs see Sun Belt momentum in latest earnings,PRJ-20260814-0118,Apartment REITs see Sun Belt momentum in latest earnings,los angeles,Los Angeles,Sun Belt,Los Angeles,Unknown,Unknown,Apartment,lifecycle_transition.csv,4,80,address/location + market match,DUP-0118,No,"Matched across 4 source file(s): asset_parcel_intelligence.csv, development_lifecycle.csv, entitlement_intelligence.csv, lifecycle_transition.csv"
2026-08-14,20260814-232136-af068659,Apartment REITs see Sun Belt momentum in latest earnings,PRJ-20260814-0118,Apartment REITs see Sun Belt momentum in latest earnings,los angeles,Los Angeles,Sun Belt,Los Angeles,Unknown,Unknown,Apartment,entitlement_intelligence.csv,4,80,address/location + market match,DUP-0118,No,"Matched across 4 source file(s): asset_parcel_intelligence.csv, development_lifecycle.csv, entitlement_intelligence.csv, lifecycle_transition.csv"
2026-08-14,20260814-232136-af068659,Disposition / Exit - California - 23 homes coming to Uptown Newport Village,PRJ-20260814-0139,Disposition / Exit - California - 23 homes coming to Uptown Newport Village,orange county,Orange County,California,Orange County,Unknown,Unknown,Mixed-Use Residential,asset_parcel_intelligence.csv,4,80,address/location + market match,DUP-0139,No,"Matched across 4 source file(s): asset_parcel_intelligence.csv, deal_pipeline.csv, development_lifecycle.csv, lifecycle_transition.csv"
2026-08-14,20260814-232136-af068659,Disposition / Exit - California - 23 homes coming to Uptown Newport Village,PRJ-20260814-0139,Disposition / Exit - California - 23 homes coming to Uptown Newport Village,orange county,Orange County,California,Orange County,Unknown,Unknown,Mixed-Use Residential,deal_pipeline.csv,4,80,address/location + market match,DUP-0139,No,"Matched across 4 source file(s): asset_parcel_intelligence.csv, deal_pipeline.csv, development_lifecycle.csv, lifecycle_transition.csv"
2026-08-14,20260814-232136-af068659,Disposition / Exit - California - 23 homes coming to Uptown Newport Village,PRJ-20260814-0139,Disposition / Exit - California - 23 homes coming to Uptown Newport Village,orange county,Orange County,California,Orange County,Unknown,Unknown,Mixed-Use Residential,development_lifecycle.csv,4,80,address/location + market match,DUP-0139,No,"Matched across 4 source file(s): asset_parcel_intelligence.csv, deal_pipeline.csv, development_lifecycle.csv, lifecycle_transition.csv"
2026-08-14,20260814-232136-af068659,Disposition / Exit - California - 23 homes coming to Uptown Newport Village,PRJ-20260814-0139,Disposition / Exit - California - 23 homes coming to Uptown Newport Village,orange county,Orange County,California,Orange County,Unknown,Unknown,Mixed-Use Residential,lifecycle_transition.csv,4,80,address/location + market match,DUP-0139,No,"Matched across 4 source file(s): asset_parcel_intelligence.csv, deal_pipeline.csv, development_lifecycle.csv, lifecycle_transition.csv"
2026-08-14,20260814-232136-af068659,General Project Signal - Dallas / Texas - Trademark Completes 321-Unit Vickery Apartments in Downtown Fort Worth,PRJ-20260814-0080,General Project Signal - Dallas / Texas - Trademark Completes 321-Unit Vickery Apartments in Downtown Fort Worth,dallas texas,Dallas / Texas,Dallas / Texas,Unknown,Unknown,Unknown,Apartment,deal_fingerprints.csv,4,80,address/location + market match,DUP-0080,No,"Matched across 2 source file(s): deal_fingerprints.csv, opportunity_radar.csv"
2026-08-14,20260814-232136-af068659,Development Start - Dallas / Texas - Teeple Adding 312-Unit Student Housing Project to Texas A&M Offering,PRJ-20260814-0080,General Project Signal - Dallas / Texas - Trademark Completes 321-Unit Vickery Apartments in Downtown Fort Worth,dallas texas,Dallas / Texas,Dallas / Texas,Unknown,Unknown,Unknown,Student Housing,deal_fingerprints.csv,4,80,address/location + market match,DUP-0080,No,"Matched across 2 source file(s): deal_fingerprints.csv, opportunity_radar.csv"
2026-08-14,20260814-232136-af068659,General Project Signal - Dallas / Texas - Trademark Completes 321-Unit Vickery Apartments in Downtown Fort Worth,PRJ-20260814-0080,General Project Signal - Dallas / Texas - Trademark Completes 321-Unit Vickery Apartments in Downtown Fort Worth,dallas texas,Dallas / Texas,Dallas / Texas,Unknown,Unknown,Unknown,Apartment,opportunity_radar.csv,4,80,address/location + market match,DUP-0080,No,"Matched across 2 source file(s): deal_fingerprints.csv, opportunity_radar.csv"
2026-08-14,20260814-232136-af068659,Development Start - Dallas / Texas - Teeple Adding 312-Unit Student Housing Project to Texas A&M Offering,PRJ-20260814-0080,General Project Signal - Dallas / Texas - Trademark Completes 321-Unit Vickery Apartments in Downtown Fort Worth,dallas texas,Dallas / Texas,Dallas / Texas,Unknown,Unknown,Unknown,Student Housing,opportunity_radar.csv,4,80,address/location + market match,DUP-0080,No,"Matched across 2 source file(s): deal_fingerprints.csv, opportunity_radar.csv"
2026-08-14,20260814-232136-af068659,"Office-to-Residential Conversion - California - Meeting Tonight for 3101 Sacramento Street, South Berkeley",PRJ-20260814-0165,"Office-to-Residential Conversion - California - Meeting Tonight for 3101 Sacramento Street, South Berkeley",sacramento,Sacramento,California,Sacramento,Unknown,Unknown,Mixed-Use Residential,deal_pipeline.csv,4,80,address/location + market match,DUP-0165,No,"Matched across 4 source file(s): deal_pipeline.csv, development_lifecycle.csv, entitlement_intelligence.csv, lifecycle_transition.csv"
2026-08-14,20260814-232136-af068659,"Office-to-Residential Conversion - California - Meeting Tonight for 3101 Sacramento Street, South Berkeley",PRJ-20260814-0165,"Office-to-Residential Conversion - California - Meeting Tonight for 3101 Sacramento Street, South Berkeley",sacramento,Sacramento,California,Sacramento,Unknown,Unknown,Mixed-Use Residential,development_lifecycle.csv,4,80,address/location + market match,DUP-0165,No,"Matched across 4 source file(s): deal_pipeline.csv, development_lifecycle.csv, entitlement_intelligence.csv, lifecycle_transition.csv"
2026-08-14,20260814-232136-af068659,"Office-to-Residential Conversion - California - Meeting Tonight for 3101 Sacramento Street, South Berkeley",PRJ-20260814-0165,"Office-to-Residential Conversion - California - Meeting Tonight for 3101 Sacramento Street, South Berkeley",sacramento,Sacramento,California,Sacramento,Unknown,Unknown,Mixed-Use Residential,lifecycle_transition.csv,4,80,address/location + market match,DUP-0165,No,"Matched across 4 source file(s): deal_pipeline.csv, development_lifecycle.csv, entitlement_intelligence.csv, lifecycle_transition.csv"
2026-08-14,20260814-232136-af068659,"Office-to-Residential Conversion - California - Meeting Tonight for 3101 Sacramento Street, South Berkeley",PRJ-20260814-0165,"Office-to-Residential Conversion - California - Meeting Tonight for 3101 Sacramento Street, South Berkeley",sacramento,Sacramento,California,Sacramento,Unknown,Unknown,Mixed-Use Residential,entitlement_intelligence.csv,4,80,address/location + market match,DUP-0165,No,"Matched across 4 source file(s): deal_pipeline.csv, development_lifecycle.csv, entitlement_intelligence.csv, lifecycle_transition.csv"
2026-08-14,20260814-232136-af068659,Northmarq Arranges Refinance for 342-Unit Mid-Rise Multifamily Community in Houston,PRJ-20260814-0091,Northmarq Arranges Refinance for 342-Unit Mid-Rise Multifamily Community in Houston,houston texas,Houston / Texas,Houston / Texas,Unknown,Refinancing - Houston / Texas - Northmarq Arranges Refinance for 342-Unit Mid-Rise Multifamily Community in Houston,northmarq,General Residential,relationship_graph.csv,3,100,exact address + developer match,DUP-0091,No,Matched across 1 source file(s): relationship_graph.csv
2026-08-14,20260814-232136-af068659,Northmarq Arranges Refinance for 342-Unit Mid-Rise Multifamily Community in Houston,PRJ-20260814-0091,Northmarq Arranges Refinance for 342-Unit Mid-Rise Multifamily Community in Houston,houston texas,Houston / Texas,Houston / Texas,Unknown,Refinancing - Houston / Texas - Northmarq Arranges Refinance for 342-Unit Mid-Rise Multifamily Community in Houston,Houston,General Residential,relationship_graph.csv,3,100,exact address + developer match,DUP-0091,No,Matched across 1 source file(s): relationship_graph.csv
2026-08-14,20260814-232136-af068659,Northmarq Arranges Refinance for 342-Unit Mid-Rise Multifamily Community in Houston,PRJ-20260814-0091,Northmarq Arranges Refinance for 342-Unit Mid-Rise Multifamily Community in Houston,houston texas,Houston / Texas,Houston / Texas,Unknown,Refinancing - Houston / Texas - Northmarq Arranges Refinance for 342-Unit Mid-Rise Multifamily Community in Houston,Houston / Texas,General Residential,relationship_graph.csv,3,100,exact address + developer match,DUP-0091,No,Matched across 1 source file(s): relationship_graph.csv
2026-08-14,20260814-232136-af068659,Related Planning Apartments on Site at Fort Lauderdale Office Park,PRJ-20260814-0123,Related Planning Apartments on Site at Fort Lauderdale Office Park,miami florida,Miami / Florida,Miami / Florida,Unknown,General Project Signal - Miami / Florida - Related Planning Apartments on Site at Fort Lauderdale Office Park,related,General Residential,relationship_graph.csv,3,100,exact address + developer match,DUP-0123,No,Matched across 1 source file(s): relationship_graph.csv
2026-08-14,20260814-232136-af068659,Related Planning Apartments on Site at Fort Lauderdale Office Park,PRJ-20260814-0123,Related Planning Apartments on Site at Fort Lauderdale Office Park,miami florida,Miami / Florida,Miami / Florida,Unknown,General Project Signal - Miami / Florida - Related Planning Apartments on Site at Fort Lauderdale Office Park,Miami / Florida,General Residential,relationship_graph.csv,3,100,exact address + developer match,DUP-0123,No,Matched across 1 source file(s): relationship_graph.csv
2026-08-14,20260814-232136-af068659,Related Planning Apartments on Site at Fort Lauderdale Office Park,PRJ-20260814-0123,Related Planning Apartments on Site at Fort Lauderdale Office Park,miami florida,Miami / Florida,Miami / Florida,Unknown,General Project Signal - Miami / Florida - Related Planning Apartments on Site at Fort Lauderdale Office Park,South Florida,General Residential,relationship_graph.csv,3,100,exact address + developer match,DUP-0123,No,Matched across 1 source file(s): relationship_graph.csv
2026-08-14,20260814-232136-af068659,"Acquisition - Georgia - Colliers Negotiates Sale of 30,865 SF Retail Center in Statesboro, Georgia",PRJ-20260814-0090,"Acquisition - Georgia - Colliers Negotiates Sale of 30,865 SF Retail Center in Statesboro, Georgia",georgia,Georgia,Unknown,Georgia,Unknown,Unknown,Student Housing,asset_parcel_intelligence.csv,3,80,address/location + market match,DUP-0090,No,"Matched across 3 source file(s): asset_parcel_intelligence.csv, development_lifecycle.csv, lifecycle_transition.csv"
2026-08-14,20260814-232136-af068659,"Acquisition - Georgia - Colliers Negotiates Sale of 30,865 SF Retail Center in Statesboro, Georgia",PRJ-20260814-0090,"Acquisition - Georgia - Colliers Negotiates Sale of 30,865 SF Retail Center in Statesboro, Georgia",georgia,Georgia,Unknown,Georgia,Unknown,Unknown,Student Housing,development_lifecycle.csv,3,80,address/location + market match,DUP-0090,No,"Matched across 3 source file(s): asset_parcel_intelligence.csv, development_lifecycle.csv, lifecycle_transition.csv"
2026-08-14,20260814-232136-af068659,"Acquisition - Georgia - Colliers Negotiates Sale of 30,865 SF Retail Center in Statesboro, Georgia",PRJ-20260814-0090,"Acquisition - Georgia - Colliers Negotiates Sale of 30,865 SF Retail Center in Statesboro, Georgia",georgia,Georgia,Unknown,Georgia,Unknown,Unknown,Student Housing,lifecycle_transition.csv,3,80,address/location + market match,DUP-0090,No,"Matched across 3 source file(s): asset_parcel_intelligence.csv, development_lifecycle.csv, lifecycle_transition.csv"
2026-08-14,20260814-232136-af068659,Acquisition - Phoenix / Arizona - Cushman & Wakefield Arranges $19.9M in Acquisition Financing for Medical Office Buildings...,PRJ-20260814-0181,Acquisition - Phoenix / Arizona - Cushman & Wakefield Arranges $19.9M in Acquisition Financing for Medical Office Buildings...,scottsdale,Scottsdale,Unknown,Scottsdale,Unknown,cushman,General Residential,asset_parcel_intelligence.csv,3,80,address/location + market match,DUP-0181,No,"Matched across 3 source file(s): asset_parcel_intelligence.csv, development_lifecycle.csv, lifecycle_transition.csv"
2026-08-14,20260814-232136-af068659,Acquisition - Phoenix / Arizona - Cushman & Wakefield Arranges $19.9M in Acquisition Financing for Medical Office Buildings...,PRJ-20260814-0181,Acquisition - Phoenix / Arizona - Cushman & Wakefield Arranges $19.9M in Acquisition Financing for Medical Office Buildings...,scottsdale,Scottsdale,Unknown,Scottsdale,Unknown,cushman,General Residential,development_lifecycle.csv,3,80,address/location + market match,DUP-0181,No,"Matched across 3 source file(s): asset_parcel_intelligence.csv, development_lifecycle.csv, lifecycle_transition.csv"
2026-08-14,20260814-232136-af068659,Acquisition - Phoenix / Arizona - Cushman & Wakefield Arranges $19.9M in Acquisition Financing for Medical Office Buildings...,PRJ-20260814-0181,Acquisition - Phoenix / Arizona - Cushman & Wakefield Arranges $19.9M in Acquisition Financing for Medical Office Buildings...,scottsdale,Scottsdale,Unknown,Scottsdale,Unknown,Unknown,General Residential,lifecycle_transition.csv,3,80,address/location + market match,DUP-0181,No,"Matched across 3 source file(s): asset_parcel_intelligence.csv, development_lifecycle.csv, lifecycle_transition.csv"
2026-08-14,20260814-232136-af068659,Development Start - Dallas / Texas - Teeple Adding 312-Unit Student Housing Project to Texas A&M Offering,PRJ-20260814-0083,Development Start - Dallas / Texas - Teeple Adding 312-Unit Student Housing Project to Texas A&M Offering,dallas,Dallas,Unknown,Dallas,Unknown,Unknown,Student Housing,asset_parcel_intelligence.csv,3,80,address/location + market match,DUP-0083,No,"Matched across 3 source file(s): asset_parcel_intelligence.csv, development_lifecycle.csv, lifecycle_transition.csv"
2026-08-14,20260814-232136-af068659,Development Start - Dallas / Texas - Teeple Adding 312-Unit Student Housing Project to Texas A&M Offering,PRJ-20260814-0083,Development Start - Dallas / Texas - Teeple Adding 312-Unit Student Housing Project to Texas A&M Offering,dallas,Dallas,Unknown,Dallas,Unknown,Unknown,Student Housing,development_lifecycle.csv,3,80,address/location + market match,DUP-0083,No,"Matched across 3 source file(s): asset_parcel_intelligence.csv, development_lifecycle.csv, lifecycle_transition.csv"
2026-08-14,20260814-232136-af068659,Development Start - Dallas / Texas - Teeple Adding 312-Unit Student Housing Project to Texas A&M Offering,PRJ-20260814-0083,Development Start - Dallas / Texas - Teeple Adding 312-Unit Student Housing Project to Texas A&M Offering,dallas,Dallas,Unknown,Dallas,Unknown,Unknown,Student Housing,lifecycle_transition.csv,3,80,address/location + market match,DUP-0083,No,"Matched across 3 source file(s): asset_parcel_intelligence.csv, development_lifecycle.csv, lifecycle_transition.csv"
2026-08-14,20260814-232136-af068659,Refinancing - Miami / Florida - Baron Property Group Closes on $226.5M Refi for Hialeah Apartment Community,PRJ-20260814-0183,"Disposition / Exit - Miami / Florida - W. Palm Beach Investor Buys Condo Property, Converting to Apartment Units",south florida,South Florida,Miami / Florida,South Florida,Unknown,Unknown,Mixed-Use Residential,deal_pipeline.csv,3,80,address/location + market match,DUP-0183,No,Matched across 1 source file(s): deal_pipeline.csv
2026-08-14,20260814-232136-af068659,General Project Signal - Miami / Florida - Related Planning Apartments on Site at Fort Lauderdale Office Park,PRJ-20260814-0183,"Disposition / Exit - Miami / Florida - W. Palm Beach Investor Buys Condo Property, Converting to Apartment Units",south florida,South Florida,Miami / Florida,South Florida,Unknown,Unknown,Apartment,deal_pipeline.csv,3,80,address/location + market match,DUP-0183,No,Matched across 1 source file(s): deal_pipeline.csv
2026-08-14,20260814-232136-af068659,"Disposition / Exit - Miami / Florida - W. Palm Beach Investor Buys Condo Property, Converting to Apartment Units",PRJ-20260814-0183,"Disposition / Exit - Miami / Florida - W. Palm Beach Investor Buys Condo Property, Converting to Apartment Units",south florida,South Florida,Miami / Florida,South Florida,Unknown,Unknown,Apartment,deal_pipeline.csv,3,80,address/location + market match,DUP-0183,No,Matched across 1 source file(s): deal_pipeline.csv
2026-08-14,20260814-232136-af068659,"Entitlement / Permitting - San Francisco / California - Permits Filed For 2740 McAllister Street, San Francisco",PRJ-20260814-0175,"Entitlement / Permitting - San Francisco / California - Permits Filed For 2740 McAllister Street, San Francisco",san francisco,San Francisco,San Francisco / California,San Francisco,Unknown,Unknown,Apartment,deal_pipeline.csv,3,80,address/location + market match,DUP-0175,No,"Matched across 2 source file(s): deal_pipeline.csv, entitlement_intelligence.csv"
2026-08-14,20260814-232136-af068659,Disposition / Exit - San Francisco / California - Top markets for apartment sales in H1 2026,PRJ-20260814-0175,"Entitlement / Permitting - San Francisco / California - Permits Filed For 2740 McAllister Street, San Francisco",san francisco,San Francisco,San Francisco / California,San Francisco,Unknown,Unknown,Apartment,deal_pipeline.csv,3,80,address/location + market match,DUP-0175,No,"Matched across 2 source file(s): deal_pipeline.csv, entitlement_intelligence.csv"
2026-08-14,20260814-232136-af068659,"Entitlement / Permitting - San Francisco / California - Permits Filed For 2740 McAllister Street, San Francisco",PRJ-20260814-0175,"Entitlement / Permitting - San Francisco / California - Permits Filed For 2740 McAllister Street, San Francisco",san francisco,San Francisco,San Francisco / California,San Francisco,Unknown,Unknown,Apartment,entitlement_intelligence.csv,3,80,address/location + market match,DUP-0175,No,"Matched across 2 source file(s): deal_pipeline.csv, entitlement_intelligence.csv"
2026-08-14,20260814-232136-af068659,General Project Signal - Dallas / Texas - Trademark Completes 321-Unit Vickery Apartments in Downtown Fort Worth,PRJ-20260814-0087,General Project Signal - Dallas / Texas - Trademark Completes 321-Unit Vickery Apartments in Downtown Fort Worth,fort worth,Fort Worth,Unknown,Fort Worth,Unknown,Unknown,Apartment,asset_parcel_intelligence.csv,3,80,address/location + market match,DUP-0087,No,"Matched across 3 source file(s): asset_parcel_intelligence.csv, development_lifecycle.csv, lifecycle_transition.csv"
2026-08-14,20260814-232136-af068659,General Project Signal - Dallas / Texas - Trademark Completes 321-Unit Vickery Apartments in Downtown Fort Worth,PRJ-20260814-0087,General Project Signal - Dallas / Texas - Trademark Completes 321-Unit Vickery Apartments in Downtown Fort Worth,fort worth,Fort Worth,Unknown,Fort Worth,Unknown,Unknown,Apartment,development_lifecycle.csv,3,80,address/location + market match,DUP-0087,No,"Matched across 3 source file(s): asset_parcel_intelligence.csv, development_lifecycle.csv, lifecycle_transition.csv"
2026-08-14,20260814-232136-af068659,General Project Signal - Dallas / Texas - Trademark Completes 321-Unit Vickery Apartments in Downtown Fort Worth,PRJ-20260814-0087,General Project Signal - Dallas / Texas - Trademark Completes 321-Unit Vickery Apartments in Downtown Fort Worth,fort worth,Fort Worth,Unknown,Fort Worth,Unknown,Unknown,Apartment,lifecycle_transition.csv,3,80,address/location + market match,DUP-0087,No,"Matched across 3 source file(s): asset_parcel_intelligence.csv, development_lifecycle.csv, lifecycle_transition.csv"
2026-08-14,20260814-232136-af068659,General Project Signal - National - Mixed-use senior housing project slated for 540 S. Lake Ave. in Pasadena,PRJ-20260814-0132,General Project Signal - National - Mixed-use senior housing project slated for 540 S. Lake Ave. in Pasadena,national,National,National,Unknown,Unknown,Unknown,Senior Housing,deal_fingerprints.csv,3,80,address/location + market match,DUP-0132,No,"Matched across 3 source file(s): deal_fingerprints.csv, deal_pipeline.csv, opportunity_radar.csv"
2026-08-14,20260814-232136-af068659,General Project Signal - National - Mixed-use senior housing project slated for 540 S. Lake Ave. in Pasadena,PRJ-20260814-0132,General Project Signal - National - Mixed-use senior housing project slated for 540 S. Lake Ave. in Pasadena,national,National,National,Unknown,Unknown,Unknown,Senior Housing,deal_pipeline.csv,3,80,address/location + market match,DUP-0132,No,"Matched across 3 source file(s): deal_fingerprints.csv, deal_pipeline.csv, opportunity_radar.csv"
2026-08-14,20260814-232136-af068659,General Project Signal - National - Mixed-use senior housing project slated for 540 S. Lake Ave. in Pasadena,PRJ-20260814-0132,General Project Signal - National - Mixed-use senior housing project slated for 540 S. Lake Ave. in Pasadena,national,National,National,Unknown,Unknown,Unknown,Senior Housing,opportunity_radar.csv,3,80,address/location + market match,DUP-0132,No,"Matched across 3 source file(s): deal_fingerprints.csv, deal_pipeline.csv, opportunity_radar.csv"
2026-08-14,20260814-232136-af068659,"JV / Partnership - New York City / New York - Partnership Nears Completion of $158M Workforce Housing Project in Mount Vernon, New York",PRJ-20260814-0138,"JV / Partnership - New York City / New York - Partnership Nears Completion of $158M Workforce Housing Project in Mount Vernon, New York",new york city,New York City,Unknown,New York City,Unknown,Unknown,Affordable Housing,asset_parcel_intelligence.csv,3,80,address/location + market match,DUP-0138,No,"Matched across 3 source file(s): asset_parcel_intelligence.csv, development_lifecycle.csv, lifecycle_transition.csv"
2026-08-14,20260814-232136-af068659,"JV / Partnership - New York City / New York - Partnership Nears Completion of $158M Workforce Housing Project in Mount Vernon, New York",PRJ-20260814-0138,"JV / Partnership - New York City / New York - Partnership Nears Completion of $158M Workforce Housing Project in Mount Vernon, New York",new york city,New York City,Unknown,New York City,Unknown,Unknown,Affordable Housing,development_lifecycle.csv,3,80,address/location + market match,DUP-0138,No,"Matched across 3 source file(s): asset_parcel_intelligence.csv, development_lifecycle.csv, lifecycle_transition.csv"
2026-08-14,20260814-232136-af068659,"JV / Partnership - New York City / New York - Partnership Nears Completion of $158M Workforce Housing Project in Mount Vernon, New York",PRJ-20260814-0138,"JV / Partnership - New York City / New York - Partnership Nears Completion of $158M Workforce Housing Project in Mount Vernon, New York",new york city,New York City,Unknown,New York City,Unknown,Unknown,Affordable Housing,lifecycle_transition.csv,3,80,address/location + market match,DUP-0138,No,"Matched across 3 source file(s): asset_parcel_intelligence.csv, development_lifecycle.csv, lifecycle_transition.csv"
2026-08-14,20260814-232136-af068659,Refinancing - Houston / Texas - Northmarq Arranges Refinance for 342-Unit Mid-Rise Multifamily Community in Houston,PRJ-20260814-0092,Refinancing - Houston / Texas - Northmarq Arranges Refinance for 342-Unit Mid-Rise Multifamily Community in Houston,houston texas,Houston / Texas,Houston / Texas,Unknown,Unknown,Unknown,Multifamily,deal_fingerprints.csv,3,80,address/location + market match,DUP-0092,No,"Matched across 3 source file(s): deal_fingerprints.csv, distress_watchlist.csv, opportunity_radar.csv"
2026-08-14,20260814-232136-af068659,Refinancing - Houston / Texas - Northmarq Arranges Refinance for 342-Unit Mid-Rise Multifamily Community in Houston,PRJ-20260814-0092,Refinancing - Houston / Texas - Northmarq Arranges Refinance for 342-Unit Mid-Rise Multifamily Community in Houston,houston texas,Houston / Texas,Houston / Texas,Unknown,Unknown,Unknown,Multifamily,opportunity_radar.csv,3,80,address/location + market match,DUP-0092,No,"Matched across 3 source file(s): deal_fingerprints.csv, distress_watchlist.csv, opportunity_radar.csv"
2026-08-14,20260814-232136-af068659,Refinancing - Houston / Texas - Northmarq Arranges Refinance for 342-Unit Mid-Rise Multifamily Community in Houston,PRJ-20260814-0092,Refinancing - Houston / Texas - Northmarq Arranges Refinance for 342-Unit Mid-Rise Multifamily Community in Houston,houston texas,Houston / Texas,Houston / Texas,Unknown,Unknown,northmarq,Multifamily,distress_watchlist.csv,3,80,address/location + market match,DUP-0092,No,"Matched across 3 source file(s): deal_fingerprints.csv, distress_watchlist.csv, opportunity_radar.csv"
2026-08-14,20260814-232136-af068659,Refinancing - Houston / Texas - Northmarq Arranges Refinance for 342-Unit Mid-Rise Multifamily Community in Houston,PRJ-20260814-0095,Refinancing - Houston / Texas - Northmarq Arranges Refinance for 342-Unit Mid-Rise Multifamily Community in Houston,houston,Houston,Unknown,Houston,Unknown,northmarq,Multifamily,asset_parcel_intelligence.csv,3,80,address/location + market match,DUP-0095,No,"Matched across 3 source file(s): asset_parcel_intelligence.csv, development_lifecycle.csv, lifecycle_transition.csv"
2026-08-14,20260814-232136-af068659,Refinancing - Houston / Texas - Northmarq Arranges Refinance for 342-Unit Mid-Rise Multifamily Community in Houston,PRJ-20260814-0095,Refinancing - Houston / Texas - Northmarq Arranges Refinance for 342-Unit Mid-Rise Multifamily Community in Houston,houston,Houston,Unknown,Houston,Unknown,northmarq,Multifamily,development_lifecycle.csv,3,80,address/location + market match,DUP-0095,No,"Matched across 3 source file(s): asset_parcel_intelligence.csv, development_lifecycle.csv, lifecycle_transition.csv"
2026-08-14,20260814-232136-af068659,Refinancing - Houston / Texas - Northmarq Arranges Refinance for 342-Unit Mid-Rise Multifamily Community in Houston,PRJ-20260814-0095,Refinancing - Houston / Texas - Northmarq Arranges Refinance for 342-Unit Mid-Rise Multifamily Community in Houston,houston,Houston,Unknown,Houston,Unknown,Unknown,Multifamily,lifecycle_transition.csv,3,80,address/location + market match,DUP-0095,No,"Matched across 3 source file(s): asset_parcel_intelligence.csv, development_lifecycle.csv, lifecycle_transition.csv"
2026-08-14,20260814-232136-af068659,23 homes coming to Uptown Newport Village,PRJ-20260814-0066,23 homes coming to Uptown Newport Village,california,California,California,Unknown,Disposition / Exit - California - 23 homes coming to Uptown Newport Village,California,General Residential,relationship_graph.csv,2,100,exact address + developer match,DUP-0066,No,Matched across 1 source file(s): relationship_graph.csv
2026-08-14,20260814-232136-af068659,23 homes coming to Uptown Newport Village,PRJ-20260814-0066,23 homes coming to Uptown Newport Village,california,California,California,Unknown,Disposition / Exit - California - 23 homes coming to Uptown Newport Village,Orange County,General Residential,relationship_graph.csv,2,100,exact address + developer match,DUP-0066,No,Matched across 1 source file(s): relationship_graph.csv
2026-08-14,20260814-232136-af068659,405 apartments take shape at 6728 Sepulveda Blvd. in Van Nuys,PRJ-20260814-0100,405 apartments take shape at 6728 Sepulveda Blvd. in Van Nuys,los angeles california,Los Angeles / California,Los Angeles / California,Unknown,Entitlement / Permitting - Los Angeles / California - 405 apartments take shape at 6728 Sepulveda Blvd. in Van Nuys,Los Angeles,General Residential,relationship_graph.csv,2,100,exact address + developer match,DUP-0100,No,Matched across 1 source file(s): relationship_graph.csv
2026-08-14,20260814-232136-af068659,405 apartments take shape at 6728 Sepulveda Blvd. in Van Nuys,PRJ-20260814-0100,405 apartments take shape at 6728 Sepulveda Blvd. in Van Nuys,los angeles california,Los Angeles / California,Los Angeles / California,Unknown,Entitlement / Permitting - Los Angeles / California - 405 apartments take shape at 6728 Sepulveda Blvd. in Van Nuys,Los Angeles / California,General Residential,relationship_graph.csv,2,100,exact address + developer match,DUP-0100,No,Matched across 1 source file(s): relationship_graph.csv
2026-08-14,20260814-232136-af068659,"Acquisition - Other / Unknown - AvalonBay, Equity Residential merger approved by shareholders",PRJ-20260814-0187,"Acquisition - Other / Unknown - AvalonBay, Equity Residential merger approved by shareholders",unknown,Unknown,Unknown,Unknown,AvalonBay,Unknown,Multifamily,development_lifecycle.csv,2,100,exact address + developer match,DUP-0187,No,"Matched across 2 source file(s): development_lifecycle.csv, lifecycle_transition.csv"
2026-08-14,20260814-232136-af068659,"Acquisition - Other / Unknown - AvalonBay, Equity Residential merger approved by shareholders",PRJ-20260814-0187,"Acquisition - Other / Unknown - AvalonBay, Equity Residential merger approved by shareholders",unknown,Unknown,Unknown,Unknown,AvalonBay,Unknown,Multifamily,lifecycle_transition.csv,2,100,exact address + developer match,DUP-0187,No,"Matched across 2 source file(s): development_lifecycle.csv, lifecycle_transition.csv"
2026-08-14,20260814-232136-af068659,Affordable housing coming to 4345 S. Crenshaw Blvd. in Leimert Park,PRJ-20260814-0103,Affordable housing coming to 4345 S. Crenshaw Blvd. in Leimert Park,los angeles california,Los Angeles / California,Los Angeles / California,Unknown,General Project Signal - Los Angeles / California - Affordable housing coming to 4345 S. Crenshaw Blvd. in Leimert Park,Los Angeles,General Residential,relationship_graph.csv,2,100,exact address + developer match,DUP-0103,No,Matched across 1 source file(s): relationship_graph.csv
2026-08-14,20260814-232136-af068659,Affordable housing coming to 4345 S. Crenshaw Blvd. in Leimert Park,PRJ-20260814-0103,Affordable housing coming to 4345 S. Crenshaw Blvd. in Leimert Park,los angeles california,Los Angeles / California,Los Angeles / California,Unknown,General Project Signal - Los Angeles / California - Affordable housing coming to 4345 S. Crenshaw Blvd. in Leimert Park,Los Angeles / California,General Residential,relationship_graph.csv,2,100,exact address + developer match,DUP-0103,No,Matched across 1 source file(s): relationship_graph.csv
2026-08-14,20260814-232136-af068659,Affordable housing proposed at 1058 N. Kingsley Dr. in East Hollywood,PRJ-20260814-0101,Affordable housing proposed at 1058 N. Kingsley Dr. in East Hollywood,los angeles california,Los Angeles / California,Los Angeles / California,Unknown,Entitlement / Permitting - Los Angeles / California - Affordable housing proposed at 1058 N. Kingsley Dr. in East Hollywood,Los Angeles,General Residential,relationship_graph.csv,2,100,exact address + developer match,DUP-0101,No,Matched across 1 source file(s): relationship_graph.csv
2026-08-14,20260814-232136-af068659,Affordable housing proposed at 1058 N. Kingsley Dr. in East Hollywood,PRJ-20260814-0101,Affordable housing proposed at 1058 N. Kingsley Dr. in East Hollywood,los angeles california,Los Angeles / California,Los Angeles / California,Unknown,Entitlement / Permitting - Los Angeles / California - Affordable housing proposed at 1058 N. Kingsley Dr. in East Hollywood,Los Angeles / California,General Residential,relationship_graph.csv,2,100,exact address + developer match,DUP-0101,No,Matched across 1 source file(s): relationship_graph.csv
2026-08-14,20260814-232136-af068659,Atlanta Beltline Advancing 218-Unit Affordable Apartment Project,PRJ-20260814-0055,Atlanta Beltline Advancing 218-Unit Affordable Apartment Project,atlanta georgia,Atlanta / Georgia,Atlanta / Georgia,Unknown,General Project Signal - Atlanta / Georgia - Atlanta Beltline Advancing 218-Unit Affordable Apartment Project,Atlanta,General Residential,relationship_graph.csv,2,100,exact address + developer match,DUP-0055,No,Matched across 1 source file(s): relationship_graph.csv
2026-08-14,20260814-232136-af068659,Atlanta Beltline Advancing 218-Unit Affordable Apartment Project,PRJ-20260814-0055,Atlanta Beltline Advancing 218-Unit Affordable Apartment Project,atlanta georgia,Atlanta / Georgia,Atlanta / Georgia,Unknown,General Project Signal - Atlanta / Georgia - Atlanta Beltline Advancing 218-Unit Affordable Apartment Project,Atlanta / Georgia,General Residential,relationship_graph.csv,2,100,exact address + developer match,DUP-0055,No,Matched across 1 source file(s): relationship_graph.csv
2026-08-14,20260814-232136-af068659,BXP Signs on as Development Advisor for Unfinished Oceanwide Tower Mixed-Use Project in San Francisco,PRJ-20260814-0098,BXP Signs on as Development Advisor for Unfinished Oceanwide Tower Mixed-Use Project in San Francisco,los angeles california,Los Angeles / California,Los Angeles / California,Unknown,Acquisition - Los Angeles / California - BXP Signs on as Development Advisor for Unfinished Oceanwide Tower Mixed-Use Project in Sa...,Los Angeles,General Residential,relationship_graph.csv,2,100,exact address + developer match,DUP-0098,No,Matched across 1 source file(s): relationship_graph.csv
2026-08-14,20260814-232136-af068659,BXP Signs on as Development Advisor for Unfinished Oceanwide Tower Mixed-Use Project in San Francisco,PRJ-20260814-0098,BXP Signs on as Development Advisor for Unfinished Oceanwide Tower Mixed-Use Project in San Francisco,los angeles california,Los Angeles / California,Los Angeles / California,Unknown,Acquisition - Los Angeles / California - BXP Signs on as Development Advisor for Unfinished Oceanwide Tower Mixed-Use Project in Sa...,Los Angeles / California,General Residential,relationship_graph.csv,2,100,exact address + developer match,DUP-0098,No,Matched across 1 source file(s): relationship_graph.csv
2026-08-14,20260814-232136-af068659,Baron Property Group Closes on $226.5M Refi for Hialeah Apartment Community,PRJ-20260814-0125,Baron Property Group Closes on $226.5M Refi for Hialeah Apartment Community,miami florida,Miami / Florida,Miami / Florida,Unknown,Refinancing - Miami / Florida - Baron Property Group Closes on $226.5M Refi for Hialeah Apartment Community,Miami / Florida,General Residential,relationship_graph.csv,2,100,exact address + developer match,DUP-0125,No,Matched across 1 source file(s): relationship_graph.csv
2026-08-14,20260814-232136-af068659,Baron Property Group Closes on $226.5M Refi for Hialeah Apartment Community,PRJ-20260814-0125,Baron Property Group Closes on $226.5M Refi for Hialeah Apartment Community,miami florida,Miami / Florida,Miami / Florida,Unknown,Refinancing - Miami / Florida - Baron Property Group Closes on $226.5M Refi for Hialeah Apartment Community,South Florida,General Residential,relationship_graph.csv,2,100,exact address + developer match,DUP-0125,No,Matched across 1 source file(s): relationship_graph.csv
2026-08-14,20260814-232136-af068659,Baron Property Group Closes on $226.5M Refinance for Hialeah Apartment Community in Miami,PRJ-20260814-0120,Baron Property Group Closes on $226.5M Refinance for Hialeah Apartment Community in Miami,miami florida,Miami / Florida,Miami / Florida,Unknown,Construction Financing - Miami / Florida - Baron Property Group Closes on $226.5M Refinance for Hialeah Apartment Community in Miami,Miami,General Residential,relationship_graph.csv,2,100,exact address + developer match,DUP-0120,No,Matched across 1 source file(s): relationship_graph.csv
2026-08-14,20260814-232136-af068659,Baron Property Group Closes on $226.5M Refinance for Hialeah Apartment Community in Miami,PRJ-20260814-0120,Baron Property Group Closes on $226.5M Refinance for Hialeah Apartment Community in Miami,miami florida,Miami / Florida,Miami / Florida,Unknown,Construction Financing - Miami / Florida - Baron Property Group Closes on $226.5M Refinance for Hialeah Apartment Community in Miami,Miami / Florida,General Residential,relationship_graph.csv,2,100,exact address + developer match,DUP-0120,No,Matched across 1 source file(s): relationship_graph.csv
2026-08-14,20260814-232136-af068659,CBRE Completes Receivership Sale of Santa Monica Multifamily Apartment Building,PRJ-20260814-0050,CBRE Completes Receivership Sale of Santa Monica Multifamily Apartment Building,901 ocean ave,901 Ocean Ave,Santa Monica / California,Santa Monica,CBRE,Unknown,Apartment,asset_parcel_intelligence.csv,2,100,exact address + developer match,DUP-0050,No,"Matched across 2 source file(s): asset_parcel_intelligence.csv, la_asset_watch.csv"
2026-08-14,20260814-232136-af068659,CBRE Completes Receivership Sale of Santa Monica Multifamily Apartment Building,PRJ-20260814-0050,CBRE Completes Receivership Sale of Santa Monica Multifamily Apartment Building,901 ocean ave,901 Ocean Ave,Other / Unknown,Los Angeles,CBRE,Unknown,Apartment,la_asset_watch.csv,2,100,exact address + developer match,DUP-0050,No,"Matched across 2 source file(s): asset_parcel_intelligence.csv, la_asset_watch.csv"
2026-08-14,20260814-232136-af068659,Co-Living Complex Near UCLA Will Become Multifamily Student Housing Building,PRJ-20260814-0099,Co-Living Complex Near UCLA Will Become Multifamily Student Housing Building,los angeles california,Los Angeles / California,Los Angeles / California,Unknown,Disposition / Exit - Los Angeles / California - Co-Living Complex Near UCLA Will Become Multifamily Student Housing Building,Los Angeles,General Residential,relationship_graph.csv,2,100,exact address + developer match,DUP-0099,No,Matched across 1 source file(s): relationship_graph.csv
2026-08-14,20260814-232136-af068659,Co-Living Complex Near UCLA Will Become Multifamily Student Housing Building,PRJ-20260814-0099,Co-Living Complex Near UCLA Will Become Multifamily Student Housing Building,los angeles california,Los Angeles / California,Los Angeles / California,Unknown,Disposition / Exit - Los Angeles / California - Co-Living Complex Near UCLA Will Become Multifamily Student Housing Building,Los Angeles / California,General Residential,relationship_graph.csv,2,100,exact address + developer match,DUP-0099,No,Matched across 1 source file(s): relationship_graph.csv
2026-08-14,20260814-232136-af068659,ColRich Pays $52.4M for Mesa Rental Community,PRJ-20260814-0158,ColRich Pays $52.4M for Mesa Rental Community,phoenix arizona,Phoenix / Arizona,Phoenix / Arizona,Unknown,Acquisition - Phoenix / Arizona - ColRich Pays $52.4M for Mesa Rental Community,Phoenix,General Residential,relationship_graph.csv,2,100,exact address + developer match,DUP-0158,No,Matched across 1 source file(s): relationship_graph.csv
2026-08-14,20260814-232136-af068659,ColRich Pays $52.4M for Mesa Rental Community,PRJ-20260814-0158,ColRich Pays $52.4M for Mesa Rental Community,phoenix arizona,Phoenix / Arizona,Phoenix / Arizona,Unknown,Acquisition - Phoenix / Arizona - ColRich Pays $52.4M for Mesa Rental Community,Phoenix / Arizona,General Residential,relationship_graph.csv,2,100,exact address + developer match,DUP-0158,No,Matched across 1 source file(s): relationship_graph.csv
2026-08-14,20260814-232136-af068659,Developer Duo Obtains Construction Financing for $147M Atlanta Student Housing Project,PRJ-20260814-0054,Developer Duo Obtains Construction Financing for $147M Atlanta Student Housing Project,atlanta georgia,Atlanta / Georgia,Atlanta / Georgia,Unknown,Construction Financing - Atlanta / Georgia - Developer Duo Obtains Construction Financing for $147M Atlanta Student Housing Project,Atlanta,General Residential,relationship_graph.csv,2,100,exact address + developer match,DUP-0054,No,Matched across 1 source file(s): relationship_graph.csv
2026-08-14,20260814-232136-af068659,Developer Duo Obtains Construction Financing for $147M Atlanta Student Housing Project,PRJ-20260814-0054,Developer Duo Obtains Construction Financing for $147M Atlanta Student Housing Project,atlanta georgia,Atlanta / Georgia,Atlanta / Georgia,Unknown,Construction Financing - Atlanta / Georgia - Developer Duo Obtains Construction Financing for $147M Atlanta Student Housing Project,Atlanta / Georgia,General Residential,relationship_graph.csv,2,100,exact address + developer match,DUP-0054,No,Matched across 1 source file(s): relationship_graph.csv
2026-08-14,20260814-232136-af068659,"Disposition / Exit - Other / Unknown - CBRE Negotiates $3.9M Sale of Riverwood Apartments in Mauston, Wisconsin",PRJ-20260814-0188,"Disposition / Exit - Other / Unknown - CBRE Negotiates $3.9M Sale of Riverwood Apartments in Mauston, Wisconsin",unknown,Unknown,Unknown,Unknown,CBRE,CBRE,Apartment,development_lifecycle.csv,2,100,exact address + developer match,DUP-0188,No,"Matched across 2 source file(s): development_lifecycle.csv, lifecycle_transition.csv"
2026-08-14,20260814-232136-af068659,"Disposition / Exit - Other / Unknown - CBRE Negotiates $3.9M Sale of Riverwood Apartments in Mauston, Wisconsin",PRJ-20260814-0188,"Disposition / Exit - Other / Unknown - CBRE Negotiates $3.9M Sale of Riverwood Apartments in Mauston, Wisconsin",unknown,Unknown,Unknown,Unknown,CBRE,Unknown,Apartment,lifecycle_transition.csv,2,100,exact address + developer match,DUP-0188,No,"Matched across 2 source file(s): development_lifecycle.csv, lifecycle_transition.csv"
2026-08-14,20260814-232136-af068659,Disposition / Exit - Other / Unknown - Harrison Street Asset Management Sells Independent Living Multifamily Property Clearwater...,PRJ-20260814-0189,Disposition / Exit - Other / Unknown - Harrison Street Asset Management Sells Independent Living Multifamily Property Clearwater...,unknown,Unknown,Unknown,Unknown,JLL,JLL,Senior Housing,development_lifecycle.csv,2,100,exact address + developer match,DUP-0189,No,"Matched across 2 source file(s): development_lifecycle.csv, lifecycle_transition.csv"
2026-08-14,20260814-232136-af068659,Disposition / Exit - Other / Unknown - Harrison Street Asset Management Sells Independent Living Multifamily Property Clearwater...,PRJ-20260814-0189,Disposition / Exit - Other / Unknown - Harrison Street Asset Management Sells Independent Living Multifamily Property Clearwater...,unknown,Unknown,Unknown,Unknown,JLL,Unknown,Senior Housing,lifecycle_transition.csv,2,100,exact address + developer match,DUP-0189,No,"Matched across 2 source file(s): development_lifecycle.csv, lifecycle_transition.csv"
2026-08-14,20260814-232136-af068659,Entitlement / Permitting - San Francisco / California - New Developer to Push Forward on Housing at 400 Divisadero Street in San Francisco,PRJ-20260814-0030,Entitlement / Permitting - San Francisco / California - New Developer to Push Forward on Housing at 400 Divisadero Street in San Francisco,400 divisadero st,400 Divisadero Street,Unknown,San Francisco,Greystar,Unknown,General Residential,asset_parcel_intelligence.csv,2,100,exact address + developer match,DUP-0030,No,"Matched across 2 source file(s): asset_parcel_intelligence.csv, la_asset_watch.csv"
2026-08-14,20260814-232136-af068659,New Developer to Push Forward on Housing at 400 Divisadero Street in San Francisco,PRJ-20260814-0030,Entitlement / Permitting - San Francisco / California - New Developer to Push Forward on Housing at 400 Divisadero Street in San Francisco,400 divisadero st,400 Divisadero Street,Other / Unknown,Los Angeles,Greystar,Unknown,General Residential,la_asset_watch.csv,2,100,exact address + developer match,DUP-0030,No,"Matched across 2 source file(s): asset_parcel_intelligence.csv, la_asset_watch.csv"
2026-08-14,20260814-232136-af068659,Fresh renderings for Watts Towers Art Center revamp,PRJ-20260814-0104,Fresh renderings for Watts Towers Art Center revamp,los angeles california,Los Angeles / California,Los Angeles / California,Unknown,Office-to-Residential Conversion - Los Angeles / California - Fresh renderings for Watts Towers Art Center revamp,Los Angeles,General Residential,relationship_graph.csv,2,100,exact address + developer match,DUP-0104,No,Matched across 1 source file(s): relationship_graph.csv
2026-08-14,20260814-232136-af068659,Fresh renderings for Watts Towers Art Center revamp,PRJ-20260814-0104,Fresh renderings for Watts Towers Art Center revamp,los angeles california,Los Angeles / California,Los Angeles / California,Unknown,Office-to-Residential Conversion - Los Angeles / California - Fresh renderings for Watts Towers Art Center revamp,Los Angeles / California,General Residential,relationship_graph.csv,2,100,exact address + developer match,DUP-0104,No,Matched across 1 source file(s): relationship_graph.csv
2026-08-14,20260814-232136-af068659,JLB Pursuing Buckhead Office-to-Apartments Conversion in Atlanta,PRJ-20260814-0057,JLB Pursuing Buckhead Office-to-Apartments Conversion in Atlanta,atlanta georgia,Atlanta / Georgia,Atlanta / Georgia,Unknown,Office-to-Residential Conversion - Atlanta / Georgia - JLB Pursuing Buckhead Office-to-Apartments Conversion in Atlanta,Atlanta,General Residential,relationship_graph.csv,2,100,exact address + developer match,DUP-0057,No,Matched across 1 source file(s): relationship_graph.csv
2026-08-14,20260814-232136-af068659,JLB Pursuing Buckhead Office-to-Apartments Conversion in Atlanta,PRJ-20260814-0057,JLB Pursuing Buckhead Office-to-Apartments Conversion in Atlanta,atlanta georgia,Atlanta / Georgia,Atlanta / Georgia,Unknown,Office-to-Residential Conversion - Atlanta / Georgia - JLB Pursuing Buckhead Office-to-Apartments Conversion in Atlanta,Atlanta / Georgia,General Residential,relationship_graph.csv,2,100,exact address + developer match,DUP-0057,No,Matched across 1 source file(s): relationship_graph.csv
2026-08-14,20260814-232136-af068659,"JV / Partnership - National - Brookfield, SWI Form $694M Multifamily Venture, Plan $500M In Sales",PRJ-20260814-0110,"JV / Partnership - National - Brookfield, SWI Form $694M Multifamily Venture, Plan $500M In Sales",los angeles,Los Angeles,Other / Unknown,Los Angeles,Brookfield,Unknown,Apartment,la_lifecycle_transition_watch.csv,2,100,exact address + developer match,DUP-0110,No,Matched across 1 source file(s): la_lifecycle_transition_watch.csv
2026-08-14,20260814-232136-af068659,"JV / Partnership - National - Varia US, Brookfield Launch $694M Multifamily Joint Venture",PRJ-20260814-0110,"JV / Partnership - National - Brookfield, SWI Form $694M Multifamily Venture, Plan $500M In Sales",los angeles,Los Angeles,Other / Unknown,Los Angeles,Brookfield,Unknown,Apartment,la_lifecycle_transition_watch.csv,2,100,exact address + developer match,DUP-0110,No,Matched across 1 source file(s): la_lifecycle_transition_watch.csv
2026-08-14,20260814-232136-af068659,L.A. City Planning Commission approves 379 apartments at 3200 S. La Cienega Blvd.,PRJ-20260814-0102,L.A. City Planning Commission approves 379 apartments at 3200 S. La Cienega Blvd.,los angeles california,Los Angeles / California,Los Angeles / California,Unknown,Entitlement / Permitting - Los Angeles / California - L.A. City Planning Commission approves 379 apartments at 3200 S. La Cienega Blvd.,Los Angeles,General Residential,relationship_graph.csv,2,100,exact address + developer match,DUP-0102,No,Matched across 1 source file(s): relationship_graph.csv
2026-08-14,20260814-232136-af068659,L.A. City Planning Commission approves 379 apartments at 3200 S. La Cienega Blvd.,PRJ-20260814-0102,L.A. City Planning Commission approves 379 apartments at 3200 S. La Cienega Blvd.,los angeles california,Los Angeles / California,Los Angeles / California,Unknown,Entitlement / Permitting - Los Angeles / California - L.A. City Planning Commission approves 379 apartments at 3200 S. La Cienega Blvd.,Los Angeles / California,General Residential,relationship_graph.csv,2,100,exact address + developer match,DUP-0102,No,Matched across 1 source file(s): relationship_graph.csv
2026-08-14,20260814-232136-af068659,"Meeting Tonight for 3101 Sacramento Street, South Berkeley",PRJ-20260814-0073,"Meeting Tonight for 3101 Sacramento Street, South Berkeley",california,California,California,Unknown,"Office-to-Residential Conversion - California - Meeting Tonight for 3101 Sacramento Street, South Berkeley",California,General Residential,relationship_graph.csv,2,100,exact address + developer match,DUP-0073,No,Matched across 1 source file(s): relationship_graph.csv
2026-08-14,20260814-232136-af068659,"Meeting Tonight for 3101 Sacramento Street, South Berkeley",PRJ-20260814-0073,"Meeting Tonight for 3101 Sacramento Street, South Berkeley",california,California,California,Unknown,"Office-to-Residential Conversion - California - Meeting Tonight for 3101 Sacramento Street, South Berkeley",Sacramento,General Residential,relationship_graph.csv,2,100,exact address + developer match,DUP-0073,No,Matched across 1 source file(s): relationship_graph.csv
2026-08-14,20260814-232136-af068659,Mesirow Pays $132M for Midtown Atlanta Apartment Community,PRJ-20260814-0056,Mesirow Pays $132M for Midtown Atlanta Apartment Community,atlanta georgia,Atlanta / Georgia,Atlanta / Georgia,Unknown,JV / Partnership - Atlanta / Georgia - Mesirow Pays $132M for Midtown Atlanta Apartment Community,Atlanta,General Residential,relationship_graph.csv,2,100,exact address + developer match,DUP-0056,No,Matched across 1 source file(s): relationship_graph.csv
2026-08-14,20260814-232136-af068659,Mesirow Pays $132M for Midtown Atlanta Apartment Community,PRJ-20260814-0056,Mesirow Pays $132M for Midtown Atlanta Apartment Community,atlanta georgia,Atlanta / Georgia,Atlanta / Georgia,Unknown,JV / Partnership - Atlanta / Georgia - Mesirow Pays $132M for Midtown Atlanta Apartment Community,Atlanta / Georgia,General Residential,relationship_graph.csv,2,100,exact address + developer match,DUP-0056,No,Matched across 1 source file(s): relationship_graph.csv
2026-08-14,20260814-232136-af068659,Northmarq Arranges Refinance for 342-Unit Mid-Rise Multifamily Community in Houston,PRJ-20260814-0014,Northmarq Arranges Refinance for 342-Unit Mid-Rise Multifamily Community in Houston,2315 navigation blvd,2315 Navigation Blvd,Houston / Texas,Houston,Triten Real Estate Partners,Unknown,Multifamily,asset_parcel_intelligence.csv,2,100,exact address + developer match,DUP-0014,No,"Matched across 2 source file(s): asset_parcel_intelligence.csv, la_asset_watch.csv"
2026-08-14,20260814-232136-af068659,Northmarq Arranges Refinance for 342-Unit Mid-Rise Multifamily Community in Houston,PRJ-20260814-0014,Northmarq Arranges Refinance for 342-Unit Mid-Rise Multifamily Community in Houston,2315 navigation blvd,2315 Navigation Blvd,Other / Unknown,Los Angeles,Triten Real Estate Partners,Unknown,Multifamily,la_asset_watch.csv,2,100,exact address + developer match,DUP-0014,No,"Matched across 2 source file(s): asset_parcel_intelligence.csv, la_asset_watch.csv"
2026-08-14,20260814-232136-af068659,Northmarq Arranges Refinance for 342-Unit Mid-Rise Multifamily Community in Houston,PRJ-20260814-0093,Northmarq Arranges Refinance for 342-Unit Mid-Rise Multifamily Community in Houston,houston,Houston,Houston / Texas,Houston,Triten Real Estate Partners,Unknown,Multifamily,development_lifecycle.csv,2,100,exact address + developer match,DUP-0093,No,"Matched across 2 source file(s): development_lifecycle.csv, lifecycle_transition.csv"
2026-08-14,20260814-232136-af068659,Northmarq Arranges Refinance for 342-Unit Mid-Rise Multifamily Community in Houston,PRJ-20260814-0093,Northmarq Arranges Refinance for 342-Unit Mid-Rise Multifamily Community in Houston,houston,Houston,Houston / Texas,Houston,Triten Real Estate Partners,Unknown,Multifamily,lifecycle_transition.csv,2,100,exact address + developer match,DUP-0093,No,"Matched across 2 source file(s): development_lifecycle.csv, lifecycle_transition.csv"
2026-08-14,20260814-232136-af068659,ParkProperty Acquires 280-Unit Buckhead Apartment Community,PRJ-20260814-0051,ParkProperty Acquires 280-Unit Buckhead Apartment Community,atlanta georgia,Atlanta / Georgia,Atlanta / Georgia,Unknown,Acquisition - Atlanta / Georgia - ParkProperty Acquires 280-Unit Buckhead Apartment Community,Atlanta,General Residential,relationship_graph.csv,2,100,exact address + developer match,DUP-0051,No,Matched across 1 source file(s): relationship_graph.csv
2026-08-14,20260814-232136-af068659,ParkProperty Acquires 280-Unit Buckhead Apartment Community,PRJ-20260814-0051,ParkProperty Acquires 280-Unit Buckhead Apartment Community,atlanta georgia,Atlanta / Georgia,Atlanta / Georgia,Unknown,Acquisition - Atlanta / Georgia - ParkProperty Acquires 280-Unit Buckhead Apartment Community,Atlanta / Georgia,General Residential,relationship_graph.csv,2,100,exact address + developer match,DUP-0051,No,Matched across 1 source file(s): relationship_graph.csv
2026-08-14,20260814-232136-af068659,"Partnership Nears Completion of $158M Workforce Housing Project in Mount Vernon, New York",PRJ-20260814-0134,"Partnership Nears Completion of $158M Workforce Housing Project in Mount Vernon, New York",new york city new york,New York City / New York,New York City / New York,Unknown,"JV / Partnership - New York City / New York - Partnership Nears Completion of $158M Workforce Housing Project in Mount Vernon, New York",New York City,General Residential,relationship_graph.csv,2,100,exact address + developer match,DUP-0134,No,Matched across 1 source file(s): relationship_graph.csv
2026-08-14,20260814-232136-af068659,"Partnership Nears Completion of $158M Workforce Housing Project in Mount Vernon, New York",PRJ-20260814-0134,"Partnership Nears Completion of $158M Workforce Housing Project in Mount Vernon, New York",new york city new york,New York City / New York,New York City / New York,Unknown,"JV / Partnership - New York City / New York - Partnership Nears Completion of $158M Workforce Housing Project in Mount Vernon, New York",New York City / New York,General Residential,relationship_graph.csv,2,100,exact address + developer match,DUP-0134,No,Matched across 1 source file(s): relationship_graph.csv
2026-08-14,20260814-232136-af068659,"Permits Filed For 2740 McAllister Street, San Francisco",PRJ-20260814-0170,"Permits Filed For 2740 McAllister Street, San Francisco",san francisco california,San Francisco / California,San Francisco / California,Unknown,"Entitlement / Permitting - San Francisco / California - Permits Filed For 2740 McAllister Street, San Francisco",San Francisco,General Residential,relationship_graph.csv,2,100,exact address + developer match,DUP-0170,No,Matched across 1 source file(s): relationship_graph.csv
2026-08-14,20260814-232136-af068659,"Permits Filed For 2740 McAllister Street, San Francisco",PRJ-20260814-0170,"Permits Filed For 2740 McAllister Street, San Francisco",san francisco california,San Francisco / California,San Francisco / California,Unknown,"Entitlement / Permitting - San Francisco / California - Permits Filed For 2740 McAllister Street, San Francisco",San Francisco / California,General Residential,relationship_graph.csv,2,100,exact address + developer match,DUP-0170,No,Matched across 1 source file(s): relationship_graph.csv
2026-08-14,20260814-232136-af068659,Porter Kyle Adds New 100-Unit BTR Community to East Valley Portfolio,PRJ-20260814-0161,Porter Kyle Adds New 100-Unit BTR Community to East Valley Portfolio,phoenix arizona,Phoenix / Arizona,Phoenix / Arizona,Unknown,BTR / Build-to-Rent - Phoenix / Arizona - Porter Kyle Adds New 100-Unit BTR Community to East Valley Portfolio,Phoenix,General Residential,relationship_graph.csv,2,100,exact address + developer match,DUP-0161,No,Matched across 1 source file(s): relationship_graph.csv
2026-08-14,20260814-232136-af068659,Porter Kyle Adds New 100-Unit BTR Community to East Valley Portfolio,PRJ-20260814-0161,Porter Kyle Adds New 100-Unit BTR Community to East Valley Portfolio,phoenix arizona,Phoenix / Arizona,Phoenix / Arizona,Unknown,BTR / Build-to-Rent - Phoenix / Arizona - Porter Kyle Adds New 100-Unit BTR Community to East Valley Portfolio,Phoenix / Arizona,General Residential,relationship_graph.csv,2,100,exact address + developer match,DUP-0161,No,Matched across 1 source file(s): relationship_graph.csv
2026-08-14,20260814-232136-af068659,Refinancing - California - Westphal Company Lands $56M Refi for San Diego Apartments,PRJ-20260814-0111,Refinancing - California - Westphal Company Lands $56M Refi for San Diego Apartments,los angeles,Los Angeles,Other / Unknown,Los Angeles,Fannie Mae,Unknown,Apartment,la_lifecycle_transition_watch.csv,2,100,exact address + developer match,DUP-0111,No,Matched across 1 source file(s): la_lifecycle_transition_watch.csv
2026-08-14,20260814-232136-af068659,Westphal Company Lands $56M Refi for San Diego Apartments,PRJ-20260814-0111,Refinancing - California - Westphal Company Lands $56M Refi for San Diego Apartments,los angeles,Los Angeles,Other / Unknown,Los Angeles,Fannie Mae,Unknown,Apartment,la_lifecycle_transition_watch.csv,2,100,exact address + developer match,DUP-0111,No,Matched across 1 source file(s): la_lifecycle_transition_watch.csv
2026-08-14,20260814-232136-af068659,Residential conversion planned for office building at 1650 S. Westwood Blvd.,PRJ-20260814-0105,Residential conversion planned for office building at 1650 S. Westwood Blvd.,los angeles california,Los Angeles / California,Los Angeles / California,Unknown,Office-to-Residential Conversion - Los Angeles / California - Residential conversion planned for office building at 1650 S. Westwood Blvd.,Los Angeles,General Residential,relationship_graph.csv,2,100,exact address + developer match,DUP-0105,No,Matched across 1 source file(s): relationship_graph.csv
2026-08-14,20260814-232136-af068659,Residential conversion planned for office building at 1650 S. Westwood Blvd.,PRJ-20260814-0105,Residential conversion planned for office building at 1650 S. Westwood Blvd.,los angeles california,Los Angeles / California,Los Angeles / California,Unknown,Office-to-Residential Conversion - Los Angeles / California - Residential conversion planned for office building at 1650 S. Westwood Blvd.,Los Angeles / California,General Residential,relationship_graph.csv,2,100,exact address + developer match,DUP-0105,No,Matched across 1 source file(s): relationship_graph.csv
2026-08-14,20260814-232136-af068659,Rockwell Pays $42M for 182-Unit Scottsdale Rental Community,PRJ-20260814-0160,Rockwell Pays $42M for 182-Unit Scottsdale Rental Community,phoenix arizona,Phoenix / Arizona,Phoenix / Arizona,Unknown,Acquisition - Phoenix / Arizona - Rockwell Pays $42M for 182-Unit Scottsdale Rental Community,Phoenix,General Residential,relationship_graph.csv,2,100,exact address + developer match,DUP-0160,No,Matched across 1 source file(s): relationship_graph.csv
2026-08-14,20260814-232136-af068659,Rockwell Pays $42M for 182-Unit Scottsdale Rental Community,PRJ-20260814-0160,Rockwell Pays $42M for 182-Unit Scottsdale Rental Community,phoenix arizona,Phoenix / Arizona,Phoenix / Arizona,Unknown,Acquisition - Phoenix / Arizona - Rockwell Pays $42M for 182-Unit Scottsdale Rental Community,Phoenix / Arizona,General Residential,relationship_graph.csv,2,100,exact address + developer match,DUP-0160,No,Matched across 1 source file(s): relationship_graph.csv
2026-08-14,20260814-232136-af068659,S3 Capital Lends $35M for Miami-Dade County Apartments,PRJ-20260814-0121,S3 Capital Lends $35M for Miami-Dade County Apartments,miami florida,Miami / Florida,Miami / Florida,Unknown,Construction Financing - Miami / Florida - S3 Capital Lends $35M for Miami-Dade County Apartments,Miami,General Residential,relationship_graph.csv,2,100,exact address + developer match,DUP-0121,No,Matched across 1 source file(s): relationship_graph.csv
2026-08-14,20260814-232136-af068659,S3 Capital Lends $35M for Miami-Dade County Apartments,PRJ-20260814-0121,S3 Capital Lends $35M for Miami-Dade County Apartments,miami florida,Miami / Florida,Miami / Florida,Unknown,Construction Financing - Miami / Florida - S3 Capital Lends $35M for Miami-Dade County Apartments,Miami / Florida,General Residential,relationship_graph.csv,2,100,exact address + developer match,DUP-0121,No,Matched across 1 source file(s): relationship_graph.csv
2026-08-14,20260814-232136-af068659,"Sack Capital, Align Finance Close Financing for Two Step Up Housing Acquisitions",PRJ-20260814-0168,"Sack Capital, Align Finance Close Financing for Two Step Up Housing Acquisitions",san francisco california,San Francisco / California,San Francisco / California,Unknown,"Acquisition - San Francisco / California - Sack Capital, Align Finance Close Financing for Two Step Up Housing Acquisitions",California,General Residential,relationship_graph.csv,2,100,exact address + developer match,DUP-0168,No,Matched across 1 source file(s): relationship_graph.csv
2026-08-14,20260814-232136-af068659,"Sack Capital, Align Finance Close Financing for Two Step Up Housing Acquisitions",PRJ-20260814-0168,"Sack Capital, Align Finance Close Financing for Two Step Up Housing Acquisitions",san francisco california,San Francisco / California,San Francisco / California,Unknown,"Acquisition - San Francisco / California - Sack Capital, Align Finance Close Financing for Two Step Up Housing Acquisitions",San Francisco / California,General Residential,relationship_graph.csv,2,100,exact address + developer match,DUP-0168,No,Matched across 1 source file(s): relationship_graph.csv
2026-08-14,20260814-232136-af068659,Saratoga Capital Pays $98.4M at Auction for Atlanta Apartment Community,PRJ-20260814-0052,Saratoga Capital Pays $98.4M at Auction for Atlanta Apartment Community,atlanta georgia,Atlanta / Georgia,Atlanta / Georgia,Unknown,Acquisition - Atlanta / Georgia - Saratoga Capital Pays $98.4M at Auction for Atlanta Apartment Community,Atlanta,General Residential,relationship_graph.csv,2,100,exact address + developer match,DUP-0052,No,Matched across 1 source file(s): relationship_graph.csv
2026-08-14,20260814-232136-af068659,Saratoga Capital Pays $98.4M at Auction for Atlanta Apartment Community,PRJ-20260814-0052,Saratoga Capital Pays $98.4M at Auction for Atlanta Apartment Community,atlanta georgia,Atlanta / Georgia,Atlanta / Georgia,Unknown,Acquisition - Atlanta / Georgia - Saratoga Capital Pays $98.4M at Auction for Atlanta Apartment Community,Atlanta / Georgia,General Residential,relationship_graph.csv,2,100,exact address + developer match,DUP-0052,No,Matched across 1 source file(s): relationship_graph.csv
2026-08-14,20260814-232136-af068659,Teeple Adding 312-Unit Student Housing Project to Texas A&M Offering,PRJ-20260814-0078,Teeple Adding 312-Unit Student Housing Project to Texas A&M Offering,dallas texas,Dallas / Texas,Dallas / Texas,Unknown,Development Start - Dallas / Texas - Teeple Adding 312-Unit Student Housing Project to Texas A&M Offering,Dallas,General Residential,relationship_graph.csv,2,100,exact address + developer match,DUP-0078,No,Matched across 1 source file(s): relationship_graph.csv
2026-08-14,20260814-232136-af068659,Teeple Adding 312-Unit Student Housing Project to Texas A&M Offering,PRJ-20260814-0078,Teeple Adding 312-Unit Student Housing Project to Texas A&M Offering,dallas texas,Dallas / Texas,Dallas / Texas,Unknown,Development Start - Dallas / Texas - Teeple Adding 312-Unit Student Housing Project to Texas A&M Offering,Dallas / Texas,General Residential,relationship_graph.csv,2,100,exact address + developer match,DUP-0078,No,Matched across 1 source file(s): relationship_graph.csv
2026-08-14,20260814-232136-af068659,Top markets for apartment sales in H1 2026,PRJ-20260814-0169,Top markets for apartment sales in H1 2026,san francisco california,San Francisco / California,San Francisco / California,Unknown,Disposition / Exit - San Francisco / California - Top markets for apartment sales in H1 2026,San Francisco,General Residential,relationship_graph.csv,2,100,exact address + developer match,DUP-0169,No,Matched across 1 source file(s): relationship_graph.csv
2026-08-14,20260814-232136-af068659,Top markets for apartment sales in H1 2026,PRJ-20260814-0169,Top markets for apartment sales in H1 2026,san francisco california,San Francisco / California,San Francisco / California,Unknown,Disposition / Exit - San Francisco / California - Top markets for apartment sales in H1 2026,San Francisco / California,General Residential,relationship_graph.csv,2,100,exact address + developer match,DUP-0169,No,Matched across 1 source file(s): relationship_graph.csv
2026-08-14,20260814-232136-af068659,Trademark Completes 321-Unit Vickery Apartments in Downtown Fort Worth,PRJ-20260814-0079,Trademark Completes 321-Unit Vickery Apartments in Downtown Fort Worth,dallas texas,Dallas / Texas,Dallas / Texas,Unknown,General Project Signal - Dallas / Texas - Trademark Completes 321-Unit Vickery Apartments in Downtown Fort Worth,Dallas / Texas,General Residential,relationship_graph.csv,2,100,exact address + developer match,DUP-0079,No,Matched across 1 source file(s): relationship_graph.csv
2026-08-14,20260814-232136-af068659,Trademark Completes 321-Unit Vickery Apartments in Downtown Fort Worth,PRJ-20260814-0079,Trademark Completes 321-Unit Vickery Apartments in Downtown Fort Worth,dallas texas,Dallas / Texas,Dallas / Texas,Unknown,General Project Signal - Dallas / Texas - Trademark Completes 321-Unit Vickery Apartments in Downtown Fort Worth,Fort Worth,General Residential,relationship_graph.csv,2,100,exact address + developer match,DUP-0079,No,Matched across 1 source file(s): relationship_graph.csv
2026-08-14,20260814-232136-af068659,"W. Palm Beach Investor Buys Condo Property, Converting to Apartment Units",PRJ-20260814-0122,"W. Palm Beach Investor Buys Condo Property, Converting to Apartment Units",miami florida,Miami / Florida,Miami / Florida,Unknown,"Disposition / Exit - Miami / Florida - W. Palm Beach Investor Buys Condo Property, Converting to Apartment Units",Miami / Florida,General Residential,relationship_graph.csv,2,100,exact address + developer match,DUP-0122,No,Matched across 1 source file(s): relationship_graph.csv
2026-08-14,20260814-232136-af068659,"W. Palm Beach Investor Buys Condo Property, Converting to Apartment Units",PRJ-20260814-0122,"W. Palm Beach Investor Buys Condo Property, Converting to Apartment Units",miami florida,Miami / Florida,Miami / Florida,Unknown,"Disposition / Exit - Miami / Florida - W. Palm Beach Investor Buys Condo Property, Converting to Apartment Units",South Florida,General Residential,relationship_graph.csv,2,100,exact address + developer match,DUP-0122,No,Matched across 1 source file(s): relationship_graph.csv
2026-08-14,20260814-232136-af068659,Westphal Company Lands $56M Refi for San Diego Apartments,PRJ-20260814-0006,Westphal Company Lands $56M Refi for San Diego Apartments,12002 wintercrest dr,12002 Wintercrest Drive,California,Unknown,Fannie Mae,Unknown,Apartment,asset_parcel_intelligence.csv,2,100,exact address + developer match,DUP-0006,No,"Matched across 2 source file(s): asset_parcel_intelligence.csv, la_asset_watch.csv"
2026-08-14,20260814-232136-af068659,Westphal Company Lands $56M Refi for San Diego Apartments,PRJ-20260814-0006,Westphal Company Lands $56M Refi for San Diego Apartments,12002 wintercrest dr,12002 Wintercrest Drive,Other / Unknown,Los Angeles,Fannie Mae,Unknown,Apartment,la_asset_watch.csv,2,100,exact address + developer match,DUP-0006,No,"Matched across 2 source file(s): asset_parcel_intelligence.csv, la_asset_watch.csv"
2026-08-14,20260814-232136-af068659,405 apartments take shape at 6728 Sepulveda Blvd. in Van Nuys,PRJ-20260814-0049,405 apartments take shape at 6728 Sepulveda Blvd. in Van Nuys,6728 sepulveda blvd,6728 Sepulveda Blvd,Other / Unknown,Los Angeles,Unknown,Unknown,Affordable Housing,la_asset_watch.csv,2,80,address/location + market match,DUP-0049,No,Matched across 1 source file(s): la_asset_watch.csv
2026-08-14,20260814-232136-af068659,405 apartments take shape at 6728 Sepulveda Blvd. in Van Nuys,PRJ-20260814-0049,405 apartments take shape at 6728 Sepulveda Blvd. in Van Nuys,6728 sepulveda blvd,6728 Sepulveda Blvd,Other / Unknown,Los Angeles,Unknown,Unknown,Affordable Housing,la_asset_watch.csv,2,80,address/location + market match,DUP-0049,No,Matched across 1 source file(s): la_asset_watch.csv
2026-08-14,20260814-232136-af068659,Affordable housing coming to 4345 S. Crenshaw Blvd. in Leimert Park,PRJ-20260814-0037,Affordable housing coming to 4345 S. Crenshaw Blvd. in Leimert Park,4345 s crenshaw blvd,4345 S. Crenshaw Blvd,Other / Unknown,Los Angeles,Unknown,Unknown,Affordable Housing,la_asset_watch.csv,2,80,address/location + market match,DUP-0037,No,Matched across 1 source file(s): la_asset_watch.csv
2026-08-14,20260814-232136-af068659,Affordable housing coming to 4345 S. Crenshaw Blvd. in Leimert Park,PRJ-20260814-0037,Affordable housing coming to 4345 S. Crenshaw Blvd. in Leimert Park,4345 s crenshaw blvd,4345 S. Crenshaw Blvd,Other / Unknown,Los Angeles,Unknown,Unknown,Affordable Housing,la_asset_watch.csv,2,80,address/location + market match,DUP-0037,No,Matched across 1 source file(s): la_asset_watch.csv
2026-08-14,20260814-232136-af068659,Affordable housing proposed at 1058 N. Kingsley Dr. in East Hollywood,PRJ-20260814-0003,Affordable housing proposed at 1058 N. Kingsley Dr. in East Hollywood,1058 n kingsley dr,1058 N. Kingsley Dr,Other / Unknown,Los Angeles,Unknown,Unknown,Affordable Housing,la_asset_watch.csv,2,80,address/location + market match,DUP-0003,No,Matched across 1 source file(s): la_asset_watch.csv
2026-08-14,20260814-232136-af068659,Affordable housing proposed at 1058 N. Kingsley Dr. in East Hollywood,PRJ-20260814-0003,Affordable housing proposed at 1058 N. Kingsley Dr. in East Hollywood,1058 n kingsley dr,1058 N. Kingsley Dr,Other / Unknown,Los Angeles,Unknown,Unknown,Affordable Housing,la_asset_watch.csv,2,80,address/location + market match,DUP-0003,No,Matched across 1 source file(s): la_asset_watch.csv
2026-08-14,20260814-232136-af068659,Affordable housing proposed at 1058 N. Kingsley Dr. in East Hollywood,PRJ-20260814-0084,Affordable housing proposed at 1058 N. Kingsley Dr. in East Hollywood,east hollywood,East Hollywood,Los Angeles / California,East Hollywood,Unknown,Unknown,Affordable Housing,development_lifecycle.csv,2,80,address/location + market match,DUP-0084,No,"Matched across 2 source file(s): development_lifecycle.csv, lifecycle_transition.csv"
2026-08-14,20260814-232136-af068659,Affordable housing proposed at 1058 N. Kingsley Dr. in East Hollywood,PRJ-20260814-0084,Affordable housing proposed at 1058 N. Kingsley Dr. in East Hollywood,east hollywood,East Hollywood,Los Angeles / California,East Hollywood,Unknown,Unknown,Affordable Housing,lifecycle_transition.csv,2,80,address/location + market match,DUP-0084,No,"Matched across 2 source file(s): development_lifecycle.csv, lifecycle_transition.csv"
2026-08-14,20260814-232136-af068659,Construction Financing - Miami / Florida - S3 Capital Lends $35M for Miami-Dade County Apartments,PRJ-20260814-0127,Construction Financing - Miami / Florida - Baron Property Group Closes on $226.5M Refinance for Hialeah Apartment Community in Miami,miami,Miami,Miami / Florida,Miami,Unknown,Unknown,Apartment,deal_pipeline.csv,2,80,address/location + market match,DUP-0127,No,Matched across 1 source file(s): deal_pipeline.csv
2026-08-14,20260814-232136-af068659,Construction Financing - Miami / Florida - Baron Property Group Closes on $226.5M Refinance for Hialeah Apartment Community in Miami,PRJ-20260814-0127,Construction Financing - Miami / Florida - Baron Property Group Closes on $226.5M Refinance for Hialeah Apartment Community in Miami,miami,Miami,Miami / Florida,Miami,Unknown,Unknown,Mixed-Use Residential,deal_pipeline.csv,2,80,address/location + market match,DUP-0127,No,Matched across 1 source file(s): deal_pipeline.csv
2026-08-14,20260814-232136-af068659,Costa Mesa Multifamily Changes Hands for Value-Add Repositioning,PRJ-20260814-0077,Costa Mesa Multifamily Changes Hands for Value-Add Repositioning,costa mesa,Costa Mesa,California,Costa Mesa,Unknown,Unknown,Apartment,development_lifecycle.csv,2,80,address/location + market match,DUP-0077,No,"Matched across 2 source file(s): development_lifecycle.csv, lifecycle_transition.csv"
2026-08-14,20260814-232136-af068659,Costa Mesa Multifamily Changes Hands for Value-Add Repositioning,PRJ-20260814-0077,Costa Mesa Multifamily Changes Hands for Value-Add Repositioning,costa mesa,Costa Mesa,California,Costa Mesa,Unknown,Unknown,Apartment,lifecycle_transition.csv,2,80,address/location + market match,DUP-0077,No,"Matched across 2 source file(s): development_lifecycle.csv, lifecycle_transition.csv"
2026-08-14,20260814-232136-af068659,Entitlement / Permitting - California - Monterey Park approves upsized project at 114 E. Garvey Avenue,PRJ-20260814-0004,Entitlement / Permitting - California - Monterey Park approves upsized project at 114 E. Garvey Avenue,114 e garvey ave,114 E. Garvey Avenue,California,California,Unknown,Unknown,Mixed-Use Residential,asset_parcel_intelligence.csv,2,80,address/location + market match,DUP-0004,No,Matched across 1 source file(s): asset_parcel_intelligence.csv
2026-08-14,20260814-232136-af068659,Monterey Park approves upsized project at 114 E. Garvey Avenue,PRJ-20260814-0004,Entitlement / Permitting - California - Monterey Park approves upsized project at 114 E. Garvey Avenue,114 e garvey ave,114 E. Garvey Avenue,California,Los Angeles,Unknown,Unknown,Mixed-Use Residential,asset_parcel_intelligence.csv,2,80,address/location + market match,DUP-0004,No,Matched across 1 source file(s): asset_parcel_intelligence.csv
2026-08-14,20260814-232136-af068659,Top markets for apartment sales in H1 2026,PRJ-20260814-0174,"Entitlement / Permitting - San Francisco / California - Permits Filed For 2740 McAllister Street, San Francisco",san francisco,San Francisco,Other / Unknown,Los Angeles,Unknown,Unknown,Apartment,la_asset_watch.csv,2,80,address/location + market match,DUP-0174,No,"Matched across 2 source file(s): la_asset_watch.csv, la_entitlement_watch.csv"
2026-08-14,20260814-232136-af068659,"Entitlement / Permitting - San Francisco / California - Permits Filed For 2740 McAllister Street, San Francisco",PRJ-20260814-0174,"Entitlement / Permitting - San Francisco / California - Permits Filed For 2740 McAllister Street, San Francisco",san francisco,San Francisco,Other / Unknown,San Francisco,Unknown,Unknown,Apartment,la_entitlement_watch.csv,2,80,address/location + market match,DUP-0174,No,"Matched across 2 source file(s): la_asset_watch.csv, la_entitlement_watch.csv"
2026-08-14,20260814-232136-af068659,JLB Pursuing Buckhead Office-to-Apartments Conversion in Atlanta,PRJ-20260814-0038,JLB Pursuing Buckhead Office-to-Apartments Conversion in Atlanta,470 e paces ferry rd,470 E. Paces Ferry Road,Atlanta / Georgia,Atlanta,Unknown,Unknown,Apartment,asset_parcel_intelligence.csv,2,80,address/location + market match,DUP-0038,No,Matched across 1 source file(s): asset_parcel_intelligence.csv
2026-08-14,20260814-232136-af068659,JLB Pursuing Buckhead Office-to-Apartments Conversion,PRJ-20260814-0038,JLB Pursuing Buckhead Office-to-Apartments Conversion in Atlanta,470 e paces ferry rd,470 E. Paces Ferry Road,Atlanta / Georgia,Atlanta,Unknown,Unknown,Apartment,asset_parcel_intelligence.csv,2,80,address/location + market match,DUP-0038,No,Matched across 1 source file(s): asset_parcel_intelligence.csv
2026-08-14,20260814-232136-af068659,JLB Pursuing Buckhead Office-to-Apartments Conversion in Atlanta,PRJ-20260814-0039,JLB Pursuing Buckhead Office-to-Apartments Conversion in Atlanta,470 e paces ferry rd,470 E. Paces Ferry Road,Other / Unknown,Los Angeles,Unknown,Unknown,Apartment,la_asset_watch.csv,2,80,address/location + market match,DUP-0039,No,Matched across 1 source file(s): la_asset_watch.csv
2026-08-14,20260814-232136-af068659,JLB Pursuing Buckhead Office-to-Apartments Conversion,PRJ-20260814-0039,JLB Pursuing Buckhead Office-to-Apartments Conversion in Atlanta,470 e paces ferry rd,470 E. Paces Ferry Road,Other / Unknown,Los Angeles,Unknown,Unknown,Apartment,la_asset_watch.csv,2,80,address/location + market match,DUP-0039,No,Matched across 1 source file(s): la_asset_watch.csv
2026-08-14,20260814-232136-af068659,"JV / Partnership - New York City / New York - Partnership Nears Completion of $158M Workforce Housing Project in Mount Vernon, New York",PRJ-20260814-0135,"JV / Partnership - New York City / New York - Partnership Nears Completion of $158M Workforce Housing Project in Mount Vernon, New York",new york city new york,New York City / New York,New York City / New York,Unknown,Unknown,Unknown,Affordable Housing,deal_fingerprints.csv,2,80,address/location + market match,DUP-0135,No,"Matched across 2 source file(s): deal_fingerprints.csv, opportunity_radar.csv"
2026-08-14,20260814-232136-af068659,"JV / Partnership - New York City / New York - Partnership Nears Completion of $158M Workforce Housing Project in Mount Vernon, New York",PRJ-20260814-0135,"JV / Partnership - New York City / New York - Partnership Nears Completion of $158M Workforce Housing Project in Mount Vernon, New York",new york city new york,New York City / New York,New York City / New York,Unknown,Unknown,Unknown,Affordable Housing,opportunity_radar.csv,2,80,address/location + market match,DUP-0135,No,"Matched across 2 source file(s): deal_fingerprints.csv, opportunity_radar.csv"
2026-08-14,20260814-232136-af068659,L.A. City Planning Commission approves 379 apartments at 3200 S. La Cienega Blvd.,PRJ-20260814-0027,L.A. City Planning Commission approves 379 apartments at 3200 S. La Cienega Blvd.,3200 s la cienega blvd,3200 S. La Cienega Blvd,Other / Unknown,Los Angeles,Unknown,Unknown,Affordable Housing,la_asset_watch.csv,2,80,address/location + market match,DUP-0027,No,Matched across 1 source file(s): la_asset_watch.csv
2026-08-14,20260814-232136-af068659,L.A. City Planning Commission approves 379 apartments at 3200 S. La Cienega Blvd.,PRJ-20260814-0027,L.A. City Planning Commission approves 379 apartments at 3200 S. La Cienega Blvd.,3200 s la cienega blvd,3200 S. La Cienega Blvd,Other / Unknown,Los Angeles,Unknown,Unknown,Affordable Housing,la_asset_watch.csv,2,80,address/location + market match,DUP-0027,No,Matched across 1 source file(s): la_asset_watch.csv
2026-08-14,20260814-232136-af068659,"Meeting Tonight for 3101 Sacramento Street, South Berkeley",PRJ-20260814-0024,"Meeting Tonight for 3101 Sacramento Street, South Berkeley",3101 sacramento st,3101 Sacramento Street,Other / Unknown,Los Angeles,Unknown,Unknown,Mixed-Use Residential,la_asset_watch.csv,2,80,address/location + market match,DUP-0024,No,Matched across 1 source file(s): la_asset_watch.csv
2026-08-14,20260814-232136-af068659,"Meeting Tonight for 3101 Sacramento Street, South Berkeley",PRJ-20260814-0024,"Meeting Tonight for 3101 Sacramento Street, South Berkeley",3101 sacramento st,3101 Sacramento Street,Other / Unknown,Los Angeles,Unknown,Unknown,Mixed-Use Residential,la_asset_watch.csv,2,80,address/location + market match,DUP-0024,No,Matched across 1 source file(s): la_asset_watch.csv
2026-08-14,20260814-232136-af068659,Mixed-use senior housing project slated for 540 S. Lake Ave. in Pasadena,PRJ-20260814-0041,Mixed-use senior housing project slated for 540 S. Lake Ave. in Pasadena,540 s lake ave,540 S. Lake Ave,Other / Unknown,Los Angeles,Unknown,Unknown,Senior Housing,la_asset_watch.csv,2,80,address/location + market match,DUP-0041,No,Matched across 1 source file(s): la_asset_watch.csv
2026-08-14,20260814-232136-af068659,Mixed-use senior housing project slated for 540 S. Lake Ave. in Pasadena,PRJ-20260814-0041,Mixed-use senior housing project slated for 540 S. Lake Ave. in Pasadena,540 s lake ave,540 S. Lake Ave,Other / Unknown,Los Angeles,Unknown,Unknown,Senior Housing,la_asset_watch.csv,2,80,address/location + market match,DUP-0041,No,Matched across 1 source file(s): la_asset_watch.csv
2026-08-14,20260814-232136-af068659,Mixed-use senior housing project slated for 540 S. Lake Ave. in Pasadena,PRJ-20260814-0116,Mixed-use senior housing project slated for 540 S. Lake Ave. in Pasadena,los angeles,Los Angeles,National,Los Angeles,Unknown,Unknown,Senior Housing,development_lifecycle.csv,2,80,address/location + market match,DUP-0116,No,"Matched across 2 source file(s): development_lifecycle.csv, lifecycle_transition.csv"
2026-08-14,20260814-232136-af068659,Mixed-use senior housing project slated for 540 S. Lake Ave. in Pasadena,PRJ-20260814-0116,Mixed-use senior housing project slated for 540 S. Lake Ave. in Pasadena,los angeles,Los Angeles,National,Los Angeles,Unknown,Unknown,Senior Housing,lifecycle_transition.csv,2,80,address/location + market match,DUP-0116,No,"Matched across 2 source file(s): development_lifecycle.csv, lifecycle_transition.csv"
2026-08-14,20260814-232136-af068659,Monterey Park approves upsized project at 114 E. Garvey Avenue,PRJ-20260814-0005,Monterey Park approves upsized project at 114 E. Garvey Avenue,114 e garvey ave,114 E. Garvey Avenue,Other / Unknown,Los Angeles,Unknown,Unknown,Mixed-Use Residential,la_asset_watch.csv,2,80,address/location + market match,DUP-0005,No,Matched across 1 source file(s): la_asset_watch.csv
2026-08-14,20260814-232136-af068659,Monterey Park approves upsized project at 114 E. Garvey Avenue,PRJ-20260814-0005,Monterey Park approves upsized project at 114 E. Garvey Avenue,114 e garvey ave,114 E. Garvey Avenue,Other / Unknown,Los Angeles,Unknown,Unknown,Mixed-Use Residential,la_asset_watch.csv,2,80,address/location + market match,DUP-0005,No,Matched across 1 source file(s): la_asset_watch.csv
2026-08-14,20260814-232136-af068659,"Office-to-Residential Conversion - California - Meeting Tonight for 3101 Sacramento Street, South Berkeley",PRJ-20260814-0023,"Office-to-Residential Conversion - California - Meeting Tonight for 3101 Sacramento Street, South Berkeley",3101 sacramento st,3101 Sacramento Street,California,Sacramento,Unknown,Unknown,Mixed-Use Residential,asset_parcel_intelligence.csv,2,80,address/location + market match,DUP-0023,No,Matched across 1 source file(s): asset_parcel_intelligence.csv
2026-08-14,20260814-232136-af068659,"Meeting Tonight for 3101 Sacramento Street, South Berkeley",PRJ-20260814-0023,"Office-to-Residential Conversion - California - Meeting Tonight for 3101 Sacramento Street, South Berkeley",3101 sacramento st,3101 Sacramento Street,California,Unknown,Unknown,Unknown,Mixed-Use Residential,asset_parcel_intelligence.csv,2,80,address/location + market match,DUP-0023,No,Matched across 1 source file(s): asset_parcel_intelligence.csv
2026-08-14,20260814-232136-af068659,"Permits Filed For 2740 McAllister Street, San Francisco",PRJ-20260814-0017,"Permits Filed For 2740 McAllister Street, San Francisco",2740 mcallister st,2740 McAllister Street,Other / Unknown,Los Angeles,Unknown,Unknown,Apartment,la_asset_watch.csv,2,80,address/location + market match,DUP-0017,No,Matched across 1 source file(s): la_asset_watch.csv
2026-08-14,20260814-232136-af068659,"Permits Filed For 2740 McAllister Street, San Francisco",PRJ-20260814-0017,"Permits Filed For 2740 McAllister Street, San Francisco",2740 mcallister st,2740 McAllister Street,Other / Unknown,California,Unknown,Unknown,Apartment,la_asset_watch.csv,2,80,address/location + market match,DUP-0017,No,Matched across 1 source file(s): la_asset_watch.csv
2026-08-14,20260814-232136-af068659,Residential conversion planned for office building at 1650 S. Westwood Blvd.,PRJ-20260814-0009,Residential conversion planned for office building at 1650 S. Westwood Blvd.,1650 s westwood blvd,1650 S. Westwood Blvd,Other / Unknown,Los Angeles,Unknown,Unknown,Office-to-Residential Conversion,la_asset_watch.csv,2,80,address/location + market match,DUP-0009,No,Matched across 1 source file(s): la_asset_watch.csv
2026-08-14,20260814-232136-af068659,Residential conversion planned for office building at 1650 S. Westwood Blvd.,PRJ-20260814-0009,Residential conversion planned for office building at 1650 S. Westwood Blvd.,1650 s westwood blvd,1650 S. Westwood Blvd,Other / Unknown,Los Angeles,Unknown,Unknown,Office-to-Residential Conversion,la_asset_watch.csv,2,80,address/location + market match,DUP-0009,No,Matched across 1 source file(s): la_asset_watch.csv
2026-08-14,20260814-232136-af068659,"Updated Permits For 2712 Telegraph Avenue, Berkeley",PRJ-20260814-0015,"Updated Permits For 2712 Telegraph Avenue, Berkeley",2712 telegraph ave,2712 Telegraph Avenue,Other / Unknown,Unknown,Unknown,Unknown,Apartment,asset_parcel_intelligence.csv,2,80,address/location + market match,DUP-0015,No,"Matched across 2 source file(s): asset_parcel_intelligence.csv, la_asset_watch.csv"
2026-08-14,20260814-232136-af068659,"Updated Permits For 2712 Telegraph Avenue, Berkeley",PRJ-20260814-0015,"Updated Permits For 2712 Telegraph Avenue, Berkeley",2712 telegraph ave,2712 Telegraph Avenue,Other / Unknown,Los Angeles,Unknown,Unknown,Apartment,la_asset_watch.csv,2,80,address/location + market match,DUP-0015,No,"Matched across 2 source file(s): asset_parcel_intelligence.csv, la_asset_watch.csv"
2026-08-14,20260814-232136-af068659,2026 Resident Experience Management Report,PRJ-20260814-0152,2026 Resident Experience Management Report,other unknown,Other / Unknown,Other / Unknown,Unknown,General Project Signal - Other / Unknown - 2026 Resident Experience Management Report,General Project Signal - Other / Unknown - 2026 Resident Experience Management Report,General Residential,relationship_graph.csv,1,100,exact address + developer match,,No,Matched across 1 source file(s): relationship_graph.csv
2026-08-14,20260814-232136-af068659,Acquisition - Las Vegas / Nevada - Waterton Sells 400-Unit Multifamily Apartment Complex in Las Vegas for $87M,PRJ-20260814-0113,Acquisition - Las Vegas / Nevada - Waterton Sells 400-Unit Multifamily Apartment Complex in Las Vegas for $87M,los angeles,Los Angeles,Other / Unknown,Los Angeles,Waterton,Unknown,Apartment,la_lifecycle_transition_watch.csv,1,100,exact address + developer match,,No,Matched across 1 source file(s): la_lifecycle_transition_watch.csv
2026-08-14,20260814-232136-af068659,"Colliers Negotiates Sale of 30,865 SF Retail Center in Statesboro, Georgia",PRJ-20260814-0088,"Colliers Negotiates Sale of 30,865 SF Retail Center in Statesboro, Georgia",georgia,Georgia,Georgia,Unknown,"Acquisition - Georgia - Colliers Negotiates Sale of 30,865 SF Retail Center in Statesboro, Georgia",Georgia,General Residential,relationship_graph.csv,1,100,exact address + developer match,,No,Matched across 1 source file(s): relationship_graph.csv
2026-08-14,20260814-232136-af068659,Disposition / Exit - Atlanta / Georgia - ATC Sells 290-Unit Augusta Apartment Complex,PRJ-20260814-0109,Disposition / Exit - Atlanta / Georgia - ATC Sells 290-Unit Augusta Apartment Complex,los angeles,Los Angeles,Other / Unknown,Los Angeles,Berkadia,Unknown,Apartment,la_lifecycle_transition_watch.csv,1,100,exact address + developer match,,No,Matched across 1 source file(s): la_lifecycle_transition_watch.csv
2026-08-14,20260814-232136-af068659,Entitlement / Permitting - San Francisco / California - New Developer to Push Forward on Housing at 400 Divisadero Street in San Francisco,PRJ-20260814-0070,Entitlement / Permitting - San Francisco / California - New Developer to Push Forward on Housing at 400 Divisadero Street in San Francisco,california,California,Other / Unknown,California,Greystar,Unknown,General Residential,la_lifecycle_transition_watch.csv,1,100,exact address + developer match,,No,Matched across 1 source file(s): la_lifecycle_transition_watch.csv
2026-08-14,20260814-232136-af068659,First Quarter 2026 Multifamily Construction Data,PRJ-20260814-0144,First Quarter 2026 Multifamily Construction Data,other unknown,Other / Unknown,Other / Unknown,Unknown,Development Start - Other / Unknown - First Quarter 2026 Multifamily Construction Data,Development Start - Other / Unknown - First Quarter 2026 Multifamily Construction Data,General Residential,relationship_graph.csv,1,100,exact address + developer match,,No,Matched across 1 source file(s): relationship_graph.csv
2026-08-14,20260814-232136-af068659,Fourth Quarter 2025 Multifamily Construction Data,PRJ-20260814-0145,Fourth Quarter 2025 Multifamily Construction Data,other unknown,Other / Unknown,Other / Unknown,Unknown,Development Start - Other / Unknown - Fourth Quarter 2025 Multifamily Construction Data,Development Start - Other / Unknown - Fourth Quarter 2025 Multifamily Construction Data,General Residential,relationship_graph.csv,1,100,exact address + developer match,,No,Matched across 1 source file(s): relationship_graph.csv
2026-08-14,20260814-232136-af068659,GREA Closes Sale of 86-Unit Luxury Apartments in Glen Ellyn,PRJ-20260814-0149,GREA Closes Sale of 86-Unit Luxury Apartments in Glen Ellyn,other unknown,Other / Unknown,Other / Unknown,Unknown,Disposition / Exit - Other / Unknown - GREA Closes Sale of 86-Unit Luxury Apartments in Glen Ellyn,Disposition / Exit - Other / Unknown - GREA Closes Sale of 86-Unit Luxury Apartments in Glen Ellyn,General Residential,relationship_graph.csv,1,100,exact address + developer match,,No,Matched across 1 source file(s): relationship_graph.csv
2026-08-14,20260814-232136-af068659,Missing Middle Weakness,PRJ-20260814-0146,Missing Middle Weakness,other unknown,Other / Unknown,Other / Unknown,Unknown,Development Start - Other / Unknown - Missing Middle Weakness,Development Start - Other / Unknown - Missing Middle Weakness,General Residential,relationship_graph.csv,1,100,exact address + developer match,,No,Matched across 1 source file(s): relationship_graph.csv
2026-08-14,20260814-232136-af068659,Mixed-use senior housing project slated for 540 S. Lake Ave. in Pasadena,PRJ-20260814-0131,Mixed-use senior housing project slated for 540 S. Lake Ave. in Pasadena,national,National,National,Unknown,General Project Signal - National - Mixed-use senior housing project slated for 540 S. Lake Ave. in Pasadena,General Project Signal - National - Mixed-use senior housing project slated for 540 S. Lake Ave. in Pasadena,General Residential,relationship_graph.csv,1,100,exact address + developer match,,No,Matched across 1 source file(s): relationship_graph.csv
2026-08-14,20260814-232136-af068659,Monterey Park approves upsized project at 114 E. Garvey Avenue,PRJ-20260814-0068,Monterey Park approves upsized project at 114 E. Garvey Avenue,california,California,California,Unknown,Entitlement / Permitting - California - Monterey Park approves upsized project at 114 E. Garvey Avenue,California,General Residential,relationship_graph.csv,1,100,exact address + developer match,,No,Matched across 1 source file(s): relationship_graph.csv
2026-08-14,20260814-232136-af068659,Multifamily Absorption Rate Remains Below 50%,PRJ-20260814-0153,Multifamily Absorption Rate Remains Below 50%,other unknown,Other / Unknown,Other / Unknown,Unknown,General Project Signal - Other / Unknown - Multifamily Absorption Rate Remains Below 50%,General Project Signal - Other / Unknown - Multifamily Absorption Rate Remains Below 50%,General Residential,relationship_graph.csv,1,100,exact address + developer match,,No,Matched across 1 source file(s): relationship_graph.csv
2026-08-14,20260814-232136-af068659,NAHB HBGI: Micro Markets Lone Bright Spot for Single-Family Building in Fourth Quarter,PRJ-20260814-0150,NAHB HBGI: Micro Markets Lone Bright Spot for Single-Family Building in Fourth Quarter,other unknown,Other / Unknown,Other / Unknown,Unknown,Disposition / Exit - Other / Unknown - NAHB HBGI: Micro Markets Lone Bright Spot for Single-Family Building in Fourth Quarter,Disposition / Exit - Other / Unknown - NAHB HBGI: Micro Markets Lone Bright Spot for Single-Family Building in Fourth Quarter,General Residential,relationship_graph.csv,1,100,exact address + developer match,,No,Matched across 1 source file(s): relationship_graph.csv
2026-08-14,20260814-232136-af068659,Overall Housing Starts Inch Lower in 2025,PRJ-20260814-0147,Overall Housing Starts Inch Lower in 2025,other unknown,Other / Unknown,Other / Unknown,Unknown,Development Start - Other / Unknown - Overall Housing Starts Inch Lower in 2025,Development Start - Other / Unknown - Overall Housing Starts Inch Lower in 2025,General Residential,relationship_graph.csv,1,100,exact address + developer match,,No,Matched across 1 source file(s): relationship_graph.csv
2026-08-14,20260814-232136-af068659,Share of Apartments Built in Buildings with 50+ Units Moves Higher in 2025,PRJ-20260814-0154,Share of Apartments Built in Buildings with 50+ Units Moves Higher in 2025,other unknown,Other / Unknown,Other / Unknown,Unknown,General Project Signal - Other / Unknown - Share of Apartments Built in Buildings with 50+ Units Moves Higher in 2025,General Project Signal - Other / Unknown - Share of Apartments Built in Buildings with 50+ Units Moves Higher in 2025,General Residential,relationship_graph.csv,1,100,exact address + developer match,,No,Matched across 1 source file(s): relationship_graph.csv
2026-08-14,20260814-232136-af068659,Third Quarter 2025 Multifamily Construction Data,PRJ-20260814-0148,Third Quarter 2025 Multifamily Construction Data,other unknown,Other / Unknown,Other / Unknown,Unknown,Development Start - Other / Unknown - Third Quarter 2025 Multifamily Construction Data,Development Start - Other / Unknown - Third Quarter 2025 Multifamily Construction Data,General Residential,relationship_graph.csv,1,100,exact address + developer match,,No,Matched across 1 source file(s): relationship_graph.csv
2026-08-14,20260814-232136-af068659,"Updated Permits For 2712 Telegraph Avenue, Berkeley",PRJ-20260814-0151,"Updated Permits For 2712 Telegraph Avenue, Berkeley",other unknown,Other / Unknown,Other / Unknown,Unknown,"Entitlement / Permitting - Other / Unknown - Updated Permits For 2712 Telegraph Avenue, Berkeley","Entitlement / Permitting - Other / Unknown - Updated Permits For 2712 Telegraph Avenue, Berkeley",General Residential,relationship_graph.csv,1,100,exact address + developer match,,No,Matched across 1 source file(s): relationship_graph.csv
2026-08-14,20260814-232136-af068659,Value-Add Golden Hill Apartments Trade in 1031 Exchange,PRJ-20260814-0067,Value-Add Golden Hill Apartments Trade in 1031 Exchange,california,California,California,Unknown,Disposition / Exit - California - Value-Add Golden Hill Apartments Trade in 1031 Exchange,California,General Residential,relationship_graph.csv,1,100,exact address + developer match,,No,Matched across 1 source file(s): relationship_graph.csv
2026-08-14,20260814-232136-af068659,"With Illinois' Senior Population Set To Grow By 40%, Developers Are Facing A Financing Puzzle",PRJ-20260814-0141,"With Illinois' Senior Population Set To Grow By 40%, Developers Are Facing A Financing Puzzle",other unknown,Other / Unknown,Other / Unknown,Unknown,"Acquisition - Other / Unknown - With Illinois' Senior Population Set To Grow By 40%, Developers Are Facing A Financing Puz...","Acquisition - Other / Unknown - With Illinois' Senior Population Set To Grow By 40%, Developers Are Facing A Financing Puz...",General Residential,relationship_graph.csv,1,100,exact address + developer match,,No,Matched across 1 source file(s): relationship_graph.csv
2026-08-14,20260814-232136-af068659,23 homes coming to Uptown Newport Village,PRJ-20260814-0033,23 homes coming to Uptown Newport Village,4311 jamboree rd,4311 Jamboree Road,California,Los Angeles,Unknown,Unknown,Mixed-Use Residential,asset_parcel_intelligence.csv,1,80,address/location + market match,,No,Matched across 1 source file(s): asset_parcel_intelligence.csv
2026-08-14,20260814-232136-af068659,23 homes coming to Uptown Newport Village,PRJ-20260814-0034,23 homes coming to Uptown Newport Village,4311 jamboree rd,4311 Jamboree Road,Other / Unknown,Los Angeles,Unknown,Unknown,Mixed-Use Residential,la_asset_watch.csv,1,80,address/location + market match,,No,Matched across 1 source file(s): la_asset_watch.csv
2026-08-14,20260814-232136-af068659,23 homes coming to Uptown Newport Village,PRJ-20260814-0140,23 homes coming to Uptown Newport Village,orange county,Orange County,Other / Unknown,Los Angeles,Unknown,Unknown,Mixed-Use Residential,la_asset_watch.csv,1,80,address/location + market match,,No,Matched across 1 source file(s): la_asset_watch.csv
2026-08-14,20260814-232136-af068659,405 apartments take shape at 6728 Sepulveda Blvd. in Van Nuys,PRJ-20260814-0048,405 apartments take shape at 6728 Sepulveda Blvd. in Van Nuys,6728 sepulveda blvd,6728 Sepulveda Blvd,Los Angeles / California,Los Angeles,Unknown,Unknown,Affordable Housing,asset_parcel_intelligence.csv,1,80,address/location + market match,,No,Matched across 1 source file(s): asset_parcel_intelligence.csv
2026-08-14,20260814-232136-af068659,"Acquisition - Other / Unknown - With Illinois' Senior Population Set To Grow By 40%, Developers Are Facing A Financing Puz...",PRJ-20260814-0119,"Acquisition - Other / Unknown - With Illinois' Senior Population Set To Grow By 40%, Developers Are Facing A Financing Puz...",los angeles,Los Angeles,Unknown,Unknown,Unknown,Unknown,Senior Housing,asset_parcel_intelligence.csv,1,80,address/location + market match,,No,Matched across 1 source file(s): asset_parcel_intelligence.csv
2026-08-14,20260814-232136-af068659,"Acquisition - San Francisco / California - Sack Capital, Align Finance Close Financing for Two Step Up Housing Acquisitions",PRJ-20260814-0076,"Acquisition - San Francisco / California - Sack Capital, Align Finance Close Financing for Two Step Up Housing Acquisitions",california,California,San Francisco / California,California,Unknown,Unknown,Apartment,deal_pipeline.csv,1,80,address/location + market match,,No,Matched across 1 source file(s): deal_pipeline.csv
2026-08-14,20260814-232136-af068659,Affordable housing coming to 4345 S. Crenshaw Blvd. in Leimert Park,PRJ-20260814-0036,Affordable housing coming to 4345 S. Crenshaw Blvd. in Leimert Park,4345 s crenshaw blvd,4345 S. Crenshaw Blvd,Los Angeles / California,Los Angeles,Unknown,Unknown,Affordable Housing,asset_parcel_intelligence.csv,1,80,address/location + market match,,No,Matched across 1 source file(s): asset_parcel_intelligence.csv
2026-08-14,20260814-232136-af068659,Affordable housing proposed at 1058 N. Kingsley Dr. in East Hollywood,PRJ-20260814-0002,Affordable housing proposed at 1058 N. Kingsley Dr. in East Hollywood,1058 n kingsley dr,1058 N. Kingsley Dr,Los Angeles / California,East Hollywood,Unknown,Unknown,Affordable Housing,asset_parcel_intelligence.csv,1,80,address/location + market match,,No,Matched across 1 source file(s): asset_parcel_intelligence.csv
2026-08-14,20260814-232136-af068659,Atlanta Beltline Advancing 218-Unit Affordable Apartment Project,PRJ-20260814-0028,Atlanta Beltline Advancing 218-Unit Affordable Apartment Project,350 chappell rd,350 Chappell Road,Atlanta / Georgia,Atlanta,Unknown,Unknown,Apartment,asset_parcel_intelligence.csv,1,80,address/location + market match,,No,Matched across 1 source file(s): asset_parcel_intelligence.csv
2026-08-14,20260814-232136-af068659,Atlanta Beltline Advancing 218-Unit Affordable Apartment Project,PRJ-20260814-0029,Atlanta Beltline Advancing 218-Unit Affordable Apartment Project,350 chappell rd,350 Chappell Road,Other / Unknown,Los Angeles,Unknown,Unknown,Apartment,la_asset_watch.csv,1,80,address/location + market match,,No,Matched across 1 source file(s): la_asset_watch.csv
2026-08-14,20260814-232136-af068659,BXP Signs on as Development Advisor for Unfinished Oceanwide Tower Mixed-Use Project in San Francisco,PRJ-20260814-0108,BXP Signs on as Development Advisor for Unfinished Oceanwide Tower Mixed-Use Project in San Francisco,los angeles california,Los Angeles / California,Other / Unknown,Los Angeles,Unknown,Unknown,Mixed-Use Residential,la_asset_watch.csv,1,80,address/location + market match,,No,Matched across 1 source file(s): la_asset_watch.csv
2026-08-14,20260814-232136-af068659,Co-Living Complex Near UCLA Will Become Multifamily Student Housing Building,PRJ-20260814-0010,Co-Living Complex Near UCLA Will Become Multifamily Student Housing Building,1775 beloit ave,1775 Beloit Ave,Los Angeles / California,Unknown,Unknown,Unknown,Student Housing,asset_parcel_intelligence.csv,1,80,address/location + market match,,No,Matched across 1 source file(s): asset_parcel_intelligence.csv
2026-08-14,20260814-232136-af068659,Co-Living Complex Near UCLA Will Become Multifamily Student Housing Building,PRJ-20260814-0011,Co-Living Complex Near UCLA Will Become Multifamily Student Housing Building,1775 beloit ave,1775 Beloit Ave,Other / Unknown,Los Angeles,Unknown,Unknown,Student Housing,la_asset_watch.csv,1,80,address/location + market match,,No,Matched across 1 source file(s): la_asset_watch.csv
2026-08-14,20260814-232136-af068659,Costa Mesa Multifamily Changes Hands for Value-Add Repositioning,PRJ-20260814-0012,Costa Mesa Multifamily Changes Hands for Value-Add Repositioning,1990 maple ave,1990 Maple Ave,California,Costa Mesa,Unknown,Unknown,Apartment,asset_parcel_intelligence.csv,1,80,address/location + market match,,No,Matched across 1 source file(s): asset_parcel_intelligence.csv
2026-08-14,20260814-232136-af068659,Costa Mesa Multifamily Changes Hands for Value-Add Repositioning,PRJ-20260814-0013,Costa Mesa Multifamily Changes Hands for Value-Add Repositioning,1990 maple ave,1990 Maple Ave,Other / Unknown,Los Angeles,Unknown,Unknown,Apartment,la_asset_watch.csv,1,80,address/location + market match,,No,Matched across 1 source file(s): la_asset_watch.csv
2026-08-14,20260814-232136-af068659,Cushman & Wakefield Arranges $19.9M in Acquisition Financing for Medical Office Buildings in Scottsdale,PRJ-20260814-0179,Cushman & Wakefield Arranges $19.9M in Acquisition Financing for Medical Office Buildings in Scottsdale,scottsdale,Scottsdale,Other / Unknown,Los Angeles,Unknown,Unknown,General Residential,la_asset_watch.csv,1,80,address/location + market match,,No,Matched across 1 source file(s): la_asset_watch.csv
2026-08-14,20260814-232136-af068659,Development Start - Dallas / Texas - Teeple Adding 312-Unit Student Housing Project to Texas A&M Offering,PRJ-20260814-0081,Development Start - Dallas / Texas - Teeple Adding 312-Unit Student Housing Project to Texas A&M Offering,dallas,Dallas,Dallas / Texas,Dallas,Unknown,Unknown,Student Housing,deal_pipeline.csv,1,80,address/location + market match,,No,Matched across 1 source file(s): deal_pipeline.csv
2026-08-14,20260814-232136-af068659,Entitlement / Permitting - Los Angeles / California - 405 apartments take shape at 6728 Sepulveda Blvd. in Van Nuys,PRJ-20260814-0047,Entitlement / Permitting - Los Angeles / California - 405 apartments take shape at 6728 Sepulveda Blvd. in Van Nuys,6728 sepulveda blvd,6728 Sepulveda Blvd,California,Los Angeles,Unknown,Unknown,Affordable Housing,asset_parcel_intelligence.csv,1,80,address/location + market match,,No,Matched across 1 source file(s): asset_parcel_intelligence.csv
2026-08-14,20260814-232136-af068659,Entitlement / Permitting - Los Angeles / California - Affordable housing proposed at 1058 N. Kingsley Dr. in East Hollywood,PRJ-20260814-0001,Entitlement / Permitting - Los Angeles / California - Affordable housing proposed at 1058 N. Kingsley Dr. in East Hollywood,1058 n kingsley dr,1058 N. Kingsley Dr,California,Los Angeles,Unknown,Unknown,Affordable Housing,asset_parcel_intelligence.csv,1,80,address/location + market match,,No,Matched across 1 source file(s): asset_parcel_intelligence.csv
2026-08-14,20260814-232136-af068659,Entitlement / Permitting - Los Angeles / California - L.A. City Planning Commission approves 379 apartments at 3200 S. La Cienega Blvd.,PRJ-20260814-0025,Entitlement / Permitting - Los Angeles / California - L.A. City Planning Commission approves 379 apartments at 3200 S. La Cienega Blvd.,3200 s la cienega blvd,3200 S. La Cienega Blvd,California,Los Angeles,Unknown,Unknown,Affordable Housing,asset_parcel_intelligence.csv,1,80,address/location + market match,,No,Matched across 1 source file(s): asset_parcel_intelligence.csv
2026-08-14,20260814-232136-af068659,"Entitlement / Permitting - Other / Unknown - Updated Permits For 2712 Telegraph Avenue, Berkeley",PRJ-20260814-0016,"Entitlement / Permitting - Other / Unknown - Updated Permits For 2712 Telegraph Avenue, Berkeley",2712 telegraph ave,2712 Telegraph Avenue,Unknown,Unknown,Unknown,Unknown,Apartment,asset_parcel_intelligence.csv,1,80,address/location + market match,,No,Matched across 1 source file(s): asset_parcel_intelligence.csv
2026-08-14,20260814-232136-af068659,"Entitlement / Permitting - San Francisco / California - Permits Filed For 2740 McAllister Street, San Francisco",PRJ-20260814-0019,"Entitlement / Permitting - San Francisco / California - Permits Filed For 2740 McAllister Street, San Francisco",2740 mcallister st,2740 McAllister Street,Unknown,San Francisco,Unknown,Unknown,Apartment,asset_parcel_intelligence.csv,1,80,address/location + market match,,No,Matched across 1 source file(s): asset_parcel_intelligence.csv
2026-08-14,20260814-232136-af068659,General Project Signal - Dallas / Texas - Trademark Completes 321-Unit Vickery Apartments in Downtown Fort Worth,PRJ-20260814-0085,General Project Signal - Dallas / Texas - Trademark Completes 321-Unit Vickery Apartments in Downtown Fort Worth,fort worth,Fort Worth,Dallas / Texas,Fort Worth,Unknown,Unknown,Apartment,deal_pipeline.csv,1,80,address/location + market match,,No,Matched across 1 source file(s): deal_pipeline.csv
2026-08-14,20260814-232136-af068659,General Project Signal - Los Angeles / California - Affordable housing coming to 4345 S. Crenshaw Blvd. in Leimert Park,PRJ-20260814-0035,General Project Signal - Los Angeles / California - Affordable housing coming to 4345 S. Crenshaw Blvd. in Leimert Park,4345 s crenshaw blvd,4345 S. Crenshaw Blvd,California,Los Angeles,Unknown,Unknown,Affordable Housing,asset_parcel_intelligence.csv,1,80,address/location + market match,,No,Matched across 1 source file(s): asset_parcel_intelligence.csv
2026-08-14,20260814-232136-af068659,General Project Signal - National - Mixed-use senior housing project slated for 540 S. Lake Ave. in Pasadena,PRJ-20260814-0042,General Project Signal - National - Mixed-use senior housing project slated for 540 S. Lake Ave. in Pasadena,540 s lake ave,540 S. Lake Ave,Unknown,Unknown,Unknown,Unknown,Senior Housing,asset_parcel_intelligence.csv,1,80,address/location + market match,,No,Matched across 1 source file(s): asset_parcel_intelligence.csv
2026-08-14,20260814-232136-af068659,Hines Announces Plans for SouthPark Mixed-Use Multifamily Venture in Atlanta,PRJ-20260814-0043,Hines Announces Plans for SouthPark Mixed-Use Multifamily Venture in Atlanta,6555 carnegie blvd,6555 Carnegie Blvd,Atlanta / Georgia,Atlanta,Unknown,Unknown,Mixed-Use Residential,asset_parcel_intelligence.csv,1,80,address/location + market match,,No,Matched across 1 source file(s): asset_parcel_intelligence.csv
2026-08-14,20260814-232136-af068659,Hines Announces Plans for SouthPark Mixed-Use Multifamily Venture in Atlanta,PRJ-20260814-0044,Hines Announces Plans for SouthPark Mixed-Use Multifamily Venture in Atlanta,6555 carnegie blvd,6555 Carnegie Blvd,Other / Unknown,Los Angeles,Unknown,Unknown,Mixed-Use Residential,la_asset_watch.csv,1,80,address/location + market match,,No,Matched across 1 source file(s): la_asset_watch.csv
2026-08-14,20260814-232136-af068659,"JV / Partnership - New York City / New York - Partnership Nears Completion of $158M Workforce Housing Project in Mount Vernon, New York",PRJ-20260814-0137,"JV / Partnership - New York City / New York - Partnership Nears Completion of $158M Workforce Housing Project in Mount Vernon, New York",new york city,New York City,New York City / New York,New York City,Unknown,Unknown,Affordable Housing,deal_pipeline.csv,1,80,address/location + market match,,No,Matched across 1 source file(s): deal_pipeline.csv
2026-08-14,20260814-232136-af068659,L.A. City Planning Commission approves 379 apartments at 3200 S. La Cienega Blvd.,PRJ-20260814-0026,L.A. City Planning Commission approves 379 apartments at 3200 S. La Cienega Blvd.,3200 s la cienega blvd,3200 S. La Cienega Blvd,Los Angeles / California,Los Angeles,Unknown,Unknown,Affordable Housing,asset_parcel_intelligence.csv,1,80,address/location + market match,,No,Matched across 1 source file(s): asset_parcel_intelligence.csv
2026-08-14,20260814-232136-af068659,Mixed-use senior housing project slated for 540 S. Lake Ave. in Pasadena,PRJ-20260814-0040,Mixed-use senior housing project slated for 540 S. Lake Ave. in Pasadena,540 s lake ave,540 S. Lake Ave,National,Los Angeles,Unknown,Unknown,Senior Housing,asset_parcel_intelligence.csv,1,80,address/location + market match,,No,Matched across 1 source file(s): asset_parcel_intelligence.csv
2026-08-14,20260814-232136-af068659,New Developer to Push Forward on Housing at 400 Divisadero Street in San Francisco,PRJ-20260814-0031,New Developer to Push Forward on Housing at 400 Divisadero Street in San Francisco,400 divisadero st,400 Divisadero Street,Other / Unknown,Los Angeles,Unknown,Unknown,General Residential,la_asset_watch.csv,1,80,address/location + market match,,No,Matched across 1 source file(s): la_asset_watch.csv
2026-08-14,20260814-232136-af068659,New Developer to Push Forward on Housing at 400 Divisadero Street in San Francisco,PRJ-20260814-0032,New Developer to Push Forward on Housing at 400 Divisadero Street in San Francisco,400 divisadero st,400 Divisadero Street,San Francisco / California,Unknown,Unknown,Unknown,General Residential,asset_parcel_intelligence.csv,1,80,address/location + market match,,No,Matched across 1 source file(s): asset_parcel_intelligence.csv
2026-08-14,20260814-232136-af068659,"Office-to-Residential Conversion - California - Meeting Tonight for 3101 Sacramento Street, South Berkeley",PRJ-20260814-0166,"Office-to-Residential Conversion - California - Meeting Tonight for 3101 Sacramento Street, South Berkeley",sacramento,Sacramento,Other / Unknown,Sacramento,Unknown,Unknown,Mixed-Use Residential,la_entitlement_watch.csv,1,80,address/location + market match,,No,Matched across 1 source file(s): la_entitlement_watch.csv
2026-08-14,20260814-232136-af068659,Office-to-Residential Conversion - Los Angeles / California - Residential conversion planned for office building at 1650 S. Westwood Blvd.,PRJ-20260814-0007,Office-to-Residential Conversion - Los Angeles / California - Residential conversion planned for office building at 1650 S. Westwood Blvd.,1650 s westwood blvd,1650 S. Westwood Blvd,California,Los Angeles,Unknown,Unknown,Office-to-Residential Conversion,asset_parcel_intelligence.csv,1,80,address/location + market match,,No,Matched across 1 source file(s): asset_parcel_intelligence.csv
2026-08-14,20260814-232136-af068659,"Permits Filed For 2740 McAllister Street, San Francisco",PRJ-20260814-0018,"Permits Filed For 2740 McAllister Street, San Francisco",2740 mcallister st,2740 McAllister Street,San Francisco / California,Unknown,Unknown,Unknown,Apartment,asset_parcel_intelligence.csv,1,80,address/location + market match,,No,Matched across 1 source file(s): asset_parcel_intelligence.csv
2026-08-14,20260814-232136-af068659,Refinancing - Houston / Texas - Northmarq Arranges Refinance for 342-Unit Mid-Rise Multifamily Community in Houston,PRJ-20260814-0094,Refinancing - Houston / Texas - Northmarq Arranges Refinance for 342-Unit Mid-Rise Multifamily Community in Houston,houston,Houston,Houston / Texas,Houston,Unknown,northmarq,Multifamily,deal_pipeline.csv,1,80,address/location + market match,,No,Matched across 1 source file(s): deal_pipeline.csv
2026-08-14,20260814-232136-af068659,Related Planning Apartments on Site at Fort Lauderdale Office Park,PRJ-20260814-0045,Related Planning Apartments on Site at Fort Lauderdale Office Park,6700 n andrews ave,6700 N. Andrews Ave,Miami / Florida,Unknown,Unknown,Unknown,Apartment,asset_parcel_intelligence.csv,1,80,address/location + market match,,No,Matched across 1 source file(s): asset_parcel_intelligence.csv
2026-08-14,20260814-232136-af068659,Related Planning Apartments on Site at Fort Lauderdale Office Park,PRJ-20260814-0046,Related Planning Apartments on Site at Fort Lauderdale Office Park,6700 n andrews ave,6700 N. Andrews Ave,Other / Unknown,Los Angeles,Unknown,Unknown,Apartment,la_asset_watch.csv,1,80,address/location + market match,,No,Matched across 1 source file(s): la_asset_watch.csv
2026-08-14,20260814-232136-af068659,Related Planning Apartments on Site at Fort Lauderdale Office Park,PRJ-20260814-0184,Related Planning Apartments on Site at Fort Lauderdale Office Park,south florida,South Florida,Other / Unknown,Los Angeles,Unknown,Unknown,Apartment,la_asset_watch.csv,1,80,address/location + market match,,No,Matched across 1 source file(s): la_asset_watch.csv
2026-08-14,20260814-232136-af068659,Residential conversion planned for office building at 1650 S. Westwood Blvd.,PRJ-20260814-0008,Residential conversion planned for office building at 1650 S. Westwood Blvd.,1650 s westwood blvd,1650 S. Westwood Blvd,Los Angeles / California,Los Angeles,Unknown,Unknown,Office-to-Residential Conversion,asset_parcel_intelligence.csv,1,80,address/location + market match,,No,Matched across 1 source file(s): asset_parcel_intelligence.csv
2026-08-14,20260814-232136-af068659,Rockwell Pays $42M for 182-Unit Scottsdale Rental Community,PRJ-20260814-0022,Rockwell Pays $42M for 182-Unit Scottsdale Rental Community,3015 north hayden rd,3015 North Hayden Road,Phoenix / Arizona,Phoenix,Unknown,Unknown,Apartment,asset_parcel_intelligence.csv,1,80,address/location + market match,,No,Matched across 1 source file(s): asset_parcel_intelligence.csv
2026-08-14,20260814-232136-af068659,Teeple Adding 312-Unit Student Housing Project to Texas A&M Offering,PRJ-20260814-0082,Teeple Adding 312-Unit Student Housing Project to Texas A&M Offering,dallas,Dallas,Other / Unknown,Los Angeles,Unknown,Unknown,Student Housing,la_asset_watch.csv,1,80,address/location + market match,,No,Matched across 1 source file(s): la_asset_watch.csv
2026-08-14,20260814-232136-af068659,Trademark Completes 321-Unit Vickery Apartments in Downtown Fort Worth,PRJ-20260814-0086,Trademark Completes 321-Unit Vickery Apartments in Downtown Fort Worth,fort worth,Fort Worth,Other / Unknown,Los Angeles,Unknown,Unknown,Apartment,la_asset_watch.csv,1,80,address/location + market match,,No,Matched across 1 source file(s): la_asset_watch.csv
2026-08-14,20260814-232136-af068659,Value-Add Golden Hill Apartments Trade in 1031 Exchange,PRJ-20260814-0020,Value-Add Golden Hill Apartments Trade in 1031 Exchange,3013 c st,3013 C St,California,Unknown,Unknown,Unknown,Apartment,asset_parcel_intelligence.csv,1,80,address/location + market match,,No,Matched across 1 source file(s): asset_parcel_intelligence.csv
2026-08-14,20260814-232136-af068659,Value-Add Golden Hill Apartments Trade in 1031 Exchange,PRJ-20260814-0021,Value-Add Golden Hill Apartments Trade in 1031 Exchange,3013 c st,3013 C St,Other / Unknown,Los Angeles,Unknown,Unknown,Apartment,la_asset_watch.csv,1,80,address/location + market match,,No,Matched across 1 source file(s): la_asset_watch.csv
