run_date,run_id,canonical_project_id,canonical_project_name,project_identity_confidence,lifecycle_id,canonical_article_id,title,original_url,published,summary,article_integrity_status,article_integrity_reason,primary_display_section,secondary_display_sections,repeat_exposure_status,has_project_anchor,project_anchor_reason,project_anchor_confidence,development_lifecycle_hint,published_date_normalized,collected_date_normalized,article_age_days,freshness_bucket,freshness_status,freshness_reason,freshness_score,access_status,extracted_city,extracted_state,extracted_market_reason,canonical_asset_or_project_name,market,city_or_submarket,residential_sector,gp_or_developer,lender_or_capital_partner,current_lifecycle_stage,primary_development_category,primary_category_reason,previous_lifecycle_stage_if_known,lifecycle_progression_signal,lifecycle_risk_score,lifecycle_opportunity_score,timing_bucket,entitlement_complexity_flag,financing_dependency_flag,construction_execution_flag,lease_up_risk_flag,woomi_lifecycle_relevance,recommended_lifecycle_follow_up,evidence_signals,source_article_title,source,url,confidence_level
2026-08-11,20260811-234049-01f9b98d,PRJ-20260811-0057,Refinancing - Dallas / Texas - New 300-Unit Dallas Apartment Community Receives Financing,100,LC-20260811-006,art_16075a411d5c30ae,New 300-Unit Dallas Apartment Community Receives Financing,https://yieldpro.com/2026/08/standard-at-royal-lane/,"Tue, 11 Aug 2026 19:01:01 +0000","Deal boom News Facebook Twitter Linkedin JLL Capital Markets announced that it has secured a refinancing for Standard at Royal Lane , a newly constructed 300-unit Class A mixed-income multifamily community in Dallas, Texas. JLL represented the borrower, LDG Development, LLC. The lender was TPG Real Estate Credit. The Standard at Royal Lane, located at 2727 Royal Ln. in Northwest Dallas, features thoughtfully designed floor plans ranging from spacious one- to expansive four-bedroom layouts across",suspicious_mismatch,title/source/url metadata are internally consistent; title and original_url slug appear to reference different articles,Development Activity,GP / Capital Activity,new_or_fresh,,,,,2026-08-11,2026-08-11,,fresh_0_3d,fresh,published date parsed; article age 0 day(s),100,open,,,,Refinancing - Dallas / Texas - New 300-Unit Dallas Apartment Community Receives Financing,Unknown,Dallas,Affordable Housing,JLL,JLL,Refinancing / Recapitalization,excluded,transaction / capital guard: refinancing,,Mature / Operating,51,100,Unknown Timing,Low,High,Low,Low,Relevant to acquisition / JV timing,"Track lender, maturity, debt terms, and recapitalization need",Refinancing / Recapitalization; Refinancing / Recapitalization; No explicit timing reference,New 300-Unit Dallas Apartment Community Receives Financing,Yield PRO,https://yieldpro.com/2026/08/standard-at-royal-lane/,High
2026-08-11,20260811-234049-01f9b98d,PRJ-20260811-0149,Refinancing - Seattle - JLL Arranges $42M Fannie Mae Refinancing for Portland-Area Multifamily,100,LC-20260811-001,art_76d7519ca0d6dc32,JLL Arranges $42M Fannie Mae Refinancing for Portland-Area Multifamily,https://www.connectcre.com/stories/jll-arranges-42m-fannie-mae-refinancing-for-portland-area-multifamily/,"Tue, 11 Aug 2026 19:32:23 +0000","Seattle & Northwest CRE News In Your Inbox. Sign up for Connect emails to stay informed with CRE stories that are 150 words or less. Seattle & Northwest + Portland + Apartments | August 11, 2026 By: Jasmine Kilman JLL Arranges $42M Fannie Mae Refinancing for Portland-Area Multifamily JLL has arranged $42 million in financing for Portola Bridge Creek, a 270-unit, garden-style apartment community in Vancouver, Washington. JLL worked on behalf of the borrower, SB Real Estate Partners (SBREP) , whic",valid,title/source/url metadata are internally consistent,Development Activity,GP / Capital Activity,new_or_fresh,,,,,2026-08-11,2026-08-11,,fresh_0_3d,fresh,published date parsed; article age 0 day(s),100,open,,,,Refinancing - Seattle - JLL Arranges $42M Fannie Mae Refinancing for Portland-Area Multifamily,Seattle,Seattle,Apartment,JLL,Fannie Mae,Refinancing / Recapitalization,excluded,transaction / capital guard: refinancing,,Mature / Operating,49,100,Unknown Timing,Low,High,Low,Low,Relevant to acquisition / JV timing,"Track lender, maturity, debt terms, and recapitalization need",Refinancing / Recapitalization; Refinancing / Recapitalization; No explicit timing reference,JLL Arranges $42M Fannie Mae Refinancing for Portland-Area Multifamily,Connect CRE Apartments,https://www.connectcre.com/stories/jll-arranges-42m-fannie-mae-refinancing-for-portland-area-multifamily/,High
2026-08-11,20260811-234049-01f9b98d,PRJ-20260811-0162,Refinancing - Washington DC - JLL Secures $40.5M Refinancing for Portland’s Lloyd District Multifamily Gem Amid Pacific...,100,LC-20260811-004,art_6cb773df1eb23ba8,JLL Secures $40.5M Refinancing for Portland’s Lloyd District Multifamily Gem Amid Pacific Northwest Investment Surge,https://yieldpro.com/2026/08/the-payton/,"Tue, 11 Aug 2026 18:51:35 +0000","Deal boom News Pacific region Facebook Twitter Linkedin JLL Capital Markets announced that it has secured a $40.5 million refinancing for The Payton , a 162-unit Class A+ multifamily property in Portland, Oregon. JLL represented the borrower, ColRich, in arranging the five-year (including extensions), floating-rate loan through Prime Finance. The Payton, located at 2020 NE Multnomah St., is a seven-story mid-rise community built in 2019 with condominium-quality finishes. The property sits at the",valid,title/source/url metadata are internally consistent,Development Activity,GP / Capital Activity,new_or_fresh,,,,,2026-08-11,2026-08-11,,fresh_0_3d,fresh,published date parsed; article age 0 day(s),100,open,,,,Refinancing - Washington DC - JLL Secures $40.5M Refinancing for Portland’s Lloyd District Multifamily Gem Amid Pacific...,Unknown,Washington DC,Multifamily,JLL,JLL,Refinancing / Recapitalization,excluded,transaction / capital guard: refinancing,,Mature / Operating,48,100,Unknown Timing,Low,High,Low,Low,Relevant to acquisition / JV timing,"Track lender, maturity, debt terms, and recapitalization need",Refinancing / Recapitalization; Refinancing / Recapitalization; No explicit timing reference,JLL Secures $40.5M Refinancing for Portland’s Lloyd District Multifamily Gem Amid Pacific Northwest Investment Surge,Yield PRO,https://yieldpro.com/2026/08/the-payton/,High
2026-08-11,20260811-234049-01f9b98d,PRJ-20260811-0057,Refinancing - Dallas / Texas - New 300-Unit Dallas Apartment Community Receives Financing,100,LC-20260811-011,art_16075a411d5c30ae,New 300-Unit Dallas Apartment Community Receives Financing,https://yieldpro.com/2026/08/standard-at-royal-lane/,"Tue, 11 Aug 2026 19:01:01 +0000","Deal boom News Facebook Twitter Linkedin JLL Capital Markets announced that it has secured a refinancing for Standard at Royal Lane , a newly constructed 300-unit Class A mixed-income multifamily community in Dallas, Texas. JLL represented the borrower, LDG Development, LLC. The lender was TPG Real Estate Credit. The Standard at Royal Lane, located at 2727 Royal Ln. in Northwest Dallas, features thoughtfully designed floor plans ranging from spacious one- to expansive four-bedroom layouts across",suspicious_mismatch,title/source/url metadata are internally consistent; title and original_url slug appear to reference different articles,Development Activity,GP / Capital Activity,new_or_fresh,True,unit/site count: 300-unit; address/street: 2727 royal ln; project/asset term: development,high,Project Financing / Capital Event,2026-08-11,2026-08-11,0,fresh_0_3d,fresh,published date parsed; article age 0 day(s),100,open,,,,New 300-Unit Dallas Apartment Community Receives Financing,Dallas / Texas,Dallas,Affordable Housing,JLL,Unknown,Refinancing / Recapitalization,excluded,transaction / capital guard: refinancing,,Mature / Operating,43,100,Unknown Timing,Low,High,Low,Low,Relevant to acquisition / JV timing,"Track lender, maturity, debt terms, and recapitalization need",Refinancing / Recapitalization; Refinancing / Recapitalization; No explicit timing reference,New 300-Unit Dallas Apartment Community Receives Financing,Yield PRO,https://yieldpro.com/2026/08/standard-at-royal-lane/,High
2026-08-11,20260811-234049-01f9b98d,PRJ-20260811-0162,Refinancing - Washington DC - JLL Secures $40.5M Refinancing for Portland’s Lloyd District Multifamily Gem Amid Pacific...,100,LC-20260811-018,art_6cb773df1eb23ba8,JLL Secures $40.5M Refinancing for Portland’s Lloyd District Multifamily Gem Amid Pacific Northwest Investment Surge,https://yieldpro.com/2026/08/the-payton/,"Tue, 11 Aug 2026 18:51:35 +0000","Deal boom News Pacific region Facebook Twitter Linkedin JLL Capital Markets announced that it has secured a $40.5 million refinancing for The Payton , a 162-unit Class A+ multifamily property in Portland, Oregon. JLL represented the borrower, ColRich, in arranging the five-year (including extensions), floating-rate loan through Prime Finance. The Payton, located at 2020 NE Multnomah St., is a seven-story mid-rise community built in 2019 with condominium-quality finishes. The property sits at the",valid,title/source/url metadata are internally consistent,Development Activity,GP / Capital Activity,new_or_fresh,True,unit/site count: 162-unit; address/street: 2020 ne multnomah st; project/asset term: community,high,Project Financing / Capital Event,2026-08-11,2026-08-11,0,fresh_0_3d,fresh,published date parsed; article age 0 day(s),100,open,,,,JLL Secures $40.5M Refinancing for Portland’s Lloyd District Multifamily Gem Amid Pacific Northwest Investment Surge,Washington DC,Unknown,Multifamily,JLL,Unknown,Refinancing / Recapitalization,excluded,transaction / capital guard: refinancing,,Mature / Operating,40,100,Unknown Timing,Low,High,Low,Low,Relevant to acquisition / JV timing,"Track lender, maturity, debt terms, and recapitalization need",Refinancing / Recapitalization; Refinancing / Recapitalization; in 2019,JLL Secures $40.5M Refinancing for Portland’s Lloyd District Multifamily Gem Amid Pacific Northwest Investment Surge,Yield PRO,https://yieldpro.com/2026/08/the-payton/,High
2026-08-11,20260811-234049-01f9b98d,PRJ-20260811-0099,Construction Financing - Miami / Florida - Coastland Residential Lands $85M to Build Miami-Dade Rental,100,LC-20260811-002,art_47de8f29e40e8840,Coastland Residential Lands $85M to Build Miami-Dade Rental,https://commercialobserver.com/2026/08/coastland-miami-dade-vybe-75-housing-development/,"Tue, 11 Aug 2026 17:55:54 +0000","Residential · Multifamily Miami Finance · Construction Financing Coastland Residential Lands $85M to Build Miami-Dade Rental The eight-story development will feature 366 units By Julia Echikson August 11, 2026 1:55 pm reprints Anthony Seijas, Principal of Coastland Residential, and a rendering of Vybe 75 at 4383 Southwest 75th Avenue, Miami. PHOTO and RENDERING: Courtesy Coastland Residential Coastland Residential has nabbed a $84.5 million construction loan for a multifamily development near Tr",valid,title/source/url metadata are internally consistent,Development Activity,GP / Capital Activity,new_or_fresh,,,,,2026-08-11,2026-08-11,,fresh_0_3d,fresh,published date parsed; article age 0 day(s),100,open,,,,Construction Financing - Miami / Florida - Coastland Residential Lands $85M to Build Miami-Dade Rental,Unknown,Miami,Apartment,IPA,Unknown,Site Acquisition / Site Control,site_parcel_activity,site/parcel signal with project anchor: to build,,Reappearing,34,100,Unknown Timing,Low,Low,Low,Low,Relevant to acquisition / JV timing,Monitor lifecycle signal for repeated confirmation,Site Acquisition / Site Control; Acquisition / Site Control; No explicit timing reference,Coastland Residential Lands $85M to Build Miami-Dade Rental,Commercial Observer,https://commercialobserver.com/2026/08/coastland-miami-dade-vybe-75-housing-development/,High
2026-08-11,20260811-234049-01f9b98d,PRJ-20260811-0047,"Acquisition - California - Jackson Square Properties Acquires Multifamily Community in Marina del Rey, California for...",100,LC-20260811-003,art_9e3533e3ea6b164c,"Jackson Square Properties Acquires Multifamily Community in Marina del Rey, California for $170M",https://rebusinessonline.com/jackson-square-properties-acquires-multifamily-community-in-marina-del-rey-california-for-170m/,2026-08-11T13:24:31Z,"Located in Marina del Rey, Calif., Shores features 544 apartments spread across 12 interconnected buildings, a swimming pool, landscaped courtyards, dual spas, fire pits and key terraces. Acquisitions California Multifamily Western Jackson Square Properties Acquires Multifamily Community in Marina del Rey, California for $170M by Amy Works August 11, 2026 August 11, 2026 6 MARINA DEL REY, CALIF. — Affiliates of Jackson Square Properties have acquired Shores, an apartment property in the coastal ",valid,title/source/url metadata are internally consistent,Development Activity,GP / Capital Activity,new_or_fresh,,,,,2026-08-11,2026-08-11,,fresh_0_3d,fresh,published date parsed; article age 0 day(s),100,open,,,,"Acquisition - California - Jackson Square Properties Acquires Multifamily Community in Marina del Rey, California for...",California,California,Apartment,JLL,JLL,Unknown Stage,excluded,transaction / capital guard: acquisition,,Reappearing,23,100,Unknown Timing,Unknown,Unknown,Unknown,Unknown,General monitoring,Monitor lifecycle signal for repeated confirmation,Unknown Stage; General Asset Signal; No explicit timing reference,"Jackson Square Properties Acquires Multifamily Community in Marina del Rey, California for $170M",REBusiness Online,https://rebusinessonline.com/jackson-square-properties-acquires-multifamily-community-in-marina-del-rey-california-for-170m/,High
2026-08-11,20260811-234049-01f9b98d,PRJ-20260811-0158,Entitlement / Permitting - Texas - Completion nears for mixed-use project at 939 W. Manchester Blvd. in Inglewood,100,LC-20260811-005,art_0e090711e3965065,Completion nears for mixed-use project at 939 W. Manchester Blvd. in Inglewood,https://la.urbanize.city/post/completion-nears-mixed-use-project-939-w-manchester-blvd-inglewood,"Fri, 07 Aug 2026 13:15:00 +0000","Completion nears for mixed-use project at 939 W. Manchester Blvd. in Inglewood | Urbanize LA Skip to main content Advertisement Advertisement In Inglewood , construction is in the home stretch for a mixed-use apartment complex Texas-based developer JPI. The project, which replaced a car wash near the K Line at 939 W. Manchester Boulevard , was originally known as the Jefferson, but has since been rebranded as The Landing . It consists of an eight-story building featuring 222 studio, one-, and tw",valid,title/source/url metadata are internally consistent,Development Activity,,repeat_penalized,,,,,2026-08-07,2026-08-11,4,fresh_0_3d,fresh,published date parsed; article age 4 day(s),54,access_limited,,,,Entitlement / Permitting - Texas - Completion nears for mixed-use project at 939 W. Manchester Blvd. in Inglewood,Texas,Texas,Affordable Housing,JPI,Unknown,Delivery / Opening,construction_delivery_watch,matched completion,Delivery / Opening,Mature / Operating,13,100,Unknown Timing,Low,Low,Low,Medium,Relevant to underwriting benchmark,"Benchmark delivery, lease-up, occupancy, and rent assumptions",Delivery / Opening; Entitlement Play; No explicit timing reference,Completion nears for mixed-use project at 939 W. Manchester Blvd. in Inglewood,Urbanize LA,https://la.urbanize.city/post/completion-nears-mixed-use-project-939-w-manchester-blvd-inglewood,High
2026-08-11,20260811-234049-01f9b98d,PRJ-20260811-0071,"JV / Partnership - Houston / Texas - Hines, Harris Land to Develop Mixed-Use Campus in Charlotte’s SouthPark District",100,LC-20260811-012,art_8f25615a54db7a21,"Hines, Harris Land to Develop Mixed-Use Campus in Charlotte’s SouthPark District",https://rebusinessonline.com/hines-harris-land-to-develop-mixed-use-campus-in-charlottes-southpark-district/,2026-08-11T13:05:20Z,"The Gallery SouthPark in Charlotte will feature a 250,000-square-foot office building and a 19-story residential building. Development Mixed-Use Multifamily North Carolina Office Southeast Hines, Harris Land to Develop Mixed-Use Campus in Charlotte’s SouthPark District by John Nelson August 11, 2026 August 11, 2026 2 CHARLOTTE, N.C. — A joint venture between Houston-based Hines and locally based Harris Land Co. plans to develop The Gallery SouthPark, a mixed-use campus located along Carnegie Bou",valid,title/source/url metadata are internally consistent,Development Activity,GP / Capital Activity,new_or_fresh,,,,,2026-08-11,2026-08-11,,fresh_0_3d,fresh,published date parsed; article age 0 day(s),100,open,,,,"JV / Partnership - Houston / Texas - Hines, Harris Land to Develop Mixed-Use Campus in Charlotte’s SouthPark District",Unknown,Houston,Mixed-Use Residential,Hines,JLL,Site Acquisition / Site Control,excluded,no clear development milestone,,Reappearing,10,100,Unknown Timing,Low,Low,Low,Low,Relevant to acquisition / JV timing,Monitor lifecycle signal for repeated confirmation,Site Acquisition / Site Control; General Asset Signal; No explicit timing reference,"Hines, Harris Land to Develop Mixed-Use Campus in Charlotte’s SouthPark District",REBusiness Online,https://rebusinessonline.com/hines-harris-land-to-develop-mixed-use-campus-in-charlottes-southpark-district/,High
2026-08-11,20260811-234049-01f9b98d,PRJ-20260811-0049,Disposition / Exit - California - Costa Mesa Multifamily Changes Hands for Value-Add Repositioning,100,LC-20260811-007,art_6595ac6c3493f1ac,Costa Mesa Multifamily Changes Hands for Value-Add Repositioning,https://www.connectcre.com/stories/costa-mesa-multifamily-changes-hands-for-value-add-repositioning/,"Wed, 29 Jul 2026 21:36:05 +0000","California CRE News In Your Inbox. Sign up for Connect emails to stay informed with CRE stories that are 150 words or less. California + Orange County + Apartments | July 29, 2026 By: Paul Bubny Costa Mesa Multifamily Changes Hands for Value-Add Repositioning Marcus & Millichap finalized the sale of 1990 Maple Ave., a 41-unit multifamily property in Costa Mesa. The property sold for $16.9 million or $412,195 per unit, approximately $550,000 above the property’s 2018 selling price. “Sundance West",valid,title/source/url metadata are internally consistent,Development Activity,GP / Capital Activity,repeat_penalized,,,,,2026-07-29,2026-08-11,13,recent_4_14d,recent,published date parsed; article age 13 day(s),55,open,,,,Disposition / Exit - California - Costa Mesa Multifamily Changes Hands for Value-Add Repositioning,California,California,Apartment,Marcus & Millichap,Unknown,Unknown Stage,excluded,transaction / capital guard: disposition,Unknown Stage,Reappearing,22,95,Unknown Timing,Unknown,Unknown,Unknown,Unknown,General monitoring,Monitor lifecycle signal for repeated confirmation,Unknown Stage; General Asset Signal; No explicit timing reference,Costa Mesa Multifamily Changes Hands for Value-Add Repositioning,Connect CRE Orange County,https://www.connectcre.com/stories/costa-mesa-multifamily-changes-hands-for-value-add-repositioning/,High
2026-08-11,20260811-234049-01f9b98d,PRJ-20260811-0105,Refinancing - Nevada - Newmark Arranges $33.5M Agency Loan for Refinancing of Reno Multifamily Property,100,LC-20260811-021,art_a516f076d60ba52e,Newmark Arranges $33.5M Agency Loan for Refinancing of Reno Multifamily Property,https://rebusinessonline.com/newmark-arranges-33-5m-agency-loan-for-refinancing-of-reno-multifamily-property/,2026-08-11T13:22:26Z,"Campbell, Calif.-based Elan Multifamily Investments has obtained a $33.5 million refinancing loan for Ascent on Steamboat in Reno, Nev. Loans Multifamily Nevada Western Newmark Provides $33.5M Agency Loan for Refinancing of Reno Multifamily Property by Amy Works August 11, 2026 August 11, 2026 8 RENO, NEV. — Newmark has provided a $33.5 million Fannie Mae loan for the refinancing of Ascent on Steamboat, a 204-unit community in Reno that is owned by Elan Multifamily Investments. Newmark’s Lowell ",valid,title/source/url metadata are internally consistent,Development Activity,GP / Capital Activity,new_or_fresh,,,,,2026-08-11,2026-08-11,,fresh_0_3d,fresh,published date parsed; article age 0 day(s),100,open,,,,Refinancing - Nevada - Newmark Arranges $33.5M Agency Loan for Refinancing of Reno Multifamily Property,Unknown,Nevada,Multifamily,Fannie Mae,Fannie Mae,Refinancing / Recapitalization,excluded,transaction / capital guard: refinancing,,Mature / Operating,49,94,Unknown Timing,Low,High,Low,Low,Relevant to acquisition / JV timing,"Track lender, maturity, debt terms, and recapitalization need",Refinancing / Recapitalization; Refinancing / Recapitalization; No explicit timing reference,Newmark Arranges $33.5M Agency Loan for Refinancing of Reno Multifamily Property,REBusiness Online,https://rebusinessonline.com/newmark-arranges-33-5m-agency-loan-for-refinancing-of-reno-multifamily-property/,High
2026-08-11,20260811-234049-01f9b98d,PRJ-20260811-0110,Construction Financing - New York City / New York - Affinius Capital Provides $40.7M Construction Loan for Upper Manhattan Multifamily Project,100,LC-20260811-020,art_ff7830154f5a8e81,Affinius Capital Provides $40.7M Construction Loan for Upper Manhattan Multifamily Project,https://rebusinessonline.com/affinius-capital-provides-40-7m-construction-loan-for-upper-manhattan-multifamily-project/,2026-08-11T14:21:10Z,"Haussmann Development's new mixed-income project at 16-20 Convent Ave. in Upper Manhattan will also utilize the Universal Affordability Preference (UAP) density bonus, enabling increased residential capacity in exchange for deeper affordability. Affordable Housing Development Loans Multifamily New York Northeast Affinius Capital Provides $40.7M Construction Loan for Upper Manhattan Multifamily Project by Taylor Williams August 11, 2026 August 11, 2026 5 NEW YORK CITY — Affinius Capital has provi",valid,title/source/url metadata are internally consistent,Development Activity,GP / Capital Activity,new_or_fresh,,,,,2026-08-11,2026-08-11,,fresh_0_3d,fresh,published date parsed; article age 0 day(s),100,open,,,,Construction Financing - New York City / New York - Affinius Capital Provides $40.7M Construction Loan for Upper Manhattan Multifamily Project,Unknown,New York City,Affordable Housing,Affinius Capital,Unknown,Refinancing / Recapitalization,excluded,transaction / capital guard: loan,,Mature / Operating,49,91,Unknown Timing,Low,High,Low,Low,Relevant to acquisition / JV timing,"Track lender, maturity, debt terms, and recapitalization need",Refinancing / Recapitalization; Refinancing / Recapitalization; No explicit timing reference,Affinius Capital Provides $40.7M Construction Loan for Upper Manhattan Multifamily Project,REBusiness Online,https://rebusinessonline.com/affinius-capital-provides-40-7m-construction-loan-for-upper-manhattan-multifamily-project/,High
2026-08-11,20260811-234049-01f9b98d,PRJ-20260811-0157,"JV / Partnership - Texas - JLL Negotiates Sale of 323,949 SF Office Campus in North San Antonio",100,LC-20260811-056,art_8dee8d08d1400b82,"JLL Negotiates Sale of 323,949 SF Office Campus in North San Antonio",https://rebusinessonline.com/jll-negotiates-sale-of-323949-sf-office-campus-in-north-san-antonio/,2026-08-11T14:49:23Z,"Located at 10101 Reunion Place and 10001 Reunion Place, Union Square is situated off U.S. Highway 281, just north of Loop 410 and immediately adjacent to the San Antonio International Airport. Acquisitions Office Texas JLL Negotiates Sale of 323,949 SF Office Campus in North San Antonio by Taylor Williams August 11, 2026 August 11, 2026 3 SAN ANTONIO — JLL has negotiated the sale of Union Square, a two-building, 323,949-square-foot office campus located on the north side of San Antonio. Building",valid,title/source/url metadata are internally consistent,GP / Capital Activity,,new_or_fresh,False,"no identifiable project, asset, site, address, or unit-count anchor",none,,2026-08-11,2026-08-11,0,fresh_0_3d,fresh,published date parsed; article age 0 day(s),100,open,,,,"JLL Negotiates Sale of 323,949 SF Office Campus in North San Antonio",Texas,Unknown,General Residential,JLL,Unknown,Unknown Stage,excluded,transaction / capital guard: sale,,Reappearing,34,90,Unknown Timing,Unknown,Unknown,Unknown,Unknown,General monitoring,Monitor lifecycle signal for repeated confirmation,Unknown Stage; General Asset Signal; 2026,"JLL Negotiates Sale of 323,949 SF Office Campus in North San Antonio",REBusiness Online,https://rebusinessonline.com/jll-negotiates-sale-of-323949-sf-office-campus-in-north-san-antonio/,High
2026-08-11,20260811-234049-01f9b98d,PRJ-20260811-0159,Refinancing - Other / Unknown - JLL Capital Markets Arranges $42M Fannie Mae Refinancing for SB Real Estate Partners,100,LC-20260811-009,art_6d876474a09bb051,JLL Capital Markets Arranges $42M Fannie Mae Refinancing for SB Real Estate Partners,https://yieldpro.com/2026/08/portola-bridge-creek/,"Tue, 11 Aug 2026 19:05:52 +0000","Deal boom News Pacific region Facebook Twitter Linkedin JLL Capital Markets announced that it has arranged $42 million in financing for Portola Bridge Creek , a 270-unit, garden-style apartment community in Vancouver, Washington. JLL worked on behalf of the borrower, SB Real Estate Partners (SBREP) , who has owned the property since 2022, to secure the five-year, fixed-rate loan through Fannie Mae. JLL also arranged a four-pack, $110M Freddie Mac refinance on behalf of SBREP in September of 2025",suspicious_mismatch,title/source/url metadata are internally consistent; title and original_url slug appear to reference different articles,Development Activity,GP / Capital Activity,new_or_fresh,,,,,2026-08-11,2026-08-11,,fresh_0_3d,fresh,published date parsed; article age 0 day(s),100,open,,,,Refinancing - Other / Unknown - JLL Capital Markets Arranges $42M Fannie Mae Refinancing for SB Real Estate Partners,Unknown,Unknown,Apartment,JLL,Fannie Mae,Refinancing / Recapitalization,excluded,transaction / capital guard: refinancing,,Mature / Operating,52,89,Unknown Timing,Low,High,Low,Low,Relevant to acquisition / JV timing,"Track lender, maturity, debt terms, and recapitalization need",Refinancing / Recapitalization; Refinancing / Recapitalization; No explicit timing reference,JLL Capital Markets Arranges $42M Fannie Mae Refinancing for SB Real Estate Partners,Yield PRO,https://yieldpro.com/2026/08/portola-bridge-creek/,High
2026-08-11,20260811-234049-01f9b98d,PRJ-20260811-0138,Disposition / Exit - Phoenix / Arizona - Institutional Property Advisors Closes Class A Multifamily Asset Sale in Suburban Phoenix,100,LC-20260811-027,art_a066ecb4d7de5eb9,Institutional Property Advisors Closes Class A Multifamily Asset Sale in Suburban Phoenix,https://yieldpro.com/2026/08/parc-roundtree-ranch/,"Tue, 11 Aug 2026 18:48:53 +0000","Deal boom Mountain region News Facebook Twitter Linkedin Institutional Property Advisors (IPA) , a division of Marcus & Millichap (NYSE: MMI) dedicated to serving the company’s institutional clients, announced the sale of Parc Roundtree Ranch , a 275-unit multifamily property in Peoria, Arizona. “Located in the West Valley’s most affluent municipality and emerging high-tech employment corridor, Parc Roundtree Ranch is distinguished by its low-density, amenity-rich site plan and open-concept, lar",suspicious_mismatch,title/source/url metadata are internally consistent; title and original_url slug appear to reference different articles,Development Activity,GP / Capital Activity,new_or_fresh,,,,,2026-08-11,2026-08-11,,fresh_0_3d,fresh,published date parsed; article age 0 day(s),100,open,,,,Disposition / Exit - Phoenix / Arizona - Institutional Property Advisors Closes Class A Multifamily Asset Sale in Suburban Phoenix,Unknown,Phoenix,Multifamily,IPA,Unknown,Unknown Stage,excluded,transaction / capital guard: disposition,,Reappearing,19,89,Unknown Timing,Unknown,Unknown,Unknown,Unknown,General monitoring,Monitor lifecycle signal for repeated confirmation,Unknown Stage; General Asset Signal; No explicit timing reference,Institutional Property Advisors Closes Class A Multifamily Asset Sale in Suburban Phoenix,Yield PRO,https://yieldpro.com/2026/08/parc-roundtree-ranch/,High
2026-08-11,20260811-234049-01f9b98d,PRJ-20260811-0089,Affinius Capital Provides $40.7M Construction Loan for Upper Manhattan Multifamily Project,100,LC-20260811-053,art_ff7830154f5a8e81,Affinius Capital Provides $40.7M Construction Loan for Upper Manhattan Multifamily Project,https://rebusinessonline.com/affinius-capital-provides-40-7m-construction-loan-for-upper-manhattan-multifamily-project/,2026-08-11T14:21:10Z,"Haussmann Development's new mixed-income project at 16-20 Convent Ave. in Upper Manhattan will also utilize the Universal Affordability Preference (UAP) density bonus, enabling increased residential capacity in exchange for deeper affordability. Affordable Housing Development Loans Multifamily New York Northeast Affinius Capital Provides $40.7M Construction Loan for Upper Manhattan Multifamily Project by Taylor Williams August 11, 2026 August 11, 2026 5 NEW YORK CITY — Affinius Capital has provi",valid,title/source/url metadata are internally consistent,Development Activity,GP / Capital Activity,new_or_fresh,True,address/street: 20 convent ave; project/asset term: project; project financing tied to anchor: construction loan,high,Project Financing / Capital Event,2026-08-11,2026-08-11,0,fresh_0_3d,fresh,published date parsed; article age 0 day(s),100,open,,,,Affinius Capital Provides $40.7M Construction Loan for Upper Manhattan Multifamily Project,New York City / New York,Manhattan,Affordable Housing,Affinius Capital,Unknown,Refinancing / Recapitalization,approval_watch,matched density bonus,,Mature / Operating,42,87,Unknown Timing,Low,High,Low,Low,Relevant to acquisition / JV timing,"Track lender, maturity, debt terms, and recapitalization need",Refinancing / Recapitalization; Refinancing / Recapitalization; 2026,Affinius Capital Provides $40.7M Construction Loan for Upper Manhattan Multifamily Project,REBusiness Online,https://rebusinessonline.com/affinius-capital-provides-40-7m-construction-loan-for-upper-manhattan-multifamily-project/,High
2026-08-11,20260811-234049-01f9b98d,PRJ-20260811-0074,Completion nears for mixed-use project at 939 W. Manchester Blvd. in Inglewood,80,LC-20260811-031,art_0e090711e3965065,Completion nears for mixed-use project at 939 W. Manchester Blvd. in Inglewood,https://la.urbanize.city/post/completion-nears-mixed-use-project-939-w-manchester-blvd-inglewood,"Fri, 07 Aug 2026 13:15:00 +0000","Completion nears for mixed-use project at 939 W. Manchester Blvd. in Inglewood | Urbanize LA Skip to main content Advertisement Advertisement In Inglewood , construction is in the home stretch for a mixed-use apartment complex Texas-based developer JPI. The project, which replaced a car wash near the K Line at 939 W. Manchester Boulevard , was originally known as the Jefferson, but has since been rebranded as The Landing . It consists of an eight-story building featuring 222 studio, one-, and tw",valid,title/source/url metadata are internally consistent,Development Activity,,repeat_penalized,True,address/street: 939 w. manchester blvd; project/asset term: project,high,Approval / Entitlement,2026-08-07,2026-08-11,4,fresh_0_3d,fresh,published date parsed; article age 4 day(s),54,access_limited,,,,Completion nears for mixed-use project at 939 W. Manchester Blvd. in Inglewood,Texas,Inglewood,Affordable Housing,,Unknown,Delivery / Opening,construction_delivery_watch,matched completion,Delivery / Opening,Mature / Operating,10,87,Unknown Timing,Low,Low,Low,Medium,Relevant to underwriting benchmark,"Benchmark delivery, lease-up, occupancy, and rent assumptions",Delivery / Opening; General Asset Signal; No explicit timing reference,Completion nears for mixed-use project at 939 W. Manchester Blvd. in Inglewood,Urbanize LA,https://la.urbanize.city/post/completion-nears-mixed-use-project-939-w-manchester-blvd-inglewood,High
2026-08-11,20260811-234049-01f9b98d,PRJ-20260811-0043,Refinancing - Austin / Texas - Benefit Street Partners Provides $103M Bridge Debt for Texas Multifamily Portfolio,100,LC-20260811-024,art_a2b3009fca06ec09,Benefit Street Partners Provides $103M Bridge Debt for Texas Multifamily Portfolio,https://commercialobserver.com/2026/08/benefit-street-partners-103m-texas-multifamily-portfolio/,"Tue, 11 Aug 2026 18:16:18 +0000","Residential · Multifamily Austin Finance · Refinance Benefit Street Partners Provides $103M Bridge Debt for Texas Multifamily Portfolio The three multifamily communities sit outside San Antonio and Austin, Texas, and opened in the last three years By Brian Pascus August 11, 2026 2:16 pm reprints Greystone Capital's Drew Fletcher (top), Bryan Grover (center), and Jesse Kopecky, Vantage at McKinney Falls, Austin, Texas (top right); Vantage at Fair Oaks, Boerne, Texas (bottom center); and Vantage a",valid,title/source/url metadata are internally consistent,Development Activity,GP / Capital Activity,new_or_fresh,,,,,2026-08-11,2026-08-11,,fresh_0_3d,fresh,published date parsed; article age 0 day(s),100,open,,,,Refinancing - Austin / Texas - Benefit Street Partners Provides $103M Bridge Debt for Texas Multifamily Portfolio,Unknown,Austin,Multifamily,Benefit Street Partners,Unknown,Delivery / Opening,excluded,transaction / capital guard: refinancing,,Mature / Operating,32,85,Unknown Timing,Low,High,Low,Medium,Relevant to underwriting benchmark,"Benchmark delivery, lease-up, occupancy, and rent assumptions",Delivery / Opening; Completed / opened; Refinancing / Recapitalization; opened,Benefit Street Partners Provides $103M Bridge Debt for Texas Multifamily Portfolio,Commercial Observer,https://commercialobserver.com/2026/08/benefit-street-partners-103m-texas-multifamily-portfolio/,High
2026-08-11,20260811-234049-01f9b98d,PRJ-20260811-0039,Construction Financing - Atlanta / Georgia - Developer Duo Obtains Construction Financing for $147M Atlanta Student Housing Project,80,LC-20260811-060,art_49033c61ec20b90a,Investor Pays $98M For Foreclosed Downtown Atlanta Apartment Tower,https://www.bisnow.com/news/atlanta/multifamily/investor-pays-98m-for-foreclosed-downtown-atlanta-apartment-tower,"Tue, 11 Aug 2026 17:34:45 -0400","A multifamily investor with 10 properties in Metro Atlanta has acquired a 17-story luxury apartment tower from its embattled borrower. Photo credit: Google Maps Generation Atlanta apartment tower in Downtown New York-based Saratoga Capital Partners purchased Generation Atlanta , a 336-unit high-rise at 369 Centennial Olympic Park Drive, for $98.4M in a foreclosure auction on Aug. 4, according to records in the Georgia Superior Court Clerks' Cooperative Authority database. Quebec-based Frankforte",valid,title/source/url metadata are internally consistent,Development Activity,,new_or_fresh,True,unit/site count: 17-story; address/street: 369 centennial olympic park drive; project/asset term: apartment tower,high,Project / Asset,2026-08-11,2026-08-11,0,fresh_0_3d,fresh,published date parsed; article age 0 day(s),88,access_limited,,,,Investor Pays $98M For Foreclosed Downtown Atlanta Apartment Tower,Atlanta / Georgia,Atlanta,Apartment,,Unknown,Distressed / Stalled,excluded,transaction / capital guard: acquired,,Stalled,59,81,Unknown Timing,Low,Low,High,Low,Relevant to acquisition / JV timing,"Monitor sponsor stress, lender exposure, and potential restart or rescue capital path",Distressed / Stalled; Distressed / Stalled Asset; No explicit timing reference,Investor Pays $98M For Foreclosed Downtown Atlanta Apartment Tower,Bisnow,https://www.bisnow.com/news/atlanta/multifamily/investor-pays-98m-for-foreclosed-downtown-atlanta-apartment-tower,High
2026-08-11,20260811-234049-01f9b98d,PRJ-20260811-0064,Affordable housing nears the finish like at 515 Pioneer Dr. in Glendale,80,LC-20260811-030,art_f96b7f50e1f2906e,Affordable housing nears the finish like at 515 Pioneer Dr. in Glendale,https://la.urbanize.city/post/affordable-housing-nears-finish-515-pioneer-dr-glendale,"Fri, 07 Aug 2026 13:10:00 +0000","Affordable housing nears the finish like at 515 Pioneer Dr. in Glendale | Urbanize LA Skip to main content Advertisement Advertisement Just south of the SR-134 Freeway, Linc Housing Corp. is nearing the finish line on what will be the largest affordable housing complex in the history of the City of Glendale . The Pioneer Village project, a joint venture with National CORE , is now taking shape on a former AT&T site at 515 Pioneer Drive which Glendale acquired in 2019 . Per a social media post fr",suspicious_duplicate,source-feed signal bleed suspected,Development Activity,GP / Capital Activity; Market Intelligence,repeat_penalized,True,address/street: 515 pioneer dr; site/parcel signal: site; project/asset term: project,high,Project / Asset,2026-08-07,2026-08-11,4,fresh_0_3d,fresh,published date parsed; article age 4 day(s),34,access_limited,,,,Affordable housing nears the finish like at 515 Pioneer Dr. in Glendale,California,Glendale,Affordable Housing,Unknown,Unknown,Site Acquisition / Site Control,excluded,transaction / capital guard: acquired,Site Acquisition / Site Control,Reappearing,23,81,Unknown Timing,Low,Low,Low,Low,Relevant to acquisition / JV timing,Monitor lifecycle signal for repeated confirmation,Site Acquisition / Site Control; Affordable / Density Bonus Strategy; in 2019,Affordable housing nears the finish like at 515 Pioneer Dr. in Glendale,Urbanize LA,https://la.urbanize.city/post/affordable-housing-nears-finish-515-pioneer-dr-glendale,High
2026-08-11,20260811-234049-01f9b98d,PRJ-20260811-0053,Costa Mesa Multifamily Changes Hands for Value-Add Repositioning,80,LC-20260811-050,art_6595ac6c3493f1ac,Costa Mesa Multifamily Changes Hands for Value-Add Repositioning,https://www.connectcre.com/stories/costa-mesa-multifamily-changes-hands-for-value-add-repositioning/,"Wed, 29 Jul 2026 21:36:05 +0000","California CRE News In Your Inbox. Sign up for Connect emails to stay informed with CRE stories that are 150 words or less. California + Orange County + Apartments | July 29, 2026 By: Paul Bubny Costa Mesa Multifamily Changes Hands for Value-Add Repositioning Marcus & Millichap finalized the sale of 1990 Maple Ave., a 41-unit multifamily property in Costa Mesa. The property sold for $16.9 million or $412,195 per unit, approximately $550,000 above the property’s 2018 selling price. “Sundance West",valid,title/source/url metadata are internally consistent,Development Activity,GP / Capital Activity,repeat_penalized,True,unit/site count: 41-unit; address/street: 1990 maple ave; project/asset term: apartments,high,Project / Asset,2026-07-29,2026-08-11,13,recent_4_14d,recent,published date parsed; article age 13 day(s),55,open,,,,Costa Mesa Multifamily Changes Hands for Value-Add Repositioning,California,Costa Mesa,Apartment,,Unknown,Unknown Stage,excluded,transaction / capital guard: sale,Unknown Stage,Reappearing,22,80,Unknown Timing,Unknown,Unknown,Unknown,Unknown,General monitoring,Monitor lifecycle signal for repeated confirmation,Unknown Stage; General Asset Signal; 2026,Costa Mesa Multifamily Changes Hands for Value-Add Repositioning,Connect CRE Orange County,https://www.connectcre.com/stories/costa-mesa-multifamily-changes-hands-for-value-add-repositioning/,High
2026-08-11,20260811-234049-01f9b98d,PRJ-20260811-0060,Refinancing - Dallas / Texas - Nitya Refinances 432-Unit Dallas Rental Property,80,LC-20260811-041,art_e19390dff3182be3,Nitya Refinances 432-Unit Dallas Rental Property,https://www.connectcre.com/stories/nitya-refinances-432-unit-dallas-rental-property/,"Mon, 10 Aug 2026 18:09:59 +0000","Texas CRE News In Your Inbox. Sign up for Connect emails to stay informed with CRE stories that are 150 words or less. Texas + Dallas-Fort Worth + Apartments | August 10, 2026 By: Mike Boyd Nitya Refinances 432-Unit Dallas Rental Property Nitya Capital refinanced Interlace Apartments, a 432-unit multifamily community in Dallas, Texas, with Morgan Stanley. Nitya secured new institutional financing for the Interlace property at a double-digit debt yield, reflecting the substantial operating income",valid,title/source/url metadata are internally consistent,Development Activity,GP / Capital Activity,repeat_penalized,,,,,2026-08-10,2026-08-11,1,fresh_0_3d,fresh,published date parsed; article age 1 day(s),48,open,,,,Refinancing - Dallas / Texas - Nitya Refinances 432-Unit Dallas Rental Property,Unknown,Dallas,Apartment,Unknown,Unknown,Refinancing / Recapitalization,excluded,transaction / capital guard: refinance,Refinancing / Recapitalization,Mature / Operating,58,79,Unknown Timing,Low,High,Low,Low,Relevant to acquisition / JV timing,"Track lender, maturity, debt terms, and recapitalization need",Refinancing / Recapitalization; Refinancing / Recapitalization; No explicit timing reference,Nitya Refinances 432-Unit Dallas Rental Property,Connect CRE Texas,https://www.connectcre.com/stories/nitya-refinances-432-unit-dallas-rental-property/,High
2026-08-11,20260811-234049-01f9b98d,PRJ-20260811-0157,"JV / Partnership - Texas - JLL Negotiates Sale of 323,949 SF Office Campus in North San Antonio",100,LC-20260811-061,art_8dee8d08d1400b82,"JLL Negotiates Sale of 323,949 SF Office Campus in North San Antonio",https://rebusinessonline.com/jll-negotiates-sale-of-323949-sf-office-campus-in-north-san-antonio/,2026-08-11T14:49:23Z,"Located at 10101 Reunion Place and 10001 Reunion Place, Union Square is situated off U.S. Highway 281, just north of Loop 410 and immediately adjacent to the San Antonio International Airport. Acquisitions Office Texas JLL Negotiates Sale of 323,949 SF Office Campus in North San Antonio by Taylor Williams August 11, 2026 August 11, 2026 3 SAN ANTONIO — JLL has negotiated the sale of Union Square, a two-building, 323,949-square-foot office campus located on the north side of San Antonio. Building",valid,title/source/url metadata are internally consistent,GP / Capital Activity,,new_or_fresh,,,,,2026-08-11,2026-08-11,,fresh_0_3d,fresh,published date parsed; article age 0 day(s),100,open,,,,"JV / Partnership - Texas - JLL Negotiates Sale of 323,949 SF Office Campus in North San Antonio",Texas,Texas,General Residential,JLL,JLL,Unknown Stage,excluded,transaction / capital guard: sale,,Reappearing,43,79,Unknown Timing,Unknown,Unknown,Unknown,Unknown,General monitoring,Monitor lifecycle signal for repeated confirmation,Unknown Stage; General Asset Signal; No explicit timing reference,"JLL Negotiates Sale of 323,949 SF Office Campus in North San Antonio",REBusiness Online,https://rebusinessonline.com/jll-negotiates-sale-of-323949-sf-office-campus-in-north-san-antonio/,High
2026-08-11,20260811-234049-01f9b98d,PRJ-20260811-0044,Acquisition - California - Bascom Acquires Buena Park Apartments as Value-Add Deal,100,LC-20260811-071,art_af936828d39943e9,Bascom Acquires Buena Park Apartments as Value-Add Deal,https://www.connectcre.com/stories/bascom-acquires-buena-park-apartments-as-value-add-deal/,"Wed, 15 Jul 2026 20:53:23 +0000","California CRE News In Your Inbox. Sign up for Connect emails to stay informed with CRE stories that are 150 words or less. California + Orange County + Apartments | July 15, 2026 By: Paul Bubny Bascom Acquires Buena Park Apartments as Value-Add Deal The Bascom Group acquired Castlewood Park Apartments, a low-density, 183-unit value-add apartment community in Buena Park. The purchase price was $53,125,000, or $290,301 per unit. Brian Eisendrath, Cameron Chalfant, Jesse Zarouk, and Jake Vitta of ",valid,title/source/url metadata are internally consistent,Development Activity,GP / Capital Activity,repeat_penalized,,,,,2026-07-15,2026-08-11,27,old_31d_plus,old,published date parsed; article age 27 day(s),5,open,,,,Acquisition - California - Bascom Acquires Buena Park Apartments as Value-Add Deal,California,California,Apartment,Bascom Group,Unknown,Unknown Stage,excluded,transaction / capital guard: acquisition,Unknown Stage,Reappearing,12,79,Unknown Timing,Unknown,Unknown,Unknown,Unknown,General monitoring,Monitor lifecycle signal for repeated confirmation,Unknown Stage; General Asset Signal; No explicit timing reference,Bascom Acquires Buena Park Apartments as Value-Add Deal,Connect CRE Orange County,https://www.connectcre.com/stories/bascom-acquires-buena-park-apartments-as-value-add-deal/,High
2026-08-11,20260811-234049-01f9b98d,PRJ-20260811-0038,Acquisition - Atlanta / Georgia - Walton Communities Offloads Two Atlanta Rental Properties,100,LC-20260811-072,art_b914af68e0e48820,Walton Communities Offloads Two Atlanta Rental Properties,https://www.connectcre.com/stories/walton-lakes-offloads-two-atlanta-rental-properties/,"Thu, 23 Jul 2026 14:23:10 +0000","Atlanta & Southeast News In Your Inbox Sign up for Connect emails to stay informed with CRE stories that are 150 words or less. Atlanta & Southeast + Atlanta + Apartments | July 23, 2026 By: Mike Boyd Walton Communities Offloads Two Atlanta Rental Properties Walton Communities has sold off Walton Lakes, a 305-unit, market-rate multifamily community, and The Legacy at Walton Lakes, a 126-unit, 55+ LIHTC community, both in Atlanta. Clark Ventures was the buyer. The buyer was able to assume HUD fin",valid,title/source/url metadata are internally consistent,Development Activity,GP / Capital Activity,repeat_penalized,,,,,2026-07-23,2026-08-11,19,old_31d_plus,old,published date parsed; article age 19 day(s),5,open,,,,Acquisition - Atlanta / Georgia - Walton Communities Offloads Two Atlanta Rental Properties,Unknown,Atlanta,Affordable Housing,JLL,JLL,Unknown Stage,excluded,transaction / capital guard: acquisition,Unknown Stage,Reappearing,12,78,Unknown Timing,Unknown,Unknown,Unknown,Unknown,General monitoring,Monitor lifecycle signal for repeated confirmation,Unknown Stage; General Asset Signal; No explicit timing reference,Walton Communities Offloads Two Atlanta Rental Properties,Connect CRE Atlanta,https://www.connectcre.com/stories/walton-lakes-offloads-two-atlanta-rental-properties/,High
2026-08-11,20260811-234049-01f9b98d,PRJ-20260811-0153,Construction Financing - Miami / Florida - Affiliated Closes Financing on Mixed-Income Fort Lauderdale Apartment Project,80,LC-20260811-023,art_21cf8122ebc8f77c,Stewards Inks $79M Refi of Hollywood Rental Asset,https://www.connectcre.com/stories/stewards-inks-79m-refi-of-hollywood-rental-asset/,"Wed, 29 Jul 2026 14:41:13 +0000","Florida & Gulf Coast CRE News In Your Inbox. Sign up for Connect emails to stay informed with CRE stories that are 150 words or less. Florida & Gulf Coast + South Florida + Apartments | July 29, 2026 By: Mike Boyd Stewards Inks $79M Refi of Hollywood Rental Asset Stewards Inc. completed a $79 million refinancing of 1818 Park, its luxury multifamily residential community in downtown Hollywood, Florida. Multihousing News reports Stewards acquired 1818 Park last August for $190 million. 1818 Park i",valid,title/source/url metadata are internally consistent,Development Activity,GP / Capital Activity,repeat_penalized,,,,,2026-07-29,2026-08-11,13,recent_4_14d,recent,published date parsed; article age 13 day(s),55,open,,,,Refinancing - Miami / Florida - Stewards Inks $79M Refi of Hollywood Rental Asset,Unknown,South Florida,Apartment,Unknown,Unknown,Delivery / Opening,excluded,transaction / capital guard: refinancing,Delivery / Opening,Mature / Operating,42,77,Unknown Timing,Low,High,Low,Medium,Relevant to underwriting benchmark,"Benchmark delivery, lease-up, occupancy, and rent assumptions",Delivery / Opening; Completed / opened; Refinancing / Recapitalization; completed,Stewards Inks $79M Refi of Hollywood Rental Asset,Connect CRE South Florida,https://www.connectcre.com/stories/stewards-inks-79m-refi-of-hollywood-rental-asset/,High
2026-08-11,20260811-234049-01f9b98d,PRJ-20260811-0039,Construction Financing - Atlanta / Georgia - Developer Duo Obtains Construction Financing for $147M Atlanta Student Housing Project,80,LC-20260811-044,art_aaefd3e9d52ce516,Atlanta Beltline Advancing 218-Unit Affordable Apartment Project,https://www.connectcre.com/stories/atlanta-beltline-advancing-218-unit-affordable-apartment-project/,"Mon, 03 Aug 2026 14:18:11 +0000","Atlanta & Southeast News In Your Inbox Sign up for Connect emails to stay informed with CRE stories that are 150 words or less. Atlanta & Southeast + Atlanta + Apartments | August 3, 2026 By: Mike Boyd Atlanta Beltline Advancing 218-Unit Affordable Apartment Project Atlanta Beltline Inc. (ABI) is pursuing the construction of a mid-rise multifamily development at 350 Chappell Road. The Atlanta Business Chronicle reports the $62 million project includes 218 apartments, all of which will be rented ",valid,title/source/url metadata are internally consistent,Development Activity,Market Intelligence,repeat_penalized,True,unit/site count: 218-unit; address/street: 350 chappell road; project/asset term: project,high,Project / Asset,2026-08-03,2026-08-11,8,recent_4_14d,recent,published date parsed; article age 8 day(s),55,open,,,,Atlanta Beltline Advancing 218-Unit Affordable Apartment Project,Atlanta / Georgia,Atlanta,Apartment,,Unknown,Unknown Stage,construction_delivery_watch,matched development / asset strategy execution,Unknown Stage,Reappearing,20,76,Unknown Timing,Unknown,Unknown,Unknown,Unknown,General monitoring,Monitor lifecycle signal for repeated confirmation,Unknown Stage; Affordable / Density Bonus Strategy; 2026,Atlanta Beltline Advancing 218-Unit Affordable Apartment Project,Connect CRE Atlanta,https://www.connectcre.com/stories/atlanta-beltline-advancing-218-unit-affordable-apartment-project/,High
2026-08-11,20260811-234049-01f9b98d,PRJ-20260811-0100,Arrow Arranges $85M Construction Loan for Miami Condo Project,100,LC-20260811-062,art_120b790785971abe,Arrow Arranges $85M Construction Loan for Miami Condo Project,https://www.connectcre.com/stories/arrow-arranges-85m-construction-loan-for-miami-condo-project/,"Wed, 29 Jul 2026 15:20:50 +0000","Florida & Gulf Coast CRE News In Your Inbox. Sign up for Connect emails to stay informed with CRE stories that are 150 words or less. Florida & Gulf Coast + South Florida + Apartments | July 29, 2026 By: Mike Boyd Arrow Arranges $85M Construction Loan for Miami Condo Project Arrow Real Estate Advisors arranged an $85 million construction loan on behalf of Northlink Capital for the development of 7200 Collins Avenue, a 222-unit luxury condominium project in Miami Beach, Florida. The financing, pr",valid,title/source/url metadata are internally consistent,Development Activity,GP / Capital Activity,repeat_penalized,True,unit/site count: 222-unit; address/street: 7200 collins avenue; project/asset term: project; project financing tied to anchor: construction loan,high,Project Financing / Capital Event,2026-07-29,2026-08-11,13,recent_4_14d,recent,published date parsed; article age 13 day(s),55,open,,,,Arrow Arranges $85M Construction Loan for Miami Condo Project,Miami / Florida,Miami,Apartment,Northlink Capital,Unknown,Refinancing / Recapitalization,excluded,transaction / capital guard: loan,Refinancing / Recapitalization,Mature / Operating,42,75,Unknown Timing,Low,High,Low,Low,Relevant to acquisition / JV timing,"Track lender, maturity, debt terms, and recapitalization need",Refinancing / Recapitalization; Refinancing / Recapitalization; 2026,Arrow Arranges $85M Construction Loan for Miami Condo Project,Connect CRE South Florida,https://www.connectcre.com/stories/arrow-arranges-85m-construction-loan-for-miami-condo-project/,High
2026-08-11,20260811-234049-01f9b98d,PRJ-20260811-0065,Office-to-Residential Conversion - California - Affordable housing nears the finish like at 515 Pioneer Dr. in Glendale,80,LC-20260811-043,art_8337fd9d238a1da9,42 apartments slated for 2817 Montrose Ave. in Glendale,https://la.urbanize.city/post/42-apartments-slated-2817-montrose-ave-glendale,"Tue, 11 Aug 2026 13:05:00 +0000","42 apartments slated for 2817 Montrose Ave. in Glendale | Urbanize LA Skip to main content Advertisement Advertisement A presentation to the Glendale Design Review Board offers a look at plans to redevelop a former church with housing. The project at 2817 Montrose Avenue, which is being developed by property owner Eddy Allahverdian, calls for demolishing the existing 1950s structure to clear the way for a new four-story, 42-unit apartment building with parking for 69 vehicles. In exchange for de",valid,title/source/url metadata are internally consistent,Development Activity,,new_or_fresh,True,unit/site count: 42 apartments; address/street: 42 apartments slated for 2817 montrose ave; project/asset term: project,high,Approval / Entitlement,2026-08-11,2026-08-11,0,fresh_0_3d,fresh,published date parsed; article age 0 day(s),88,access_limited,,,,42 apartments slated for 2817 Montrose Ave. in Glendale,Other / Unknown,Glendale,Affordable Housing,,Unknown,Unknown Stage,construction_delivery_watch,matched development / asset strategy execution,,Reappearing,20,75,Unknown Timing,Unknown,Unknown,Unknown,Unknown,General monitoring,Monitor lifecycle signal for repeated confirmation,Unknown Stage; General Asset Signal; No explicit timing reference,42 apartments slated for 2817 Montrose Ave. in Glendale,Urbanize LA,https://la.urbanize.city/post/42-apartments-slated-2817-montrose-ave-glendale,High
2026-08-11,20260811-234049-01f9b98d,PRJ-20260811-0051,General Project Signal - California - TruAmerica Multifamily Debuts Structured Finance Platform with Cornerstone Preferred Equit...,80,LC-20260811-014,art_4a927c4dd5fda53d,TruAmerica Multifamily Debuts Structured Finance Platform with Cornerstone Preferred Equity Investment,https://yieldpro.com/2026/08/11-el-camino-real/,"Tue, 11 Aug 2026 19:27:46 +0000","Deal boom News Pacific region Facebook Twitter Linkedin TruAmerica Multifamily , a national, vertically integrated multifamily investment manager, announced the closing of a preferred equity investment, providing $27 million of capital to support the ground-up development of a 251-unit apartment community at 11 El Camino Real in San Carlos, California. The transaction expands TruAmerica’s investment capabilities across the capital stack and marks the firm’s entry into preferred equity financing,",suspicious_mismatch,title/source/url metadata are internally consistent; title and original_url slug appear to reference different articles,Development Activity,GP / Capital Activity,new_or_fresh,,,,,2026-08-11,2026-08-11,,fresh_0_3d,fresh,published date parsed; article age 0 day(s),100,open,,,,General Project Signal - California - TruAmerica Multifamily Debuts Structured Finance Platform with Cornerstone Preferred Equit...,California,California,Apartment,Unknown,Unknown,Unknown Stage,construction_delivery_watch,matched debuts,,Reappearing,60,74,Unknown Timing,Unknown,Unknown,Unknown,Unknown,General monitoring,Monitor lifecycle signal for repeated confirmation,Unknown Stage; General Asset Signal; No explicit timing reference,TruAmerica Multifamily Debuts Structured Finance Platform with Cornerstone Preferred Equity Investment,Yield PRO,https://yieldpro.com/2026/08/11-el-camino-real/,Medium
2026-08-11,20260811-234049-01f9b98d,PRJ-20260811-0084,Disposition / Exit - Los Angeles / California - Marina del Rey’s Shores Apartments Trade to Jackson Square for $170M,80,LC-20260811-010,art_520be30f930f78aa,Warner Center's beleaguered Promenade mall bites the dust,https://la.urbanize.city/post/warner-centers-beleaguered-promenade-mall-bites-dust,"Mon, 10 Aug 2026 13:15:00 +0000","Warner Center's beleaguered Promenade mall bites the dust | Urbanize LA Skip to main content Advertisement Advertisement In Warner Center , the long-struggling Promenade Mall has been reduced to rubble, setting the stage for the redevelopment of the property with a mixed-use complex centered around the new headquarters of the Los Angeles Rams. The Rams Village, which was announced last year, is a revision of a previously-entitled project through which former mall owner Unibail-Rodamco-Westfield ",valid,title/source/url metadata are internally consistent,Development Activity,,acceptable_repeat,,,,,2026-08-10,2026-08-11,1,fresh_0_3d,fresh,published date parsed; article age 1 day(s),66,access_limited,,,,Entitlement / Permitting - Los Angeles / California - Warner Center's beleaguered Promenade mall bites the dust,California,Los Angeles,Mixed-Use Residential,Unknown,Unknown,Entitlement Under Review,approval_watch,matched permit,Entitlement Under Review,Reappearing,33,74,Unknown Timing,Medium,Low,Low,Low,Relevant to entitlement monitoring,"Track planning docket, approval path, CEQA risk, and sponsor activity",Entitlement Under Review; Entitled / approved; Construction-Ready Pipeline; No explicit timing reference,Warner Center's beleaguered Promenade mall bites the dust,Urbanize LA,https://la.urbanize.city/post/warner-centers-beleaguered-promenade-mall-bites-dust,Medium
2026-08-11,20260811-234049-01f9b98d,PRJ-20260811-0161,Disposition / Exit - Other / Unknown - NAHB HBGI: Micro Markets Lone Bright Spot for Single-Family Building in Fourth Quarter,80,LC-20260811-008,art_8337fd9d238a1da9,42 apartments slated for 2817 Montrose Ave. in Glendale,https://la.urbanize.city/post/42-apartments-slated-2817-montrose-ave-glendale,"Tue, 11 Aug 2026 13:05:00 +0000","42 apartments slated for 2817 Montrose Ave. in Glendale | Urbanize LA Skip to main content Advertisement Advertisement A presentation to the Glendale Design Review Board offers a look at plans to redevelop a former church with housing. The project at 2817 Montrose Avenue, which is being developed by property owner Eddy Allahverdian, calls for demolishing the existing 1950s structure to clear the way for a new four-story, 42-unit apartment building with parking for 69 vehicles. In exchange for de",valid,title/source/url metadata are internally consistent,Development Activity,,new_or_fresh,,,,,2026-08-11,2026-08-11,,fresh_0_3d,fresh,published date parsed; article age 0 day(s),88,access_limited,,,,Entitlement / Permitting - Other / Unknown - 42 apartments slated for 2817 Montrose Ave. in Glendale,Unknown,Unknown,Affordable Housing,Unknown,Unknown,Unknown Stage,approval_watch,matched permit,,Reappearing,31,74,Unknown Timing,Unknown,Unknown,Unknown,Unknown,General monitoring,Monitor lifecycle signal for repeated confirmation,Unknown Stage; Entitlement Play; No explicit timing reference,42 apartments slated for 2817 Montrose Ave. in Glendale,Urbanize LA,https://la.urbanize.city/post/42-apartments-slated-2817-montrose-ave-glendale,Medium
2026-08-11,20260811-234049-01f9b98d,PRJ-20260811-0039,Construction Financing - Atlanta / Georgia - Developer Duo Obtains Construction Financing for $147M Atlanta Student Housing Project,80,LC-20260811-054,art_4addc8979f06a523,JLB Pursuing Buckhead Office-to-Apartments Conversion,https://www.connectcre.com/stories/jlb-pursuing-buckhead-office-to-apartments-conversion/,"Tue, 11 Aug 2026 14:07:02 +0000","Atlanta & Southeast News In Your Inbox Sign up for Connect emails to stay informed with CRE stories that are 150 words or less. Atlanta & Southeast + Atlanta + Apartments | August 11, 2026 By: Mike Boyd JLB Pursuing Buckhead Office-to-Apartments Conversion JLB Partners plans to redevelop a seven-story building at 470 E. Paces Ferry Road in Buckhead Village. The Atlanta Business Chronicle reports the project consists of 314 apartments in what was once a mid-century office building. On Maple Drive",valid,title/source/url metadata are internally consistent,Development Activity,,new_or_fresh,True,unit/site count: 314 apartments; address/street: 470 e. paces ferry road; project/asset term: project,high,Project / Asset,2026-08-11,2026-08-11,0,fresh_0_3d,fresh,published date parsed; article age 0 day(s),100,open,,,,JLB Pursuing Buckhead Office-to-Apartments Conversion,Atlanta / Georgia,Atlanta,Apartment,,Unknown,Unknown Stage,construction_delivery_watch,matched development / asset strategy execution,,Reappearing,20,74,Unknown Timing,Unknown,Unknown,Unknown,Unknown,General monitoring,Monitor lifecycle signal for repeated confirmation,Unknown Stage; General Asset Signal; 2026,JLB Pursuing Buckhead Office-to-Apartments Conversion,Connect CRE Apartments,https://www.connectcre.com/stories/jlb-pursuing-buckhead-office-to-apartments-conversion/,Medium
2026-08-11,20260811-234049-01f9b98d,PRJ-20260811-0150,Acquisition - Miami / Florida - Milestone Group Trades Kendall Apartment Complex for $109M,100,LC-20260811-052,art_cc75db02dbbec269,Milestone Group Trades Kendall Apartment Complex for $109M,https://www.connectcre.com/stories/milestone-group-trades-kendall-apartment-complex-for-109m/,"Fri, 07 Aug 2026 14:54:14 +0000","Florida & Gulf Coast CRE News In Your Inbox. Sign up for Connect emails to stay informed with CRE stories that are 150 words or less. Florida & Gulf Coast + South Florida + Apartments | August 7, 2026 By: Mike Boyd Milestone Group Trades Kendall Apartment Complex for $109M Harbor Group International has bought Emerald Palms, a 505-unit garden apartment complex near Zoo Miami in Kendall, for $109 million. The seller was Milestone Group, which paid $107 million for the same property in 2021. The S",valid,title/source/url metadata are internally consistent,Development Activity,,acceptable_repeat,,,,,2026-08-07,2026-08-11,4,fresh_0_3d,fresh,published date parsed; article age 4 day(s),66,open,,,,Acquisition - Miami / Florida - Milestone Group Trades Kendall Apartment Complex for $109M,Unknown,South Florida,Apartment,Harbor Group International,Unknown,Unknown Stage,excluded,transaction / capital guard: acquisition,Unknown Stage,Reappearing,19,74,Unknown Timing,Unknown,Unknown,Unknown,Unknown,General monitoring,Monitor lifecycle signal for repeated confirmation,Unknown Stage; General Asset Signal; No explicit timing reference,Milestone Group Trades Kendall Apartment Complex for $109M,Connect CRE South Florida,https://www.connectcre.com/stories/milestone-group-trades-kendall-apartment-complex-for-109m/,Medium
2026-08-11,20260811-234049-01f9b98d,PRJ-20260811-0159,Refinancing - Other / Unknown - JLL Capital Markets Arranges $42M Fannie Mae Refinancing for SB Real Estate Partners,100,LC-20260811-028,art_6fd6f1ebb88bf5e0,JLL Arranges Sale of Two Twin Cities Seniors Housing Properties,https://www.connectcre.com/stories/jll-arranges-sale-of-two-twin-cities-seniors-housing-properties/,"Tue, 11 Aug 2026 21:22:47 +0000","Chicago & Midwest CRE News In Your Inbox. Sign up for Connect emails to stay informed with CRE stories that are 150 words or less. Chicago & Midwest + Midwest + Senior Housing | August 11, 2026 By: Jasmine Kilman JLL Arranges Sale of Two Twin Cities Seniors Housing Properties JLL has arranged the sale of Boulder Ponds Senior Living and Round Lake Senior Living, a 216-unit portfolio of seniors housing communities located in Lake Elmo and Arden Hills, Minnesota. JLL’s Seniors Housing Capital Marke",valid,title/source/url metadata are internally consistent,Development Activity,GP / Capital Activity,new_or_fresh,,,,,2026-08-11,2026-08-11,,fresh_0_3d,fresh,published date parsed; article age 0 day(s),100,open,,,,Disposition / Exit - Other / Unknown - JLL Arranges Sale of Two Twin Cities Seniors Housing Properties,Unknown,Unknown,Senior Housing,JLL,JLL,Unknown Stage,excluded,transaction / capital guard: disposition,,Reappearing,45,73,Unknown Timing,Unknown,Unknown,Unknown,Unknown,General monitoring,Monitor lifecycle signal for repeated confirmation,Unknown Stage; General Asset Signal; No explicit timing reference,JLL Arranges Sale of Two Twin Cities Seniors Housing Properties,Connect CRE,https://www.connectcre.com/stories/jll-arranges-sale-of-two-twin-cities-seniors-housing-properties/,Medium
2026-08-11,20260811-234049-01f9b98d,PRJ-20260811-0103,Office-to-Residential Conversion - California - Affordable housing nears the finish like at 515 Pioneer Dr. in Glendale,80,LC-20260811-013,art_f96b7f50e1f2906e,Affordable housing nears the finish like at 515 Pioneer Dr. in Glendale,https://la.urbanize.city/post/affordable-housing-nears-finish-515-pioneer-dr-glendale,"Fri, 07 Aug 2026 13:10:00 +0000","Affordable housing nears the finish like at 515 Pioneer Dr. in Glendale | Urbanize LA Skip to main content Advertisement Advertisement Just south of the SR-134 Freeway, Linc Housing Corp. is nearing the finish line on what will be the largest affordable housing complex in the history of the City of Glendale . The Pioneer Village project, a joint venture with National CORE , is now taking shape on a former AT&T site at 515 Pioneer Drive which Glendale acquired in 2019 . Per a social media post fr",suspicious_duplicate,source-feed signal bleed suspected,Development Activity,GP / Capital Activity; Market Intelligence,repeat_penalized,,,,,2026-08-07,2026-08-11,4,fresh_0_3d,fresh,published date parsed; article age 4 day(s),34,access_limited,,,,Office-to-Residential Conversion - California - Affordable housing nears the finish like at 515 Pioneer Dr. in Glendale,California,National,Affordable Housing,Unknown,Unknown,Unknown Stage,construction_delivery_watch,matched development / asset strategy execution,Unknown Stage,Reappearing,38,73,Unknown Timing,Unknown,Unknown,Unknown,Unknown,General monitoring,Monitor lifecycle signal for repeated confirmation,Unknown Stage; Office-to-Residential Conversion; No explicit timing reference,Affordable housing nears the finish like at 515 Pioneer Dr. in Glendale,Urbanize LA,https://la.urbanize.city/post/affordable-housing-nears-finish-515-pioneer-dr-glendale,Medium
2026-08-11,20260811-234049-01f9b98d,PRJ-20260811-0051,General Project Signal - California - TruAmerica Multifamily Debuts Structured Finance Platform with Cornerstone Preferred Equit...,80,LC-20260811-016,art_c28b07e84648acf1,Keystone Arranges $22M Permanent Loan for Belmont Multifamily,https://www.connectcre.com/stories/keystone-arranges-22m-permanent-loan-for-belmont-multifamily/,"Tue, 11 Aug 2026 20:51:45 +0000","California CRE News In Your Inbox. Sign up for Connect emails to stay informed with CRE stories that are 150 words or less. California + Bay Area + Apartments | August 11, 2026 By: Paul Bubny Keystone Arranges $22M Permanent Loan for Belmont Multifamily Keystone recently closed on a $22,000,000 permanent loan on a multifamily property located in Belmont. The financing was provided by Voya Financial at a fixed interest rate of 5.47%. The borrower was not disclosed. The transaction reflects contin",valid,title/source/url metadata are internally consistent,Development Activity,GP / Capital Activity,new_or_fresh,,,,,2026-08-11,2026-08-11,,fresh_0_3d,fresh,published date parsed; article age 0 day(s),100,open,,,,General Project Signal - California - Keystone Arranges $22M Permanent Loan for Belmont Multifamily,California,California,Apartment,Unknown,Unknown,Unknown Stage,excluded,transaction / capital guard: loan,,Reappearing,34,73,Unknown Timing,Unknown,Unknown,Unknown,Unknown,General monitoring,Monitor lifecycle signal for repeated confirmation,Unknown Stage; General Asset Signal; No explicit timing reference,Keystone Arranges $22M Permanent Loan for Belmont Multifamily,Connect CRE,https://www.connectcre.com/stories/keystone-arranges-22m-permanent-loan-for-belmont-multifamily/,Medium
2026-08-11,20260811-234049-01f9b98d,PRJ-20260811-0086,Construction Financing - Atlanta / Georgia - Developer Duo Obtains Construction Financing for $147M Atlanta Student Housing Project,80,LC-20260811-058,art_9cb283c42c78be42,Rendering Revealed: Workforce housing at 315 N. Pasadena Ave.,https://la.urbanize.city/post/rendering-revealed-workforce-housing-315-n-pasadena-ave,"Mon, 10 Aug 2026 13:10:00 +0000","Rendering Revealed: Workforce housing at 315 N. Pasadena Ave. | Urbanize LA Skip to main content Advertisement Advertisement Plans for a new workforce housing complex at the former Roosevelt Elementary School campus in Pasadena are moving forward, with a presentation to the City's Design Commission set for August 11. The project at 315 N. Pasadena Avenue, which would be developed for Pasadena Unified employees by Education Housing Partners, calls for the construction of 110 homes - half of which",valid,title/source/url metadata are internally consistent,Development Activity,Market Intelligence,acceptable_repeat,True,unit/site count: 110 homes; address/street: 315 n. pasadena ave; project/asset term: project,high,Project / Asset,2026-08-10,2026-08-11,1,fresh_0_3d,fresh,published date parsed; article age 1 day(s),66,access_limited,,,,Rendering Revealed: Workforce housing at 315 N. Pasadena Ave.,Other / Unknown,Los Angeles,Workforce Housing,,Unknown,Unknown Stage,construction_delivery_watch,matched development / asset strategy execution,Unknown Stage,Reappearing,20,73,Unknown Timing,Unknown,Unknown,Unknown,Unknown,General monitoring,Monitor lifecycle signal for repeated confirmation,Unknown Stage; General Asset Signal; No explicit timing reference,Rendering Revealed: Workforce housing at 315 N. Pasadena Ave.,Urbanize LA,https://la.urbanize.city/post/rendering-revealed-workforce-housing-315-n-pasadena-ave,Medium
2026-08-11,20260811-234049-01f9b98d,PRJ-20260811-0084,Disposition / Exit - Los Angeles / California - Marina del Rey’s Shores Apartments Trade to Jackson Square for $170M,80,LC-20260811-015,art_6c3b400cce76bad7,Newmark Closes Note Sale on San Pedro Adaptive Reuse,https://www.connectcre.com/stories/newmark-closes-note-sale-on-san-pedro-adaptive-reuse/,"Tue, 11 Aug 2026 21:48:22 +0000","California CRE News In Your Inbox. Sign up for Connect emails to stay informed with CRE stories that are 150 words or less. California + Los Angeles | August 11, 2026 By: Paul Bubny Newmark Closes Note Sale on San Pedro Adaptive Reuse Newmark arranged the sale of a note secured by Topaz Tower, a fully entitled adaptive reuse development project located at 222 W. 6th St. in San Pedro. The 12-story, 309,732-square-foot office tower is entitled for conversion to 246 market-rate multifamily units. E",valid,title/source/url metadata are internally consistent,Development Activity,GP / Capital Activity,new_or_fresh,,,,,2026-08-11,2026-08-11,,fresh_0_3d,fresh,published date parsed; article age 0 day(s),100,open,,,,Office-to-Residential Conversion - Los Angeles / California - Newmark Closes Note Sale on San Pedro Adaptive Reuse,California,Los Angeles,Office-to-Residential Conversion,Unknown,Unknown,Entitlement Under Review,approval_watch,matched entitled,,Reappearing,37,72,Unknown Timing,Medium,Low,Low,Low,Relevant to entitlement monitoring,"Track planning docket, approval path, CEQA risk, and sponsor activity",Entitlement Under Review; Entitled / approved; Office-to-Residential Conversion; No explicit timing reference,Newmark Closes Note Sale on San Pedro Adaptive Reuse,Connect CRE,https://www.connectcre.com/stories/newmark-closes-note-sale-on-san-pedro-adaptive-reuse/,Medium
2026-08-11,20260811-234049-01f9b98d,PRJ-20260811-0161,Disposition / Exit - Other / Unknown - NAHB HBGI: Micro Markets Lone Bright Spot for Single-Family Building in Fourth Quarter,80,LC-20260811-017,art_9cb283c42c78be42,Rendering Revealed: Workforce housing at 315 N. Pasadena Ave.,https://la.urbanize.city/post/rendering-revealed-workforce-housing-315-n-pasadena-ave,"Mon, 10 Aug 2026 13:10:00 +0000","Rendering Revealed: Workforce housing at 315 N. Pasadena Ave. | Urbanize LA Skip to main content Advertisement Advertisement Plans for a new workforce housing complex at the former Roosevelt Elementary School campus in Pasadena are moving forward, with a presentation to the City's Design Commission set for August 11. The project at 315 N. Pasadena Avenue, which would be developed for Pasadena Unified employees by Education Housing Partners, calls for the construction of 110 homes - half of which",valid,title/source/url metadata are internally consistent,Development Activity,Market Intelligence,acceptable_repeat,,,,,2026-08-10,2026-08-11,1,fresh_0_3d,fresh,published date parsed; article age 1 day(s),66,access_limited,,,,General Project Signal - Other / Unknown - Rendering Revealed: Workforce housing at 315 N. Pasadena Ave.,Unknown,Unknown,Workforce Housing,Unknown,Unknown,Unknown Stage,construction_delivery_watch,matched development / asset strategy execution,Unknown Stage,Reappearing,31,72,Unknown Timing,Unknown,Unknown,Unknown,Unknown,General monitoring,Monitor lifecycle signal for repeated confirmation,Unknown Stage; General Asset Signal; No explicit timing reference,Rendering Revealed: Workforce housing at 315 N. Pasadena Ave.,Urbanize LA,https://la.urbanize.city/post/rendering-revealed-workforce-housing-315-n-pasadena-ave,Medium
2026-08-11,20260811-234049-01f9b98d,PRJ-20260811-0142,Construction Financing - New York City / New York - Wells Fargo Provides $175M Construction Loan for Queens Mixed-Use Development,80,LC-20260811-033,art_5cd7c927005a0233,Wells Fargo Provides $175M Construction Loan for Queens Mixed-Use Development,https://commercialobserver.com/2026/08/wells-fargo-175m-construction-loan-queens-elara-apartment/,"Tue, 11 Aug 2026 15:25:48 +0000","Residential · Multifamily Astoria Finance · Construction Financing Wells Fargo Provides $175M Construction Loan for Queens Mixed-Use Development The two-building Elara will deliver 429 units of housing to New York, including 107 affordable units By Brian Pascus August 11, 2026 11:25 am reprints Domain Companies' Matt Schwartz and a rendering of Elara residential project in Queens. PHOTO: Evelyn Freja/for Commercial Observer; RENDERING: VUW Studio The affordable housing development push continues",valid,title/source/url metadata are internally consistent,Development Activity,GP / Capital Activity,new_or_fresh,,,,,2026-08-11,2026-08-11,,fresh_0_3d,fresh,published date parsed; article age 0 day(s),100,open,,,,Construction Financing - New York City / New York - Wells Fargo Provides $175M Construction Loan for Queens Mixed-Use Development,Unknown,Queens,Affordable Housing,Unknown,wells fargo,Refinancing / Recapitalization,excluded,transaction / capital guard: loan,,Mature / Operating,62,71,Unknown Timing,Low,High,Low,Low,Relevant to acquisition / JV timing,"Track lender, maturity, debt terms, and recapitalization need",Refinancing / Recapitalization; Refinancing / Recapitalization; No explicit timing reference,Wells Fargo Provides $175M Construction Loan for Queens Mixed-Use Development,Commercial Observer,https://commercialobserver.com/2026/08/wells-fargo-175m-construction-loan-queens-elara-apartment/,Medium
2026-08-11,20260811-234049-01f9b98d,PRJ-20260811-0073,Refinancing - Houston / Texas - Northmarq Arranges $68.76M Refinance for 3-Property Multifamily Portfolio Across Texas,80,LC-20260811-034,art_fccfadc7c1243f21,Northmarq Arranges $68.76M Refinance for 3-Property Multifamily Portfolio Across Texas,https://yieldpro.com/2026/08/holden-heights-apartments/,"Tue, 11 Aug 2026 19:19:50 +0000","Deal boom Midwest-South region News Facebook Twitter Linkedin Holden Heights Apartments Northmarq ‘s Debt + Equity deal team led by Taylor Francis, along with David Blum, Joe Giordani, Charlie Buckingham and Matt Radich arranged the $68.76 million permanent fixed-rate financing for a three-property Class A multifamily portfolio totaling 940 units located in Houston and San Antonio, Texas. The portfolio includes: Holden Heights Apartments (525 W. 24th St., Houston) Estancia San Miguel Apartments ",suspicious_mismatch,title/source/url metadata are internally consistent; title and original_url slug appear to reference different articles,Development Activity,GP / Capital Activity,new_or_fresh,,,,,2026-08-11,2026-08-11,,fresh_0_3d,fresh,published date parsed; article age 0 day(s),100,open,,,,Refinancing - Houston / Texas - Northmarq Arranges $68.76M Refinance for 3-Property Multifamily Portfolio Across Texas,Unknown,Houston,Apartment,Unknown,northmarq,Refinancing / Recapitalization,excluded,transaction / capital guard: refinance,,Mature / Operating,62,71,Unknown Timing,Low,High,Low,Low,Relevant to acquisition / JV timing,"Track lender, maturity, debt terms, and recapitalization need",Refinancing / Recapitalization; Refinancing / Recapitalization; No explicit timing reference,Northmarq Arranges $68.76M Refinance for 3-Property Multifamily Portfolio Across Texas,Yield PRO,https://yieldpro.com/2026/08/holden-heights-apartments/,Medium
2026-08-11,20260811-234049-01f9b98d,PRJ-20260811-0073,Refinancing - Houston / Texas - Northmarq Arranges $68.76M Refinance for 3-Property Multifamily Portfolio Across Texas,80,LC-20260811-035,art_248f8fa3ca1d2f4e,Northmarq Arranges Refis for Three Texas Rental Communities,https://www.connectcre.com/stories/northmarq-arranges-refis-for-three-texas-rental-communities/,"Tue, 11 Aug 2026 17:47:23 +0000","Texas CRE News In Your Inbox. Sign up for Connect emails to stay informed with CRE stories that are 150 words or less. Texas + Houston-Galveston + Apartments | August 11, 2026 By: Mike Boyd Northmarq Arranges Refis for Three Texas Rental Communities Francis Property Management inked a $68.7 million refinancing on three Texas multifamily communities. Northmarq’s Debt + Equity deal team led by Taylor Francis, along with David Blum, Joe Giordani, Charlie Buckingham and Matt Radich arranged the perm",valid,title/source/url metadata are internally consistent,Development Activity,GP / Capital Activity,new_or_fresh,,,,,2026-08-11,2026-08-11,,fresh_0_3d,fresh,published date parsed; article age 0 day(s),100,open,,,,Refinancing - Houston / Texas - Northmarq Arranges Refis for Three Texas Rental Communities,Unknown,Houston,Apartment,Unknown,northmarq,Refinancing / Recapitalization,excluded,transaction / capital guard: refinancing,,Mature / Operating,62,71,Unknown Timing,Low,High,Low,Low,Relevant to acquisition / JV timing,"Track lender, maturity, debt terms, and recapitalization need",Refinancing / Recapitalization; Refinancing / Recapitalization; No explicit timing reference,Northmarq Arranges Refis for Three Texas Rental Communities,Connect CRE Apartments,https://www.connectcre.com/stories/northmarq-arranges-refis-for-three-texas-rental-communities/,Medium
2026-08-11,20260811-234049-01f9b98d,PRJ-20260811-0041,Construction Financing - Atlanta / Georgia - Developer Duo Obtains Construction Financing for $147M Atlanta Student Housing Project,80,LC-20260811-019,art_aaefd3e9d52ce516,Atlanta Beltline Advancing 218-Unit Affordable Apartment Project,https://www.connectcre.com/stories/atlanta-beltline-advancing-218-unit-affordable-apartment-project/,"Mon, 03 Aug 2026 14:18:11 +0000","Atlanta & Southeast News In Your Inbox Sign up for Connect emails to stay informed with CRE stories that are 150 words or less. Atlanta & Southeast + Atlanta + Apartments | August 3, 2026 By: Mike Boyd Atlanta Beltline Advancing 218-Unit Affordable Apartment Project Atlanta Beltline Inc. (ABI) is pursuing the construction of a mid-rise multifamily development at 350 Chappell Road. The Atlanta Business Chronicle reports the $62 million project includes 218 apartments, all of which will be rented ",valid,title/source/url metadata are internally consistent,Development Activity,Market Intelligence,repeat_penalized,,,,,2026-08-03,2026-08-11,8,recent_4_14d,recent,published date parsed; article age 8 day(s),55,open,,,,General Project Signal - Atlanta / Georgia - Atlanta Beltline Advancing 218-Unit Affordable Apartment Project,Unknown,Atlanta,Apartment,Unknown,Unknown,Unknown Stage,construction_delivery_watch,matched development / asset strategy execution,Unknown Stage,Reappearing,31,71,Unknown Timing,Unknown,Unknown,Unknown,Unknown,General monitoring,Monitor lifecycle signal for repeated confirmation,Unknown Stage; Affordable / Density Bonus Strategy; No explicit timing reference,Atlanta Beltline Advancing 218-Unit Affordable Apartment Project,Connect CRE Atlanta,https://www.connectcre.com/stories/atlanta-beltline-advancing-218-unit-affordable-apartment-project/,Medium
2026-08-11,20260811-234049-01f9b98d,PRJ-20260811-0145,"Entitlement / Permitting - San Francisco / California - Updated Permits Filed For 20 Fountain Street, San Francisco",80,LC-20260811-067,art_b24a022b425665ea,"Updated Permits Filed For 20 Fountain Street, San Francisco",https://sfyimby.com/2026/08/updated-permits-filed-for-20-fountain-street-san-francisco.html,"Sun, 09 Aug 2026 12:30:39 +0000","20 Fountain Street (right) and 22 Fountain Street (left), rendering by E.E. Weiss Architects By: Andrew Nelson 5:30 am on August 9, 2026 Permits have been filed for an apartment complex at 20 Fountain Street in the Upper Market neighborhood of San Francisco . The development looks to construct a three-unit infill across four floors and a basement garage. The property owner is listed as Daniel Buckley. The four-story structure is expected to yield around 7,300 square feet, including 5,700 square ",valid,title/source/url metadata are internally consistent,Development Activity,,acceptable_repeat,True,address/street: 20 fountain street; project/asset term: development,high,Approval / Entitlement,2026-08-09,2026-08-11,2,fresh_0_3d,fresh,published date parsed; article age 2 day(s),77,access_limited,,,,"Updated Permits Filed For 20 Fountain Street, San Francisco",San Francisco / California,Unknown,Apartment,,Unknown,Unknown Stage,approval_watch,matched permit,Unknown Stage,Reappearing,20,71,Unknown Timing,Unknown,Unknown,Unknown,Unknown,General monitoring,Monitor lifecycle signal for repeated confirmation,Unknown Stage; General Asset Signal; 2026,"Updated Permits Filed For 20 Fountain Street, San Francisco",SF YIMBY,https://sfyimby.com/2026/08/updated-permits-filed-for-20-fountain-street-san-francisco.html,Medium
2026-08-11,20260811-234049-01f9b98d,PRJ-20260811-0153,Construction Financing - Miami / Florida - Affiliated Closes Financing on Mixed-Income Fort Lauderdale Apartment Project,80,LC-20260811-036,art_120b790785971abe,Arrow Arranges $85M Construction Loan for Miami Condo Project,https://www.connectcre.com/stories/arrow-arranges-85m-construction-loan-for-miami-condo-project/,"Wed, 29 Jul 2026 15:20:50 +0000","Florida & Gulf Coast CRE News In Your Inbox. Sign up for Connect emails to stay informed with CRE stories that are 150 words or less. Florida & Gulf Coast + South Florida + Apartments | July 29, 2026 By: Mike Boyd Arrow Arranges $85M Construction Loan for Miami Condo Project Arrow Real Estate Advisors arranged an $85 million construction loan on behalf of Northlink Capital for the development of 7200 Collins Avenue, a 222-unit luxury condominium project in Miami Beach, Florida. The financing, pr",valid,title/source/url metadata are internally consistent,Development Activity,GP / Capital Activity,repeat_penalized,,,,,2026-07-29,2026-08-11,13,recent_4_14d,recent,published date parsed; article age 13 day(s),55,open,,,,Construction Financing - Miami / Florida - Arrow Arranges $85M Construction Loan for Miami Condo Project,Unknown,South Florida,Apartment,Unknown,Unknown,Refinancing / Recapitalization,excluded,transaction / capital guard: loan,Refinancing / Recapitalization,Mature / Operating,60,70,Unknown Timing,Low,High,Low,Low,Relevant to acquisition / JV timing,"Track lender, maturity, debt terms, and recapitalization need",Refinancing / Recapitalization; Refinancing / Recapitalization; No explicit timing reference,Arrow Arranges $85M Construction Loan for Miami Condo Project,Connect CRE South Florida,https://www.connectcre.com/stories/arrow-arranges-85m-construction-loan-for-miami-condo-project/,Medium
2026-08-11,20260811-234049-01f9b98d,PRJ-20260811-0153,Construction Financing - Miami / Florida - Affiliated Closes Financing on Mixed-Income Fort Lauderdale Apartment Project,80,LC-20260811-040,art_03e554735dbfbc0b,Baron Property Group Closes on $226.5M Refi for Hialeah Apartment Community,https://www.connectcre.com/stories/baron-property-group-closes-on-226-5m-refi-for-hialeah-apartment-community/,"Thu, 30 Jul 2026 14:01:21 +0000","Florida & Gulf Coast CRE News In Your Inbox. Sign up for Connect emails to stay informed with CRE stories that are 150 words or less. Florida & Gulf Coast + South Florida + Apartments | July 30, 2026 By: Mike Boyd Baron Property Group Closes on $226.5M Refi for Hialeah Apartment Community Baron Property Group announced the closing of a $226.5 million refinancing for Metro Parc, the mixed-use development with rental residences, amenities and retail in Hialeah. Madison Realty Capital and Yellowsto",valid,title/source/url metadata are internally consistent,GP / Capital Activity,,repeat_penalized,,,,,2026-07-30,2026-08-11,12,recent_4_14d,recent,published date parsed; article age 12 day(s),55,open,,,,Refinancing - Miami / Florida - Baron Property Group Closes on $226.5M Refi for Hialeah Apartment Community,Unknown,South Florida,Mixed-Use Residential,Unknown,Unknown,Refinancing / Recapitalization,excluded,transaction / capital guard: refinancing,Refinancing / Recapitalization,Mature / Operating,60,70,Unknown Timing,Low,High,Low,Low,Relevant to acquisition / JV timing,"Track lender, maturity, debt terms, and recapitalization need",Refinancing / Recapitalization; Refinancing / Recapitalization; No explicit timing reference,Baron Property Group Closes on $226.5M Refi for Hialeah Apartment Community,Connect CRE South Florida,https://www.connectcre.com/stories/baron-property-group-closes-on-226-5m-refi-for-hialeah-apartment-community/,Medium
2026-08-11,20260811-234049-01f9b98d,PRJ-20260811-0051,General Project Signal - California - TruAmerica Multifamily Debuts Structured Finance Platform with Cornerstone Preferred Equit...,80,LC-20260811-029,art_d1e7e782969219ca,"Joint Venture Delivers 265-Bed Student Housing Development Near University of California, Berkeley",https://rebusinessonline.com/joint-venture-delivers-265-bed-student-housing-development-near-university-of-california-berkeley/,2026-08-11T13:23:13Z,"The Valiant serves students attending the University of California, Berkeley. California Development Multifamily Student Housing Western Joint Venture Delivers 265-Bed Student Housing Development Near University of California, Berkeley by Amy Works August 11, 2026 August 11, 2026 8 BERKELEY, CALIF. — A joint venture between Canyon Partners Real Estate, The Martin Group and Valiance Capital has delivered The Valiant, a 265-bed student housing development located near the University of California,",valid,title/source/url metadata are internally consistent,Development Activity,GP / Capital Activity,new_or_fresh,,,,,2026-08-11,2026-08-11,,fresh_0_3d,fresh,published date parsed; article age 0 day(s),100,open,,,,"JV / Partnership - California - Joint Venture Delivers 265-Bed Student Housing Development Near University of California,...",California,California,Student Housing,Unknown,Unknown,Unknown Stage,construction_delivery_watch,matched delivers,,Reappearing,33,70,Unknown Timing,Unknown,Unknown,Unknown,Unknown,General monitoring,Monitor lifecycle signal for repeated confirmation,Unknown Stage; General Asset Signal; No explicit timing reference,"Joint Venture Delivers 265-Bed Student Housing Development Near University of California, Berkeley",REBusiness Online,https://rebusinessonline.com/joint-venture-delivers-265-bed-student-housing-development-near-university-of-california-berkeley/,Medium
2026-08-11,20260811-234049-01f9b98d,PRJ-20260811-0148,"Entitlement / Permitting - San Francisco / California - Updated Permits Filed For 20 Fountain Street, San Francisco",80,LC-20260811-022,art_b24a022b425665ea,"Updated Permits Filed For 20 Fountain Street, San Francisco",https://sfyimby.com/2026/08/updated-permits-filed-for-20-fountain-street-san-francisco.html,"Sun, 09 Aug 2026 12:30:39 +0000","20 Fountain Street (right) and 22 Fountain Street (left), rendering by E.E. Weiss Architects By: Andrew Nelson 5:30 am on August 9, 2026 Permits have been filed for an apartment complex at 20 Fountain Street in the Upper Market neighborhood of San Francisco . The development looks to construct a three-unit infill across four floors and a basement garage. The property owner is listed as Daniel Buckley. The four-story structure is expected to yield around 7,300 square feet, including 5,700 square ",valid,title/source/url metadata are internally consistent,Development Activity,,acceptable_repeat,,,,,2026-08-09,2026-08-11,2,fresh_0_3d,fresh,published date parsed; article age 2 day(s),77,access_limited,,,,"Entitlement / Permitting - San Francisco / California - Updated Permits Filed For 20 Fountain Street, San Francisco",Unknown,San Francisco,Apartment,Unknown,Unknown,Unknown Stage,approval_watch,matched permit,Unknown Stage,Reappearing,31,70,Unknown Timing,Unknown,Unknown,Unknown,Unknown,General monitoring,Monitor lifecycle signal for repeated confirmation,Unknown Stage; Entitlement Play; No explicit timing reference,"Updated Permits Filed For 20 Fountain Street, San Francisco",SF YIMBY,https://sfyimby.com/2026/08/updated-permits-filed-for-20-fountain-street-san-francisco.html,Medium
2026-08-11,20260811-234049-01f9b98d,PRJ-20260811-0041,Construction Financing - Atlanta / Georgia - Developer Duo Obtains Construction Financing for $147M Atlanta Student Housing Project,80,LC-20260811-025,art_4addc8979f06a523,JLB Pursuing Buckhead Office-to-Apartments Conversion,https://www.connectcre.com/stories/jlb-pursuing-buckhead-office-to-apartments-conversion/,"Tue, 11 Aug 2026 14:07:02 +0000","Atlanta & Southeast News In Your Inbox Sign up for Connect emails to stay informed with CRE stories that are 150 words or less. Atlanta & Southeast + Atlanta + Apartments | August 11, 2026 By: Mike Boyd JLB Pursuing Buckhead Office-to-Apartments Conversion JLB Partners plans to redevelop a seven-story building at 470 E. Paces Ferry Road in Buckhead Village. The Atlanta Business Chronicle reports the project consists of 314 apartments in what was once a mid-century office building. On Maple Drive",valid,title/source/url metadata are internally consistent,Development Activity,,new_or_fresh,,,,,2026-08-11,2026-08-11,,fresh_0_3d,fresh,published date parsed; article age 0 day(s),100,open,,,,Office-to-Residential Conversion - Atlanta / Georgia - JLB Pursuing Buckhead Office-to-Apartments Conversion,Unknown,Atlanta,Apartment,Unknown,Unknown,Unknown Stage,construction_delivery_watch,matched development / asset strategy execution,,Reappearing,34,69,Unknown Timing,Unknown,Unknown,Unknown,Unknown,General monitoring,Monitor lifecycle signal for repeated confirmation,Unknown Stage; Office-to-Residential Conversion; No explicit timing reference,JLB Pursuing Buckhead Office-to-Apartments Conversion,Connect CRE Apartments,https://www.connectcre.com/stories/jlb-pursuing-buckhead-office-to-apartments-conversion/,Medium
2026-08-11,20260811-234049-01f9b98d,PRJ-20260811-0156,General Project Signal - Southeast - Construction begins for student housing at Long Beach City College,80,LC-20260811-026,art_1ba0cfd3e44781fa,Construction begins for student housing at Long Beach City College,https://la.urbanize.city/post/construction-begins-student-housing-long-beach-city-college,"Mon, 10 Aug 2026 13:05:00 +0000","Construction begins for student housing at Long Beach City College | Urbanize LA Skip to main content Advertisement Advertisement Construction has commenced for a new student housing complex on the Long Beach City College Liberal Arts Campus , per a social media post from architecture firm AC Martin. The $127-million project , which replaces a parking lot on the eastern side of the campus at the intersection of Clark Avenue and E. Lew Davis Street, calls for the construction of a 93,000-square-f",valid,title/source/url metadata are internally consistent,Market Intelligence,Development Activity,acceptable_repeat,,,,,2026-08-10,2026-08-11,1,fresh_0_3d,fresh,published date parsed; article age 1 day(s),66,access_limited,,,,General Project Signal - Southeast - Construction begins for student housing at Long Beach City College,Southeast,Southeast,Student Housing,Unknown,Unknown,Unknown Stage,construction_delivery_watch,matched development / asset strategy execution,Unknown Stage,Reappearing,32,69,Unknown Timing,Unknown,Unknown,Unknown,Unknown,General monitoring,Monitor lifecycle signal for repeated confirmation,Unknown Stage; General Asset Signal; No explicit timing reference,Construction begins for student housing at Long Beach City College,Urbanize LA,https://la.urbanize.city/post/construction-begins-student-housing-long-beach-city-college,Medium
2026-08-11,20260811-234049-01f9b98d,PRJ-20260811-0041,Construction Financing - Atlanta / Georgia - Developer Duo Obtains Construction Financing for $147M Atlanta Student Housing Project,80,LC-20260811-039,art_49033c61ec20b90a,Investor Pays $98M For Foreclosed Downtown Atlanta Apartment Tower,https://www.bisnow.com/news/atlanta/multifamily/investor-pays-98m-for-foreclosed-downtown-atlanta-apartment-tower,"Tue, 11 Aug 2026 17:34:45 -0400","A multifamily investor with 10 properties in Metro Atlanta has acquired a 17-story luxury apartment tower from its embattled borrower. Photo credit: Google Maps Generation Atlanta apartment tower in Downtown New York-based Saratoga Capital Partners purchased Generation Atlanta , a 336-unit high-rise at 369 Centennial Olympic Park Drive, for $98.4M in a foreclosure auction on Aug. 4, according to records in the Georgia Superior Court Clerks' Cooperative Authority database. Quebec-based Frankforte",valid,title/source/url metadata are internally consistent,Development Activity,,new_or_fresh,,,,,2026-08-11,2026-08-11,,fresh_0_3d,fresh,published date parsed; article age 0 day(s),88,access_limited,,,,Acquisition - Atlanta / Georgia - Investor Pays $98M For Foreclosed Downtown Atlanta Apartment Tower,Unknown,Atlanta,Apartment,Unknown,Unknown,Unknown Stage,excluded,transaction / capital guard: acquisition,,Reappearing,30,68,Unknown Timing,Unknown,Unknown,Unknown,Unknown,General monitoring,Monitor lifecycle signal for repeated confirmation,Unknown Stage; General Asset Signal; No explicit timing reference,Investor Pays $98M For Foreclosed Downtown Atlanta Apartment Tower,Bisnow,https://www.bisnow.com/news/atlanta/multifamily/investor-pays-98m-for-foreclosed-downtown-atlanta-apartment-tower,Medium
2026-08-11,20260811-234049-01f9b98d,PRJ-20260811-0062,Development Start - Florida - The NRP Group Breaks Ground on 312-Unit Luxury Apartment Community Within Florida’s Premie...,80,LC-20260811-047,art_8b8bee3c14b11cdf,The NRP Group Breaks Ground on 312-Unit Luxury Apartment Community Within Florida’s Premier Tradition Master Plan,https://yieldpro.com/2026/08/13661-sw-village-parkway/,"Tue, 11 Aug 2026 19:47:08 +0000","Deal boom News Facebook Twitter Linkedin The NRP Group , a vertically integrated, best-in-class developer, builder and manager of multifamily housing, today announced the groundbreaking of its newest luxury apartment community , a 312-unit amenity-rich development within the award-winning 10,000-acre Tradition master-planned community in Port St. Lucie. Designed to deliver an elevated residential experience, the community will combine upscale apartment homes, resort-style amenities and premier a",suspicious_mismatch,title/source/url metadata are internally consistent; title and original_url slug appear to reference different articles,Development Activity,,new_or_fresh,,,,,2026-08-11,2026-08-11,,fresh_0_3d,fresh,published date parsed; article age 0 day(s),100,open,,,,Development Start - Florida - The NRP Group Breaks Ground on 312-Unit Luxury Apartment Community Within Florida’s Premie...,Florida,Florida,Apartment,Unknown,Unknown,Unknown Stage,construction_delivery_watch,matched breaks ground,,Reappearing,31,67,Unknown Timing,Unknown,Unknown,Unknown,Unknown,General monitoring,Monitor lifecycle signal for repeated confirmation,Unknown Stage; Development Start; No explicit timing reference,The NRP Group Breaks Ground on 312-Unit Luxury Apartment Community Within Florida’s Premier Tradition Master Plan,Yield PRO,https://yieldpro.com/2026/08/13661-sw-village-parkway/,Medium
2026-08-11,20260811-234049-01f9b98d,PRJ-20260811-0041,Construction Financing - Atlanta / Georgia - Developer Duo Obtains Construction Financing for $147M Atlanta Student Housing Project,80,LC-20260811-042,art_62e68a7df923ee2e,Matt Ferrari’s PXV Multifamily makes first acquisition for $29.5M,https://www.multifamilydive.com/news/multiifamily-investment-strategy-value-add-apartments/827238/,"Thu, 06 Aug 2026 13:08:54 -0400","An article from Matt Ferrari’s PXV Multifamily makes first acquisition for $29.5M The 216-unit Village on the Green property in Atlanta was the first deal the new company analyzed, the firm’s founder tells Multifamily Dive. Published Aug. 6, 2026 Leslie Shaver Senior Reporter Share Copy link Email LinkedIn X/Twitter Facebook Print License Add us on Google The Grove at Ben Hill in Atlanta. Permission granted by PXV Multifamily Property: Village on the Green Buyer: PXV Multifamily Seller: Withheld",valid,title/source/url metadata are internally consistent,Development Activity,GP / Capital Activity,acceptable_repeat,,,,,2026-08-06,2026-08-11,5,fresh_0_3d,fresh,published date parsed; article age 5 day(s),66,open,,,,Acquisition - Atlanta / Georgia - Matt Ferrari’s PXV Multifamily makes first acquisition for $29.5M,Unknown,Atlanta,Multifamily,Unknown,Unknown,Unknown Stage,excluded,transaction / capital guard: acquisition,Unknown Stage,Reappearing,30,67,Unknown Timing,Unknown,Unknown,Unknown,Unknown,General monitoring,Monitor lifecycle signal for repeated confirmation,Unknown Stage; General Asset Signal; No explicit timing reference,Matt Ferrari’s PXV Multifamily makes first acquisition for $29.5M,Multifamily Dive,https://www.multifamilydive.com/news/multiifamily-investment-strategy-value-add-apartments/827238/,Medium
2026-08-11,20260811-234049-01f9b98d,PRJ-20260811-0160,Disposition / Exit - Other / Unknown - Marcus & Millichap Brokers $16.5M Sale of Two Student Housing Assets in Clemson South Caro...,100,LC-20260811-032,art_28cd688d3b45b8c1,Marcus & Millichap Brokers $16.5M Sale of Two Student Housing Assets in Clemson South Carolina,https://yieldpro.com/2026/08/the-den-at-clemson/,"Tue, 11 Aug 2026 18:38:45 +0000","Deal boom Midwest-South region News Facebook Twitter Linkedin The Den at Clemson West Marcus & Millichap (NYSE: MMI) , a leading commercial real estate brokerage firm specializing in investment sales, financing, research and advisory services, announced the sale of The Den at Clemson East and The Den at Clemson West , two multifamily properties in Clemson, South Carolina for $16.5 million. “This was an excellent opportunity to acquire two assets at an attractive basis in the Clemson market,” sai",valid,title/source/url metadata are internally consistent,Market Intelligence,GP / Capital Activity,new_or_fresh,,,,,2026-08-11,2026-08-11,,fresh_0_3d,fresh,published date parsed; article age 0 day(s),100,open,,,,Disposition / Exit - Other / Unknown - Marcus & Millichap Brokers $16.5M Sale of Two Student Housing Assets in Clemson South Caro...,Unknown,Unknown,Student Housing,Marcus & Millichap,Unknown,Unknown Stage,excluded,transaction / capital guard: disposition,,Reappearing,20,67,Unknown Timing,Unknown,Unknown,Unknown,Unknown,General monitoring,Monitor lifecycle signal for repeated confirmation,Unknown Stage; General Asset Signal; No explicit timing reference,Marcus & Millichap Brokers $16.5M Sale of Two Student Housing Assets in Clemson South Carolina,Yield PRO,https://yieldpro.com/2026/08/the-den-at-clemson/,Medium
2026-08-11,20260811-234049-01f9b98d,PRJ-20260811-0131,Disposition / Exit - Other / Unknown - NAHB HBGI: Micro Markets Lone Bright Spot for Single-Family Building in Fourth Quarter,80,LC-20260811-055,art_ef243ba853d3bcd7,"Burger King Housing Planned at 2817 El Camino Real, San Mateo",https://sfyimby.com/2026/08/burger-king-housing-planned-at-2817-el-camino-real-san-mateo.html,"Tue, 11 Aug 2026 12:30:28 +0000","2817 El Camino Real, rendering by RG Architecture By: Andrew Nelson 5:30 am on August 11, 2026 Plans have been filed to replace a Burger King restaurant with a dense housing project at 2817 El Camino Real in San Mateo , San Mateo County . The project is looking to add 151 new apartments to the corner lot, overlooking the Hillsdale Caltrain Station and near the Hillsdale Mall . Ghai Management is responsible for the development, filed through Livermore-based 1857 East Main Street LLC. 2817 El Cam",valid,title/source/url metadata are internally consistent,Development Activity,,new_or_fresh,True,address/street: 1857 east main street; project/asset term: project,high,Project / Asset,2026-08-11,2026-08-11,0,fresh_0_3d,fresh,published date parsed; article age 0 day(s),88,access_limited,,,,"Burger King Housing Planned at 2817 El Camino Real, San Mateo",Other / Unknown,Unknown,Apartment,,Unknown,Early Site Signal,construction_delivery_watch,matched development / asset strategy execution,,Newly Detected,11,67,Unknown Timing,Low,Low,Low,Low,General monitoring,Monitor lifecycle signal for repeated confirmation,Early Site Signal; General Asset Signal; 2026,"Burger King Housing Planned at 2817 El Camino Real, San Mateo",SF YIMBY,https://sfyimby.com/2026/08/burger-king-housing-planned-at-2817-el-camino-real-san-mateo.html,Medium
2026-08-11,20260811-234049-01f9b98d,PRJ-20260811-0139,Acquisition - Phoenix / Arizona - Rockwell Pays $42M for 182-Unit Scottsdale Rental Community,80,LC-20260811-068,art_a20a2a8bb86182ac,Rockwell Pays $42M for 182-Unit Scottsdale Rental Community,https://www.connectcre.com/stories/hayden-pays-42m-for-182-unit-scottsdale-rental-community/,"Thu, 06 Aug 2026 16:40:03 +0000","Phoenix & Southwest CRE News In Your Inbox. Sign up for Connect emails to stay informed with CRE stories that are 150 words or less. Phoenix & Southwest + Phoenix + Apartments | August 6, 2026 By: Mike Boyd Rockwell Pays $42M for 182-Unit Scottsdale Rental Community Rockwell Property Company purchased the Hayden Park, a 182-unit apartment community at 3015 North Hayden Road in Scottsdale, Arizona, for $42 million. It’s just outside of Old Town Scottsdale. The Hayden Park purchase marks Rockwell’",valid,title/source/url metadata are internally consistent,Development Activity,GP / Capital Activity,acceptable_repeat,True,unit/site count: 182-unit; address/street: 3015 north hayden road; project/asset term: community,high,Project / Asset,2026-08-06,2026-08-11,5,fresh_0_3d,fresh,published date parsed; article age 5 day(s),66,open,,,,Rockwell Pays $42M for 182-Unit Scottsdale Rental Community,Phoenix / Arizona,Phoenix,Apartment,Unknown,Unknown,Site Acquisition / Site Control,excluded,no clear development milestone,Site Acquisition / Site Control,Reappearing,39,65,Unknown Timing,Low,Low,Low,Low,Relevant to acquisition / JV timing,Monitor lifecycle signal for repeated confirmation,Site Acquisition / Site Control; General Asset Signal; 2026,Rockwell Pays $42M for 182-Unit Scottsdale Rental Community,Connect CRE Phoenix,https://www.connectcre.com/stories/hayden-pays-42m-for-182-unit-scottsdale-rental-community/,Medium
2026-08-11,20260811-234049-01f9b98d,PRJ-20260811-0075,Northwestern Mutual Provides $110M Perm Loan for Jersey City Multifamily Tower,100,LC-20260811-063,art_0425ff2c1ea26c26,Northwestern Mutual Provides $110M Perm Loan for Jersey City Multifamily Tower,https://commercialobserver.com/2026/08/northwestern-mutual-jersey-city-apartments/,"Tue, 11 Aug 2026 17:10:31 +0000","Residential · Multifamily Jersey City Finance · Refinance Northwestern Mutual Provides $110M Perm Loan for Jersey City Multifamily Tower By Andrew Coen August 11, 2026 1:10 pm reprints Arden Group CEO Craig Spencer and 425 Summit Avenue, Jersey City, N.J. PHOTOS: Courtesy Arden Group A joint venture between Spitzer Enterprises and Arden Group has sealed $109.5 million of permanent financing for a newly-built multifamily tower in Jersey City, Commercial Observer can first report. Northwestern Mut",valid,title/source/url metadata are internally consistent,Development Activity,GP / Capital Activity,new_or_fresh,True,address/street: 425 summit avenue; execution milestone: lease-up; project/asset term: development,high,Leasing / Lease-Up,2026-08-11,2026-08-11,0,fresh_0_3d,fresh,published date parsed; article age 0 day(s),100,open,,,,Northwestern Mutual Provides $110M Perm Loan for Jersey City Multifamily Tower,Other / Unknown,Jersey City,Multifamily,Jersey City Multifamily Tower Residential,Unknown,Unknown Stage,excluded,transaction / capital guard: refinance,,Reappearing,35,63,Unknown Timing,Unknown,Unknown,Unknown,Unknown,General monitoring,Monitor lifecycle signal for repeated confirmation,Unknown Stage; General Asset Signal; 2026,Northwestern Mutual Provides $110M Perm Loan for Jersey City Multifamily Tower,Commercial Observer,https://commercialobserver.com/2026/08/northwestern-mutual-jersey-city-apartments/,Medium
2026-08-11,20260811-234049-01f9b98d,PRJ-20260811-0131,Disposition / Exit - Other / Unknown - NAHB HBGI: Micro Markets Lone Bright Spot for Single-Family Building in Fourth Quarter,80,LC-20260811-045,art_e7a9762afc37ebb6,Roscoe Village MF Sells in Deal Brokered by Essex Three-Twelve,https://www.connectcre.com/stories/roscoe-village-mf-sells-in-deal-brokered-by-essex-three-twelve/,"Tue, 11 Aug 2026 21:03:28 +0000","Chicago & Midwest CRE News In Your Inbox. Sign up for Connect emails to stay informed with CRE stories that are 150 words or less. Chicago & Midwest + North Side + Apartments | August 11, 2026 By: Jasmine Kilman Roscoe Village MF Sells in Deal Brokered by Essex Three-Twelve Essex Three-Twelve completed the sale of 3141 N. Oakley Ave., a turnkey three-unit multifamily property located in Chicago’s Roscoe Village neighborhood. The property sold for $1.24 million, with Essex Three-Twelve Director M",valid,title/source/url metadata are internally consistent,Development Activity,GP / Capital Activity,new_or_fresh,True,address/street: 3141 n. oakley ave; project/asset term: apartments,high,Project / Asset,2026-08-11,2026-08-11,0,fresh_0_3d,fresh,published date parsed; article age 0 day(s),100,open,,,,Roscoe Village MF Sells in Deal Brokered by Essex Three-Twelve,Other / Unknown,Unknown,Apartment,Unknown,Unknown,Delivery / Opening,excluded,transaction / capital guard: sells,,Mature / Operating,20,63,Unknown Timing,Low,Low,Low,Medium,Relevant to underwriting benchmark,"Benchmark delivery, lease-up, occupancy, and rent assumptions",Delivery / Opening; Completed / opened; Lease-Up / Delivery; 2026,Roscoe Village MF Sells in Deal Brokered by Essex Three-Twelve,Connect CRE,https://www.connectcre.com/stories/roscoe-village-mf-sells-in-deal-brokered-by-essex-three-twelve/,Medium
2026-08-11,20260811-234049-01f9b98d,PRJ-20260811-0102,JV / Partnership - Miami / Florida - Serenity Gardens Breaks Ground to Deliver 153 Affordable Senior Units Housing in Miami,80,LC-20260811-065,art_045a978772aae654,Serenity Gardens Breaks Ground to Deliver 153 Affordable Senior Units Housing in Miami,https://yieldpro.com/2026/08/serenity-gardens-miami-senior/,"Tue, 11 Aug 2026 19:52:43 +0000","Deal boom News Facebook Twitter Linkedin SG Holdings , in partnership with New Urban Development , an affiliate of the Urban League of Greater Miami, in collaboration with ANF , construction manager for the project, officially broke ground on Serenity Gardens , a new affordable senior housing development in the City of Miami Gardens, Florida. The groundbreaking ceremony was attended by representatives from SG Holdings (Swerdlow Group), New Urban Development and ANF, along with honorary guests Mi",valid,title/source/url metadata are internally consistent,Development Activity,GP / Capital Activity,new_or_fresh,,,,,2026-08-11,2026-08-11,,fresh_0_3d,fresh,published date parsed; article age 0 day(s),100,open,,,,JV / Partnership - Miami / Florida - Serenity Gardens Breaks Ground to Deliver 153 Affordable Senior Units Housing in Miami,Unknown,Miami,Senior Housing,Unknown,Unknown,Vertical Construction,construction_delivery_watch,matched broke ground,,Reappearing,19,63,Unknown Timing,Low,Low,Medium,Low,General monitoring,"Benchmark construction timeline, sponsor execution, and delivery risk",Vertical Construction; Construction started; Affordable / Density Bonus Strategy; broke ground,Serenity Gardens Breaks Ground to Deliver 153 Affordable Senior Units Housing in Miami,Yield PRO,https://yieldpro.com/2026/08/serenity-gardens-miami-senior/,Medium
2026-08-11,20260811-234049-01f9b98d,PRJ-20260811-0085,Disposition / Exit - Los Angeles / California - Marina del Rey’s Shores Apartments Trade to Jackson Square for $170M,80,LC-20260811-075,,Newmark Closes Note Sale on San Pedro Adaptive Reuse,https://www.connectcre.com/stories/newmark-closes-note-sale-on-san-pedro-adaptive-reuse/,,,,,,,,,,,,,,,unknown_date,unknown_date_review,derived row did not carry source published date,,,,,,Newmark Closes Note Sale on San Pedro Adaptive Reuse,Los Angeles / California,Los Angeles,Office-to-Residential Conversion,,Unknown,Unknown Stage,excluded,transaction / capital guard: sale,,Reappearing,15,61,Unknown Timing,Unknown,Unknown,Unknown,Unknown,General monitoring,Monitor lifecycle signal for repeated confirmation,Unknown Stage; Office-to-Residential Conversion; 2026,Newmark Closes Note Sale on San Pedro Adaptive Reuse,Connect CRE,https://www.connectcre.com/stories/newmark-closes-note-sale-on-san-pedro-adaptive-reuse/,Medium
2026-08-11,20260811-234049-01f9b98d,PRJ-20260811-0085,Disposition / Exit - Los Angeles / California - Marina del Rey’s Shores Apartments Trade to Jackson Square for $170M,80,LC-20260811-077,,Warner Center's beleaguered Promenade mall bites the dust,https://la.urbanize.city/post/warner-centers-beleaguered-promenade-mall-bites-dust,,,,,,,,,,,,,,,unknown_date,unknown_date_review,derived row did not carry source published date,,,,,,Warner Center's beleaguered Promenade mall bites the dust,Los Angeles / California,Los Angeles,Mixed-Use Residential,,Unknown,Unknown Stage,excluded,no clear development milestone,Unknown Stage,Reappearing,12,61,Unknown Timing,Unknown,Unknown,Unknown,Unknown,General monitoring,Monitor lifecycle signal for repeated confirmation,Unknown Stage; General Asset Signal; No explicit timing reference,Warner Center's beleaguered Promenade mall bites the dust,Urbanize LA,https://la.urbanize.city/post/warner-centers-beleaguered-promenade-mall-bites-dust,Medium
2026-08-11,20260811-234049-01f9b98d,PRJ-20260811-0161,Disposition / Exit - Other / Unknown - NAHB HBGI: Micro Markets Lone Bright Spot for Single-Family Building in Fourth Quarter,80,LC-20260811-046,art_0425ff2c1ea26c26,Northwestern Mutual Provides $110M Perm Loan for Jersey City Multifamily Tower,https://commercialobserver.com/2026/08/northwestern-mutual-jersey-city-apartments/,"Tue, 11 Aug 2026 17:10:31 +0000","Residential · Multifamily Jersey City Finance · Refinance Northwestern Mutual Provides $110M Perm Loan for Jersey City Multifamily Tower By Andrew Coen August 11, 2026 1:10 pm reprints Arden Group CEO Craig Spencer and 425 Summit Avenue, Jersey City, N.J. PHOTOS: Courtesy Arden Group A joint venture between Spitzer Enterprises and Arden Group has sealed $109.5 million of permanent financing for a newly-built multifamily tower in Jersey City, Commercial Observer can first report. Northwestern Mut",valid,title/source/url metadata are internally consistent,Development Activity,GP / Capital Activity,new_or_fresh,,,,,2026-08-11,2026-08-11,,fresh_0_3d,fresh,published date parsed; article age 0 day(s),100,open,,,,Refinancing - Other / Unknown - Northwestern Mutual Provides $110M Perm Loan for Jersey City Multifamily Tower,Unknown,Unknown,Multifamily,Unknown,Unknown,Refinancing / Recapitalization,excluded,transaction / capital guard: refinancing,,Mature / Operating,59,59,Unknown Timing,Low,High,Low,Low,Relevant to acquisition / JV timing,"Track lender, maturity, debt terms, and recapitalization need",Refinancing / Recapitalization; Refinancing / Recapitalization; No explicit timing reference,Northwestern Mutual Provides $110M Perm Loan for Jersey City Multifamily Tower,Commercial Observer,https://commercialobserver.com/2026/08/northwestern-mutual-jersey-city-apartments/,Medium
2026-08-11,20260811-234049-01f9b98d,PRJ-20260811-0084,Disposition / Exit - Los Angeles / California - Marina del Rey’s Shores Apartments Trade to Jackson Square for $170M,80,LC-20260811-037,art_3c29334cc5f70d17,Marina del Rey’s Shores Apartments Trade to Jackson Square for $170M,https://www.connectcre.com/stories/marina-del-reys-shores-apartments-trade-to-jackson-square-for-170m/,"Mon, 10 Aug 2026 18:54:27 +0000","California CRE News In Your Inbox. Sign up for Connect emails to stay informed with CRE stories that are 150 words or less. California + Los Angeles + Apartments | August 10, 2026 By: Paul Bubny Marina del Rey’s Shores Apartments Trade to Jackson Square for $170M Cox, Castle & Nicholson LLP served as counsel to Shores LLC in the sale of Shores, a 544-unit multifamily community in Marina del Rey, for $170 million to Jackson Square Properties affiliates. The transaction is one of the largest comme",valid,title/source/url metadata are internally consistent,Development Activity,GP / Capital Activity,acceptable_repeat,,,,,2026-08-10,2026-08-11,1,fresh_0_3d,fresh,published date parsed; article age 1 day(s),78,open,,,,Disposition / Exit - Los Angeles / California - Marina del Rey’s Shores Apartments Trade to Jackson Square for $170M,California,Los Angeles,Apartment,Unknown,Unknown,Unknown Stage,excluded,transaction / capital guard: disposition,Unknown Stage,Reappearing,32,58,Unknown Timing,Unknown,Unknown,Unknown,Unknown,General monitoring,Monitor lifecycle signal for repeated confirmation,Unknown Stage; General Asset Signal; No explicit timing reference,Marina del Rey’s Shores Apartments Trade to Jackson Square for $170M,Connect CRE California,https://www.connectcre.com/stories/marina-del-reys-shores-apartments-trade-to-jackson-square-for-170m/,Medium
2026-08-11,20260811-234049-01f9b98d,PRJ-20260811-0112,Disposition / Exit - New York - Debbie Pomerantz Launches Independent Multifamily Brokerage,80,LC-20260811-038,art_31334a784ec6c7b6,Debbie Pomerantz Launches Independent Multifamily Brokerage,https://www.connectcre.com/stories/debbie-pomerantz-launches-independent-multifamily-brokerage/,"Tue, 11 Aug 2026 21:14:00 +0000","New York & Tri-State CRE News In Your Inbox. Sign up for Connect emails to stay informed with CRE stories that are 150 words or less. New York & Tri-State + New Jersey + Apartments | August 11, 2026 By: Paul Bubny Debbie Pomerantz Launches Independent Multifamily Brokerage Veteran multifamily investment brokerage professional Debbie Pomerantz has launched an independent commercial real estate brokerage firm, DLP Real Estate. The firm’s debut aligns with the $13.25-million sale of Raritan Riversi",valid,title/source/url metadata are internally consistent,Development Activity,GP / Capital Activity,new_or_fresh,,,,,2026-08-11,2026-08-11,,fresh_0_3d,fresh,published date parsed; article age 0 day(s),100,open,,,,Disposition / Exit - New York - Debbie Pomerantz Launches Independent Multifamily Brokerage,New York,New York,Apartment,Unknown,Unknown,Unknown Stage,excluded,transaction / capital guard: disposition,,Reappearing,32,58,Unknown Timing,Unknown,Unknown,Unknown,Unknown,General monitoring,Monitor lifecycle signal for repeated confirmation,Unknown Stage; General Asset Signal; No explicit timing reference,Debbie Pomerantz Launches Independent Multifamily Brokerage,Connect CRE,https://www.connectcre.com/stories/debbie-pomerantz-launches-independent-multifamily-brokerage/,Medium
2026-08-11,20260811-234049-01f9b98d,PRJ-20260811-0140,Acquisition - Phoenix / Arizona - Rockwell Pays $42M for 182-Unit Scottsdale Rental Community,80,LC-20260811-057,art_a20a2a8bb86182ac,Rockwell Pays $42M for 182-Unit Scottsdale Rental Community,https://www.connectcre.com/stories/hayden-pays-42m-for-182-unit-scottsdale-rental-community/,"Thu, 06 Aug 2026 16:40:03 +0000","Phoenix & Southwest CRE News In Your Inbox. Sign up for Connect emails to stay informed with CRE stories that are 150 words or less. Phoenix & Southwest + Phoenix + Apartments | August 6, 2026 By: Mike Boyd Rockwell Pays $42M for 182-Unit Scottsdale Rental Community Rockwell Property Company purchased the Hayden Park, a 182-unit apartment community at 3015 North Hayden Road in Scottsdale, Arizona, for $42 million. It’s just outside of Old Town Scottsdale. The Hayden Park purchase marks Rockwell’",valid,title/source/url metadata are internally consistent,Development Activity,GP / Capital Activity,acceptable_repeat,,,,,2026-08-06,2026-08-11,5,fresh_0_3d,fresh,published date parsed; article age 5 day(s),66,open,,,,Acquisition - Phoenix / Arizona - Rockwell Pays $42M for 182-Unit Scottsdale Rental Community,Unknown,Phoenix,Apartment,Unknown,Unknown,Unknown Stage,excluded,transaction / capital guard: acquisition,Unknown Stage,Reappearing,55,57,Unknown Timing,Unknown,Unknown,Unknown,Unknown,General monitoring,Monitor lifecycle signal for repeated confirmation,Unknown Stage; General Asset Signal; No explicit timing reference,Rockwell Pays $42M for 182-Unit Scottsdale Rental Community,Connect CRE Phoenix,https://www.connectcre.com/stories/hayden-pays-42m-for-182-unit-scottsdale-rental-community/,Medium
2026-08-11,20260811-234049-01f9b98d,PRJ-20260811-0140,Acquisition - Phoenix / Arizona - Rockwell Pays $42M for 182-Unit Scottsdale Rental Community,80,LC-20260811-049,art_ee5077eab900f93c,ColRich Pays $52.4M for Mesa Rental Community,https://www.connectcre.com/stories/colrich-pays-52-4m-for-mesa-rental-community/,"Wed, 05 Aug 2026 16:57:05 +0000","Phoenix & Southwest CRE News In Your Inbox. Sign up for Connect emails to stay informed with CRE stories that are 150 words or less. Phoenix & Southwest + Phoenix + Apartments | August 5, 2026 By: Mike Boyd ColRich Pays $52.4M for Mesa Rental Community ColRich acquired Avia 266, a 267-unit multifamily community in Mesa, AZ, for $52.4 million, including the assumption of an existing HUD loan. The buyer intends to rename the property The Remy. The sales price comes out to just under $200,000 a uni",valid,title/source/url metadata are internally consistent,Development Activity,GP / Capital Activity,acceptable_repeat,,,,,2026-08-05,2026-08-11,6,fresh_0_3d,fresh,published date parsed; article age 6 day(s),62,open,,,,Acquisition - Phoenix / Arizona - ColRich Pays $52.4M for Mesa Rental Community,Unknown,Phoenix,Apartment,Unknown,Unknown,Unknown Stage,excluded,transaction / capital guard: acquisition,Unknown Stage,Reappearing,32,57,Unknown Timing,Unknown,Unknown,Unknown,Unknown,General monitoring,Monitor lifecycle signal for repeated confirmation,Unknown Stage; General Asset Signal; No explicit timing reference,ColRich Pays $52.4M for Mesa Rental Community,Connect CRE Phoenix,https://www.connectcre.com/stories/colrich-pays-52-4m-for-mesa-rental-community/,Medium
2026-08-11,20260811-234049-01f9b98d,PRJ-20260811-0129,Disposition / Exit - Other / Unknown - Marcus & Millichap Brokers $16.5M Sale of Two Student Housing Assets in Clemson South Caro...,100,LC-20260811-070,art_28cd688d3b45b8c1,Marcus & Millichap Brokers $16.5M Sale of Two Student Housing Assets in Clemson South Carolina,https://yieldpro.com/2026/08/the-den-at-clemson/,"Tue, 11 Aug 2026 18:38:45 +0000","Deal boom Midwest-South region News Facebook Twitter Linkedin The Den at Clemson West Marcus & Millichap (NYSE: MMI) , a leading commercial real estate brokerage firm specializing in investment sales, financing, research and advisory services, announced the sale of The Den at Clemson East and The Den at Clemson West , two multifamily properties in Clemson, South Carolina for $16.5 million. “This was an excellent opportunity to acquire two assets at an attractive basis in the Clemson market,” sai",valid,title/source/url metadata are internally consistent,Market Intelligence,GP / Capital Activity,new_or_fresh,False,"no identifiable project, asset, site, address, or unit-count anchor",none,,2026-08-11,2026-08-11,0,fresh_0_3d,fresh,published date parsed; article age 0 day(s),100,open,,,,Marcus & Millichap Brokers $16.5M Sale of Two Student Housing Assets in Clemson South Carolina,Other / Unknown,Unknown,Student Housing,Marcus & Millichap,Unknown,Unknown Stage,excluded,transaction / capital guard: sale,,Unknown,20,56,Unknown Timing,Unknown,Unknown,Unknown,Unknown,General monitoring,Monitor lifecycle signal for repeated confirmation,Unknown Stage; General Asset Signal; No explicit timing reference,Marcus & Millichap Brokers $16.5M Sale of Two Student Housing Assets in Clemson South Carolina,Yield PRO,https://yieldpro.com/2026/08/the-den-at-clemson/,Medium
2026-08-11,20260811-234049-01f9b98d,PRJ-20260811-0142,Construction Financing - New York City / New York - Wells Fargo Provides $175M Construction Loan for Queens Mixed-Use Development,80,LC-20260811-059,art_47edcb1e3267333e,Domain Lines Up $176M Financing for Mixed-Income Astoria Rentals,https://www.connectcre.com/stories/domain-lines-up-176m-financing-for-mixed-income-astoria-rentals/,"Tue, 11 Aug 2026 21:39:32 +0000","New York & Tri-State CRE News In Your Inbox. Sign up for Connect emails to stay informed with CRE stories that are 150 words or less. New York & Tri-State + Outer Boroughs + Apartments | August 11, 2026 By: Paul Bubny Domain Lines Up $176M Financing for Mixed-Income Astoria Rentals The Domain Companies has closed on $175.6 million in financing with Wells Fargo for a new mixed-income housing project called Elara, which will deliver 429 new apartments in Astoria, Queens. Domain’s equity partners o",valid,title/source/url metadata are internally consistent,GP / Capital Activity,Market Intelligence,new_or_fresh,,,,,2026-08-11,2026-08-11,,fresh_0_3d,fresh,published date parsed; article age 0 day(s),100,open,,,,General Project Signal - New York City / New York - Domain Lines Up $176M Financing for Mixed-Income Astoria Rentals,Unknown,Queens,Affordable Housing,Unknown,wells fargo,Unknown Stage,excluded,transaction / capital guard: financing,,Reappearing,30,55,Unknown Timing,Unknown,Unknown,Unknown,Unknown,General monitoring,Monitor lifecycle signal for repeated confirmation,Unknown Stage; General Asset Signal; No explicit timing reference,Domain Lines Up $176M Financing for Mixed-Income Astoria Rentals,Connect CRE,https://www.connectcre.com/stories/domain-lines-up-176m-financing-for-mixed-income-astoria-rentals/,Medium
2026-08-11,20260811-234049-01f9b98d,PRJ-20260811-0153,Construction Financing - Miami / Florida - Affiliated Closes Financing on Mixed-Income Fort Lauderdale Apartment Project,80,LC-20260811-076,art_dacd3d3138d1e785,Affiliated Closes Financing on Mixed-Income Fort Lauderdale Apartment Project,https://www.connectcre.com/stories/affiliated-closes-financing-on-mixed-income-fort-lauderdale-apartment-venture/,"Mon, 27 Jul 2026 22:52:48 +0000","Florida & Gulf Coast CRE News In Your Inbox. Sign up for Connect emails to stay informed with CRE stories that are 150 words or less. Florida & Gulf Coast + South Florida + Apartments | July 27, 2026 By: Mike Boyd Affiliated Closes Financing on Mixed-Income Fort Lauderdale Apartment Project Affiliated Development has closed on a $74 million construction loan with Pacific Life Insurance Company for The Cove, a mixed-use, mixed-income multifamily development on the northwest corner of Sunrise Boul",valid,title/source/url metadata are internally consistent,Development Activity,GP / Capital Activity,repeat_penalized,,,,,2026-07-27,2026-08-11,15,old_31d_plus,old,published date parsed; article age 15 day(s),5,open,,,,Construction Financing - Miami / Florida - Affiliated Closes Financing on Mixed-Income Fort Lauderdale Apartment Project,Unknown,South Florida,Affordable Housing,Unknown,Unknown,Unknown Stage,excluded,transaction / capital guard: financing,Unknown Stage,Reappearing,35,53,Unknown Timing,Unknown,Unknown,Unknown,Unknown,General monitoring,Monitor lifecycle signal for repeated confirmation,Unknown Stage; General Asset Signal; No explicit timing reference,Affiliated Closes Financing on Mixed-Income Fort Lauderdale Apartment Project,Connect CRE South Florida,https://www.connectcre.com/stories/affiliated-closes-financing-on-mixed-income-fort-lauderdale-apartment-venture/,Medium
2026-08-11,20260811-234049-01f9b98d,PRJ-20260811-0148,"Entitlement / Permitting - San Francisco / California - Updated Permits Filed For 20 Fountain Street, San Francisco",80,LC-20260811-064,art_82ba277b0af21a76,Top markets for apartment sales in H1 2026,https://www.multifamilydive.com/news/multifamily-distressed-sales-reit-privitization/827584/,"Tue, 11 Aug 2026 15:50:00 -0400","An article from Dive Brief Top markets for apartment sales in H1 2026 Despite a slow national market, Northern New Jersey, San Francisco and others set record-high volumes so far in 2026, while Seattle saw a decline, according to MSCI. Published Aug. 11, 2026 Leslie Shaver Senior Reporter Share Copy link Email LinkedIn X/Twitter Facebook Print License Add us on Google Aerial view of San Francisco's skyline at sunrise. The city was one of the leaders in multifamily sales in the first half of the ",valid,title/source/url metadata are internally consistent,GP / Capital Activity,Market Intelligence,new_or_fresh,,,,,2026-08-11,2026-08-11,,fresh_0_3d,fresh,published date parsed; article age 0 day(s),100,open,,,,Disposition / Exit - San Francisco / California - Top markets for apartment sales in H1 2026,Unknown,San Francisco,Apartment,Unknown,Unknown,Unknown Stage,excluded,transaction / capital guard: disposition,,Reappearing,31,53,Unknown Timing,Unknown,Unknown,Unknown,Unknown,General monitoring,Monitor lifecycle signal for repeated confirmation,Unknown Stage; General Asset Signal; 2026,Top markets for apartment sales in H1 2026,Multifamily Dive,https://www.multifamilydive.com/news/multifamily-distressed-sales-reit-privitization/827584/,Medium
2026-08-11,20260811-234049-01f9b98d,PRJ-20260811-0161,Disposition / Exit - Other / Unknown - NAHB HBGI: Micro Markets Lone Bright Spot for Single-Family Building in Fourth Quarter,80,LC-20260811-048,art_a59ff328229a6772,Bell Partners Buys Reading Apartments For $96M: The Boston Deal Sheet,https://www.bisnow.com/news/boston/deal-sheet/bell-partners-buys-reading-multifamily-for-96m-the-boston-deal-sheet,"Tue, 11 Aug 2026 17:55:35 -0400","A North Carolina firm has acquired a Greater Boston multifamily property for well above its prior sale price. Photo credit: Google Maps Bell Partners' Bell Reading Commons Bell Partners bought the 204-unit Reading Commons for $96M, according to an Aug. 3 deed. The seller was an entity linked to J.P. Morgan Asset Management. Bell Partners rebranded the property to Bell Reading Commons. The company acquired the property through its Bell Value-Add Fund VIII. The property, completed in 2006, is 30 m",valid,title/source/url metadata are internally consistent,Development Activity,GP / Capital Activity,new_or_fresh,,,,,2026-08-11,2026-08-11,,fresh_0_3d,fresh,published date parsed; article age 0 day(s),88,access_limited,,,,Acquisition - Other / Unknown - Bell Partners Buys Reading Apartments For $96M: The Boston Deal Sheet,Unknown,Unknown,Apartment,Unknown,Unknown,Delivery / Opening,excluded,transaction / capital guard: acquisition,,Mature / Operating,21,53,Unknown Timing,Low,Low,Low,Medium,Relevant to underwriting benchmark,"Benchmark delivery, lease-up, occupancy, and rent assumptions",Delivery / Opening; Completed / opened; Lease-Up / Delivery; completed,Bell Partners Buys Reading Apartments For $96M: The Boston Deal Sheet,Bisnow,https://www.bisnow.com/news/boston/deal-sheet/bell-partners-buys-reading-multifamily-for-96m-the-boston-deal-sheet,Medium
2026-08-11,20260811-234049-01f9b98d,PRJ-20260811-0161,Disposition / Exit - Other / Unknown - NAHB HBGI: Micro Markets Lone Bright Spot for Single-Family Building in Fourth Quarter,80,LC-20260811-051,art_e7a9762afc37ebb6,Roscoe Village MF Sells in Deal Brokered by Essex Three-Twelve,https://www.connectcre.com/stories/roscoe-village-mf-sells-in-deal-brokered-by-essex-three-twelve/,"Tue, 11 Aug 2026 21:03:28 +0000","Chicago & Midwest CRE News In Your Inbox. Sign up for Connect emails to stay informed with CRE stories that are 150 words or less. Chicago & Midwest + North Side + Apartments | August 11, 2026 By: Jasmine Kilman Roscoe Village MF Sells in Deal Brokered by Essex Three-Twelve Essex Three-Twelve completed the sale of 3141 N. Oakley Ave., a turnkey three-unit multifamily property located in Chicago’s Roscoe Village neighborhood. The property sold for $1.24 million, with Essex Three-Twelve Director M",valid,title/source/url metadata are internally consistent,Development Activity,GP / Capital Activity,new_or_fresh,,,,,2026-08-11,2026-08-11,,fresh_0_3d,fresh,published date parsed; article age 0 day(s),100,open,,,,Disposition / Exit - Other / Unknown - Roscoe Village MF Sells in Deal Brokered by Essex Three-Twelve,Unknown,Unknown,Apartment,Unknown,Unknown,Delivery / Opening,excluded,transaction / capital guard: disposition,,Mature / Operating,20,52,Unknown Timing,Low,Low,Low,Medium,Relevant to underwriting benchmark,"Benchmark delivery, lease-up, occupancy, and rent assumptions",Delivery / Opening; Completed / opened; Lease-Up / Delivery; completed,Roscoe Village MF Sells in Deal Brokered by Essex Three-Twelve,Connect CRE,https://www.connectcre.com/stories/roscoe-village-mf-sells-in-deal-brokered-by-essex-three-twelve/,Medium
2026-08-11,20260811-234049-01f9b98d,PRJ-20260811-0041,Construction Financing - Atlanta / Georgia - Developer Duo Obtains Construction Financing for $147M Atlanta Student Housing Project,80,LC-20260811-079,art_0b65ea27742b0ffc,Developer Duo Obtains Construction Financing for $147M Atlanta Student Housing Project,https://www.connectcre.com/stories/developer-duo-obtain-construction-financing-for-147m-spelman-morehouse-student-housing/,"Fri, 24 Jul 2026 14:29:38 +0000","Atlanta & Southeast News In Your Inbox Sign up for Connect emails to stay informed with CRE stories that are 150 words or less. Atlanta & Southeast + Atlanta + Student Housing | July 24, 2026 By: Mike Boyd Developer Duo Obtains Construction Financing for $147M Atlanta Student Housing Project Radnor Property Group and the Madrone Community Development Foundation have closed on financing needed for a $147 million, 305-unit, 793-bed student housing development in Atlanta. Multihousing News reports ",valid,title/source/url metadata are internally consistent,Development Activity,GP / Capital Activity,repeat_penalized,,,,,2026-07-24,2026-08-11,18,old_31d_plus,old,published date parsed; article age 18 day(s),5,open,,,,Construction Financing - Atlanta / Georgia - Developer Duo Obtains Construction Financing for $147M Atlanta Student Housing Project,Unknown,Atlanta,Student Housing,Unknown,Unknown,Unknown Stage,excluded,transaction / capital guard: financing,Unknown Stage,Reappearing,34,50,Unknown Timing,Unknown,Unknown,Unknown,Unknown,General monitoring,Monitor lifecycle signal for repeated confirmation,Unknown Stage; General Asset Signal; No explicit timing reference,Developer Duo Obtains Construction Financing for $147M Atlanta Student Housing Project,Connect CRE Atlanta,https://www.connectcre.com/stories/developer-duo-obtain-construction-financing-for-147m-spelman-morehouse-student-housing/,Medium
2026-08-11,20260811-234049-01f9b98d,PRJ-20260811-0041,Construction Financing - Atlanta / Georgia - Developer Duo Obtains Construction Financing for $147M Atlanta Student Housing Project,80,LC-20260811-078,art_80e70f543c21d732,Mesirow Pays $132M for Midtown Atlanta Apartment Community,https://www.connectcre.com/stories/mesirow-pays-132m-for-midtown-atlanta-apartment-community/,"Mon, 27 Jul 2026 14:35:54 +0000","Atlanta & Southeast News In Your Inbox Sign up for Connect emails to stay informed with CRE stories that are 150 words or less. Atlanta & Southeast + Atlanta + Apartments | July 27, 2026 By: Mike Boyd Mesirow Pays $132M for Midtown Atlanta Apartment Community A real estate fund run by Mesirow acquired the Sixty 11 th Apartments for $132 million. The Atlanta Business Chronicle reports the seller was 60 11th Street LLC. It purchased the 1.25-acre site in care of Daniel Realty Co. LLC, an affiliate",valid,title/source/url metadata are internally consistent,Development Activity,GP / Capital Activity,repeat_penalized,,,,,2026-07-27,2026-08-11,15,old_31d_plus,old,published date parsed; article age 15 day(s),5,open,,,,JV / Partnership - Atlanta / Georgia - Mesirow Pays $132M for Midtown Atlanta Apartment Community,Unknown,Atlanta,Apartment,Unknown,Unknown,Unknown Stage,excluded,no clear development milestone,Unknown Stage,Reappearing,20,50,Unknown Timing,Unknown,Unknown,Unknown,Unknown,General monitoring,Monitor lifecycle signal for repeated confirmation,Unknown Stage; General Asset Signal; No explicit timing reference,Mesirow Pays $132M for Midtown Atlanta Apartment Community,Connect CRE Atlanta,https://www.connectcre.com/stories/mesirow-pays-132m-for-midtown-atlanta-apartment-community/,Medium
2026-08-11,20260811-234049-01f9b98d,PRJ-20260811-0086,Construction Financing - Atlanta / Georgia - Developer Duo Obtains Construction Financing for $147M Atlanta Student Housing Project,80,LC-20260811-074,,Centerspace executives outline disposition plans,https://www.multifamilydive.com/news/apartment-reit-dispositions-strategic-review/827348/,,,,,,,,,,,,,,,unknown_date,unknown_date_review,derived row did not carry source published date,,,,,,Centerspace executives outline disposition plans,Other / Unknown,Los Angeles,Apartment,Unknown,Unknown,Early Site Signal,excluded,transaction / capital guard: disposition,Early Site Signal,Reappearing,14,47,Unknown Timing,Low,Low,Low,Low,General monitoring,Monitor lifecycle signal for repeated confirmation,Early Site Signal; General Asset Signal; 2026,Centerspace executives outline disposition plans,Multifamily Dive,https://www.multifamilydive.com/news/apartment-reit-dispositions-strategic-review/827348/,Low
2026-08-11,20260811-234049-01f9b98d,PRJ-20260811-0161,Disposition / Exit - Other / Unknown - NAHB HBGI: Micro Markets Lone Bright Spot for Single-Family Building in Fourth Quarter,80,LC-20260811-066,art_8ba4ea974cbaf71c,Centerspace executives outline disposition plans,https://www.multifamilydive.com/news/apartment-reit-dispositions-strategic-review/827348/,"Fri, 07 Aug 2026 12:13:09 -0400","An article from Dive Brief Centerspace executives outline disposition plans On the multifamily REIT’s Q2 earnings call, CEO Anne Olson said the goal is a portfolio with stronger growth potential, lower debt and greater financial flexibility. Published Aug. 7, 2026 Leslie Shaver Senior Reporter Share Copy link Email LinkedIn X/Twitter Facebook Print License Add us on Google Centerspace is on track to sell several apartment properties. Getty Images Dive Brief: In their first earnings call since an",valid,title/source/url metadata are internally consistent,GP / Capital Activity,,acceptable_repeat,,,,,2026-08-07,2026-08-11,4,fresh_0_3d,fresh,published date parsed; article age 4 day(s),66,open,,,,Disposition / Exit - Other / Unknown - Centerspace executives outline disposition plans,Unknown,Unknown,Apartment,Unknown,Unknown,Early Site Signal,excluded,transaction / capital guard: disposition,Early Site Signal,Reappearing,22,46,Unknown Timing,Low,Low,Low,Low,General monitoring,Monitor lifecycle signal for repeated confirmation,Early Site Signal; General Asset Signal; No explicit timing reference,Centerspace executives outline disposition plans,Multifamily Dive,https://www.multifamilydive.com/news/apartment-reit-dispositions-strategic-review/827348/,Low
2026-08-11,20260811-234049-01f9b98d,PRJ-20260811-0087,Apartment REITs see Sun Belt momentum in latest earnings,80,LC-20260811-073,,Apartment REITs see Sun Belt momentum in latest earnings,https://www.multifamilydive.com/news/apartment-reit-q2-earnings-reports/827436/,,,,,,,,,,,,,,,unknown_date,unknown_date_review,derived row did not carry source published date,,,,,,Apartment REITs see Sun Belt momentum in latest earnings,Sun Belt,Los Angeles,Apartment,Unknown,Unknown,Unknown Stage,excluded,no clear development milestone,Unknown Stage,Unknown,22,43,Unknown Timing,Unknown,Unknown,Unknown,Unknown,General monitoring,Monitor lifecycle signal for repeated confirmation,Unknown Stage; General Asset Signal; 2026,Apartment REITs see Sun Belt momentum in latest earnings,Multifamily Dive,https://www.multifamilydive.com/news/apartment-reit-q2-earnings-reports/827436/,Low
2026-08-11,20260811-234049-01f9b98d,PRJ-20260811-0153,Construction Financing - Miami / Florida - Affiliated Closes Financing on Mixed-Income Fort Lauderdale Apartment Project,80,LC-20260811-069,art_c7b06e9babe83951,"W. Palm Beach Investor Buys Condo Property, Converting to Apartment Units",https://www.connectcre.com/stories/w-palm-beach-investor-buys-condo-property-converting-to-apartment-units/,"Tue, 04 Aug 2026 13:51:08 +0000","Florida & Gulf Coast CRE News In Your Inbox. Sign up for Connect emails to stay informed with CRE stories that are 150 words or less. Florida & Gulf Coast + South Florida + Apartments | August 4, 2026 By: Mike Boyd W. Palm Beach Investor Buys Condo Property, Converting to Apartment Units Kamson Corp. paid $90.5 million for a 400-unit condominium complex in West Palm Beach, with plans to convert the units into apartments. An Institutional Property Advisors team consisting of Luke Wickham, Shelton",valid,title/source/url metadata are internally consistent,Development Activity,GP / Capital Activity,repeat_penalized,,,,,2026-08-04,2026-08-11,7,fresh_0_3d,fresh,published date parsed; article age 7 day(s),58,open,,,,"Disposition / Exit - Miami / Florida - W. Palm Beach Investor Buys Condo Property, Converting to Apartment Units",Unknown,South Florida,Apartment,Unknown,Unknown,Unknown Stage,excluded,transaction / capital guard: disposition,Unknown Stage,Reappearing,30,41,Unknown Timing,Unknown,Unknown,Unknown,Unknown,General monitoring,Monitor lifecycle signal for repeated confirmation,Unknown Stage; General Asset Signal; No explicit timing reference,"W. Palm Beach Investor Buys Condo Property, Converting to Apartment Units",Connect CRE South Florida,https://www.connectcre.com/stories/w-palm-beach-investor-buys-condo-property-converting-to-apartment-units/,Low
2026-08-11,20260811-234049-01f9b98d,PRJ-20260811-0161,Disposition / Exit - Other / Unknown - NAHB HBGI: Micro Markets Lone Bright Spot for Single-Family Building in Fourth Quarter,80,LC-20260811-083,art_04cbffa23673da57,Multifamily Absorption Rate Remains Below 50%,https://eyeonhousing.org/2026/03/multifamily-absorption-rate-remains-below-50/,"Tue, 03 Mar 2026 14:31:18 +0000","Multifamily Absorption Rate Remains Below 50% – Eye On Housing Skip to content Multifamily Absorption Rate Remains Below 50% March 3, 2026 Jesse Wade No Comments The percentage of new apartment units that were absorbed within three months after completion was unchanged for new units completed in the second quarter, according to the Census Bureau’s latest release of the Survey of Market Absorption of New Multifamily Units ( SOMA ). The survey covers new units in multifamily residential buildings ",valid,title/source/url metadata are internally consistent,Market Intelligence,,repeat_penalized,,,,,2026-03-03,2026-08-11,161,old_31d_plus,archive,published date parsed; article age 161 day(s),5,open,,,,General Project Signal - Other / Unknown - Multifamily Absorption Rate Remains Below 50%,Unknown,Unknown,Apartment,Unknown,Unknown,Delivery / Opening,excluded,excluded generic policy / market article,Delivery / Opening,Mature / Operating,12,28,Unknown Timing,Low,Low,Low,Medium,Relevant to underwriting benchmark,"Benchmark delivery, lease-up, occupancy, and rent assumptions",Delivery / Opening; Completed / opened; Lease-Up / Delivery; completed,Multifamily Absorption Rate Remains Below 50%,NAHB Eye on Housing - Multifamily,https://eyeonhousing.org/2026/03/multifamily-absorption-rate-remains-below-50/,Low
2026-08-11,20260811-234049-01f9b98d,PRJ-20260811-0161,Disposition / Exit - Other / Unknown - NAHB HBGI: Micro Markets Lone Bright Spot for Single-Family Building in Fourth Quarter,80,LC-20260811-080,art_c49101dd4881b591,Missing Middle Weakness,https://eyeonhousing.org/2026/01/missing-middle-weakness/,"Mon, 19 Jan 2026 13:35:00 +0000","Missing Middle Weakness – Eye On Housing Skip to content Missing Middle Weakness January 19, 2026 Robert Dietz No Comments The missing middle construction sector includes development of medium-density housing, such as townhouses, duplexes and other small multifamily properties. The multifamily segment of the missing middle (apartments in 2- to 4-unit properties) has generally disappointed since the Great Recession. For the third quarter of 2025, there were 4,000 2- to 4-unit housing unit constru",valid,title/source/url metadata are internally consistent,Development Activity,Market Intelligence,repeat_penalized,,,,,2026-01-19,2026-08-11,204,old_31d_plus,archive,published date parsed; article age 204 day(s),5,open,,,,Development Start - Other / Unknown - Missing Middle Weakness,Unknown,Unknown,Apartment,Unknown,Unknown,Unknown Stage,construction_delivery_watch,matched development / asset strategy execution,Unknown Stage,Reappearing,20,23,Unknown Timing,Unknown,Unknown,Unknown,Unknown,Low relevance,Monitor lifecycle signal for repeated confirmation,Unknown Stage; Development Start; No explicit timing reference,Missing Middle Weakness,NAHB Eye on Housing - Multifamily,https://eyeonhousing.org/2026/01/missing-middle-weakness/,Low
2026-08-11,20260811-234049-01f9b98d,PRJ-20260811-0161,Disposition / Exit - Other / Unknown - NAHB HBGI: Micro Markets Lone Bright Spot for Single-Family Building in Fourth Quarter,80,LC-20260811-081,art_266f44ae4fd99ed0,2026 Resident Experience Management Report,https://www.multifamilyexecutive.com/premium/whitepaper/753766,"Thu, 25 Jun 2026 15:50:39 +0000","eBook 2026 Resident Experience Management Report Cover_Zego.png Resident retention is moving in the wrong direction at exactly the moment multifamily operators can least afford it. After reaching 60% in 2024, average retention rates have slipped to 57%. That three-point decline might look modest on a spreadsheet, but with turnover costing operators roughly $4,000 per unit, even a small dip in performance adds up to a significant hit to NOI across a portfolio. While property managers frequently a",low_value_promotional,promotional/event keyword: whitepaper,Excluded,,repeat_penalized,,,,,2026-06-25,2026-08-11,47,old_31d_plus,old,published date parsed; article age 47 day(s),0,open,,,,General Project Signal - Other / Unknown - 2026 Resident Experience Management Report,Unknown,Unknown,Multifamily,Unknown,Unknown,Unknown Stage,construction_delivery_watch,matched development / asset strategy execution,Unknown Stage,Reappearing,20,23,Unknown Timing,Unknown,Unknown,Unknown,Unknown,Low relevance,Monitor lifecycle signal for repeated confirmation,Unknown Stage; General Asset Signal; 2026,2026 Resident Experience Management Report,Multifamily Executive,https://www.multifamilyexecutive.com/premium/whitepaper/753766,Low
2026-08-11,20260811-234049-01f9b98d,PRJ-20260811-0161,Disposition / Exit - Other / Unknown - NAHB HBGI: Micro Markets Lone Bright Spot for Single-Family Building in Fourth Quarter,80,LC-20260811-082,art_e7fcf1171af1b281,Share of Apartments Built in Buildings with 50+ Units Moves Higher in 2025,https://eyeonhousing.org/2026/07/share-of-apartments-built-in-buildings-with-50-units-moves-higher-in-2025/,"Mon, 27 Jul 2026 14:16:05 +0000","Share of Apartments Built in Buildings with 50+ Units Moves Higher in 2025 – Eye On Housing Skip to content Share of Apartments Built in Buildings with 50+ Units Moves Higher in 2025 July 27, 2026 Jesse Wade No Comments Following the highest number of multifamily completions in nearly 40 years in 2024, completions declined in 2025 to 484,000, according to NAHB analysis of the Census Bureau’s Survey of Construction . For the ninth consecutive year, a majority of new multifamily units were in buil",valid,title/source/url metadata are internally consistent,Development Activity,,repeat_penalized,,,,,2026-07-27,2026-08-11,15,old_31d_plus,old,published date parsed; article age 15 day(s),5,open,,,,General Project Signal - Other / Unknown - Share of Apartments Built in Buildings with 50+ Units Moves Higher in 2025,Unknown,Unknown,Apartment,Unknown,Unknown,Unknown Stage,construction_delivery_watch,matched development / asset strategy execution,Unknown Stage,Reappearing,20,22,Unknown Timing,Unknown,Unknown,Unknown,Unknown,Low relevance,Monitor lifecycle signal for repeated confirmation,Unknown Stage; General Asset Signal; in 2025,Share of Apartments Built in Buildings with 50+ Units Moves Higher in 2025,NAHB Eye on Housing - Multifamily,https://eyeonhousing.org/2026/07/share-of-apartments-built-in-buildings-with-50-units-moves-higher-in-2025/,Low
2026-08-11,20260811-234049-01f9b98d,PRJ-20260811-0161,Disposition / Exit - Other / Unknown - NAHB HBGI: Micro Markets Lone Bright Spot for Single-Family Building in Fourth Quarter,80,LC-20260811-084,art_bbf68370d5e8064d,First Quarter 2026 Multifamily Construction Data,https://eyeonhousing.org/2026/05/first-quarter-2026-multifamily-construction-data/,"Tue, 26 May 2026 12:31:00 +0000","First Quarter 2026 Multifamily Construction Data – Eye On Housing Skip to content First Quarter 2026 Multifamily Construction Data May 26, 2026 Robert Dietz No Comments According to NAHB analysis of quarterly Census data, the count of multifamily, for-rent housing starts increased year-over-year during the first quarter of 2026. For the quarter, 107,000 multifamily residences started construction. Of this total, 103,000 were built-for-rent. This built-for-rent total was 21% higher than in the fi",valid,title/source/url metadata are internally consistent,Market Intelligence,,repeat_penalized,,,,,2026-05-26,2026-08-11,77,old_31d_plus,archive,published date parsed; article age 77 day(s),5,open,,,,Development Start - Other / Unknown - First Quarter 2026 Multifamily Construction Data,Unknown,Unknown,Multifamily,Unknown,Unknown,Unknown Stage,construction_delivery_watch,matched development / asset strategy execution,Unknown Stage,Reappearing,20,21,Immediate / 0-3 Months,Unknown,Unknown,Unknown,Unknown,Low relevance,Monitor lifecycle signal for repeated confirmation,Unknown Stage; Development Start; 2026,First Quarter 2026 Multifamily Construction Data,NAHB Eye on Housing - Multifamily,https://eyeonhousing.org/2026/05/first-quarter-2026-multifamily-construction-data/,Low
2026-08-11,20260811-234049-01f9b98d,PRJ-20260811-0161,Disposition / Exit - Other / Unknown - NAHB HBGI: Micro Markets Lone Bright Spot for Single-Family Building in Fourth Quarter,80,LC-20260811-085,art_695932dbcd227470,Fourth Quarter 2025 Multifamily Construction Data,https://eyeonhousing.org/2026/03/fourth-quarter-2025-multifamily-construction-data/,"Thu, 19 Mar 2026 12:35:00 +0000","Fourth Quarter 2025 Multifamily Construction Data – Eye On Housing Skip to content Fourth Quarter 2025 Multifamily Construction Data March 19, 2026 Robert Dietz No Comments According to NAHB analysis of quarterly Census data, the count of multifamily, for-rent housing starts increased year-over-year during the fourth quarter of 2025. For the quarter, 96,000 multifamily residences started construction. Of this total, 91,000 were built-for-rent. This built-for-rent total was 18% higher than in the",valid,title/source/url metadata are internally consistent,Market Intelligence,,repeat_penalized,,,,,2026-03-19,2026-08-11,145,old_31d_plus,archive,published date parsed; article age 145 day(s),5,open,,,,Development Start - Other / Unknown - Fourth Quarter 2025 Multifamily Construction Data,Unknown,Unknown,Multifamily,Unknown,Unknown,Unknown Stage,construction_delivery_watch,matched development / asset strategy execution,Unknown Stage,Reappearing,20,21,Immediate / 0-3 Months,Unknown,Unknown,Unknown,Unknown,Low relevance,Monitor lifecycle signal for repeated confirmation,Unknown Stage; Development Start; 2025,Fourth Quarter 2025 Multifamily Construction Data,NAHB Eye on Housing - Multifamily,https://eyeonhousing.org/2026/03/fourth-quarter-2025-multifamily-construction-data/,Low
2026-08-11,20260811-234049-01f9b98d,PRJ-20260811-0161,Disposition / Exit - Other / Unknown - NAHB HBGI: Micro Markets Lone Bright Spot for Single-Family Building in Fourth Quarter,80,LC-20260811-086,art_a18108b1d53a8afa,Overall Housing Starts Inch Lower in 2025,https://eyeonhousing.org/2026/02/overall-housing-starts-inch-lower-in-2025/,"Wed, 18 Feb 2026 16:14:47 +0000","Really insightful breakdown of the 2025 housing starts data. The 6.9% decline in single-family starts is concerning, especially for buyers already battling affordability challenges. What stands out to us is the regional divergence — the Northeast and Midwest posting gains while the South dropped 4.0% is a pattern we’re actively seeing on the ground with sellers. The rise in multifamily at 17.4% makes sense given where rent vs. buy economics currently sit. As a home buying company, we’re noticing",valid,title/source/url metadata are internally consistent,Market Intelligence,,repeat_penalized,,,,,2026-02-18,2026-08-11,174,old_31d_plus,archive,published date parsed; article age 174 day(s),5,open,,,,Development Start - Other / Unknown - Overall Housing Starts Inch Lower in 2025,Unknown,Unknown,Multifamily,Unknown,Unknown,Unknown Stage,construction_delivery_watch,matched development / asset strategy execution,Unknown Stage,Reappearing,20,21,Immediate / 0-3 Months,Unknown,Unknown,Unknown,Unknown,Low relevance,Monitor lifecycle signal for repeated confirmation,Unknown Stage; Development Start; in 2025,Overall Housing Starts Inch Lower in 2025,NAHB Eye on Housing - Multifamily,https://eyeonhousing.org/2026/02/overall-housing-starts-inch-lower-in-2025/,Low
2026-08-11,20260811-234049-01f9b98d,PRJ-20260811-0161,Disposition / Exit - Other / Unknown - NAHB HBGI: Micro Markets Lone Bright Spot for Single-Family Building in Fourth Quarter,80,LC-20260811-087,art_7836a522c6b8b1a5,Third Quarter 2025 Multifamily Construction Data,https://eyeonhousing.org/2026/01/third-quarter-2025-multifamily-construction-data/,"Tue, 20 Jan 2026 13:35:00 +0000","Third Quarter 2025 Multifamily Construction Data – Eye On Housing Skip to content Third Quarter 2025 Multifamily Construction Data January 20, 2026 Robert Dietz No Comments According to NAHB analysis of quarterly Census data, the count of multifamily, for-rent housing starts increased during the third quarter of 2025. For the quarter, 119,000 multifamily residences started construction. Of this total, 114,000 were built-for-rent. This built-for-rent total was 31% higher than the third quarter of",valid,title/source/url metadata are internally consistent,Market Intelligence,,repeat_penalized,,,,,2026-01-20,2026-08-11,203,old_31d_plus,archive,published date parsed; article age 203 day(s),5,open,,,,Development Start - Other / Unknown - Third Quarter 2025 Multifamily Construction Data,Unknown,Unknown,Multifamily,Unknown,Unknown,Unknown Stage,construction_delivery_watch,matched development / asset strategy execution,Unknown Stage,Reappearing,20,21,Immediate / 0-3 Months,Unknown,Unknown,Unknown,Unknown,Low relevance,Monitor lifecycle signal for repeated confirmation,Unknown Stage; Development Start; 2025,Third Quarter 2025 Multifamily Construction Data,NAHB Eye on Housing - Multifamily,https://eyeonhousing.org/2026/01/third-quarter-2025-multifamily-construction-data/,Low
2026-08-11,20260811-234049-01f9b98d,PRJ-20260811-0161,Disposition / Exit - Other / Unknown - NAHB HBGI: Micro Markets Lone Bright Spot for Single-Family Building in Fourth Quarter,80,LC-20260811-088,art_d4039cdfbf50dd7d,NAHB HBGI: Micro Markets Lone Bright Spot for Single-Family Building in Fourth Quarter,https://eyeonhousing.org/2026/03/nahb-hbgi-micro-markets-lone-bright-spot-for-single-family-building-in-fourth-quarter/,"Mon, 30 Mar 2026 15:01:25 +0000","NAHB HBGI: Micro Markets Lone Bright Spot for Single-Family Building in Fourth Quarter – Eye On Housing Skip to content NAHB HBGI: Micro Markets Lone Bright Spot for Single-Family Building in Fourth Quarter March 30, 2026 Jesse Wade No Comments Single-family construction declined further in the fourth quarter in all but sparsely populated micro counties, according to the NAHB Home Building Geography Index (HBGI). Meanwhile, multifamily construction showed growth in all markets for the first time",valid,title/source/url metadata are internally consistent,Market Intelligence,,repeat_penalized,,,,,2026-03-30,2026-08-11,134,old_31d_plus,archive,published date parsed; article age 134 day(s),5,open,,,,Disposition / Exit - Other / Unknown - NAHB HBGI: Micro Markets Lone Bright Spot for Single-Family Building in Fourth Quarter,Unknown,Unknown,Multifamily,Unknown,Unknown,Unknown Stage,excluded,transaction / capital guard: disposition,Unknown Stage,Reappearing,20,12,Unknown Timing,Unknown,Unknown,Unknown,Unknown,Low relevance,Monitor lifecycle signal for repeated confirmation,Unknown Stage; General Asset Signal; No explicit timing reference,NAHB HBGI: Micro Markets Lone Bright Spot for Single-Family Building in Fourth Quarter,NAHB Eye on Housing - Multifamily,https://eyeonhousing.org/2026/03/nahb-hbgi-micro-markets-lone-bright-spot-for-single-family-building-in-fourth-quarter/,Low
