run_date,run_id,collected_at,source,source_category,source_tier,coverage_focus,platform_type,residential_sector,published,relevance_score,priority,action_level,market_focus,strategic_angle,decision_use,strategic_implication,woomi_relevance,recommended_next_step,reason_for_inclusion,market_signal,extracted_numbers,article_text_sample,llm_analysis_prompt,llm_prompt_quality_score,llm_prompt_quality_label,missing_prompt_context,gpt_strategic_analysis,topics,matched_keywords,title,url,previously_seen_article,article_id,canonical_market,market_tier,normalized_sector,event_tags,display_category,category_tags,exclude_from_feed,access_limited_reason,is_core_market,is_watchlist_market,source_reliability_status,canonical_article_id,source_page_url,extracted_article_title,access_status,content_access_status,original_url,article_integrity_status,article_integrity_reason,primary_display_section,secondary_display_sections,section_routing_reason,repeat_exposure_status,days_since_first_seen,published_date_normalized,collected_date_normalized,article_age_days,freshness_bucket,freshness_status,freshness_reason,freshness_score,repeat_penalty_reason,extracted_city,extracted_state,extracted_market_reason,gp_capital_activity_type,gp_capital_repeat_status,gp_capital_exclusion_reason,gp_capital_selected_flag,lead_entity,counterparties,entity_extraction_method,entity_extraction_confidence,entity_extraction_reason,has_project_anchor,project_anchor_reason,project_anchor_confidence,development_lifecycle_hint,rent_demand_flag,rent_demand_type,rent_demand_reason,gp_or_developer,lender_or_capital_partner,capital_provider,institutional_partner,lead_sponsor,jv_partner,primary_topic,secondary_topic,capital_event_type,development_stage,supply_demand_signal,institutional_activity_type,financing_type,asset_strategy,entity_role,market_relevance_reason,classification_confidence,classification_reason,article_richness_score,strategic_relevance_score,strategic_relevance_reason,representative_evidence_score
2026-08-11,20260811-234049-01f9b98d,2026-08-11 23:39:51,Yield PRO,Core Multifamily News,Tier 1,lease_up_supply;national_multifamily,Other,Apartment,"Tue, 11 Aug 2026 19:27:46 +0000",100,High,Must Read,California,Financing Risk; Developer Strategy,Track Financing Conditions; Track Developer Strategy,"Monitor financing conditions because the article includes apartment, development, financing and $27 million, which may affect construction loans, refinancing risk, and exit cap rates.",High relevance to US residential developer strategy,Read full article,"Included because it scored 100 and mentions apartment, development, financing, with a Financing Risk; Developer Strategy angle for California.",Deal Size Signal,$27 million,"Deal boom News Pacific region Facebook Twitter Linkedin TruAmerica Multifamily , a national, vertically integrated multifamily investment manager, announced the closing of a preferred equity investment, providing $27 million of capital to support the ground-up development of a 251-unit apartment community at 11 El Camino Real in San Carlos, California. The transaction expands TruAmerica’s investment capabilities across the capital stack and marks the firm’s entry into preferred equity financing,","You are a strategic research analyst for Woomi / Woomi Global.
Analyze the following US multifamily housing article for developer strategy.

Article context:
- Title: TruAmerica Multifamily Debuts Structured Finance Platform with Cornerstone Preferred Equity Investment
- Source: Yield PRO
- URL: https://yieldpro.com/2026/08/11-el-camino-real/
- Market focus: California
- Strategic angle: Financing Risk; Developer Strategy
- Market signal: Deal Size Signal
- Extracted numbers: $27 million
- Strategic implication: Monitor financing conditions because the article includes apartment, development, financing and $27 million, which may affect construction loans, refinancing risk, and exit cap rates.
- Woomi relevance: High relevance to US residential developer strategy

Please answer in concise bullet points:
1. Why does this article matter for a US multifamily developer?
2. What is the implication for Woomi / Woomi Global?
3. What risk or opportunity does this indicate?
4. What follow-up question should the strategy team ask?",98,Excellent,None,"Rule-based interpretation: Yield PRO article 'TruAmerica Multifamily Debuts Structured Finance Platform with Cornerstone Preferred Equity Investment' is classified as priority review for California. It points to financing, refinancing, or debt-market conditions. Treat as a briefing input, not a standalone investment conclusion; confirm with source diversity, repeat observation, and market-specific evidence.",Macro & Financing; Development Strategy; Market Players & Deals,apartment; development; financing; multifamily; transaction,TruAmerica Multifamily Debuts Structured Finance Platform with Cornerstone Preferred Equity Investment,https://yieldpro.com/2026/08/11-el-camino-real/,No,art_4a927c4dd5fda53d,California,other,Multifamily,JV/recapitalization,개발/인허가,개발/인허가; 거래/투자; 시장 데이터,No,article page appears accessible from collected text,No,No,standard,art_4a927c4dd5fda53d,https://yieldpro.com/2026/08/11-el-camino-real/,TruAmerica Multifamily Debuts Structured Finance Platform with Cornerstone Preferred Equity Investment,open,open,https://yieldpro.com/2026/08/11-el-camino-real/,valid,title/source/url metadata are internally consistent,Development Activity,GP / Capital Activity,development_project_anchor: capital event with identifiable project/asset (unit/site count: 251-unit; execution milestone: debuts; project/asset term: development),new_or_fresh,0,2026-08-11,2026-08-11,0,fresh_0_3d,fresh,published date parsed; article age 0 day(s),100,fresh article or no repeat penalty,,California,matched state keyword: California,equity_transaction,new_candidate,selected or retained for GP / capital review,Yes,Participant not identified,,unresolved,unresolved,"No institution name detected in dictionary, title, summary, or source text.",True,unit/site count: 251-unit; execution milestone: debuts; project/asset term: development,high,Delivery / Opening,No,,,,,,,,,capital_markets,none,preferred_equity,none,none,none,preferred_equity,unknown,lender; property_manager; developer,Market reference detected as California.,medium,Capital event keywords detected: preferred_equity. Financing type keywords detected: preferred_equity. Primary topic set to capital_markets; confidence medium.,75,90,sponsor expansion; platform or fund activity,82
2026-08-11,20260811-234049-01f9b98d,2026-08-11 23:39:51,Yield PRO,Core Multifamily News,Tier 1,lease_up_supply;national_multifamily,Other,Apartment,"Tue, 11 Aug 2026 19:19:50 +0000",100,High,Must Read,Houston / Texas,Financing Risk; Institutional Flow,Track Financing Conditions; Track Institutional Capital Flow,"Monitor financing conditions because the article includes apartment, apartments, debt and $68.76m, $68.76 million, 940 units, which may affect construction loans, refinancing risk, and exit cap rates.",High relevance to US residential developer strategy,Read full article,"Included because it scored 100 and mentions apartment, apartments, debt, with a Financing Risk; Institutional Flow angle for Houston / Texas.",Financing Cost Signal,$68.76m; $68.76 million; 940 units,"Deal boom Midwest-South region News Facebook Twitter Linkedin Holden Heights Apartments Northmarq ‘s Debt + Equity deal team led by Taylor Francis, along with David Blum, Joe Giordani, Charlie Buckingham and Matt Radich arranged the $68.76 million permanent fixed-rate financing for a three-property Class A multifamily portfolio totaling 940 units located in Houston and San Antonio, Texas. The portfolio includes: Holden Heights Apartments (525 W. 24th St., Houston) Estancia San Miguel Apartments ","You are a strategic research analyst for Woomi / Woomi Global.
Analyze the following US multifamily housing article for developer strategy.

Article context:
- Title: Northmarq Arranges $68.76M Refinance for 3-Property Multifamily Portfolio Across Texas
- Source: Yield PRO
- URL: https://yieldpro.com/2026/08/holden-heights-apartments/
- Market focus: Houston / Texas
- Strategic angle: Financing Risk; Institutional Flow
- Market signal: Financing Cost Signal
- Extracted numbers: $68.76m; $68.76 million; 940 units
- Strategic implication: Monitor financing conditions because the article includes apartment, apartments, debt and $68.76m, $68.76 million, 940 units, which may affect construction loans, refinancing risk, and exit cap rates.
- Woomi relevance: High relevance to US residential developer strategy

Please answer in concise bullet points:
1. Why does this article matter for a US multifamily developer?
2. What is the implication for Woomi / Woomi Global?
3. What risk or opportunity does this indicate?
4. What follow-up question should the strategy team ask?",98,Excellent,None,"Rule-based interpretation: Yield PRO article 'Northmarq Arranges $68.76M Refinance for 3-Property Multifamily Portfolio Across Texas' is classified as priority review for Houston / Texas. It points to financing, refinancing, or debt-market conditions. Treat as a briefing input, not a standalone investment conclusion; confirm with source diversity, repeat observation, and market-specific evidence.",Macro & Financing; Supply & Demand; Market Players & Deals,apartment; apartments; debt; financing; midwest; multifamily; northmarq,Northmarq Arranges $68.76M Refinance for 3-Property Multifamily Portfolio Across Texas,https://yieldpro.com/2026/08/holden-heights-apartments/,No,art_fccfadc7c1243f21,Houston,core_15,Multifamily,financing/refinancing; market data/supply-demand,제외/금융,제외/금융,Yes,article page appears accessible from collected text,Yes,No,standard,art_fccfadc7c1243f21,https://yieldpro.com/2026/08/holden-heights-apartments/,Northmarq Arranges $68.76M Refinance for 3-Property Multifamily Portfolio Across Texas,open,open,https://yieldpro.com/2026/08/holden-heights-apartments/,valid,title/source/url metadata are internally consistent,Development Activity,GP / Capital Activity,development_project_anchor: project financing/capital event tied to project (unit/site count: 940 units; address/street: 525 w. 24th st; project/asset term: apartments),new_or_fresh,0,2026-08-11,2026-08-11,0,fresh_0_3d,fresh,published date parsed; article age 0 day(s),100,fresh article or no repeat penalty,Houston,Texas,matched city/metro keyword: Houston,refinancing,new_candidate,selected or retained for GP / capital review,Yes,Participant not identified,,unresolved,unresolved,"No institution name detected in dictionary, title, summary, or source text.",True,unit/site count: 940 units; address/street: 525 w. 24th st; project/asset term: apartments,high,Project Financing / Capital Event,No,,,,,,,,,capital_markets,none,refinancing,none,none,none,none,unknown,lender,Market reference detected as Houston / Texas.,high,Capital event keywords detected: refinancing. Primary topic set to capital_markets; confidence high.,75,78,institutional acquisition behavior; large-scale refinance tied to strategy,70
2026-08-11,20260811-234049-01f9b98d,2026-08-11 23:39:54,Bisnow,Core Multifamily News,Tier 1,national_multifamily,Other,Apartment,"Tue, 11 Aug 2026 17:55:35 -0400",100,High,Must Read,Other / Unknown,Financing Risk; Institutional Flow,Track Financing Conditions; Track Institutional Capital Flow,"Monitor financing conditions because the article includes apartment, apartments, bell partners and $96m, which may affect construction loans, refinancing risk, and exit cap rates.",High relevance to US residential developer strategy,Read full article,"Included because it scored 100 and mentions apartment, apartments, bell partners, with a Financing Risk; Institutional Flow angle for a broad or unspecified market.",Deal Size Signal,$96m,"A North Carolina firm has acquired a Greater Boston multifamily property for well above its prior sale price. Photo credit: Google Maps Bell Partners' Bell Reading Commons Bell Partners bought the 204-unit Reading Commons for $96M, according to an Aug. 3 deed. The seller was an entity linked to J.P. Morgan Asset Management. Bell Partners rebranded the property to Bell Reading Commons. The company acquired the property through its Bell Value-Add Fund VIII. The property, completed in 2006, is 30 m","You are a strategic research analyst for Woomi / Woomi Global.
Analyze the following US multifamily housing article for developer strategy.

Article context:
- Title: Bell Partners Buys Reading Apartments For $96M: The Boston Deal Sheet
- Source: Bisnow
- URL: https://www.bisnow.com/news/boston/deal-sheet/bell-partners-buys-reading-multifamily-for-96m-the-boston-deal-sheet
- Market focus: Other / Unknown
- Strategic angle: Financing Risk; Institutional Flow
- Market signal: Deal Size Signal
- Extracted numbers: $96m
- Strategic implication: Monitor financing conditions because the article includes apartment, apartments, bell partners and $96m, which may affect construction loans, refinancing risk, and exit cap rates.
- Woomi relevance: High relevance to US residential developer strategy

Please answer in concise bullet points:
1. Why does this article matter for a US multifamily developer?
2. What is the implication for Woomi / Woomi Global?
3. What risk or opportunity does this indicate?
4. What follow-up question should the strategy team ask?",90,Excellent,missing market focus,"Rule-based interpretation: Bisnow article 'Bell Partners Buys Reading Apartments For $96M: The Boston Deal Sheet' is classified as priority review for Other / Unknown. It points to financing, refinancing, or debt-market conditions. Treat as a briefing input, not a standalone investment conclusion; confirm with source diversity, repeat observation, and market-specific evidence.",Macro & Financing; Market Players & Deals,apartment; apartments; bell partners; multifamily; sale,Bell Partners Buys Reading Apartments For $96M: The Boston Deal Sheet,https://www.bisnow.com/news/boston/deal-sheet/bell-partners-buys-reading-multifamily-for-96m-the-boston-deal-sheet,No,art_a59ff328229a6772,Other / Unknown,other,Multifamily,delivery/completion; acquisition,개발/인허가,개발/인허가; 거래/투자; 시장 데이터,No,limited article access detected,No,No,access_limited_source,art_a59ff328229a6772,https://www.bisnow.com/news/boston/deal-sheet/bell-partners-buys-reading-multifamily-for-96m-the-boston-deal-sheet,Bell Partners Buys Reading Apartments For $96M: The Boston Deal Sheet,access_limited,access_limited,https://www.bisnow.com/news/boston/deal-sheet/bell-partners-buys-reading-multifamily-for-96m-the-boston-deal-sheet,valid,title/source/url metadata are internally consistent,Development Activity,GP / Capital Activity,development_project_anchor: capital event with identifiable project/asset (unit/site count: 204-unit; project/asset term: apartments),new_or_fresh,0,2026-08-11,2026-08-11,0,fresh_0_3d,fresh,published date parsed; article age 0 day(s),88,limited page access,,,"no city, state, or market keyword detected",acquisition,new_candidate,limited page access,Yes,Bell Partners,Google Maps Bell Partners; Bell Reading Commons Bell Partners,capital_event_sentence,medium,Inferred entity from source text near capital-event language.,True,unit/site count: 204-unit; project/asset term: apartments,high,Project / Asset,No,,,Bell Partners,,Google Maps Bell Partners,Google Maps Bell Partners; Bell Reading Commons Bell Partners,Bell Partners,Google Maps Bell Partners; Bell Reading Commons Bell Partners,transaction_market,capital_markets,acquisition,none,none,none,none,unknown,lender,No specific market detected; relevance remains broad.,low,"Limited/paywalled article; classification is based on title, URL, source, and available lead text only. Capital event keywords detected: acquisition. Primary topic set to transaction_market; confidence low.",60,46,institutional acquisition behavior; limited article: title/lead-based review needed; classification confidence penalty,46
2026-08-11,20260811-234049-01f9b98d,2026-08-11 23:39:54,Commercial Observer,Core Multifamily News,Tier 1,national_multifamily,Other,Apartment,"Tue, 11 Aug 2026 17:55:54 +0000",100,High,Must Read,Miami / Florida,Financing Risk; Developer Strategy,Track Financing Conditions; Track Developer Strategy,"Monitor financing conditions because the article includes apartment, apartments, construction and $85m, $84.5 million, 366 apartments, which may affect construction loans, refinancing risk, and exit cap rates.",High relevance to US residential developer strategy,Read full article,"Included because it scored 100 and mentions apartment, apartments, construction, with a Financing Risk; Developer Strategy angle for Miami / Florida.",Rent Growth Signal,$85m; $84.5 million; 366 apartments; 366 units,"Residential · Multifamily Miami Finance · Construction Financing Coastland Residential Lands $85M to Build Miami-Dade Rental The eight-story development will feature 366 units By Julia Echikson August 11, 2026 1:55 pm reprints Anthony Seijas, Principal of Coastland Residential, and a rendering of Vybe 75 at 4383 Southwest 75th Avenue, Miami. PHOTO and RENDERING: Courtesy Coastland Residential Coastland Residential has nabbed a $84.5 million construction loan for a multifamily development near Tr","You are a strategic research analyst for Woomi / Woomi Global.
Analyze the following US multifamily housing article for developer strategy.

Article context:
- Title: Coastland Residential Lands $85M to Build Miami-Dade Rental
- Source: Commercial Observer
- URL: https://commercialobserver.com/2026/08/coastland-miami-dade-vybe-75-housing-development/
- Market focus: Miami / Florida
- Strategic angle: Financing Risk; Developer Strategy
- Market signal: Rent Growth Signal
- Extracted numbers: $85m; $84.5 million; 366 apartments; 366 units
- Strategic implication: Monitor financing conditions because the article includes apartment, apartments, construction and $85m, $84.5 million, 366 apartments, which may affect construction loans, refinancing risk, and exit cap rates.
- Woomi relevance: High relevance to US residential developer strategy

Please answer in concise bullet points:
1. Why does this article matter for a US multifamily developer?
2. What is the implication for Woomi / Woomi Global?
3. What risk or opportunity does this indicate?
4. What follow-up question should the strategy team ask?",98,Excellent,None,"Rule-based interpretation: Commercial Observer article 'Coastland Residential Lands $85M to Build Miami-Dade Rental' is classified as priority review for Miami / Florida. It points to financing, refinancing, or debt-market conditions. Treat as a briefing input, not a standalone investment conclusion; confirm with source diversity, repeat observation, and market-specific evidence.",Macro & Financing; Development Strategy,apartment; apartments; construction; debt; development; financing; loan; multifamily,Coastland Residential Lands $85M to Build Miami-Dade Rental,https://commercialobserver.com/2026/08/coastland-miami-dade-vybe-75-housing-development/,No,art_47de8f29e40e8840,Miami / South Florida,core_15,Multifamily,financing/refinancing; rent/occupancy/absorption,제외/금융,제외/금융,Yes,article page appears accessible from collected text,Yes,No,standard,art_47de8f29e40e8840,https://commercialobserver.com/2026/08/coastland-miami-dade-vybe-75-housing-development/,Coastland Residential Lands $85M to Build Miami-Dade Rental,open,open,https://commercialobserver.com/2026/08/coastland-miami-dade-vybe-75-housing-development/,valid,title/source/url metadata are internally consistent,Development Activity,GP / Capital Activity,development_project_anchor: project financing/capital event tied to project (unit/site count: 366 units; address/street: 75 at 4383 southwest 75th avenue; execution milestone: to build; project/asset term: development; project financing tied to anchor: construction loan),new_or_fresh,0,2026-08-11,2026-08-11,0,fresh_0_3d,fresh,published date parsed; article age 0 day(s),100,fresh article or no repeat penalty,Miami,Florida,matched city/metro keyword: Miami,construction_financing,new_candidate,selected or retained for GP / capital review,Yes,Coastland Residential,Build Miami-Dade Rental Residential; Construction Financing Coastland Residential; Courtesy Coastland Residential Coastland Residential,capital_event_sentence,medium,Inferred entity from source text near capital-event language.,True,unit/site count: 366 units; address/street: 75 at 4383 southwest 75th avenue; execution milestone: to build; project/asset term: development; project financing tied to anchor: construction loan,high,Project Financing / Capital Event,No,,,Coastland Residential,Coastland Residential,Build Miami-Dade Rental Residential,Build Miami-Dade Rental Residential; Construction Financing Coastland Residential; Courtesy Coastland Residential Coastland Residential,Coastland Residential,Build Miami-Dade Rental Residential; Construction Financing Coastland Residential; Courtesy Coastland Residential Coastland Residential,capital_markets,supply_demand,construction_financing,none,effective_rent_growth,none,construction_loan,unknown,lender; developer,Market reference detected as Miami / Florida.,medium,Capital event keywords detected: construction_financing. Financing type keywords detected: construction_loan. Supply/demand terms detected: effective_rent_growth. Primary topic set to capital_markets; confidence medium.,75,54,general market observation with limited strategic behavior evidence,46
2026-08-11,20260811-234049-01f9b98d,2026-08-11 23:39:55,Commercial Observer,Core Multifamily News,Tier 1,national_multifamily,Other,Affordable Housing,"Tue, 11 Aug 2026 15:25:48 +0000",100,High,Must Read,New York City / New York,Financing Risk; Developer Strategy,Track Financing Conditions; Track Developer Strategy,"Monitor financing conditions because the article includes affordable housing, construction, debt and $175m, $175 million, 429 units, which may affect construction loans, refinancing risk, and exit cap rates.",High relevance to US residential developer strategy,Read full article,"Included because it scored 100 and mentions affordable housing, construction, debt, with a Financing Risk; Developer Strategy angle for New York City / New York.",Financing Cost Signal,$175m; $175 million; 429 units,"Residential · Multifamily Astoria Finance · Construction Financing Wells Fargo Provides $175M Construction Loan for Queens Mixed-Use Development The two-building Elara will deliver 429 units of housing to New York, including 107 affordable units By Brian Pascus August 11, 2026 11:25 am reprints Domain Companies' Matt Schwartz and a rendering of Elara residential project in Queens. PHOTO: Evelyn Freja/for Commercial Observer; RENDERING: VUW Studio The affordable housing development push continues","You are a strategic research analyst for Woomi / Woomi Global.
Analyze the following US multifamily housing article for developer strategy.

Article context:
- Title: Wells Fargo Provides $175M Construction Loan for Queens Mixed-Use Development
- Source: Commercial Observer
- URL: https://commercialobserver.com/2026/08/wells-fargo-175m-construction-loan-queens-elara-apartment/
- Market focus: New York City / New York
- Strategic angle: Financing Risk; Developer Strategy
- Market signal: Financing Cost Signal
- Extracted numbers: $175m; $175 million; 429 units
- Strategic implication: Monitor financing conditions because the article includes affordable housing, construction, debt and $175m, $175 million, 429 units, which may affect construction loans, refinancing risk, and exit cap rates.
- Woomi relevance: High relevance to US residential developer strategy

Please answer in concise bullet points:
1. Why does this article matter for a US multifamily developer?
2. What is the implication for Woomi / Woomi Global?
3. What risk or opportunity does this indicate?
4. What follow-up question should the strategy team ask?",98,Excellent,None,"Rule-based interpretation: Commercial Observer article 'Wells Fargo Provides $175M Construction Loan for Queens Mixed-Use Development' is classified as priority review for New York City / New York. It points to financing, refinancing, or debt-market conditions. Treat as a briefing input, not a standalone investment conclusion; confirm with source diversity, repeat observation, and market-specific evidence.",Macro & Financing; Development Strategy; Policy & Regulation,affordable housing; construction; debt; development; financing; loan; multifamily,Wells Fargo Provides $175M Construction Loan for Queens Mixed-Use Development,https://commercialobserver.com/2026/08/wells-fargo-175m-construction-loan-queens-elara-apartment/,No,art_5cd7c927005a0233,New York / Northern New Jersey,core_15,Affordable Housing,financing/refinancing; policy/regulation,제외/금융,제외/금융,Yes,article page appears accessible from collected text,Yes,No,standard,art_5cd7c927005a0233,https://commercialobserver.com/2026/08/wells-fargo-175m-construction-loan-queens-elara-apartment/,Wells Fargo Provides $175M Construction Loan for Queens Mixed-Use Development,open,open,https://commercialobserver.com/2026/08/wells-fargo-175m-construction-loan-queens-elara-apartment/,valid,title/source/url metadata are internally consistent,Development Activity,GP / Capital Activity,development_project_anchor: project financing/capital event tied to project (unit/site count: 429 units; project/asset term: project; project financing tied to anchor: construction loan),new_or_fresh,0,2026-08-11,2026-08-11,0,fresh_0_3d,fresh,published date parsed; article age 0 day(s),100,fresh article or no repeat penalty,New York City,New York,matched city/metro keyword: New York City,construction_financing,new_candidate,selected or retained for GP / capital review,Yes,Queens Mixed-Use Development Residential,Domain Companies,capital_event_sentence,medium,Inferred entity from source text near capital-event language.,True,unit/site count: 429 units; project/asset term: project; project financing tied to anchor: construction loan,high,Project Financing / Capital Event,No,,,Queens Mixed-Use Development Residential,Queens Mixed-Use Development Residential,Domain Companies,Domain Companies,Queens Mixed-Use Development Residential,Domain Companies,capital_markets,none,construction_financing,none,none,none,construction_loan,affordable_housing; mixed_use,lender; developer,Market reference detected as New York City / New York.,high,Capital event keywords detected: construction_financing. Financing type keywords detected: construction_loan. Primary topic set to capital_markets; confidence high.,75,54,general market observation with limited strategic behavior evidence,46
2026-08-11,20260811-234049-01f9b98d,2026-08-11 23:39:56,Connect CRE,Core Multifamily News,Tier 1,development_pipeline;gp_activity;national_multifamily,Other,Apartment,"Tue, 11 Aug 2026 21:14:00 +0000",100,High,Must Read,New York,Institutional Flow,Track Institutional Capital Flow,"Track this as institutional capital flow because it mentions major capital players, portfolio transactions, deal size, or cap-rate signals.",High relevance to US residential developer strategy,Read full article,"Included because it scored 100 and mentions apartment, apartments, multifamily, with a Institutional Flow angle for Riverside / California.",Deal Size Signal,$13.25,"New York & Tri-State CRE News In Your Inbox. Sign up for Connect emails to stay informed with CRE stories that are 150 words or less. New York & Tri-State + New Jersey + Apartments | August 11, 2026 By: Paul Bubny Debbie Pomerantz Launches Independent Multifamily Brokerage Veteran multifamily investment brokerage professional Debbie Pomerantz has launched an independent commercial real estate brokerage firm, DLP Real Estate. The firm’s debut aligns with the $13.25-million sale of Raritan Riversi","You are a strategic research analyst for Woomi / Woomi Global.
Analyze the following US multifamily housing article for developer strategy.

Article context:
- Title: Debbie Pomerantz Launches Independent Multifamily Brokerage
- Source: Connect CRE
- URL: https://www.connectcre.com/stories/debbie-pomerantz-launches-independent-multifamily-brokerage/
- Market focus: Riverside / California
- Strategic angle: Institutional Flow
- Market signal: Deal Size Signal
- Extracted numbers: $13.25
- Strategic implication: Track this as institutional capital flow because it mentions major capital players, portfolio transactions, deal size, or cap-rate signals.
- Woomi relevance: High relevance to US residential developer strategy

Please answer in concise bullet points:
1. Why does this article matter for a US multifamily developer?
2. What is the implication for Woomi / Woomi Global?
3. What risk or opportunity does this indicate?
4. What follow-up question should the strategy team ask?",98,Excellent,None,"Rule-based interpretation: Connect CRE article 'Debbie Pomerantz Launches Independent Multifamily Brokerage' is classified as priority review for Riverside / California. It points to institutional capital movement or transaction activity. Treat as a briefing input, not a standalone investment conclusion; confirm with source diversity, repeat observation, and market-specific evidence.",Macro & Financing; Market Players & Deals,apartment; apartments; multifamily; sale,Debbie Pomerantz Launches Independent Multifamily Brokerage,https://www.connectcre.com/stories/debbie-pomerantz-launches-independent-multifamily-brokerage/,No,art_31334a784ec6c7b6,New York / Northern New Jersey,core_15,Multifamily,,거래/투자,거래/투자; 시장 데이터,No,article page appears accessible from collected text,Yes,No,standard,art_31334a784ec6c7b6,https://www.connectcre.com/stories/debbie-pomerantz-launches-independent-multifamily-brokerage/,Debbie Pomerantz Launches Independent Multifamily Brokerage,open,open,https://www.connectcre.com/stories/debbie-pomerantz-launches-independent-multifamily-brokerage/,valid,title/source/url metadata are internally consistent,Development Activity,GP / Capital Activity,development_project_anchor: capital event with identifiable project/asset (project/asset term: apartments),new_or_fresh,0,2026-08-11,2026-08-11,0,fresh_0_3d,fresh,published date parsed; article age 0 day(s),100,fresh article or no repeat penalty,,New York,matched state keyword: New York,disposition_exit,new_candidate,development article without confirmed capital event,No,Participant not identified,,unresolved,unresolved,"No institution name detected in dictionary, title, summary, or source text.",True,project/asset term: apartments,medium,Project / Asset,No,,,,,,,,,transaction_market,capital_markets,disposition,none,none,none,none,unknown,lender; broker,Market reference detected as New York.,low,Capital event keywords detected: disposition. Primary topic set to transaction_market; confidence low.,75,44,classification confidence penalty,44
2026-08-11,20260811-234049-01f9b98d,2026-08-11 23:39:57,Connect CRE,Core Multifamily News,Tier 1,development_pipeline;gp_activity;national_multifamily,Other,Apartment,"Tue, 11 Aug 2026 20:51:45 +0000",100,High,Must Read,California,Financing Risk,Track Financing Conditions,"Monitor financing conditions because the article includes apartment, apartments, financing and 5.47%, $22m, $22,000,000, which may affect construction loans, refinancing risk, and exit cap rates.",High relevance to US residential developer strategy,Read full article,"Included because it scored 100 and mentions apartment, apartments, financing, with a Financing Risk angle for California.",Financing Cost Signal,"5.47%; $22m; $22,000,000","California CRE News In Your Inbox. Sign up for Connect emails to stay informed with CRE stories that are 150 words or less. California + Bay Area + Apartments | August 11, 2026 By: Paul Bubny Keystone Arranges $22M Permanent Loan for Belmont Multifamily Keystone recently closed on a $22,000,000 permanent loan on a multifamily property located in Belmont. The financing was provided by Voya Financial at a fixed interest rate of 5.47%. The borrower was not disclosed. The transaction reflects contin","You are a strategic research analyst for Woomi / Woomi Global.
Analyze the following US multifamily housing article for developer strategy.

Article context:
- Title: Keystone Arranges $22M Permanent Loan for Belmont Multifamily
- Source: Connect CRE
- URL: https://www.connectcre.com/stories/keystone-arranges-22m-permanent-loan-for-belmont-multifamily/
- Market focus: California
- Strategic angle: Financing Risk
- Market signal: Financing Cost Signal
- Extracted numbers: 5.47%; $22m; $22,000,000
- Strategic implication: Monitor financing conditions because the article includes apartment, apartments, financing and 5.47%, $22m, $22,000,000, which may affect construction loans, refinancing risk, and exit cap rates.
- Woomi relevance: High relevance to US residential developer strategy

Please answer in concise bullet points:
1. Why does this article matter for a US multifamily developer?
2. What is the implication for Woomi / Woomi Global?
3. What risk or opportunity does this indicate?
4. What follow-up question should the strategy team ask?",98,Excellent,None,"Rule-based interpretation: Connect CRE article 'Keystone Arranges $22M Permanent Loan for Belmont Multifamily' is classified as priority review for California. It points to financing, refinancing, or debt-market conditions. Treat as a briefing input, not a standalone investment conclusion; confirm with source diversity, repeat observation, and market-specific evidence.",Macro & Financing; Market Players & Deals,apartment; apartments; financing; interest rate; loan; multifamily; transaction,Keystone Arranges $22M Permanent Loan for Belmont Multifamily,https://www.connectcre.com/stories/keystone-arranges-22m-permanent-loan-for-belmont-multifamily/,No,art_c28b07e84648acf1,California,other,Multifamily,financing/refinancing,제외/금융,제외/금융,Yes,article page appears accessible from collected text,No,No,standard,art_c28b07e84648acf1,https://www.connectcre.com/stories/keystone-arranges-22m-permanent-loan-for-belmont-multifamily/,Keystone Arranges $22M Permanent Loan for Belmont Multifamily,open,open,https://www.connectcre.com/stories/keystone-arranges-22m-permanent-loan-for-belmont-multifamily/,valid,title/source/url metadata are internally consistent,Development Activity,GP / Capital Activity,development_project_anchor: capital event with identifiable project/asset (project/asset term: apartments),new_or_fresh,0,2026-08-11,2026-08-11,0,fresh_0_3d,fresh,published date parsed; article age 0 day(s),100,fresh article or no repeat penalty,,California,matched state keyword: California,debt_financing,new_candidate,selected or retained for GP / capital review,Yes,Participant not identified,,unresolved,unresolved,"No institution name detected in dictionary, title, summary, or source text.",True,project/asset term: apartments,medium,Project / Asset,No,,,,,,,,,capital_markets,macro_financing,permanent_loan,none,none,none,permanent_financing,unknown,lender,Market reference detected as California.,medium,Capital event keywords detected: permanent_loan. Financing type keywords detected: permanent_financing. Primary topic set to capital_markets; confidence medium.,75,54,general market observation with limited strategic behavior evidence,46
2026-08-11,20260811-234049-01f9b98d,2026-08-11 23:40:17,Urbanize LA,Regional / California / LA Sources,Tier 2,development_pipeline;entitlement;la_california,Other,Affordable Housing,"Fri, 07 Aug 2026 13:15:00 +0000",100,High,Must Read,Texas,Regulation Risk; Developer Strategy,Track Regulation Risk; Track Developer Strategy,"Track rent and vacancy conditions because the article points to demand, occupancy, rent, vacancy, or concession signals in Texas.",High relevance to US residential developer strategy,Read full article,"Included because it scored 100 and mentions affordable housing, apartment, apartments, with a Regulation Risk; Developer Strategy angle for Texas.",Rent Growth Signal,"$2,335; $3,985; 11 apartments; $3,985 per month","Completion nears for mixed-use project at 939 W. Manchester Blvd. in Inglewood | Urbanize LA Skip to main content Advertisement Advertisement In Inglewood , construction is in the home stretch for a mixed-use apartment complex Texas-based developer JPI. The project, which replaced a car wash near the K Line at 939 W. Manchester Boulevard , was originally known as the Jefferson, but has since been rebranded as The Landing . It consists of an eight-story building featuring 222 studio, one-, and tw","You are a strategic research analyst for Woomi / Woomi Global.
Analyze the following US multifamily housing article for developer strategy.

Article context:
- Title: Completion nears for mixed-use project at 939 W. Manchester Blvd. in Inglewood
- Source: Urbanize LA
- URL: https://la.urbanize.city/post/completion-nears-mixed-use-project-939-w-manchester-blvd-inglewood
- Market focus: Texas
- Strategic angle: Regulation Risk; Developer Strategy
- Market signal: Rent Growth Signal
- Extracted numbers: $2,335; $3,985; 11 apartments; $3,985 per month
- Strategic implication: Track rent and vacancy conditions because the article points to demand, occupancy, rent, vacancy, or concession signals in Texas.
- Woomi relevance: High relevance to US residential developer strategy

Please answer in concise bullet points:
1. Why does this article matter for a US multifamily developer?
2. What is the implication for Woomi / Woomi Global?
3. What risk or opportunity does this indicate?
4. What follow-up question should the strategy team ask?",98,Excellent,None,"Rule-based interpretation: Urbanize LA article 'Completion nears for mixed-use project at 939 W. Manchester Blvd. in Inglewood' is classified as priority review for Texas. It points to entitlement, zoning, permitting, or policy conditions. Treat as a briefing input, not a standalone investment conclusion; confirm with source diversity, repeat observation, and market-specific evidence.",Development Strategy; Policy & Regulation,affordable housing; apartment; apartments; construction; density bonus; developer; development; multifamily; permit; zoning,Completion nears for mixed-use project at 939 W. Manchester Blvd. in Inglewood,https://la.urbanize.city/post/completion-nears-mixed-use-project-939-w-manchester-blvd-inglewood,Yes,art_0e090711e3965065,Los Angeles / Southern California,core_15,Affordable Housing,development; permit/entitlement; delivery/completion; policy/regulation; rent/occupancy/absorption,개발/인허가,개발/인허가; 운영/임대; 시장 데이터,No,limited source or insufficient readable article text,Yes,No,access_limited_source,art_0e090711e3965065,https://la.urbanize.city/post/completion-nears-mixed-use-project-939-w-manchester-blvd-inglewood,Completion nears for mixed-use project at 939 W. Manchester Blvd. in Inglewood,access_limited,access_limited,https://la.urbanize.city/post/completion-nears-mixed-use-project-939-w-manchester-blvd-inglewood,valid,title/source/url metadata are internally consistent,Development Activity,,development_project_anchor: Approval / Entitlement (address/street: 939 w. manchester blvd; project/asset term: project),repeat_penalized,4,2026-08-07,2026-08-11,4,fresh_0_3d,fresh,published date parsed; article age 4 day(s),54,previously seen article; limited page access,,Texas,matched state keyword: Texas,none,not_candidate,not a GP / capital candidate,No,,,,,,True,address/street: 939 w. manchester blvd; project/asset term: project,high,Approval / Entitlement,No,,,,,,,,,development_pipeline,none,none,delivery,none,none,none,mixed_use,developer,Market reference detected as Texas.,low,"Limited/paywalled article; classification is based on title, URL, source, and available lead text only. Development-stage terms detected: delivery. Primary topic set to development_pipeline; confidence low.",60,47,entitlement persistence; limited article: title/lead-based review needed; classification confidence penalty,28
2026-08-11,20260811-234049-01f9b98d,2026-08-11 23:40:19,REBusiness Online,Site / Parcel Source Expansion,Tier 2,development_pipeline;gp_activity,Other,Apartment,2026-08-11T13:24:31Z,100,High,Must Read,California,Institutional Flow,Track Institutional Capital Flow,"Track this as institutional capital flow because it mentions major capital players, portfolio transactions, deal size, or cap-rate signals.",High relevance to US residential developer strategy,Read full article,"Included because it scored 100 and mentions acquisition, apartment, apartments, with a Institutional Flow angle for Los Angeles / California.",Deal Size Signal,$170m; $170 million; 544 apartments,"Located in Marina del Rey, Calif., Shores features 544 apartments spread across 12 interconnected buildings, a swimming pool, landscaped courtyards, dual spas, fire pits and key terraces. Acquisitions California Multifamily Western Jackson Square Properties Acquires Multifamily Community in Marina del Rey, California for $170M by Amy Works August 11, 2026 August 11, 2026 6 MARINA DEL REY, CALIF. — Affiliates of Jackson Square Properties have acquired Shores, an apartment property in the coastal ","You are a strategic research analyst for Woomi / Woomi Global.
Analyze the following US multifamily housing article for developer strategy.

Article context:
- Title: Jackson Square Properties Acquires Multifamily Community in Marina del Rey, California for $170M
- Source: REBusiness Online
- URL: https://rebusinessonline.com/jackson-square-properties-acquires-multifamily-community-in-marina-del-rey-california-for-170m/
- Market focus: Los Angeles / California
- Strategic angle: Institutional Flow
- Market signal: Deal Size Signal
- Extracted numbers: $170m; $170 million; 544 apartments
- Strategic implication: Track this as institutional capital flow because it mentions major capital players, portfolio transactions, deal size, or cap-rate signals.
- Woomi relevance: High relevance to US residential developer strategy

Please answer in concise bullet points:
1. Why does this article matter for a US multifamily developer?
2. What is the implication for Woomi / Woomi Global?
3. What risk or opportunity does this indicate?
4. What follow-up question should the strategy team ask?",98,Excellent,None,"Rule-based interpretation: REBusiness Online article 'Jackson Square Properties Acquires Multifamily Community in Marina del Rey, California for $170M' is classified as priority review for Los Angeles / California. It points to institutional capital movement or transaction activity. Treat as a briefing input, not a standalone investment conclusion; confirm with source diversity, repeat observation, and market-specific evidence.",Macro & Financing; Market Players & Deals,acquisition; apartment; apartments; jll; multifamily; sale; transaction,"Jackson Square Properties Acquires Multifamily Community in Marina del Rey, California for $170M",https://rebusinessonline.com/jackson-square-properties-acquires-multifamily-community-in-marina-del-rey-california-for-170m/,No,art_9e3533e3ea6b164c,California,other,Multifamily,acquisition,거래/투자,거래/투자; 시장 데이터,No,article page appears accessible from collected text,No,No,standard,art_9e3533e3ea6b164c,https://rebusinessonline.com/jackson-square-properties-acquires-multifamily-community-in-marina-del-rey-california-for-170m/,"Jackson Square Properties Acquires Multifamily Community in Marina del Rey, California for $170M",open,open,https://rebusinessonline.com/jackson-square-properties-acquires-multifamily-community-in-marina-del-rey-california-for-170m/,valid,title/source/url metadata are internally consistent,Development Activity,GP / Capital Activity,development_project_anchor: capital event with identifiable project/asset (unit/site count: 544 apartments; project/asset term: community),new_or_fresh,0,2026-08-11,2026-08-11,0,fresh_0_3d,fresh,published date parsed; article age 0 day(s),100,fresh article or no repeat penalty,,California,matched state keyword: California,disposition_exit,new_candidate,development article without confirmed capital event,No,JLL,,dictionary_match,high,"Matched known institutional / GP entity in title, summary, or source text.",True,unit/site count: 544 apartments; project/asset term: community,high,Project / Asset,No,,,JLL,,,,JLL,,transaction_market,capital_markets; institutional_capital,acquisition,none,none,gp_acquisition,none,unknown,lender; broker,Market reference detected as California.,high,Capital event keywords detected: acquisition. Institutional activity terms detected: gp_acquisition. Primary topic set to transaction_market; confidence high.,85,70,institutional acquisition behavior,76
2026-08-11,20260811-234049-01f9b98d,2026-08-11 23:40:23,Connect CRE Apartments,Site / Parcel Source Expansion,Tier 2,development_pipeline;gp_activity;national_multifamily,Other,Apartment,"Tue, 11 Aug 2026 19:32:23 +0000",100,High,Must Read,Seattle,Financing Risk; Institutional Flow,Track Financing Conditions; Track Institutional Capital Flow,"Monitor financing conditions because the article includes apartment, apartments, capital markets and $42m, $42 million, which may affect construction loans, refinancing risk, and exit cap rates.",High relevance to US residential developer strategy,Read full article,"Included because it scored 100 and mentions apartment, apartments, capital markets, with a Financing Risk; Institutional Flow angle for Seattle.",Financing Cost Signal,$42m; $42 million,"Seattle & Northwest CRE News In Your Inbox. Sign up for Connect emails to stay informed with CRE stories that are 150 words or less. Seattle & Northwest + Portland + Apartments | August 11, 2026 By: Jasmine Kilman JLL Arranges $42M Fannie Mae Refinancing for Portland-Area Multifamily JLL has arranged $42 million in financing for Portola Bridge Creek, a 270-unit, garden-style apartment community in Vancouver, Washington. JLL worked on behalf of the borrower, SB Real Estate Partners (SBREP) , whic","You are a strategic research analyst for Woomi / Woomi Global.
Analyze the following US multifamily housing article for developer strategy.

Article context:
- Title: JLL Arranges $42M Fannie Mae Refinancing for Portland-Area Multifamily
- Source: Connect CRE Apartments
- URL: https://www.connectcre.com/stories/jll-arranges-42m-fannie-mae-refinancing-for-portland-area-multifamily/
- Market focus: Seattle
- Strategic angle: Financing Risk; Institutional Flow
- Market signal: Financing Cost Signal
- Extracted numbers: $42m; $42 million
- Strategic implication: Monitor financing conditions because the article includes apartment, apartments, capital markets and $42m, $42 million, which may affect construction loans, refinancing risk, and exit cap rates.
- Woomi relevance: High relevance to US residential developer strategy

Please answer in concise bullet points:
1. Why does this article matter for a US multifamily developer?
2. What is the implication for Woomi / Woomi Global?
3. What risk or opportunity does this indicate?
4. What follow-up question should the strategy team ask?",98,Excellent,None,"Rule-based interpretation: Connect CRE Apartments article 'JLL Arranges $42M Fannie Mae Refinancing for Portland-Area Multifamily' is classified as priority review for Seattle. It points to financing, refinancing, or debt-market conditions. Treat as a briefing input, not a standalone investment conclusion; confirm with source diversity, repeat observation, and market-specific evidence.",Macro & Financing; Market Players & Deals,apartment; apartments; capital markets; debt; fannie mae; financing; garden-style; jll; loan; multifamily; refinancing,JLL Arranges $42M Fannie Mae Refinancing for Portland-Area Multifamily,https://www.connectcre.com/stories/jll-arranges-42m-fannie-mae-refinancing-for-portland-area-multifamily/,No,art_76d7519ca0d6dc32,Seattle,core_15,Multifamily,financing/refinancing,제외/금융,제외/금융,Yes,article page appears accessible from collected text,Yes,No,standard,art_76d7519ca0d6dc32,https://www.connectcre.com/stories/jll-arranges-42m-fannie-mae-refinancing-for-portland-area-multifamily/,JLL Arranges $42M Fannie Mae Refinancing for Portland-Area Multifamily,open,open,https://www.connectcre.com/stories/jll-arranges-42m-fannie-mae-refinancing-for-portland-area-multifamily/,valid,title/source/url metadata are internally consistent,Development Activity,GP / Capital Activity,development_project_anchor: project financing/capital event tied to project (unit/site count: 270-unit; project/asset term: community),new_or_fresh,0,2026-08-11,2026-08-11,0,fresh_0_3d,fresh,published date parsed; article age 0 day(s),100,fresh article or no repeat penalty,,,used broad market bucket: Seattle,refinancing,new_candidate,selected or retained for GP / capital review,Yes,SB Real Estate Partners,JLL; Fannie Mae,dictionary_match,high,"Matched known institutional / GP entity in title, summary, or source text.",True,unit/site count: 270-unit; project/asset term: community,high,Project Financing / Capital Event,No,,,SB Real Estate Partners,SB Real Estate Partners,JLL,JLL; Fannie Mae,SB Real Estate Partners,JLL; Fannie Mae,capital_markets,institutional_capital,refinancing,none,none,lender_activity,agency_debt,unknown,lender; broker,Market reference detected as Seattle.,high,Capital event keywords detected: refinancing. Financing type keywords detected: agency_debt. Institutional activity terms detected: lender_activity. Primary topic set to capital_markets; confidence high.,85,66,large-scale refinance tied to strategy,64
2026-08-11,20260811-234049-01f9b98d,2026-08-11 23:40:23,Connect CRE Apartments,Site / Parcel Source Expansion,Tier 2,development_pipeline;gp_activity;national_multifamily,Other,Apartment,"Tue, 11 Aug 2026 17:47:23 +0000",100,High,Must Read,Houston / Texas,Financing Risk; Institutional Flow,Track Financing Conditions; Track Institutional Capital Flow,"Monitor financing conditions because the article includes apartment, apartments, debt and $68.7 million, 940 units, which may affect construction loans, refinancing risk, and exit cap rates.",High relevance to US residential developer strategy,Read full article,"Included because it scored 100 and mentions apartment, apartments, debt, with a Financing Risk; Institutional Flow angle for Houston / Texas.",Rent Growth Signal,$68.7 million; 940 units,"Texas CRE News In Your Inbox. Sign up for Connect emails to stay informed with CRE stories that are 150 words or less. Texas + Houston-Galveston + Apartments | August 11, 2026 By: Mike Boyd Northmarq Arranges Refis for Three Texas Rental Communities Francis Property Management inked a $68.7 million refinancing on three Texas multifamily communities. Northmarq’s Debt + Equity deal team led by Taylor Francis, along with David Blum, Joe Giordani, Charlie Buckingham and Matt Radich arranged the perm","You are a strategic research analyst for Woomi / Woomi Global.
Analyze the following US multifamily housing article for developer strategy.

Article context:
- Title: Northmarq Arranges Refis for Three Texas Rental Communities
- Source: Connect CRE Apartments
- URL: https://www.connectcre.com/stories/northmarq-arranges-refis-for-three-texas-rental-communities/
- Market focus: Houston / Texas
- Strategic angle: Financing Risk; Institutional Flow
- Market signal: Rent Growth Signal
- Extracted numbers: $68.7 million; 940 units
- Strategic implication: Monitor financing conditions because the article includes apartment, apartments, debt and $68.7 million, 940 units, which may affect construction loans, refinancing risk, and exit cap rates.
- Woomi relevance: High relevance to US residential developer strategy

Please answer in concise bullet points:
1. Why does this article matter for a US multifamily developer?
2. What is the implication for Woomi / Woomi Global?
3. What risk or opportunity does this indicate?
4. What follow-up question should the strategy team ask?",98,Excellent,None,"Rule-based interpretation: Connect CRE Apartments article 'Northmarq Arranges Refis for Three Texas Rental Communities' is classified as priority review for Houston / Texas. It points to financing, refinancing, or debt-market conditions. Treat as a briefing input, not a standalone investment conclusion; confirm with source diversity, repeat observation, and market-specific evidence.",Macro & Financing; Market Players & Deals,apartment; apartments; debt; financing; loan; multifamily; northmarq; refinancing,Northmarq Arranges Refis for Three Texas Rental Communities,https://www.connectcre.com/stories/northmarq-arranges-refis-for-three-texas-rental-communities/,No,art_248f8fa3ca1d2f4e,Houston,core_15,Multifamily,financing/refinancing; rent/occupancy/absorption,제외/금융,제외/금융,Yes,article page appears accessible from collected text,Yes,No,standard,art_248f8fa3ca1d2f4e,https://www.connectcre.com/stories/northmarq-arranges-refis-for-three-texas-rental-communities/,Northmarq Arranges Refis for Three Texas Rental Communities,open,open,https://www.connectcre.com/stories/northmarq-arranges-refis-for-three-texas-rental-communities/,valid,title/source/url metadata are internally consistent,Development Activity,GP / Capital Activity,development_project_anchor: project financing/capital event tied to project (project/asset term: apartments),new_or_fresh,0,2026-08-11,2026-08-11,0,fresh_0_3d,fresh,published date parsed; article age 0 day(s),100,fresh article or no repeat penalty,Houston,Texas,matched city/metro keyword: Houston,asset_management_operator_activity,new_candidate,selected or retained for GP / capital review,Yes,Three Texas Rental Communities,Three Texas Rental Communities Francis Property Management,title_lead_pattern,medium,Inferred entity from headline lead segment and capital-event verb.,True,project/asset term: apartments,medium,Project Financing / Capital Event,No,,,Three Texas Rental Communities,,Three Texas Rental Communities Francis Property Management,Three Texas Rental Communities Francis Property Management,Three Texas Rental Communities,Three Texas Rental Communities Francis Property Management,capital_markets,supply_demand,refinancing,none,effective_rent_growth,none,none,unknown,lender; property_manager,Market reference detected as Houston / Texas.,medium,Capital event keywords detected: refinancing. Supply/demand terms detected: effective_rent_growth. Primary topic set to capital_markets; confidence medium. Operator/property management activity detected.,75,64,large-scale refinance tied to strategy,56
2026-08-11,20260811-234049-01f9b98d,2026-08-11 23:40:31,Connect CRE South Florida,Site / Parcel Source Expansion,Tier 2,development_pipeline;gp_activity;sunbelt,Other,Apartment,"Wed, 29 Jul 2026 15:20:50 +0000",100,High,Must Read,Miami / Florida,Financing Risk; Developer Strategy,Track Financing Conditions; Track Developer Strategy,"Monitor financing conditions because the article includes apartment, apartments, construction and $85m, $85 million, which may affect construction loans, refinancing risk, and exit cap rates.",High relevance to US residential developer strategy,Read full article,"Included because it scored 100 and mentions apartment, apartments, construction, with a Financing Risk; Developer Strategy angle for Miami / Florida.",Financing Cost Signal,$85m; $85 million,"Florida & Gulf Coast CRE News In Your Inbox. Sign up for Connect emails to stay informed with CRE stories that are 150 words or less. Florida & Gulf Coast + South Florida + Apartments | July 29, 2026 By: Mike Boyd Arrow Arranges $85M Construction Loan for Miami Condo Project Arrow Real Estate Advisors arranged an $85 million construction loan on behalf of Northlink Capital for the development of 7200 Collins Avenue, a 222-unit luxury condominium project in Miami Beach, Florida. The financing, pr","You are a strategic research analyst for Woomi / Woomi Global.
Analyze the following US multifamily housing article for developer strategy.

Article context:
- Title: Arrow Arranges $85M Construction Loan for Miami Condo Project
- Source: Connect CRE South Florida
- URL: https://www.connectcre.com/stories/arrow-arranges-85m-construction-loan-for-miami-condo-project/
- Market focus: Miami / Florida
- Strategic angle: Financing Risk; Developer Strategy
- Market signal: Financing Cost Signal
- Extracted numbers: $85m; $85 million
- Strategic implication: Monitor financing conditions because the article includes apartment, apartments, construction and $85m, $85 million, which may affect construction loans, refinancing risk, and exit cap rates.
- Woomi relevance: High relevance to US residential developer strategy

Please answer in concise bullet points:
1. Why does this article matter for a US multifamily developer?
2. What is the implication for Woomi / Woomi Global?
3. What risk or opportunity does this indicate?
4. What follow-up question should the strategy team ask?",98,Excellent,None,"Rule-based interpretation: Connect CRE South Florida article 'Arrow Arranges $85M Construction Loan for Miami Condo Project' is classified as priority review for Miami / Florida. It points to financing, refinancing, or debt-market conditions. Treat as a briefing input, not a standalone investment conclusion; confirm with source diversity, repeat observation, and market-specific evidence.",Macro & Financing; Development Strategy,apartment; apartments; construction; debt; development; financing; loan,Arrow Arranges $85M Construction Loan for Miami Condo Project,https://www.connectcre.com/stories/arrow-arranges-85m-construction-loan-for-miami-condo-project/,Yes,art_120b790785971abe,Miami / South Florida,core_15,Multifamily,financing/refinancing,제외/금융,제외/금융,Yes,article page appears accessible from collected text,Yes,No,standard,art_120b790785971abe,https://www.connectcre.com/stories/arrow-arranges-85m-construction-loan-for-miami-condo-project/,Arrow Arranges $85M Construction Loan for Miami Condo Project,open,open,https://www.connectcre.com/stories/arrow-arranges-85m-construction-loan-for-miami-condo-project/,valid,title/source/url metadata are internally consistent,Development Activity,GP / Capital Activity,development_project_anchor: project financing/capital event tied to project (unit/site count: 222-unit; address/street: 7200 collins avenue; project/asset term: project; project financing tied to anchor: construction loan),repeat_penalized,12,2026-07-29,2026-08-11,13,recent_4_14d,recent,published date parsed; article age 13 day(s),55,previously seen article,Miami,Florida,matched city/metro keyword: Miami,construction_financing,repeat_penalized,repeat exposure penalty,No,Northlink Capital,Miami Condo Project Arrow Real Estate Advisors,capital_event_sentence,medium,Inferred entity from source text near capital-event language.,True,unit/site count: 222-unit; address/street: 7200 collins avenue; project/asset term: project; project financing tied to anchor: construction loan,high,Project Financing / Capital Event,No,,,Northlink Capital,Northlink Capital,Miami Condo Project Arrow Real Estate Advisors,Miami Condo Project Arrow Real Estate Advisors,Northlink Capital,Miami Condo Project Arrow Real Estate Advisors,capital_markets,none,construction_financing,none,none,none,construction_loan,unknown,lender; developer,Market reference detected as Miami / Florida.,high,Capital event keywords detected: construction_financing. Financing type keywords detected: construction_loan. Primary topic set to capital_markets; confidence high.,75,54,general market observation with limited strategic behavior evidence,21
2026-08-11,20260811-234049-01f9b98d,2026-08-11 23:40:48,Connect CRE California,Regional / California / LA Sources,Tier 2,development_pipeline;entitlement;la_california,Other,Apartment,"Mon, 10 Aug 2026 18:54:27 +0000",100,High,Must Read,Los Angeles / California,Institutional Flow,Track Institutional Capital Flow,"Track this as institutional capital flow because it mentions major capital players, portfolio transactions, deal size, or cap-rate signals.",High relevance to US residential developer strategy,Read full article,"Included because it scored 100 and mentions apartment, apartments, multifamily, with a Institutional Flow angle for Los Angeles / California.",Deal Size Signal,$170m; $170 million,"California CRE News In Your Inbox. Sign up for Connect emails to stay informed with CRE stories that are 150 words or less. California + Los Angeles + Apartments | August 10, 2026 By: Paul Bubny Marina del Rey’s Shores Apartments Trade to Jackson Square for $170M Cox, Castle & Nicholson LLP served as counsel to Shores LLC in the sale of Shores, a 544-unit multifamily community in Marina del Rey, for $170 million to Jackson Square Properties affiliates. The transaction is one of the largest comme","You are a strategic research analyst for Woomi / Woomi Global.
Analyze the following US multifamily housing article for developer strategy.

Article context:
- Title: Marina del Rey’s Shores Apartments Trade to Jackson Square for $170M
- Source: Connect CRE California
- URL: https://www.connectcre.com/stories/marina-del-reys-shores-apartments-trade-to-jackson-square-for-170m/
- Market focus: Los Angeles / California
- Strategic angle: Institutional Flow
- Market signal: Deal Size Signal
- Extracted numbers: $170m; $170 million
- Strategic implication: Track this as institutional capital flow because it mentions major capital players, portfolio transactions, deal size, or cap-rate signals.
- Woomi relevance: High relevance to US residential developer strategy

Please answer in concise bullet points:
1. Why does this article matter for a US multifamily developer?
2. What is the implication for Woomi / Woomi Global?
3. What risk or opportunity does this indicate?
4. What follow-up question should the strategy team ask?",98,Excellent,None,"Rule-based interpretation: Connect CRE California article 'Marina del Rey’s Shores Apartments Trade to Jackson Square for $170M' is classified as priority review for Los Angeles / California. It points to institutional capital movement or transaction activity. Treat as a briefing input, not a standalone investment conclusion; confirm with source diversity, repeat observation, and market-specific evidence.",Macro & Financing; Market Players & Deals,apartment; apartments; multifamily; sale; transaction,Marina del Rey’s Shores Apartments Trade to Jackson Square for $170M,https://www.connectcre.com/stories/marina-del-reys-shores-apartments-trade-to-jackson-square-for-170m/,Yes,art_3c29334cc5f70d17,Los Angeles / Southern California,core_15,Multifamily,,거래/투자,거래/투자; 시장 데이터,No,article page appears accessible from collected text,Yes,No,standard,art_3c29334cc5f70d17,https://www.connectcre.com/stories/marina-del-reys-shores-apartments-trade-to-jackson-square-for-170m/,Marina del Rey’s Shores Apartments Trade to Jackson Square for $170M,open,open,https://www.connectcre.com/stories/marina-del-reys-shores-apartments-trade-to-jackson-square-for-170m/,valid,title/source/url metadata are internally consistent,Development Activity,GP / Capital Activity,development_project_anchor: capital event with identifiable project/asset (unit/site count: 544-unit; project/asset term: community),acceptable_repeat,1,2026-08-10,2026-08-11,1,fresh_0_3d,fresh,published date parsed; article age 1 day(s),78,previously seen article,Los Angeles,California,matched city/metro keyword: Los Angeles,disposition_exit,repeated_but_retained,development article without confirmed capital event,No,Participant not identified,,unresolved,unresolved,"No institution name detected in dictionary, title, summary, or source text.",True,unit/site count: 544-unit; project/asset term: community,high,Project / Asset,No,,,,,,,,,transaction_market,capital_markets,disposition,none,none,none,none,unknown,lender,Market reference detected as Los Angeles / California.,low,Capital event keywords detected: disposition. Primary topic set to transaction_market; confidence low.,75,44,classification confidence penalty,36
2026-08-11,20260811-234049-01f9b98d,2026-08-11 23:40:29,Connect CRE South Florida,Site / Parcel Source Expansion,Tier 2,development_pipeline;gp_activity;sunbelt,Other,Mixed-Use Residential,"Thu, 30 Jul 2026 14:01:21 +0000",99,High,Must Read,Miami / Florida,Financing Risk; Developer Strategy,Track Financing Conditions; Track Developer Strategy,"Monitor financing conditions because the article includes apartment, apartments, construction and $226.5m, $226.5 million, which may affect construction loans, refinancing risk, and exit cap rates.",High relevance to US residential developer strategy,Read full article,"Included because it scored 99 and mentions apartment, apartments, construction, with a Financing Risk; Developer Strategy angle for Miami / Florida.",Rent Growth Signal,$226.5m; $226.5 million,"Florida & Gulf Coast CRE News In Your Inbox. Sign up for Connect emails to stay informed with CRE stories that are 150 words or less. Florida & Gulf Coast + South Florida + Apartments | July 30, 2026 By: Mike Boyd Baron Property Group Closes on $226.5M Refi for Hialeah Apartment Community Baron Property Group announced the closing of a $226.5 million refinancing for Metro Parc, the mixed-use development with rental residences, amenities and retail in Hialeah. Madison Realty Capital and Yellowsto","You are a strategic research analyst for Woomi / Woomi Global.
Analyze the following US multifamily housing article for developer strategy.

Article context:
- Title: Baron Property Group Closes on $226.5M Refi for Hialeah Apartment Community
- Source: Connect CRE South Florida
- URL: https://www.connectcre.com/stories/baron-property-group-closes-on-226-5m-refi-for-hialeah-apartment-community/
- Market focus: Miami / Florida
- Strategic angle: Financing Risk; Developer Strategy
- Market signal: Rent Growth Signal
- Extracted numbers: $226.5m; $226.5 million
- Strategic implication: Monitor financing conditions because the article includes apartment, apartments, construction and $226.5m, $226.5 million, which may affect construction loans, refinancing risk, and exit cap rates.
- Woomi relevance: High relevance to US residential developer strategy

Please answer in concise bullet points:
1. Why does this article matter for a US multifamily developer?
2. What is the implication for Woomi / Woomi Global?
3. What risk or opportunity does this indicate?
4. What follow-up question should the strategy team ask?",98,Excellent,None,"Rule-based interpretation: Connect CRE South Florida article 'Baron Property Group Closes on $226.5M Refi for Hialeah Apartment Community' is classified as priority review for Miami / Florida. It points to financing, refinancing, or debt-market conditions. Treat as a briefing input, not a standalone investment conclusion; confirm with source diversity, repeat observation, and market-specific evidence.",Macro & Financing; Development Strategy,apartment; apartments; construction; development; financing; loan; refinancing,Baron Property Group Closes on $226.5M Refi for Hialeah Apartment Community,https://www.connectcre.com/stories/baron-property-group-closes-on-226-5m-refi-for-hialeah-apartment-community/,Yes,art_03e554735dbfbc0b,Miami / South Florida,core_15,Mixed-use Residential,financing/refinancing; rent/occupancy/absorption,제외/금융,제외/금융,Yes,article page appears accessible from collected text,Yes,No,standard,art_03e554735dbfbc0b,https://www.connectcre.com/stories/baron-property-group-closes-on-226-5m-refi-for-hialeah-apartment-community/,Baron Property Group Closes on $226.5M Refi for Hialeah Apartment Community,open,open,https://www.connectcre.com/stories/baron-property-group-closes-on-226-5m-refi-for-hialeah-apartment-community/,valid,title/source/url metadata are internally consistent,GP / Capital Activity,,"property-level financing, lender, refinancing, or recapitalization signal detected",repeat_penalized,11,2026-07-30,2026-08-11,12,recent_4_14d,recent,published date parsed; article age 12 day(s),55,previously seen article,Miami,Florida,matched city/metro keyword: Miami,refinancing,repeat_penalized,repeat exposure penalty,No,Madison Realty Capital,Baron Property Group; Mike Boyd Baron Property Group; Hialeah Apartment Community Baron Property Group,title_lead_pattern,medium,Inferred entity from headline lead segment and capital-event verb.,False,"no identifiable project, asset, site, address, or unit-count anchor",none,,No,,,Madison Realty Capital,Madison Realty Capital,Baron Property Group,Baron Property Group; Mike Boyd Baron Property Group; Hialeah Apartment Community Baron Property Group,Madison Realty Capital,Baron Property Group; Mike Boyd Baron Property Group; Hialeah Apartment Community Baron Property Group,capital_markets,supply_demand,refinancing,none,effective_rent_growth,none,none,mixed_use,lender; developer,Market reference detected as Miami / Florida.,medium,Capital event keywords detected: refinancing. Supply/demand terms detected: effective_rent_growth. Primary topic set to capital_markets; confidence medium.,75,64,large-scale refinance tied to strategy,31
2026-08-11,20260811-234049-01f9b98d,2026-08-11 23:39:55,Commercial Observer,Core Multifamily News,Tier 1,national_multifamily,Other,Multifamily,"Tue, 11 Aug 2026 17:10:31 +0000",97,High,Must Read,Other / Unknown,Financing Risk; Supply Pressure; Institutional Flow; Developer Strategy,Track Financing Conditions; Track Supply Pipeline; Track Institutional Capital Flow; Track Developer Strategy,"Monitor financing conditions because the article includes construction, debt, development and $110m, $109.5 million, which may affect construction loans, refinancing risk, and exit cap rates.",High relevance to US residential developer strategy,Read full article,"Included because it scored 97 and mentions construction, debt, development, with a Financing Risk; Supply Pressure; Institutional Flow; Developer Strategy angle for a broad or unspecified market.",Financing Cost Signal,$110m; $109.5 million,"Residential · Multifamily Jersey City Finance · Refinance Northwestern Mutual Provides $110M Perm Loan for Jersey City Multifamily Tower By Andrew Coen August 11, 2026 1:10 pm reprints Arden Group CEO Craig Spencer and 425 Summit Avenue, Jersey City, N.J. PHOTOS: Courtesy Arden Group A joint venture between Spitzer Enterprises and Arden Group has sealed $109.5 million of permanent financing for a newly-built multifamily tower in Jersey City, Commercial Observer can first report. Northwestern Mut","You are a strategic research analyst for Woomi / Woomi Global.
Analyze the following US multifamily housing article for developer strategy.

Article context:
- Title: Northwestern Mutual Provides $110M Perm Loan for Jersey City Multifamily Tower
- Source: Commercial Observer
- URL: https://commercialobserver.com/2026/08/northwestern-mutual-jersey-city-apartments/
- Market focus: Other / Unknown
- Strategic angle: Financing Risk; Supply Pressure; Institutional Flow; Developer Strategy
- Market signal: Financing Cost Signal
- Extracted numbers: $110m; $109.5 million
- Strategic implication: Monitor financing conditions because the article includes construction, debt, development and $110m, $109.5 million, which may affect construction loans, refinancing risk, and exit cap rates.
- Woomi relevance: High relevance to US residential developer strategy

Please answer in concise bullet points:
1. Why does this article matter for a US multifamily developer?
2. What is the implication for Woomi / Woomi Global?
3. What risk or opportunity does this indicate?
4. What follow-up question should the strategy team ask?",90,Excellent,missing market focus,"Rule-based interpretation: Commercial Observer article 'Northwestern Mutual Provides $110M Perm Loan for Jersey City Multifamily Tower' is classified as priority review for Other / Unknown. It points to financing, refinancing, or debt-market conditions. Treat as a briefing input, not a standalone investment conclusion; confirm with source diversity, repeat observation, and market-specific evidence.",Macro & Financing; Development Strategy; Market Players & Deals,construction; debt; development; financing; joint venture; lease-up; loan; multifamily,Northwestern Mutual Provides $110M Perm Loan for Jersey City Multifamily Tower,https://commercialobserver.com/2026/08/northwestern-mutual-jersey-city-apartments/,No,art_0425ff2c1ea26c26,New York / Northern New Jersey,core_15,Multifamily,delivery/completion; financing/refinancing; JV/recapitalization; market data/supply-demand,제외/금융,제외/금융,Yes,article page appears accessible from collected text,Yes,No,standard,art_0425ff2c1ea26c26,https://commercialobserver.com/2026/08/northwestern-mutual-jersey-city-apartments/,Northwestern Mutual Provides $110M Perm Loan for Jersey City Multifamily Tower,open,open,https://commercialobserver.com/2026/08/northwestern-mutual-jersey-city-apartments/,valid,title/source/url metadata are internally consistent,Development Activity,GP / Capital Activity,development_project_anchor: project financing/capital event tied to project (address/street: 425 summit avenue; execution milestone: lease-up; project/asset term: development),new_or_fresh,0,2026-08-11,2026-08-11,0,fresh_0_3d,fresh,published date parsed; article age 0 day(s),100,fresh article or no repeat penalty,,,"no city, state, or market keyword detected",joint_venture,new_candidate,selected or retained for GP / capital review,Yes,Jersey City Multifamily Tower Residential,Arden Group; Courtesy Arden Group,capital_event_sentence,medium,Inferred entity from source text near capital-event language.,True,address/street: 425 summit avenue; execution milestone: lease-up; project/asset term: development,high,Leasing / Lease-Up,No,,,Jersey City Multifamily Tower Residential,,Arden Group,Arden Group; Courtesy Arden Group,Jersey City Multifamily Tower Residential,Arden Group; Courtesy Arden Group,capital_markets,development_pipeline; supply_demand,refinancing; permanent_loan; joint_venture,lease_up,supply_pressure,none,permanent_financing,unknown,lender; developer,No specific market detected; treated as broader capital markets context.,high,"Capital event keywords detected: refinancing, permanent_loan, joint_venture. Financing type keywords detected: permanent_financing. Development-stage terms detected: lease_up. Supply/demand terms detected: supply_pressure. Primary topic set to capital_markets; confidence high.",75,92,JV or partnership activity; lease-up or absorption behavior; large-scale refinance tied to strategy,90
2026-08-11,20260811-234049-01f9b98d,2026-08-11 23:40:15,Urbanize LA,Regional / California / LA Sources,Tier 2,development_pipeline;entitlement;la_california,Other,Student Housing,"Mon, 10 Aug 2026 13:05:00 +0000",94,High,Must Read,Southeast,Developer Strategy,Track Developer Strategy,"Review this as a supply risk signal because it references new deliveries, starts, pipeline, or permits in Southeast.",High relevance to US residential developer strategy,Read full article,"Included because it scored 94 and mentions apartment, apartments, construction, with a Developer Strategy angle for Southeast.",Supply / Starts Signal,$127; $32; 36 apartments,"Construction begins for student housing at Long Beach City College | Urbanize LA Skip to main content Advertisement Advertisement Construction has commenced for a new student housing complex on the Long Beach City College Liberal Arts Campus , per a social media post from architecture firm AC Martin. The $127-million project , which replaces a parking lot on the eastern side of the campus at the intersection of Clark Avenue and E. Lew Davis Street, calls for the construction of a 93,000-square-f","You are a strategic research analyst for Woomi / Woomi Global.
Analyze the following US multifamily housing article for developer strategy.

Article context:
- Title: Construction begins for student housing at Long Beach City College
- Source: Urbanize LA
- URL: https://la.urbanize.city/post/construction-begins-student-housing-long-beach-city-college
- Market focus: Southeast
- Strategic angle: Developer Strategy
- Market signal: Supply / Starts Signal
- Extracted numbers: $127; $32; 36 apartments
- Strategic implication: Review this as a supply risk signal because it references new deliveries, starts, pipeline, or permits in Southeast.
- Woomi relevance: High relevance to US residential developer strategy

Please answer in concise bullet points:
1. Why does this article matter for a US multifamily developer?
2. What is the implication for Woomi / Woomi Global?
3. What risk or opportunity does this indicate?
4. What follow-up question should the strategy team ask?",98,Excellent,None,"Rule-based interpretation: Urbanize LA article 'Construction begins for student housing at Long Beach City College' is classified as priority review for Southeast. It points to supply, delivery, lease-up, or absorption conditions. Treat as a briefing input, not a standalone investment conclusion; confirm with source diversity, repeat observation, and market-specific evidence.",Development Strategy,apartment; apartments; construction; development; student housing,Construction begins for student housing at Long Beach City College,https://la.urbanize.city/post/construction-begins-student-housing-long-beach-city-college,Yes,art_1ba0cfd3e44781fa,Los Angeles / Southern California,core_15,Student Housing,development; construction start,개발/인허가,개발/인허가,No,limited source or insufficient readable article text,Yes,No,access_limited_source,art_1ba0cfd3e44781fa,https://la.urbanize.city/post/construction-begins-student-housing-long-beach-city-college,Construction begins for student housing at Long Beach City College,access_limited,access_limited,https://la.urbanize.city/post/construction-begins-student-housing-long-beach-city-college,valid,title/source/url metadata are internally consistent,Market Intelligence,Development Activity,"market, macro, research, or supply-demand article without confirmed deal or project event",acceptable_repeat,1,2026-08-10,2026-08-11,1,fresh_0_3d,fresh,published date parsed; article age 1 day(s),66,previously seen article; limited page access,,,used broad market bucket: Southeast,none,not_candidate,not a GP / capital candidate,No,,,,,,False,"no identifiable project, asset, site, address, or unit-count anchor",none,,No,,,,,,,,,research_data,none,none,none,none,none,none,student_housing,developer,Market reference detected as Southeast.,unknown,"Limited/paywalled article; classification is based on title, URL, source, and available lead text only. No clear rule-based event keyword was detected. Primary topic set to research_data; confidence unknown.",60,48,development continuation; limited article: title/lead-based review needed; classification confidence penalty,40
2026-08-11,20260811-234049-01f9b98d,2026-08-11 23:40:38,Connect CRE Phoenix,Site / Parcel Source Expansion,Tier 2,development_pipeline;gp_activity;sunbelt,Other,Apartment,"Wed, 05 Aug 2026 16:57:05 +0000",93,High,Must Read,Phoenix / Arizona,Financing Risk; Institutional Flow,Track Financing Conditions; Track Institutional Capital Flow,"Monitor financing conditions because the article includes apartment, apartments, hud and $52.4m, $52.4 million, $200,000, which may affect construction loans, refinancing risk, and exit cap rates.",High relevance to US residential developer strategy,Read full article,"Included because it scored 93 and mentions apartment, apartments, hud, with a Financing Risk; Institutional Flow angle for Phoenix / Arizona.",Rent Growth Signal,"$52.4m; $52.4 million; $200,000; $45.25 million","Phoenix & Southwest CRE News In Your Inbox. Sign up for Connect emails to stay informed with CRE stories that are 150 words or less. Phoenix & Southwest + Phoenix + Apartments | August 5, 2026 By: Mike Boyd ColRich Pays $52.4M for Mesa Rental Community ColRich acquired Avia 266, a 267-unit multifamily community in Mesa, AZ, for $52.4 million, including the assumption of an existing HUD loan. The buyer intends to rename the property The Remy. The sales price comes out to just under $200,000 a uni","You are a strategic research analyst for Woomi / Woomi Global.
Analyze the following US multifamily housing article for developer strategy.

Article context:
- Title: ColRich Pays $52.4M for Mesa Rental Community
- Source: Connect CRE Phoenix
- URL: https://www.connectcre.com/stories/colrich-pays-52-4m-for-mesa-rental-community/
- Market focus: Phoenix / Arizona
- Strategic angle: Financing Risk; Institutional Flow
- Market signal: Rent Growth Signal
- Extracted numbers: $52.4m; $52.4 million; $200,000; $45.25 million
- Strategic implication: Monitor financing conditions because the article includes apartment, apartments, hud and $52.4m, $52.4 million, $200,000, which may affect construction loans, refinancing risk, and exit cap rates.
- Woomi relevance: High relevance to US residential developer strategy

Please answer in concise bullet points:
1. Why does this article matter for a US multifamily developer?
2. What is the implication for Woomi / Woomi Global?
3. What risk or opportunity does this indicate?
4. What follow-up question should the strategy team ask?",98,Excellent,None,"Rule-based interpretation: Connect CRE Phoenix article 'ColRich Pays $52.4M for Mesa Rental Community' is classified as priority review for Phoenix / Arizona. It points to financing, refinancing, or debt-market conditions. Treat as a briefing input, not a standalone investment conclusion; confirm with source diversity, repeat observation, and market-specific evidence.",Macro & Financing; Policy & Regulation; Market Players & Deals,apartment; apartments; hud; loan; multifamily; sale,ColRich Pays $52.4M for Mesa Rental Community,https://www.connectcre.com/stories/colrich-pays-52-4m-for-mesa-rental-community/,Yes,art_ee5077eab900f93c,Phoenix,core_15,Multifamily,acquisition; financing/refinancing; policy/regulation; rent/occupancy/absorption,거래/투자,거래/투자; 운영/임대; 시장 데이터,No,article page appears accessible from collected text,Yes,No,standard,art_ee5077eab900f93c,https://www.connectcre.com/stories/colrich-pays-52-4m-for-mesa-rental-community/,ColRich Pays $52.4M for Mesa Rental Community,open,open,https://www.connectcre.com/stories/colrich-pays-52-4m-for-mesa-rental-community/,valid,title/source/url metadata are internally consistent,Development Activity,GP / Capital Activity,development_project_anchor: capital event with identifiable project/asset (unit/site count: 267-unit; project/asset term: community),acceptable_repeat,5,2026-08-05,2026-08-11,6,fresh_0_3d,fresh,published date parsed; article age 6 day(s),62,previously seen article,Phoenix,Arizona,matched city/metro keyword: Phoenix,disposition_exit,repeated_but_retained,selected or retained for GP / capital review,Yes,Participant not identified,,unresolved,unresolved,"No institution name detected in dictionary, title, summary, or source text.",True,unit/site count: 267-unit; project/asset term: community,high,Project / Asset,No,,,,,,,,,transaction_market,capital_markets; supply_demand,acquisition,none,effective_rent_growth,none,agency_debt,unknown,lender; public_agency,Market reference detected as Phoenix / Arizona.,medium,Capital event keywords detected: acquisition. Financing type keywords detected: agency_debt. Supply/demand terms detected: effective_rent_growth. Primary topic set to transaction_market; confidence medium.,75,68,institutional acquisition behavior,60
2026-08-11,20260811-234049-01f9b98d,2026-08-11 23:40:13,Urbanize LA,Regional / California / LA Sources,Tier 2,development_pipeline;entitlement;la_california,Other,Affordable Housing,"Tue, 11 Aug 2026 13:05:00 +0000",90,High,Must Read,Other / Unknown,Developer Strategy,Track Developer Strategy,"Track rent and vacancy conditions because the article points to demand, occupancy, rent, vacancy, or concession signals in Other / Unknown.",High relevance to US residential developer strategy,Read full article,"Included because it scored 90 and mentions affordable housing, apartment, apartments, with a Developer Strategy angle for a broad or unspecified market.",Rent Growth Signal,42 apartments,"42 apartments slated for 2817 Montrose Ave. in Glendale | Urbanize LA Skip to main content Advertisement Advertisement A presentation to the Glendale Design Review Board offers a look at plans to redevelop a former church with housing. The project at 2817 Montrose Avenue, which is being developed by property owner Eddy Allahverdian, calls for demolishing the existing 1950s structure to clear the way for a new four-story, 42-unit apartment building with parking for 69 vehicles. In exchange for de","You are a strategic research analyst for Woomi / Woomi Global.
Analyze the following US multifamily housing article for developer strategy.

Article context:
- Title: 42 apartments slated for 2817 Montrose Ave. in Glendale
- Source: Urbanize LA
- URL: https://la.urbanize.city/post/42-apartments-slated-2817-montrose-ave-glendale
- Market focus: Other / Unknown
- Strategic angle: Developer Strategy
- Market signal: Rent Growth Signal
- Extracted numbers: 42 apartments
- Strategic implication: Track rent and vacancy conditions because the article points to demand, occupancy, rent, vacancy, or concession signals in Other / Unknown.
- Woomi relevance: High relevance to US residential developer strategy

Please answer in concise bullet points:
1. Why does this article matter for a US multifamily developer?
2. What is the implication for Woomi / Woomi Global?
3. What risk or opportunity does this indicate?
4. What follow-up question should the strategy team ask?",90,Excellent,missing market focus,"Rule-based interpretation: Urbanize LA article '42 apartments slated for 2817 Montrose Ave. in Glendale' is classified as priority review for Other / Unknown. It points to development execution or sponsor strategy. Treat as a briefing input, not a standalone investment conclusion; confirm with source diversity, repeat observation, and market-specific evidence.",Development Strategy; Policy & Regulation,affordable housing; apartment; apartments; density bonus; permit,42 apartments slated for 2817 Montrose Ave. in Glendale,https://la.urbanize.city/post/42-apartments-slated-2817-montrose-ave-glendale,No,art_8337fd9d238a1da9,Los Angeles / Southern California,core_15,Affordable Housing,policy/regulation; rent/occupancy/absorption,개발/인허가,개발/인허가; 운영/임대; 시장 데이터,No,limited source or insufficient readable article text,Yes,No,access_limited_source,art_8337fd9d238a1da9,https://la.urbanize.city/post/42-apartments-slated-2817-montrose-ave-glendale,42 apartments slated for 2817 Montrose Ave. in Glendale,access_limited,access_limited,https://la.urbanize.city/post/42-apartments-slated-2817-montrose-ave-glendale,valid,title/source/url metadata are internally consistent,Development Activity,,development_project_anchor: Approval / Entitlement (unit/site count: 42 apartments; address/street: 42 apartments slated for 2817 montrose ave; project/asset term: project),new_or_fresh,0,2026-08-11,2026-08-11,0,fresh_0_3d,fresh,published date parsed; article age 0 day(s),88,limited page access,,,"no city, state, or market keyword detected",none,not_candidate,not a GP / capital candidate,No,,,,,,True,unit/site count: 42 apartments; address/street: 42 apartments slated for 2817 montrose ave; project/asset term: project,high,Approval / Entitlement,No,,,,,,,,,other,none,none,none,none,none,none,unknown,developer,No specific market detected; relevance remains broad.,unknown,"Limited/paywalled article; classification is based on title, URL, source, and available lead text only. No clear rule-based event keyword was detected. Primary topic set to other; confidence unknown.",30,40,entitlement persistence; limited article: title/lead-based review needed; classification confidence penalty,40
2026-08-11,20260811-234049-01f9b98d,2026-08-11 23:40:41,Connect CRE Atlanta,Site / Parcel Source Expansion,Tier 2,development_pipeline;gp_activity;sunbelt,Other,Apartment,"Mon, 03 Aug 2026 14:18:11 +0000",90,High,Must Read,Atlanta / Georgia,Developer Strategy,Track Developer Strategy,"Track rent and vacancy conditions because the article points to demand, occupancy, rent, vacancy, or concession signals in Atlanta / Georgia.",High relevance to US residential developer strategy,Read full article,"Included because it scored 90 and mentions apartment, apartments, construction, with a Developer Strategy angle for Atlanta / Georgia.",Rent Growth Signal,30%; 80%; $62 million; 218 apartments,"Atlanta & Southeast News In Your Inbox Sign up for Connect emails to stay informed with CRE stories that are 150 words or less. Atlanta & Southeast + Atlanta + Apartments | August 3, 2026 By: Mike Boyd Atlanta Beltline Advancing 218-Unit Affordable Apartment Project Atlanta Beltline Inc. (ABI) is pursuing the construction of a mid-rise multifamily development at 350 Chappell Road. The Atlanta Business Chronicle reports the $62 million project includes 218 apartments, all of which will be rented ","You are a strategic research analyst for Woomi / Woomi Global.
Analyze the following US multifamily housing article for developer strategy.

Article context:
- Title: Atlanta Beltline Advancing 218-Unit Affordable Apartment Project
- Source: Connect CRE Atlanta
- URL: https://www.connectcre.com/stories/atlanta-beltline-advancing-218-unit-affordable-apartment-project/
- Market focus: Atlanta / Georgia
- Strategic angle: Developer Strategy
- Market signal: Rent Growth Signal
- Extracted numbers: 30%; 80%; $62 million; 218 apartments
- Strategic implication: Track rent and vacancy conditions because the article points to demand, occupancy, rent, vacancy, or concession signals in Atlanta / Georgia.
- Woomi relevance: High relevance to US residential developer strategy

Please answer in concise bullet points:
1. Why does this article matter for a US multifamily developer?
2. What is the implication for Woomi / Woomi Global?
3. What risk or opportunity does this indicate?
4. What follow-up question should the strategy team ask?",98,Excellent,None,"Rule-based interpretation: Connect CRE Atlanta article 'Atlanta Beltline Advancing 218-Unit Affordable Apartment Project' is classified as priority review for Atlanta / Georgia. It points to development execution or sponsor strategy. Treat as a briefing input, not a standalone investment conclusion; confirm with source diversity, repeat observation, and market-specific evidence.",Development Strategy,apartment; apartments; construction; development; multifamily,Atlanta Beltline Advancing 218-Unit Affordable Apartment Project,https://www.connectcre.com/stories/atlanta-beltline-advancing-218-unit-affordable-apartment-project/,Yes,art_aaefd3e9d52ce516,Atlanta,core_15,Multifamily,rent/occupancy/absorption,개발/인허가,개발/인허가; 운영/임대; 시장 데이터,No,article page appears accessible from collected text,Yes,No,standard,art_aaefd3e9d52ce516,https://www.connectcre.com/stories/atlanta-beltline-advancing-218-unit-affordable-apartment-project/,Atlanta Beltline Advancing 218-Unit Affordable Apartment Project,open,open,https://www.connectcre.com/stories/atlanta-beltline-advancing-218-unit-affordable-apartment-project/,valid,title/source/url metadata are internally consistent,Development Activity,Market Intelligence,development_project_anchor: Project / Asset (unit/site count: 218-unit; address/street: 350 chappell road; project/asset term: project),repeat_penalized,7,2026-08-03,2026-08-11,8,recent_4_14d,recent,published date parsed; article age 8 day(s),55,previously seen article,Atlanta,Georgia,matched city/metro keyword: Atlanta,none,not_candidate,not a GP / capital candidate,No,,,,,,True,unit/site count: 218-unit; address/street: 350 chappell road; project/asset term: project,high,Project / Asset,No,,,,,,,,,supply_demand,none,none,none,effective_rent_growth,none,none,affordable_housing,developer,Market reference detected as Atlanta / Georgia.,low,Supply/demand terms detected: effective_rent_growth. Primary topic set to supply_demand; confidence low.,60,40,classification confidence penalty,11
2026-08-11,20260811-234049-01f9b98d,2026-08-11 23:39:56,Connect CRE,Core Multifamily News,Tier 1,development_pipeline;gp_activity;national_multifamily,Other,Apartment,"Tue, 11 Aug 2026 21:03:28 +0000",89,High,Must Read,Other / Unknown,Rent Growth / Demand; Institutional Flow,Track Rent / Vacancy Trend; Track Institutional Capital Flow,"Track rent and vacancy conditions because the article points to demand, occupancy, rent, vacancy, or concession signals in Other / Unknown.",High relevance to US residential developer strategy,Read full article,"Included because it scored 89 and mentions apartment, apartments, midwest, with a Rent Growth / Demand; Institutional Flow angle for a broad or unspecified market.",Deal Size Signal,$1.24 million,"Chicago & Midwest CRE News In Your Inbox. Sign up for Connect emails to stay informed with CRE stories that are 150 words or less. Chicago & Midwest + North Side + Apartments | August 11, 2026 By: Jasmine Kilman Roscoe Village MF Sells in Deal Brokered by Essex Three-Twelve Essex Three-Twelve completed the sale of 3141 N. Oakley Ave., a turnkey three-unit multifamily property located in Chicago’s Roscoe Village neighborhood. The property sold for $1.24 million, with Essex Three-Twelve Director M","You are a strategic research analyst for Woomi / Woomi Global.
Analyze the following US multifamily housing article for developer strategy.

Article context:
- Title: Roscoe Village MF Sells in Deal Brokered by Essex Three-Twelve
- Source: Connect CRE
- URL: https://www.connectcre.com/stories/roscoe-village-mf-sells-in-deal-brokered-by-essex-three-twelve/
- Market focus: Other / Unknown
- Strategic angle: Rent Growth / Demand; Institutional Flow
- Market signal: Deal Size Signal
- Extracted numbers: $1.24 million
- Strategic implication: Track rent and vacancy conditions because the article points to demand, occupancy, rent, vacancy, or concession signals in Other / Unknown.
- Woomi relevance: High relevance to US residential developer strategy

Please answer in concise bullet points:
1. Why does this article matter for a US multifamily developer?
2. What is the implication for Woomi / Woomi Global?
3. What risk or opportunity does this indicate?
4. What follow-up question should the strategy team ask?",90,Excellent,missing market focus,"Rule-based interpretation: Connect CRE article 'Roscoe Village MF Sells in Deal Brokered by Essex Three-Twelve' is classified as priority review for Other / Unknown. It points to institutional capital movement or transaction activity. Treat as a briefing input, not a standalone investment conclusion; confirm with source diversity, repeat observation, and market-specific evidence.",Macro & Financing; Supply & Demand; Market Players & Deals,apartment; apartments; midwest; multifamily; sale,Roscoe Village MF Sells in Deal Brokered by Essex Three-Twelve,https://www.connectcre.com/stories/roscoe-village-mf-sells-in-deal-brokered-by-essex-three-twelve/,No,art_e7a9762afc37ebb6,Other / Unknown,other,Multifamily,delivery/completion; transaction/sale; market data/supply-demand; rent/occupancy/absorption,개발/인허가,개발/인허가; 거래/투자; 운영/임대; 시장 데이터,No,article page appears accessible from collected text,No,No,standard,art_e7a9762afc37ebb6,https://www.connectcre.com/stories/roscoe-village-mf-sells-in-deal-brokered-by-essex-three-twelve/,Roscoe Village MF Sells in Deal Brokered by Essex Three-Twelve,open,open,https://www.connectcre.com/stories/roscoe-village-mf-sells-in-deal-brokered-by-essex-three-twelve/,valid,title/source/url metadata are internally consistent,Development Activity,GP / Capital Activity,development_project_anchor: capital event with identifiable project/asset (address/street: 3141 n. oakley ave; project/asset term: apartments),new_or_fresh,0,2026-08-11,2026-08-11,0,fresh_0_3d,fresh,published date parsed; article age 0 day(s),100,fresh article or no repeat penalty,,,"no city, state, or market keyword detected",disposition_exit,new_candidate,development article without confirmed capital event,No,Participant not identified,,unresolved,unresolved,"No institution name detected in dictionary, title, summary, or source text.",True,address/street: 3141 n. oakley ave; project/asset term: apartments,high,Project / Asset,No,,,,,,,,,development_pipeline,capital_markets; supply_demand,disposition,delivery,effective_rent_growth,gp_disposition,none,unknown,lender; broker,No specific market detected; relevance remains broad.,high,Capital event keywords detected: disposition. Development-stage terms detected: delivery. Supply/demand terms detected: effective_rent_growth. Institutional activity terms detected: gp_disposition. Primary topic set to development_pipeline; confidence high.,85,56,general market observation with limited strategic behavior evidence,62
2026-08-11,20260811-234049-01f9b98d,2026-08-11 23:40:19,REBusiness Online,Site / Parcel Source Expansion,Tier 2,development_pipeline;gp_activity,Other,Student Housing,2026-08-11T13:23:13Z,89,High,Must Read,California,Institutional Flow; Developer Strategy,Track Institutional Capital Flow; Track Developer Strategy,"Review this as a supply risk signal because it references new deliveries, starts, pipeline, or permits in California.",High relevance to US residential developer strategy,Read full article,"Included because it scored 89 and mentions development, joint venture, multifamily, with a Institutional Flow; Developer Strategy angle for California.",Supply / Starts Signal,83 units,"The Valiant serves students attending the University of California, Berkeley. California Development Multifamily Student Housing Western Joint Venture Delivers 265-Bed Student Housing Development Near University of California, Berkeley by Amy Works August 11, 2026 August 11, 2026 8 BERKELEY, CALIF. — A joint venture between Canyon Partners Real Estate, The Martin Group and Valiance Capital has delivered The Valiant, a 265-bed student housing development located near the University of California,","You are a strategic research analyst for Woomi / Woomi Global.
Analyze the following US multifamily housing article for developer strategy.

Article context:
- Title: Joint Venture Delivers 265-Bed Student Housing Development Near University of California, Berkeley
- Source: REBusiness Online
- URL: https://rebusinessonline.com/joint-venture-delivers-265-bed-student-housing-development-near-university-of-california-berkeley/
- Market focus: California
- Strategic angle: Institutional Flow; Developer Strategy
- Market signal: Supply / Starts Signal
- Extracted numbers: 83 units
- Strategic implication: Review this as a supply risk signal because it references new deliveries, starts, pipeline, or permits in California.
- Woomi relevance: High relevance to US residential developer strategy

Please answer in concise bullet points:
1. Why does this article matter for a US multifamily developer?
2. What is the implication for Woomi / Woomi Global?
3. What risk or opportunity does this indicate?
4. What follow-up question should the strategy team ask?",98,Excellent,None,"Rule-based interpretation: REBusiness Online article 'Joint Venture Delivers 265-Bed Student Housing Development Near University of California, Berkeley' is classified as priority review for California. It points to supply, delivery, lease-up, or absorption conditions. Treat as a briefing input, not a standalone investment conclusion; confirm with source diversity, repeat observation, and market-specific evidence.",Macro & Financing; Development Strategy; Market Players & Deals,development; joint venture; multifamily; student housing,"Joint Venture Delivers 265-Bed Student Housing Development Near University of California, Berkeley",https://rebusinessonline.com/joint-venture-delivers-265-bed-student-housing-development-near-university-of-california-berkeley/,No,art_d1e7e782969219ca,California,other,Student Housing,development; JV/recapitalization,개발/인허가,개발/인허가; 거래/투자; 시장 데이터,No,article page appears accessible from collected text,No,No,standard,art_d1e7e782969219ca,https://rebusinessonline.com/joint-venture-delivers-265-bed-student-housing-development-near-university-of-california-berkeley/,"Joint Venture Delivers 265-Bed Student Housing Development Near University of California, Berkeley",open,open,https://rebusinessonline.com/joint-venture-delivers-265-bed-student-housing-development-near-university-of-california-berkeley/,valid,title/source/url metadata are internally consistent,Development Activity,GP / Capital Activity,development_project_anchor: capital event with identifiable project/asset (unit/site count: 265-bed; execution milestone: delivers; project/asset term: development),new_or_fresh,0,2026-08-11,2026-08-11,0,fresh_0_3d,fresh,published date parsed; article age 0 day(s),100,fresh article or no repeat penalty,,California,matched state keyword: California,joint_venture,new_candidate,selected or retained for GP / capital review,Yes,Canyon Partners Real Estate,Martin Group; Valiance Capital,capital_event_sentence,medium,Inferred entity from source text near capital-event language.,True,unit/site count: 265-bed; execution milestone: delivers; project/asset term: development,high,Delivery / Opening,No,,,Canyon Partners Real Estate,,Martin Group,Martin Group; Valiance Capital,Canyon Partners Real Estate,Martin Group; Valiance Capital,institutional_capital,capital_markets; development_pipeline,joint_venture,delivery,none,none,none,student_housing,lender; developer,Market reference detected as California.,high,Capital event keywords detected: joint_venture. Development-stage terms detected: delivery. Primary topic set to institutional_capital; confidence high.,75,86,JV or partnership activity; development continuation,92
2026-08-11,20260811-234049-01f9b98d,2026-08-11 23:40:15,Urbanize LA,Regional / California / LA Sources,Tier 2,development_pipeline;entitlement;la_california,Other,Workforce Housing,"Mon, 10 Aug 2026 13:10:00 +0000",88,High,Must Read,Other / Unknown,Rent Growth / Demand,Track Rent / Vacancy Trend,"Track rent and vacancy conditions because the article points to demand, occupancy, rent, vacancy, or concession signals in Other / Unknown.",High relevance to US residential developer strategy,Read full article,"Included because it scored 88 and mentions apartment, apartments, asking rent, with a Rent Growth / Demand angle for a broad or unspecified market.",Rent Growth Signal,"$600; $3,500; $2,700; 110 homes; $3,500 per month","Rendering Revealed: Workforce housing at 315 N. Pasadena Ave. | Urbanize LA Skip to main content Advertisement Advertisement Plans for a new workforce housing complex at the former Roosevelt Elementary School campus in Pasadena are moving forward, with a presentation to the City's Design Commission set for August 11. The project at 315 N. Pasadena Avenue, which would be developed for Pasadena Unified employees by Education Housing Partners, calls for the construction of 110 homes - half of which","You are a strategic research analyst for Woomi / Woomi Global.
Analyze the following US multifamily housing article for developer strategy.

Article context:
- Title: Rendering Revealed: Workforce housing at 315 N. Pasadena Ave.
- Source: Urbanize LA
- URL: https://la.urbanize.city/post/rendering-revealed-workforce-housing-315-n-pasadena-ave
- Market focus: Other / Unknown
- Strategic angle: Rent Growth / Demand
- Market signal: Rent Growth Signal
- Extracted numbers: $600; $3,500; $2,700; 110 homes; $3,500 per month
- Strategic implication: Track rent and vacancy conditions because the article points to demand, occupancy, rent, vacancy, or concession signals in Other / Unknown.
- Woomi relevance: High relevance to US residential developer strategy

Please answer in concise bullet points:
1. Why does this article matter for a US multifamily developer?
2. What is the implication for Woomi / Woomi Global?
3. What risk or opportunity does this indicate?
4. What follow-up question should the strategy team ask?",90,Excellent,missing market focus,"Rule-based interpretation: Urbanize LA article 'Rendering Revealed: Workforce housing at 315 N. Pasadena Ave.' is classified as priority review for Other / Unknown. It points to general market monitoring. Treat as a briefing input, not a standalone investment conclusion; confirm with source diversity, repeat observation, and market-specific evidence.",Supply & Demand; Development Strategy,apartment; apartments; asking rent; construction; workforce housing,Rendering Revealed: Workforce housing at 315 N. Pasadena Ave.,https://la.urbanize.city/post/rendering-revealed-workforce-housing-315-n-pasadena-ave,Yes,art_9cb283c42c78be42,Los Angeles / Southern California,core_15,Workforce Housing,market data/supply-demand; rent/occupancy/absorption,개발/인허가,개발/인허가; 운영/임대; 시장 데이터,No,limited source or insufficient readable article text,Yes,No,access_limited_source,art_9cb283c42c78be42,https://la.urbanize.city/post/rendering-revealed-workforce-housing-315-n-pasadena-ave,Rendering Revealed: Workforce housing at 315 N. Pasadena Ave.,access_limited,access_limited,https://la.urbanize.city/post/rendering-revealed-workforce-housing-315-n-pasadena-ave,valid,title/source/url metadata are internally consistent,Development Activity,Market Intelligence,development_project_anchor: Project / Asset (unit/site count: 110 homes; address/street: 315 n. pasadena ave; project/asset term: project),acceptable_repeat,1,2026-08-10,2026-08-11,1,fresh_0_3d,fresh,published date parsed; article age 1 day(s),66,previously seen article; limited page access,,,"no city, state, or market keyword detected",none,not_candidate,not a GP / capital candidate,No,,,,,,True,unit/site count: 110 homes; address/street: 315 n. pasadena ave; project/asset term: project,high,Project / Asset,No,,,,,,,,,research_data,none,none,none,none,none,none,workforce_housing,developer,No specific market detected; relevance remains broad.,unknown,"Limited/paywalled article; classification is based on title, URL, source, and available lead text only. No clear rule-based event keyword was detected. Primary topic set to research_data; confidence unknown.",30,25,limited article: title/lead-based review needed; classification confidence penalty,13
2026-08-11,20260811-234049-01f9b98d,2026-08-11 23:39:53,Yield PRO,Core Multifamily News,Tier 1,lease_up_supply;national_multifamily,Other,Student Housing,"Tue, 11 Aug 2026 18:38:45 +0000",86,High,Must Read,Other / Unknown,Financing Risk; Institutional Flow,Track Financing Conditions; Track Institutional Capital Flow,"Monitor financing conditions because the article includes financing, midwest, multifamily and $16.5m, $16.5 million, which may affect construction loans, refinancing risk, and exit cap rates.",High relevance to US residential developer strategy,Read full article,"Included because it scored 86 and mentions financing, midwest, multifamily, with a Financing Risk; Institutional Flow angle for a broad or unspecified market.",Deal Size Signal,$16.5m; $16.5 million,"Deal boom Midwest-South region News Facebook Twitter Linkedin The Den at Clemson West Marcus & Millichap (NYSE: MMI) , a leading commercial real estate brokerage firm specializing in investment sales, financing, research and advisory services, announced the sale of The Den at Clemson East and The Den at Clemson West , two multifamily properties in Clemson, South Carolina for $16.5 million. “This was an excellent opportunity to acquire two assets at an attractive basis in the Clemson market,” sai","You are a strategic research analyst for Woomi / Woomi Global.
Analyze the following US multifamily housing article for developer strategy.

Article context:
- Title: Marcus & Millichap Brokers $16.5M Sale of Two Student Housing Assets in Clemson South Carolina
- Source: Yield PRO
- URL: https://yieldpro.com/2026/08/the-den-at-clemson/
- Market focus: Other / Unknown
- Strategic angle: Financing Risk; Institutional Flow
- Market signal: Deal Size Signal
- Extracted numbers: $16.5m; $16.5 million
- Strategic implication: Monitor financing conditions because the article includes financing, midwest, multifamily and $16.5m, $16.5 million, which may affect construction loans, refinancing risk, and exit cap rates.
- Woomi relevance: High relevance to US residential developer strategy

Please answer in concise bullet points:
1. Why does this article matter for a US multifamily developer?
2. What is the implication for Woomi / Woomi Global?
3. What risk or opportunity does this indicate?
4. What follow-up question should the strategy team ask?",90,Excellent,missing market focus,"Rule-based interpretation: Yield PRO article 'Marcus & Millichap Brokers $16.5M Sale of Two Student Housing Assets in Clemson South Carolina' is classified as priority review for Other / Unknown. It points to financing, refinancing, or debt-market conditions. Treat as a briefing input, not a standalone investment conclusion; confirm with source diversity, repeat observation, and market-specific evidence.",Macro & Financing; Supply & Demand; Market Players & Deals,financing; midwest; multifamily; sale; student housing,Marcus & Millichap Brokers $16.5M Sale of Two Student Housing Assets in Clemson South Carolina,https://yieldpro.com/2026/08/the-den-at-clemson/,No,art_28cd688d3b45b8c1,Other / Unknown,other,Student Housing,market data/supply-demand,거래/투자,거래/투자; 시장 데이터,No,article page appears accessible from collected text,No,No,standard,art_28cd688d3b45b8c1,https://yieldpro.com/2026/08/the-den-at-clemson/,Marcus & Millichap Brokers $16.5M Sale of Two Student Housing Assets in Clemson South Carolina,open,open,https://yieldpro.com/2026/08/the-den-at-clemson/,valid,title/source/url metadata are internally consistent,Market Intelligence,GP / Capital Activity,"market, macro, research, or supply-demand article without confirmed deal or project event",new_or_fresh,0,2026-08-11,2026-08-11,0,fresh_0_3d,fresh,published date parsed; article age 0 day(s),100,fresh article or no repeat penalty,,,"no city, state, or market keyword detected",disposition_exit,new_candidate,selected or retained for GP / capital review,Yes,Marcus & Millichap,,dictionary_match,high,"Matched known institutional / GP entity in title, summary, or source text.",False,"no identifiable project, asset, site, address, or unit-count anchor",none,,No,,,Marcus & Millichap,,,,Marcus & Millichap,,transaction_market,capital_markets,disposition,none,none,none,none,student_housing,lender; broker,No specific market detected; relevance remains broad.,low,Capital event keywords detected: disposition. Primary topic set to transaction_market; confidence low.,60,40,classification confidence penalty,40
2026-08-11,20260811-234049-01f9b98d,2026-08-11 23:40:33,Connect CRE South Florida,Site / Parcel Source Expansion,Tier 2,development_pipeline;gp_activity;sunbelt,Other,Apartment,"Wed, 29 Jul 2026 14:41:13 +0000",84,High,Review,Miami / Florida,Financing Risk,Track Financing Conditions,"Monitor financing conditions because the article includes apartment, apartments, financing and $79m, $79 million, $190 million, which may affect construction loans, refinancing risk, and exit cap rates.",Medium relevance to market monitoring,Track source for follow-up,"Included because it scored 84 and mentions apartment, apartments, financing, with a Financing Risk angle for Miami / Florida.",Rent Growth Signal,$79m; $79 million; $190 million,"Florida & Gulf Coast CRE News In Your Inbox. Sign up for Connect emails to stay informed with CRE stories that are 150 words or less. Florida & Gulf Coast + South Florida + Apartments | July 29, 2026 By: Mike Boyd Stewards Inks $79M Refi of Hollywood Rental Asset Stewards Inc. completed a $79 million refinancing of 1818 Park, its luxury multifamily residential community in downtown Hollywood, Florida. Multihousing News reports Stewards acquired 1818 Park last August for $190 million. 1818 Park i","You are a strategic research analyst for Woomi / Woomi Global.
Analyze the following US multifamily housing article for developer strategy.

Article context:
- Title: Stewards Inks $79M Refi of Hollywood Rental Asset
- Source: Connect CRE South Florida
- URL: https://www.connectcre.com/stories/stewards-inks-79m-refi-of-hollywood-rental-asset/
- Market focus: Miami / Florida
- Strategic angle: Financing Risk
- Market signal: Rent Growth Signal
- Extracted numbers: $79m; $79 million; $190 million
- Strategic implication: Monitor financing conditions because the article includes apartment, apartments, financing and $79m, $79 million, $190 million, which may affect construction loans, refinancing risk, and exit cap rates.
- Woomi relevance: Medium relevance to market monitoring

Please answer in concise bullet points:
1. Why does this article matter for a US multifamily developer?
2. What is the implication for Woomi / Woomi Global?
3. What risk or opportunity does this indicate?
4. What follow-up question should the strategy team ask?",98,Excellent,None,"Rule-based interpretation: Connect CRE South Florida article 'Stewards Inks $79M Refi of Hollywood Rental Asset' is classified as review for Miami / Florida. It points to financing, refinancing, or debt-market conditions. Treat as a briefing input, not a standalone investment conclusion; confirm with source diversity, repeat observation, and market-specific evidence.",Macro & Financing,apartment; apartments; financing; multifamily; refinancing,Stewards Inks $79M Refi of Hollywood Rental Asset,https://www.connectcre.com/stories/stewards-inks-79m-refi-of-hollywood-rental-asset/,Yes,art_21cf8122ebc8f77c,Miami / South Florida,core_15,Multifamily,delivery/completion; acquisition; financing/refinancing; rent/occupancy/absorption,제외/금융,제외/금융,Yes,article page appears accessible from collected text,Yes,No,standard,art_21cf8122ebc8f77c,https://www.connectcre.com/stories/stewards-inks-79m-refi-of-hollywood-rental-asset/,Stewards Inks $79M Refi of Hollywood Rental Asset,open,open,https://www.connectcre.com/stories/stewards-inks-79m-refi-of-hollywood-rental-asset/,valid,title/source/url metadata are internally consistent,Development Activity,GP / Capital Activity,development_project_anchor: project financing/capital event tied to project (project/asset term: community),repeat_penalized,12,2026-07-29,2026-08-11,13,recent_4_14d,recent,published date parsed; article age 13 day(s),55,previously seen article,Miami,Florida,matched city/metro keyword: Miami,refinancing,retained_repeat,selected or retained for GP / capital review,Yes,Participant not identified,,unresolved,unresolved,"No institution name detected in dictionary, title, summary, or source text.",True,project/asset term: community,medium,Project Financing / Capital Event,No,,,,,,,,,capital_markets,development_pipeline; supply_demand,refinancing; acquisition,delivery,effective_rent_growth,none,none,unknown,lender,Market reference detected as Miami / Florida.,medium,"Capital event keywords detected: refinancing, acquisition. Development-stage terms detected: delivery. Supply/demand terms detected: effective_rent_growth. Primary topic set to capital_markets; confidence medium.",90,81,institutional acquisition behavior; large-scale refinance tied to strategy,54
2026-08-11,20260811-234049-01f9b98d,2026-08-11 23:40:14,Urbanize LA,Regional / California / LA Sources,Tier 2,development_pipeline;entitlement;la_california,Other,Mixed-Use Residential,"Mon, 10 Aug 2026 13:15:00 +0000",82,High,Review,Los Angeles / California,Developer Strategy,Track Developer Strategy,"Review this as a supply risk signal because it references new deliveries, starts, pipeline, or permits in Los Angeles / California.",High relevance to US residential developer strategy,Add to weekly strategy memo,"Included because it scored 82 and mentions apartment, development, with a Developer Strategy angle for Los Angeles / California.",Supply / Starts Signal,"$10; 646 homes; 700 homes; 3,100 homes","Warner Center's beleaguered Promenade mall bites the dust | Urbanize LA Skip to main content Advertisement Advertisement In Warner Center , the long-struggling Promenade Mall has been reduced to rubble, setting the stage for the redevelopment of the property with a mixed-use complex centered around the new headquarters of the Los Angeles Rams. The Rams Village, which was announced last year, is a revision of a previously-entitled project through which former mall owner Unibail-Rodamco-Westfield ","You are a strategic research analyst for Woomi / Woomi Global.
Analyze the following US multifamily housing article for developer strategy.

Article context:
- Title: Warner Center's beleaguered Promenade mall bites the dust
- Source: Urbanize LA
- URL: https://la.urbanize.city/post/warner-centers-beleaguered-promenade-mall-bites-dust
- Market focus: Los Angeles / California
- Strategic angle: Developer Strategy
- Market signal: Supply / Starts Signal
- Extracted numbers: $10; 646 homes; 700 homes; 3,100 homes
- Strategic implication: Review this as a supply risk signal because it references new deliveries, starts, pipeline, or permits in Los Angeles / California.
- Woomi relevance: High relevance to US residential developer strategy

Please answer in concise bullet points:
1. Why does this article matter for a US multifamily developer?
2. What is the implication for Woomi / Woomi Global?
3. What risk or opportunity does this indicate?
4. What follow-up question should the strategy team ask?",98,Excellent,None,"Rule-based interpretation: Urbanize LA article 'Warner Center's beleaguered Promenade mall bites the dust' is classified as review for Los Angeles / California. It points to supply, delivery, lease-up, or absorption conditions. Treat as a briefing input, not a standalone investment conclusion; confirm with source diversity, repeat observation, and market-specific evidence.",Development Strategy,apartment; development,Warner Center's beleaguered Promenade mall bites the dust,https://la.urbanize.city/post/warner-centers-beleaguered-promenade-mall-bites-dust,Yes,art_520be30f930f78aa,Los Angeles / Southern California,core_15,Mixed-use Residential,,개발/인허가,개발/인허가; 시장 데이터,No,limited source or insufficient readable article text,Yes,No,access_limited_source,art_520be30f930f78aa,https://la.urbanize.city/post/warner-centers-beleaguered-promenade-mall-bites-dust,Warner Center's beleaguered Promenade mall bites the dust,access_limited,access_limited,https://la.urbanize.city/post/warner-centers-beleaguered-promenade-mall-bites-dust,valid,title/source/url metadata are internally consistent,Development Activity,,development milestone or entitlement signal has display priority,acceptable_repeat,1,2026-08-10,2026-08-11,1,fresh_0_3d,fresh,published date parsed; article age 1 day(s),66,previously seen article; limited page access,Los Angeles,California,matched city/metro keyword: Los Angeles,none,not_candidate,not a GP / capital candidate,No,,,,,,False,"no identifiable project, asset, site, address, or unit-count anchor",none,,No,,,,,,,,,other,none,none,none,none,none,none,unknown,developer,Market reference detected as Los Angeles / California.,unknown,"Limited/paywalled article; classification is based on title, URL, source, and available lead text only. No clear rule-based event keyword was detected. Primary topic set to other; confidence unknown.",45,28,limited article: title/lead-based review needed; classification confidence penalty,20
2026-08-11,20260811-234049-01f9b98d,2026-08-11 23:40:46,Connect CRE Orange County,Site / Parcel Source Expansion,Tier 2,development_pipeline;gp_activity,Other,Apartment,"Wed, 29 Jul 2026 21:36:05 +0000",82,High,Review,California,Institutional Flow,Track Institutional Capital Flow,"Track rent and vacancy conditions because the article points to demand, occupancy, rent, vacancy, or concession signals in California.",Medium relevance to market monitoring,Track source for follow-up,"Included because it scored 82 and mentions apartment, apartments, multifamily, with a Institutional Flow angle for California.",Rent Growth Signal,"$16.9 million; $412,195; $550,000","California CRE News In Your Inbox. Sign up for Connect emails to stay informed with CRE stories that are 150 words or less. California + Orange County + Apartments | July 29, 2026 By: Paul Bubny Costa Mesa Multifamily Changes Hands for Value-Add Repositioning Marcus & Millichap finalized the sale of 1990 Maple Ave., a 41-unit multifamily property in Costa Mesa. The property sold for $16.9 million or $412,195 per unit, approximately $550,000 above the property’s 2018 selling price. “Sundance West","You are a strategic research analyst for Woomi / Woomi Global.
Analyze the following US multifamily housing article for developer strategy.

Article context:
- Title: Costa Mesa Multifamily Changes Hands for Value-Add Repositioning
- Source: Connect CRE Orange County
- URL: https://www.connectcre.com/stories/costa-mesa-multifamily-changes-hands-for-value-add-repositioning/
- Market focus: California
- Strategic angle: Institutional Flow
- Market signal: Rent Growth Signal
- Extracted numbers: $16.9 million; $412,195; $550,000
- Strategic implication: Track rent and vacancy conditions because the article points to demand, occupancy, rent, vacancy, or concession signals in California.
- Woomi relevance: Medium relevance to market monitoring

Please answer in concise bullet points:
1. Why does this article matter for a US multifamily developer?
2. What is the implication for Woomi / Woomi Global?
3. What risk or opportunity does this indicate?
4. What follow-up question should the strategy team ask?",98,Excellent,None,"Rule-based interpretation: Connect CRE Orange County article 'Costa Mesa Multifamily Changes Hands for Value-Add Repositioning' is classified as review for California. It points to institutional capital movement or transaction activity. Treat as a briefing input, not a standalone investment conclusion; confirm with source diversity, repeat observation, and market-specific evidence.",Macro & Financing; Market Players & Deals,apartment; apartments; multifamily; sale,Costa Mesa Multifamily Changes Hands for Value-Add Repositioning,https://www.connectcre.com/stories/costa-mesa-multifamily-changes-hands-for-value-add-repositioning/,Yes,art_6595ac6c3493f1ac,Los Angeles / Southern California,core_15,Multifamily,transaction/sale; rent/occupancy/absorption,거래/투자,거래/투자; 운영/임대; 시장 데이터,No,article page appears accessible from collected text,Yes,No,standard,art_6595ac6c3493f1ac,https://www.connectcre.com/stories/costa-mesa-multifamily-changes-hands-for-value-add-repositioning/,Costa Mesa Multifamily Changes Hands for Value-Add Repositioning,open,open,https://www.connectcre.com/stories/costa-mesa-multifamily-changes-hands-for-value-add-repositioning/,valid,title/source/url metadata are internally consistent,Development Activity,GP / Capital Activity,development_project_anchor: capital event with identifiable project/asset (unit/site count: 41-unit; address/street: 1990 maple ave; project/asset term: apartments),repeat_penalized,12,2026-07-29,2026-08-11,13,recent_4_14d,recent,published date parsed; article age 13 day(s),55,previously seen article,,California,matched state keyword: California,none,not_candidate,not a GP / capital candidate,No,,,,,,True,unit/site count: 41-unit; address/street: 1990 maple ave; project/asset term: apartments,high,Project / Asset,No,,,,,,,,,transaction_market,capital_markets; development_pipeline,disposition,renovation_repositioning,effective_rent_growth,none,none,value_add,lender; broker,Market reference detected as California.,medium,Capital event keywords detected: disposition. Development-stage terms detected: renovation_repositioning. Supply/demand terms detected: effective_rent_growth. Primary topic set to transaction_market; confidence medium.,90,57,general market observation with limited strategic behavior evidence,38
2026-08-11,20260811-234049-01f9b98d,2026-08-11 23:39:54,Commercial Observer,Core Multifamily News,Tier 1,national_multifamily,Other,Multifamily,"Tue, 11 Aug 2026 18:16:18 +0000",81,High,Review,Austin / Texas,Financing Risk; Institutional Flow,Track Financing Conditions; Track Institutional Capital Flow,"Monitor financing conditions because the article includes bridge loan, debt, loan and $103m, $103 million, which may affect construction loans, refinancing risk, and exit cap rates.",High relevance to US residential developer strategy,Add to weekly strategy memo,"Included because it scored 81 and mentions bridge loan, debt, loan, with a Financing Risk; Institutional Flow angle for Austin / Texas.",Financing Cost Signal,$103m; $103 million,"Residential · Multifamily Austin Finance · Refinance Benefit Street Partners Provides $103M Bridge Debt for Texas Multifamily Portfolio The three multifamily communities sit outside San Antonio and Austin, Texas, and opened in the last three years By Brian Pascus August 11, 2026 2:16 pm reprints Greystone Capital's Drew Fletcher (top), Bryan Grover (center), and Jesse Kopecky, Vantage at McKinney Falls, Austin, Texas (top right); Vantage at Fair Oaks, Boerne, Texas (bottom center); and Vantage a","You are a strategic research analyst for Woomi / Woomi Global.
Analyze the following US multifamily housing article for developer strategy.

Article context:
- Title: Benefit Street Partners Provides $103M Bridge Debt for Texas Multifamily Portfolio
- Source: Commercial Observer
- URL: https://commercialobserver.com/2026/08/benefit-street-partners-103m-texas-multifamily-portfolio/
- Market focus: Austin / Texas
- Strategic angle: Financing Risk; Institutional Flow
- Market signal: Financing Cost Signal
- Extracted numbers: $103m; $103 million
- Strategic implication: Monitor financing conditions because the article includes bridge loan, debt, loan and $103m, $103 million, which may affect construction loans, refinancing risk, and exit cap rates.
- Woomi relevance: High relevance to US residential developer strategy

Please answer in concise bullet points:
1. Why does this article matter for a US multifamily developer?
2. What is the implication for Woomi / Woomi Global?
3. What risk or opportunity does this indicate?
4. What follow-up question should the strategy team ask?",98,Excellent,None,"Rule-based interpretation: Commercial Observer article 'Benefit Street Partners Provides $103M Bridge Debt for Texas Multifamily Portfolio' is classified as review for Austin / Texas. It points to financing, refinancing, or debt-market conditions. Treat as a briefing input, not a standalone investment conclusion; confirm with source diversity, repeat observation, and market-specific evidence.",Macro & Financing,bridge loan; debt; loan; multifamily,Benefit Street Partners Provides $103M Bridge Debt for Texas Multifamily Portfolio,https://commercialobserver.com/2026/08/benefit-street-partners-103m-texas-multifamily-portfolio/,No,art_a2b3009fca06ec09,Austin,core_15,Multifamily,financing/refinancing,제외/금융,제외/금융,Yes,article page appears accessible from collected text,Yes,No,standard,art_a2b3009fca06ec09,https://commercialobserver.com/2026/08/benefit-street-partners-103m-texas-multifamily-portfolio/,Benefit Street Partners Provides $103M Bridge Debt for Texas Multifamily Portfolio,open,open,https://commercialobserver.com/2026/08/benefit-street-partners-103m-texas-multifamily-portfolio/,valid,title/source/url metadata are internally consistent,Development Activity,GP / Capital Activity,development_project_anchor: project financing/capital event tied to project (execution milestone: opened),new_or_fresh,0,2026-08-11,2026-08-11,0,fresh_0_3d,fresh,published date parsed; article age 0 day(s),100,fresh article or no repeat penalty,Austin,Texas,matched city/metro keyword: Austin,refinancing,new_candidate,selected or retained for GP / capital review,Yes,Benefit Street Partners,Greystone; Texas Multifamily Portfolio Residential; Refinance Benefit Street Partners,dictionary_match,high,"Matched known institutional / GP entity in title, summary, or source text.",True,execution milestone: opened,medium,Delivery / Opening,No,,,Benefit Street Partners,Benefit Street Partners,Greystone,Greystone; Texas Multifamily Portfolio Residential; Refinance Benefit Street Partners,Benefit Street Partners,Greystone; Texas Multifamily Portfolio Residential; Refinance Benefit Street Partners,capital_markets,development_pipeline; institutional_capital,refinancing; bridge_loan,delivery,none,lender_activity,bridge_loan,unknown,lender,Market reference detected as Austin / Texas.,high,"Capital event keywords detected: refinancing, bridge_loan. Financing type keywords detected: bridge_loan. Development-stage terms detected: delivery. Institutional activity terms detected: lender_activity. Primary topic set to capital_markets; confidence high.",100,84,institutional acquisition behavior; large-scale refinance tied to strategy,82
2026-08-11,20260811-234049-01f9b98d,2026-08-11 23:39:55,Connect CRE,Core Multifamily News,Tier 1,development_pipeline;gp_activity;national_multifamily,Other,Affordable Housing,"Tue, 11 Aug 2026 21:39:32 +0000",80,High,Review,New York City / New York,Financing Risk,Track Financing Conditions,"Monitor financing conditions because the article includes apartment, apartments, financing and $176m, $175.6 million, which may affect construction loans, refinancing risk, and exit cap rates.",Medium relevance to market monitoring,Track source for follow-up,"Included because it scored 80 and mentions apartment, apartments, financing, with a Financing Risk angle for New York City / New York.",Rent Growth Signal,$176m; $175.6 million,"New York & Tri-State CRE News In Your Inbox. Sign up for Connect emails to stay informed with CRE stories that are 150 words or less. New York & Tri-State + Outer Boroughs + Apartments | August 11, 2026 By: Paul Bubny Domain Lines Up $176M Financing for Mixed-Income Astoria Rentals The Domain Companies has closed on $175.6 million in financing with Wells Fargo for a new mixed-income housing project called Elara, which will deliver 429 new apartments in Astoria, Queens. Domain’s equity partners o","You are a strategic research analyst for Woomi / Woomi Global.
Analyze the following US multifamily housing article for developer strategy.

Article context:
- Title: Domain Lines Up $176M Financing for Mixed-Income Astoria Rentals
- Source: Connect CRE
- URL: https://www.connectcre.com/stories/domain-lines-up-176m-financing-for-mixed-income-astoria-rentals/
- Market focus: New York City / New York
- Strategic angle: Financing Risk
- Market signal: Rent Growth Signal
- Extracted numbers: $176m; $175.6 million
- Strategic implication: Monitor financing conditions because the article includes apartment, apartments, financing and $176m, $175.6 million, which may affect construction loans, refinancing risk, and exit cap rates.
- Woomi relevance: Medium relevance to market monitoring

Please answer in concise bullet points:
1. Why does this article matter for a US multifamily developer?
2. What is the implication for Woomi / Woomi Global?
3. What risk or opportunity does this indicate?
4. What follow-up question should the strategy team ask?",98,Excellent,None,"Rule-based interpretation: Connect CRE article 'Domain Lines Up $176M Financing for Mixed-Income Astoria Rentals' is classified as review for New York City / New York. It points to financing, refinancing, or debt-market conditions. Treat as a briefing input, not a standalone investment conclusion; confirm with source diversity, repeat observation, and market-specific evidence.",Macro & Financing,apartment; apartments; financing,Domain Lines Up $176M Financing for Mixed-Income Astoria Rentals,https://www.connectcre.com/stories/domain-lines-up-176m-financing-for-mixed-income-astoria-rentals/,No,art_47edcb1e3267333e,New York / Northern New Jersey,core_15,Affordable Housing,rent/occupancy/absorption,개발/인허가,개발/인허가; 운영/임대; 시장 데이터,No,article page appears accessible from collected text,Yes,No,standard,art_47edcb1e3267333e,https://www.connectcre.com/stories/domain-lines-up-176m-financing-for-mixed-income-astoria-rentals/,Domain Lines Up $176M Financing for Mixed-Income Astoria Rentals,open,open,https://www.connectcre.com/stories/domain-lines-up-176m-financing-for-mixed-income-astoria-rentals/,valid,title/source/url metadata are internally consistent,GP / Capital Activity,Market Intelligence,"property-level financing, lender, refinancing, or recapitalization signal detected",new_or_fresh,0,2026-08-11,2026-08-11,0,fresh_0_3d,fresh,published date parsed; article age 0 day(s),100,fresh article or no repeat penalty,New York City,New York,matched city/metro keyword: New York City,debt_financing,new_candidate,selected or retained for GP / capital review,Yes,Mixed-Income Astoria Rentals The Domain Companies,,capital_event_sentence,medium,Inferred entity from source text near capital-event language.,False,"no identifiable project, asset, site, address, or unit-count anchor",none,,No,,,Mixed-Income Astoria Rentals The Domain Companies,Mixed-Income Astoria Rentals The Domain Companies,,,Mixed-Income Astoria Rentals The Domain Companies,,supply_demand,none,none,none,effective_rent_growth,none,none,unknown,lender,Market reference detected as New York City / New York.,low,Supply/demand terms detected: effective_rent_growth. Primary topic set to supply_demand; confidence low.,60,40,classification confidence penalty,36
2026-08-11,20260811-234049-01f9b98d,2026-08-11 23:40:16,Urbanize LA,Regional / California / LA Sources,Tier 2,development_pipeline;entitlement;la_california,Other,Apartment,"Sat, 08 Aug 2026 13:15:00 +0000",78,Medium,Review,Los Angeles / California,Rent Growth / Demand; Institutional Flow,Track Rent / Vacancy Trend; Track Institutional Capital Flow,"Track rent and vacancy conditions because the article points to demand, occupancy, rent, vacancy, or concession signals in Los Angeles / California.",Medium relevance to market monitoring,Track source for follow-up,"Included because it scored 78 and mentions apartment, apartments, with a Rent Growth / Demand; Institutional Flow angle for Los Angeles / California.",Rent Growth Signal,57%; $600; $50m,"OCTA coastal resiliency, L.A.'s 20,000 vacant lots, and more | Urbanize LA Skip to main content Advertisement Advertisement OCTA is holding two public meetings for its Coastal Rail Resiliency Study, which will develop strategies to protect the seven miles of coastal railway running between Dana Point and San Clemente to the San Diego County over the next 30 years. The completed study is to be presented to OCTA's board in Fall 2026. The Pacific Surfliner in San Clemente Wikimedia Commons If inter","You are a strategic research analyst for Woomi / Woomi Global.
Analyze the following US multifamily housing article for developer strategy.

Article context:
- Title: OCTA coastal resiliency, L.A.'s 20,000 vacant lots, and more
- Source: Urbanize LA
- URL: https://la.urbanize.city/post/octa-coastal-resiliency-las-20000-vacant-lots-and-more
- Market focus: Los Angeles / California
- Strategic angle: Rent Growth / Demand; Institutional Flow
- Market signal: Rent Growth Signal
- Extracted numbers: 57%; $600; $50m
- Strategic implication: Track rent and vacancy conditions because the article points to demand, occupancy, rent, vacancy, or concession signals in Los Angeles / California.
- Woomi relevance: Medium relevance to market monitoring

Please answer in concise bullet points:
1. Why does this article matter for a US multifamily developer?
2. What is the implication for Woomi / Woomi Global?
3. What risk or opportunity does this indicate?
4. What follow-up question should the strategy team ask?",98,Excellent,None,"Rule-based interpretation: Urbanize LA article 'OCTA coastal resiliency, L.A.'s 20,000 vacant lots, and more' is classified as review for Los Angeles / California. It points to institutional capital movement or transaction activity. Treat as a briefing input, not a standalone investment conclusion; confirm with source diversity, repeat observation, and market-specific evidence.",,apartment; apartments,"OCTA coastal resiliency, L.A.'s 20,000 vacant lots, and more",https://la.urbanize.city/post/octa-coastal-resiliency-las-20000-vacant-lots-and-more,Yes,art_dd8b6d32ee24b6d3,Los Angeles / Southern California,core_15,Multifamily,delivery/completion; market data/supply-demand; rent/occupancy/absorption,개발/인허가,개발/인허가; 운영/임대; 시장 데이터,No,limited source or insufficient readable article text,Yes,No,access_limited_source,art_dd8b6d32ee24b6d3,https://la.urbanize.city/post/octa-coastal-resiliency-las-20000-vacant-lots-and-more,"OCTA coastal resiliency, L.A.'s 20,000 vacant lots, and more",access_limited,access_limited,https://la.urbanize.city/post/octa-coastal-resiliency-las-20000-vacant-lots-and-more,valid,title/source/url metadata are internally consistent,Development Activity,Market Intelligence,development_project_anchor: Project / Asset (project/asset term: apartments),repeat_penalized,3,2026-08-08,2026-08-11,3,fresh_0_3d,fresh,published date parsed; article age 3 day(s),58,previously seen article; limited page access,,,used broad market bucket: Los Angeles / California,none,not_candidate,not a GP / capital candidate,No,,,,,,True,project/asset term: apartments,medium,Project / Asset,No,,,,,,,,,supply_demand,none,none,none,vacancy,none,none,unknown,unknown,Market reference detected as Los Angeles / California.,low,"Limited/paywalled article; classification is based on title, URL, source, and available lead text only. Supply/demand terms detected: vacancy. Primary topic set to supply_demand; confidence low.",35,26,limited article: title/lead-based review needed; classification confidence penalty,0
2026-08-11,20260811-234049-01f9b98d,2026-08-11 23:40:28,Connect CRE South Florida,Site / Parcel Source Expansion,Tier 2,development_pipeline;gp_activity;sunbelt,Other,Apartment,"Tue, 04 Aug 2026 13:51:08 +0000",78,Medium,Review,Miami / Florida,Institutional Flow,Track Institutional Capital Flow,"Review this as a supply risk signal because it references new deliveries, starts, pipeline, or permits in Miami / Florida.",High relevance to US residential developer strategy,Add to weekly strategy memo,"Included because it scored 78 and mentions apartment, apartments, sale, with a Institutional Flow angle for Miami / Florida.",Supply / Starts Signal,$90.5 million,"Florida & Gulf Coast CRE News In Your Inbox. Sign up for Connect emails to stay informed with CRE stories that are 150 words or less. Florida & Gulf Coast + South Florida + Apartments | August 4, 2026 By: Mike Boyd W. Palm Beach Investor Buys Condo Property, Converting to Apartment Units Kamson Corp. paid $90.5 million for a 400-unit condominium complex in West Palm Beach, with plans to convert the units into apartments. An Institutional Property Advisors team consisting of Luke Wickham, Shelton","You are a strategic research analyst for Woomi / Woomi Global.
Analyze the following US multifamily housing article for developer strategy.

Article context:
- Title: W. Palm Beach Investor Buys Condo Property, Converting to Apartment Units
- Source: Connect CRE South Florida
- URL: https://www.connectcre.com/stories/w-palm-beach-investor-buys-condo-property-converting-to-apartment-units/
- Market focus: Miami / Florida
- Strategic angle: Institutional Flow
- Market signal: Supply / Starts Signal
- Extracted numbers: $90.5 million
- Strategic implication: Review this as a supply risk signal because it references new deliveries, starts, pipeline, or permits in Miami / Florida.
- Woomi relevance: High relevance to US residential developer strategy

Please answer in concise bullet points:
1. Why does this article matter for a US multifamily developer?
2. What is the implication for Woomi / Woomi Global?
3. What risk or opportunity does this indicate?
4. What follow-up question should the strategy team ask?",98,Excellent,None,"Rule-based interpretation: Connect CRE South Florida article 'W. Palm Beach Investor Buys Condo Property, Converting to Apartment Units' is classified as review for Miami / Florida. It points to supply, delivery, lease-up, or absorption conditions. Treat as a briefing input, not a standalone investment conclusion; confirm with source diversity, repeat observation, and market-specific evidence.",Macro & Financing; Market Players & Deals,apartment; apartments; sale,"W. Palm Beach Investor Buys Condo Property, Converting to Apartment Units",https://www.connectcre.com/stories/w-palm-beach-investor-buys-condo-property-converting-to-apartment-units/,Yes,art_c7b06e9babe83951,Miami / South Florida,core_15,Multifamily,acquisition,개발/인허가,개발/인허가; 거래/투자; 시장 데이터,No,article page appears accessible from collected text,Yes,No,standard,art_c7b06e9babe83951,https://www.connectcre.com/stories/w-palm-beach-investor-buys-condo-property-converting-to-apartment-units/,"W. Palm Beach Investor Buys Condo Property, Converting to Apartment Units",open,open,https://www.connectcre.com/stories/w-palm-beach-investor-buys-condo-property-converting-to-apartment-units/,valid,title/source/url metadata are internally consistent,Development Activity,GP / Capital Activity,development_project_anchor: capital event with identifiable project/asset (unit/site count: 400-unit; project/asset term: apartments),repeat_penalized,6,2026-08-04,2026-08-11,7,fresh_0_3d,fresh,published date parsed; article age 7 day(s),58,previously seen article,Miami,Florida,matched city/metro keyword: Miami,disposition_exit,repeat_penalized,repeat exposure penalty; development article without confirmed capital event,No,IPA,Institutional Property Advisors,dictionary_match,high,"Matched known institutional / GP entity in title, summary, or source text.",True,unit/site count: 400-unit; project/asset term: apartments,high,Project / Asset,No,,,IPA,,Institutional Property Advisors,Institutional Property Advisors,IPA,Institutional Property Advisors,transaction_market,capital_markets,acquisition,none,none,none,none,unknown,lender; investor,Market reference detected as Miami / Florida.,low,Capital event keywords detected: acquisition. Primary topic set to transaction_market; confidence low.,75,58,institutional acquisition behavior; classification confidence penalty,33
2026-08-11,20260811-234049-01f9b98d,2026-08-11 23:40:38,Connect CRE Phoenix,Site / Parcel Source Expansion,Tier 2,development_pipeline;gp_activity;sunbelt,Other,Apartment,"Thu, 06 Aug 2026 16:40:03 +0000",77,Medium,Review,Phoenix / Arizona,Institutional Flow,Track Institutional Capital Flow,"Track rent and vacancy conditions because the article points to demand, occupancy, rent, vacancy, or concession signals in Phoenix / Arizona.",Medium relevance to market monitoring,Track source for follow-up,"Included because it scored 77 and mentions acquisition, apartment, apartments, with a Institutional Flow angle for Phoenix / Arizona.",Rent Growth Signal,$42m; $42 million; 186 units,"Phoenix & Southwest CRE News In Your Inbox. Sign up for Connect emails to stay informed with CRE stories that are 150 words or less. Phoenix & Southwest + Phoenix + Apartments | August 6, 2026 By: Mike Boyd Rockwell Pays $42M for 182-Unit Scottsdale Rental Community Rockwell Property Company purchased the Hayden Park, a 182-unit apartment community at 3015 North Hayden Road in Scottsdale, Arizona, for $42 million. It’s just outside of Old Town Scottsdale. The Hayden Park purchase marks Rockwell’","You are a strategic research analyst for Woomi / Woomi Global.
Analyze the following US multifamily housing article for developer strategy.

Article context:
- Title: Rockwell Pays $42M for 182-Unit Scottsdale Rental Community
- Source: Connect CRE Phoenix
- URL: https://www.connectcre.com/stories/hayden-pays-42m-for-182-unit-scottsdale-rental-community/
- Market focus: Phoenix / Arizona
- Strategic angle: Institutional Flow
- Market signal: Rent Growth Signal
- Extracted numbers: $42m; $42 million; 186 units
- Strategic implication: Track rent and vacancy conditions because the article points to demand, occupancy, rent, vacancy, or concession signals in Phoenix / Arizona.
- Woomi relevance: Medium relevance to market monitoring

Please answer in concise bullet points:
1. Why does this article matter for a US multifamily developer?
2. What is the implication for Woomi / Woomi Global?
3. What risk or opportunity does this indicate?
4. What follow-up question should the strategy team ask?",98,Excellent,None,"Rule-based interpretation: Connect CRE Phoenix article 'Rockwell Pays $42M for 182-Unit Scottsdale Rental Community' is classified as review for Phoenix / Arizona. It points to institutional capital movement or transaction activity. Treat as a briefing input, not a standalone investment conclusion; confirm with source diversity, repeat observation, and market-specific evidence.",Macro & Financing; Market Players & Deals,acquisition; apartment; apartments,Rockwell Pays $42M for 182-Unit Scottsdale Rental Community,https://www.connectcre.com/stories/hayden-pays-42m-for-182-unit-scottsdale-rental-community/,Yes,art_a20a2a8bb86182ac,Phoenix,core_15,Multifamily,acquisition; rent/occupancy/absorption,거래/투자,거래/투자; 운영/임대; 시장 데이터,No,article page appears accessible from collected text,Yes,No,standard,art_a20a2a8bb86182ac,https://www.connectcre.com/stories/hayden-pays-42m-for-182-unit-scottsdale-rental-community/,Rockwell Pays $42M for 182-Unit Scottsdale Rental Community,open,open,https://www.connectcre.com/stories/hayden-pays-42m-for-182-unit-scottsdale-rental-community/,valid,title/source/url metadata are internally consistent,Development Activity,GP / Capital Activity,development_project_anchor: capital event with identifiable project/asset (unit/site count: 182-unit; address/street: 3015 north hayden road; project/asset term: community),acceptable_repeat,4,2026-08-06,2026-08-11,5,fresh_0_3d,fresh,published date parsed; article age 5 day(s),66,previously seen article,Phoenix,Arizona,matched city/metro keyword: Phoenix,acquisition,repeated_but_retained,selected or retained for GP / capital review,Yes,Participant not identified,,unresolved,unresolved,"No institution name detected in dictionary, title, summary, or source text.",True,unit/site count: 182-unit; address/street: 3015 north hayden road; project/asset term: community,high,Project / Asset,No,,,,,,,,,transaction_market,capital_markets; supply_demand,acquisition,none,effective_rent_growth,gp_acquisition,none,unknown,lender,Market reference detected as Phoenix / Arizona.,medium,Capital event keywords detected: acquisition. Supply/demand terms detected: effective_rent_growth. Institutional activity terms detected: gp_acquisition. Primary topic set to transaction_market; confidence medium.,85,70,institutional acquisition behavior,68
2026-08-11,20260811-234049-01f9b98d,2026-08-11 23:39:55,Commercial Observer,Core Multifamily News,Tier 1,national_multifamily,Other,Apartment,"Tue, 11 Aug 2026 14:13:14 +0000",73,Medium,Review,National,Financing Risk,Track Financing Conditions,"Monitor financing conditions because the article includes apartment, financing, multifamily and $25m, $25 million, $22.5 million, which may affect construction loans, refinancing risk, and exit cap rates.",Medium relevance to market monitoring,Track source for follow-up,"Included because it scored 73 and mentions apartment, financing, multifamily, with a Financing Risk angle for National.",Rent Growth Signal,$25m; $25 million; $22.5 million,"Residential · Multifamily National Technology ApartmentIQ Secures $25M Follow-On Funding Round Backing comes as the multifamily data platform passes 8 million customer units By Philip Russo August 11, 2026 10:13 am reprints An apartment for rent sign. PHOTO: Paige Taylor White/Toronto Star via Getty Images Multifamily data company ApartmentIQ announced Tuesday that it has secured a $25 million follow-on funding round. Susquehanna Growth Equity (SGE) funded the follow-on after leading ApartmentIQ","You are a strategic research analyst for Woomi / Woomi Global.
Analyze the following US multifamily housing article for developer strategy.

Article context:
- Title: ApartmentIQ Secures $25M Follow-On Funding Round
- Source: Commercial Observer
- URL: https://commercialobserver.com/2026/08/apartmentiq-follow-on-funding-round/
- Market focus: National
- Strategic angle: Financing Risk
- Market signal: Rent Growth Signal
- Extracted numbers: $25m; $25 million; $22.5 million
- Strategic implication: Monitor financing conditions because the article includes apartment, financing, multifamily and $25m, $25 million, $22.5 million, which may affect construction loans, refinancing risk, and exit cap rates.
- Woomi relevance: Medium relevance to market monitoring

Please answer in concise bullet points:
1. Why does this article matter for a US multifamily developer?
2. What is the implication for Woomi / Woomi Global?
3. What risk or opportunity does this indicate?
4. What follow-up question should the strategy team ask?",98,Excellent,None,"Rule-based interpretation: Commercial Observer article 'ApartmentIQ Secures $25M Follow-On Funding Round' is classified as review for National. It points to financing, refinancing, or debt-market conditions. Treat as a briefing input, not a standalone investment conclusion; confirm with source diversity, repeat observation, and market-specific evidence.",Macro & Financing,apartment; financing; multifamily,ApartmentIQ Secures $25M Follow-On Funding Round,https://commercialobserver.com/2026/08/apartmentiq-follow-on-funding-round/,No,art_1887a1f5fa37cfad,Other / Unknown,other,Multifamily,rent/occupancy/absorption,운영/임대,운영/임대; 시장 데이터,No,article page appears accessible from collected text,No,No,standard,art_1887a1f5fa37cfad,https://commercialobserver.com/2026/08/apartmentiq-follow-on-funding-round/,ApartmentIQ Secures $25M Follow-On Funding Round,open,open,https://commercialobserver.com/2026/08/apartmentiq-follow-on-funding-round/,valid,title/source/url metadata are internally consistent,GP / Capital Activity,Market Intelligence,"capital event, financing, transaction, or sponsor activity detected",new_or_fresh,0,2026-08-11,2026-08-11,0,fresh_0_3d,fresh,published date parsed; article age 0 day(s),100,fresh article or no repeat penalty,,,used broad market bucket: National,platform_expansion,new_candidate,selected or retained for GP / capital review,Yes,Participant not identified,,unresolved,unresolved,"No institution name detected in dictionary, title, summary, or source text.",False,"no identifiable project, asset, site, address, or unit-count anchor",none,,No,,,,,,,,,supply_demand,none,none,none,effective_rent_growth,none,none,unknown,lender,Market reference detected as National.,low,Supply/demand terms detected: effective_rent_growth. Primary topic set to supply_demand; confidence low.,60,58,platform or fund activity; classification confidence penalty,54
2026-08-11,20260811-234049-01f9b98d,2026-08-11 23:40:20,REBusiness Online,Site / Parcel Source Expansion,Tier 2,development_pipeline;gp_activity,Other,Multifamily,2026-08-11T13:22:26Z,72,Medium,Review,Nevada,Financing Risk,Track Financing Conditions,"Monitor financing conditions because the article includes fannie mae, financing, loan and $33.5m, $33.5 million, which may affect construction loans, refinancing risk, and exit cap rates.",High relevance to US residential developer strategy,Add to weekly strategy memo,"Included because it scored 72 and mentions fannie mae, financing, loan, with a Financing Risk angle for Nevada.",Supply / Starts Signal,$33.5m; $33.5 million,"Campbell, Calif.-based Elan Multifamily Investments has obtained a $33.5 million refinancing loan for Ascent on Steamboat in Reno, Nev. Loans Multifamily Nevada Western Newmark Provides $33.5M Agency Loan for Refinancing of Reno Multifamily Property by Amy Works August 11, 2026 August 11, 2026 8 RENO, NEV. — Newmark has provided a $33.5 million Fannie Mae loan for the refinancing of Ascent on Steamboat, a 204-unit community in Reno that is owned by Elan Multifamily Investments. Newmark’s Lowell ","You are a strategic research analyst for Woomi / Woomi Global.
Analyze the following US multifamily housing article for developer strategy.

Article context:
- Title: Newmark Arranges $33.5M Agency Loan for Refinancing of Reno Multifamily Property
- Source: REBusiness Online
- URL: https://rebusinessonline.com/newmark-arranges-33-5m-agency-loan-for-refinancing-of-reno-multifamily-property/
- Market focus: Nevada
- Strategic angle: Financing Risk
- Market signal: Supply / Starts Signal
- Extracted numbers: $33.5m; $33.5 million
- Strategic implication: Monitor financing conditions because the article includes fannie mae, financing, loan and $33.5m, $33.5 million, which may affect construction loans, refinancing risk, and exit cap rates.
- Woomi relevance: High relevance to US residential developer strategy

Please answer in concise bullet points:
1. Why does this article matter for a US multifamily developer?
2. What is the implication for Woomi / Woomi Global?
3. What risk or opportunity does this indicate?
4. What follow-up question should the strategy team ask?",98,Excellent,None,"Rule-based interpretation: REBusiness Online article 'Newmark Arranges $33.5M Agency Loan for Refinancing of Reno Multifamily Property' is classified as review for Nevada. It points to financing, refinancing, or debt-market conditions. Treat as a briefing input, not a standalone investment conclusion; confirm with source diversity, repeat observation, and market-specific evidence.",Macro & Financing,fannie mae; financing; loan; multifamily; refinancing,Newmark Arranges $33.5M Agency Loan for Refinancing of Reno Multifamily Property,https://rebusinessonline.com/newmark-arranges-33-5m-agency-loan-for-refinancing-of-reno-multifamily-property/,No,art_a516f076d60ba52e,Nevada,other,Multifamily,financing/refinancing,제외/금융,제외/금융,Yes,article page appears accessible from collected text,No,No,standard,art_a516f076d60ba52e,https://rebusinessonline.com/newmark-arranges-33-5m-agency-loan-for-refinancing-of-reno-multifamily-property/,Newmark Arranges $33.5M Agency Loan for Refinancing of Reno Multifamily Property,open,open,https://rebusinessonline.com/newmark-arranges-33-5m-agency-loan-for-refinancing-of-reno-multifamily-property/,valid,title/source/url metadata are internally consistent,Development Activity,GP / Capital Activity,development_project_anchor: project financing/capital event tied to project (unit/site count: 204-unit; project/asset term: community),new_or_fresh,0,2026-08-11,2026-08-11,0,fresh_0_3d,fresh,published date parsed; article age 0 day(s),100,fresh article or no repeat penalty,,Nevada,matched state keyword: Nevada,refinancing,new_candidate,selected or retained for GP / capital review,Yes,Fannie Mae,Calif.-based Elan Multifamily Investments; Elan Multifamily Investments,dictionary_match,high,"Matched known institutional / GP entity in title, summary, or source text.",True,unit/site count: 204-unit; project/asset term: community,high,Project Financing / Capital Event,No,,,Fannie Mae,Fannie Mae,Calif.-based Elan Multifamily Investments,Calif.-based Elan Multifamily Investments; Elan Multifamily Investments,Fannie Mae,Calif.-based Elan Multifamily Investments; Elan Multifamily Investments,capital_markets,institutional_capital,refinancing,none,none,lender_activity,agency_debt,unknown,lender,Market reference detected as Nevada.,medium,Capital event keywords detected: refinancing. Financing type keywords detected: agency_debt. Institutional activity terms detected: lender_activity. Primary topic set to capital_markets; confidence medium.,85,66,large-scale refinance tied to strategy,64
2026-08-11,20260811-234049-01f9b98d,2026-08-11 23:39:48,Multifamily Dive,Core Multifamily News,Tier 1,national_multifamily,Other,Multifamily,"Thu, 06 Aug 2026 13:08:54 -0400",64,Medium,Monitor,Atlanta / Georgia,Institutional Flow,Track Institutional Capital Flow,"Track this as institutional capital flow because it mentions major capital players, portfolio transactions, deal size, or cap-rate signals.",High relevance to US residential developer strategy,Add to weekly strategy memo,"Included because it scored 64 and mentions acquisition, multifamily, with a Institutional Flow angle for Atlanta / Georgia.",Deal Size Signal,$29.5m,"An article from Matt Ferrari’s PXV Multifamily makes first acquisition for $29.5M The 216-unit Village on the Green property in Atlanta was the first deal the new company analyzed, the firm’s founder tells Multifamily Dive. Published Aug. 6, 2026 Leslie Shaver Senior Reporter Share Copy link Email LinkedIn X/Twitter Facebook Print License Add us on Google The Grove at Ben Hill in Atlanta. Permission granted by PXV Multifamily Property: Village on the Green Buyer: PXV Multifamily Seller: Withheld","You are a strategic research analyst for Woomi / Woomi Global.
Analyze the following US multifamily housing article for developer strategy.

Article context:
- Title: Matt Ferrari’s PXV Multifamily makes first acquisition for $29.5M
- Source: Multifamily Dive
- URL: https://www.multifamilydive.com/news/multiifamily-investment-strategy-value-add-apartments/827238/
- Market focus: Atlanta / Georgia
- Strategic angle: Institutional Flow
- Market signal: Deal Size Signal
- Extracted numbers: $29.5m
- Strategic implication: Track this as institutional capital flow because it mentions major capital players, portfolio transactions, deal size, or cap-rate signals.
- Woomi relevance: High relevance to US residential developer strategy

Please answer in concise bullet points:
1. Why does this article matter for a US multifamily developer?
2. What is the implication for Woomi / Woomi Global?
3. What risk or opportunity does this indicate?
4. What follow-up question should the strategy team ask?",98,Excellent,None,"Rule-based interpretation: Multifamily Dive article 'Matt Ferrari’s PXV Multifamily makes first acquisition for $29.5M' is classified as watch only for Atlanta / Georgia. It points to institutional capital movement or transaction activity. Treat as a briefing input, not a standalone investment conclusion; confirm with source diversity, repeat observation, and market-specific evidence.",Macro & Financing; Market Players & Deals,acquisition; multifamily,Matt Ferrari’s PXV Multifamily makes first acquisition for $29.5M,https://www.multifamilydive.com/news/multiifamily-investment-strategy-value-add-apartments/827238/,Yes,art_62e68a7df923ee2e,Atlanta,core_15,Multifamily,,거래/투자,거래/투자; 시장 데이터,No,article page appears accessible from collected text,Yes,No,standard,art_62e68a7df923ee2e,https://www.multifamilydive.com/news/multiifamily-investment-strategy-value-add-apartments/827238/,Matt Ferrari’s PXV Multifamily makes first acquisition for $29.5M,open,open,https://www.multifamilydive.com/news/multiifamily-investment-strategy-value-add-apartments/827238/,valid,title/source/url metadata are internally consistent,Development Activity,GP / Capital Activity,development_project_anchor: capital event with identifiable project/asset (unit/site count: 216-unit; project/asset term: multifamily property),acceptable_repeat,4,2026-08-06,2026-08-11,5,fresh_0_3d,fresh,published date parsed; article age 5 day(s),66,previously seen article,Atlanta,Georgia,matched city/metro keyword: Atlanta,acquisition,repeated_but_retained,selected or retained for GP / capital review,Yes,Participant not identified,,unresolved,unresolved,"No institution name detected in dictionary, title, summary, or source text.",True,unit/site count: 216-unit; project/asset term: multifamily property,high,Project / Asset,No,,,,,,,,,transaction_market,capital_markets; institutional_capital,acquisition,none,none,gp_acquisition,public_subsidy,unknown,lender,Market reference detected as Atlanta / Georgia.,medium,Capital event keywords detected: acquisition. Financing type keywords detected: public_subsidy. Institutional activity terms detected: gp_acquisition. Primary topic set to transaction_market; confidence medium.,85,70,institutional acquisition behavior,68
