run_date,run_id,collected_at,source,source_category,source_tier,coverage_focus,platform_type,residential_sector,published,relevance_score,priority,action_level,market_focus,strategic_angle,decision_use,strategic_implication,woomi_relevance,recommended_next_step,reason_for_inclusion,market_signal,extracted_numbers,article_text_sample,llm_analysis_prompt,llm_prompt_quality_score,llm_prompt_quality_label,missing_prompt_context,gpt_strategic_analysis,topics,matched_keywords,title,url,previously_seen_article,article_id,canonical_market,market_tier,normalized_sector,event_tags,display_category,category_tags,exclude_from_feed,access_limited_reason,is_core_market,is_watchlist_market,source_reliability_status,canonical_article_id,source_page_url,extracted_article_title,access_status,content_access_status,original_url,article_integrity_status,article_integrity_reason,primary_display_section,secondary_display_sections,section_routing_reason,repeat_exposure_status,days_since_first_seen,published_date_normalized,collected_date_normalized,article_age_days,freshness_bucket,freshness_status,freshness_reason,freshness_score,repeat_penalty_reason,extracted_city,extracted_state,extracted_market_reason,gp_capital_activity_type,gp_capital_repeat_status,gp_capital_exclusion_reason,gp_capital_selected_flag,lead_entity,counterparties,entity_extraction_method,entity_extraction_confidence,entity_extraction_reason,has_project_anchor,project_anchor_reason,project_anchor_confidence,development_lifecycle_hint,rent_demand_flag,rent_demand_type,rent_demand_reason,gp_or_developer,lender_or_capital_partner,capital_provider,institutional_partner,lead_sponsor,jv_partner,primary_topic,secondary_topic,capital_event_type,development_stage,supply_demand_signal,institutional_activity_type,financing_type,asset_strategy,entity_role,market_relevance_reason,classification_confidence,classification_reason,article_richness_score,strategic_relevance_score,strategic_relevance_reason,representative_evidence_score
2026-08-21,20260821-232352-ea0d6aef,2026-08-21 23:23:12,Connect CRE,Core Multifamily News,Tier 1,development_pipeline;gp_activity;national_multifamily,Other,Apartment,"Fri, 21 Aug 2026 21:20:31 +0000",86,High,Must Read,California,Institutional Flow,Track Institutional Capital Flow,"Track this as institutional capital flow because it mentions major capital players, portfolio transactions, deal size, or cap-rate signals.",High relevance to US residential developer strategy,Read full article,"Included because it scored 86 and mentions apartment, apartments, joint venture, with a Institutional Flow angle for California.",No Clear Numeric Signal,,"California CRE News In Your Inbox. Sign up for Connect emails to stay informed with CRE stories that are 150 words or less. California + San Diego + Apartments | August 21, 2026 By: Paul Bubny Brixton Capital Launches Multifamily Investment-Management Platform Brixton Capital’s Residential division has launched an integrated multifamily investment-management initiative designed to help institutional investors, family offices, lenders, joint venture partners and other owners improve the performan","You are a strategic research analyst for Woomi / Woomi Global.
Analyze the following US multifamily housing article for developer strategy.

Article context:
- Title: Brixton Capital Launches Multifamily Investment-Management Platform
- Source: Connect CRE
- URL: https://www.connectcre.com/stories/brixton-capital-launches-multifamily-investment-management-platform/
- Market focus: California
- Strategic angle: Institutional Flow
- Market signal: No Clear Numeric Signal
- Extracted numbers: None detected
- Strategic implication: Track this as institutional capital flow because it mentions major capital players, portfolio transactions, deal size, or cap-rate signals.
- Woomi relevance: High relevance to US residential developer strategy

Please answer in concise bullet points:
1. Why does this article matter for a US multifamily developer?
2. What is the implication for Woomi / Woomi Global?
3. What risk or opportunity does this indicate?
4. What follow-up question should the strategy team ask?",82,Good,missing extracted numbers; missing market signal,"Rule-based interpretation: Connect CRE article 'Brixton Capital Launches Multifamily Investment-Management Platform' is classified as priority review for California. It points to institutional capital movement or transaction activity. Treat as a briefing input, not a standalone investment conclusion; confirm with source diversity, repeat observation, and market-specific evidence.",Macro & Financing; Market Players & Deals,apartment; apartments; joint venture; multifamily,Brixton Capital Launches Multifamily Investment-Management Platform,https://www.connectcre.com/stories/brixton-capital-launches-multifamily-investment-management-platform/,No,art_a5212f376051c7fb,San Diego,watchlist_8,Multifamily,JV/recapitalization,제외/금융,제외/금융,Yes,article page appears accessible from collected text,No,Yes,standard,art_a5212f376051c7fb,https://www.connectcre.com/stories/brixton-capital-launches-multifamily-investment-management-platform/,Brixton Capital Launches Multifamily Investment-Management Platform,open,open,https://www.connectcre.com/stories/brixton-capital-launches-multifamily-investment-management-platform/,valid,title/source/url metadata are internally consistent,GP / Capital Activity,Development Activity,gp_capital_platform: management platform without project anchor,new_or_fresh,0,2026-08-21,2026-08-21,0,fresh_0_3d,fresh,published date parsed; article age 0 day(s),100,fresh article or no repeat penalty,,California,matched state keyword: California,asset_management_operator_activity,new_candidate,selected or retained for GP / capital review,Yes,Paul Bubny Brixton Capital Launches Multifamily Investment,Management Platform Brixton Capital,capital_event_sentence,medium,Inferred entity from source text near capital-event language.,True,project/asset term: apartments,medium,Project / Asset,No,,,Paul Bubny Brixton Capital Launches Multifamily Investment,,Management Platform Brixton Capital,Management Platform Brixton Capital,Paul Bubny Brixton Capital Launches Multifamily Investment,Management Platform Brixton Capital,institutional_capital,capital_markets,joint_venture,none,none,lender_activity; family_office_activity,none,unknown,lender; investor,Market reference detected as California.,medium,"Capital event keywords detected: joint_venture. Institutional activity terms detected: lender_activity, family_office_activity. Primary topic set to institutional_capital; confidence medium. Operator/property management activity detected.",70,100,platform or fund activity; JV or partnership activity; institutional acquisition behavior,100
2026-08-21,20260821-232352-ea0d6aef,2026-08-21 23:23:30,REBusiness Online,Site / Parcel Source Expansion,Tier 2,development_pipeline;gp_activity,Other,Apartment,2026-08-21T15:13:01Z,100,High,Must Read,Riverside / California,Financing Risk; Institutional Flow,Track Financing Conditions; Track Institutional Capital Flow,"Monitor financing conditions because the article includes acquisition, apartment, apartments and $34.5m, $34.5 million, $34.5, which may affect construction loans, refinancing risk, and exit cap rates.",High relevance to US residential developer strategy,Read full article,"Included because it scored 100 and mentions acquisition, apartment, apartments, with a Financing Risk; Institutional Flow angle for Riverside / California.",Supply / Starts Signal,$34.5m; $34.5 million; $34.5; 98 apartments,"Turtle Creek Apartments in Riverside, Calif., features 98 apartments, a swimming pool, fitness center, bark park, tot lot and gated entry. (Photo credit: Patrick Tang) Acquisitions California Multifamily Western CBRE Brokers $34.5M Sale of Turtle Creek Apartments in Riverside, California by Amy Works August 21, 2026 August 21, 2026 5 RIVERSIDE, CALIF. — CBRE has facilitated the sale of Turtle Creek Apartments in Riverside. Turtle Creek Residential LLC sold the asset to SC El Camino LLC for $34.5","You are a strategic research analyst for Woomi / Woomi Global.
Analyze the following US multifamily housing article for developer strategy.

Article context:
- Title: CBRE Brokers $34.5M Sale of Turtle Creek Apartments in Riverside, California
- Source: REBusiness Online
- URL: https://rebusinessonline.com/cbre-brokers-34-5m-sale-of-turtle-creek-apartments-in-riverside-california/
- Market focus: Riverside / California
- Strategic angle: Financing Risk; Institutional Flow
- Market signal: Supply / Starts Signal
- Extracted numbers: $34.5m; $34.5 million; $34.5; 98 apartments
- Strategic implication: Monitor financing conditions because the article includes acquisition, apartment, apartments and $34.5m, $34.5 million, $34.5, which may affect construction loans, refinancing risk, and exit cap rates.
- Woomi relevance: High relevance to US residential developer strategy

Please answer in concise bullet points:
1. Why does this article matter for a US multifamily developer?
2. What is the implication for Woomi / Woomi Global?
3. What risk or opportunity does this indicate?
4. What follow-up question should the strategy team ask?",98,Excellent,None,"Rule-based interpretation: REBusiness Online article 'CBRE Brokers $34.5M Sale of Turtle Creek Apartments in Riverside, California' is classified as priority review for Riverside / California. It points to financing, refinancing, or debt-market conditions. Treat as a briefing input, not a standalone investment conclusion; confirm with source diversity, repeat observation, and market-specific evidence.",Macro & Financing; Market Players & Deals,acquisition; apartment; apartments; cbre; multifamily; sale; transaction,"CBRE Brokers $34.5M Sale of Turtle Creek Apartments in Riverside, California",https://rebusinessonline.com/cbre-brokers-34-5m-sale-of-turtle-creek-apartments-in-riverside-california/,No,art_d6975a0e2fcfd174,Los Angeles / Southern California,core_15,Multifamily,transaction/sale; acquisition,거래/투자,거래/투자; 시장 데이터,No,article page appears accessible from collected text,Yes,No,standard,art_d6975a0e2fcfd174,https://rebusinessonline.com/cbre-brokers-34-5m-sale-of-turtle-creek-apartments-in-riverside-california/,"CBRE Brokers $34.5M Sale of Turtle Creek Apartments in Riverside, California",open,open,https://rebusinessonline.com/cbre-brokers-34-5m-sale-of-turtle-creek-apartments-in-riverside-california/,valid,title/source/url metadata are internally consistent,Development Activity,GP / Capital Activity,development_project_anchor: capital event with identifiable project/asset (unit/site count: 98 apartments; project/asset term: apartments),new_or_fresh,0,2026-08-21,2026-08-21,0,fresh_0_3d,fresh,published date parsed; article age 0 day(s),100,fresh article or no repeat penalty,Riverside,California,matched city/metro keyword: Riverside,disposition_exit,new_candidate,development article without confirmed capital event,No,CBRE,Turtle Creek Residential,dictionary_match,high,"Matched known institutional / GP entity in title, summary, or source text.",True,unit/site count: 98 apartments; project/asset term: apartments,high,Project / Asset,No,,,CBRE,,Turtle Creek Residential,Turtle Creek Residential,CBRE,Turtle Creek Residential,transaction_market,capital_markets; institutional_capital,acquisition; disposition,none,none,gp_acquisition,none,unknown,lender; broker,Market reference detected as Riverside / California.,medium,"Capital event keywords detected: acquisition, disposition. Institutional activity terms detected: gp_acquisition. Primary topic set to transaction_market; confidence medium.",85,88,sponsor expansion; institutional acquisition behavior,94
2026-08-21,20260821-232352-ea0d6aef,2026-08-21 23:23:08,Yield PRO,Core Multifamily News,Tier 1,lease_up_supply;national_multifamily,Other,Mixed-Use Residential,"Fri, 21 Aug 2026 18:47:52 +0000",89,High,Must Read,Texas,Institutional Flow,Track Institutional Capital Flow,"Review this as a supply risk signal because it references new deliveries, starts, pipeline, or permits in Texas.",High relevance to US residential developer strategy,Read full article,"Included because it scored 89 and mentions apartment, joint venture, midwest, with a Institutional Flow angle for Texas.",Supply / Starts Signal,358 units,"Deal boom Midwest-South region News Facebook Twitter Linkedin A joint venture between PCCP and RPM Living Investments has acquired Truman at Arlington Commons , a four-story multifamily community located at 505 E Lamar Boulevard in Arlington, TX. The price was not given out. Built in 2021, the property features 358 units with floorplans ranging from 576 sf to 1.6k sf and an average unit size of 807 sf. The units feature 10-foot ceilings, with select units offering 14-foot ceiling heights. The pr","You are a strategic research analyst for Woomi / Woomi Global.
Analyze the following US multifamily housing article for developer strategy.

Article context:
- Title: PCCP and RPM Living Investments Joint Venture Acquire 358-Unit Texas Multifamily Mixed-Use Apartment Community
- Source: Yield PRO
- URL: https://yieldpro.com/2026/08/505-e-lamar-boulevard/
- Market focus: Texas
- Strategic angle: Institutional Flow
- Market signal: Supply / Starts Signal
- Extracted numbers: 358 units
- Strategic implication: Review this as a supply risk signal because it references new deliveries, starts, pipeline, or permits in Texas.
- Woomi relevance: High relevance to US residential developer strategy

Please answer in concise bullet points:
1. Why does this article matter for a US multifamily developer?
2. What is the implication for Woomi / Woomi Global?
3. What risk or opportunity does this indicate?
4. What follow-up question should the strategy team ask?",98,Excellent,None,"Rule-based interpretation: Yield PRO article 'PCCP and RPM Living Investments Joint Venture Acquire 358-Unit Texas Multifamily Mixed-Use Apartment Community' is classified as priority review for Texas. It points to supply, delivery, lease-up, or absorption conditions. Treat as a briefing input, not a standalone investment conclusion; confirm with source diversity, repeat observation, and market-specific evidence.",Macro & Financing; Supply & Demand; Market Players & Deals,apartment; joint venture; midwest; multifamily,PCCP and RPM Living Investments Joint Venture Acquire 358-Unit Texas Multifamily Mixed-Use Apartment Community,https://yieldpro.com/2026/08/505-e-lamar-boulevard/,No,art_51f87376c64c7967,Texas,other,Mixed-use Residential,acquisition; JV/recapitalization; market data/supply-demand,개발/인허가,개발/인허가; 거래/투자; 시장 데이터,No,article page appears accessible from collected text,No,No,standard,art_51f87376c64c7967,https://yieldpro.com/2026/08/505-e-lamar-boulevard/,PCCP and RPM Living Investments Joint Venture Acquire 358-Unit Texas Multifamily Mixed-Use Apartment Community,open,open,https://yieldpro.com/2026/08/505-e-lamar-boulevard/,valid,title/source/url metadata are internally consistent,Development Activity,GP / Capital Activity,development_project_anchor: capital event with identifiable project/asset (unit/site count: 358-unit; address/street: 505 e lamar boulevard; project/asset term: community),new_or_fresh,0,2026-08-21,2026-08-21,0,fresh_0_3d,fresh,published date parsed; article age 0 day(s),100,fresh article or no repeat penalty,,Texas,matched state keyword: Texas,joint_venture,new_candidate,selected or retained for GP / capital review,Yes,PCCP,RPM Living Investments Joint Venture; RPM Living Investments,dictionary_match,high,"Matched known institutional / GP entity in title, summary, or source text.",True,unit/site count: 358-unit; address/street: 505 e lamar boulevard; project/asset term: community,high,Project / Asset,No,,,PCCP,,RPM Living Investments Joint Venture,RPM Living Investments Joint Venture; RPM Living Investments,PCCP,RPM Living Investments Joint Venture; RPM Living Investments,institutional_capital,capital_markets,joint_venture; acquisition,none,none,none,none,mixed_use,lender,Market reference detected as Texas.,high,"Capital event keywords detected: joint_venture, acquisition. Primary topic set to institutional_capital; confidence high.",75,84,JV or partnership activity; institutional acquisition behavior,84
2026-08-21,20260821-232352-ea0d6aef,2026-08-21 23:23:31,REBusiness Online,Site / Parcel Source Expansion,Tier 2,development_pipeline;gp_activity,Other,Apartment,2026-08-21T14:16:39Z,100,High,Must Read,New York,Financing Risk; Institutional Flow; Developer Strategy,Track Financing Conditions; Track Institutional Capital Flow; Track Developer Strategy,"Monitor financing conditions because the article includes acquisition, apartment, conversion and $131m, $131 million, $91.7 million, which may affect construction loans, refinancing risk, and exit cap rates.",High relevance to US residential developer strategy,Read full article,"Included because it scored 100 and mentions acquisition, apartment, conversion, with a Financing Risk; Institutional Flow; Developer Strategy angle for New York.",Deal Size Signal,$131m; $131 million; $91.7 million,"Acquisitions Multifamily New Jersey Northeast Cushman & Wakefield Arranges $131M Sale of Apartment Building in West Orange, New Jersey by Taylor Williams August 21, 2026 August 21, 2026 4 WEST ORANGE, N.J. — Cushman & Wakefield has arranged the $131 million sale of Edison Lofts, a 334-unit apartment building in West Orange, located in Northern New Jersey’s Essex County. Edison Lofts comprises two buildings: a 300-unit conversion of the historic Thomas Edison Battery Building and a 34-unit ground","You are a strategic research analyst for Woomi / Woomi Global.
Analyze the following US multifamily housing article for developer strategy.

Article context:
- Title: Cushman & Wakefield Arranges $131M Sale of Apartment Building in West Orange, New Jersey
- Source: REBusiness Online
- URL: https://rebusinessonline.com/cushman-wakefield-arranges-131m-sale-of-apartment-building-in-west-orange-new-jersey/
- Market focus: New York
- Strategic angle: Financing Risk; Institutional Flow; Developer Strategy
- Market signal: Deal Size Signal
- Extracted numbers: $131m; $131 million; $91.7 million
- Strategic implication: Monitor financing conditions because the article includes acquisition, apartment, conversion and $131m, $131 million, $91.7 million, which may affect construction loans, refinancing risk, and exit cap rates.
- Woomi relevance: High relevance to US residential developer strategy

Please answer in concise bullet points:
1. Why does this article matter for a US multifamily developer?
2. What is the implication for Woomi / Woomi Global?
3. What risk or opportunity does this indicate?
4. What follow-up question should the strategy team ask?",98,Excellent,None,"Rule-based interpretation: REBusiness Online article 'Cushman & Wakefield Arranges $131M Sale of Apartment Building in West Orange, New Jersey' is classified as priority review for New York. It points to financing, refinancing, or debt-market conditions. Treat as a briefing input, not a standalone investment conclusion; confirm with source diversity, repeat observation, and market-specific evidence.",Macro & Financing; Development Strategy; Market Players & Deals,acquisition; apartment; conversion; cushman; loan; multifamily; sale; transaction,"Cushman & Wakefield Arranges $131M Sale of Apartment Building in West Orange, New Jersey",https://rebusinessonline.com/cushman-wakefield-arranges-131m-sale-of-apartment-building-in-west-orange-new-jersey/,No,art_018a7628b35199df,New York / Northern New Jersey,core_15,Multifamily,acquisition; financing/refinancing,개발/인허가,개발/인허가; 거래/투자; 시장 데이터,No,article page appears accessible from collected text,Yes,No,standard,art_018a7628b35199df,https://rebusinessonline.com/cushman-wakefield-arranges-131m-sale-of-apartment-building-in-west-orange-new-jersey/,"Cushman & Wakefield Arranges $131M Sale of Apartment Building in West Orange, New Jersey",open,open,https://rebusinessonline.com/cushman-wakefield-arranges-131m-sale-of-apartment-building-in-west-orange-new-jersey/,valid,title/source/url metadata are internally consistent,Development Activity,GP / Capital Activity,development_project_anchor: capital event with identifiable project/asset (unit/site count: 334-unit),new_or_fresh,0,2026-08-21,2026-08-21,0,fresh_0_3d,fresh,published date parsed; article age 0 day(s),100,fresh article or no repeat penalty,,,used broad market bucket: New York,disposition_exit,new_candidate,development article without confirmed capital event,No,Participant not identified,,unresolved,unresolved,"No institution name detected in dictionary, title, summary, or source text.",True,unit/site count: 334-unit,medium,Project / Asset,No,,,,,,,,,transaction_market,capital_markets; institutional_capital,acquisition; disposition,none,none,gp_acquisition,none,unknown,lender; broker; developer,Market reference detected as New York.,medium,"Capital event keywords detected: acquisition, disposition. Institutional activity terms detected: gp_acquisition. Primary topic set to transaction_market; confidence medium.",85,70,institutional acquisition behavior,76
2026-08-21,20260821-232352-ea0d6aef,2026-08-21 23:23:31,REBusiness Online,Site / Parcel Source Expansion,Tier 2,development_pipeline;gp_activity,Other,Mixed-Use Residential,2026-08-21T14:14:36Z,93,High,Must Read,Southeast,Institutional Flow; Developer Strategy,Track Institutional Capital Flow; Track Developer Strategy,"Review this as a supply risk signal because it references new deliveries, starts, pipeline, or permits in Southeast.",High relevance to US residential developer strategy,Read full article,"Included because it scored 93 and mentions acquisition, apartment, apartments, with a Institutional Flow; Developer Strategy angle for Southeast.",Supply / Starts Signal,$450m; $450 million; 332 apartments,"Club Studio and Whole Foods Market will co-anchor Frederick Brickworks, a $450 million, 65-acre mixed-use destination in Frederick, Md. Development Maryland Mixed-Use Southeast Club Studio to Co-Anchor $450M Mixed-Use Development in Frederick, Maryland by Abby Cox August 21, 2026 August 21, 2026 3 FREDERICK, MD. — Greenberg Gibbons has signed a lease with Club Studio at Frederick Brickworks, a $450 million, 65-acre mixed-use destination in Frederick, roughly 50 miles northwest of Baltimore. The ","You are a strategic research analyst for Woomi / Woomi Global.
Analyze the following US multifamily housing article for developer strategy.

Article context:
- Title: Club Studio to Co-Anchor $450M Mixed-Use Development in Frederick, Maryland
- Source: REBusiness Online
- URL: https://rebusinessonline.com/club-studio-to-co-anchor-450m-mixed-use-development-in-frederick-maryland/
- Market focus: Southeast
- Strategic angle: Institutional Flow; Developer Strategy
- Market signal: Supply / Starts Signal
- Extracted numbers: $450m; $450 million; 332 apartments
- Strategic implication: Review this as a supply risk signal because it references new deliveries, starts, pipeline, or permits in Southeast.
- Woomi relevance: High relevance to US residential developer strategy

Please answer in concise bullet points:
1. Why does this article matter for a US multifamily developer?
2. What is the implication for Woomi / Woomi Global?
3. What risk or opportunity does this indicate?
4. What follow-up question should the strategy team ask?",98,Excellent,None,"Rule-based interpretation: REBusiness Online article 'Club Studio to Co-Anchor $450M Mixed-Use Development in Frederick, Maryland' is classified as priority review for Southeast. It points to supply, delivery, lease-up, or absorption conditions. Treat as a briefing input, not a standalone investment conclusion; confirm with source diversity, repeat observation, and market-specific evidence.",Macro & Financing; Development Strategy; Market Players & Deals,acquisition; apartment; apartments; development; land acquisition; sale,"Club Studio to Co-Anchor $450M Mixed-Use Development in Frederick, Maryland",https://rebusinessonline.com/club-studio-to-co-anchor-450m-mixed-use-development-in-frederick-maryland/,No,art_6dc1ec8753865f0c,Southeast,other,Mixed-use Residential,land/site acquisition; acquisition,개발/인허가,개발/인허가; 거래/투자; 운영/임대; 시장 데이터,No,article page appears accessible from collected text,No,No,standard,art_6dc1ec8753865f0c,https://rebusinessonline.com/club-studio-to-co-anchor-450m-mixed-use-development-in-frederick-maryland/,"Club Studio to Co-Anchor $450M Mixed-Use Development in Frederick, Maryland",open,open,https://rebusinessonline.com/club-studio-to-co-anchor-450m-mixed-use-development-in-frederick-maryland/,valid,title/source/url metadata are internally consistent,Development Activity,GP / Capital Activity,development_project_anchor: capital event with identifiable project/asset (unit/site count: 65-acre; project/asset term: development),new_or_fresh,0,2026-08-21,2026-08-21,0,fresh_0_3d,fresh,published date parsed; article age 0 day(s),100,fresh article or no repeat penalty,,,used broad market bucket: Southeast,disposition_exit,new_candidate,development article without confirmed capital event,No,Participant not identified,,unresolved,unresolved,"No institution name detected in dictionary, title, summary, or source text.",True,unit/site count: 65-acre; project/asset term: development,high,Project / Asset,No,,,,,,,,,transaction_market,capital_markets; institutional_capital,acquisition,none,none,gp_acquisition,none,mixed_use,lender; developer,Market reference detected as Southeast.,medium,Capital event keywords detected: acquisition. Institutional activity terms detected: gp_acquisition. Primary topic set to transaction_market; confidence medium.,85,70,institutional acquisition behavior,76
2026-08-21,20260821-232352-ea0d6aef,2026-08-21 23:23:35,Connect CRE Apartments,Site / Parcel Source Expansion,Tier 2,development_pipeline;gp_activity;national_multifamily,Other,Apartment,"Fri, 21 Aug 2026 17:55:34 +0000",75,Medium,Review,Washington DC,Institutional Flow,Track Institutional Capital Flow,"Track this as institutional capital flow because it mentions major capital players, portfolio transactions, deal size, or cap-rate signals.",Medium relevance to market monitoring,Track source for follow-up,"Included because it scored 75 and mentions apartment, apartments, joint venture, with a Institutional Flow angle for Washington DC.",No Clear Numeric Signal,,"Washington DC CRE News In Your Inbox. Sign up for Connect emails to stay informed with CRE stories that are 150 words or less. Washington DC & Mid-Atlantic + Maryland + Apartments | August 21, 2026 By: Jasmine Kilman St. John Properties, Somerset Companies Deliver First Phase of MD Multifamily Project A joint venture between St. John Properties, Inc. and Somerset Companies has delivered the first phase of Melford Mansions, a luxury multifamily community within Melford Town Center in Bowie, Maryl","You are a strategic research analyst for Woomi / Woomi Global.
Analyze the following US multifamily housing article for developer strategy.

Article context:
- Title: St. John Properties, Somerset Companies Deliver First Phase of MD Multifamily Project
- Source: Connect CRE Apartments
- URL: https://www.connectcre.com/stories/st-john-properties-somerset-companies-deliver-first-phase-of-md-multifamily-project/
- Market focus: Washington DC
- Strategic angle: Institutional Flow
- Market signal: No Clear Numeric Signal
- Extracted numbers: None detected
- Strategic implication: Track this as institutional capital flow because it mentions major capital players, portfolio transactions, deal size, or cap-rate signals.
- Woomi relevance: Medium relevance to market monitoring

Please answer in concise bullet points:
1. Why does this article matter for a US multifamily developer?
2. What is the implication for Woomi / Woomi Global?
3. What risk or opportunity does this indicate?
4. What follow-up question should the strategy team ask?",82,Good,missing extracted numbers; missing market signal,"Rule-based interpretation: Connect CRE Apartments article 'St. John Properties, Somerset Companies Deliver First Phase of MD Multifamily Project' is classified as review for Washington DC. It points to institutional capital movement or transaction activity. Treat as a briefing input, not a standalone investment conclusion; confirm with source diversity, repeat observation, and market-specific evidence.",Macro & Financing; Market Players & Deals,apartment; apartments; joint venture; multifamily,"St. John Properties, Somerset Companies Deliver First Phase of MD Multifamily Project",https://www.connectcre.com/stories/st-john-properties-somerset-companies-deliver-first-phase-of-md-multifamily-project/,No,art_dac167d1fdab7476,Washington DC / Northern Virginia,core_15,Multifamily,development; JV/recapitalization,개발/인허가,개발/인허가; 거래/투자; 시장 데이터,No,article page appears accessible from collected text,Yes,No,standard,art_dac167d1fdab7476,https://www.connectcre.com/stories/st-john-properties-somerset-companies-deliver-first-phase-of-md-multifamily-project/,"St. John Properties, Somerset Companies Deliver First Phase of MD Multifamily Project",open,open,https://www.connectcre.com/stories/st-john-properties-somerset-companies-deliver-first-phase-of-md-multifamily-project/,valid,title/source/url metadata are internally consistent,Development Activity,GP / Capital Activity,development_project_anchor: capital event with identifiable project/asset (execution milestone: delivered; project/asset term: project),new_or_fresh,0,2026-08-21,2026-08-21,0,fresh_0_3d,fresh,published date parsed; article age 0 day(s),100,fresh article or no repeat penalty,Washington DC,Washington DC,matched city/metro keyword: Washington DC,joint_venture,new_candidate,selected or retained for GP / capital review,Yes,Somerset Companies,,capital_event_sentence,medium,Inferred entity from source text near capital-event language.,True,execution milestone: delivered; project/asset term: project,high,Delivery / Opening,No,,,Somerset Companies,,,,Somerset Companies,,institutional_capital,capital_markets; development_pipeline,joint_venture,delivery,none,none,none,unknown,lender,Market reference detected as Washington DC.,medium,Capital event keywords detected: joint_venture. Development-stage terms detected: delivery. Primary topic set to institutional_capital; confidence medium.,75,70,JV or partnership activity,76
2026-08-21,20260821-232352-ea0d6aef,2026-08-21 23:23:35,Connect CRE Apartments,Site / Parcel Source Expansion,Tier 2,development_pipeline;gp_activity;national_multifamily,Other,Apartment,"Fri, 21 Aug 2026 13:55:56 +0000",74,Medium,Review,Miami / Florida,Developer Strategy,Track Developer Strategy,"Review for developer strategy because the article may inform site selection, product type, adaptive reuse, build-to-rent, or market entry.",Medium relevance to market monitoring,Track source for follow-up,"Included because it scored 74 and mentions apartment, apartments, developer, with a Developer Strategy angle for Miami / Florida.",No Clear Numeric Signal,$13 million; $8.45 million,"Florida & Gulf Coast CRE News In Your Inbox. Sign up for Connect emails to stay informed with CRE stories that are 150 words or less. Florida & Gulf Coast + South Florida + Apartments | August 21, 2026 By: Mike Boyd West Palm Beach Developer Buys Lot, Apartments on Way Estate Cos. bought a lot in West Palm Beach and plans to build the second phase of a two-phase apartment project. The S. Florida Business Journal reports the company paid $13 million for a 1.19-acre lot at 411 West Railroad. The s","You are a strategic research analyst for Woomi / Woomi Global.
Analyze the following US multifamily housing article for developer strategy.

Article context:
- Title: West Palm Beach Developer Buys Lot, Apartments on Way
- Source: Connect CRE Apartments
- URL: https://www.connectcre.com/stories/west-palm-beach-developer-buys-lot-apartments-on-way/
- Market focus: Miami / Florida
- Strategic angle: Developer Strategy
- Market signal: No Clear Numeric Signal
- Extracted numbers: $13 million; $8.45 million
- Strategic implication: Review for developer strategy because the article may inform site selection, product type, adaptive reuse, build-to-rent, or market entry.
- Woomi relevance: Medium relevance to market monitoring

Please answer in concise bullet points:
1. Why does this article matter for a US multifamily developer?
2. What is the implication for Woomi / Woomi Global?
3. What risk or opportunity does this indicate?
4. What follow-up question should the strategy team ask?",90,Excellent,missing market signal,"Rule-based interpretation: Connect CRE Apartments article 'West Palm Beach Developer Buys Lot, Apartments on Way' is classified as review for Miami / Florida. It points to development execution or sponsor strategy. Treat as a briefing input, not a standalone investment conclusion; confirm with source diversity, repeat observation, and market-specific evidence.",Development Strategy,apartment; apartments; developer,"West Palm Beach Developer Buys Lot, Apartments on Way",https://www.connectcre.com/stories/west-palm-beach-developer-buys-lot-apartments-on-way/,No,art_a27ad172b5681b32,Miami / South Florida,core_15,Multifamily,acquisition,개발/인허가,개발/인허가; 거래/투자; 시장 데이터,No,article page appears accessible from collected text,Yes,No,standard,art_a27ad172b5681b32,https://www.connectcre.com/stories/west-palm-beach-developer-buys-lot-apartments-on-way/,"West Palm Beach Developer Buys Lot, Apartments on Way",open,open,https://www.connectcre.com/stories/west-palm-beach-developer-buys-lot-apartments-on-way/,valid,title/source/url metadata are internally consistent,Development Activity,GP / Capital Activity,development_project_anchor: capital event with identifiable project/asset (unit/site count: 19-acre; execution milestone: to build; project/asset term: project),new_or_fresh,0,2026-08-21,2026-08-21,0,fresh_0_3d,fresh,published date parsed; article age 0 day(s),100,fresh article or no repeat penalty,Miami,Florida,matched city/metro keyword: Miami,acquisition,new_candidate,selected or retained for GP / capital review,Yes,Participant not identified,,unresolved,unresolved,"No institution name detected in dictionary, title, summary, or source text.",True,unit/site count: 19-acre; execution milestone: to build; project/asset term: project,high,Project / Asset,No,,,,,,,,,transaction_market,capital_markets,acquisition,none,none,none,none,unknown,developer,Market reference detected as Miami / Florida.,low,Capital event keywords detected: acquisition. Primary topic set to transaction_market; confidence low.,75,76,multi-phase development; institutional acquisition behavior; classification confidence penalty,76
2026-08-21,20260821-232352-ea0d6aef,2026-08-21 23:23:25,Urbanize LA,Regional / California / LA Sources,Tier 2,development_pipeline;entitlement;la_california,Other,Affordable Housing,"Fri, 21 Aug 2026 13:05:00 +0000",100,High,Must Read,Los Angeles / California,Regulation Risk; Developer Strategy,Track Regulation Risk; Track Developer Strategy,"Track rent and vacancy conditions because the article points to demand, occupancy, rent, vacancy, or concession signals in Los Angeles / California.",High relevance to US residential developer strategy,Read full article,"Included because it scored 100 and mentions affordable housing, apartment, apartments, with a Regulation Risk; Developer Strategy angle for Los Angeles / California.",Rent Growth Signal,117 apartments,"Affordable housing fully framed at 9033 Ramsgate Ave. in Westchester | Urbanize LA Skip to main content Advertisement Advertisement In Westchester , w ood framing is complete for a new affordable housing complex from developer Six Peak Capital . The seven-story development, which broke ground last year at 9033 Ramsgate Avenue , will include 117 studio, one-, and two-bedroom apartments on its upper floors with a 36-car garage below. Construction at 9033 Ramsgate Ave. Urbanize LA Project entitleme","You are a strategic research analyst for Woomi / Woomi Global.
Analyze the following US multifamily housing article for developer strategy.

Article context:
- Title: Affordable housing fully framed at 9033 Ramsgate Ave. in Westchester
- Source: Urbanize LA
- URL: https://la.urbanize.city/post/affordable-housing-fully-framed-9033-ramsgate-ave-westchester
- Market focus: Los Angeles / California
- Strategic angle: Regulation Risk; Developer Strategy
- Market signal: Rent Growth Signal
- Extracted numbers: 117 apartments
- Strategic implication: Track rent and vacancy conditions because the article points to demand, occupancy, rent, vacancy, or concession signals in Los Angeles / California.
- Woomi relevance: High relevance to US residential developer strategy

Please answer in concise bullet points:
1. Why does this article matter for a US multifamily developer?
2. What is the implication for Woomi / Woomi Global?
3. What risk or opportunity does this indicate?
4. What follow-up question should the strategy team ask?",98,Excellent,None,"Rule-based interpretation: Urbanize LA article 'Affordable housing fully framed at 9033 Ramsgate Ave. in Westchester' is classified as priority review for Los Angeles / California. It points to entitlement, zoning, permitting, or policy conditions. Treat as a briefing input, not a standalone investment conclusion; confirm with source diversity, repeat observation, and market-specific evidence.",Development Strategy; Policy & Regulation,affordable housing; apartment; apartments; construction; density bonus; developer; development; entitlement; permit; renter; renters; zoning,Affordable housing fully framed at 9033 Ramsgate Ave. in Westchester,https://la.urbanize.city/post/affordable-housing-fully-framed-9033-ramsgate-ave-westchester,No,art_a15802e69b189ac1,Los Angeles / Southern California,core_15,Affordable Housing,development; permit/entitlement; policy/regulation; rent/occupancy/absorption,개발/인허가,개발/인허가; 운영/임대; 시장 데이터,No,limited source or insufficient readable article text,Yes,No,access_limited_source,art_a15802e69b189ac1,https://la.urbanize.city/post/affordable-housing-fully-framed-9033-ramsgate-ave-westchester,Affordable housing fully framed at 9033 Ramsgate Ave. in Westchester,access_limited,access_limited,https://la.urbanize.city/post/affordable-housing-fully-framed-9033-ramsgate-ave-westchester,valid,title/source/url metadata are internally consistent,Development Activity,Market Intelligence,development_project_anchor: Construction Start (address/street: 9033 ramsgate ave; execution milestone: broke ground; project/asset term: project),new_or_fresh,0,2026-08-21,2026-08-21,0,fresh_0_3d,fresh,published date parsed; article age 0 day(s),88,limited page access,,,used broad market bucket: Los Angeles / California,none,not_candidate,not a GP / capital candidate,No,,,,,,True,address/street: 9033 ramsgate ave; execution milestone: broke ground; project/asset term: project,high,Construction Start,No,,,,,,,,,research_data,none,none,none,none,none,none,affordable_housing,developer,Market reference detected as Los Angeles / California.,unknown,"Limited/paywalled article; classification is based on title, URL, source, and available lead text only. No clear rule-based event keyword was detected. Primary topic set to research_data; confidence unknown.",45,77,sponsor expansion; development continuation; entitlement persistence; limited article: title/lead-based review needed; classification confidence penalty,73
2026-08-21,20260821-232352-ea0d6aef,2026-08-21 23:23:30,REBusiness Online,Site / Parcel Source Expansion,Tier 2,development_pipeline;gp_activity,Other,Apartment,2026-08-21T14:58:58Z,100,High,Must Read,Texas,Financing Risk; Developer Strategy,Track Financing Conditions; Track Developer Strategy,"Monitor financing conditions because the article includes apartment, cbre, development and no specific number, which may affect construction loans, refinancing risk, and exit cap rates.",High relevance to US residential developer strategy,Read full article,"Included because it scored 100 and mentions apartment, cbre, development, with a Financing Risk; Developer Strategy angle for Houston / Texas.",No Clear Numeric Signal,,"Citadel Urban, a 181-unit apartment complex in San Antonio, was approximately 90 percent occupied as of early 2026. Loans Multifamily Texas CBRE Arranges Loan for Refinancing of 181-Unit Apartment Complex in San Antonio by Taylor Williams August 21, 2026 August 21, 2026 5 SAN ANTONIO — CBRE has arranged a loan of an undisclosed amount for the refinancing of a Citadel Urban, a 181-unit apartment complex in San Antonio’s Westover Hills submarket. Citadel Urban was completed in 2024 and consists of","You are a strategic research analyst for Woomi / Woomi Global.
Analyze the following US multifamily housing article for developer strategy.

Article context:
- Title: CBRE Arranges Loan for Refinancing of 181-Unit Apartment Complex in San Antonio
- Source: REBusiness Online
- URL: https://rebusinessonline.com/cbre-arranges-loan-for-refinancing-of-181-unit-apartment-complex-in-san-antonio/
- Market focus: Houston / Texas
- Strategic angle: Financing Risk; Developer Strategy
- Market signal: No Clear Numeric Signal
- Extracted numbers: None detected
- Strategic implication: Monitor financing conditions because the article includes apartment, cbre, development and no specific number, which may affect construction loans, refinancing risk, and exit cap rates.
- Woomi relevance: High relevance to US residential developer strategy

Please answer in concise bullet points:
1. Why does this article matter for a US multifamily developer?
2. What is the implication for Woomi / Woomi Global?
3. What risk or opportunity does this indicate?
4. What follow-up question should the strategy team ask?",82,Good,missing extracted numbers; missing market signal,"Rule-based interpretation: REBusiness Online article 'CBRE Arranges Loan for Refinancing of 181-Unit Apartment Complex in San Antonio' is classified as priority review for Houston / Texas. It points to financing, refinancing, or debt-market conditions. Treat as a briefing input, not a standalone investment conclusion; confirm with source diversity, repeat observation, and market-specific evidence.",Macro & Financing; Development Strategy; Policy & Regulation; Market Players & Deals,apartment; cbre; development; financing; hud; loan; multifamily; refinancing,CBRE Arranges Loan for Refinancing of 181-Unit Apartment Complex in San Antonio,https://rebusinessonline.com/cbre-arranges-loan-for-refinancing-of-181-unit-apartment-complex-in-san-antonio/,No,art_8e39baebe9a11d10,San Antonio,watchlist_8,Multifamily,delivery/completion; financing/refinancing; policy/regulation,제외/금융,제외/금융,Yes,article page appears accessible from collected text,No,Yes,standard,art_8e39baebe9a11d10,https://rebusinessonline.com/cbre-arranges-loan-for-refinancing-of-181-unit-apartment-complex-in-san-antonio/,CBRE Arranges Loan for Refinancing of 181-Unit Apartment Complex in San Antonio,open,open,https://rebusinessonline.com/cbre-arranges-loan-for-refinancing-of-181-unit-apartment-complex-in-san-antonio/,valid,title/source/url metadata are internally consistent,Development Activity,GP / Capital Activity,development_project_anchor: project financing/capital event tied to project (unit/site count: 181-unit; project/asset term: development),new_or_fresh,0,2026-08-21,2026-08-21,0,fresh_0_3d,fresh,published date parsed; article age 0 day(s),100,fresh article or no repeat penalty,,Texas,matched state keyword: Texas,refinancing,new_candidate,selected or retained for GP / capital review,Yes,CBRE,,dictionary_match,high,"Matched known institutional / GP entity in title, summary, or source text.",True,unit/site count: 181-unit; project/asset term: development,high,Project Financing / Capital Event,No,,,CBRE,CBRE,,,CBRE,,capital_markets,development_pipeline; supply_demand,refinancing,delivery,occupancy,none,none,unknown,lender; broker; public_agency; developer,Market reference detected as Texas.,medium,Capital event keywords detected: refinancing. Development-stage terms detected: delivery. Supply/demand terms detected: occupancy. Primary topic set to capital_markets; confidence medium.,90,67,large-scale refinance tied to strategy,65
2026-08-21,20260821-232352-ea0d6aef,2026-08-21 23:23:04,Multifamily Dive,Core Multifamily News,Tier 1,national_multifamily,Other,Multifamily,"Wed, 19 Aug 2026 13:12:26 -0400",72,Medium,Review,Nashville / Tennessee,Developer Strategy,Track Developer Strategy,"Review for developer strategy because the article may inform site selection, product type, adaptive reuse, build-to-rent, or market entry.",Medium relevance to market monitoring,Track source for follow-up,"Included because it scored 72 and mentions camden property trust, multifamily, sun belt, with a Developer Strategy angle for Nashville / Tennessee.",No Clear Numeric Signal,,"An article from Q&A Camden CEO talks Sun Belt optimism, EQR-AVB merger In conversation with Multifamily Dive, Alex Jessett explains why “every 25- to 34-year-old in America” wants to live in Nashville or Austin and why newly formed Vivmark has “no impact” on the REIT. Published Aug. 19, 2026 Leslie Shaver Senior Reporter Share Copy link Email LinkedIn X/Twitter Facebook Print License Add us on Google Camden Village District in Raleigh, N.C. Permission granted by Camden Property Trust Alex Jesset","You are a strategic research analyst for Woomi / Woomi Global.
Analyze the following US multifamily housing article for developer strategy.

Article context:
- Title: Camden CEO talks Sun Belt optimism, EQR-AVB merger
- Source: Multifamily Dive
- URL: https://www.multifamilydive.com/news/camden-ceo-talks-sun-belt-optimism-eqr-avb-merger/828291/
- Market focus: Nashville / Tennessee
- Strategic angle: Developer Strategy
- Market signal: No Clear Numeric Signal
- Extracted numbers: None detected
- Strategic implication: Review for developer strategy because the article may inform site selection, product type, adaptive reuse, build-to-rent, or market entry.
- Woomi relevance: Medium relevance to market monitoring

Please answer in concise bullet points:
1. Why does this article matter for a US multifamily developer?
2. What is the implication for Woomi / Woomi Global?
3. What risk or opportunity does this indicate?
4. What follow-up question should the strategy team ask?",82,Good,missing extracted numbers; missing market signal,"Rule-based interpretation: Multifamily Dive article 'Camden CEO talks Sun Belt optimism, EQR-AVB merger' is classified as review for Nashville / Tennessee. It points to development execution or sponsor strategy. Treat as a briefing input, not a standalone investment conclusion; confirm with source diversity, repeat observation, and market-specific evidence.",Supply & Demand; Market Players & Deals,camden property trust; multifamily; sun belt,"Camden CEO talks Sun Belt optimism, EQR-AVB merger",https://www.multifamilydive.com/news/camden-ceo-talks-sun-belt-optimism-eqr-avb-merger/828291/,Yes,art_7efa811886907361,Austin,core_15,Multifamily,market data/supply-demand,개발/인허가,개발/인허가; 거래/투자; 시장 데이터,No,article page appears accessible from collected text,Yes,No,standard,art_7efa811886907361,https://www.multifamilydive.com/news/camden-ceo-talks-sun-belt-optimism-eqr-avb-merger/828291/,"Camden CEO talks Sun Belt optimism, EQR-AVB merger",open,open,https://www.multifamilydive.com/news/camden-ceo-talks-sun-belt-optimism-eqr-avb-merger/828291/,valid,title/source/url metadata are internally consistent,GP / Capital Activity,,gp_capital_corporate_mna: merger,acceptable_repeat,2,2026-08-19,2026-08-21,2,fresh_0_3d,fresh,published date parsed; article age 2 day(s),74,previously seen article,Nashville,Tennessee,matched city/metro keyword: Nashville,acquisition,repeated_but_retained,selected or retained for GP / capital review,Yes,AvalonBay,Camden Property Trust,dictionary_match,high,"Matched known institutional / GP entity in title, summary, or source text.",False,"no identifiable project, asset, site, address, or unit-count anchor",none,,No,,,AvalonBay,,Camden Property Trust,Camden Property Trust,AvalonBay,Camden Property Trust,institutional_capital,capital_markets,merger_acquisition,none,none,reit_activity,public_subsidy,unknown,reit; developer,Market reference detected as Nashville / Tennessee.,medium,Capital event keywords detected: merger_acquisition. Financing type keywords detected: public_subsidy. Institutional activity terms detected: reit_activity. Primary topic set to institutional_capital; confidence medium.,70,67,institutional acquisition behavior,65
2026-08-21,20260821-232352-ea0d6aef,2026-08-21 23:23:38,Connect CRE South Florida,Site / Parcel Source Expansion,Tier 2,development_pipeline;gp_activity;sunbelt,Other,Apartment,"Tue, 18 Aug 2026 13:37:45 +0000",100,High,Must Read,Phoenix / Arizona,Financing Risk; Developer Strategy,Track Financing Conditions; Track Developer Strategy,"Monitor financing conditions because the article includes apartment, apartments, berkadia and $35 million, which may affect construction loans, refinancing risk, and exit cap rates.",High relevance to US residential developer strategy,Read full article,"Included because it scored 100 and mentions apartment, apartments, berkadia, with a Financing Risk; Developer Strategy angle for Phoenix / Arizona.",Rent Growth Signal,$35 million,"Florida & Gulf Coast CRE News In Your Inbox. Sign up for Connect emails to stay informed with CRE stories that are 150 words or less. Florida & Gulf Coast + Phoenix & Southwest + South Florida + Apartments | August 18, 2026 By: Mike Boyd Princeton Developer Obtains Financing for Phase III of 374-Unit Rental Community Aconcagua Group obtained a $35 million construction loan for the third and final phase of development for Casa Princeton, a multifamily residential community located at 12867 SW 248","You are a strategic research analyst for Woomi / Woomi Global.
Analyze the following US multifamily housing article for developer strategy.

Article context:
- Title: Princeton Developer Obtains Financing for Phase III of 374-Unit Rental Community
- Source: Connect CRE South Florida
- URL: https://www.connectcre.com/stories/princeton-developer-obtains-financing-for-phase-iii-of-374-unit-rental-community/
- Market focus: Phoenix / Arizona
- Strategic angle: Financing Risk; Developer Strategy
- Market signal: Rent Growth Signal
- Extracted numbers: $35 million
- Strategic implication: Monitor financing conditions because the article includes apartment, apartments, berkadia and $35 million, which may affect construction loans, refinancing risk, and exit cap rates.
- Woomi relevance: High relevance to US residential developer strategy

Please answer in concise bullet points:
1. Why does this article matter for a US multifamily developer?
2. What is the implication for Woomi / Woomi Global?
3. What risk or opportunity does this indicate?
4. What follow-up question should the strategy team ask?",98,Excellent,None,"Rule-based interpretation: Connect CRE South Florida article 'Princeton Developer Obtains Financing for Phase III of 374-Unit Rental Community' is classified as priority review for Phoenix / Arizona. It points to financing, refinancing, or debt-market conditions. Treat as a briefing input, not a standalone investment conclusion; confirm with source diversity, repeat observation, and market-specific evidence.",Macro & Financing; Development Strategy; Market Players & Deals,apartment; apartments; berkadia; construction; developer; development; financing; loan; multifamily,Princeton Developer Obtains Financing for Phase III of 374-Unit Rental Community,https://www.connectcre.com/stories/princeton-developer-obtains-financing-for-phase-iii-of-374-unit-rental-community/,Yes,art_9a98d3f2632c53f4,Miami / South Florida,core_15,Multifamily,financing/refinancing; rent/occupancy/absorption,제외/금융,제외/금융,Yes,article page appears accessible from collected text,Yes,No,standard,art_9a98d3f2632c53f4,https://www.connectcre.com/stories/princeton-developer-obtains-financing-for-phase-iii-of-374-unit-rental-community/,Princeton Developer Obtains Financing for Phase III of 374-Unit Rental Community,open,open,https://www.connectcre.com/stories/princeton-developer-obtains-financing-for-phase-iii-of-374-unit-rental-community/,valid,title/source/url metadata are internally consistent,Development Activity,GP / Capital Activity,development_project_anchor: project financing/capital event tied to project (unit/site count: 374-unit; project/asset term: development; project financing tied to anchor: construction loan),acceptable_repeat,3,2026-08-18,2026-08-21,3,fresh_0_3d,fresh,published date parsed; article age 3 day(s),85,previously seen article; possible follow-up or updated development signal,Phoenix,Arizona,matched city/metro keyword: Phoenix,construction_financing,repeated_but_retained,selected or retained for GP / capital review,Yes,Berkadia,,dictionary_match,high,"Matched known institutional / GP entity in title, summary, or source text.",True,unit/site count: 374-unit; project/asset term: development; project financing tied to anchor: construction loan,high,Project Financing / Capital Event,No,,,Berkadia,Berkadia,,,Berkadia,,capital_markets,supply_demand; institutional_capital,construction_financing,none,effective_rent_growth,lender_activity,construction_loan,unknown,lender; developer,Market reference detected as Phoenix / Arizona.,medium,Capital event keywords detected: construction_financing. Financing type keywords detected: construction_loan. Supply/demand terms detected: effective_rent_growth. Institutional activity terms detected: lender_activity. Primary topic set to capital_markets; confidence medium.,85,74,multi-phase development,64
2026-08-21,20260821-232352-ea0d6aef,2026-08-21 23:23:36,Connect CRE Texas,Site / Parcel Source Expansion,Tier 2,development_pipeline;gp_activity;sunbelt,Other,Apartment,"Wed, 19 Aug 2026 16:25:41 +0000",86,High,Must Read,Dallas / Texas,Institutional Flow,Track Institutional Capital Flow,"Review this as a supply risk signal because it references new deliveries, starts, pipeline, or permits in Dallas / Texas.",High relevance to US residential developer strategy,Read full article,"Included because it scored 86 and mentions apartment, apartments, joint venture, with a Institutional Flow angle for Dallas / Texas.",Supply / Starts Signal,358 units,"Texas CRE News In Your Inbox. Sign up for Connect emails to stay informed with CRE stories that are 150 words or less. Texas + Dallas-Fort Worth + Apartments | August 19, 2026 By: Mike Boyd PCCP, RPM Pick Up 358-Unit Arlington Multifamily Community A joint venture between PCCP and RPM Living Investments has acquired Truman at Arlington Commons, a four-story multifamily community located at 505 E Lamar Boulevard in Arlington, TX. The property was developed and owned by The Nehemiah Company. Built","You are a strategic research analyst for Woomi / Woomi Global.
Analyze the following US multifamily housing article for developer strategy.

Article context:
- Title: PCCP, RPM Pick Up 358-Unit Arlington Multifamily Community
- Source: Connect CRE Texas
- URL: https://www.connectcre.com/stories/pccp-rpm-pick-up-358-unit-arlington-multifamily-community/
- Market focus: Dallas / Texas
- Strategic angle: Institutional Flow
- Market signal: Supply / Starts Signal
- Extracted numbers: 358 units
- Strategic implication: Review this as a supply risk signal because it references new deliveries, starts, pipeline, or permits in Dallas / Texas.
- Woomi relevance: High relevance to US residential developer strategy

Please answer in concise bullet points:
1. Why does this article matter for a US multifamily developer?
2. What is the implication for Woomi / Woomi Global?
3. What risk or opportunity does this indicate?
4. What follow-up question should the strategy team ask?",98,Excellent,None,"Rule-based interpretation: Connect CRE Texas article 'PCCP, RPM Pick Up 358-Unit Arlington Multifamily Community' is classified as priority review for Dallas / Texas. It points to supply, delivery, lease-up, or absorption conditions. Treat as a briefing input, not a standalone investment conclusion; confirm with source diversity, repeat observation, and market-specific evidence.",Macro & Financing; Market Players & Deals,apartment; apartments; joint venture; multifamily,"PCCP, RPM Pick Up 358-Unit Arlington Multifamily Community",https://www.connectcre.com/stories/pccp-rpm-pick-up-358-unit-arlington-multifamily-community/,Yes,art_81abe57ef7ea7313,Dallas-Fort Worth,core_15,Multifamily,acquisition; JV/recapitalization,개발/인허가,개발/인허가; 거래/투자; 시장 데이터,No,article page appears accessible from collected text,Yes,No,standard,art_81abe57ef7ea7313,https://www.connectcre.com/stories/pccp-rpm-pick-up-358-unit-arlington-multifamily-community/,"PCCP, RPM Pick Up 358-Unit Arlington Multifamily Community",open,open,https://www.connectcre.com/stories/pccp-rpm-pick-up-358-unit-arlington-multifamily-community/,valid,title/source/url metadata are internally consistent,Development Activity,GP / Capital Activity,development_project_anchor: capital event with identifiable project/asset (unit/site count: 358-unit; address/street: 505 e lamar boulevard; project/asset term: community),acceptable_repeat,2,2026-08-19,2026-08-21,2,fresh_0_3d,fresh,published date parsed; article age 2 day(s),74,previously seen article,Dallas,Texas,matched city/metro keyword: Dallas,joint_venture,repeated_but_retained,selected or retained for GP / capital review,Yes,PCCP,RPM Living Investments,dictionary_match,high,"Matched known institutional / GP entity in title, summary, or source text.",True,unit/site count: 358-unit; address/street: 505 e lamar boulevard; project/asset term: community,high,Project / Asset,No,,,PCCP,,RPM Living Investments,RPM Living Investments,PCCP,RPM Living Investments,institutional_capital,capital_markets,joint_venture; acquisition,none,none,none,none,unknown,lender,Market reference detected as Dallas / Texas.,low,"Capital event keywords detected: joint_venture, acquisition. Primary topic set to institutional_capital; confidence low.",60,70,JV or partnership activity; institutional acquisition behavior; classification confidence penalty,62
2026-08-21,20260821-232352-ea0d6aef,2026-08-21 23:23:36,Connect CRE Apartments,Site / Parcel Source Expansion,Tier 2,development_pipeline;gp_activity;national_multifamily,Other,Apartment,"Fri, 21 Aug 2026 13:26:37 +0000",100,High,Must Read,Florida,Financing Risk; Supply Pressure; Developer Strategy,Track Financing Conditions; Track Supply Pipeline; Track Developer Strategy,"Monitor financing conditions because the article includes affordable apartments, apartment, apartments and $38.9 million, which may affect construction loans, refinancing risk, and exit cap rates.",High relevance to US residential developer strategy,Read full article,"Included because it scored 100 and mentions affordable apartments, apartment, apartments, with a Financing Risk; Supply Pressure; Developer Strategy angle for Florida.",Supply / Starts Signal,$38.9 million,"Florida & Gulf Coast CRE News In Your Inbox. Sign up for Connect emails to stay informed with CRE stories that are 150 words or less. Florida & Gulf Coast + Central Florida + Apartments | August 21, 2026 By: Mike Boyd McDowell Starts Work on Hudson Age-Restricted, Affordable Apartments McDowell Housing Partners closed on a construction loan and started work on Ekos at Bayonet Point II, the second phase of a three-phase master-planned community that will bring 360 affordable homes to Pasco County","You are a strategic research analyst for Woomi / Woomi Global.
Analyze the following US multifamily housing article for developer strategy.

Article context:
- Title: McDowell Starts Work on Hudson Age-Restricted, Affordable Apartments
- Source: Connect CRE Apartments
- URL: https://www.connectcre.com/stories/mcdowell-housing/
- Market focus: Florida
- Strategic angle: Financing Risk; Supply Pressure; Developer Strategy
- Market signal: Supply / Starts Signal
- Extracted numbers: $38.9 million
- Strategic implication: Monitor financing conditions because the article includes affordable apartments, apartment, apartments and $38.9 million, which may affect construction loans, refinancing risk, and exit cap rates.
- Woomi relevance: High relevance to US residential developer strategy

Please answer in concise bullet points:
1. Why does this article matter for a US multifamily developer?
2. What is the implication for Woomi / Woomi Global?
3. What risk or opportunity does this indicate?
4. What follow-up question should the strategy team ask?",98,Excellent,None,"Rule-based interpretation: Connect CRE Apartments article 'McDowell Starts Work on Hudson Age-Restricted, Affordable Apartments' is classified as priority review for Florida. It points to financing, refinancing, or debt-market conditions. Treat as a briefing input, not a standalone investment conclusion; confirm with source diversity, repeat observation, and market-specific evidence.",Macro & Financing; Development Strategy; Policy & Regulation,affordable apartments; apartment; apartments; construction; development; hud; loan; starts,"McDowell Starts Work on Hudson Age-Restricted, Affordable Apartments",https://www.connectcre.com/stories/mcdowell-housing/,No,art_91a8100088a8bebe,Florida,other,Multifamily,financing/refinancing; policy/regulation; market data/supply-demand,개발/인허가,개발/인허가; 시장 데이터,No,article page appears accessible from collected text,No,No,standard,art_91a8100088a8bebe,https://www.connectcre.com/stories/mcdowell-housing/,"McDowell Starts Work on Hudson Age-Restricted, Affordable Apartments",open,open,https://www.connectcre.com/stories/mcdowell-housing/,valid,title/source/url metadata are internally consistent,Development Activity,GP / Capital Activity; Market Intelligence,development_project_anchor: project financing/capital event tied to project (project/asset term: development; project financing tied to anchor: construction loan),new_or_fresh,0,2026-08-21,2026-08-21,0,fresh_0_3d,fresh,published date parsed; article age 0 day(s),100,fresh article or no repeat penalty,,Florida,matched state keyword: Florida,construction_financing,new_candidate,selected or retained for GP / capital review,Yes,Affordable Apartments McDowell Housing Partners,,capital_event_sentence,medium,Inferred entity from source text near capital-event language.,True,project/asset term: development; project financing tied to anchor: construction loan,high,Project Financing / Capital Event,No,,,Affordable Apartments McDowell Housing Partners,Affordable Apartments McDowell Housing Partners,,,Affordable Apartments McDowell Housing Partners,,capital_markets,supply_demand,construction_financing,none,supply_pressure,none,construction_loan,affordable_housing,lender; public_agency; developer,Market reference detected as Florida.,medium,Capital event keywords detected: construction_financing. Financing type keywords detected: construction_loan. Supply/demand terms detected: supply_pressure. Primary topic set to capital_markets; confidence medium.,75,72,multi-phase development,60
2026-08-21,20260821-232352-ea0d6aef,2026-08-21 23:23:07,Yield PRO,Core Multifamily News,Tier 1,lease_up_supply;national_multifamily,Other,Apartment,"Fri, 21 Aug 2026 19:01:39 +0000",84,High,Review,Other / Unknown,Institutional Flow,Track Institutional Capital Flow,"Track this as institutional capital flow because it mentions major capital players, portfolio transactions, deal size, or cap-rate signals.",High relevance to US residential developer strategy,Add to weekly strategy memo,"Included because it scored 84 and mentions apartment, multifamily, sale, with a Institutional Flow angle for a broad or unspecified market.",Deal Size Signal,"$2.135m; $2.135 million; $164,230","Deal boom News Facebook Twitter Linkedin Interra Realty , a Chicago-based commercial real estate investment services firm announced it brokered the $2.135 million sale of 1433 W. Ardmore Ave. , a 13-unit multifamily building in Chicago’s Edgewater neighborhood. The transaction equates to $164,230 per unit. Interra Director Joe Braun represented the private seller. Interra Associate Tommy Richard represented the undisclosed local buyer. This is the first time the asset has traded hands in nearly ","You are a strategic research analyst for Woomi / Woomi Global.
Analyze the following US multifamily housing article for developer strategy.

Article context:
- Title: Interra Realty Brokers $2.135M Sale of Value-Add Multifamily Apartment Building in Chicago’s Edgewater Neighborhood
- Source: Yield PRO
- URL: https://yieldpro.com/2026/08/1433-ardmore-avenue/
- Market focus: Other / Unknown
- Strategic angle: Institutional Flow
- Market signal: Deal Size Signal
- Extracted numbers: $2.135m; $2.135 million; $164,230
- Strategic implication: Track this as institutional capital flow because it mentions major capital players, portfolio transactions, deal size, or cap-rate signals.
- Woomi relevance: High relevance to US residential developer strategy

Please answer in concise bullet points:
1. Why does this article matter for a US multifamily developer?
2. What is the implication for Woomi / Woomi Global?
3. What risk or opportunity does this indicate?
4. What follow-up question should the strategy team ask?",90,Excellent,missing market focus,"Rule-based interpretation: Yield PRO article 'Interra Realty Brokers $2.135M Sale of Value-Add Multifamily Apartment Building in Chicago’s Edgewater Neighborhood' is classified as review for Other / Unknown. It points to institutional capital movement or transaction activity. Treat as a briefing input, not a standalone investment conclusion; confirm with source diversity, repeat observation, and market-specific evidence.",Macro & Financing; Market Players & Deals,apartment; multifamily; sale; transaction,Interra Realty Brokers $2.135M Sale of Value-Add Multifamily Apartment Building in Chicago’s Edgewater Neighborhood,https://yieldpro.com/2026/08/1433-ardmore-avenue/,No,art_c3647e93379bee26,Other / Unknown,other,Multifamily,,거래/투자,거래/투자; 시장 데이터,No,article page appears accessible from collected text,No,No,standard,art_c3647e93379bee26,https://yieldpro.com/2026/08/1433-ardmore-avenue/,Interra Realty Brokers $2.135M Sale of Value-Add Multifamily Apartment Building in Chicago’s Edgewater Neighborhood,open,open,https://yieldpro.com/2026/08/1433-ardmore-avenue/,valid,title/source/url metadata are internally consistent,Development Activity,GP / Capital Activity,development_project_anchor: capital event with identifiable project/asset (unit/site count: 13-unit; address/street: 1433 w. ardmore ave),new_or_fresh,0,2026-08-21,2026-08-21,0,fresh_0_3d,fresh,published date parsed; article age 0 day(s),100,fresh article or no repeat penalty,,,"no city, state, or market keyword detected",none,not_candidate,not a GP / capital candidate,No,,,,,,True,unit/site count: 13-unit; address/street: 1433 w. ardmore ave,high,Project / Asset,No,,,,,,,,,transaction_market,capital_markets; development_pipeline,disposition,renovation_repositioning,none,none,none,value_add,lender; broker,No specific market detected; relevance remains broad.,medium,Capital event keywords detected: disposition. Development-stage terms detected: renovation_repositioning. Primary topic set to transaction_market; confidence medium.,75,54,general market observation with limited strategic behavior evidence,60
2026-08-21,20260821-232352-ea0d6aef,2026-08-21 23:23:35,Connect CRE Apartments,Site / Parcel Source Expansion,Tier 2,development_pipeline;gp_activity;national_multifamily,Other,Apartment,"Fri, 21 Aug 2026 17:46:27 +0000",84,High,Review,Other / Unknown,Institutional Flow,Track Institutional Capital Flow,"Track this as institutional capital flow because it mentions major capital players, portfolio transactions, deal size, or cap-rate signals.",High relevance to US residential developer strategy,Add to weekly strategy memo,"Included because it scored 84 and mentions apartment, apartments, midwest, with a Institutional Flow angle for a broad or unspecified market.",Deal Size Signal,$20m; $20.4 million; $20.4,"Chicago & Midwest CRE News In Your Inbox. Sign up for Connect emails to stay informed with CRE stories that are 150 words or less. Chicago & Midwest + Downtown + Apartments | August 21, 2026 By: Jasmine Kilman Marcus & Millichap Arranges $20M Sale of Chicago Multifamily Property Marcus & Millichap completed the sale of 1515 N Fremont St., a 98-unit multifamily property with approximately 4,000 square feet of commercial space in Chicago’s Lincoln Park neighborhood. The property sold for $20.4 mil","You are a strategic research analyst for Woomi / Woomi Global.
Analyze the following US multifamily housing article for developer strategy.

Article context:
- Title: Marcus & Millichap Arranges $20M Sale of Chicago Multifamily Property
- Source: Connect CRE Apartments
- URL: https://www.connectcre.com/stories/marcus-millichap-arranges-20m-sale-of-chicago-multifamily-property/
- Market focus: Other / Unknown
- Strategic angle: Institutional Flow
- Market signal: Deal Size Signal
- Extracted numbers: $20m; $20.4 million; $20.4
- Strategic implication: Track this as institutional capital flow because it mentions major capital players, portfolio transactions, deal size, or cap-rate signals.
- Woomi relevance: High relevance to US residential developer strategy

Please answer in concise bullet points:
1. Why does this article matter for a US multifamily developer?
2. What is the implication for Woomi / Woomi Global?
3. What risk or opportunity does this indicate?
4. What follow-up question should the strategy team ask?",90,Excellent,missing market focus,"Rule-based interpretation: Connect CRE Apartments article 'Marcus & Millichap Arranges $20M Sale of Chicago Multifamily Property' is classified as review for Other / Unknown. It points to institutional capital movement or transaction activity. Treat as a briefing input, not a standalone investment conclusion; confirm with source diversity, repeat observation, and market-specific evidence.",Macro & Financing; Supply & Demand; Market Players & Deals,apartment; apartments; midwest; multifamily; sale,Marcus & Millichap Arranges $20M Sale of Chicago Multifamily Property,https://www.connectcre.com/stories/marcus-millichap-arranges-20m-sale-of-chicago-multifamily-property/,No,art_eba2fd440a739bda,Other / Unknown,other,Multifamily,delivery/completion; transaction/sale; market data/supply-demand,개발/인허가,개발/인허가; 거래/투자; 시장 데이터,No,article page appears accessible from collected text,No,No,standard,art_eba2fd440a739bda,https://www.connectcre.com/stories/marcus-millichap-arranges-20m-sale-of-chicago-multifamily-property/,Marcus & Millichap Arranges $20M Sale of Chicago Multifamily Property,open,open,https://www.connectcre.com/stories/marcus-millichap-arranges-20m-sale-of-chicago-multifamily-property/,valid,title/source/url metadata are internally consistent,Development Activity,GP / Capital Activity,development_project_anchor: capital event with identifiable project/asset (unit/site count: 98-unit; address/street: 1515 n fremont st; project/asset term: apartments),new_or_fresh,0,2026-08-21,2026-08-21,0,fresh_0_3d,fresh,published date parsed; article age 0 day(s),100,fresh article or no repeat penalty,,,"no city, state, or market keyword detected",disposition_exit,new_candidate,development article without confirmed capital event,No,Marcus & Millichap,,dictionary_match,high,"Matched known institutional / GP entity in title, summary, or source text.",True,unit/site count: 98-unit; address/street: 1515 n fremont st; project/asset term: apartments,high,Project / Asset,No,,,Marcus & Millichap,,,,Marcus & Millichap,,development_pipeline,capital_markets,disposition,delivery,none,none,none,unknown,lender; broker,No specific market detected; relevance remains broad.,medium,Capital event keywords detected: disposition. Development-stage terms detected: delivery. Primary topic set to development_pipeline; confidence medium.,75,54,general market observation with limited strategic behavior evidence,60
2026-08-21,20260821-232352-ea0d6aef,2026-08-21 23:23:10,Yield PRO,Core Multifamily News,Tier 1,lease_up_supply;national_multifamily,Other,Apartment,"Fri, 21 Aug 2026 17:22:27 +0000",87,High,Must Read,Louisiana,Financing Risk; Rent Growth / Demand; Institutional Flow,Track Financing Conditions; Track Rent / Vacancy Trend; Track Institutional Capital Flow,"Monitor financing conditions because the article includes apartment, apartments, financing and $4m, $4,015,000, which may affect construction loans, refinancing risk, and exit cap rates.",High relevance to US residential developer strategy,Read full article,"Included because it scored 87 and mentions apartment, apartments, financing, with a Financing Risk; Rent Growth / Demand; Institutional Flow angle for Louisiana.",Deal Size Signal,"$4m; $4,015,000","Deal boom News Facebook Twitter Linkedin Marcus & Millichap (NYSE: MMI) , a leading commercial real estate brokerage firm specializing in investment sales, financing, research and advisory services, announced the sale of Louisiana Apartments in Fort Pierce, Florida . The asset sold for $4,015,000. “This sale is a testament to the continued demand for true value-add opportunities throughout Florida,” said River Rhoads, director investments in Marcus & Millichap’s Fort Lauderdale office. “The prop","You are a strategic research analyst for Woomi / Woomi Global.
Analyze the following US multifamily housing article for developer strategy.

Article context:
- Title: Marcus & Millichap Brokers $4M Sale of Multifamily Asset in Fort Pierce Florida
- Source: Yield PRO
- URL: https://yieldpro.com/2026/08/louisiana-apartments/
- Market focus: Louisiana
- Strategic angle: Financing Risk; Rent Growth / Demand; Institutional Flow
- Market signal: Deal Size Signal
- Extracted numbers: $4m; $4,015,000
- Strategic implication: Monitor financing conditions because the article includes apartment, apartments, financing and $4m, $4,015,000, which may affect construction loans, refinancing risk, and exit cap rates.
- Woomi relevance: High relevance to US residential developer strategy

Please answer in concise bullet points:
1. Why does this article matter for a US multifamily developer?
2. What is the implication for Woomi / Woomi Global?
3. What risk or opportunity does this indicate?
4. What follow-up question should the strategy team ask?",98,Excellent,None,"Rule-based interpretation: Yield PRO article 'Marcus & Millichap Brokers $4M Sale of Multifamily Asset in Fort Pierce Florida' is classified as priority review for Louisiana. It points to financing, refinancing, or debt-market conditions. Treat as a briefing input, not a standalone investment conclusion; confirm with source diversity, repeat observation, and market-specific evidence.",Macro & Financing; Market Players & Deals,apartment; apartments; financing; multifamily; sale,Marcus & Millichap Brokers $4M Sale of Multifamily Asset in Fort Pierce Florida,https://yieldpro.com/2026/08/louisiana-apartments/,No,art_8c1f00370984b04f,Miami / South Florida,core_15,Multifamily,transaction/sale; market data/supply-demand; rent/occupancy/absorption,거래/투자,거래/투자; 운영/임대; 시장 데이터,No,article page appears accessible from collected text,Yes,No,standard,art_8c1f00370984b04f,https://yieldpro.com/2026/08/louisiana-apartments/,Marcus & Millichap Brokers $4M Sale of Multifamily Asset in Fort Pierce Florida,open,open,https://yieldpro.com/2026/08/louisiana-apartments/,valid,title/source/url metadata are internally consistent,Development Activity,GP / Capital Activity; Market Intelligence,development_project_anchor: capital event with identifiable project/asset (project/asset term: apartments),new_or_fresh,0,2026-08-21,2026-08-21,0,fresh_0_3d,fresh,published date parsed; article age 0 day(s),100,fresh article or no repeat penalty,,Louisiana,matched state keyword: Louisiana,none,not_candidate,not a GP / capital candidate,No,,,,,,True,project/asset term: apartments,medium,Project / Asset,No,,,,,,,,,transaction_market,capital_markets; development_pipeline,disposition,renovation_repositioning,effective_rent_growth,none,none,value_add,lender; broker,Market reference detected as Louisiana.,medium,Capital event keywords detected: disposition. Development-stage terms detected: renovation_repositioning. Supply/demand terms detected: effective_rent_growth. Primary topic set to transaction_market; confidence medium.,90,57,general market observation with limited strategic behavior evidence,59
2026-08-21,20260821-232352-ea0d6aef,2026-08-21 23:23:39,Connect CRE South Florida,Site / Parcel Source Expansion,Tier 2,development_pipeline;gp_activity;sunbelt,Other,Apartment,"Mon, 17 Aug 2026 13:37:43 +0000",84,High,Review,Miami / Florida,Financing Risk; Developer Strategy,Track Financing Conditions; Track Developer Strategy,"Monitor financing conditions because the article includes apartment, apartments, construction and no specific number, which may affect construction loans, refinancing risk, and exit cap rates.",Medium relevance to market monitoring,Track source for follow-up,"Included because it scored 84 and mentions apartment, apartments, construction, with a Financing Risk; Developer Strategy angle for Miami / Florida.",No Clear Numeric Signal,,"Florida & Gulf Coast CRE News In Your Inbox. Sign up for Connect emails to stay informed with CRE stories that are 150 words or less. Florida & Gulf Coast + South Florida + Apartments | August 17, 2026 By: Mike Boyd NRP Advancing 312-Unit Port St. Lucie Apartment Venture The NRP Group broke ground on its newest luxury apartment community, a 312-unit development within the 10,000-acre Tradition master-planned community at 13661 SW Village Parkway in Port St. Lucie. M&T Bank provided construction ","You are a strategic research analyst for Woomi / Woomi Global.
Analyze the following US multifamily housing article for developer strategy.

Article context:
- Title: NRP Advancing 312-Unit Port St. Lucie Apartment Venture
- Source: Connect CRE South Florida
- URL: https://www.connectcre.com/stories/nrp-advancing-312-unit-port-st-lucie-apartment-venture/
- Market focus: Miami / Florida
- Strategic angle: Financing Risk; Developer Strategy
- Market signal: No Clear Numeric Signal
- Extracted numbers: None detected
- Strategic implication: Monitor financing conditions because the article includes apartment, apartments, construction and no specific number, which may affect construction loans, refinancing risk, and exit cap rates.
- Woomi relevance: Medium relevance to market monitoring

Please answer in concise bullet points:
1. Why does this article matter for a US multifamily developer?
2. What is the implication for Woomi / Woomi Global?
3. What risk or opportunity does this indicate?
4. What follow-up question should the strategy team ask?",82,Good,missing extracted numbers; missing market signal,"Rule-based interpretation: Connect CRE South Florida article 'NRP Advancing 312-Unit Port St. Lucie Apartment Venture' is classified as review for Miami / Florida. It points to financing, refinancing, or debt-market conditions. Treat as a briefing input, not a standalone investment conclusion; confirm with source diversity, repeat observation, and market-specific evidence.",Macro & Financing; Development Strategy,apartment; apartments; construction; development; financing,NRP Advancing 312-Unit Port St. Lucie Apartment Venture,https://www.connectcre.com/stories/nrp-advancing-312-unit-port-st-lucie-apartment-venture/,Yes,art_843a4ad40d246427,Miami / South Florida,core_15,Multifamily,,개발/인허가,개발/인허가; 시장 데이터,No,article page appears accessible from collected text,Yes,No,standard,art_843a4ad40d246427,https://www.connectcre.com/stories/nrp-advancing-312-unit-port-st-lucie-apartment-venture/,NRP Advancing 312-Unit Port St. Lucie Apartment Venture,open,open,https://www.connectcre.com/stories/nrp-advancing-312-unit-port-st-lucie-apartment-venture/,valid,title/source/url metadata are internally consistent,Development Activity,,development_project_anchor: Construction Start (unit/site count: 312-unit; address/street: 13661 sw village parkway in port st; execution milestone: broke ground; project/asset term: development),acceptable_repeat,4,2026-08-17,2026-08-21,4,fresh_0_3d,fresh,published date parsed; article age 4 day(s),66,previously seen article,Miami,Florida,matched city/metro keyword: Miami,debt_financing,repeated_but_retained,development article without confirmed capital event,No,M&T Bank,,capital_event_sentence,medium,Inferred entity from source text near capital-event language.,True,unit/site count: 312-unit; address/street: 13661 sw village parkway in port st; execution milestone: broke ground; project/asset term: development,high,Construction Start,No,,,M&T Bank,M&T Bank,,,M&T Bank,,development_pipeline,none,none,construction_start,none,none,none,unknown,lender; developer,Market reference detected as Miami / Florida.,low,Development-stage terms detected: construction_start. Primary topic set to development_pipeline; confidence low.,75,60,development continuation; classification confidence penalty,58
2026-08-21,20260821-232352-ea0d6aef,2026-08-21 23:23:32,REBusiness Online,Site / Parcel Source Expansion,Tier 2,development_pipeline;gp_activity,Other,Affordable Housing,2026-08-21T13:09:47Z,84,High,Review,Other / Unknown,Financing Risk; Developer Strategy,Track Financing Conditions; Track Developer Strategy,"Monitor financing conditions because the article includes conversion, development, financing and $1,996, $4,887, 117 units, which may affect construction loans, refinancing risk, and exit cap rates.",Medium relevance to market monitoring,Track source for follow-up,"Included because it scored 84 and mentions conversion, development, financing, with a Financing Risk; Developer Strategy angle for a broad or unspecified market.",Rent Growth Signal,"$1,996; $4,887; 117 units; $4,887 per month","The Bellwether rises 14 stories with 117 units. The property at 79 W. Monroe was formerly an office building constructed in 1905. Development Illinois Midwest Multifamily First Move-Ins to Begin Soon at The Bellwether Office-to-Residential Conversion Project in Chicago by Kristin Harlow August 21, 2026 August 21, 2026 5 CHICAGO — First move-ins are expected to begin later this month or early September for The Bellwether, an office-to-residential conversion of the building at 79 W. Monroe in Chic","You are a strategic research analyst for Woomi / Woomi Global.
Analyze the following US multifamily housing article for developer strategy.

Article context:
- Title: First Move-Ins to Begin Soon at The Bellwether Office-to-Residential Conversion Project in Chicago
- Source: REBusiness Online
- URL: https://rebusinessonline.com/first-move-ins-to-begin-soon-at-the-bellwether-office-to-residential-conversion-in-chicago/
- Market focus: Other / Unknown
- Strategic angle: Financing Risk; Developer Strategy
- Market signal: Rent Growth Signal
- Extracted numbers: $1,996; $4,887; 117 units; $4,887 per month
- Strategic implication: Monitor financing conditions because the article includes conversion, development, financing and $1,996, $4,887, 117 units, which may affect construction loans, refinancing risk, and exit cap rates.
- Woomi relevance: Medium relevance to market monitoring

Please answer in concise bullet points:
1. Why does this article matter for a US multifamily developer?
2. What is the implication for Woomi / Woomi Global?
3. What risk or opportunity does this indicate?
4. What follow-up question should the strategy team ask?",90,Excellent,missing market focus,"Rule-based interpretation: REBusiness Online article 'First Move-Ins to Begin Soon at The Bellwether Office-to-Residential Conversion Project in Chicago' is classified as review for Other / Unknown. It points to financing, refinancing, or debt-market conditions. Treat as a briefing input, not a standalone investment conclusion; confirm with source diversity, repeat observation, and market-specific evidence.",Macro & Financing; Supply & Demand; Development Strategy,conversion; development; financing; midwest; multifamily; office-to-residential,First Move-Ins to Begin Soon at The Bellwether Office-to-Residential Conversion Project in Chicago,https://rebusinessonline.com/first-move-ins-to-begin-soon-at-the-bellwether-office-to-residential-conversion-in-chicago/,No,art_01678171fe229650,Other / Unknown,other,Affordable Housing,market data/supply-demand; rent/occupancy/absorption,개발/인허가,개발/인허가; 운영/임대; 시장 데이터,No,article page appears accessible from collected text,No,No,standard,art_01678171fe229650,https://rebusinessonline.com/first-move-ins-to-begin-soon-at-the-bellwether-office-to-residential-conversion-in-chicago/,First Move-Ins to Begin Soon at The Bellwether Office-to-Residential Conversion Project in Chicago,open,open,https://rebusinessonline.com/first-move-ins-to-begin-soon-at-the-bellwether-office-to-residential-conversion-in-chicago/,valid,title/source/url metadata are internally consistent,Development Activity,,development_project_anchor: Project / Asset (unit/site count: 117 units; project/asset term: project),new_or_fresh,0,2026-08-21,2026-08-21,0,fresh_0_3d,fresh,published date parsed; article age 0 day(s),100,fresh article or no repeat penalty,,,"no city, state, or market keyword detected",debt_financing,new_candidate,development article without confirmed capital event,No,Participant not identified,,unresolved,unresolved,"No institution name detected in dictionary, title, summary, or source text.",True,unit/site count: 117 units; project/asset term: project,high,Project / Asset,No,,,,,,,,,development_pipeline,supply_demand,none,lease_up; adaptive_reuse,effective_rent_growth,none,none,adaptive_reuse,lender; developer,No specific market detected; relevance remains broad.,medium,"Development-stage terms detected: lease_up, adaptive_reuse. Supply/demand terms detected: effective_rent_growth. Primary topic set to development_pipeline; confidence medium.",60,50,general market observation with limited strategic behavior evidence,56
2026-08-21,20260821-232352-ea0d6aef,2026-08-21 23:23:30,REBusiness Online,Site / Parcel Source Expansion,Tier 2,development_pipeline;gp_activity,Other,Multifamily,2026-08-21T15:07:31Z,75,Medium,Review,Texas,Financing Risk; Developer Strategy,Track Financing Conditions; Track Developer Strategy,"Monitor financing conditions because the article includes construction, development, loan and $50.1m, $50.1 million, which may affect construction loans, refinancing risk, and exit cap rates.",Medium relevance to market monitoring,Track source for follow-up,"Included because it scored 75 and mentions construction, development, loan, with a Financing Risk; Developer Strategy angle for Dallas / Texas.",No Clear Numeric Signal,$50.1m; $50.1 million,"A tentative completion date for Aura Brookview, a new multifamily project in Flower Mound, was not announced. Development Loans Multifamily Texas Associated Bank Provides $50.1M Construction Loan for Multifamily Project in Flower Mound, Texas by Taylor Williams August 21, 2026 August 21, 2026 1 FLOWER MOUND, TEXAS — Associated Bank has provided a $50.1 million construction loan for Aura Brookview, a 300-unit multifamily project in Flower Mound, located in the northern-central part of the metropl","You are a strategic research analyst for Woomi / Woomi Global.
Analyze the following US multifamily housing article for developer strategy.

Article context:
- Title: Associated Bank Provides $50.1M Construction Loan for Multifamily Project in Flower Mound, Texas
- Source: REBusiness Online
- URL: https://rebusinessonline.com/associated-bank-provides-50-1m-construction-loan-for-multifamily-project-in-flower-mound-texas/
- Market focus: Dallas / Texas
- Strategic angle: Financing Risk; Developer Strategy
- Market signal: No Clear Numeric Signal
- Extracted numbers: $50.1m; $50.1 million
- Strategic implication: Monitor financing conditions because the article includes construction, development, loan and $50.1m, $50.1 million, which may affect construction loans, refinancing risk, and exit cap rates.
- Woomi relevance: Medium relevance to market monitoring

Please answer in concise bullet points:
1. Why does this article matter for a US multifamily developer?
2. What is the implication for Woomi / Woomi Global?
3. What risk or opportunity does this indicate?
4. What follow-up question should the strategy team ask?",90,Excellent,missing market signal,"Rule-based interpretation: REBusiness Online article 'Associated Bank Provides $50.1M Construction Loan for Multifamily Project in Flower Mound, Texas' is classified as review for Dallas / Texas. It points to financing, refinancing, or debt-market conditions. Treat as a briefing input, not a standalone investment conclusion; confirm with source diversity, repeat observation, and market-specific evidence.",Macro & Financing; Development Strategy,construction; development; loan; multifamily,"Associated Bank Provides $50.1M Construction Loan for Multifamily Project in Flower Mound, Texas",https://rebusinessonline.com/associated-bank-provides-50-1m-construction-loan-for-multifamily-project-in-flower-mound-texas/,No,art_95150e6c3535c5a9,Texas,other,Multifamily,development; delivery/completion; financing/refinancing,제외/금융,제외/금융,Yes,article page appears accessible from collected text,No,No,standard,art_95150e6c3535c5a9,https://rebusinessonline.com/associated-bank-provides-50-1m-construction-loan-for-multifamily-project-in-flower-mound-texas/,"Associated Bank Provides $50.1M Construction Loan for Multifamily Project in Flower Mound, Texas",open,open,https://rebusinessonline.com/associated-bank-provides-50-1m-construction-loan-for-multifamily-project-in-flower-mound-texas/,valid,title/source/url metadata are internally consistent,Development Activity,GP / Capital Activity,development_project_anchor: project financing/capital event tied to project (unit/site count: 300-unit; project/asset term: project; project financing tied to anchor: construction loan),new_or_fresh,0,2026-08-21,2026-08-21,0,fresh_0_3d,fresh,published date parsed; article age 0 day(s),100,fresh article or no repeat penalty,,Texas,matched state keyword: Texas,construction_financing,new_candidate,selected or retained for GP / capital review,Yes,Associated Bank,Development Loans Multifamily Texas Associated Bank,title_lead_pattern,medium,Inferred entity from headline lead segment and capital-event verb.,True,unit/site count: 300-unit; project/asset term: project; project financing tied to anchor: construction loan,high,Project Financing / Capital Event,No,,,Associated Bank,Associated Bank,Development Loans Multifamily Texas Associated Bank,Development Loans Multifamily Texas Associated Bank,Associated Bank,Development Loans Multifamily Texas Associated Bank,capital_markets,development_pipeline,construction_financing,delivery,none,none,construction_loan,unknown,lender; developer,Market reference detected as Texas.,high,Capital event keywords detected: construction_financing. Financing type keywords detected: construction_loan. Development-stage terms detected: delivery. Primary topic set to capital_markets; confidence high.,90,57,general market observation with limited strategic behavior evidence,55
2026-08-21,20260821-232352-ea0d6aef,2026-08-21 23:23:26,Urbanize LA,Regional / California / LA Sources,Tier 2,development_pipeline;entitlement;la_california,Other,Senior Housing,"Thu, 20 Aug 2026 13:05:00 +0000",100,High,Must Read,California,Developer Strategy,Track Developer Strategy,"Track rent and vacancy conditions because the article points to demand, occupancy, rent, vacancy, or concession signals in California.",High relevance to US residential developer strategy,Read full article,"Included because it scored 100 and mentions affordable housing, apartment, apartments, with a Developer Strategy angle for California.",Rent Growth Signal,"$175; 9,000 homes","338-unit affordable housing development underway in Tustin | Urbanize LA Skip to main content Advertisement Advertisement USA Properties Fund and the Irvine Company have commenced work on a $175-million affordable housing complex in Tustin . The project, named Terracina at Tustin Legacy, broke ground earlier this month on a site located at 2265 Airship Avenue and 16055 Compass Avenue. Plans call for the construction of a pair of four-story buildings containing 338 one-, two-, and three-bedroom a","You are a strategic research analyst for Woomi / Woomi Global.
Analyze the following US multifamily housing article for developer strategy.

Article context:
- Title: 338-unit affordable housing development underway in Tustin
- Source: Urbanize LA
- URL: https://la.urbanize.city/post/338-unit-affordable-housing-development-underway-tustin
- Market focus: California
- Strategic angle: Developer Strategy
- Market signal: Rent Growth Signal
- Extracted numbers: $175; 9,000 homes
- Strategic implication: Track rent and vacancy conditions because the article points to demand, occupancy, rent, vacancy, or concession signals in California.
- Woomi relevance: High relevance to US residential developer strategy

Please answer in concise bullet points:
1. Why does this article matter for a US multifamily developer?
2. What is the implication for Woomi / Woomi Global?
3. What risk or opportunity does this indicate?
4. What follow-up question should the strategy team ask?",98,Excellent,None,"Rule-based interpretation: Urbanize LA article '338-unit affordable housing development underway in Tustin' is classified as priority review for California. It points to development execution or sponsor strategy. Treat as a briefing input, not a standalone investment conclusion; confirm with source diversity, repeat observation, and market-specific evidence.",Development Strategy; Policy & Regulation,affordable housing; apartment; apartments; construction; development; renter; renters; senior housing,338-unit affordable housing development underway in Tustin,https://la.urbanize.city/post/338-unit-affordable-housing-development-underway-tustin,Yes,art_8381169c616321e5,Los Angeles / Southern California,core_15,Senior Housing,policy/regulation; rent/occupancy/absorption,개발/인허가,개발/인허가; 운영/임대; 시장 데이터,No,limited source or insufficient readable article text,Yes,No,access_limited_source,art_8381169c616321e5,https://la.urbanize.city/post/338-unit-affordable-housing-development-underway-tustin,338-unit affordable housing development underway in Tustin,access_limited,access_limited,https://la.urbanize.city/post/338-unit-affordable-housing-development-underway-tustin,valid,title/source/url metadata are internally consistent,Development Activity,GP / Capital Activity; Market Intelligence,development_project_anchor: capital event with identifiable project/asset (unit/site count: 338-unit; address/street: 2265 airship avenue and 16055 compass avenue; execution milestone: broke ground; site/parcel signal: site; project/asset term: project),acceptable_repeat,1,2026-08-20,2026-08-21,1,fresh_0_3d,fresh,published date parsed; article age 1 day(s),66,previously seen article; limited page access,,,used broad market bucket: California,none,not_candidate,not a GP / capital candidate,No,,,,,,True,unit/site count: 338-unit; address/street: 2265 airship avenue and 16055 compass avenue; execution milestone: broke ground; site/parcel signal: site; project/asset term: project,high,Construction Start,No,,,,,,,,,research_data,none,none,none,none,none,none,affordable_housing,developer,Market reference detected as California.,unknown,"Limited/paywalled article; classification is based on title, URL, source, and available lead text only. No clear rule-based event keyword was detected. Primary topic set to research_data; confidence unknown.",60,66,sponsor expansion; development continuation; limited article: title/lead-based review needed; classification confidence penalty,54
2026-08-21,20260821-232352-ea0d6aef,2026-08-21 23:23:29,REBusiness Online,Site / Parcel Source Expansion,Tier 2,development_pipeline;gp_activity,Other,Affordable Housing,2026-08-21T15:17:14Z,100,High,Must Read,Seattle,Financing Risk,Track Financing Conditions,"Monitor financing conditions because the article includes apartment, apartments, cushman and $250m, $250 million, 506 apartments, which may affect construction loans, refinancing risk, and exit cap rates.",High relevance to US residential developer strategy,Read full article,"Included because it scored 100 and mentions apartment, apartments, cushman, with a Financing Risk angle for Seattle.",No Clear Numeric Signal,$250m; $250 million; 506 apartments,"Located in Seattle, Museum House features 506 apartments across two towers connected by a glass-enclosed skybridge approximately 300 feet above ground. Loans Multifamily Washington Western Cushman & Wakefield Arranges $250M Refinancing for 506-Unit Multifamily Property in Seattle by Amy Works August 21, 2026 August 21, 2026 8 SEATTLE — Cushman & Wakefield has arranged a $250 million refinancing for Museum House, an apartment community in Seattle. Dave Karson, Christopher Moyer, Alex Lapidus and ","You are a strategic research analyst for Woomi / Woomi Global.
Analyze the following US multifamily housing article for developer strategy.

Article context:
- Title: Cushman & Wakefield Arranges $250M Refinancing for 506-Unit Multifamily Property in Seattle
- Source: REBusiness Online
- URL: https://rebusinessonline.com/cushman-wakefield-arranges-250m-refinancing-for-506-unit-multifamily-property-in-seattle/
- Market focus: Seattle
- Strategic angle: Financing Risk
- Market signal: No Clear Numeric Signal
- Extracted numbers: $250m; $250 million; 506 apartments
- Strategic implication: Monitor financing conditions because the article includes apartment, apartments, cushman and $250m, $250 million, 506 apartments, which may affect construction loans, refinancing risk, and exit cap rates.
- Woomi relevance: High relevance to US residential developer strategy

Please answer in concise bullet points:
1. Why does this article matter for a US multifamily developer?
2. What is the implication for Woomi / Woomi Global?
3. What risk or opportunity does this indicate?
4. What follow-up question should the strategy team ask?",90,Excellent,missing market signal,"Rule-based interpretation: REBusiness Online article 'Cushman & Wakefield Arranges $250M Refinancing for 506-Unit Multifamily Property in Seattle' is classified as priority review for Seattle. It points to financing, refinancing, or debt-market conditions. Treat as a briefing input, not a standalone investment conclusion; confirm with source diversity, repeat observation, and market-specific evidence.",Macro & Financing; Market Players & Deals,apartment; apartments; cushman; financing; loan; multifamily; refinancing,Cushman & Wakefield Arranges $250M Refinancing for 506-Unit Multifamily Property in Seattle,https://rebusinessonline.com/cushman-wakefield-arranges-250m-refinancing-for-506-unit-multifamily-property-in-seattle/,No,art_3a93f7f24c841c69,Seattle,core_15,Affordable Housing,financing/refinancing,제외/금융,제외/금융,Yes,article page appears accessible from collected text,Yes,No,standard,art_3a93f7f24c841c69,https://rebusinessonline.com/cushman-wakefield-arranges-250m-refinancing-for-506-unit-multifamily-property-in-seattle/,Cushman & Wakefield Arranges $250M Refinancing for 506-Unit Multifamily Property in Seattle,open,open,https://rebusinessonline.com/cushman-wakefield-arranges-250m-refinancing-for-506-unit-multifamily-property-in-seattle/,valid,title/source/url metadata are internally consistent,Development Activity,GP / Capital Activity,development_project_anchor: project financing/capital event tied to project (unit/site count: 506-unit; project/asset term: community),new_or_fresh,0,2026-08-21,2026-08-21,0,fresh_0_3d,fresh,published date parsed; article age 0 day(s),100,fresh article or no repeat penalty,,,used broad market bucket: Seattle,refinancing,new_candidate,selected or retained for GP / capital review,Yes,Participant not identified,,unresolved,unresolved,"No institution name detected in dictionary, title, summary, or source text.",True,unit/site count: 506-unit; project/asset term: community,high,Project Financing / Capital Event,No,,,,,,,,,capital_markets,none,refinancing,none,none,none,none,unknown,lender; broker,Market reference detected as Seattle.,low,Capital event keywords detected: refinancing. Primary topic set to capital_markets; confidence low.,75,54,large-scale refinance tied to strategy; classification confidence penalty,46
2026-08-21,20260821-232352-ea0d6aef,2026-08-21 23:23:31,REBusiness Online,Site / Parcel Source Expansion,Tier 2,development_pipeline;gp_activity,Other,Student Housing,2026-08-21T14:17:43Z,84,High,Review,Atlanta / Georgia,Developer Strategy,Track Developer Strategy,"Review for developer strategy because the article may inform site selection, product type, adaptive reuse, build-to-rent, or market entry.",Medium relevance to market monitoring,Track source for follow-up,"Included because it scored 84 and mentions apartment, apartments, development, with a Developer Strategy angle for Atlanta / Georgia.",No Clear Numeric Signal,191 apartments,"The Hall, a new off-campus student housing community located near FSU, features 191 apartments across two mid-rise buildings. Development Florida Southeast Student Housing Portman, 908 Group Deliver 674-Bed Student Housing Community Near Florida State University by Abby Cox August 21, 2026 August 21, 2026 4 TALLAHASSEE, FLA. — Atlanta-based Portman and Tampa-based 908 Group, along with Canyon Partners Real Estate and PTM Partners, have opened The Hall, a 674-bed student housing community near Fl","You are a strategic research analyst for Woomi / Woomi Global.
Analyze the following US multifamily housing article for developer strategy.

Article context:
- Title: Portman, 908 Group Deliver 674-Bed Student Housing Community Near Florida State University
- Source: REBusiness Online
- URL: https://rebusinessonline.com/portman-908-group-deliver-674-bed-student-housing-community-near-florida-state-university/
- Market focus: Atlanta / Georgia
- Strategic angle: Developer Strategy
- Market signal: No Clear Numeric Signal
- Extracted numbers: 191 apartments
- Strategic implication: Review for developer strategy because the article may inform site selection, product type, adaptive reuse, build-to-rent, or market entry.
- Woomi relevance: Medium relevance to market monitoring

Please answer in concise bullet points:
1. Why does this article matter for a US multifamily developer?
2. What is the implication for Woomi / Woomi Global?
3. What risk or opportunity does this indicate?
4. What follow-up question should the strategy team ask?",90,Excellent,missing market signal,"Rule-based interpretation: REBusiness Online article 'Portman, 908 Group Deliver 674-Bed Student Housing Community Near Florida State University' is classified as review for Atlanta / Georgia. It points to development execution or sponsor strategy. Treat as a briefing input, not a standalone investment conclusion; confirm with source diversity, repeat observation, and market-specific evidence.",Development Strategy,apartment; apartments; development; student housing,"Portman, 908 Group Deliver 674-Bed Student Housing Community Near Florida State University",https://rebusinessonline.com/portman-908-group-deliver-674-bed-student-housing-community-near-florida-state-university/,No,art_e0fec1341bfff124,Atlanta,core_15,Student Housing,,개발/인허가,개발/인허가,No,article page appears accessible from collected text,Yes,No,standard,art_e0fec1341bfff124,https://rebusinessonline.com/portman-908-group-deliver-674-bed-student-housing-community-near-florida-state-university/,"Portman, 908 Group Deliver 674-Bed Student Housing Community Near Florida State University",open,open,https://rebusinessonline.com/portman-908-group-deliver-674-bed-student-housing-community-near-florida-state-university/,valid,title/source/url metadata are internally consistent,Development Activity,,development_project_anchor: Delivery / Opening (unit/site count: 674-bed; execution milestone: opened; project/asset term: development),new_or_fresh,0,2026-08-21,2026-08-21,0,fresh_0_3d,fresh,published date parsed; article age 0 day(s),100,fresh article or no repeat penalty,Atlanta,Georgia,matched city/metro keyword: Atlanta,none,not_candidate,not a GP / capital candidate,No,,,,,,True,unit/site count: 674-bed; execution milestone: opened; project/asset term: development,high,Delivery / Opening,No,,,,,,,,,development_pipeline,none,none,delivery,none,none,none,student_housing,developer,Market reference detected as Atlanta / Georgia.,low,Development-stage terms detected: delivery. Primary topic set to development_pipeline; confidence low.,60,40,classification confidence penalty,46
2026-08-21,20260821-232352-ea0d6aef,2026-08-21 23:23:26,Urbanize LA,Regional / California / LA Sources,Tier 2,development_pipeline;entitlement;la_california,Other,Mixed-Use Residential,"Wed, 19 Aug 2026 13:05:11 +0000",100,High,Must Read,Los Angeles / California,Regulation Risk; Developer Strategy,Track Regulation Risk; Track Developer Strategy,"Track rent and vacancy conditions because the article points to demand, occupancy, rent, vacancy, or concession signals in Los Angeles / California.",High relevance to US residential developer strategy,Read full article,"Included because it scored 100 and mentions apartment, apartments, construction, with a Regulation Risk; Developer Strategy angle for Los Angeles / California.",Rent Growth Signal,39 apartments,"39 apartments approved at 10535 W. Missouri Ave. in West L.A. | Urbanize LA Skip to main content Advertisement Advertisement A proposed multifamily residential development just south of Santa Monica Boulevard in West Los Angeles has cleared the Los Angeles City Planning Commission. The project, filed for approval last year by David Hanasab of Jenson Capital , would replace a duplex and a single-family home at 10535 W. Missouri Avenue . In their place, plans call for the construction of a new six","You are a strategic research analyst for Woomi / Woomi Global.
Analyze the following US multifamily housing article for developer strategy.

Article context:
- Title: 39 apartments approved at 10535 W. Missouri Ave. in West L.A.
- Source: Urbanize LA
- URL: https://la.urbanize.city/post/39-apartments-approved-10535-w-missouri-ave-west-la
- Market focus: Los Angeles / California
- Strategic angle: Regulation Risk; Developer Strategy
- Market signal: Rent Growth Signal
- Extracted numbers: 39 apartments
- Strategic implication: Track rent and vacancy conditions because the article points to demand, occupancy, rent, vacancy, or concession signals in Los Angeles / California.
- Woomi relevance: High relevance to US residential developer strategy

Please answer in concise bullet points:
1. Why does this article matter for a US multifamily developer?
2. What is the implication for Woomi / Woomi Global?
3. What risk or opportunity does this indicate?
4. What follow-up question should the strategy team ask?",98,Excellent,None,"Rule-based interpretation: Urbanize LA article '39 apartments approved at 10535 W. Missouri Ave. in West L.A.' is classified as priority review for Los Angeles / California. It points to entitlement, zoning, permitting, or policy conditions. Treat as a briefing input, not a standalone investment conclusion; confirm with source diversity, repeat observation, and market-specific evidence.",Development Strategy,apartment; apartments; construction; density bonus; development; multifamily; permit; zoning,39 apartments approved at 10535 W. Missouri Ave. in West L.A.,https://la.urbanize.city/post/39-apartments-approved-10535-w-missouri-ave-west-la,Yes,art_3013da8d6c557de6,Los Angeles / Southern California,core_15,Mixed-use Residential,development; permit/entitlement; policy/regulation; rent/occupancy/absorption,개발/인허가,개발/인허가; 운영/임대; 시장 데이터,No,limited source or insufficient readable article text,Yes,No,access_limited_source,art_3013da8d6c557de6,https://la.urbanize.city/post/39-apartments-approved-10535-w-missouri-ave-west-la,39 apartments approved at 10535 W. Missouri Ave. in West L.A.,access_limited,access_limited,https://la.urbanize.city/post/39-apartments-approved-10535-w-missouri-ave-west-la,valid,title/source/url metadata are internally consistent,Development Activity,,development_project_anchor: Approval / Entitlement (unit/site count: 39 apartments; address/street: 10535 w. missouri ave; execution milestone: proposed; project/asset term: project),acceptable_repeat,2,2026-08-19,2026-08-21,2,fresh_0_3d,fresh,published date parsed; article age 2 day(s),62,previously seen article; limited page access,Los Angeles,California,matched city/metro keyword: Los Angeles,none,not_candidate,not a GP / capital candidate,No,,,,,,True,unit/site count: 39 apartments; address/street: 10535 w. missouri ave; execution milestone: proposed; project/asset term: project,high,Approval / Entitlement,No,,,,,,,,,development_pipeline,none,none,entitlement,none,none,none,unknown,developer,Market reference detected as Los Angeles / California.,low,"Limited/paywalled article; classification is based on title, URL, source, and available lead text only. Development-stage terms detected: entitlement. Primary topic set to development_pipeline; confidence low.",60,47,entitlement persistence; limited article: title/lead-based review needed; classification confidence penalty,45
2026-08-21,20260821-232352-ea0d6aef,2026-08-21 23:23:35,Connect CRE Apartments,Site / Parcel Source Expansion,Tier 2,development_pipeline;gp_activity;national_multifamily,Other,Apartment,"Fri, 21 Aug 2026 17:09:17 +0000",100,High,Must Read,Seattle,Institutional Flow,Track Institutional Capital Flow,"Track this as institutional capital flow because it mentions major capital players, portfolio transactions, deal size, or cap-rate signals.",High relevance to US residential developer strategy,Read full article,"Included because it scored 100 and mentions apartment, apartments, garden-style, with a Institutional Flow angle for Seattle.",Deal Size Signal,$23m; $22.5 million,"Seattle & Northwest CRE News In Your Inbox. Sign up for Connect emails to stay informed with CRE stories that are 150 words or less. Seattle & Northwest + Washington + Apartments | August 21, 2026 By: Jasmine Kilman Northmarq Closes Sale of $23M Multifamily Community in Spokane Northmarq’s Seattle Investment Sales team, led by Tyler Smith, Steve Fischer, Joe Kinkopf and Brendan Greenheck, brokered the $22.5 million sale of Go Go Heights Apartments, a 178-unit garden-style multifamily community l","You are a strategic research analyst for Woomi / Woomi Global.
Analyze the following US multifamily housing article for developer strategy.

Article context:
- Title: Northmarq Closes Sale of $23M Multifamily Community in Spokane
- Source: Connect CRE Apartments
- URL: https://www.connectcre.com/stories/northmarq-closes-sale-of-23m-multifamily-community-in-spokane/
- Market focus: Seattle
- Strategic angle: Institutional Flow
- Market signal: Deal Size Signal
- Extracted numbers: $23m; $22.5 million
- Strategic implication: Track this as institutional capital flow because it mentions major capital players, portfolio transactions, deal size, or cap-rate signals.
- Woomi relevance: High relevance to US residential developer strategy

Please answer in concise bullet points:
1. Why does this article matter for a US multifamily developer?
2. What is the implication for Woomi / Woomi Global?
3. What risk or opportunity does this indicate?
4. What follow-up question should the strategy team ask?",98,Excellent,None,"Rule-based interpretation: Connect CRE Apartments article 'Northmarq Closes Sale of $23M Multifamily Community in Spokane' is classified as priority review for Seattle. It points to institutional capital movement or transaction activity. Treat as a briefing input, not a standalone investment conclusion; confirm with source diversity, repeat observation, and market-specific evidence.",Macro & Financing; Market Players & Deals,apartment; apartments; garden-style; multifamily; northmarq; sale; transaction,Northmarq Closes Sale of $23M Multifamily Community in Spokane,https://www.connectcre.com/stories/northmarq-closes-sale-of-23m-multifamily-community-in-spokane/,No,art_9be18c0ae5bf6c29,Seattle,core_15,Multifamily,,거래/투자,거래/투자; 시장 데이터,No,article page appears accessible from collected text,Yes,No,standard,art_9be18c0ae5bf6c29,https://www.connectcre.com/stories/northmarq-closes-sale-of-23m-multifamily-community-in-spokane/,Northmarq Closes Sale of $23M Multifamily Community in Spokane,open,open,https://www.connectcre.com/stories/northmarq-closes-sale-of-23m-multifamily-community-in-spokane/,valid,title/source/url metadata are internally consistent,Development Activity,GP / Capital Activity,development_project_anchor: capital event with identifiable project/asset (unit/site count: 178-unit; project/asset term: community),new_or_fresh,0,2026-08-21,2026-08-21,0,fresh_0_3d,fresh,published date parsed; article age 0 day(s),100,fresh article or no repeat penalty,,,used broad market bucket: Seattle,disposition_exit,new_candidate,development article without confirmed capital event,No,Participant not identified,,unresolved,unresolved,"No institution name detected in dictionary, title, summary, or source text.",True,unit/site count: 178-unit; project/asset term: community,high,Project / Asset,No,,,,,,,,,transaction_market,capital_markets,disposition,none,none,none,none,unknown,lender; broker,Market reference detected as Seattle.,low,Capital event keywords detected: disposition. Primary topic set to transaction_market; confidence low.,75,44,classification confidence penalty,44
2026-08-21,20260821-232352-ea0d6aef,2026-08-21 23:23:12,Connect CRE,Core Multifamily News,Tier 1,development_pipeline;gp_activity;national_multifamily,Other,Apartment,"Fri, 21 Aug 2026 21:32:09 +0000",96,High,Must Read,Los Angeles / California,Institutional Flow,Track Institutional Capital Flow,"Track this as institutional capital flow because it mentions major capital players, portfolio transactions, deal size, or cap-rate signals.",High relevance to US residential developer strategy,Read full article,"Included because it scored 96 and mentions apartment, apartments, multifamily, with a Institutional Flow angle for Los Angeles / California.",Deal Size Signal,"$5.3 million; $334,937","California CRE News In Your Inbox. Sign up for Connect emails to stay informed with CRE stories that are 150 words or less. California + Los Angeles + Apartments | August 21, 2026 By: Paul Bubny Local Owner-Operator Snags Pico-Robertson Apartment Property Marcus & Millichap closed the sale of 1476 S Shenandoah St., a 16-unit multifamily property in Los Angeles. The property sold for $5.3 million, or $334,937 per unit. “Properties like this rarely become available in Pico-Robertson, especially th","You are a strategic research analyst for Woomi / Woomi Global.
Analyze the following US multifamily housing article for developer strategy.

Article context:
- Title: Local Owner-Operator Snags Pico-Robertson Apartment Property
- Source: Connect CRE
- URL: https://www.connectcre.com/stories/495721-2/
- Market focus: Los Angeles / California
- Strategic angle: Institutional Flow
- Market signal: Deal Size Signal
- Extracted numbers: $5.3 million; $334,937
- Strategic implication: Track this as institutional capital flow because it mentions major capital players, portfolio transactions, deal size, or cap-rate signals.
- Woomi relevance: High relevance to US residential developer strategy

Please answer in concise bullet points:
1. Why does this article matter for a US multifamily developer?
2. What is the implication for Woomi / Woomi Global?
3. What risk or opportunity does this indicate?
4. What follow-up question should the strategy team ask?",98,Excellent,None,"Rule-based interpretation: Connect CRE article 'Local Owner-Operator Snags Pico-Robertson Apartment Property' is classified as priority review for Los Angeles / California. It points to institutional capital movement or transaction activity. Treat as a briefing input, not a standalone investment conclusion; confirm with source diversity, repeat observation, and market-specific evidence.",Macro & Financing; Market Players & Deals,apartment; apartments; multifamily; sale,Local Owner-Operator Snags Pico-Robertson Apartment Property,https://www.connectcre.com/stories/495721-2/,No,art_6814e49abeb2b716,Los Angeles / Southern California,core_15,Multifamily,transaction/sale,거래/투자,거래/투자; 시장 데이터,No,article page appears accessible from collected text,Yes,No,standard,art_6814e49abeb2b716,https://www.connectcre.com/stories/495721-2/,Local Owner-Operator Snags Pico-Robertson Apartment Property,open,open,https://www.connectcre.com/stories/495721-2/,valid,title/source/url metadata are internally consistent,Development Activity,GP / Capital Activity,development_project_anchor: capital event with identifiable project/asset (unit/site count: 16-unit; address/street: 1476 s shenandoah st; project/asset term: apartments),new_or_fresh,0,2026-08-21,2026-08-21,0,fresh_0_3d,fresh,published date parsed; article age 0 day(s),100,fresh article or no repeat penalty,Los Angeles,California,matched city/metro keyword: Los Angeles,asset_management_operator_activity,new_candidate,selected or retained for GP / capital review,Yes,Marcus & Millichap,,dictionary_match,high,"Matched known institutional / GP entity in title, summary, or source text.",True,unit/site count: 16-unit; address/street: 1476 s shenandoah st; project/asset term: apartments,high,Project / Asset,No,,,Marcus & Millichap,,,,Marcus & Millichap,,transaction_market,capital_markets,disposition,none,none,none,none,unknown,lender; broker; operator,Market reference detected as Los Angeles / California.,low,Capital event keywords detected: disposition. Primary topic set to transaction_market; confidence low. Operator/property management activity detected.,75,44,classification confidence penalty,44
2026-08-21,20260821-232352-ea0d6aef,2026-08-21 23:23:02,Multifamily Dive,Core Multifamily News,Tier 1,national_multifamily,Other,Apartment,"Fri, 21 Aug 2026 12:46:51 -0400",75,Medium,Review,Other / Unknown,Financing Risk,Track Financing Conditions,"Monitor financing conditions because the article includes apartment, debt, lending and no specific number, which may affect construction loans, refinancing risk, and exit cap rates.",Medium relevance to market monitoring,Track source for follow-up,"Included because it scored 75 and mentions apartment, debt, lending, with a Financing Risk angle for a broad or unspecified market.",No Clear Numeric Signal,,"An article from With the return of banks, debt options in multifamily flourish in 2026 The agencies also remain strong options, though some multifamily borrowers still report that it’s difficult to get deals done. Published Aug. 21, 2026 Leslie Shaver Senior Reporter Share Copy link Email LinkedIn X/Twitter Facebook Print License Add us on Google Getty Images While lending costs remain higher than apartment investors might prefer, the market seems to be overflowing with debt options for multifam","You are a strategic research analyst for Woomi / Woomi Global.
Analyze the following US multifamily housing article for developer strategy.

Article context:
- Title: With the return of banks, debt options in multifamily flourish in 2026
- Source: Multifamily Dive
- URL: https://www.multifamilydive.com/news/multifamily-debt-fannie-mae-freddie-mac-banks-debt-funds/828518/
- Market focus: Other / Unknown
- Strategic angle: Financing Risk
- Market signal: No Clear Numeric Signal
- Extracted numbers: None detected
- Strategic implication: Monitor financing conditions because the article includes apartment, debt, lending and no specific number, which may affect construction loans, refinancing risk, and exit cap rates.
- Woomi relevance: Medium relevance to market monitoring

Please answer in concise bullet points:
1. Why does this article matter for a US multifamily developer?
2. What is the implication for Woomi / Woomi Global?
3. What risk or opportunity does this indicate?
4. What follow-up question should the strategy team ask?",74,Good,missing extracted numbers; missing market focus; missing market signal,"Rule-based interpretation: Multifamily Dive article 'With the return of banks, debt options in multifamily flourish in 2026' is classified as review for Other / Unknown. It points to financing, refinancing, or debt-market conditions. Treat as a briefing input, not a standalone investment conclusion; confirm with source diversity, repeat observation, and market-specific evidence.",Macro & Financing,apartment; debt; lending; multifamily,"With the return of banks, debt options in multifamily flourish in 2026",https://www.multifamilydive.com/news/multifamily-debt-fannie-mae-freddie-mac-banks-debt-funds/828518/,No,art_b1921ae8b839d7f2,Other / Unknown,other,Multifamily,,거래/투자,거래/투자; 시장 데이터,No,article page appears accessible from collected text,No,No,standard,art_b1921ae8b839d7f2,https://www.multifamilydive.com/news/multifamily-debt-fannie-mae-freddie-mac-banks-debt-funds/828518/,"With the return of banks, debt options in multifamily flourish in 2026",open,open,https://www.multifamilydive.com/news/multifamily-debt-fannie-mae-freddie-mac-banks-debt-funds/828518/,valid,title/source/url metadata are internally consistent,GP / Capital Activity,,"property-level financing, lender, refinancing, or recapitalization signal detected",new_or_fresh,0,2026-08-21,2026-08-21,0,fresh_0_3d,fresh,published date parsed; article age 0 day(s),100,fresh article or no repeat penalty,,,"no city, state, or market keyword detected",debt_financing,new_candidate,selected or retained for GP / capital review,Yes,Participant not identified,,unresolved,unresolved,"No institution name detected in dictionary, title, summary, or source text.",False,"no identifiable project, asset, site, address, or unit-count anchor",none,,No,,,,,,,,,institutional_capital,none,none,none,none,lender_activity,none,unknown,lender; investor,No specific market detected; relevance remains broad.,low,Institutional activity terms detected: lender_activity. Primary topic set to institutional_capital; confidence low.,40,35,classification confidence penalty,41
2026-08-21,20260821-232352-ea0d6aef,2026-08-21 23:23:29,REBusiness Online,Site / Parcel Source Expansion,Tier 2,development_pipeline;gp_activity,Other,Apartment,2026-08-21T15:15:25Z,88,High,Must Read,Colorado,Financing Risk,Track Financing Conditions,"Monitor financing conditions because the article includes apartment, apartments, financing and $45.9m, $45.9 million, 96 apartments, which may affect construction loans, refinancing risk, and exit cap rates.",High relevance to US residential developer strategy,Read full article,"Included because it scored 88 and mentions apartment, apartments, financing, with a Financing Risk angle for Colorado.",No Clear Numeric Signal,$45.9m; $45.9 million; 96 apartments,"The Eddy Apartments in Grand Junction, Colo., features 96 apartments, access to the Colorado River and a variety of amenities. Colorado Loans Multifamily Western Newmark Secures $45.9M in HUD Financing for Two Multifamily Communities in Grand Junction, Colorado by Amy Works August 21, 2026 August 21, 2026 6 GRAND JUNCTION, COLO. — Newmark has arranged $45.9 million in FHA-insured financing for two apartment communities in Grand Junction. Kelley Klobetanz of Newmark arranged the HUD Section 223(f","You are a strategic research analyst for Woomi / Woomi Global.
Analyze the following US multifamily housing article for developer strategy.

Article context:
- Title: Newmark Secures $45.9M in FHA Financing for Two Multifamily Communities in Grand Junction, Colorado
- Source: REBusiness Online
- URL: https://rebusinessonline.com/newmark-arranges-45-9m-in-fha-financing-for-two-multifamily-communities-in-grand-junction-colorado/
- Market focus: Colorado
- Strategic angle: Financing Risk
- Market signal: No Clear Numeric Signal
- Extracted numbers: $45.9m; $45.9 million; 96 apartments
- Strategic implication: Monitor financing conditions because the article includes apartment, apartments, financing and $45.9m, $45.9 million, 96 apartments, which may affect construction loans, refinancing risk, and exit cap rates.
- Woomi relevance: High relevance to US residential developer strategy

Please answer in concise bullet points:
1. Why does this article matter for a US multifamily developer?
2. What is the implication for Woomi / Woomi Global?
3. What risk or opportunity does this indicate?
4. What follow-up question should the strategy team ask?",90,Excellent,missing market signal,"Rule-based interpretation: REBusiness Online article 'Newmark Secures $45.9M in FHA Financing for Two Multifamily Communities in Grand Junction, Colorado' is classified as priority review for Colorado. It points to financing, refinancing, or debt-market conditions. Treat as a briefing input, not a standalone investment conclusion; confirm with source diversity, repeat observation, and market-specific evidence.",Macro & Financing; Policy & Regulation,apartment; apartments; financing; hud; loan; multifamily,"Newmark Secures $45.9M in FHA Financing for Two Multifamily Communities in Grand Junction, Colorado",https://rebusinessonline.com/newmark-arranges-45-9m-in-fha-financing-for-two-multifamily-communities-in-grand-junction-colorado/,No,art_ca7e6672d84ee113,Colorado,other,Multifamily,financing/refinancing; policy/regulation,시장 데이터,시장 데이터,No,article page appears accessible from collected text,No,No,standard,art_ca7e6672d84ee113,https://rebusinessonline.com/newmark-arranges-45-9m-in-fha-financing-for-two-multifamily-communities-in-grand-junction-colorado/,"Newmark Secures $45.9M in FHA Financing for Two Multifamily Communities in Grand Junction, Colorado",open,open,https://rebusinessonline.com/newmark-arranges-45-9m-in-fha-financing-for-two-multifamily-communities-in-grand-junction-colorado/,valid,title/source/url metadata are internally consistent,Development Activity,GP / Capital Activity; Market Intelligence,development_project_anchor: capital event with identifiable project/asset (unit/site count: 96 apartments; project/asset term: apartments),new_or_fresh,0,2026-08-21,2026-08-21,0,fresh_0_3d,fresh,published date parsed; article age 0 day(s),100,fresh article or no repeat penalty,,Colorado,matched state keyword: Colorado,debt_financing,new_candidate,selected or retained for GP / capital review,Yes,Two Multifamily Communities,,title_lead_pattern,medium,Inferred entity from headline lead segment and capital-event verb.,True,unit/site count: 96 apartments; project/asset term: apartments,high,Project / Asset,No,,,Two Multifamily Communities,Two Multifamily Communities,,,Two Multifamily Communities,,macro_financing,none,none,none,none,none,none,unknown,lender; public_agency,Market reference detected as Colorado.,unknown,No clear rule-based event keyword was detected. Primary topic set to macro_financing; confidence unknown.,60,40,classification confidence penalty,36
2026-08-21,20260821-232352-ea0d6aef,2026-08-21 23:23:26,Urbanize LA,Regional / California / LA Sources,Tier 2,development_pipeline;entitlement;la_california,Other,Affordable Housing,"Thu, 20 Aug 2026 13:10:00 +0000",98,High,Must Read,Other / Unknown,Regulation Risk; Developer Strategy,Track Regulation Risk; Track Developer Strategy,"Monitor regulation risk because the article may affect entitlement, zoning, rent rules, affordability requirements, or permitting strategy.",High relevance to US residential developer strategy,Read full article,"Included because it scored 98 and mentions affordable housing, apartment, apartments, with a Regulation Risk; Developer Strategy angle for a broad or unspecified market.",No Clear Numeric Signal,332 apartments,"Mixed-use complex unwrapped at 7050 Van Nuys Blvd. | Urbanize LA Skip to main content Advertisement Advertisement Eight months after our last update, completion nears for a new mixed-use apartment complex in Van Nuys from Alliant Strategic . Located at 7050 Van Nuys Boulevard , the project consists of a six-story building that features 332 apartments atop 4,105 square feet of ground-floor commercial space and parking for 180 vehicles. The property is now branded as Sona, per a landing page on th","You are a strategic research analyst for Woomi / Woomi Global.
Analyze the following US multifamily housing article for developer strategy.

Article context:
- Title: Mixed-use complex unwrapped at 7050 Van Nuys Blvd.
- Source: Urbanize LA
- URL: https://la.urbanize.city/post/mixed-use-complex-unwrapped-7050-van-nuys-blvd
- Market focus: Other / Unknown
- Strategic angle: Regulation Risk; Developer Strategy
- Market signal: No Clear Numeric Signal
- Extracted numbers: 332 apartments
- Strategic implication: Monitor regulation risk because the article may affect entitlement, zoning, rent rules, affordability requirements, or permitting strategy.
- Woomi relevance: High relevance to US residential developer strategy

Please answer in concise bullet points:
1. Why does this article matter for a US multifamily developer?
2. What is the implication for Woomi / Woomi Global?
3. What risk or opportunity does this indicate?
4. What follow-up question should the strategy team ask?",82,Good,missing market focus; missing market signal,"Rule-based interpretation: Urbanize LA article 'Mixed-use complex unwrapped at 7050 Van Nuys Blvd.' is classified as priority review for Other / Unknown. It points to entitlement, zoning, permitting, or policy conditions. Treat as a briefing input, not a standalone investment conclusion; confirm with source diversity, repeat observation, and market-specific evidence.",Development Strategy; Policy & Regulation,affordable housing; apartment; apartments; construction; development; entitlement; zoning,Mixed-use complex unwrapped at 7050 Van Nuys Blvd.,https://la.urbanize.city/post/mixed-use-complex-unwrapped-7050-van-nuys-blvd,Yes,art_ca400438177f7f63,Los Angeles / Southern California,core_15,Affordable Housing,development; permit/entitlement; delivery/completion; policy/regulation,개발/인허가,개발/인허가,No,limited source or insufficient readable article text,Yes,No,access_limited_source,art_ca400438177f7f63,https://la.urbanize.city/post/mixed-use-complex-unwrapped-7050-van-nuys-blvd,Mixed-use complex unwrapped at 7050 Van Nuys Blvd.,access_limited,access_limited,https://la.urbanize.city/post/mixed-use-complex-unwrapped-7050-van-nuys-blvd,valid,title/source/url metadata are internally consistent,Development Activity,Market Intelligence,development_project_anchor: Approval / Entitlement (unit/site count: 332 apartments; address/street: 7050 van nuys blvd; project/asset term: project),acceptable_repeat,1,2026-08-20,2026-08-21,1,fresh_0_3d,fresh,published date parsed; article age 1 day(s),66,previously seen article; limited page access,,,"no city, state, or market keyword detected",none,not_candidate,not a GP / capital candidate,No,,,,,,True,unit/site count: 332 apartments; address/street: 7050 van nuys blvd; project/asset term: project,high,Approval / Entitlement,No,,,,,,,,,research_data,none,none,none,none,none,none,mixed_use,developer,No specific market detected; relevance remains broad.,unknown,"Limited/paywalled article; classification is based on title, URL, source, and available lead text only. No clear rule-based event keyword was detected. Primary topic set to research_data; confidence unknown.",30,40,entitlement persistence; limited article: title/lead-based review needed; classification confidence penalty,28
2026-08-21,20260821-232352-ea0d6aef,2026-08-21 23:23:52,Connect CRE California,Regional / California / LA Sources,Tier 2,development_pipeline;entitlement;la_california,Other,Apartment,"Thu, 20 Aug 2026 20:54:28 +0000",97,High,Must Read,California,Developer Strategy,Track Developer Strategy,"Review for developer strategy because the article may inform site selection, product type, adaptive reuse, build-to-rent, or market entry.",High relevance to US residential developer strategy,Read full article,"Included because it scored 97 and mentions apartment, apartments, development, with a Developer Strategy angle for California.",No Clear Numeric Signal,$88,"California CRE News In Your Inbox. Sign up for Connect emails to stay informed with CRE stories that are 150 words or less. California + Sacramento + Apartments | August 20, 2026 By: Paul Bubny Michaels Organization Set to Break Ground in Davis The Michaels Organization, a national leader in residential real estate, and its partners, Kyuden Urban Development America and Japan Overseas Infrastructure Investment Corporation for Transport & Urban Development (JOIN), are poised to break ground on a ","You are a strategic research analyst for Woomi / Woomi Global.
Analyze the following US multifamily housing article for developer strategy.

Article context:
- Title: Michaels Organization Set to Break Ground in Davis
- Source: Connect CRE California
- URL: https://www.connectcre.com/stories/michaels-organization-set-to-break-ground-in-davis/
- Market focus: California
- Strategic angle: Developer Strategy
- Market signal: No Clear Numeric Signal
- Extracted numbers: $88
- Strategic implication: Review for developer strategy because the article may inform site selection, product type, adaptive reuse, build-to-rent, or market entry.
- Woomi relevance: High relevance to US residential developer strategy

Please answer in concise bullet points:
1. Why does this article matter for a US multifamily developer?
2. What is the implication for Woomi / Woomi Global?
3. What risk or opportunity does this indicate?
4. What follow-up question should the strategy team ask?",90,Excellent,missing market signal,"Rule-based interpretation: Connect CRE California article 'Michaels Organization Set to Break Ground in Davis' is classified as priority review for California. It points to development execution or sponsor strategy. Treat as a briefing input, not a standalone investment conclusion; confirm with source diversity, repeat observation, and market-specific evidence.",Development Strategy,apartment; apartments; development; multifamily,Michaels Organization Set to Break Ground in Davis,https://www.connectcre.com/stories/michaels-organization-set-to-break-ground-in-davis/,Yes,art_f331db10b3d99c03,California,other,Multifamily,,개발/인허가,개발/인허가; 거래/투자; 시장 데이터,No,article page appears accessible from collected text,No,No,standard,art_f331db10b3d99c03,https://www.connectcre.com/stories/michaels-organization-set-to-break-ground-in-davis/,Michaels Organization Set to Break Ground in Davis,open,open,https://www.connectcre.com/stories/michaels-organization-set-to-break-ground-in-davis/,valid,title/source/url metadata are internally consistent,Development Activity,,development milestone or entitlement signal has display priority,acceptable_repeat,1,2026-08-20,2026-08-21,1,fresh_0_3d,fresh,published date parsed; article age 1 day(s),78,previously seen article,,California,matched state keyword: California,none,not_candidate,not a GP / capital candidate,No,,,,,,False,"no identifiable project, asset, site, address, or unit-count anchor",none,,No,,,,,,,,,gp_activity,none,none,none,none,none,none,unknown,developer,Market reference detected as California.,unknown,No clear rule-based event keyword was detected. Primary topic set to gp_activity; confidence unknown.,45,36,classification confidence penalty,28
2026-08-21,20260821-232352-ea0d6aef,2026-08-21 23:23:04,Multifamily Dive,Core Multifamily News,Tier 1,national_multifamily,Other,Apartment,"Tue, 18 Aug 2026 14:15:00 -0400",96,High,Must Read,National,Supply Pressure,Track Supply Pipeline,"Review this as a supply risk signal because it references new deliveries, starts, pipeline, or permits in National.",High relevance to US residential developer strategy,Read full article,"Included because it scored 96 and mentions apartment, construction, hud, with a Supply Pressure angle for National.",Supply / Starts Signal,7.1%,"An article from Multifamily starts tumbled in July New apartment construction fell 7.1% YOY last month, while single-family construction dropped twice as much, per HUD and the U.S. Census Bureau. Published Aug. 18, 2026 Julie Strupp Senior Editor Share Copy link Email LinkedIn X/Twitter Facebook Print License Add us on Google Joe Raedle via Getty Images Listen to the article 4 min This audio is auto-generated. Please let us know if you have feedback . Multifamily starts fell in July on a monthly","You are a strategic research analyst for Woomi / Woomi Global.
Analyze the following US multifamily housing article for developer strategy.

Article context:
- Title: Multifamily starts tumbled in July
- Source: Multifamily Dive
- URL: https://www.multifamilydive.com/news/multifamily-construction-starts-july-hud-census-bureau/828179/
- Market focus: National
- Strategic angle: Supply Pressure
- Market signal: Supply / Starts Signal
- Extracted numbers: 7.1%
- Strategic implication: Review this as a supply risk signal because it references new deliveries, starts, pipeline, or permits in National.
- Woomi relevance: High relevance to US residential developer strategy

Please answer in concise bullet points:
1. Why does this article matter for a US multifamily developer?
2. What is the implication for Woomi / Woomi Global?
3. What risk or opportunity does this indicate?
4. What follow-up question should the strategy team ask?",98,Excellent,None,"Rule-based interpretation: Multifamily Dive article 'Multifamily starts tumbled in July' is classified as priority review for National. It points to supply, delivery, lease-up, or absorption conditions. Treat as a briefing input, not a standalone investment conclusion; confirm with source diversity, repeat observation, and market-specific evidence.",Development Strategy; Policy & Regulation,apartment; construction; hud; multifamily; starts,Multifamily starts tumbled in July,https://www.multifamilydive.com/news/multifamily-construction-starts-july-hud-census-bureau/828179/,Yes,art_182d39cfe90d6ae1,Other / Unknown,other,Multifamily,policy/regulation; market data/supply-demand,개발/인허가,개발/인허가; 운영/임대; 시장 데이터,No,article page appears accessible from collected text,No,No,standard,art_182d39cfe90d6ae1,https://www.multifamilydive.com/news/multifamily-construction-starts-july-hud-census-bureau/828179/,Multifamily starts tumbled in July,open,open,https://www.multifamilydive.com/news/multifamily-construction-starts-july-hud-census-bureau/828179/,valid,title/source/url metadata are internally consistent,Market Intelligence,,"market, macro, research, or supply-demand article without confirmed deal or project event",acceptable_repeat,3,2026-08-18,2026-08-21,3,fresh_0_3d,fresh,published date parsed; article age 3 day(s),70,previously seen article,,,used broad market bucket: National,none,not_candidate,not a GP / capital candidate,No,,,,,,False,"no identifiable project, asset, site, address, or unit-count anchor",none,,No,,,,,,,,,supply_demand,none,none,none,supply_pressure,none,none,unknown,public_agency; developer,Market reference detected as National.,low,Supply/demand terms detected: supply_pressure. Primary topic set to supply_demand; confidence low.,45,36,classification confidence penalty,28
2026-08-21,20260821-232352-ea0d6aef,2026-08-21 23:23:11,Commercial Observer,Core Multifamily News,Tier 1,national_multifamily,Other,Apartment,"Thu, 20 Aug 2026 21:20:53 +0000",92,High,Must Read,Los Angeles / California,Institutional Flow,Track Institutional Capital Flow,"Track this as institutional capital flow because it mentions major capital players, portfolio transactions, deal size, or cap-rate signals.",High relevance to US residential developer strategy,Read full article,"Included because it scored 92 and mentions apartment, multifamily, sale, with a Institutional Flow angle for Los Angeles / California.",Deal Size Signal,28%; $2.1 billion,"Industry Los Angeles Investments & Sales L.A. County Investment Sales Jump 28% in July Thanks to Multifamily More than $2.1 billion of commercial real estate traded last month. Office remained the laggard. By Greg Cornfield August 20, 2026 5:20 pm reprints This landmarked downtown Los Angeles apartment building designed by famed Los Angeles architect John Parkinson is on the market as its owners face foreclosure. PHOTO: Gina Ferazzi / Los Angeles Times via Getty Images Commercial real estate inv","You are a strategic research analyst for Woomi / Woomi Global.
Analyze the following US multifamily housing article for developer strategy.

Article context:
- Title: L.A. County Investment Sales Jump 28% in July Thanks to Multifamily
- Source: Commercial Observer
- URL: https://commercialobserver.com/2026/08/la-calif-investment-sales-july/
- Market focus: Los Angeles / California
- Strategic angle: Institutional Flow
- Market signal: Deal Size Signal
- Extracted numbers: 28%; $2.1 billion
- Strategic implication: Track this as institutional capital flow because it mentions major capital players, portfolio transactions, deal size, or cap-rate signals.
- Woomi relevance: High relevance to US residential developer strategy

Please answer in concise bullet points:
1. Why does this article matter for a US multifamily developer?
2. What is the implication for Woomi / Woomi Global?
3. What risk or opportunity does this indicate?
4. What follow-up question should the strategy team ask?",98,Excellent,None,"Rule-based interpretation: Commercial Observer article 'L.A. County Investment Sales Jump 28% in July Thanks to Multifamily' is classified as priority review for Los Angeles / California. It points to institutional capital movement or transaction activity. Treat as a briefing input, not a standalone investment conclusion; confirm with source diversity, repeat observation, and market-specific evidence.",Macro & Financing; Market Players & Deals,apartment; multifamily; sale,L.A. County Investment Sales Jump 28% in July Thanks to Multifamily,https://commercialobserver.com/2026/08/la-calif-investment-sales-july/,Yes,art_870962c3c74a9268,Los Angeles / Southern California,core_15,Multifamily,policy/regulation,거래/투자,거래/투자; 시장 데이터,No,article page appears accessible from collected text,Yes,No,standard,art_870962c3c74a9268,https://commercialobserver.com/2026/08/la-calif-investment-sales-july/,L.A. County Investment Sales Jump 28% in July Thanks to Multifamily,open,open,https://commercialobserver.com/2026/08/la-calif-investment-sales-july/,valid,title/source/url metadata are internally consistent,GP / Capital Activity,Market Intelligence,transaction or financing article excluded from Development Activity,acceptable_repeat,1,2026-08-20,2026-08-21,1,fresh_0_3d,fresh,published date parsed; article age 1 day(s),78,previously seen article,Los Angeles,California,matched city/metro keyword: Los Angeles,disposition_exit,repeated_but_retained,selected or retained for GP / capital review,Yes,Participant not identified,,unresolved,unresolved,"No institution name detected in dictionary, title, summary, or source text.",False,"no identifiable project, asset, site, address, or unit-count anchor",none,,No,,,,,,,,,macro_financing,none,none,none,none,none,none,opportunistic,lender,Market reference detected as Los Angeles / California.,unknown,No clear rule-based event keyword was detected. Primary topic set to macro_financing; confidence unknown.,60,40,classification confidence penalty,28
2026-08-21,20260821-232352-ea0d6aef,2026-08-21 23:23:26,Urbanize LA,Regional / California / LA Sources,Tier 2,development_pipeline;entitlement;la_california,Other,Affordable Housing,"Thu, 20 Aug 2026 13:15:00 +0000",87,High,Must Read,Beverly Hills / California,Developer Strategy,Track Developer Strategy,"Track rent and vacancy conditions because the article points to demand, occupancy, rent, vacancy, or concession signals in Beverly Hills / California.",High relevance to US residential developer strategy,Read full article,"Included because it scored 87 and mentions affordable housing, apartment, construction, with a Developer Strategy angle for Beverly Hills / California.",Rent Growth Signal,22 units,"Revised look emerges for resi tower at 8844 Burton Way in Beverly Hills | Urbanize LA Skip to main content Advertisement Advertisement A staff report to the Beverly Hills Architectural and Design Commission offers a look at an updated design for a proposed high-rise apartment tower at 8844 Burton Way. The proposed project from Crescent Heights, approved earlier this year for a currently vacant lot between Herzl Way and Swall Drive , calls for the construction of a 26-story building featuring 200","You are a strategic research analyst for Woomi / Woomi Global.
Analyze the following US multifamily housing article for developer strategy.

Article context:
- Title: Revised look emerges for resi tower at 8844 Burton Way in Beverly Hills
- Source: Urbanize LA
- URL: https://la.urbanize.city/post/revised-look-emerges-resi-tower-8844-burton-way-beverly-hills
- Market focus: Beverly Hills / California
- Strategic angle: Developer Strategy
- Market signal: Rent Growth Signal
- Extracted numbers: 22 units
- Strategic implication: Track rent and vacancy conditions because the article points to demand, occupancy, rent, vacancy, or concession signals in Beverly Hills / California.
- Woomi relevance: High relevance to US residential developer strategy

Please answer in concise bullet points:
1. Why does this article matter for a US multifamily developer?
2. What is the implication for Woomi / Woomi Global?
3. What risk or opportunity does this indicate?
4. What follow-up question should the strategy team ask?",98,Excellent,None,"Rule-based interpretation: Urbanize LA article 'Revised look emerges for resi tower at 8844 Burton Way in Beverly Hills' is classified as priority review for Beverly Hills / California. It points to development execution or sponsor strategy. Treat as a briefing input, not a standalone investment conclusion; confirm with source diversity, repeat observation, and market-specific evidence.",Development Strategy; Policy & Regulation,affordable housing; apartment; construction; development,Revised look emerges for resi tower at 8844 Burton Way in Beverly Hills,https://la.urbanize.city/post/revised-look-emerges-resi-tower-8844-burton-way-beverly-hills,Yes,art_c4ad3e64a705283a,Los Angeles / Southern California,core_15,Affordable Housing,policy/regulation; rent/occupancy/absorption,개발/인허가,개발/인허가; 운영/임대; 시장 데이터,No,limited source or insufficient readable article text,Yes,No,access_limited_source,art_c4ad3e64a705283a,https://la.urbanize.city/post/revised-look-emerges-resi-tower-8844-burton-way-beverly-hills,Revised look emerges for resi tower at 8844 Burton Way in Beverly Hills,access_limited,access_limited,https://la.urbanize.city/post/revised-look-emerges-resi-tower-8844-burton-way-beverly-hills,valid,title/source/url metadata are internally consistent,Development Activity,,development_project_anchor: Project / Asset (unit/site count: 26-story; address/street: 8844 burton way; execution milestone: proposed; project/asset term: project),acceptable_repeat,1,2026-08-20,2026-08-21,1,fresh_0_3d,fresh,published date parsed; article age 1 day(s),66,previously seen article; limited page access,Beverly Hills,California,matched city/metro keyword: Beverly Hills,none,not_candidate,not a GP / capital candidate,No,,,,,,True,unit/site count: 26-story; address/street: 8844 burton way; execution milestone: proposed; project/asset term: project,high,Project / Asset,No,,,,,,,,,other,none,none,none,none,none,none,unknown,developer,Market reference detected as Beverly Hills / California.,unknown,"Limited/paywalled article; classification is based on title, URL, source, and available lead text only. No clear rule-based event keyword was detected. Primary topic set to other; confidence unknown.",45,28,limited article: title/lead-based review needed; classification confidence penalty,20
2026-08-21,20260821-232352-ea0d6aef,2026-08-21 23:23:07,Yield PRO,Core Multifamily News,Tier 1,lease_up_supply;national_multifamily,Other,Apartment,"Fri, 21 Aug 2026 19:21:51 +0000",86,High,Must Read,Colorado,Financing Risk,Track Financing Conditions,"Monitor financing conditions because the article includes apartment, apartments, financing and $45.9m, $45.9 million, which may affect construction loans, refinancing risk, and exit cap rates.",High relevance to US residential developer strategy,Read full article,"Included because it scored 86 and mentions apartment, apartments, financing, with a Financing Risk angle for Colorado.",No Clear Numeric Signal,$45.9m; $45.9 million,"Deal boom News Facebook Twitter Linkedin Newmark announces the Company has arranged approximately $45.9 million in FHA-insured financing for two recently developed Class A multifamily communities in Grand Junction, Colorado: Nexus Apartments , a 122-unit property, and The Eddy Apartment s, a 96-unit property. Newmark Executive Managing Director, Head of FHA Production & Operations Kelley Klobetanz arranged the HUD Section 223(f) financings on behalf of the borrowers. “HUD continues to improve it","You are a strategic research analyst for Woomi / Woomi Global.
Analyze the following US multifamily housing article for developer strategy.

Article context:
- Title: Newmark Arranges $45.9M in FHA Financing for Two Class A Multifamily Communities in Grand Junction Colorado
- Source: Yield PRO
- URL: https://yieldpro.com/2026/08/eddy-2/
- Market focus: Colorado
- Strategic angle: Financing Risk
- Market signal: No Clear Numeric Signal
- Extracted numbers: $45.9m; $45.9 million
- Strategic implication: Monitor financing conditions because the article includes apartment, apartments, financing and $45.9m, $45.9 million, which may affect construction loans, refinancing risk, and exit cap rates.
- Woomi relevance: High relevance to US residential developer strategy

Please answer in concise bullet points:
1. Why does this article matter for a US multifamily developer?
2. What is the implication for Woomi / Woomi Global?
3. What risk or opportunity does this indicate?
4. What follow-up question should the strategy team ask?",90,Excellent,missing market signal,"Rule-based interpretation: Yield PRO article 'Newmark Arranges $45.9M in FHA Financing for Two Class A Multifamily Communities in Grand Junction Colorado' is classified as priority review for Colorado. It points to financing, refinancing, or debt-market conditions. Treat as a briefing input, not a standalone investment conclusion; confirm with source diversity, repeat observation, and market-specific evidence.",Macro & Financing; Policy & Regulation,apartment; apartments; financing; hud; multifamily,Newmark Arranges $45.9M in FHA Financing for Two Class A Multifamily Communities in Grand Junction Colorado,https://yieldpro.com/2026/08/eddy-2/,No,art_585bb17e97a240c2,Colorado,other,Multifamily,policy/regulation,개발/인허가,개발/인허가; 운영/임대; 시장 데이터,No,article page appears accessible from collected text,No,No,standard,art_585bb17e97a240c2,https://yieldpro.com/2026/08/eddy-2/,Newmark Arranges $45.9M in FHA Financing for Two Class A Multifamily Communities in Grand Junction Colorado,open,open,https://yieldpro.com/2026/08/eddy-2/,valid,title/source/url metadata are internally consistent,Development Activity,GP / Capital Activity,development_project_anchor: capital event with identifiable project/asset (unit/site count: 122-unit; project/asset term: apartments),new_or_fresh,0,2026-08-21,2026-08-21,0,fresh_0_3d,fresh,published date parsed; article age 0 day(s),100,fresh article or no repeat penalty,,Colorado,matched state keyword: Colorado,debt_financing,new_candidate,selected or retained for GP / capital review,Yes,Two Class A Multifamily Communities,,title_lead_pattern,medium,Inferred entity from headline lead segment and capital-event verb.,True,unit/site count: 122-unit; project/asset term: apartments,high,Project / Asset,No,,,Two Class A Multifamily Communities,Two Class A Multifamily Communities,,,Two Class A Multifamily Communities,,operations_property_management,none,none,none,none,none,none,unknown,lender; public_agency; operator,Market reference detected as Colorado.,unknown,No clear rule-based event keyword was detected. Primary topic set to operations_property_management; confidence unknown.,60,18,thin PR language; classification confidence penalty,18
2026-08-21,20260821-232352-ea0d6aef,2026-08-21 23:23:25,Urbanize LA,Regional / California / LA Sources,Tier 2,development_pipeline;entitlement;la_california,Other,Apartment,"Fri, 21 Aug 2026 13:15:00 +0000",100,High,Must Read,Los Angeles / California,Rent Growth / Demand; Developer Strategy,Track Rent / Vacancy Trend; Track Developer Strategy,"Track rent and vacancy conditions because the article points to demand, occupancy, rent, vacancy, or concession signals in Los Angeles / California.",High relevance to US residential developer strategy,Read full article,"Included because it scored 100 and mentions apartment, apartments, construction, with a Rent Growth / Demand; Developer Strategy angle for Los Angeles / California.",Rent Growth Signal,$125; 257 apartments,"JPI to break ground on 257 apartments at 16911 S. Normandie Ave. in Gardena | Urbanize LA Skip to main content Advertisement Advertisement Texas-based developer JPI is doubling down on South Bay apartments in Los Angeles. This week, the company announced that it has closed on a 2.14-acre site at 16911 S. Normandie Avenue in Gardena , where City officials have approved the redevelopment of a shuttered industrial building with housing. The $125-million project is to consist of a five-story buildin","You are a strategic research analyst for Woomi / Woomi Global.
Analyze the following US multifamily housing article for developer strategy.

Article context:
- Title: JPI to break ground on 257 apartments at 16911 S. Normandie Ave. in Gardena
- Source: Urbanize LA
- URL: https://la.urbanize.city/post/jpi-break-ground-257-apartments-16911-s-normandie-ave-gardena
- Market focus: Los Angeles / California
- Strategic angle: Rent Growth / Demand; Developer Strategy
- Market signal: Rent Growth Signal
- Extracted numbers: $125; 257 apartments
- Strategic implication: Track rent and vacancy conditions because the article points to demand, occupancy, rent, vacancy, or concession signals in Los Angeles / California.
- Woomi relevance: High relevance to US residential developer strategy

Please answer in concise bullet points:
1. Why does this article matter for a US multifamily developer?
2. What is the implication for Woomi / Woomi Global?
3. What risk or opportunity does this indicate?
4. What follow-up question should the strategy team ask?",98,Excellent,None,"Rule-based interpretation: Urbanize LA article 'JPI to break ground on 257 apartments at 16911 S. Normandie Ave. in Gardena' is classified as priority review for Los Angeles / California. It points to development execution or sponsor strategy. Treat as a briefing input, not a standalone investment conclusion; confirm with source diversity, repeat observation, and market-specific evidence.",Supply & Demand; Development Strategy,apartment; apartments; construction; developer; development; multifamily; occupancy; renter; renters,JPI to break ground on 257 apartments at 16911 S. Normandie Ave. in Gardena,https://la.urbanize.city/post/jpi-break-ground-257-apartments-16911-s-normandie-ave-gardena,No,art_eb16ceadcfaedaee,Los Angeles / Southern California,core_15,Multifamily,market data/supply-demand; rent/occupancy/absorption,개발/인허가,개발/인허가; 운영/임대; 시장 데이터,No,limited source or insufficient readable article text,Yes,No,access_limited_source,art_eb16ceadcfaedaee,https://la.urbanize.city/post/jpi-break-ground-257-apartments-16911-s-normandie-ave-gardena,JPI to break ground on 257 apartments at 16911 S. Normandie Ave. in Gardena,access_limited,access_limited,https://la.urbanize.city/post/jpi-break-ground-257-apartments-16911-s-normandie-ave-gardena,valid,title/source/url metadata are internally consistent,Development Activity,,development_project_anchor: Project / Asset (unit/site count: 257 apartments; address/street: 257 apartments at 16911 s. normandie ave; site/parcel signal: site; project/asset term: project),new_or_fresh,0,2026-08-21,2026-08-21,0,fresh_0_3d,fresh,published date parsed; article age 0 day(s),88,limited page access,Los Angeles,California,matched city/metro keyword: Los Angeles,none,not_candidate,not a GP / capital candidate,No,,,,,,True,unit/site count: 257 apartments; address/street: 257 apartments at 16911 s. normandie ave; site/parcel signal: site; project/asset term: project,high,Project / Asset,No,,,,,,,,,other,none,none,none,none,none,none,unknown,developer,Market reference detected as Los Angeles / California.,unknown,"Limited/paywalled article; classification is based on title, URL, source, and available lead text only. No clear rule-based event keyword was detected. Primary topic set to other; confidence unknown.",60,17,sponsor expansion; lease-up or absorption behavior; non-multifamily contamination; limited article: title/lead-based review needed; classification confidence penalty,17
2026-08-21,20260821-232352-ea0d6aef,2026-08-21 23:23:26,Urbanize LA,Regional / California / LA Sources,Tier 2,development_pipeline;entitlement;la_california,Other,Affordable Housing,"Wed, 19 Aug 2026 13:10:00 +0000",100,High,Must Read,Los Angeles / California,Financing Risk; Developer Strategy,Track Financing Conditions; Track Developer Strategy,"Monitor financing conditions because the article includes affordable housing, apartment, apartments and $78.7 million, 192 apartments, 300 homes, which may affect construction loans, refinancing risk, and exit cap rates.",High relevance to US residential developer strategy,Read full article,"Included because it scored 100 and mentions affordable housing, apartment, apartments, with a Financing Risk; Developer Strategy angle for Los Angeles / California.",Supply / Starts Signal,$78.7 million; 192 apartments; 300 homes,"Affordable housing takes shape at 17100 Victory Blvd. in Lake Balboa | Urbanize LA Skip to main content Advertisement Advertisement Next to the Sepulveda Basin in Lake Balboa, framing for the first component of a new affordable housing complex from Linc Housing is taking shape. The project, which broke ground earlier this year at 17100 Victory Boulevard , will eventually consist of two five-story buildings containing a combined 192 apartments for homeless households and families earning between ","You are a strategic research analyst for Woomi / Woomi Global.
Analyze the following US multifamily housing article for developer strategy.

Article context:
- Title: Affordable housing takes shape at 17100 Victory Blvd. in Lake Balboa
- Source: Urbanize LA
- URL: https://la.urbanize.city/post/affordable-housing-takes-shape-17100-victory-blvd-lake-balboa
- Market focus: Los Angeles / California
- Strategic angle: Financing Risk; Developer Strategy
- Market signal: Supply / Starts Signal
- Extracted numbers: $78.7 million; 192 apartments; 300 homes
- Strategic implication: Monitor financing conditions because the article includes affordable housing, apartment, apartments and $78.7 million, 192 apartments, 300 homes, which may affect construction loans, refinancing risk, and exit cap rates.
- Woomi relevance: High relevance to US residential developer strategy

Please answer in concise bullet points:
1. Why does this article matter for a US multifamily developer?
2. What is the implication for Woomi / Woomi Global?
3. What risk or opportunity does this indicate?
4. What follow-up question should the strategy team ask?",98,Excellent,None,"Rule-based interpretation: Urbanize LA article 'Affordable housing takes shape at 17100 Victory Blvd. in Lake Balboa' is classified as priority review for Los Angeles / California. It points to financing, refinancing, or debt-market conditions. Treat as a briefing input, not a standalone investment conclusion; confirm with source diversity, repeat observation, and market-specific evidence.",Macro & Financing; Development Strategy; Policy & Regulation,affordable housing; apartment; apartments; construction; developer; development; financing,Affordable housing takes shape at 17100 Victory Blvd. in Lake Balboa,https://la.urbanize.city/post/affordable-housing-takes-shape-17100-victory-blvd-lake-balboa,Yes,art_5329339fbe4ff692,Los Angeles / Southern California,core_15,Affordable Housing,policy/regulation,개발/인허가,개발/인허가; 시장 데이터,No,limited source or insufficient readable article text,Yes,No,access_limited_source,art_5329339fbe4ff692,https://la.urbanize.city/post/affordable-housing-takes-shape-17100-victory-blvd-lake-balboa,Affordable housing takes shape at 17100 Victory Blvd. in Lake Balboa,access_limited,access_limited,https://la.urbanize.city/post/affordable-housing-takes-shape-17100-victory-blvd-lake-balboa,valid,title/source/url metadata are internally consistent,Development Activity,Market Intelligence,development_project_anchor: Construction Start (unit/site count: 192 apartments; address/street: 17100 victory blvd; execution milestone: broke ground; project/asset term: project),acceptable_repeat,2,2026-08-19,2026-08-21,2,fresh_0_3d,fresh,published date parsed; article age 2 day(s),62,previously seen article; limited page access,,,used broad market bucket: Los Angeles / California,debt_financing,repeated_but_retained,limited page access; development article without confirmed capital event,No,Participant not identified,,unresolved,unresolved,"No institution name detected in dictionary, title, summary, or source text.",True,unit/site count: 192 apartments; address/street: 17100 victory blvd; execution milestone: broke ground; project/asset term: project,high,Construction Start,No,,,,,,,,,macro_financing,none,none,none,none,none,none,affordable_housing,lender; developer,Market reference detected as Los Angeles / California.,unknown,"Limited/paywalled article; classification is based on title, URL, source, and available lead text only. No clear rule-based event keyword was detected. Primary topic set to macro_financing; confidence unknown.",60,20,development continuation; event/webinar or promotion; limited article: title/lead-based review needed; classification confidence penalty,8
2026-08-21,20260821-232352-ea0d6aef,2026-08-21 23:23:11,Commercial Observer,Core Multifamily News,Tier 1,national_multifamily,Other,Multifamily,"Thu, 20 Aug 2026 17:13:26 +0000",100,High,Must Read,New York,Financing Risk; Institutional Flow,Track Financing Conditions; Track Institutional Capital Flow,"Monitor financing conditions because the article includes acquisition, debt, financing and $177m, $177.25 million, $450 million, which may affect construction loans, refinancing risk, and exit cap rates.",High relevance to US residential developer strategy,Read full article,"Included because it scored 100 and mentions acquisition, debt, financing, with a Financing Risk; Institutional Flow angle for New York.",Financing Cost Signal,$177m; $177.25 million; $450 million,"Residential · Multifamily Westchester Finance · Acquisition Affinius Capital Lends $177M for Multifamily Asset Buy in New Jersey, Yonkers Joint venture between Lincoln Property Company, Saber-Hightower and Waterfall Asset Management secures debt as part of $450 million portfolio acquisition from National Resources By Andrew Coen August 20, 2026 1:13 pm reprints Affinius Capital's David Greenberg and Trilogy Lofts in Tuckahoe, N.Y. PHOTOS: Courtesy Affinius Capital A joint venture between Lincoln","You are a strategic research analyst for Woomi / Woomi Global.
Analyze the following US multifamily housing article for developer strategy.

Article context:
- Title: Affinius Capital Lends $177M for Multifamily Asset Buy in New Jersey, Yonkers
- Source: Commercial Observer
- URL: https://commercialobserver.com/2026/08/affinius-capital-new-jersey-yonkers-apartments/
- Market focus: New York
- Strategic angle: Financing Risk; Institutional Flow
- Market signal: Financing Cost Signal
- Extracted numbers: $177m; $177.25 million; $450 million
- Strategic implication: Monitor financing conditions because the article includes acquisition, debt, financing and $177m, $177.25 million, $450 million, which may affect construction loans, refinancing risk, and exit cap rates.
- Woomi relevance: High relevance to US residential developer strategy

Please answer in concise bullet points:
1. Why does this article matter for a US multifamily developer?
2. What is the implication for Woomi / Woomi Global?
3. What risk or opportunity does this indicate?
4. What follow-up question should the strategy team ask?",98,Excellent,None,"Rule-based interpretation: Commercial Observer article 'Affinius Capital Lends $177M for Multifamily Asset Buy in New Jersey, Yonkers' is classified as priority review for New York. It points to financing, refinancing, or debt-market conditions. Treat as a briefing input, not a standalone investment conclusion; confirm with source diversity, repeat observation, and market-specific evidence.",Macro & Financing; Market Players & Deals,acquisition; debt; financing; joint venture; lincoln property company; multifamily,"Affinius Capital Lends $177M for Multifamily Asset Buy in New Jersey, Yonkers",https://commercialobserver.com/2026/08/affinius-capital-new-jersey-yonkers-apartments/,Yes,art_23e40df3f26b618b,New York,other,Multifamily,acquisition; JV/recapitalization,거래/투자,거래/투자; 시장 데이터,No,article page appears accessible from collected text,No,No,standard,art_23e40df3f26b618b,https://commercialobserver.com/2026/08/affinius-capital-new-jersey-yonkers-apartments/,"Affinius Capital Lends $177M for Multifamily Asset Buy in New Jersey, Yonkers",open,open,https://commercialobserver.com/2026/08/affinius-capital-new-jersey-yonkers-apartments/,valid,title/source/url metadata are internally consistent,GP / Capital Activity,,"property-level financing, lender, refinancing, or recapitalization signal detected",repeat_penalized,1,2026-08-20,2026-08-21,1,fresh_0_3d,fresh,published date parsed; article age 1 day(s),48,previously seen article; appeared in prior Representative Evidence,,,used broad market bucket: New York,joint_venture,retained_repeat,selected or retained for GP / capital review,Yes,Affinius Capital,Lincoln Property Company; Yonkers Residential; Acquisition Affinius Capital; Waterfall Asset Management; Courtesy Affinius Capital,dictionary_match,high,"Matched known institutional / GP entity in title, summary, or source text.",False,"no identifiable project, asset, site, address, or unit-count anchor",none,,No,,,Affinius Capital,,Lincoln Property Company,Lincoln Property Company; Yonkers Residential; Acquisition Affinius Capital; Waterfall Asset Management; Courtesy Affinius Capital,Affinius Capital,Lincoln Property Company; Yonkers Residential; Acquisition Affinius Capital; Waterfall Asset Management; Courtesy Affinius Capital,institutional_capital,capital_markets,joint_venture; acquisition,none,none,gp_acquisition,none,unknown,lender,Market reference detected as New York.,high,"Capital event keywords detected: joint_venture, acquisition. Institutional activity terms detected: gp_acquisition. Primary topic set to institutional_capital; confidence high.",85,86,JV or partnership activity; institutional acquisition behavior,67
2026-08-21,20260821-232352-ea0d6aef,2026-08-21 23:23:43,Connect CRE Phoenix,Site / Parcel Source Expansion,Tier 2,development_pipeline;gp_activity;sunbelt,Other,BTR / Single-Family Rental,"Thu, 13 Aug 2026 15:18:33 +0000",85,High,Must Read,Phoenix / Arizona,Supply Pressure; Institutional Flow; Developer Strategy,Track Supply Pipeline; Track Institutional Capital Flow; Track Developer Strategy,"Review this as a supply risk signal because it references new deliveries, starts, pipeline, or permits in Phoenix / Arizona.",High relevance to US residential developer strategy,Read full article,"Included because it scored 85 and mentions apartment, apartments, btr, with a Supply Pressure; Institutional Flow; Developer Strategy angle for Phoenix / Arizona.",No Clear Numeric Signal,,"Phoenix & Southwest CRE News In Your Inbox. Sign up for Connect emails to stay informed with CRE stories that are 150 words or less. Phoenix & Southwest + Phoenix + Apartments | August 13, 2026 By: Mike Boyd Porter Kyle Adds New 100-Unit BTR Community to East Valley Portfolio Porter Kyle, a Scottsdale-based Build-to-Rent (BTR) developer and general contractor, opened the doors to The Wayne, a 100-unit BTR townhome community in Chandler, Ariz. Residents are moving in, and the clubhouse and first ","You are a strategic research analyst for Woomi / Woomi Global.
Analyze the following US multifamily housing article for developer strategy.

Article context:
- Title: Porter Kyle Adds New 100-Unit BTR Community to East Valley Portfolio
- Source: Connect CRE Phoenix
- URL: https://www.connectcre.com/stories/porter-kyle-adds-new-100-unit-btr-community-to-east-valley-portfolio/
- Market focus: Phoenix / Arizona
- Strategic angle: Supply Pressure; Institutional Flow; Developer Strategy
- Market signal: No Clear Numeric Signal
- Extracted numbers: None detected
- Strategic implication: Review this as a supply risk signal because it references new deliveries, starts, pipeline, or permits in Phoenix / Arizona.
- Woomi relevance: High relevance to US residential developer strategy

Please answer in concise bullet points:
1. Why does this article matter for a US multifamily developer?
2. What is the implication for Woomi / Woomi Global?
3. What risk or opportunity does this indicate?
4. What follow-up question should the strategy team ask?",82,Good,missing extracted numbers; missing market signal,"Rule-based interpretation: Connect CRE Phoenix article 'Porter Kyle Adds New 100-Unit BTR Community to East Valley Portfolio' is classified as priority review for Phoenix / Arizona. It points to supply, delivery, lease-up, or absorption conditions. Treat as a briefing input, not a standalone investment conclusion; confirm with source diversity, repeat observation, and market-specific evidence.",Development Strategy,apartment; apartments; btr; build-to-rent; developer; lease-up,Porter Kyle Adds New 100-Unit BTR Community to East Valley Portfolio,https://www.connectcre.com/stories/porter-kyle-adds-new-100-unit-btr-community-to-east-valley-portfolio/,Yes,art_17983d8a26d87a1b,Phoenix,core_15,Build-to-Rent,delivery/completion; market data/supply-demand,개발/인허가,개발/인허가; 운영/임대; 시장 데이터,No,article page appears accessible from collected text,Yes,No,standard,art_17983d8a26d87a1b,https://www.connectcre.com/stories/porter-kyle-adds-new-100-unit-btr-community-to-east-valley-portfolio/,Porter Kyle Adds New 100-Unit BTR Community to East Valley Portfolio,open,open,https://www.connectcre.com/stories/porter-kyle-adds-new-100-unit-btr-community-to-east-valley-portfolio/,valid,title/source/url metadata are internally consistent,Development Activity,,development_project_anchor: Delivery / Opening (unit/site count: 100-unit; execution milestone: opened; project/asset term: community),repeat_penalized,8,2026-08-13,2026-08-21,8,recent_4_14d,recent,published date parsed; article age 8 day(s),55,previously seen article,Phoenix,Arizona,matched city/metro keyword: Phoenix,portfolio_transaction,retained_repeat,selected or retained for GP / capital review,Yes,Participant not identified,,unresolved,unresolved,"No institution name detected in dictionary, title, summary, or source text.",True,unit/site count: 100-unit; execution milestone: opened; project/asset term: community,high,Delivery / Opening,No,,,,,,,,,development_pipeline,supply_demand,none,delivery; lease_up,supply_pressure,none,none,btr,developer,Market reference detected as Phoenix / Arizona.,medium,"Development-stage terms detected: delivery, lease_up. Supply/demand terms detected: supply_pressure. Primary topic set to development_pipeline; confidence medium.",60,76,institutional acquisition behavior; lease-up or absorption behavior,57
2026-08-21,20260821-232352-ea0d6aef,2026-08-21 23:23:11,Commercial Observer,Core Multifamily News,Tier 1,national_multifamily,Other,Apartment,"Thu, 20 Aug 2026 15:44:55 +0000",94,High,Must Read,Kentucky,Financing Risk; Institutional Flow,Track Financing Conditions; Track Institutional Capital Flow,"Monitor financing conditions because the article includes apartment, bridge loan, debt and $83m, $82.6 million, $370 million, which may affect construction loans, refinancing risk, and exit cap rates.",High relevance to US residential developer strategy,Read full article,"Included because it scored 94 and mentions apartment, bridge loan, debt, with a Financing Risk; Institutional Flow angle for Kentucky.",Financing Cost Signal,$83m; $82.6 million; $370 million,"Residential · Multifamily New Jersey Finance · Refinance PGIM Loans $83M to Refi 325-Unit New Jersey Apartment Complex The deal concludes a broader $370 million cross-collaterized debt facility that financed a 1,340-unit apartment portfolio across the state By Brian Pascus August 20, 2026 11:44 am reprints Greystone Capital Advisors’ Drew Fletcher (from left), Bryan Grover, Miryam Reinitz-Kops and Jesse Kopecky. PHOTOS: Courtesy Greystone The final piece to a 1,300-unit apartment portfolio refin","You are a strategic research analyst for Woomi / Woomi Global.
Analyze the following US multifamily housing article for developer strategy.

Article context:
- Title: PGIM Loans $83M to Refi 325-Unit New Jersey Apartment Complex
- Source: Commercial Observer
- URL: https://commercialobserver.com/2026/08/pgim-refi-new-jersey-apartment-portoflio/
- Market focus: Kentucky
- Strategic angle: Financing Risk; Institutional Flow
- Market signal: Financing Cost Signal
- Extracted numbers: $83m; $82.6 million; $370 million
- Strategic implication: Monitor financing conditions because the article includes apartment, bridge loan, debt and $83m, $82.6 million, $370 million, which may affect construction loans, refinancing risk, and exit cap rates.
- Woomi relevance: High relevance to US residential developer strategy

Please answer in concise bullet points:
1. Why does this article matter for a US multifamily developer?
2. What is the implication for Woomi / Woomi Global?
3. What risk or opportunity does this indicate?
4. What follow-up question should the strategy team ask?",98,Excellent,None,"Rule-based interpretation: Commercial Observer article 'PGIM Loans $83M to Refi 325-Unit New Jersey Apartment Complex' is classified as priority review for Kentucky. It points to financing, refinancing, or debt-market conditions. Treat as a briefing input, not a standalone investment conclusion; confirm with source diversity, repeat observation, and market-specific evidence.",Macro & Financing,apartment; bridge loan; debt; financing; loan; multifamily; refinancing,PGIM Loans $83M to Refi 325-Unit New Jersey Apartment Complex,https://commercialobserver.com/2026/08/pgim-refi-new-jersey-apartment-portoflio/,Yes,art_c9a076234018a3ac,Kentucky,other,Multifamily,financing/refinancing,제외/금융,제외/금융,Yes,article page appears accessible from collected text,No,No,standard,art_c9a076234018a3ac,https://commercialobserver.com/2026/08/pgim-refi-new-jersey-apartment-portoflio/,PGIM Loans $83M to Refi 325-Unit New Jersey Apartment Complex,open,open,https://commercialobserver.com/2026/08/pgim-refi-new-jersey-apartment-portoflio/,valid,title/source/url metadata are internally consistent,Development Activity,GP / Capital Activity,development_project_anchor: project financing/capital event tied to project (unit/site count: 325-unit),repeat_penalized,1,2026-08-20,2026-08-21,1,fresh_0_3d,fresh,published date parsed; article age 1 day(s),48,previously seen article; appeared in prior Representative Evidence,,,used broad market bucket: Kentucky,refinancing,retained_repeat,selected or retained for GP / capital review,Yes,Greystone,,dictionary_match,high,"Matched known institutional / GP entity in title, summary, or source text.",True,unit/site count: 325-unit,medium,Project Financing / Capital Event,No,,,Greystone,Greystone,,,Greystone,,capital_markets,institutional_capital,refinancing; bridge_loan,none,none,lender_activity,bridge_loan,unknown,lender,Market reference detected as Kentucky.,high,"Capital event keywords detected: refinancing, bridge_loan. Financing type keywords detected: bridge_loan. Institutional activity terms detected: lender_activity. Primary topic set to capital_markets; confidence high.",85,80,institutional acquisition behavior; large-scale refinance tied to strategy,53
2026-08-21,20260821-232352-ea0d6aef,2026-08-21 23:23:49,Connect CRE Orange County,Site / Parcel Source Expansion,Tier 2,development_pipeline;gp_activity,Other,Apartment,"Thu, 13 Aug 2026 19:58:13 +0000",91,High,Must Read,California,Financing Risk; Institutional Flow,Track Financing Conditions; Track Institutional Capital Flow,"Monitor financing conditions because the article includes apartment, apartments, fannie mae and $58, which may affect construction loans, refinancing risk, and exit cap rates.",High relevance to US residential developer strategy,Read full article,"Included because it scored 91 and mentions apartment, apartments, fannie mae, with a Financing Risk; Institutional Flow angle for California.",Deal Size Signal,$58,"California CRE News In Your Inbox. Sign up for Connect emails to stay informed with CRE stories that are 150 words or less. California + Orange County + Apartments | August 13, 2026 By: Paul Bubny Newmark Arranges Fannie Mae Loan on San Clemente Active-Adult Complex Newmark arranged a $58-million Fannie Mae loan for Everleigh San Clemente, a newly constructed 150-unit Class A active-adult (55+) apartment community in San Clemente. The Fannie Mae financing was arranged by vice chairman Lee Redmon","You are a strategic research analyst for Woomi / Woomi Global.
Analyze the following US multifamily housing article for developer strategy.

Article context:
- Title: Newmark Arranges Fannie Mae Loan on San Clemente Active-Adult Complex
- Source: Connect CRE Orange County
- URL: https://www.connectcre.com/stories/newmark-arranges-fannie-mae-loan-on-san-clemente-active-adult/
- Market focus: California
- Strategic angle: Financing Risk; Institutional Flow
- Market signal: Deal Size Signal
- Extracted numbers: $58
- Strategic implication: Monitor financing conditions because the article includes apartment, apartments, fannie mae and $58, which may affect construction loans, refinancing risk, and exit cap rates.
- Woomi relevance: High relevance to US residential developer strategy

Please answer in concise bullet points:
1. Why does this article matter for a US multifamily developer?
2. What is the implication for Woomi / Woomi Global?
3. What risk or opportunity does this indicate?
4. What follow-up question should the strategy team ask?",98,Excellent,None,"Rule-based interpretation: Connect CRE Orange County article 'Newmark Arranges Fannie Mae Loan on San Clemente Active-Adult Complex' is classified as priority review for California. It points to financing, refinancing, or debt-market conditions. Treat as a briefing input, not a standalone investment conclusion; confirm with source diversity, repeat observation, and market-specific evidence.",Macro & Financing; Market Players & Deals,apartment; apartments; fannie mae; financing; joint venture; loan,Newmark Arranges Fannie Mae Loan on San Clemente Active-Adult Complex,https://www.connectcre.com/stories/newmark-arranges-fannie-mae-loan-on-san-clemente-active-adult/,Yes,art_22a15f6c44643113,Los Angeles / Southern California,core_15,Multifamily,financing/refinancing; JV/recapitalization,제외/금융,제외/금융,Yes,article page appears accessible from collected text,Yes,No,standard,art_22a15f6c44643113,https://www.connectcre.com/stories/newmark-arranges-fannie-mae-loan-on-san-clemente-active-adult/,Newmark Arranges Fannie Mae Loan on San Clemente Active-Adult Complex,open,open,https://www.connectcre.com/stories/newmark-arranges-fannie-mae-loan-on-san-clemente-active-adult/,valid,title/source/url metadata are internally consistent,Development Activity,GP / Capital Activity,development_project_anchor: capital event with identifiable project/asset (unit/site count: 150-unit; project/asset term: community),repeat_penalized,8,2026-08-13,2026-08-21,8,recent_4_14d,recent,published date parsed; article age 8 day(s),55,previously seen article,,California,matched state keyword: California,joint_venture,retained_repeat,selected or retained for GP / capital review,Yes,Fannie Mae,,dictionary_match,high,"Matched known institutional / GP entity in title, summary, or source text.",True,unit/site count: 150-unit; project/asset term: community,high,Project / Asset,No,,,Fannie Mae,,,,Fannie Mae,,institutional_capital,capital_markets,joint_venture,none,none,lender_activity,agency_debt,unknown,lender,Market reference detected as California.,high,Capital event keywords detected: joint_venture. Financing type keywords detected: agency_debt. Institutional activity terms detected: lender_activity. Primary topic set to institutional_capital; confidence high.,85,72,JV or partnership activity,53
2026-08-21,20260821-232352-ea0d6aef,2026-08-21 23:23:46,Connect CRE Atlanta,Site / Parcel Source Expansion,Tier 2,development_pipeline;gp_activity;sunbelt,Other,Apartment,"Tue, 11 Aug 2026 14:07:02 +0000",78,Medium,Review,Atlanta / Georgia,Developer Strategy,Track Developer Strategy,"Review for developer strategy because the article may inform site selection, product type, adaptive reuse, build-to-rent, or market entry.",Medium relevance to market monitoring,Track source for follow-up,"Included because it scored 78 and mentions apartment, apartments, conversion, with a Developer Strategy angle for Atlanta / Georgia.",No Clear Numeric Signal,314 apartments,"Atlanta & Southeast News In Your Inbox Sign up for Connect emails to stay informed with CRE stories that are 150 words or less. Atlanta & Southeast + Atlanta + Apartments | August 11, 2026 By: Mike Boyd JLB Pursuing Buckhead Office-to-Apartments Conversion JLB Partners plans to redevelop a seven-story building at 470 E. Paces Ferry Road in Buckhead Village. The Atlanta Business Chronicle reports the project consists of 314 apartments in what was once a mid-century office building. On Maple Drive","You are a strategic research analyst for Woomi / Woomi Global.
Analyze the following US multifamily housing article for developer strategy.

Article context:
- Title: JLB Pursuing Buckhead Office-to-Apartments Conversion
- Source: Connect CRE Atlanta
- URL: https://www.connectcre.com/stories/jlb-pursuing-buckhead-office-to-apartments-conversion/
- Market focus: Atlanta / Georgia
- Strategic angle: Developer Strategy
- Market signal: No Clear Numeric Signal
- Extracted numbers: 314 apartments
- Strategic implication: Review for developer strategy because the article may inform site selection, product type, adaptive reuse, build-to-rent, or market entry.
- Woomi relevance: Medium relevance to market monitoring

Please answer in concise bullet points:
1. Why does this article matter for a US multifamily developer?
2. What is the implication for Woomi / Woomi Global?
3. What risk or opportunity does this indicate?
4. What follow-up question should the strategy team ask?",90,Excellent,missing market signal,"Rule-based interpretation: Connect CRE Atlanta article 'JLB Pursuing Buckhead Office-to-Apartments Conversion' is classified as review for Atlanta / Georgia. It points to development execution or sponsor strategy. Treat as a briefing input, not a standalone investment conclusion; confirm with source diversity, repeat observation, and market-specific evidence.",Development Strategy,apartment; apartments; conversion,JLB Pursuing Buckhead Office-to-Apartments Conversion,https://www.connectcre.com/stories/jlb-pursuing-buckhead-office-to-apartments-conversion/,Yes,art_4addc8979f06a523,Atlanta,core_15,Multifamily,,개발/인허가,개발/인허가; 시장 데이터,No,article page appears accessible from collected text,Yes,No,standard,art_4addc8979f06a523,https://www.connectcre.com/stories/jlb-pursuing-buckhead-office-to-apartments-conversion/,JLB Pursuing Buckhead Office-to-Apartments Conversion,open,open,https://www.connectcre.com/stories/jlb-pursuing-buckhead-office-to-apartments-conversion/,valid,title/source/url metadata are internally consistent,Development Activity,,development_project_anchor: Project / Asset (unit/site count: 314 apartments; address/street: 470 e. paces ferry road; project/asset term: project),repeat_penalized,10,2026-08-11,2026-08-21,10,recent_4_14d,recent,published date parsed; article age 10 day(s),55,previously seen article,Atlanta,Georgia,matched city/metro keyword: Atlanta,none,not_candidate,not a GP / capital candidate,No,,,,,,True,unit/site count: 314 apartments; address/street: 470 e. paces ferry road; project/asset term: project,high,Project / Asset,No,,,,,,,,,development_pipeline,none,none,redevelopment,none,none,none,unknown,developer,Market reference detected as Atlanta / Georgia.,low,Development-stage terms detected: redevelopment. Primary topic set to development_pipeline; confidence low.,60,40,classification confidence penalty,21
2026-08-21,20260821-232352-ea0d6aef,2026-08-21 23:23:41,Connect CRE South Florida,Site / Parcel Source Expansion,Tier 2,development_pipeline;gp_activity;sunbelt,Other,Apartment,"Fri, 14 Aug 2026 14:29:54 +0000",74,Medium,Review,Miami / Florida,Developer Strategy,Track Developer Strategy,"Review for developer strategy because the article may inform site selection, product type, adaptive reuse, build-to-rent, or market entry.",Medium relevance to market monitoring,Track source for follow-up,"Included because it scored 74 and mentions apartment, apartments, development, with a Developer Strategy angle for Miami / Florida.",No Clear Numeric Signal,$9.3 million,"Florida & Gulf Coast CRE News In Your Inbox. Sign up for Connect emails to stay informed with CRE stories that are 150 words or less. Florida & Gulf Coast + South Florida + Apartments | August 14, 2026 By: Mike Boyd Related Planning Apartments on Site at Fort Lauderdale Office Park Related Group recently paid $9.3 million for a development site at a Fort Lauderdale office park at 6700 N. Andrews Ave. Naya USA was the seller. CPN West retained ownership of the 309,243-square-foot office building ","You are a strategic research analyst for Woomi / Woomi Global.
Analyze the following US multifamily housing article for developer strategy.

Article context:
- Title: Related Planning Apartments on Site at Fort Lauderdale Office Park
- Source: Connect CRE South Florida
- URL: https://www.connectcre.com/stories/related-planning-apartments-on-site-at-fort-lauderdale-office-park/
- Market focus: Miami / Florida
- Strategic angle: Developer Strategy
- Market signal: No Clear Numeric Signal
- Extracted numbers: $9.3 million
- Strategic implication: Review for developer strategy because the article may inform site selection, product type, adaptive reuse, build-to-rent, or market entry.
- Woomi relevance: Medium relevance to market monitoring

Please answer in concise bullet points:
1. Why does this article matter for a US multifamily developer?
2. What is the implication for Woomi / Woomi Global?
3. What risk or opportunity does this indicate?
4. What follow-up question should the strategy team ask?",90,Excellent,missing market signal,"Rule-based interpretation: Connect CRE South Florida article 'Related Planning Apartments on Site at Fort Lauderdale Office Park' is classified as review for Miami / Florida. It points to development execution or sponsor strategy. Treat as a briefing input, not a standalone investment conclusion; confirm with source diversity, repeat observation, and market-specific evidence.",Development Strategy,apartment; apartments; development,Related Planning Apartments on Site at Fort Lauderdale Office Park,https://www.connectcre.com/stories/related-planning-apartments-on-site-at-fort-lauderdale-office-park/,Yes,art_2d85c8bcec98e3aa,Miami / South Florida,core_15,Multifamily,land/site acquisition,개발/인허가,개발/인허가; 거래/투자,No,article page appears accessible from collected text,Yes,No,standard,art_2d85c8bcec98e3aa,https://www.connectcre.com/stories/related-planning-apartments-on-site-at-fort-lauderdale-office-park/,Related Planning Apartments on Site at Fort Lauderdale Office Park,open,open,https://www.connectcre.com/stories/related-planning-apartments-on-site-at-fort-lauderdale-office-park/,valid,title/source/url metadata are internally consistent,Development Activity,,development_project_anchor: Site Acquisition / Site Control (address/street: 6700 n. andrews ave; site/parcel signal: site; project/asset term: development),repeat_penalized,7,2026-08-14,2026-08-21,7,fresh_0_3d,fresh,published date parsed; article age 7 day(s),55,previously seen article,Miami,Florida,matched city/metro keyword: Miami,none,not_candidate,not a GP / capital candidate,No,,,,,,True,address/street: 6700 n. andrews ave; site/parcel signal: site; project/asset term: development,high,Site Acquisition / Site Control,No,,,,,,,,,gp_activity,none,none,none,none,none,none,development,developer,Market reference detected as Miami / Florida.,unknown,No clear rule-based event keyword was detected. Primary topic set to gp_activity; confidence unknown.,60,40,classification confidence penalty,15
2026-08-21,20260821-232352-ea0d6aef,2026-08-21 23:23:44,Connect CRE Atlanta,Site / Parcel Source Expansion,Tier 2,development_pipeline;gp_activity;sunbelt,Other,Apartment,"Wed, 12 Aug 2026 14:09:31 +0000",77,Medium,Review,Atlanta / Georgia,Institutional Flow,Track Institutional Capital Flow,"Track this as institutional capital flow because it mentions major capital players, portfolio transactions, deal size, or cap-rate signals.",High relevance to US residential developer strategy,Add to weekly strategy memo,"Included because it scored 77 and mentions apartment, apartments, sale, with a Institutional Flow angle for Atlanta / Georgia.",Deal Size Signal,$98.4m; $98.4 million; $126.9 million,"Atlanta & Southeast News In Your Inbox Sign up for Connect emails to stay informed with CRE stories that are 150 words or less. Atlanta & Southeast + Atlanta + Apartments | August 12, 2026 By: Mike Boyd Saratoga Capital Pays $98.4M at Auction for Atlanta Apartment Community Saratoga Capital Partners bought the 336-unit Generation Atlanta community on Centennial Olympic Park Drive for $98.4 million in a foreclosure auction. Frankforter Group was the building’s previous owner. In late 2021, Frankf","You are a strategic research analyst for Woomi / Woomi Global.
Analyze the following US multifamily housing article for developer strategy.

Article context:
- Title: Saratoga Capital Pays $98.4M at Auction for Atlanta Apartment Community
- Source: Connect CRE Atlanta
- URL: https://www.connectcre.com/stories/saratoga-capital-pays-98-4m-at-auction-for-atlanta-apartment-community/
- Market focus: Atlanta / Georgia
- Strategic angle: Institutional Flow
- Market signal: Deal Size Signal
- Extracted numbers: $98.4m; $98.4 million; $126.9 million
- Strategic implication: Track this as institutional capital flow because it mentions major capital players, portfolio transactions, deal size, or cap-rate signals.
- Woomi relevance: High relevance to US residential developer strategy

Please answer in concise bullet points:
1. Why does this article matter for a US multifamily developer?
2. What is the implication for Woomi / Woomi Global?
3. What risk or opportunity does this indicate?
4. What follow-up question should the strategy team ask?",98,Excellent,None,"Rule-based interpretation: Connect CRE Atlanta article 'Saratoga Capital Pays $98.4M at Auction for Atlanta Apartment Community' is classified as review for Atlanta / Georgia. It points to institutional capital movement or transaction activity. Treat as a briefing input, not a standalone investment conclusion; confirm with source diversity, repeat observation, and market-specific evidence.",Macro & Financing; Market Players & Deals,apartment; apartments; sale,Saratoga Capital Pays $98.4M at Auction for Atlanta Apartment Community,https://www.connectcre.com/stories/saratoga-capital-pays-98-4m-at-auction-for-atlanta-apartment-community/,Yes,art_1d52cfb4e6bbc0bc,Atlanta,core_15,Multifamily,,거래/투자,거래/투자; 시장 데이터,No,article page appears accessible from collected text,Yes,No,standard,art_1d52cfb4e6bbc0bc,https://www.connectcre.com/stories/saratoga-capital-pays-98-4m-at-auction-for-atlanta-apartment-community/,Saratoga Capital Pays $98.4M at Auction for Atlanta Apartment Community,open,open,https://www.connectcre.com/stories/saratoga-capital-pays-98-4m-at-auction-for-atlanta-apartment-community/,valid,title/source/url metadata are internally consistent,Development Activity,Market Intelligence,development_project_anchor: Project / Asset (unit/site count: 336-unit; project/asset term: community),repeat_penalized,9,2026-08-12,2026-08-21,9,recent_4_14d,recent,published date parsed; article age 9 day(s),55,previously seen article,Atlanta,Georgia,matched city/metro keyword: Atlanta,disposition_exit,repeat_penalized,repeat exposure penalty; development article without confirmed capital event,No,Mike Boyd Saratoga Capital,Atlanta Apartment Community Saratoga Capital Partners,capital_event_sentence,medium,Inferred entity from source text near capital-event language.,True,unit/site count: 336-unit; project/asset term: community,high,Project / Asset,No,,,Mike Boyd Saratoga Capital,,Atlanta Apartment Community Saratoga Capital Partners,Atlanta Apartment Community Saratoga Capital Partners,Mike Boyd Saratoga Capital,Atlanta Apartment Community Saratoga Capital Partners,macro_financing,none,none,none,none,none,none,opportunistic,lender; investor,Market reference detected as Atlanta / Georgia.,unknown,No clear rule-based event keyword was detected. Primary topic set to macro_financing; confidence unknown.,60,40,classification confidence penalty,11
