run_date,run_id,canonical_project_id,canonical_project_name,project_identity_confidence,lifecycle_id,canonical_article_id,title,original_url,published,summary,article_integrity_status,article_integrity_reason,primary_display_section,secondary_display_sections,repeat_exposure_status,has_project_anchor,project_anchor_reason,project_anchor_confidence,development_lifecycle_hint,published_date_normalized,collected_date_normalized,article_age_days,freshness_bucket,freshness_status,freshness_reason,freshness_score,access_status,extracted_city,extracted_state,extracted_market_reason,canonical_asset_or_project_name,market,city_or_submarket,residential_sector,gp_or_developer,lender_or_capital_partner,current_lifecycle_stage,primary_development_category,primary_category_reason,previous_lifecycle_stage_if_known,lifecycle_progression_signal,lifecycle_risk_score,lifecycle_opportunity_score,timing_bucket,entitlement_complexity_flag,financing_dependency_flag,construction_execution_flag,lease_up_risk_flag,woomi_lifecycle_relevance,recommended_lifecycle_follow_up,evidence_signals,source_article_title,source,url,confidence_level
2026-10-05,20261005-013923-f19aeef1,PRJ-20261005-0107,"Refinancing - California - Bank of America, JLL Provide $276M Refi for SoCal Senior Housing",100,LC-20261005-010,art_d478db7c64e9568d,"Bank of America, JLL Provide $276M Refi for SoCal Senior Housing",https://commercialobserver.com/2026/10/nexus-bank-of-america-jll-senior-housing-california/,"Fri, 02 Oct 2026 18:20:50 +0000","Residential · Senior Living Orange County Finance · Refinance Bank of America, JLL Provide $276M Refi for SoCal Senior Housing Nexus Development secured one of the largest senior housing financings ever at $1.4 million a unit By Greg Cornfield October 2, 2026 2:20 pm reprints Aaron Rosenzweig (top) and Greg Brown (bottom) of JLL, pictured with Vivante Newport Center in Newport Beach, Calif. PHOTOS: Courtesy JLL A Nexus Development affiliate has landed $276 million in refinancing for two senior h",valid,title/source/url metadata are internally consistent,GP / Capital Activity,,acceptable_repeat,,,,,2026-10-02,2026-10-05,3,fresh_0_3d,fresh,published date parsed; article age 3 day(s),74,open,,,,"Refinancing - California - Bank of America, JLL Provide $276M Refi for SoCal Senior Housing",California,Orange County,Senior Housing,JLL,JLL,Refinancing / Recapitalization,excluded,transaction / capital guard: refinancing,Refinancing / Recapitalization,Mature / Operating,60,100,Unknown Timing,Low,High,Low,Low,Relevant to acquisition / JV timing,"Track lender, maturity, debt terms, and recapitalization need",Refinancing / Recapitalization; Refinancing / Recapitalization; No explicit timing reference,"Bank of America, JLL Provide $276M Refi for SoCal Senior Housing",Commercial Observer,https://commercialobserver.com/2026/10/nexus-bank-of-america-jll-senior-housing-california/,High
2026-10-05,20261005-013923-f19aeef1,PRJ-20261005-0033,"Refinancing - California - Bank of America, JLL Provide $276M Refi for SoCal Senior Housing",100,LC-20261005-011,art_fbf9ab14cdf1125e,JLL Arranges $276M Refi for Newport Beach Seniors Communities,https://www.connectcre.com/stories/jll-arranges-276m-refi-for-newport-beach-seniors-communities/,"Fri, 02 Oct 2026 21:13:08 +0000","California CRE News In Your Inbox. Sign up for Connect emails to stay informed with CRE stories that are 150 words or less. California + Orange County + Senior Housing | October 2, 2026 By: Paul Bubny JLL Arranges $276M Refi for Newport Beach Seniors Communities JLL Capital Markets arranged $276 million in refinancing for Vivante Newport Center and Vivante Newport Mesa, a two-property seniors housing portfolio in Newport Beach. Senior managing director Greg Brown, assisted by senior managing dir",valid,title/source/url metadata are internally consistent,GP / Capital Activity,,acceptable_repeat,,,,,2026-10-02,2026-10-05,3,fresh_0_3d,fresh,published date parsed; article age 3 day(s),74,open,,,,Refinancing - California - JLL Arranges $276M Refi for Newport Beach Seniors Communities,California,California,Senior Housing,JLL,JLL,Refinancing / Recapitalization,excluded,transaction / capital guard: refinancing,Refinancing / Recapitalization,Mature / Operating,60,100,Unknown Timing,Low,High,Low,Low,Relevant to acquisition / JV timing,"Track lender, maturity, debt terms, and recapitalization need",Refinancing / Recapitalization; Refinancing / Recapitalization; No explicit timing reference,JLL Arranges $276M Refi for Newport Beach Seniors Communities,Connect CRE,https://www.connectcre.com/stories/jll-arranges-276m-refi-for-newport-beach-seniors-communities/,High
2026-10-05,20261005-013923-f19aeef1,PRJ-20261005-0139,Construction Financing - California - Apollo Provides $131M Construction Loan for Brookfield’s California Logistics Center,100,LC-20261005-016,art_c129ec814c64afcf,Apollo Provides $131M Construction Loan for Brookfield’s California Logistics Center,https://commercialobserver.com/2026/10/apollo-provides-131m-construction-loan-for-brookfields-california-logistics-center/,"Thu, 01 Oct 2026 18:05:52 +0000","Industrial Southern California Finance Apollo Provides $131M Construction Loan for Brookfield’s California Logistics Center Brookfield is developing a 664,859-square-foot facility on the former Rialto Airport By Brian Pascus October 1, 2026 2:05 pm reprints CBRE's Tom Rugg (top) and Tom Traynor, and a rendering of Locust Gateways in Rialto, Calif. PHOTOS: Courtesy CBRE; Paul Quitoriano/for Commercial Observer; RENDERING: Courtesy CBRE Brookfield has secured $130.5 million in construction financi",valid,title/source/url metadata are internally consistent,GP / Capital Activity,,acceptable_repeat,,,,,2026-10-01,2026-10-05,4,fresh_0_3d,fresh,published date parsed; article age 4 day(s),70,open,,,,Construction Financing - California - Apollo Provides $131M Construction Loan for Brookfield’s California Logistics Center,California,Southern California,General Residential,Brookfield,CBRE,Refinancing / Recapitalization,excluded,transaction / capital guard: loan,Refinancing / Recapitalization,Mature / Operating,56,100,Unknown Timing,Low,High,Low,Low,Relevant to acquisition / JV timing,"Track lender, maturity, debt terms, and recapitalization need",Refinancing / Recapitalization; Refinancing / Recapitalization; No explicit timing reference,Apollo Provides $131M Construction Loan for Brookfield’s California Logistics Center,Commercial Observer,https://commercialobserver.com/2026/10/apollo-provides-131m-construction-loan-for-brookfields-california-logistics-center/,High
2026-10-05,20261005-013923-f19aeef1,PRJ-20261005-0148,"General Project Signal - Salt Lake City / Utah - JLL Arranges Equity Placement for 217-Unit Multifamily Development in Bluffdale, Utah",100,LC-20261005-001,art_65fb04c9b6e456ba,"JLL Arranges Equity Placement for 217-Unit Multifamily Development in Bluffdale, Utah",https://rebusinessonline.com/jll-arranges-equity-placement-for-217-unit-multifamily-development-in-bluffdale-utah/,2026-10-02T14:17:00Z,"Located in Bluffdale, Utah, the multifamily development will feature 217 apartments, a pool, spa, clubhouse and fitness center. Development Loans Multifamily Utah Western JLL Arranges Equity Placement for 217-Unit Multifamily Development in Bluffdale, Utah by Amy Works October 2, 2026 October 2, 2026 37 BLUFFDALE, UTAH — JLL Capital Markets has arranged an equity placement for a multifamily development at 15580 Plentiful Way in Bluffdale, located south of Salt Lake City. Chris Gandy, Kevin Barro",valid,title/source/url metadata are internally consistent,Development Activity,GP / Capital Activity; Market Intelligence,acceptable_repeat,,,,,2026-10-02,2026-10-05,3,fresh_0_3d,fresh,published date parsed; article age 3 day(s),74,open,,,,"General Project Signal - Salt Lake City / Utah - JLL Arranges Equity Placement for 217-Unit Multifamily Development in Bluffdale, Utah",Unknown,Utah,Apartment,JLL,JLL,Unknown Stage,construction_delivery_watch,matched development / asset strategy execution,Unknown Stage,Reappearing,52,100,Unknown Timing,Unknown,Unknown,Unknown,Unknown,General monitoring,Monitor lifecycle signal for repeated confirmation,Unknown Stage; General Asset Signal; No explicit timing reference,"JLL Arranges Equity Placement for 217-Unit Multifamily Development in Bluffdale, Utah",REBusiness Online,https://rebusinessonline.com/jll-arranges-equity-placement-for-217-unit-multifamily-development-in-bluffdale-utah/,High
2026-10-05,20261005-013923-f19aeef1,PRJ-20261005-0078,"Recapitalization - Los Angeles / California - Cityview, PCCP Joint Venture Buys L.A. Apartments for $76M",100,LC-20261005-007,art_f20b59a031ee1ae5,"Cityview, PCCP Joint Venture Buys L.A. Apartments for $76M",https://commercialobserver.com/2026/10/cityview-pccp-la-multifamily/,"Thu, 01 Oct 2026 18:35:12 +0000","Residential · Multifamily Los Angeles Investments & Sales Cityview, PCCP Joint Venture Buys L.A. Apartments for $76M The 243-unit Belle on Bev traded for about $313,000 per unit By Greg Cornfield October 1, 2026 2:35 pm reprints Sean Burton. PHOTO: Courtesy Cityview A joint venture between CityView and PCCP is recapitalizing a 243-unit apartment complex in Los Angeles’ Historic Filipinotown for $76 million. Cityview is also the seller, bringing PCCP into the ownership of the Belle on Bev project",valid,title/source/url metadata are internally consistent,Development Activity,GP / Capital Activity,repeat_penalized,,,,,2026-10-01,2026-10-05,4,fresh_0_3d,fresh,published date parsed; article age 4 day(s),40,open,,,,"Recapitalization - Los Angeles / California - Cityview, PCCP Joint Venture Buys L.A. Apartments for $76M",California,Los Angeles,Apartment,PCCP,Unknown,Refinancing / Recapitalization,excluded,transaction / capital guard: buys,Refinancing / Recapitalization,Mature / Operating,51,100,Unknown Timing,Low,High,Low,Low,Relevant to acquisition / JV timing,"Track lender, maturity, debt terms, and recapitalization need",Refinancing / Recapitalization; Refinancing / Recapitalization; No explicit timing reference,"Cityview, PCCP Joint Venture Buys L.A. Apartments for $76M",Commercial Observer,https://commercialobserver.com/2026/10/cityview-pccp-la-multifamily/,High
2026-10-05,20261005-013923-f19aeef1,PRJ-20261005-0095,Refinancing - Nashville / Tennessee - Helaba Provides $105M Construction Takeout Loan on Nashville Apartments,100,LC-20261005-008,art_e5ab2234ec2ec649,Helaba Provides $105M Construction Takeout Loan on Nashville Apartments,https://commercialobserver.com/2026/10/helaba-mill-creek-residential-nashville-apartments/,"Thu, 01 Oct 2026 19:52:52 +0000","Residential · Multifamily Nashville Finance · Refinance Helaba Provides $105M Construction Takeout Loan on Nashville Apartments CrossHarbor Capital Partners and Mill Creek Residential debuted the 400-unit property in 2024 By Andrew Coen October 1, 2026 3:52 pm reprints Helaba's Jason Deck and Modera Riverview in Nashville, Tenn. PHOTOS: Courtesy Helaba; Courtesy Mill Creek Residential A joint venture between CrossHarbor Capital Partners and Mill Creek Residential has secured $105 million of cons",valid,title/source/url metadata are internally consistent,Development Activity,GP / Capital Activity,acceptable_repeat,,,,,2026-10-01,2026-10-05,4,fresh_0_3d,fresh,published date parsed; article age 4 day(s),70,open,,,,Refinancing - Nashville / Tennessee - Helaba Provides $105M Construction Takeout Loan on Nashville Apartments,Unknown,Nashville,Mixed-Use Residential,Mill Creek Residential,Unknown,Refinancing / Recapitalization,excluded,transaction / capital guard: refinancing,Refinancing / Recapitalization,Mature / Operating,51,100,Unknown Timing,Low,High,Low,Low,Relevant to acquisition / JV timing,"Track lender, maturity, debt terms, and recapitalization need",Refinancing / Recapitalization; Refinancing / Recapitalization; No explicit timing reference,Helaba Provides $105M Construction Takeout Loan on Nashville Apartments,Commercial Observer,https://commercialobserver.com/2026/10/helaba-mill-creek-residential-nashville-apartments/,High
2026-10-05,20261005-013923-f19aeef1,PRJ-20261005-0134,Refinancing - Miami / Florida - JSB Capital Lands $238M Refi on Doral Apartment Community,100,LC-20261005-012,art_dbd02ccc07b8df9b,JSB Capital Lands $238M Refi on Doral Apartment Community,https://www.connectcre.com/stories/jsb-capital-lands-238m-refi-on-doral-apartment-community/,"Mon, 28 Sep 2026 13:53:24 +0000","Florida & Gulf Coast CRE News In Your Inbox. Sign up for Connect emails to stay informed with CRE stories that are 150 words or less. Florida & Gulf Coast + South Florida + Apartments | September 28, 2026 By: Mike Boyd JSB Capital Lands $238M Refi on Doral Apartment Community JSB Capital inked a $238 million refinancing of The Landmark South, a 631-unit, Class A multifamily community in Doral, Florida. Walker & Dunlop Capital Markets Institutional Advisory arranged the financing. Aaron Appel, Mi",valid,title/source/url metadata are internally consistent,Development Activity,GP / Capital Activity,repeat_penalized,,,,,2026-09-28,2026-10-05,7,fresh_0_3d,fresh,published date parsed; article age 7 day(s),58,open,,,,Refinancing - Miami / Florida - JSB Capital Lands $238M Refi on Doral Apartment Community,Unknown,South Florida,Apartment,Walker & Dunlop,walker & dunlop,Refinancing / Recapitalization,excluded,transaction / capital guard: refinancing,Refinancing / Recapitalization,Mature / Operating,48,100,Unknown Timing,Low,High,Low,Low,Relevant to acquisition / JV timing,"Track lender, maturity, debt terms, and recapitalization need",Refinancing / Recapitalization; Refinancing / Recapitalization; No explicit timing reference,JSB Capital Lands $238M Refi on Doral Apartment Community,Connect CRE South Florida,https://www.connectcre.com/stories/jsb-capital-lands-238m-refi-on-doral-apartment-community/,High
2026-10-05,20261005-013923-f19aeef1,PRJ-20261005-0049,"Construction Financing - Dallas / Texas - JPI Secures Land, Construction Loan for Dallas Mixed-Income Rental Community",100,LC-20261005-014,art_37197b74c04e6196,"JPI Secures Land, Construction Loan for Dallas Mixed-Income Rental Community",https://www.connectcre.com/stories/jpi-locks-up-land-and-construction-loan-for-dallas-mixed-income-rental-community/,"Fri, 02 Oct 2026 16:44:03 +0000","Texas CRE News In Your Inbox. Sign up for Connect emails to stay informed with CRE stories that are 150 words or less. Texas + Dallas-Fort Worth + Apartments | October 2, 2026 By: Mike Boyd JPI Secures Land, Construction Loan for Dallas Mixed-Income Rental Community JPI closed both land and construction financing for a new income-restricted housing complex in southern Dallas. Construction begins this month, with completion anticipated in mid-2028. The Torrington Forest project, planned on nearly",valid,title/source/url metadata are internally consistent,Development Activity,GP / Capital Activity,acceptable_repeat,,,,,2026-10-02,2026-10-05,3,fresh_0_3d,fresh,published date parsed; article age 3 day(s),74,open,,,,"Construction Financing - Dallas / Texas - JPI Secures Land, Construction Loan for Dallas Mixed-Income Rental Community",Unknown,Dallas,Affordable Housing,JPI,Unknown,Refinancing / Recapitalization,excluded,transaction / capital guard: loan,Refinancing / Recapitalization,Mature / Operating,47,100,Unknown Timing,Low,High,Low,Low,Relevant to acquisition / JV timing,"Track lender, maturity, debt terms, and recapitalization need",Refinancing / Recapitalization; Refinancing / Recapitalization; No explicit timing reference,"JPI Secures Land, Construction Loan for Dallas Mixed-Income Rental Community",Connect CRE Apartments,https://www.connectcre.com/stories/jpi-locks-up-land-and-construction-loan-for-dallas-mixed-income-rental-community/,High
2026-10-05,20261005-013923-f19aeef1,PRJ-20261005-0027,Disposition / Exit - New York City / New York - JLL Arranged the Sale of Multifamily Development Site in Brooklyn,100,LC-20261005-004,art_eda2b9f56c2c2f07,JLL Arranged the Sale of Multifamily Development Site in Brooklyn,https://yieldpro.com/2026/10/441-467-prospect-ave/,"Sun, 04 Oct 2026 15:30:16 +0000","Deal boom News Facebook Twitter Linkedin JLL Capital Markets announced that it arranged the $55 million sale of 441–467 Prospect Ave. , a residential development site in Brooklyn’s Park Slope neighborhood. JLL represented Arrow Linen Supply Company in the sale and negotiated directly with the buyer, Goose Property Management. The site occupies two lots on the north side of Prospect Avenue between Prospect Park West and Eighth Avenue. It is a short walk from Prospect Park and the 15th Street–Pros",valid,title/source/url metadata are internally consistent,Development Activity,GP / Capital Activity,new_or_fresh,,,,,2026-10-04,2026-10-05,1,fresh_0_3d,fresh,published date parsed; article age 1 day(s),100,open,,,,Disposition / Exit - New York City / New York - JLL Arranged the Sale of Multifamily Development Site in Brooklyn,Unknown,Brooklyn,Multifamily,JLL,JLL,Site Acquisition / Site Control,site_parcel_activity,site/parcel signal with project anchor: development site,,Reappearing,41,100,Unknown Timing,Low,Low,Low,Low,Relevant to acquisition / JV timing,Monitor lifecycle signal for repeated confirmation,Site Acquisition / Site Control; Acquisition / Site Control; No explicit timing reference,JLL Arranged the Sale of Multifamily Development Site in Brooklyn,Yield PRO,https://yieldpro.com/2026/10/441-467-prospect-ave/,High
2026-10-05,20261005-013923-f19aeef1,PRJ-20261005-0060,Entitlement / Permitting - California - SoLa Impact score $93M financing package for housing at 252 W. Imperial Highway,100,LC-20261005-002,art_0c870faa324e6e1d,SoLa Impact score $93M financing package for housing at 252 W. Imperial Highway,https://la.urbanize.city/post/sola-impact-score-93m-financing-package-housing-252-w-imperial-highway,"Fri, 02 Oct 2026 13:10:00 +0000","SoLa Impact score $93M financing package for housing at 252 W. Imperial Highway | Urbanize LA Skip to main content Advertisement Advertisement SoLa Impact has secured a nearly $93-million financing package for a new affordable housing development in South L.A.'s Broadway-Manchester neighborhood. The financing, announced by KeyBank Community Development Lending and Investment (CDLI) , will go toward the construction of Broadway & Imperial, a new 166-unit affordable housing development at 252 W. I",valid,title/source/url metadata are internally consistent,Development Activity,GP / Capital Activity; Market Intelligence,acceptable_repeat,,,,,2026-10-02,2026-10-05,3,fresh_0_3d,fresh,published date parsed; article age 3 day(s),62,access_limited,,,,Entitlement / Permitting - California - SoLa Impact score $93M financing package for housing at 252 W. Imperial Highway,California,L.A.,Affordable Housing,Fannie Mae,Fannie Mae,Unknown Stage,excluded,transaction / capital guard: financing,Unknown Stage,Reappearing,23,100,Unknown Timing,Unknown,Unknown,Unknown,Unknown,General monitoring,Monitor lifecycle signal for repeated confirmation,Unknown Stage; Entitlement Play; No explicit timing reference,SoLa Impact score $93M financing package for housing at 252 W. Imperial Highway,Urbanize LA,https://la.urbanize.city/post/sola-impact-score-93m-financing-package-housing-252-w-imperial-highway,High
2026-10-05,20261005-013923-f19aeef1,PRJ-20261005-0072,General Project Signal - Los Angeles / California - KeyBank Provides $92.9M in Financing for Affordable Housing Development in Los Angeles,100,LC-20261005-003,art_997a66fedd50bfee,KeyBank Provides $92.9M in Financing for Affordable Housing Development in Los Angeles,https://rebusinessonline.com/keybank-provides-92-9m-in-financing-for-affordable-housing-development-in-los-angeles/,2026-10-02T14:24:48Z,"Located in South Los Angeles, Broadway & Imperial features 164 affordable apartments, two manager units, a rooftop deck, community room, courtyards and onsite parking with electric vehicle charging stations. Affordable Housing California Development Loans Multifamily Western KeyBank Provides $92.9M in Financing for Affordable Housing Development in Los Angeles by Amy Works October 2, 2026 October 2, 2026 46 LOS ANGELES — KeyBank Community Development Lending and Investment (CDLI) has provided $9",valid,title/source/url metadata are internally consistent,Development Activity,GP / Capital Activity,acceptable_repeat,,,,,2026-10-02,2026-10-05,3,fresh_0_3d,fresh,published date parsed; article age 3 day(s),74,open,,,,General Project Signal - Los Angeles / California - KeyBank Provides $92.9M in Financing for Affordable Housing Development in Los Angeles,California,Los Angeles,Affordable Housing,Fannie Mae,Fannie Mae,Unknown Stage,excluded,transaction / capital guard: financing,Unknown Stage,Reappearing,21,100,Unknown Timing,Unknown,Unknown,Unknown,Unknown,General monitoring,Monitor lifecycle signal for repeated confirmation,Unknown Stage; Affordable / Density Bonus Strategy; No explicit timing reference,KeyBank Provides $92.9M in Financing for Affordable Housing Development in Los Angeles,REBusiness Online,https://rebusinessonline.com/keybank-provides-92-9m-in-financing-for-affordable-housing-development-in-los-angeles/,High
2026-10-05,20261005-013923-f19aeef1,PRJ-20261005-0132,"General Project Signal - Salt Lake City / Utah - JLL Arranges Equity Placement for 217-Unit Multifamily Development in Bluffdale, Utah",100,LC-20261005-017,art_65fb04c9b6e456ba,"JLL Arranges Equity Placement for 217-Unit Multifamily Development in Bluffdale, Utah",https://rebusinessonline.com/jll-arranges-equity-placement-for-217-unit-multifamily-development-in-bluffdale-utah/,2026-10-02T14:17:00Z,"Located in Bluffdale, Utah, the multifamily development will feature 217 apartments, a pool, spa, clubhouse and fitness center. Development Loans Multifamily Utah Western JLL Arranges Equity Placement for 217-Unit Multifamily Development in Bluffdale, Utah by Amy Works October 2, 2026 October 2, 2026 37 BLUFFDALE, UTAH — JLL Capital Markets has arranged an equity placement for a multifamily development at 15580 Plentiful Way in Bluffdale, located south of Salt Lake City. Chris Gandy, Kevin Barro",valid,title/source/url metadata are internally consistent,Development Activity,GP / Capital Activity; Market Intelligence,acceptable_repeat,True,unit/site count: 217-unit; address/street: 15580 plentiful way; project/asset term: development,high,Project / Asset,2026-10-02,2026-10-05,3,fresh_0_3d,fresh,published date parsed; article age 3 day(s),74,open,,,,"JLL Arranges Equity Placement for 217-Unit Multifamily Development in Bluffdale, Utah",Salt Lake City / Utah,Unknown,Apartment,JLL,Unknown,Unknown Stage,excluded,transaction / capital guard: loan,Unknown Stage,Reappearing,42,98,Unknown Timing,Unknown,Unknown,Unknown,Unknown,General monitoring,Monitor lifecycle signal for repeated confirmation,Unknown Stage; General Asset Signal; 2026,"JLL Arranges Equity Placement for 217-Unit Multifamily Development in Bluffdale, Utah",REBusiness Online,https://rebusinessonline.com/jll-arranges-equity-placement-for-217-unit-multifamily-development-in-bluffdale-utah/,High
2026-10-05,20261005-013923-f19aeef1,PRJ-20261005-0027,Disposition / Exit - New York City / New York - JLL Arranged the Sale of Multifamily Development Site in Brooklyn,100,LC-20261005-025,art_eda2b9f56c2c2f07,JLL Arranged the Sale of Multifamily Development Site in Brooklyn,https://yieldpro.com/2026/10/441-467-prospect-ave/,"Sun, 04 Oct 2026 15:30:16 +0000","Deal boom News Facebook Twitter Linkedin JLL Capital Markets announced that it arranged the $55 million sale of 441–467 Prospect Ave. , a residential development site in Brooklyn’s Park Slope neighborhood. JLL represented Arrow Linen Supply Company in the sale and negotiated directly with the buyer, Goose Property Management. The site occupies two lots on the north side of Prospect Avenue between Prospect Park West and Eighth Avenue. It is a short walk from Prospect Park and the 15th Street–Pros",valid,title/source/url metadata are internally consistent,Development Activity,GP / Capital Activity,new_or_fresh,True,address/street: 467 prospect ave; site/parcel signal: site; project/asset term: development,high,Site Acquisition / Site Control,2026-10-04,2026-10-05,1,fresh_0_3d,fresh,published date parsed; article age 1 day(s),100,open,,,,JLL Arranged the Sale of Multifamily Development Site in Brooklyn,New York City / New York,Brooklyn,Multifamily,JLL,Unknown,Site Acquisition / Site Control,site_parcel_activity,site/parcel signal with project anchor: development site,,Reappearing,30,98,Unknown Timing,Low,Low,Low,Low,Relevant to acquisition / JV timing,Monitor lifecycle signal for repeated confirmation,Site Acquisition / Site Control; Acquisition / Site Control; No explicit timing reference,JLL Arranged the Sale of Multifamily Development Site in Brooklyn,Yield PRO,https://yieldpro.com/2026/10/441-467-prospect-ave/,High
2026-10-05,20261005-013923-f19aeef1,PRJ-20261005-0076,Disposition / Exit - Los Angeles / California - Marcus & Millichap Arranges Sale of Vintage Multifamily Apartment Building,100,LC-20261005-005,art_f47fdabfc2439b03,Marcus & Millichap Arranges Sale of Vintage Multifamily Apartment Building,https://yieldpro.com/2026/10/beverly-glen-boulevard/,"Sun, 04 Oct 2026 15:10:28 +0000","News Pacific region Facebook Twitter Linkedin Marcus & Millichap (NYSE: MMI) , a leading commercial real estate brokerage firm specializing in investment sales, financing, research, and advisory services, announced the sale of 1441 S. Beverly Glen Blvd. , a 71-unit multifamily property in Los Angeles. The property sold for $14.2 million, or $200,000 per unit. “This transaction provided a rare opportunity to acquire an asset of this scale in a highly desirable West Los Angeles location, where pro",suspicious_mismatch,title/source/url metadata are internally consistent; title and original_url slug appear to reference different articles,Development Activity,GP / Capital Activity; Market Intelligence,new_or_fresh,,,,,2026-10-04,2026-10-05,1,fresh_0_3d,fresh,published date parsed; article age 1 day(s),100,open,,,,Disposition / Exit - Los Angeles / California - Marcus & Millichap Arranges Sale of Vintage Multifamily Apartment Building,California,Los Angeles,Apartment,Marcus & Millichap,Unknown,Unknown Stage,excluded,transaction / capital guard: disposition,,Reappearing,21,98,Unknown Timing,Unknown,Unknown,Unknown,Unknown,General monitoring,Monitor lifecycle signal for repeated confirmation,Unknown Stage; General Asset Signal; No explicit timing reference,Marcus & Millichap Arranges Sale of Vintage Multifamily Apartment Building,Yield PRO,https://yieldpro.com/2026/10/beverly-glen-boulevard/,High
2026-10-05,20261005-013923-f19aeef1,PRJ-20261005-0076,Disposition / Exit - Los Angeles / California - Marcus & Millichap Arranges Sale of Vintage Multifamily Apartment Building,100,LC-20261005-006,art_759e3064eade96d2,North Hollywood Apartments Trade to Locally Based LLC,https://www.connectcre.com/stories/north-hollywood-apartments-trade-to-locally-based-llc/,"Fri, 02 Oct 2026 21:41:45 +0000","California CRE News In Your Inbox. Sign up for Connect emails to stay informed with CRE stories that are 150 words or less. California + Los Angeles + Apartments | October 2, 2026 By: Paul Bubny North Hollywood Apartments Trade to Locally Based LLC Marcus & Millichap has finalized the sale of 13103 Barbara Ann St., a 41-unit multifamily property in North Hollywood. The property sold for nearly $5.89 million, or $143,610 per unit, and closed escrow at a 5.7% cap rate based on in-place income. “Th",valid,title/source/url metadata are internally consistent,Development Activity,GP / Capital Activity,acceptable_repeat,,,,,2026-10-02,2026-10-05,3,fresh_0_3d,fresh,published date parsed; article age 3 day(s),74,open,,,,Disposition / Exit - Los Angeles / California - North Hollywood Apartments Trade to Locally Based LLC,California,Los Angeles,Apartment,Marcus & Millichap,Unknown,Unknown Stage,excluded,transaction / capital guard: disposition,Unknown Stage,Reappearing,21,98,Unknown Timing,Unknown,Unknown,Unknown,Unknown,General monitoring,Monitor lifecycle signal for repeated confirmation,Unknown Stage; General Asset Signal; No explicit timing reference,North Hollywood Apartments Trade to Locally Based LLC,Connect CRE,https://www.connectcre.com/stories/north-hollywood-apartments-trade-to-locally-based-llc/,High
2026-10-05,20261005-013923-f19aeef1,PRJ-20261005-0040,"JV / Partnership - Dallas / Texas - Partnership Acquires 322-Unit Apartment Community in Denton, Texas",100,LC-20261005-015,art_3eec60d10c8b7ce4,"Partnership Acquires 322-Unit Apartment Community in Denton, Texas",https://rebusinessonline.com/partnership-acquires-322-unit-apartment-community-in-denton-texas/,2026-10-02T15:17:25Z,"Acquisitions Multifamily Texas Partnership Acquires 322-Unit Apartment Community in Denton, Texas by Taylor Williams October 2, 2026 October 2, 2026 30 DENTON, TEXAS — A partnership between Connecticut-based Spirit Investment Partners and Strategic Value Partners, which also operates out of Connecticut, has purchased Resia Rayzor Ranch , a 322-unit apartment community in the North Texas city of Denton. Built in 2024, Resia Rayzor Ranch consists of two buildings on a 3.1-acre site. Units come in ",valid,title/source/url metadata are internally consistent,Development Activity,GP / Capital Activity,acceptable_repeat,,,,,2026-10-02,2026-10-05,3,fresh_0_3d,fresh,published date parsed; article age 3 day(s),74,open,,,,"JV / Partnership - Dallas / Texas - Partnership Acquires 322-Unit Apartment Community in Denton, Texas",Unknown,Connecticut,Apartment,JLL,JLL,Unknown Stage,excluded,transaction override: operating-asset acquisition,Unknown Stage,Reappearing,21,98,Unknown Timing,Unknown,Unknown,Unknown,Unknown,General monitoring,Monitor lifecycle signal for repeated confirmation,Unknown Stage; General Asset Signal; No explicit timing reference,"Partnership Acquires 322-Unit Apartment Community in Denton, Texas",REBusiness Online,https://rebusinessonline.com/partnership-acquires-322-unit-apartment-community-in-denton-texas/,High
2026-10-05,20261005-013923-f19aeef1,PRJ-20261005-0104,Refinancing - New York - Olnick Organization Refinances Harlem Apartments for $171M,100,LC-20261005-018,art_643b6bda8cb04c14,Olnick Organization Refinances Harlem Apartments for $171M,https://www.connectcre.com/stories/olnick-organization-refinances-harlem-apartments-for-171m/,"Fri, 02 Oct 2026 21:03:59 +0000","New York & Tri-State CRE News In Your Inbox. Sign up for Connect emails to stay informed with CRE stories that are 150 words or less. New York & Tri-State + Uptown/Bronx + Apartments | October 2, 2026 By: Paul Bubny Olnick Organization Refinances Harlem Apartments for $171M Walker & Dunlop arranged $170.5 million in permanent financing to refinance Lenox Terrace, a multifamily community at 484 Malcolm X Blvd. in Harlem. A Walker & Dunlop Capital Markets Institutional Advisory team led by Jonatha",valid,title/source/url metadata are internally consistent,Development Activity,GP / Capital Activity,acceptable_repeat,,,,,2026-10-02,2026-10-05,3,fresh_0_3d,fresh,published date parsed; article age 3 day(s),74,open,,,,Refinancing - New York - Olnick Organization Refinances Harlem Apartments for $171M,New York,New York,Apartment,Walker & Dunlop,walker & dunlop,Refinancing / Recapitalization,excluded,transaction / capital guard: refinance,Refinancing / Recapitalization,Mature / Operating,51,96,Unknown Timing,Low,High,Low,Low,Relevant to acquisition / JV timing,"Track lender, maturity, debt terms, and recapitalization need",Refinancing / Recapitalization; Refinancing / Recapitalization; No explicit timing reference,Olnick Organization Refinances Harlem Apartments for $171M,Connect CRE,https://www.connectcre.com/stories/olnick-organization-refinances-harlem-apartments-for-171m/,High
2026-10-05,20261005-013923-f19aeef1,PRJ-20261005-0133,General Project Signal - Miami / Florida - Related Affiliate Obtains $167M Loan Package for Miami Apartment Community,100,LC-20261005-013,art_aa438a9ced650bfa,Related Affiliate Obtains $167M Loan Package for Miami Apartment Community,https://www.connectcre.com/stories/related-affiliate-obtains-167m-loan-package-for-miami-apartment-community/,"Wed, 30 Sep 2026 14:04:45 +0000","Florida & Gulf Coast CRE News In Your Inbox. Sign up for Connect emails to stay informed with CRE stories that are 150 words or less. Florida & Gulf Coast + South Florida + Apartments | September 30, 2026 By: Mike Boyd Related Affiliate Obtains $167M Loan Package for Miami Apartment Community Related Urban Development Group (RUDG), part of The Related Group, inked a $167 million financing package for the Gallery at Lummus Parc. Greystone provided the financing. The Greystone team included Greg V",valid,title/source/url metadata are internally consistent,GP / Capital Activity,,acceptable_repeat,,,,,2026-09-30,2026-10-05,5,fresh_0_3d,fresh,published date parsed; article age 5 day(s),66,open,,,,General Project Signal - Miami / Florida - Related Affiliate Obtains $167M Loan Package for Miami Apartment Community,Unknown,South Florida,Apartment,Greystone,Unknown,Unknown Stage,excluded,transaction / capital guard: loan,Unknown Stage,Reappearing,21,96,Unknown Timing,Unknown,Unknown,Unknown,Unknown,General monitoring,Monitor lifecycle signal for repeated confirmation,Unknown Stage; General Asset Signal; No explicit timing reference,Related Affiliate Obtains $167M Loan Package for Miami Apartment Community,Connect CRE South Florida,https://www.connectcre.com/stories/related-affiliate-obtains-167m-loan-package-for-miami-apartment-community/,High
2026-10-05,20261005-013923-f19aeef1,PRJ-20261005-0051,Refinancing - Florida - Front Range Obtains $75M Refi on St. Pete Apartments,100,LC-20261005-026,art_5fa2be4f0505f6dc,Front Range Obtains $75M Refi on St. Pete Apartments,https://www.connectcre.com/stories/front-range-obtains-75m-refi-on-st-pete-apartments/,"Fri, 02 Oct 2026 13:56:45 +0000","Florida & Gulf Coast CRE News In Your Inbox. Sign up for Connect emails to stay informed with CRE stories that are 150 words or less. Florida & Gulf Coast + Gulf Coast + Apartments | October 2, 2026 By: Mike Boyd Front Range Obtains $75M Refi on St. Pete Apartments Front Range Partners inked a $75 million loan to refinance EVO St. Petersburg, a high-rise apartment complex in downtown St. Petersburg. Walker & Dunlop Capital Markets Institutional Advisory, led by Jonathan Schwartz, Aaron Appel, Ke",valid,title/source/url metadata are internally consistent,Development Activity,GP / Capital Activity,acceptable_repeat,,,,,2026-10-02,2026-10-05,3,fresh_0_3d,fresh,published date parsed; article age 3 day(s),74,open,,,,Refinancing - Florida - Front Range Obtains $75M Refi on St. Pete Apartments,Florida,Florida,Apartment,Walker & Dunlop,Freddie Mac,Refinancing / Recapitalization,excluded,transaction / capital guard: refinancing,Refinancing / Recapitalization,Mature / Operating,50,94,Unknown Timing,Low,High,Low,Low,Relevant to acquisition / JV timing,"Track lender, maturity, debt terms, and recapitalization need",Refinancing / Recapitalization; Refinancing / Recapitalization; No explicit timing reference,Front Range Obtains $75M Refi on St. Pete Apartments,Connect CRE Apartments,https://www.connectcre.com/stories/front-range-obtains-75m-refi-on-st-pete-apartments/,High
2026-10-05,20261005-013923-f19aeef1,PRJ-20261005-0146,Refinancing - Other / Unknown - Madison Realty Capital Supplies $127M Refi for Fort Lauderdale Development,100,LC-20261005-009,art_838c4b9fa6b8058b,Madison Realty Capital Supplies $127M Refi for Fort Lauderdale Development,https://commercialobserver.com/2026/10/madison-realty-arcadian-fuse-krea-multifamily/,"Fri, 02 Oct 2026 17:30:41 +0000","Residential · Multifamily Fort Lauderdale Finance · Refinance Madison Realty Capital Supplies $127M Refi for Fort Lauderdale Development By Julia Echikson October 2, 2026 1:30 pm reprints Berkadia's Brad Williamson (top) and Scott Wadler, and The Arcadian in Fort Lauderdale, Fla. PHOTOS: Courtesy Berkadia Madison Realty Capital provided a $127 million construction takeout loan for a newly completed multifamily development in Fort Lauderdale. The 502-unit Arcadian , developed by Fuse Group and KR",valid,title/source/url metadata are internally consistent,Development Activity,GP / Capital Activity; Market Intelligence,repeat_penalized,,,,,2026-10-02,2026-10-05,3,fresh_0_3d,fresh,published date parsed; article age 3 day(s),44,open,,,,Refinancing - Other / Unknown - Madison Realty Capital Supplies $127M Refi for Fort Lauderdale Development,Unknown,Unknown,Multifamily,Berkadia,Berkadia,Delivery / Opening,construction_delivery_watch,matched completed,Delivery / Opening,Mature / Operating,34,94,Unknown Timing,Low,High,Low,Medium,Relevant to underwriting benchmark,"Benchmark delivery, lease-up, occupancy, and rent assumptions",Delivery / Opening; Completed / opened; Refinancing / Recapitalization; completed,Madison Realty Capital Supplies $127M Refi for Fort Lauderdale Development,Commercial Observer,https://commercialobserver.com/2026/10/madison-realty-arcadian-fuse-krea-multifamily/,High
2026-10-05,20261005-013923-f19aeef1,PRJ-20261005-0066,Disposition / Exit - Los Angeles / California - Marcus & Millichap Arranges Sale of Vintage Multifamily Apartment Building,100,LC-20261005-020,art_f47fdabfc2439b03,Marcus & Millichap Arranges Sale of Vintage Multifamily Apartment Building,https://yieldpro.com/2026/10/beverly-glen-boulevard/,"Sun, 04 Oct 2026 15:10:28 +0000","News Pacific region Facebook Twitter Linkedin Marcus & Millichap (NYSE: MMI) , a leading commercial real estate brokerage firm specializing in investment sales, financing, research, and advisory services, announced the sale of 1441 S. Beverly Glen Blvd. , a 71-unit multifamily property in Los Angeles. The property sold for $14.2 million, or $200,000 per unit. “This transaction provided a rare opportunity to acquire an asset of this scale in a highly desirable West Los Angeles location, where pro",suspicious_mismatch,title/source/url metadata are internally consistent; title and original_url slug appear to reference different articles,Development Activity,GP / Capital Activity; Market Intelligence,new_or_fresh,True,unit/site count: 71-unit; address/street: 1441 s. beverly glen blvd; project/asset term: multifamily property,high,Project / Asset,2026-10-04,2026-10-05,1,fresh_0_3d,fresh,published date parsed; article age 1 day(s),100,open,,,,Marcus & Millichap Arranges Sale of Vintage Multifamily Apartment Building,Los Angeles / California,Unknown,Apartment,Marcus & Millichap,Unknown,Unknown Stage,excluded,transaction / capital guard: sale,,Reappearing,21,94,Unknown Timing,Unknown,Unknown,Unknown,Unknown,General monitoring,Monitor lifecycle signal for repeated confirmation,Unknown Stage; General Asset Signal; No explicit timing reference,Marcus & Millichap Arranges Sale of Vintage Multifamily Apartment Building,Yield PRO,https://yieldpro.com/2026/10/beverly-glen-boulevard/,High
2026-10-05,20261005-013923-f19aeef1,PRJ-20261005-0053,North Hollywood Apartments Trade to Locally Based LLC,100,LC-20261005-021,art_759e3064eade96d2,North Hollywood Apartments Trade to Locally Based LLC,https://www.connectcre.com/stories/north-hollywood-apartments-trade-to-locally-based-llc/,"Fri, 02 Oct 2026 21:41:45 +0000","California CRE News In Your Inbox. Sign up for Connect emails to stay informed with CRE stories that are 150 words or less. California + Los Angeles + Apartments | October 2, 2026 By: Paul Bubny North Hollywood Apartments Trade to Locally Based LLC Marcus & Millichap has finalized the sale of 13103 Barbara Ann St., a 41-unit multifamily property in North Hollywood. The property sold for nearly $5.89 million, or $143,610 per unit, and closed escrow at a 5.7% cap rate based on in-place income. “Th",valid,title/source/url metadata are internally consistent,Development Activity,GP / Capital Activity,acceptable_repeat,True,unit/site count: 41-unit; address/street: 13103 barbara ann st; project/asset term: apartments,high,Project / Asset,2026-10-02,2026-10-05,3,fresh_0_3d,fresh,published date parsed; article age 3 day(s),74,open,,,,North Hollywood Apartments Trade to Locally Based LLC,Los Angeles / California,Hollywood,Apartment,Marcus & Millichap,Unknown,Unknown Stage,excluded,transaction / capital guard: sale,Unknown Stage,Reappearing,21,94,Unknown Timing,Unknown,Unknown,Unknown,Unknown,General monitoring,Monitor lifecycle signal for repeated confirmation,Unknown Stage; General Asset Signal; 2026,North Hollywood Apartments Trade to Locally Based LLC,Connect CRE,https://www.connectcre.com/stories/north-hollywood-apartments-trade-to-locally-based-llc/,High
2026-10-05,20261005-013923-f19aeef1,PRJ-20261005-0149,Disposition / Exit - Washington DC - Marcus & Millichap Arranges Sale of Northeast DC Multifamily Property,100,LC-20261005-030,art_f78c2ff6d4ddd3e0,Marcus & Millichap Arranges Sale of Northeast DC Multifamily Property,https://www.connectcre.com/stories/marcus-millichap-arranges-sale-of-dc-multifamily-property-2/,"Fri, 02 Oct 2026 19:52:45 +0000","Washington DC CRE News In Your Inbox. Sign up for Connect emails to stay informed with CRE stories that are 150 words or less. Washington DC & Mid-Atlantic + DC + Apartments | October 2, 2026 By: Jasmine Kilman Marcus & Millichap Arranges Sale of Northeast DC Multifamily Property Marcus & Millichap announced the sale of 6145-6149 Kansas Ave. NE in Washington, D.C.’s Riggs Park neighborhood. The asset sold for $1.3 million. “Multifamily rental properties are in short supply in this pocket of the ",valid,title/source/url metadata are internally consistent,Development Activity,GP / Capital Activity,acceptable_repeat,True,address/street: 6149 kansas ave; project/asset term: apartments,high,Project / Asset,2026-10-02,2026-10-05,3,fresh_0_3d,fresh,published date parsed; article age 3 day(s),74,open,,,,Marcus & Millichap Arranges Sale of Northeast DC Multifamily Property,Washington DC,Unknown,Apartment,Marcus & Millichap,Unknown,Unknown Stage,excluded,transaction / capital guard: sale,Unknown Stage,Reappearing,20,91,Unknown Timing,Unknown,Unknown,Unknown,Unknown,General monitoring,Monitor lifecycle signal for repeated confirmation,Unknown Stage; General Asset Signal; 2026,Marcus & Millichap Arranges Sale of Northeast DC Multifamily Property,Connect CRE Apartments,https://www.connectcre.com/stories/marcus-millichap-arranges-sale-of-dc-multifamily-property-2/,High
2026-10-05,20261005-013923-f19aeef1,PRJ-20261005-0032,Disposition / Exit - California - Institutional Property Advisors Brokers Multifamily Sale in Northern Santa Barbara County,100,LC-20261005-038,art_f28df5d7bf3a4fc5,Institutional Property Advisors Brokers Multifamily Sale in Northern Santa Barbara County,https://yieldpro.com/2026/10/knollwood-meadows-apartments/,"Sat, 03 Oct 2026 16:17:12 +0000","Deal boom News Pacific region Facebook Twitter Linkedin Institutional Property Advisors (IPA) , a division of Marcus & Millichap (NYSE: MMI) dedicated to serving the company’s institutional clients, announced the sale of Knollwood Meadows , 128-unit multifamily property in Orcutt, California. “Knollwood Meadows is one of just nine multifamily assets with 100 or more units to trade in Santa Barbara County over the past five years,” said Kevin Green , IPA executive managing director. “IPA has repr",suspicious_mismatch,title/source/url metadata are internally consistent; title and original_url slug appear to reference different articles,Development Activity,GP / Capital Activity,acceptable_repeat,,,,,2026-10-03,2026-10-05,2,fresh_0_3d,fresh,published date parsed; article age 2 day(s),78,open,,,,Disposition / Exit - California - Institutional Property Advisors Brokers Multifamily Sale in Northern Santa Barbara County,California,California,Multifamily,IPA,Unknown,Unknown Stage,excluded,transaction / capital guard: disposition,Unknown Stage,Reappearing,21,87,Unknown Timing,Unknown,Unknown,Unknown,Unknown,General monitoring,Monitor lifecycle signal for repeated confirmation,Unknown Stage; General Asset Signal; No explicit timing reference,Institutional Property Advisors Brokers Multifamily Sale in Northern Santa Barbara County,Yield PRO,https://yieldpro.com/2026/10/knollwood-meadows-apartments/,High
2026-10-05,20261005-013923-f19aeef1,PRJ-20261005-0131,Entitlement / Permitting - Phoenix / Arizona - Development Team Pursuing 376-Unit Tempe Apartment Venture,80,LC-20261005-027,art_c1ef294ada536e86,Empire Lands $65.5M Refi on Phoenix BTR Community,https://www.connectcre.com/stories/empire-lands-65-6m-refi-on-phoenix-btr-community/,"Wed, 30 Sep 2026 15:51:41 +0000","Phoenix & Southwest CRE News In Your Inbox. Sign up for Connect emails to stay informed with CRE stories that are 150 words or less. Phoenix & Southwest + Phoenix + Apartments | September 30, 2026 By: Mike Boyd Empire Lands $65.5M Refi on Phoenix BTR Community Värde Partners closed on a $65.5 million loan to refinance Village at Sonoran Vista, a newly delivered build-to-rent community in Phoenix, Arizona. The financing was provided to the Empire Group to support the lease-up of the 240-unit comm",valid,title/source/url metadata are internally consistent,Development Activity,GP / Capital Activity,repeat_penalized,,,,,2026-09-30,2026-10-05,5,fresh_0_3d,fresh,published date parsed; article age 5 day(s),36,open,,,,BTR / Build-to-Rent - Phoenix / Arizona - Empire Lands $65.5M Refi on Phoenix BTR Community,Unknown,Phoenix,BTR / Single-Family Rental,Unknown,Unknown,Site Acquisition / Site Control,construction_delivery_watch,matched development / asset strategy execution,Site Acquisition / Site Control,Reappearing,21,82,Unknown Timing,Low,Low,Low,Low,Relevant to acquisition / JV timing,Monitor lifecycle signal for repeated confirmation,Site Acquisition / Site Control; General Asset Signal; No explicit timing reference,Empire Lands $65.5M Refi on Phoenix BTR Community,Connect CRE Phoenix,https://www.connectcre.com/stories/empire-lands-65-6m-refi-on-phoenix-btr-community/,High
2026-10-05,20261005-013923-f19aeef1,PRJ-20261005-0149,Disposition / Exit - Washington DC - Marcus & Millichap Arranges Sale of Northeast DC Multifamily Property,100,LC-20261005-029,art_f78c2ff6d4ddd3e0,Marcus & Millichap Arranges Sale of Northeast DC Multifamily Property,https://www.connectcre.com/stories/marcus-millichap-arranges-sale-of-dc-multifamily-property-2/,"Fri, 02 Oct 2026 19:52:45 +0000","Washington DC CRE News In Your Inbox. Sign up for Connect emails to stay informed with CRE stories that are 150 words or less. Washington DC & Mid-Atlantic + DC + Apartments | October 2, 2026 By: Jasmine Kilman Marcus & Millichap Arranges Sale of Northeast DC Multifamily Property Marcus & Millichap announced the sale of 6145-6149 Kansas Ave. NE in Washington, D.C.’s Riggs Park neighborhood. The asset sold for $1.3 million. “Multifamily rental properties are in short supply in this pocket of the ",valid,title/source/url metadata are internally consistent,Development Activity,GP / Capital Activity,acceptable_repeat,,,,,2026-10-02,2026-10-05,3,fresh_0_3d,fresh,published date parsed; article age 3 day(s),74,open,,,,Disposition / Exit - Washington DC - Marcus & Millichap Arranges Sale of Northeast DC Multifamily Property,Unknown,Washington Dc,Apartment,Marcus & Millichap,Unknown,Unknown Stage,excluded,transaction / capital guard: disposition,Unknown Stage,Reappearing,20,81,Unknown Timing,Unknown,Unknown,Unknown,Unknown,General monitoring,Monitor lifecycle signal for repeated confirmation,Unknown Stage; General Asset Signal; No explicit timing reference,Marcus & Millichap Arranges Sale of Northeast DC Multifamily Property,Connect CRE Apartments,https://www.connectcre.com/stories/marcus-millichap-arranges-sale-of-dc-multifamily-property-2/,High
2026-10-05,20261005-013923-f19aeef1,PRJ-20261005-0054,Proposed high-rise poised for another step forward at 1000 La Brea Ave.,80,LC-20261005-022,art_cfad24f6d952b1d2,Proposed high-rise poised for another step forward at 1000 La Brea Ave.,https://la.urbanize.city/post/proposed-high-rise-poised-another-step-forward-1000-la-brea-ave,"Wed, 30 Sep 2026 13:15:00 +0000","Proposed high-rise poised for another step forward at 1000 La Brea Ave. | Urbanize LA Skip to main content Advertisement Advertisement A proposal to build what would be the tallest building in the City of West Hollywood faces a key test this week: the West Hollywood Planning Commission. Slated for the former site of a Cemex plant at 1000 La Brea Avenue , the project calls for the construction of a 34-story building featuring 514 studio, one-, and two-bedroom apartments above 30,000 square feet o",valid,title/source/url metadata are internally consistent,Development Activity,,repeat_penalized,True,unit/site count: 34-story; address/street: 1000 la brea ave; execution milestone: proposed; site/parcel signal: site; project/asset term: project,high,Approval / Entitlement,2026-09-30,2026-10-05,5,fresh_0_3d,fresh,published date parsed; article age 5 day(s),54,access_limited,,,,Proposed high-rise poised for another step forward at 1000 La Brea Ave.,Los Angeles / California,Hollywood,Affordable Housing,,Unknown,Entitlement Under Review,site_parcel_activity,site/parcel signal with project anchor: former site,Entitlement Under Review,Reappearing,23,80,Unknown Timing,Medium,Low,Low,Low,Relevant to entitlement monitoring,"Track planning docket, approval path, CEQA risk, and sponsor activity",Entitlement Under Review; Under planning review; Entitlement Play; No explicit timing reference,Proposed high-rise poised for another step forward at 1000 La Brea Ave.,Urbanize LA,https://la.urbanize.city/post/proposed-high-rise-poised-another-step-forward-1000-la-brea-ave,High
2026-10-05,20261005-013923-f19aeef1,PRJ-20261005-0034,Acquisition - California - MMCC Arranges Financing for Orange Multifamily Acquisition,100,LC-20261005-056,art_df324fd11a8bf2c5,MMCC Arranges Financing for Orange Multifamily Acquisition,https://www.connectcre.com/stories/mmcc-arranges-financing-for-orange-multifamily-acquisition/,"Thu, 10 Sep 2026 20:29:30 +0000","California CRE News In Your Inbox. Sign up for Connect emails to stay informed with CRE stories that are 150 words or less. California + Orange County + Apartments | September 10, 2026 By: Paul Bubny MMCC Arranges Financing for Orange Multifamily Acquisition Marcus & Millichap Capital Corporation (MMCC) arranged $12.6 million in financing for the acquisition of Bel Air and El Commodor Apartments, two contiguous 27-unit multifamily properties located at 315-343 S. Bedford Rd. in Orange. Rick Judg",valid,title/source/url metadata are internally consistent,Development Activity,GP / Capital Activity,repeat_penalized,,,,,2026-09-10,2026-10-05,25,old_31d_plus,old,published date parsed; article age 25 day(s),5,open,,,,Acquisition - California - MMCC Arranges Financing for Orange Multifamily Acquisition,California,California,Apartment,Marcus & Millichap,Unknown,Unknown Stage,excluded,transaction / capital guard: acquisition,Unknown Stage,Reappearing,12,80,Unknown Timing,Unknown,Unknown,Unknown,Unknown,General monitoring,Monitor lifecycle signal for repeated confirmation,Unknown Stage; General Asset Signal; No explicit timing reference,MMCC Arranges Financing for Orange Multifamily Acquisition,Connect CRE Orange County,https://www.connectcre.com/stories/mmcc-arranges-financing-for-orange-multifamily-acquisition/,High
2026-10-05,20261005-013923-f19aeef1,PRJ-20261005-0050,New details for affordable housing at 1150 Sunset Blvd. in Echo Park,80,LC-20261005-032,art_ff25531685deea54,New details for affordable housing at 1150 Sunset Blvd. in Echo Park,https://la.urbanize.city/post/new-details-affordable-housing-1150-sunset-blvd-echo-park,"Thu, 01 Oct 2026 13:05:00 +0000","New details for affordable housing at 1150 Sunset Blvd. in Echo Park | Urbanize LA Skip to main content Advertisement Advertisement An application to the Los Angeles Department of City Planning sheds more light on a proposal to build affordable housing along Sunset Boulevard in Echo Park. The Flats on Sunset, proposed by Samuelian Group at 1150 Sunset Boulevard, will consist of a six-story building featuring 237 one-, two-, and three-bedroom apartments above roughly 1,000 square feet of ground-f",valid,title/source/url metadata are internally consistent,Development Activity,Market Intelligence,repeat_penalized,True,address/street: 1150 sunset blvd; execution milestone: to build; project/asset term: apartments,high,Project / Asset,2026-10-01,2026-10-05,4,fresh_0_3d,fresh,published date parsed; article age 4 day(s),58,access_limited,,,,New details for affordable housing at 1150 Sunset Blvd. in Echo Park,Los Angeles / California,Echo Park,Affordable Housing,,Unknown,Site Acquisition / Site Control,site_parcel_activity,site/parcel signal with project anchor: to build,Site Acquisition / Site Control,Newly Detected,9,79,Unknown Timing,Low,Low,Low,Low,Relevant to acquisition / JV timing,Monitor lifecycle signal for repeated confirmation,Site Acquisition / Site Control; Affordable / Density Bonus Strategy; No explicit timing reference,New details for affordable housing at 1150 Sunset Blvd. in Echo Park,Urbanize LA,https://la.urbanize.city/post/new-details-affordable-housing-1150-sunset-blvd-echo-park,High
2026-10-05,20261005-013923-f19aeef1,PRJ-20261005-0070,Entitlement / Permitting - Los Angeles / California - Proposed high-rise poised for another step forward at 1000 La Brea Ave.,80,LC-20261005-019,art_cfad24f6d952b1d2,Proposed high-rise poised for another step forward at 1000 La Brea Ave.,https://la.urbanize.city/post/proposed-high-rise-poised-another-step-forward-1000-la-brea-ave,"Wed, 30 Sep 2026 13:15:00 +0000","Proposed high-rise poised for another step forward at 1000 La Brea Ave. | Urbanize LA Skip to main content Advertisement Advertisement A proposal to build what would be the tallest building in the City of West Hollywood faces a key test this week: the West Hollywood Planning Commission. Slated for the former site of a Cemex plant at 1000 La Brea Avenue , the project calls for the construction of a 34-story building featuring 514 studio, one-, and two-bedroom apartments above 30,000 square feet o",valid,title/source/url metadata are internally consistent,Development Activity,,repeat_penalized,,,,,2026-09-30,2026-10-05,5,fresh_0_3d,fresh,published date parsed; article age 5 day(s),54,access_limited,,,,Entitlement / Permitting - Los Angeles / California - Proposed high-rise poised for another step forward at 1000 La Brea Ave.,Unknown,Los Angeles / California,Affordable Housing,Unknown,Unknown,Early Site Signal,approval_watch,matched permit,Early Site Signal,Reappearing,24,77,Unknown Timing,Low,Low,Low,Low,General monitoring,Monitor lifecycle signal for repeated confirmation,Early Site Signal; Entitlement Play; No explicit timing reference,Proposed high-rise poised for another step forward at 1000 La Brea Ave.,Urbanize LA,https://la.urbanize.city/post/proposed-high-rise-poised-another-step-forward-1000-la-brea-ave,High
2026-10-05,20261005-013923-f19aeef1,PRJ-20261005-0128,Disposition / Exit - Phoenix / Arizona - N. Phoenix Apartments Trade for $58.7M,100,LC-20261005-035,art_e241a605f610196a,N. Phoenix Apartments Trade for $58.7M,https://www.connectcre.com/stories/n-phoenix-apartments-trade-for-58-7m/,"Fri, 25 Sep 2026 15:38:35 +0000","Phoenix & Southwest CRE News In Your Inbox. Sign up for Connect emails to stay informed with CRE stories that are 150 words or less. Phoenix & Southwest + Phoenix + Apartments | September 25, 2026 By: Mike Boyd N. Phoenix Apartments Trade for $58.7M Institutional Property Advisors (IPA) brokered the sale of Ascend at Black Canyon, a 260-unit multifamily property in Phoenix, Arizona. The asset traded for $58.7 million, or $225,769 per unit. DR Horton was the seller, Millburn & Company the buyer. ",valid,title/source/url metadata are internally consistent,Development Activity,GP / Capital Activity,repeat_penalized,,,,,2026-09-25,2026-10-05,10,recent_4_14d,recent,published date parsed; article age 10 day(s),55,open,,,,Disposition / Exit - Phoenix / Arizona - N. Phoenix Apartments Trade for $58.7M,Unknown,Phoenix,Apartment,IPA,Unknown,Unknown Stage,excluded,transaction / capital guard: disposition,Unknown Stage,Reappearing,20,77,Unknown Timing,Unknown,Unknown,Unknown,Unknown,General monitoring,Monitor lifecycle signal for repeated confirmation,Unknown Stage; General Asset Signal; No explicit timing reference,N. Phoenix Apartments Trade for $58.7M,Connect CRE Phoenix,https://www.connectcre.com/stories/n-phoenix-apartments-trade-for-58-7m/,High
2026-10-05,20261005-013923-f19aeef1,PRJ-20261005-0138,"Office-to-Residential Conversion - Southeast - Capstone Begins Construction on 275-Unit Adaptive Reuse Apartments in Spartanburg, South C...",80,LC-20261005-042,art_1567f95802d846f1,"Capstone Begins Construction on 275-Unit Adaptive Reuse Apartments in Spartanburg, South Carolina",https://rebusinessonline.com/capstone-begins-construction-on-275-unit-adaptive-reuse-apartments-in-spartanburg-south-carolina/,2026-10-02T13:29:43Z,"Beaumont Mill will offer 275 apartments with one-, two- and three-bedroom floorplans. Development Multifamily South Carolina Southeast Capstone Begins Construction on 275-Unit Adaptive Reuse Apartments in Spartanburg, South Carolina by Abby Cox October 2, 2026 October 2, 2026 73 SPARTANBURG, S.C. — Capstone Building Corp. has begun construction on Beaumont Mill, a 275-unit multifamily project located at 553 Ison St. in Spartanburg. The $51 million development, which is designed to tie in modern ",valid,title/source/url metadata are internally consistent,Development Activity,GP / Capital Activity,acceptable_repeat,True,unit/site count: 275-unit; address/street: 553 ison st; project/asset term: project,high,Project / Asset,2026-10-02,2026-10-05,3,fresh_0_3d,fresh,published date parsed; article age 3 day(s),74,open,,,,"Capstone Begins Construction on 275-Unit Adaptive Reuse Apartments in Spartanburg, South Carolina",Southeast,Unknown,Workforce Housing,,Unknown,Unknown Stage,construction_delivery_watch,matched development / asset strategy execution,Unknown Stage,Unknown,24,75,Unknown Timing,Unknown,Unknown,Unknown,Unknown,General monitoring,Monitor lifecycle signal for repeated confirmation,Unknown Stage; Office-to-Residential Conversion; 2026,"Capstone Begins Construction on 275-Unit Adaptive Reuse Apartments in Spartanburg, South Carolina",REBusiness Online,https://rebusinessonline.com/capstone-begins-construction-on-275-unit-adaptive-reuse-apartments-in-spartanburg-south-carolina/,High
2026-10-05,20261005-013923-f19aeef1,PRJ-20261005-0081,Senior housing takes shape at 1150 Colorado Blvd. in Arcadia,80,LC-20261005-041,art_0cfe9a8ec7cc9fa4,Senior housing takes shape at 1150 Colorado Blvd. in Arcadia,https://la.urbanize.city/post/senior-housing-takes-shape-1150-colorado-blvd-arcadia,"Fri, 02 Oct 2026 13:05:00 +0000","Senior housing takes shape at 1150 Colorado Blvd. in Arcadia | Urbanize LA Skip to main content Advertisement Advertisement Eight months after breaking ground, framing is taking shape for a $33-million senior housing complex in Arcadia . Construction of The Ivy at Arcadia OxBlue / R.D. Olson Construction The Ivy Arcadia , which is being developed by O&I and Oakmont Management Group, consists of a three-story building that will feature 100 assisted living and memory care apartments located at 115",valid,title/source/url metadata are internally consistent,Development Activity,Market Intelligence,acceptable_repeat,True,unit/site count: 115 apartment; address/street: 1150 colorado blvd; execution milestone: groundbreaking; project/asset term: development,high,Construction Start,2026-10-02,2026-10-05,3,fresh_0_3d,fresh,published date parsed; article age 3 day(s),62,access_limited,,,,Senior housing takes shape at 1150 Colorado Blvd. in Arcadia,Colorado,Los Angeles,Senior Housing,,Unknown,Unknown Stage,construction_delivery_watch,matched development / asset strategy execution,Unknown Stage,Reappearing,21,75,Unknown Timing,Unknown,Unknown,Unknown,Unknown,General monitoring,Monitor lifecycle signal for repeated confirmation,Unknown Stage; General Asset Signal; No explicit timing reference,Senior housing takes shape at 1150 Colorado Blvd. in Arcadia,Urbanize LA,https://la.urbanize.city/post/senior-housing-takes-shape-1150-colorado-blvd-arcadia,High
2026-10-05,20261005-013923-f19aeef1,PRJ-20261005-0108,MMCC Arranges Financing for Orange Multifamily Acquisition,100,LC-20261005-060,art_df324fd11a8bf2c5,MMCC Arranges Financing for Orange Multifamily Acquisition,https://www.connectcre.com/stories/mmcc-arranges-financing-for-orange-multifamily-acquisition/,"Thu, 10 Sep 2026 20:29:30 +0000","California CRE News In Your Inbox. Sign up for Connect emails to stay informed with CRE stories that are 150 words or less. California + Orange County + Apartments | September 10, 2026 By: Paul Bubny MMCC Arranges Financing for Orange Multifamily Acquisition Marcus & Millichap Capital Corporation (MMCC) arranged $12.6 million in financing for the acquisition of Bel Air and El Commodor Apartments, two contiguous 27-unit multifamily properties located at 315-343 S. Bedford Rd. in Orange. Rick Judg",valid,title/source/url metadata are internally consistent,Development Activity,GP / Capital Activity,repeat_penalized,True,unit/site count: 27-unit; address/street: 343 s. bedford rd; project/asset term: apartments; project financing tied to anchor: arranges financing,high,Project Financing / Capital Event,2026-09-10,2026-10-05,25,old_31d_plus,old,published date parsed; article age 25 day(s),5,open,,,,MMCC Arranges Financing for Orange Multifamily Acquisition,California,Orange County,Apartment,Marcus & Millichap,Unknown,Unknown Stage,excluded,transaction / capital guard: acquisition,Unknown Stage,Reappearing,12,75,Unknown Timing,Unknown,Unknown,Unknown,Unknown,General monitoring,Monitor lifecycle signal for repeated confirmation,Unknown Stage; General Asset Signal; 2026,MMCC Arranges Financing for Orange Multifamily Acquisition,Connect CRE Orange County,https://www.connectcre.com/stories/mmcc-arranges-financing-for-orange-multifamily-acquisition/,High
2026-10-05,20261005-013923-f19aeef1,PRJ-20261005-0059,Acquisition - Houston / Texas - How United Apartment Group plans to hit 50k units under management,80,LC-20261005-037,art_533e9da6b7bfa23c,How United Apartment Group plans to hit 50k units under management,https://www.multifamilydive.com/news/apartment-management-consolidation-mergers-acquisitions/832049/,"Fri, 02 Oct 2026 15:07:45 -0400","An article from How United Apartment Group plans to hit 50,000 units under management New hires Woody Stone and Lenzie O’Connor bring decades of experience to the San Antonio-based operator, as it also seeks acquisition opportunities in markets like Charlotte, North Carolina. Published Oct. 2, 2026 Leslie Shaver Senior Reporter Share Copy link Email LinkedIn X/Twitter Facebook Print License Add us on Google Mason Park, in Houston, Texas. Permission granted by United Apartment Group United Apartm",valid,title/source/url metadata are internally consistent,Development Activity,GP / Capital Activity,acceptable_repeat,,,,,2026-10-02,2026-10-05,3,fresh_0_3d,fresh,published date parsed; article age 3 day(s),74,open,,,,Acquisition - Houston / Texas - How United Apartment Group plans to hit 50k units under management,Unknown,Houston,Apartment,Unknown,Unknown,Early Site Signal,excluded,transaction / capital guard: acquisition,,Reappearing,22,73,Unknown Timing,Low,Low,Low,Low,General monitoring,Monitor lifecycle signal for repeated confirmation,Early Site Signal; General Asset Signal; No explicit timing reference,How United Apartment Group plans to hit 50k units under management,Multifamily Dive,https://www.multifamilydive.com/news/apartment-management-consolidation-mergers-acquisitions/832049/,Medium
2026-10-05,20261005-013923-f19aeef1,PRJ-20261005-0048,"Development Start - Dallas / Texas - KAI Build, Revive Capital to Transform Former 7UP Headquarters in Metro St. Louis into Apa...",80,LC-20261005-023,art_912715587b7426e2,"KAI Build, Revive Capital to Transform Former 7UP Headquarters in Metro St. Louis into Apartments",https://rebusinessonline.com/kai-build-revive-capital-to-transform-former-7up-headquarters-in-metro-st-louis-into-apartments/,2026-10-02T13:03:00Z,"The $55 million project will transform the Clayton building into The Upton, which will feature 118 luxury apartment units. (Rendering courtesy of KAI and Revive Capital Development) Development Midwest Missouri Multifamily KAI Build, Revive Capital to Transform Former 7UP Headquarters in Metro St. Louis into Apartments by Kristin Harlow October 2, 2026 October 2, 2026 38 CLAYTON, MO. — KAI Build is leading construction on the $55 million transformation of the former 7UP headquarters in downtown ",valid,title/source/url metadata are internally consistent,Development Activity,,acceptable_repeat,,,,,2026-10-02,2026-10-05,3,fresh_0_3d,fresh,published date parsed; article age 3 day(s),74,open,,,,"Development Start - Dallas / Texas - KAI Build, Revive Capital to Transform Former 7UP Headquarters in Metro St. Louis into Apa...",Unknown,Dallas / Texas,Affordable Housing,Unknown,Unknown,Unknown Stage,construction_delivery_watch,matched development / asset strategy execution,Unknown Stage,Reappearing,32,72,Unknown Timing,Unknown,Unknown,Unknown,Unknown,General monitoring,Monitor lifecycle signal for repeated confirmation,Unknown Stage; Development Start; No explicit timing reference,"KAI Build, Revive Capital to Transform Former 7UP Headquarters in Metro St. Louis into Apartments",REBusiness Online,https://rebusinessonline.com/kai-build-revive-capital-to-transform-former-7up-headquarters-in-metro-st-louis-into-apartments/,Medium
2026-10-05,20261005-013923-f19aeef1,PRJ-20261005-0080,"Disposition / Exit - Los Angeles / California - Speed cams coming soon, RAND Corporation reports on Santa Monica, and more",80,LC-20261005-024,art_ffa51c8e0927e4b5,KeyBank Provides $93M Financing for South LA Affordable,https://www.connectcre.com/stories/keybank-provides-93m-financing-for-south-la-affordable/,"Thu, 01 Oct 2026 20:26:20 +0000","California CRE News In Your Inbox. Sign up for Connect emails to stay informed with CRE stories that are 150 words or less. California + Los Angeles + Apartments | October 1, 2026 By: Paul Bubny KeyBank Provides $93M Financing for South LA Affordable KeyBank Community Development Lending and Investment (CDLI) provided $92.9 million in financing for Broadway & Imperial, a new 166-unit affordable housing development in South Los Angeles. The financing package includes a $43.8-million construction ",valid,title/source/url metadata are internally consistent,Development Activity,GP / Capital Activity,acceptable_repeat,,,,,2026-10-01,2026-10-05,4,fresh_0_3d,fresh,published date parsed; article age 4 day(s),70,open,,,,General Project Signal - Los Angeles / California - KeyBank Provides $93M Financing for South LA Affordable,California,Los Angeles,Affordable Housing,Unknown,keybank,Unknown Stage,excluded,transaction / capital guard: financing,Unknown Stage,Reappearing,32,72,Unknown Timing,Unknown,Unknown,Unknown,Unknown,General monitoring,Monitor lifecycle signal for repeated confirmation,Unknown Stage; Affordable / Density Bonus Strategy; No explicit timing reference,KeyBank Provides $93M Financing for South LA Affordable,Connect CRE California,https://www.connectcre.com/stories/keybank-provides-93m-financing-for-south-la-affordable/,Medium
2026-10-05,20261005-013923-f19aeef1,PRJ-20261005-0131,Entitlement / Permitting - Phoenix / Arizona - Development Team Pursuing 376-Unit Tempe Apartment Venture,80,LC-20261005-028,art_3dd7de727e2d4a1f,Empire Group Starts Work on $288M Tempe Apartment Community,https://www.connectcre.com/stories/empire-group-starts-work-on-288m-tempe-apartment-community/,"Thu, 01 Oct 2026 15:54:55 +0000","Phoenix & Southwest CRE News In Your Inbox. Sign up for Connect emails to stay informed with CRE stories that are 150 words or less. Phoenix & Southwest + Phoenix + Apartments | October 1, 2026 By: Mike Boyd Empire Group Starts Work on $288M Tempe Apartment Community One of the Empire group of companies broke ground Monday on Revelry, a two-tower, $288 million luxury project in Tempe. Aspirant Development, the luxury infill division of Empire Group, is building a 15-story tower and a 17-story to",valid,title/source/url metadata are internally consistent,Development Activity,Market Intelligence,acceptable_repeat,,,,,2026-10-01,2026-10-05,4,fresh_0_3d,fresh,published date parsed; article age 4 day(s),70,open,,,,Development Start - Phoenix / Arizona - Empire Group Starts Work on $288M Tempe Apartment Community,Unknown,Phoenix,Apartment,Unknown,Unknown,Vertical Construction,construction_delivery_watch,matched broke ground,Vertical Construction,Reappearing,21,71,Unknown Timing,Low,Low,Medium,Low,General monitoring,"Benchmark construction timeline, sponsor execution, and delivery risk",Vertical Construction; Construction started; Development Start; broke ground,Empire Group Starts Work on $288M Tempe Apartment Community,Connect CRE Phoenix,https://www.connectcre.com/stories/empire-group-starts-work-on-288m-tempe-apartment-community/,Medium
2026-10-05,20261005-013923-f19aeef1,PRJ-20261005-0080,"Disposition / Exit - Los Angeles / California - Speed cams coming soon, RAND Corporation reports on Santa Monica, and more",80,LC-20261005-031,art_48a2161fceaf7ee9,"Speed cams coming soon, RAND Corporation reports on Santa Monica, and more",https://la.urbanize.city/post/speed-cams-coming-soon-rand-corporation-reports-santa-monica-and-more,"Sat, 03 Oct 2026 13:15:00 +0000","Speed cams coming soon, RAND Corporation reports on Santa Monica, and more | Urbanize LA Skip to main content Advertisement Advertisement Mind your speedometers, motorists: you're being watched. This week, the City of Los Angeles announced the start of installation for 125 speed cameras along corridors identified for a history of crashes and injuries. Each of the City's 15 Council Districts will see the installation of the cameras as part of a pilot program authorized by state law. The new syste",valid,title/source/url metadata are internally consistent,Market Intelligence,,acceptable_repeat,,,,,2026-10-03,2026-10-05,2,fresh_0_3d,fresh,published date parsed; article age 2 day(s),66,access_limited,,,,"Disposition / Exit - Los Angeles / California - Speed cams coming soon, RAND Corporation reports on Santa Monica, and more",California,Los Angeles,Affordable Housing,Unknown,Unknown,Unknown Stage,excluded,transaction / capital guard: disposition,Unknown Stage,Reappearing,31,70,Unknown Timing,Unknown,Unknown,Unknown,Unknown,General monitoring,Monitor lifecycle signal for repeated confirmation,Unknown Stage; General Asset Signal; No explicit timing reference,"Speed cams coming soon, RAND Corporation reports on Santa Monica, and more",Urbanize LA,https://la.urbanize.city/post/speed-cams-coming-soon-rand-corporation-reports-santa-monica-and-more,Medium
2026-10-05,20261005-013923-f19aeef1,PRJ-20261005-0136,Construction Financing - Miami / Florida - Concord Summit Arranges $50M in Construction Financing for Fort Worth Multifamily Project,80,LC-20261005-034,art_abe67b911aab95f7,Rilea Group Starts Work on 300-Unit Wynwood Rental Community,https://www.connectcre.com/stories/rilea-group-starts-work-on-300-unit-wynwood-rental-community/,"Fri, 25 Sep 2026 13:44:44 +0000","Florida & Gulf Coast CRE News In Your Inbox. Sign up for Connect emails to stay informed with CRE stories that are 150 words or less. Florida & Gulf Coast + South Florida + Apartments | September 25, 2026 By: Mike Boyd Rilea Group Starts Work on 300-Unit Wynwood Rental Community Rilea Group broke ground on the Mohawk at Wynwood, a 300-residence mixed-use development located at 50 NE 29th St. Comprising 12- and eight-story residential towers, Mohawk will feature 300 apartments and 29,118 square f",valid,title/source/url metadata are internally consistent,Development Activity,Market Intelligence,repeat_penalized,,,,,2026-09-25,2026-10-05,10,recent_4_14d,recent,published date parsed; article age 10 day(s),55,open,,,,Development Start - Miami / Florida - Rilea Group Starts Work on 300-Unit Wynwood Rental Community,Unknown,South Florida,Mixed-Use Residential,Unknown,Unknown,Vertical Construction,construction_delivery_watch,matched broke ground,Vertical Construction,Reappearing,20,70,Unknown Timing,Low,Low,Medium,Low,General monitoring,"Benchmark construction timeline, sponsor execution, and delivery risk",Vertical Construction; Construction started; Development Start; broke ground,Rilea Group Starts Work on 300-Unit Wynwood Rental Community,Connect CRE South Florida,https://www.connectcre.com/stories/rilea-group-starts-work-on-300-unit-wynwood-rental-community/,Medium
2026-10-05,20261005-013923-f19aeef1,PRJ-20261005-0145,BTR / Build-to-Rent - National - ACORE CAPITAL Provides $81M Financing for Philadelphia Multifamily Portfolio,80,LC-20261005-033,art_9d01af4bdce87ebb,ACORE CAPITAL Provides $81M Financing for Philadelphia Multifamily Portfolio,https://yieldpro.com/2026/10/olde-kensington-portfolio/,"Sat, 03 Oct 2026 15:40:29 +0000","Deal boom News Facebook Twitter Linkedin ACORE CAPITAL , one of the leading U.S. commercial real estate investment managers, today announced it has provided $81 million in financing for a multifamily portfolio in Philadelphia’s Olde Kensington neighborhood. ACORE structured the $81 million financing to refinance two existing built-to-rent townhouse assets, and to fund construction of a third traditional mixed-use multifamily. “Philadelphia continues to demonstrate durable demand for high-quality",valid,title/source/url metadata are internally consistent,GP / Capital Activity,,repeat_penalized,,,,,2026-10-03,2026-10-05,2,fresh_0_3d,fresh,published date parsed; article age 2 day(s),48,open,,,,BTR / Build-to-Rent - National - ACORE CAPITAL Provides $81M Financing for Philadelphia Multifamily Portfolio,Unknown,U.S.,BTR / Single-Family Rental,Unknown,Unknown,Unknown Stage,excluded,transaction / capital guard: financing,Unknown Stage,Reappearing,31,69,Unknown Timing,Unknown,Unknown,Unknown,Unknown,General monitoring,Monitor lifecycle signal for repeated confirmation,Unknown Stage; General Asset Signal; No explicit timing reference,ACORE CAPITAL Provides $81M Financing for Philadelphia Multifamily Portfolio,Yield PRO,https://yieldpro.com/2026/10/olde-kensington-portfolio/,Medium
2026-10-05,20261005-013923-f19aeef1,PRJ-20261005-0070,Entitlement / Permitting - Los Angeles / California - Proposed high-rise poised for another step forward at 1000 La Brea Ave.,80,LC-20261005-050,art_5b04625fb7d3d1aa,Parklet proposed at 8th and Western in Koreatown,https://la.urbanize.city/post/parklet-proposed-8th-and-western-koreatown,"Thu, 01 Oct 2026 13:05:00 +0000","Parklet proposed at 8th and Western in Koreatown | Urbanize LA Skip to main content Advertisement Advertisement In her ongoing quest to find unconventional opportunities for new park space in Koreatown, 10th District Councilmember Heather Hutt has set her sites on a street segment on the western side of the neighborhood. In a motion introduced this week, Hutt suggests that the spur of 8th Street which branches off from the main corridor at Western Avenue could be vacated and converted into park ",suspicious_duplicate,source-feed signal bleed suspected,Development Activity,Market Intelligence,repeat_penalized,,,,,2026-10-01,2026-10-05,4,fresh_0_3d,fresh,published date parsed; article age 4 day(s),38,access_limited,,,,Acquisition - Los Angeles / California - Parklet proposed at 8th and Western in Koreatown,Unknown,Los Angeles / California,Mixed-Use Residential,Unknown,Unknown,Early Site Signal,approval_watch,matched proposed,Early Site Signal,Reappearing,21,68,Unknown Timing,Low,Low,Low,Low,General monitoring,Monitor lifecycle signal for repeated confirmation,Early Site Signal; General Asset Signal; No explicit timing reference,Parklet proposed at 8th and Western in Koreatown,Urbanize LA,https://la.urbanize.city/post/parklet-proposed-8th-and-western-koreatown,Medium
2026-10-05,20261005-013923-f19aeef1,PRJ-20261005-0103,Olnick Organization Refinances Harlem Apartments for $171M,100,LC-20261005-052,art_643b6bda8cb04c14,Olnick Organization Refinances Harlem Apartments for $171M,https://www.connectcre.com/stories/olnick-organization-refinances-harlem-apartments-for-171m/,"Fri, 02 Oct 2026 21:03:59 +0000","New York & Tri-State CRE News In Your Inbox. Sign up for Connect emails to stay informed with CRE stories that are 150 words or less. New York & Tri-State + Uptown/Bronx + Apartments | October 2, 2026 By: Paul Bubny Olnick Organization Refinances Harlem Apartments for $171M Walker & Dunlop arranged $170.5 million in permanent financing to refinance Lenox Terrace, a multifamily community at 484 Malcolm X Blvd. in Harlem. A Walker & Dunlop Capital Markets Institutional Advisory team led by Jonatha",valid,title/source/url metadata are internally consistent,Development Activity,GP / Capital Activity,acceptable_repeat,True,address/street: 484 malcolm x blvd; project/asset term: community,high,Project Financing / Capital Event,2026-10-02,2026-10-05,3,fresh_0_3d,fresh,published date parsed; article age 3 day(s),74,open,,,,Olnick Organization Refinances Harlem Apartments for $171M,New York,New York,Apartment,Dunlop Capital,Unknown,Unknown Stage,excluded,transaction / capital guard: refinance,Unknown Stage,Reappearing,37,67,Unknown Timing,Unknown,Unknown,Unknown,Unknown,General monitoring,Monitor lifecycle signal for repeated confirmation,Unknown Stage; General Asset Signal; 2026,Olnick Organization Refinances Harlem Apartments for $171M,Connect CRE,https://www.connectcre.com/stories/olnick-organization-refinances-harlem-apartments-for-171m/,Medium
2026-10-05,20261005-013923-f19aeef1,PRJ-20261005-0142,Entitlement / Permitting - Texas - Alamo Heights Apartment Owners Eyeing Major Addition,80,LC-20261005-045,art_3b48574b6b44cb8b,Alamo Heights Apartment Owners Eyeing Major Addition,https://www.connectcre.com/stories/alamo-heights-apartment-owners-eyeing-major-addition/,"Thu, 01 Oct 2026 18:32:54 +0000","Texas CRE News In Your Inbox. Sign up for Connect emails to stay informed with CRE stories that are 150 words or less. Texas + San Antonio + Apartments | October 1, 2026 By: Mike Boyd Alamo Heights Apartment Owners Eyeing Major Addition Morningside Group plans to renovate and add hundreds of units to the Sunset Ridge at Alamo Heights apartment complex. The company recently filed a zoning change request with the city to allow for more infill development, hoping to increase the total units from 32",valid,title/source/url metadata are internally consistent,Development Activity,,acceptable_repeat,,,,,2026-10-01,2026-10-05,4,fresh_0_3d,fresh,published date parsed; article age 4 day(s),70,open,,,,Entitlement / Permitting - Texas - Alamo Heights Apartment Owners Eyeing Major Addition,Texas,Texas,Apartment,Unknown,Unknown,Unknown Stage,approval_watch,matched permit,Unknown Stage,Reappearing,30,66,Unknown Timing,Unknown,Unknown,Unknown,Unknown,General monitoring,Monitor lifecycle signal for repeated confirmation,Unknown Stage; Entitlement Play; No explicit timing reference,Alamo Heights Apartment Owners Eyeing Major Addition,Connect CRE Texas,https://www.connectcre.com/stories/alamo-heights-apartment-owners-eyeing-major-addition/,Medium
2026-10-05,20261005-013923-f19aeef1,PRJ-20261005-0093,Construction Financing - Miami / Florida - WD Capital Nears $1B in Financings and Equity Placements,80,LC-20261005-049,art_2792eb8e14fd7f77,WD Capital Nears $1B in Financings and Equity Placements,https://yieldpro.com/2026/10/east-tower-at-oasis/,"Sat, 03 Oct 2026 15:30:05 +0000","Deal boom News Facebook Twitter Linkedin WD Capital Group is nearing $1 billion in financings and equity placements since the firm’s founding just 24 months ago, a significant volume for the Miami-based real estate capital markets advisory firm. Its major placements include a $101 million construction financing for Visions Orlando Resort & Spa , an $85.5 million construction loan for MIRAI Design District in Miami, and $50 million in mezzanine financing for the East Tower at Oasis Hallandale . D",suspicious_mismatch,title/source/url metadata are internally consistent; title and original_url slug appear to reference different articles,GP / Capital Activity,,acceptable_repeat,,,,,2026-10-03,2026-10-05,2,fresh_0_3d,fresh,published date parsed; article age 2 day(s),78,open,,,,Construction Financing - Miami / Florida - WD Capital Nears $1B in Financings and Equity Placements,Unknown,Miami,General Residential,Unknown,Unknown,Unknown Stage,excluded,transaction / capital guard: financing,Unknown Stage,Reappearing,48,64,Unknown Timing,Unknown,Unknown,Unknown,Unknown,General monitoring,Monitor lifecycle signal for repeated confirmation,Unknown Stage; General Asset Signal; No explicit timing reference,WD Capital Nears $1B in Financings and Equity Placements,Yield PRO,https://yieldpro.com/2026/10/east-tower-at-oasis/,Medium
2026-10-05,20261005-013923-f19aeef1,PRJ-20261005-0084,Alamo Heights Apartment Owners Eyeing Major Addition,80,LC-20261005-057,,Alamo Heights Apartment Owners Eyeing Major Addition,https://www.connectcre.com/stories/alamo-heights-apartment-owners-eyeing-major-addition/,,,,,,,,,,,,,,,unknown_date,unknown_date_review,derived row did not carry source published date,,,,,,Alamo Heights Apartment Owners Eyeing Major Addition,Texas,Los Angeles,Apartment,,Unknown,Unknown Stage,excluded,no clear development milestone,Unknown Stage,Reappearing,12,64,Unknown Timing,Unknown,Unknown,Unknown,Unknown,General monitoring,Monitor lifecycle signal for repeated confirmation,Unknown Stage; General Asset Signal; 2026,Alamo Heights Apartment Owners Eyeing Major Addition,Connect CRE Texas,https://www.connectcre.com/stories/alamo-heights-apartment-owners-eyeing-major-addition/,Medium
2026-10-05,20261005-013923-f19aeef1,PRJ-20261005-0052,Concord Summit Arranges $50M in Construction Financing for Fort Worth Multifamily Project,100,LC-20261005-051,art_c32fb6771fd949b7,Concord Summit Arranges $50M in Construction Financing for Fort Worth Multifamily Project,https://rebusinessonline.com/concord-summit-arranges-50m-in-construction-financing-for-fort-worth-multifamily-project/,2026-10-02T15:28:36Z,"Vic Centre Apartments will be located at 7124 Anderson Blvd., about 15 minutes east of downtown Fort Worth. Development Loans Multifamily Texas Concord Summit Arranges $50M in Construction Financing for Fort Worth Multifamily Project by Taylor Williams October 2, 2026 October 2, 2026 32 FORT WORTH, TEXAS — Concord Summit Capital, a South Florida-based intermediary, has arranged $50 million in construction financing for Vic Centre Apartments, a 268-unit multifamily project in Fort Worth. Vic Cent",valid,title/source/url metadata are internally consistent,Development Activity,GP / Capital Activity,acceptable_repeat,True,unit/site count: 268-unit; address/street: 7124 anderson blvd; project/asset term: project; project financing tied to anchor: construction financing,high,Project Financing / Capital Event,2026-10-02,2026-10-05,3,fresh_0_3d,fresh,published date parsed; article age 3 day(s),74,open,,,,Concord Summit Arranges $50M in Construction Financing for Fort Worth Multifamily Project,Miami / Florida,Fort Worth,Apartment,Concord Summit Capital,Unknown,Unknown Stage,excluded,transaction / capital guard: loan,Unknown Stage,Reappearing,35,63,Unknown Timing,Unknown,Unknown,Unknown,Unknown,General monitoring,Monitor lifecycle signal for repeated confirmation,Unknown Stage; General Asset Signal; 2026,Concord Summit Arranges $50M in Construction Financing for Fort Worth Multifamily Project,REBusiness Online,https://rebusinessonline.com/concord-summit-arranges-50m-in-construction-financing-for-fort-worth-multifamily-project/,Medium
2026-10-05,20261005-013923-f19aeef1,PRJ-20261005-0131,Entitlement / Permitting - Phoenix / Arizona - Development Team Pursuing 376-Unit Tempe Apartment Venture,80,LC-20261005-054,art_06cdc159ddd8551d,Development Team Pursuing 376-Unit Tempe Apartment Venture,https://www.connectcre.com/stories/development-team-pursuing-376-unit-tempe-apartment-venture/,"Mon, 28 Sep 2026 17:11:37 +0000","Phoenix & Southwest CRE News In Your Inbox. Sign up for Connect emails to stay informed with CRE stories that are 150 words or less. Phoenix & Southwest + Phoenix + Apartments | September 28, 2026 By: Mike Boyd Development Team Pursuing 376-Unit Tempe Apartment Venture Widewaters and Trammell Crow are seeking a permit for a 376-unit apartment complex development. The Phoenix Business Journal reports the 12-acre vacant parcel will be on a parking lot adjacent to the 25-acre Emerald City mixed-use",valid,title/source/url metadata are internally consistent,Development Activity,Market Intelligence,repeat_penalized,,,,,2026-09-28,2026-10-05,7,fresh_0_3d,fresh,published date parsed; article age 7 day(s),58,open,,,,Entitlement / Permitting - Phoenix / Arizona - Development Team Pursuing 376-Unit Tempe Apartment Venture,Unknown,Phoenix,Mixed-Use Residential,Unknown,Unknown,Unknown Stage,approval_watch,matched permit,Unknown Stage,Reappearing,30,62,Unknown Timing,Unknown,Unknown,Unknown,Unknown,General monitoring,Monitor lifecycle signal for repeated confirmation,Unknown Stage; Entitlement Play; No explicit timing reference,Development Team Pursuing 376-Unit Tempe Apartment Venture,Connect CRE Phoenix,https://www.connectcre.com/stories/development-team-pursuing-376-unit-tempe-apartment-venture/,Medium
2026-10-05,20261005-013923-f19aeef1,PRJ-20261005-0028,"Development Start - New York City / New York - Charney Companies, Tavros Break Ground on Fifth Gowanus Development",80,LC-20261005-053,art_54bc105bcbc705fa,"Charney Companies, Tavros Break Ground on Fifth Gowanus Development",https://www.connectcre.com/stories/charney-companies-tavros-break-ground-on-fifth-gowanus-development/,"Fri, 02 Oct 2026 21:31:36 +0000","New York & Tri-State CRE News In Your Inbox. Sign up for Connect emails to stay informed with CRE stories that are 150 words or less. New York & Tri-State + Outer Boroughs + Apartments | October 2, 2026 By: Paul Bubny Charney Companies, Tavros Break Ground on Fifth Gowanus Development Charney Companies and Tavros recently celebrated the groundbreaking of 175 Third St. in Gowanus, Brooklyn. The 27-story mixed-use tower, the newest addition to the Gowanus Wharf development, will house more than 1,",valid,title/source/url metadata are internally consistent,Development Activity,,acceptable_repeat,True,unit/site count: 27-story; address/street: 175 third st; execution milestone: groundbreaking; project/asset term: development,high,Construction Start,2026-10-02,2026-10-05,3,fresh_0_3d,fresh,published date parsed; article age 3 day(s),74,open,,,,"Charney Companies, Tavros Break Ground on Fifth Gowanus Development",New York City / New York,Brooklyn,Mixed-Use Residential,,Unknown,Unknown Stage,construction_delivery_watch,matched development / asset strategy execution,Unknown Stage,Reappearing,20,61,Unknown Timing,Unknown,Unknown,Unknown,Unknown,General monitoring,Monitor lifecycle signal for repeated confirmation,Unknown Stage; General Asset Signal; 2026,"Charney Companies, Tavros Break Ground on Fifth Gowanus Development",Connect CRE,https://www.connectcre.com/stories/charney-companies-tavros-break-ground-on-fifth-gowanus-development/,Medium
2026-10-05,20261005-013923-f19aeef1,PRJ-20261005-0038,Development Start - Colorado - Senior housing takes shape at 1150 Colorado Blvd. in Arcadia,80,LC-20261005-036,art_0cfe9a8ec7cc9fa4,Senior housing takes shape at 1150 Colorado Blvd. in Arcadia,https://la.urbanize.city/post/senior-housing-takes-shape-1150-colorado-blvd-arcadia,"Fri, 02 Oct 2026 13:05:00 +0000","Senior housing takes shape at 1150 Colorado Blvd. in Arcadia | Urbanize LA Skip to main content Advertisement Advertisement Eight months after breaking ground, framing is taking shape for a $33-million senior housing complex in Arcadia . Construction of The Ivy at Arcadia OxBlue / R.D. Olson Construction The Ivy Arcadia , which is being developed by O&I and Oakmont Management Group, consists of a three-story building that will feature 100 assisted living and memory care apartments located at 115",valid,title/source/url metadata are internally consistent,Development Activity,Market Intelligence,acceptable_repeat,,,,,2026-10-02,2026-10-05,3,fresh_0_3d,fresh,published date parsed; article age 3 day(s),62,access_limited,,,,Development Start - Colorado - Senior housing takes shape at 1150 Colorado Blvd. in Arcadia,Unknown,Colorado,Senior Housing,Unknown,Unknown,Unknown Stage,construction_delivery_watch,matched development / asset strategy execution,Unknown Stage,Reappearing,32,59,Unknown Timing,Unknown,Unknown,Unknown,Unknown,General monitoring,Monitor lifecycle signal for repeated confirmation,Unknown Stage; Development Start; No explicit timing reference,Senior housing takes shape at 1150 Colorado Blvd. in Arcadia,Urbanize LA,https://la.urbanize.city/post/senior-housing-takes-shape-1150-colorado-blvd-arcadia,Medium
2026-10-05,20261005-013923-f19aeef1,PRJ-20261005-0106,Transamerica Pyramid Center Continues 2026 Leasing Momentum,80,LC-20261005-058,art_6924c434c2ba73b5,Transamerica Pyramid Center Continues 2026 Leasing Momentum,https://www.connectcre.com/stories/transamerica-pyramid-center-continues-2026-leasing-momentum/,"Thu, 01 Oct 2026 21:00:22 +0000","California CRE News In Your Inbox. Sign up for Connect emails to stay informed with CRE stories that are 150 words or less. California + Bay Area + Office | October 1, 2026 By: Paul Bubny Transamerica Pyramid Center Continues 2026 Leasing Momentum JLL and YODA Group have completed more than 13,000 square feet of new leasing activity across Transamerica Pyramid Center in San Francisco. The transactions include a new lease with a leading New York-based multi-stage VC firm, as well as the renewal b",valid,title/source/url metadata are internally consistent,Development Activity,,acceptable_repeat,True,execution milestone: leasing,medium,Leasing / Lease-Up,2026-10-01,2026-10-05,4,fresh_0_3d,fresh,published date parsed; article age 4 day(s),70,open,,,,Transamerica Pyramid Center Continues 2026 Leasing Momentum,San Francisco / California,New York,General Residential,,Unknown,Delivery / Opening,construction_delivery_watch,matched completed,Delivery / Opening,Mature / Operating,8,59,Unknown Timing,Low,Low,Low,Medium,Relevant to underwriting benchmark,"Benchmark delivery, lease-up, occupancy, and rent assumptions",Delivery / Opening; Completed / opened; Lease-Up / Delivery; 2026,Transamerica Pyramid Center Continues 2026 Leasing Momentum,Connect CRE California,https://www.connectcre.com/stories/transamerica-pyramid-center-continues-2026-leasing-momentum/,Medium
2026-10-05,20261005-013923-f19aeef1,PRJ-20261005-0026,Disposition / Exit - Atlanta / Georgia - Investor Takes Over Distressed Atlanta Apartment Asset,80,LC-20261005-061,art_e96bfc2ddb486789,Investor Takes Over Distressed Atlanta Apartment Asset,https://www.connectcre.com/stories/investor-acquires-distressed-atlanta-apartment-asset/,"Mon, 14 Sep 2026 15:13:30 +0000","Atlanta & Southeast News In Your Inbox Sign up for Connect emails to stay informed with CRE stories that are 150 words or less. Atlanta & Southeast + Atlanta + Apartments | September 14, 2026 By: Mike Boyd Investor Takes Over Distressed Atlanta Apartment Asset Liquid Capital Real Estate Investment basically transferred ownership of a Midtown Atlanta apartment complex to Audubon Capital . Audubon picked up the remaining unpaid balance on the loan. The Crest at Midtown property was sold outright r",valid,title/source/url metadata are internally consistent,Development Activity,GP / Capital Activity,repeat_penalized,,,,,2026-09-14,2026-10-05,21,old_31d_plus,old,published date parsed; article age 21 day(s),5,open,,,,Disposition / Exit - Atlanta / Georgia - Investor Takes Over Distressed Atlanta Apartment Asset,Unknown,Atlanta,Apartment,Unknown,Unknown,Distressed / Stalled,excluded,transaction / capital guard: disposition,Distressed / Stalled,Stalled,75,58,Unknown Timing,Low,Low,High,Low,Relevant to acquisition / JV timing,"Monitor sponsor stress, lender exposure, and potential restart or rescue capital path",Distressed / Stalled; Distressed / Stalled Asset; No explicit timing reference,Investor Takes Over Distressed Atlanta Apartment Asset,Connect CRE Atlanta,https://www.connectcre.com/stories/investor-acquires-distressed-atlanta-apartment-asset/,High
2026-10-05,20261005-013923-f19aeef1,PRJ-20261005-0136,Construction Financing - Miami / Florida - Concord Summit Arranges $50M in Construction Financing for Fort Worth Multifamily Project,80,LC-20261005-039,art_c32fb6771fd949b7,Concord Summit Arranges $50M in Construction Financing for Fort Worth Multifamily Project,https://rebusinessonline.com/concord-summit-arranges-50m-in-construction-financing-for-fort-worth-multifamily-project/,2026-10-02T15:28:36Z,"Vic Centre Apartments will be located at 7124 Anderson Blvd., about 15 minutes east of downtown Fort Worth. Development Loans Multifamily Texas Concord Summit Arranges $50M in Construction Financing for Fort Worth Multifamily Project by Taylor Williams October 2, 2026 October 2, 2026 32 FORT WORTH, TEXAS — Concord Summit Capital, a South Florida-based intermediary, has arranged $50 million in construction financing for Vic Centre Apartments, a 268-unit multifamily project in Fort Worth. Vic Cent",valid,title/source/url metadata are internally consistent,Development Activity,GP / Capital Activity,acceptable_repeat,,,,,2026-10-02,2026-10-05,3,fresh_0_3d,fresh,published date parsed; article age 3 day(s),74,open,,,,Construction Financing - Miami / Florida - Concord Summit Arranges $50M in Construction Financing for Fort Worth Multifamily Project,Unknown,South Florida,Apartment,Unknown,Unknown,Unknown Stage,excluded,transaction / capital guard: financing,Unknown Stage,Reappearing,53,58,Unknown Timing,Unknown,Unknown,Unknown,Unknown,General monitoring,Monitor lifecycle signal for repeated confirmation,Unknown Stage; General Asset Signal; No explicit timing reference,Concord Summit Arranges $50M in Construction Financing for Fort Worth Multifamily Project,REBusiness Online,https://rebusinessonline.com/concord-summit-arranges-50m-in-construction-financing-for-fort-worth-multifamily-project/,Medium
2026-10-05,20261005-013923-f19aeef1,PRJ-20261005-0042,"Acquisition - Connecticut - NEPCG Negotiates $6.1M Sale of Apartment Complex in New Haven, Connecticut",80,LC-20261005-040,art_8b2e548e5cc0c542,"NEPCG Negotiates $6.1M Sale of Apartment Complex in New Haven, Connecticut",https://rebusinessonline.com/nepcg-negotiates-6-1m-sale-of-apartment-complex-in-new-haven-connecticut/,2026-10-02T14:47:06Z,"Acquisitions Connecticut Multifamily Northeast NEPCG Negotiates $6.1M Sale of Apartment Complex in New Haven, Connecticut by Taylor Williams October 2, 2026 October 2, 2026 29 NEW HAVEN, CONN. — Regional brokerage firm Northeast Private Client Group (NEPCG) has negotiated the $6.1 million sale of Norton Pointe, a 61-unit apartment complex in New Haven. According to Apartments.com, the property was built in 1900 and offers one-, two- and three-bedroom units that range in size from 700 to 1,050 sq",valid,title/source/url metadata are internally consistent,Development Activity,GP / Capital Activity,acceptable_repeat,,,,,2026-10-02,2026-10-05,3,fresh_0_3d,fresh,published date parsed; article age 3 day(s),74,open,,,,"Acquisition - Connecticut - NEPCG Negotiates $6.1M Sale of Apartment Complex in New Haven, Connecticut",Unknown,Connecticut,Apartment,Unknown,Unknown,Unknown Stage,excluded,transaction / capital guard: sale,Unknown Stage,Reappearing,32,57,Unknown Timing,Unknown,Unknown,Unknown,Unknown,General monitoring,Monitor lifecycle signal for repeated confirmation,Unknown Stage; General Asset Signal; No explicit timing reference,"NEPCG Negotiates $6.1M Sale of Apartment Complex in New Haven, Connecticut",REBusiness Online,https://rebusinessonline.com/nepcg-negotiates-6-1m-sale-of-apartment-complex-in-new-haven-connecticut/,Medium
2026-10-05,20261005-013923-f19aeef1,PRJ-20261005-0138,"Office-to-Residential Conversion - Southeast - Capstone Begins Construction on 275-Unit Adaptive Reuse Apartments in Spartanburg, South C...",80,LC-20261005-047,art_1567f95802d846f1,"Capstone Begins Construction on 275-Unit Adaptive Reuse Apartments in Spartanburg, South Carolina",https://rebusinessonline.com/capstone-begins-construction-on-275-unit-adaptive-reuse-apartments-in-spartanburg-south-carolina/,2026-10-02T13:29:43Z,"Beaumont Mill will offer 275 apartments with one-, two- and three-bedroom floorplans. Development Multifamily South Carolina Southeast Capstone Begins Construction on 275-Unit Adaptive Reuse Apartments in Spartanburg, South Carolina by Abby Cox October 2, 2026 October 2, 2026 73 SPARTANBURG, S.C. — Capstone Building Corp. has begun construction on Beaumont Mill, a 275-unit multifamily project located at 553 Ison St. in Spartanburg. The $51 million development, which is designed to tie in modern ",valid,title/source/url metadata are internally consistent,Development Activity,GP / Capital Activity,acceptable_repeat,,,,,2026-10-02,2026-10-05,3,fresh_0_3d,fresh,published date parsed; article age 3 day(s),74,open,,,,"Office-to-Residential Conversion - Southeast - Capstone Begins Construction on 275-Unit Adaptive Reuse Apartments in Spartanburg, South C...",Southeast,Southeast,Workforce Housing,Unknown,Unknown,Unknown Stage,construction_delivery_watch,matched development / asset strategy execution,Unknown Stage,Reappearing,35,56,Unknown Timing,Unknown,Unknown,Unknown,Unknown,General monitoring,Monitor lifecycle signal for repeated confirmation,Unknown Stage; Office-to-Residential Conversion; No explicit timing reference,"Capstone Begins Construction on 275-Unit Adaptive Reuse Apartments in Spartanburg, South Carolina",REBusiness Online,https://rebusinessonline.com/capstone-begins-construction-on-275-unit-adaptive-reuse-apartments-in-spartanburg-south-carolina/,Medium
2026-10-05,20261005-013923-f19aeef1,PRJ-20261005-0099,Acquisition - National - Draper and Kramer Arranges Financing for the Acquisition of The Ash Edgewater Apartments,80,LC-20261005-043,art_cca1c4ec81078f87,Draper and Kramer Arranges Financing for the Acquisition of The Ash Edgewater Apartments,https://yieldpro.com/2026/10/the-ash-edgewater/,"Sun, 04 Oct 2026 15:15:19 +0000","Deal boom News Facebook Twitter Linkedin Draper and Kramer, Incorporated , a national full-service real estate firm, announces that a team led by Dan Freedman and Chris Beck, both senior vice presidents with the firm’s Commercial Finance Group (CFG), recently brokered Chicago-area loans totaling $27.5 million. The transactions include a $13.5 million loan financing the acquisition of a three-building industrial complex in Bridgeview, a southwest suburb of Chicago, and a $14 million bridge loan f",valid,title/source/url metadata are internally consistent,Development Activity,GP / Capital Activity,new_or_fresh,,,,,2026-10-04,2026-10-05,1,fresh_0_3d,fresh,published date parsed; article age 1 day(s),100,open,,,,Acquisition - National - Draper and Kramer Arranges Financing for the Acquisition of The Ash Edgewater Apartments,Unknown,National,Apartment,Unknown,Unknown,Unknown Stage,excluded,transaction / capital guard: acquisition,,Reappearing,31,56,Unknown Timing,Unknown,Unknown,Unknown,Unknown,General monitoring,Monitor lifecycle signal for repeated confirmation,Unknown Stage; General Asset Signal; No explicit timing reference,Draper and Kramer Arranges Financing for the Acquisition of The Ash Edgewater Apartments,Yield PRO,https://yieldpro.com/2026/10/the-ash-edgewater/,Medium
2026-10-05,20261005-013923-f19aeef1,PRJ-20261005-0029,"Development Start - New York City / New York - Charney Companies, Tavros Break Ground on Fifth Gowanus Development",80,LC-20261005-044,art_54bc105bcbc705fa,"Charney Companies, Tavros Break Ground on Fifth Gowanus Development",https://www.connectcre.com/stories/charney-companies-tavros-break-ground-on-fifth-gowanus-development/,"Fri, 02 Oct 2026 21:31:36 +0000","New York & Tri-State CRE News In Your Inbox. Sign up for Connect emails to stay informed with CRE stories that are 150 words or less. New York & Tri-State + Outer Boroughs + Apartments | October 2, 2026 By: Paul Bubny Charney Companies, Tavros Break Ground on Fifth Gowanus Development Charney Companies and Tavros recently celebrated the groundbreaking of 175 Third St. in Gowanus, Brooklyn. The 27-story mixed-use tower, the newest addition to the Gowanus Wharf development, will house more than 1,",valid,title/source/url metadata are internally consistent,Development Activity,,acceptable_repeat,,,,,2026-10-02,2026-10-05,3,fresh_0_3d,fresh,published date parsed; article age 3 day(s),74,open,,,,"Development Start - New York City / New York - Charney Companies, Tavros Break Ground on Fifth Gowanus Development",Unknown,Brooklyn,Mixed-Use Residential,Unknown,Unknown,Unknown Stage,construction_delivery_watch,matched development / asset strategy execution,Unknown Stage,Reappearing,31,56,Unknown Timing,Unknown,Unknown,Unknown,Unknown,General monitoring,Monitor lifecycle signal for repeated confirmation,Unknown Stage; Development Start; No explicit timing reference,"Charney Companies, Tavros Break Ground on Fifth Gowanus Development",Connect CRE,https://www.connectcre.com/stories/charney-companies-tavros-break-ground-on-fifth-gowanus-development/,Medium
2026-10-05,20261005-013923-f19aeef1,PRJ-20261005-0147,"JV / Partnership - Other / Unknown - Draper and Kramer Arranges Two Loans Totaling $27.5M for Chicago-Area Multifamily, Distrib...",80,LC-20261005-048,art_e3952c84786ea914,L&G invests in its inaugural US housing construction project,https://www.multifamilydive.com/news/lg-taurus-apartment-project-concord/831917/,"Thu, 01 Oct 2026 13:30:00 -0400","An article from L&G invests in its inaugural US housing construction project The two-building, 201-unit multifamily property with an all-electric design, developed by Taurus Investment Holdings, just broke ground in the undersupplied Boston metro area. Published Oct. 1, 2026 Julie Strupp Senior Editor Share Copy link Email LinkedIn X/Twitter Facebook Print License Add us on Google Rendering of L&G and Taurus' two-building, 201-unit apartment complex coming to Concord, Mass. Courtesy of L&G Liste",valid,title/source/url metadata are internally consistent,Development Activity,,acceptable_repeat,,,,,2026-10-01,2026-10-05,4,fresh_0_3d,fresh,published date parsed; article age 4 day(s),70,open,,,,Development Start - Other / Unknown - L&G invests in its inaugural US housing construction project,Unknown,Unknown,Apartment,Unknown,Unknown,Vertical Construction,construction_delivery_watch,matched broke ground,Vertical Construction,Reappearing,19,54,Unknown Timing,Low,Low,Medium,Low,General monitoring,"Benchmark construction timeline, sponsor execution, and delivery risk",Vertical Construction; Construction started; Development Start; broke ground,L&G invests in its inaugural US housing construction project,Multifamily Dive,https://www.multifamilydive.com/news/lg-taurus-apartment-project-concord/831917/,Medium
2026-10-05,20261005-013923-f19aeef1,PRJ-20261005-0083,"Development Start - Dallas / Texas - KAI Build, Revive Capital to Transform Former 7UP Headquarters in Metro St. Louis into Apa...",80,LC-20261005-059,,"Environmental Review Starts For Murphy Village, Milpitas",https://sfyimby.com/2026/10/environmental-review-starts-for-murphy-village-milpitas.html,,,,,,,,,,,,,,,unknown_date,unknown_date_review,derived row did not carry source published date,,,,,,"Environmental Review Starts For Murphy Village, Milpitas",Other / Unknown,Los Angeles,Apartment,,Unknown,Environmental Review / CEQA,approval_watch,matched environmental review,Environmental Review / CEQA,Newly Detected,49,51,Unknown Timing,High,Low,Low,Low,Relevant to entitlement monitoring,"Track planning docket, approval path, CEQA risk, and sponsor activity",Environmental Review / CEQA; General Asset Signal; 2026,"Environmental Review Starts For Murphy Village, Milpitas",SF YIMBY,https://sfyimby.com/2026/10/environmental-review-starts-for-murphy-village-milpitas.html,Medium
2026-10-05,20261005-013923-f19aeef1,PRJ-20261005-0026,Disposition / Exit - Atlanta / Georgia - Investor Takes Over Distressed Atlanta Apartment Asset,80,LC-20261005-062,art_74b6034bca9c58bb,ParkProperty Acquires 280-Unit Buckhead Apartment Community,https://www.connectcre.com/stories/parkproperty-acquires-280-unit-buckhead-apartment-community/,"Thu, 13 Aug 2026 14:27:04 +0000","Atlanta & Southeast News In Your Inbox Sign up for Connect emails to stay informed with CRE stories that are 150 words or less. Atlanta & Southeast + Atlanta + Apartments | August 13, 2026 By: Mike Boyd ParkProperty Acquires 280-Unit Buckhead Apartment Community ParkProperty Capital acquired The Jane, a 280-unit multifamily in the Brookwood district of Atlanta, adjacent to Buckhead. The property was traded for $75 million. CWS Capital Partners was the seller. The property was named after the loc",valid,title/source/url metadata are internally consistent,Development Activity,GP / Capital Activity,repeat_penalized,,,,,2026-08-13,2026-10-05,53,old_31d_plus,old,published date parsed; article age 53 day(s),5,open,,,,Acquisition - Atlanta / Georgia - ParkProperty Acquires 280-Unit Buckhead Apartment Community,Unknown,Atlanta,Apartment,Unknown,Unknown,Unknown Stage,excluded,transaction / capital guard: acquisition,Unknown Stage,Reappearing,20,48,Unknown Timing,Unknown,Unknown,Unknown,Unknown,General monitoring,Monitor lifecycle signal for repeated confirmation,Unknown Stage; General Asset Signal; No explicit timing reference,ParkProperty Acquires 280-Unit Buckhead Apartment Community,Connect CRE Atlanta,https://www.connectcre.com/stories/parkproperty-acquires-280-unit-buckhead-apartment-community/,Low
2026-10-05,20261005-013923-f19aeef1,PRJ-20261005-0026,Disposition / Exit - Atlanta / Georgia - Investor Takes Over Distressed Atlanta Apartment Asset,80,LC-20261005-063,art_756dc1d67e87be56,Passco Offloads Buckhead Rental Asset for $87.5M,https://www.connectcre.com/stories/passco-offloads-buckhead-rental-asset-for-87-5m/,"Tue, 08 Sep 2026 14:37:42 +0000","Atlanta & Southeast News In Your Inbox Sign up for Connect emails to stay informed with CRE stories that are 150 words or less. Atlanta & Southeast + Atlanta + Apartments | September 8, 2026 By: Mike Boyd Passco Offloads Buckhead Rental Asset for $87.5M ORIX Corporation USA purchased The Kendrick, a 423-unit multifamily property, for $87.5 million. Built in 1998, the garden-style multifamily community is located in Atlanta’s Buckhead neighborhood, near major employment, retail and entertainment ",valid,title/source/url metadata are internally consistent,Development Activity,GP / Capital Activity,repeat_penalized,,,,,2026-09-08,2026-10-05,27,old_31d_plus,old,published date parsed; article age 27 day(s),5,open,,,,Acquisition - Atlanta / Georgia - Passco Offloads Buckhead Rental Asset for $87.5M,Unknown,Atlanta,Apartment,Unknown,Unknown,Unknown Stage,excluded,transaction / capital guard: acquisition,Unknown Stage,Reappearing,20,48,Unknown Timing,Unknown,Unknown,Unknown,Unknown,General monitoring,Monitor lifecycle signal for repeated confirmation,Unknown Stage; General Asset Signal; No explicit timing reference,Passco Offloads Buckhead Rental Asset for $87.5M,Connect CRE Atlanta,https://www.connectcre.com/stories/passco-offloads-buckhead-rental-asset-for-87-5m/,Low
2026-10-05,20261005-013923-f19aeef1,PRJ-20261005-0147,"JV / Partnership - Other / Unknown - Draper and Kramer Arranges Two Loans Totaling $27.5M for Chicago-Area Multifamily, Distrib...",80,LC-20261005-046,art_9732f23d155fa094,"Draper and Kramer Arranges Two Loans Totaling $27.5M for Chicago-Area Multifamily, Distribution Properties",https://rebusinessonline.com/draper-and-kramer-arranges-two-loans-totaling-27-5m-for-chicago-area-multifamily-distribution-properties/,2026-10-02T13:01:00Z,"Pictured is the headquarters of Chicagoland Quad Cities Express in Bridgeview, Ill. Illinois Industrial Loans Midwest Multifamily Draper and Kramer Arranges Two Loans Totaling $27.5M for Chicago-Area Multifamily, Distribution Properties by Kristin Harlow October 2, 2026 October 2, 2026 38 CHICAGO AND BRIDGEVIEW, ILL. — Draper and Kramer Inc. has arranged two loans totaling $27.5 million. The transactions include a $13.5 million loan to finance the acquisition of a three-building industrial compl",valid,title/source/url metadata are internally consistent,GP / Capital Activity,,acceptable_repeat,,,,,2026-10-02,2026-10-05,3,fresh_0_3d,fresh,published date parsed; article age 3 day(s),74,open,,,,"JV / Partnership - Other / Unknown - Draper and Kramer Arranges Two Loans Totaling $27.5M for Chicago-Area Multifamily, Distrib...",Unknown,Unknown,Multifamily,Unknown,Unknown,Unknown Stage,excluded,transaction / capital guard: loan,Unknown Stage,Reappearing,31,45,Unknown Timing,Unknown,Unknown,Unknown,Unknown,General monitoring,Monitor lifecycle signal for repeated confirmation,Unknown Stage; General Asset Signal; No explicit timing reference,"Draper and Kramer Arranges Two Loans Totaling $27.5M for Chicago-Area Multifamily, Distribution Properties",REBusiness Online,https://rebusinessonline.com/draper-and-kramer-arranges-two-loans-totaling-27-5m-for-chicago-area-multifamily-distribution-properties/,Low
2026-10-05,20261005-013923-f19aeef1,PRJ-20261005-0147,"JV / Partnership - Other / Unknown - Draper and Kramer Arranges Two Loans Totaling $27.5M for Chicago-Area Multifamily, Distrib...",80,LC-20261005-071,art_50bb1d5a332d13cb,Shorter Apartment Construction Time in 2025,https://eyeonhousing.org/2026/09/shorter-apartment-construction-time-in-2025/,"Mon, 07 Sep 2026 13:30:00 +0000","Shorter Apartment Construction Time in 2025 – Eye On Housing Skip to content Shorter Apartment Construction Time in 2025 September 7, 2026 Na Zhao No Comments The average time needed to complete construction of a multifamily building after obtaining authorization edged down in 2025, according to the 2025 Survey of Construction (SOC) from the Census Bureau. On average, it took 18.9 months from permit to completion, about 0.7 months shorter than in 2024. While construction timelines remain lengthy",valid,title/source/url metadata are internally consistent,Market Intelligence,Development Activity,repeat_penalized,,,,,2026-09-07,2026-10-05,28,old_31d_plus,old,published date parsed; article age 28 day(s),5,open,,,,Entitlement / Permitting - Other / Unknown - Shorter Apartment Construction Time in 2025,Unknown,Unknown,Apartment,Unknown,Unknown,Unknown Stage,approval_watch,matched permit,Unknown Stage,Reappearing,20,32,Immediate / 0-3 Months,Unknown,Unknown,Unknown,Unknown,Low relevance,Monitor lifecycle signal for repeated confirmation,Unknown Stage; Entitlement Play; in 2025,Shorter Apartment Construction Time in 2025,NAHB Eye on Housing - Multifamily,https://eyeonhousing.org/2026/09/shorter-apartment-construction-time-in-2025/,Low
2026-10-05,20261005-013923-f19aeef1,PRJ-20261005-0147,"JV / Partnership - Other / Unknown - Draper and Kramer Arranges Two Loans Totaling $27.5M for Chicago-Area Multifamily, Distrib...",80,LC-20261005-055,art_442134d57a635f1c,Northmarq Arranges Sale of St. Louis Metro Multifamily Property,https://www.connectcre.com/stories/northmarq-arranges-sale-of-st-louis-metro-multifamily-property/,"Fri, 02 Oct 2026 21:08:14 +0000","Chicago & Midwest CRE News In Your Inbox. Sign up for Connect emails to stay informed with CRE stories that are 150 words or less. Chicago & Midwest + St. Louis + Apartments | October 2, 2026 By: Jasmine Kilman Northmarq Arranges Sale of St. Louis Metro Multifamily Property Northmarq’s St. Louis Investment Sales team, led by Dominic Martinez, Parker Stewart, Alex Malzone and Charlie McKee, arranged the sale of Whisper Hollow Apartments, a 315-unit garden-style multifamily community located at 12",valid,title/source/url metadata are internally consistent,Development Activity,GP / Capital Activity,acceptable_repeat,,,,,2026-10-02,2026-10-05,3,fresh_0_3d,fresh,published date parsed; article age 3 day(s),74,open,,,,Disposition / Exit - Other / Unknown - Northmarq Arranges Sale of St. Louis Metro Multifamily Property,Unknown,Unknown,Apartment,Unknown,northmarq,Unknown Stage,excluded,transaction / capital guard: disposition,Unknown Stage,Reappearing,32,31,Unknown Timing,Unknown,Unknown,Unknown,Unknown,Low relevance,Monitor lifecycle signal for repeated confirmation,Unknown Stage; General Asset Signal; No explicit timing reference,Northmarq Arranges Sale of St. Louis Metro Multifamily Property,Connect CRE,https://www.connectcre.com/stories/northmarq-arranges-sale-of-st-louis-metro-multifamily-property/,Low
2026-10-05,20261005-013923-f19aeef1,PRJ-20261005-0147,"JV / Partnership - Other / Unknown - Draper and Kramer Arranges Two Loans Totaling $27.5M for Chicago-Area Multifamily, Distrib...",80,LC-20261005-064,art_8701888c61d951a0,2026 NOI & Operations Survey Report,https://www.multifamilyexecutive.com/premium/whitepaper/755203,"Thu, 10 Sep 2026 15:43:57 +0000","Whitepaper 2026 NOI & Operations Survey Report What Multifamily Leaders Are Prioritizing Now—and What’s Coming Next screenshot_2026-09-03_at_2.26.39_pm.png Protecting NOI has never been more challenging. Oversupply, rising insurance premiums, uneven efficiency gains, and evolving staffing models are reshaping how owners and operators compete. The 2026 NOI & Operations Survey Report distills insights from more than 100 multifamily executives across every portfolio size—giving you a data-backed vi",valid,title/source/url metadata are internally consistent,Market Intelligence,GP / Capital Activity,repeat_penalized,,,,,2026-09-10,2026-10-05,25,old_31d_plus,old,published date parsed; article age 25 day(s),5,open,,,,General Project Signal - Other / Unknown - 2026 NOI & Operations Survey Report,Unknown,Unknown,Multifamily,Unknown,Unknown,Unknown Stage,excluded,excluded generic policy / market article,Unknown Stage,Reappearing,20,23,Unknown Timing,Unknown,Unknown,Unknown,Unknown,Low relevance,Monitor lifecycle signal for repeated confirmation,Unknown Stage; General Asset Signal; 2026,2026 NOI & Operations Survey Report,Multifamily Executive,https://www.multifamilyexecutive.com/premium/whitepaper/755203,Low
2026-10-05,20261005-013923-f19aeef1,PRJ-20261005-0147,"JV / Partnership - Other / Unknown - Draper and Kramer Arranges Two Loans Totaling $27.5M for Chicago-Area Multifamily, Distrib...",80,LC-20261005-065,art_266f44ae4fd99ed0,2026 Resident Experience Management Report,https://www.multifamilyexecutive.com/premium/whitepaper/753766,"Thu, 25 Jun 2026 15:50:39 +0000","eBook 2026 Resident Experience Management Report Cover_Zego.png Resident retention is moving in the wrong direction at exactly the moment multifamily operators can least afford it. After reaching 60% in 2024, average retention rates have slipped to 57%. That three-point decline might look modest on a spreadsheet, but with turnover costing operators roughly $4,000 per unit, even a small dip in performance adds up to a significant hit to NOI across a portfolio. While property managers frequently a",low_value_promotional,promotional/event keyword: whitepaper,Excluded,,repeat_penalized,,,,,2026-06-25,2026-10-05,102,old_31d_plus,archive,published date parsed; article age 102 day(s),0,open,,,,General Project Signal - Other / Unknown - 2026 Resident Experience Management Report,Unknown,Unknown,Multifamily,Unknown,Unknown,Unknown Stage,construction_delivery_watch,matched development / asset strategy execution,Unknown Stage,Reappearing,20,23,Unknown Timing,Unknown,Unknown,Unknown,Unknown,Low relevance,Monitor lifecycle signal for repeated confirmation,Unknown Stage; General Asset Signal; 2026,2026 Resident Experience Management Report,Multifamily Executive,https://www.multifamilyexecutive.com/premium/whitepaper/753766,Low
2026-10-05,20261005-013923-f19aeef1,PRJ-20261005-0147,"JV / Partnership - Other / Unknown - Draper and Kramer Arranges Two Loans Totaling $27.5M for Chicago-Area Multifamily, Distrib...",80,LC-20261005-067,art_8b28c10c647e7f21,Multifamily Absorption Rate Remains Below 50%,https://eyeonhousing.org/2026/08/multifamily-absorption-rate-remains-below-50-2/,"Fri, 28 Aug 2026 13:47:59 +0000","Multifamily Absorption Rate Remains Below 50% – Eye On Housing Skip to content Multifamily Absorption Rate Remains Below 50% August 28, 2026 Jesse Wade No Comments The percentage of new apartment units that were absorbed within three months after completion was down five percentage points in the first quarter, according to the Census Bureau’s latest release of the Survey of Market Absorption of New Multifamily Units (SOMA). An apartment or condo unit is considered absorbed into the market when i",valid,title/source/url metadata are internally consistent,Market Intelligence,,repeat_penalized,,,,,2026-08-28,2026-10-05,38,old_31d_plus,old,published date parsed; article age 38 day(s),5,open,,,,General Project Signal - Other / Unknown - Multifamily Absorption Rate Remains Below 50%,Unknown,Unknown,Apartment,Unknown,Unknown,Unknown Stage,excluded,excluded generic policy / market article,Unknown Stage,Reappearing,20,22,Unknown Timing,Unknown,Unknown,Unknown,Unknown,Low relevance,Monitor lifecycle signal for repeated confirmation,Unknown Stage; General Asset Signal; No explicit timing reference,Multifamily Absorption Rate Remains Below 50%,NAHB Eye on Housing - Multifamily,https://eyeonhousing.org/2026/08/multifamily-absorption-rate-remains-below-50-2/,Low
2026-10-05,20261005-013923-f19aeef1,PRJ-20261005-0147,"JV / Partnership - Other / Unknown - Draper and Kramer Arranges Two Loans Totaling $27.5M for Chicago-Area Multifamily, Distrib...",80,LC-20261005-066,art_e7fcf1171af1b281,Share of Apartments Built in Buildings with 50+ Units Moves Higher in 2025,https://eyeonhousing.org/2026/07/share-of-apartments-built-in-buildings-with-50-units-moves-higher-in-2025/,"Mon, 27 Jul 2026 14:16:05 +0000","Share of Apartments Built in Buildings with 50+ Units Moves Higher in 2025 – Eye On Housing Skip to content Share of Apartments Built in Buildings with 50+ Units Moves Higher in 2025 July 27, 2026 Jesse Wade No Comments Following the highest number of multifamily completions in nearly 40 years in 2024, completions declined in 2025 to 484,000, according to NAHB analysis of the Census Bureau’s Survey of Construction . For the ninth consecutive year, a majority of new multifamily units were in buil",valid,title/source/url metadata are internally consistent,Development Activity,,repeat_penalized,,,,,2026-07-27,2026-10-05,70,old_31d_plus,archive,published date parsed; article age 70 day(s),5,open,,,,General Project Signal - Other / Unknown - Share of Apartments Built in Buildings with 50+ Units Moves Higher in 2025,Unknown,Unknown,Apartment,Unknown,Unknown,Unknown Stage,construction_delivery_watch,matched development / asset strategy execution,Unknown Stage,Reappearing,20,22,Unknown Timing,Unknown,Unknown,Unknown,Unknown,Low relevance,Monitor lifecycle signal for repeated confirmation,Unknown Stage; General Asset Signal; in 2025,Share of Apartments Built in Buildings with 50+ Units Moves Higher in 2025,NAHB Eye on Housing - Multifamily,https://eyeonhousing.org/2026/07/share-of-apartments-built-in-buildings-with-50-units-moves-higher-in-2025/,Low
2026-10-05,20261005-013923-f19aeef1,PRJ-20261005-0147,"JV / Partnership - Other / Unknown - Draper and Kramer Arranges Two Loans Totaling $27.5M for Chicago-Area Multifamily, Distrib...",80,LC-20261005-068,art_bbf68370d5e8064d,First Quarter 2026 Multifamily Construction Data,https://eyeonhousing.org/2026/05/first-quarter-2026-multifamily-construction-data/,"Tue, 26 May 2026 12:31:00 +0000","First Quarter 2026 Multifamily Construction Data – Eye On Housing Skip to content First Quarter 2026 Multifamily Construction Data May 26, 2026 Robert Dietz No Comments According to NAHB analysis of quarterly Census data, the count of multifamily, for-rent housing starts increased year-over-year during the first quarter of 2026. For the quarter, 107,000 multifamily residences started construction. Of this total, 103,000 were built-for-rent. This built-for-rent total was 21% higher than in the fi",valid,title/source/url metadata are internally consistent,Market Intelligence,,repeat_penalized,,,,,2026-05-26,2026-10-05,132,old_31d_plus,archive,published date parsed; article age 132 day(s),5,open,,,,Development Start - Other / Unknown - First Quarter 2026 Multifamily Construction Data,Unknown,Unknown,Multifamily,Unknown,Unknown,Unknown Stage,construction_delivery_watch,matched development / asset strategy execution,Unknown Stage,Reappearing,20,21,Immediate / 0-3 Months,Unknown,Unknown,Unknown,Unknown,Low relevance,Monitor lifecycle signal for repeated confirmation,Unknown Stage; Development Start; 2026,First Quarter 2026 Multifamily Construction Data,NAHB Eye on Housing - Multifamily,https://eyeonhousing.org/2026/05/first-quarter-2026-multifamily-construction-data/,Low
2026-10-05,20261005-013923-f19aeef1,PRJ-20261005-0147,"JV / Partnership - Other / Unknown - Draper and Kramer Arranges Two Loans Totaling $27.5M for Chicago-Area Multifamily, Distrib...",80,LC-20261005-069,art_695932dbcd227470,Fourth Quarter 2025 Multifamily Construction Data,https://eyeonhousing.org/2026/03/fourth-quarter-2025-multifamily-construction-data/,"Thu, 19 Mar 2026 12:35:00 +0000","Fourth Quarter 2025 Multifamily Construction Data – Eye On Housing Skip to content Fourth Quarter 2025 Multifamily Construction Data March 19, 2026 Robert Dietz No Comments According to NAHB analysis of quarterly Census data, the count of multifamily, for-rent housing starts increased year-over-year during the fourth quarter of 2025. For the quarter, 96,000 multifamily residences started construction. Of this total, 91,000 were built-for-rent. This built-for-rent total was 18% higher than in the",valid,title/source/url metadata are internally consistent,Market Intelligence,,repeat_penalized,,,,,2026-03-19,2026-10-05,200,old_31d_plus,archive,published date parsed; article age 200 day(s),5,open,,,,Development Start - Other / Unknown - Fourth Quarter 2025 Multifamily Construction Data,Unknown,Unknown,Multifamily,Unknown,Unknown,Unknown Stage,construction_delivery_watch,matched development / asset strategy execution,Unknown Stage,Reappearing,20,21,Immediate / 0-3 Months,Unknown,Unknown,Unknown,Unknown,Low relevance,Monitor lifecycle signal for repeated confirmation,Unknown Stage; Development Start; 2025,Fourth Quarter 2025 Multifamily Construction Data,NAHB Eye on Housing - Multifamily,https://eyeonhousing.org/2026/03/fourth-quarter-2025-multifamily-construction-data/,Low
2026-10-05,20261005-013923-f19aeef1,PRJ-20261005-0147,"JV / Partnership - Other / Unknown - Draper and Kramer Arranges Two Loans Totaling $27.5M for Chicago-Area Multifamily, Distrib...",80,LC-20261005-070,art_d4039cdfbf50dd7d,NAHB HBGI: Micro Markets Lone Bright Spot for Single-Family Building in Fourth Quarter,https://eyeonhousing.org/2026/03/nahb-hbgi-micro-markets-lone-bright-spot-for-single-family-building-in-fourth-quarter/,"Mon, 30 Mar 2026 15:01:25 +0000","NAHB HBGI: Micro Markets Lone Bright Spot for Single-Family Building in Fourth Quarter – Eye On Housing Skip to content NAHB HBGI: Micro Markets Lone Bright Spot for Single-Family Building in Fourth Quarter March 30, 2026 Jesse Wade No Comments Single-family construction declined further in the fourth quarter in all but sparsely populated micro counties, according to the NAHB Home Building Geography Index (HBGI). Meanwhile, multifamily construction showed growth in all markets for the first time",valid,title/source/url metadata are internally consistent,Market Intelligence,,repeat_penalized,,,,,2026-03-30,2026-10-05,189,old_31d_plus,archive,published date parsed; article age 189 day(s),5,open,,,,Disposition / Exit - Other / Unknown - NAHB HBGI: Micro Markets Lone Bright Spot for Single-Family Building in Fourth Quarter,Unknown,Unknown,Multifamily,Unknown,Unknown,Unknown Stage,excluded,transaction / capital guard: disposition,Unknown Stage,Reappearing,20,12,Unknown Timing,Unknown,Unknown,Unknown,Unknown,Low relevance,Monitor lifecycle signal for repeated confirmation,Unknown Stage; General Asset Signal; No explicit timing reference,NAHB HBGI: Micro Markets Lone Bright Spot for Single-Family Building in Fourth Quarter,NAHB Eye on Housing - Multifamily,https://eyeonhousing.org/2026/03/nahb-hbgi-micro-markets-lone-bright-spot-for-single-family-building-in-fourth-quarter/,Low
