run_date,run_id,canonical_project_id,canonical_project_name,project_identity_confidence,lifecycle_id,canonical_article_id,title,original_url,published,summary,article_integrity_status,article_integrity_reason,primary_display_section,secondary_display_sections,repeat_exposure_status,has_project_anchor,project_anchor_reason,project_anchor_confidence,development_lifecycle_hint,published_date_normalized,collected_date_normalized,article_age_days,freshness_bucket,freshness_status,freshness_reason,freshness_score,access_status,extracted_city,extracted_state,extracted_market_reason,canonical_asset_or_project_name,market,city_or_submarket,residential_sector,gp_or_developer,lender_or_capital_partner,current_lifecycle_stage,primary_development_category,primary_category_reason,previous_lifecycle_stage_if_known,lifecycle_progression_signal,lifecycle_risk_score,lifecycle_opportunity_score,timing_bucket,entitlement_complexity_flag,financing_dependency_flag,construction_execution_flag,lease_up_risk_flag,woomi_lifecycle_relevance,recommended_lifecycle_follow_up,evidence_signals,source_article_title,source,url,confidence_level
2026-08-10,20260810-233522-b4607a70,PRJ-20260810-0150,Refinancing - California - San Jose Area Senior Multifamily Community Sells for $103M,100,LC-20260810-002,art_46e3b87d0b0b8847,San Jose Area Senior Multifamily Community Sells for $103M,https://yieldpro.com/2026/08/american-healthcare-reit/,"Sat, 08 Aug 2026 15:57:29 +0000","Deal boom News Pacific region Facebook Twitter Linkedin American Healthcare REIT has picked up Avella at Almaden , a 200-unit luxury senior community in San Jose, Calif., for $102.8 million. The joint venture of The 11th Group Inc., Affinius Capital and Alliance Residential sold the asset. The partnership developed the community and brought it online in 2020 as The Watermark at Almaden. Back in 2023, Walton Street Capital originated a $59.2 million loan for the refinancing of the property. The f",suspicious_mismatch,title/source/url metadata are internally consistent; title and original_url slug appear to reference different articles,Development Activity,GP / Capital Activity,acceptable_repeat,,,,,2026-08-08,2026-08-10,2,fresh_0_3d,fresh,published date parsed; article age 2 day(s),74,open,,,,Refinancing - California - San Jose Area Senior Multifamily Community Sells for $103M,California,San Jose,Multifamily,Alliance Residential,Unknown,Refinancing / Recapitalization,excluded,transaction / capital guard: sells,Refinancing / Recapitalization,Mature / Operating,56,100,Unknown Timing,Low,High,Low,Low,Relevant to acquisition / JV timing,"Track lender, maturity, debt terms, and recapitalization need",Refinancing / Recapitalization; Refinancing / Recapitalization; No explicit timing reference,San Jose Area Senior Multifamily Community Sells for $103M,Yield PRO,https://yieldpro.com/2026/08/american-healthcare-reit/,High
2026-08-10,20260810-233522-b4607a70,PRJ-20260810-0096,Refinancing - Louisiana - Scion Group Secures $556M Student Housing Refinance on 14-Property Multifamily Student Hou...,100,LC-20260810-023,art_b1d43ebd2266d3ad,Scion Group Secures $556M Student Housing Refinance on 14-Property Multifamily Student Housing Portfolio,https://yieldpro.com/2026/08/lark-central/,"Sat, 08 Aug 2026 15:38:06 +0000","Deal boom News Facebook Twitter Linkedin The Scion Group has secured $555.6 million in financing for a 14-property student housing portfolio totaling 4,295 units and 10,454 beds across nine states. Walker & Dunlop arranged the transaction on behalf of Scion. The assets are located in Arizona, Alabama, California, Colorado, Florida, Georgia, Louisiana, North Carolina and Texas. The company secured a floating-rate, interest-only loan through an existing Fannie Mae credit facility. One property inc",suspicious_mismatch,title/source/url metadata are internally consistent; title and original_url slug appear to reference different articles,Development Activity,GP / Capital Activity,repeat_penalized,,,,,2026-08-08,2026-08-10,2,fresh_0_3d,fresh,published date parsed; article age 2 day(s),48,open,,,,Refinancing - Louisiana - Scion Group Secures $556M Student Housing Refinance on 14-Property Multifamily Student Hou...,California,Louisiana,Student Housing,Scion Group,Fannie Mae,Refinancing / Recapitalization,excluded,transaction / capital guard: refinance,Refinancing / Recapitalization,Mature / Operating,52,100,Unknown Timing,Low,High,Low,Low,Relevant to acquisition / JV timing,"Track lender, maturity, debt terms, and recapitalization need",Refinancing / Recapitalization; Refinancing / Recapitalization; No explicit timing reference,Scion Group Secures $556M Student Housing Refinance on 14-Property Multifamily Student Housing Portfolio,Yield PRO,https://yieldpro.com/2026/08/lark-central/,High
2026-08-10,20260810-233522-b4607a70,PRJ-20260810-0112,Refinancing - New York - Owner Lands $67M Loan To Renovate Apartments On Revere Waterfront,100,LC-20260810-001,art_7ad9f611b6a07005,Owner Lands $67M Loan To Renovate Apartments On Revere Waterfront,https://www.bisnow.com/news/boston/multifamily/investor-secures-67m-refinance-loan-for-revere-beach-multifamily-property,"Mon, 10 Aug 2026 17:23:41 -0400","The owner of a Revere Beach waterfront apartment property has closed a refinancing deal that enables it to start a renovation program at the property. Photo credit: Google Earth Revere Beach New York-based Invictus Real Estate Partners secured a $67M loan for its 194-unit Eliot on Ocean apartment building in Revere, JLL announced. The three-year, floating-rate loan is from Bridge Investment Group The 143K SF property at 660 Ocean Ave. sits directly adjacent to the MBTA's Wonderland Blue Line sta",valid,title/source/url metadata are internally consistent,Development Activity,GP / Capital Activity,new_or_fresh,,,,,2026-08-10,2026-08-10,,fresh_0_3d,fresh,published date parsed; article age 0 day(s),88,access_limited,,,,Refinancing - New York - Owner Lands $67M Loan To Renovate Apartments On Revere Waterfront,New York,New York,Apartment,JLL,JLL,Refinancing / Recapitalization,excluded,transaction / capital guard: refinancing,,Mature / Operating,49,100,Unknown Timing,Low,High,Low,Low,Relevant to acquisition / JV timing,"Track lender, maturity, debt terms, and recapitalization need",Refinancing / Recapitalization; Refinancing / Recapitalization; No explicit timing reference,Owner Lands $67M Loan To Renovate Apartments On Revere Waterfront,Bisnow,https://www.bisnow.com/news/boston/multifamily/investor-secures-67m-refinance-loan-for-revere-beach-multifamily-property,High
2026-08-10,20260810-233522-b4607a70,PRJ-20260810-0112,Refinancing - New York - Owner Lands $67M Loan To Renovate Apartments On Revere Waterfront,100,LC-20260810-014,art_7ad9f611b6a07005,Owner Lands $67M Loan To Renovate Apartments On Revere Waterfront,https://www.bisnow.com/news/boston/multifamily/investor-secures-67m-refinance-loan-for-revere-beach-multifamily-property,"Mon, 10 Aug 2026 17:23:41 -0400","The owner of a Revere Beach waterfront apartment property has closed a refinancing deal that enables it to start a renovation program at the property. Photo credit: Google Earth Revere Beach New York-based Invictus Real Estate Partners secured a $67M loan for its 194-unit Eliot on Ocean apartment building in Revere, JLL announced. The three-year, floating-rate loan is from Bridge Investment Group The 143K SF property at 660 Ocean Ave. sits directly adjacent to the MBTA's Wonderland Blue Line sta",valid,title/source/url metadata are internally consistent,Development Activity,GP / Capital Activity,new_or_fresh,True,unit/site count: 194-unit; address/street: 660 ocean ave; project/asset term: apartments,high,Project Financing / Capital Event,2026-08-10,2026-08-10,0,fresh_0_3d,fresh,published date parsed; article age 0 day(s),88,access_limited,,,,Owner Lands $67M Loan To Renovate Apartments On Revere Waterfront,New York,New York,Apartment,JLL,Unknown,Refinancing / Recapitalization,excluded,transaction / capital guard: refinancing,,Mature / Operating,41,100,Unknown Timing,Low,High,Low,Low,Relevant to acquisition / JV timing,"Track lender, maturity, debt terms, and recapitalization need",Refinancing / Recapitalization; Refinancing / Recapitalization; No explicit timing reference,Owner Lands $67M Loan To Renovate Apartments On Revere Waterfront,Bisnow,https://www.bisnow.com/news/boston/multifamily/investor-secures-67m-refinance-loan-for-revere-beach-multifamily-property,High
2026-08-10,20260810-233522-b4607a70,PRJ-20260810-0165,Entitlement / Permitting - Texas - Completion nears for mixed-use project at 939 W. Manchester Blvd. in Inglewood,100,LC-20260810-003,art_0e090711e3965065,Completion nears for mixed-use project at 939 W. Manchester Blvd. in Inglewood,https://la.urbanize.city/post/completion-nears-mixed-use-project-939-w-manchester-blvd-inglewood,"Fri, 07 Aug 2026 13:15:00 +0000","Completion nears for mixed-use project at 939 W. Manchester Blvd. in Inglewood | Urbanize LA Skip to main content Advertisement Advertisement In Inglewood , construction is in the home stretch for a mixed-use apartment complex Texas-based developer JPI. The project, which replaced a car wash near the K Line at 939 W. Manchester Boulevard , was originally known as the Jefferson, but has since been rebranded as The Landing . It consists of an eight-story building featuring 222 studio, one-, and tw",valid,title/source/url metadata are internally consistent,Development Activity,,repeat_penalized,,,,,2026-08-07,2026-08-10,3,fresh_0_3d,fresh,published date parsed; article age 3 day(s),58,access_limited,,,,Entitlement / Permitting - Texas - Completion nears for mixed-use project at 939 W. Manchester Blvd. in Inglewood,Texas,Texas,Affordable Housing,JPI,Unknown,Delivery / Opening,construction_delivery_watch,matched completion,Delivery / Opening,Mature / Operating,13,100,Unknown Timing,Low,Low,Low,Medium,Relevant to underwriting benchmark,"Benchmark delivery, lease-up, occupancy, and rent assumptions",Delivery / Opening; Entitlement Play; No explicit timing reference,Completion nears for mixed-use project at 939 W. Manchester Blvd. in Inglewood,Urbanize LA,https://la.urbanize.city/post/completion-nears-mixed-use-project-939-w-manchester-blvd-inglewood,High
2026-08-10,20260810-233522-b4607a70,PRJ-20260810-0151,Acquisition - Seattle - Pacific Urban Acquires Seattle Multifamily Apartment Community A’Capella Apartment Homes f...,100,LC-20260810-007,art_d60cbe49b3ce0105,Pacific Urban Acquires Seattle Multifamily Apartment Community A’Capella Apartment Homes for $112M,https://yieldpro.com/2026/08/acapella-apartment-homes/,"Fri, 07 Aug 2026 21:20:43 +0000","Deal boom News Pacific region Facebook Twitter Linkedin Weidner Apartment Homes has sold A’Capella Apartment Homes , a 387-unit community in Lynnwood, Wash., for $112 million. Pacific Urban Investors acquired the asset, according to The Registry. CBRE represented the seller. Completed in 1989 and previously known as Larch Alderwood, A’Capella occupies nearly 17 acres at 15001 35th Ave. W., just off Washington State Route 525 and near Pacific Highway. Downtown Seattle is roughly 21 miles south, v",valid,title/source/url metadata are internally consistent,Development Activity,GP / Capital Activity,repeat_penalized,,,,,2026-08-07,2026-08-10,3,fresh_0_3d,fresh,published date parsed; article age 3 day(s),40,open,,,,Acquisition - Seattle - Pacific Urban Acquires Seattle Multifamily Apartment Community A’Capella Apartment Homes f...,Seattle,Seattle,Apartment,CBRE,CBRE,Delivery / Opening,excluded,transaction / capital guard: acquisition,Delivery / Opening,Mature / Operating,9,100,Unknown Timing,Low,Low,Low,Medium,Relevant to underwriting benchmark,"Benchmark delivery, lease-up, occupancy, and rent assumptions",Delivery / Opening; Completed / opened; Lease-Up / Delivery; Completed,Pacific Urban Acquires Seattle Multifamily Apartment Community A’Capella Apartment Homes for $112M,Yield PRO,https://yieldpro.com/2026/08/acapella-apartment-homes/,High
2026-08-10,20260810-233522-b4607a70,PRJ-20260810-0077,Disposition / Exit - Riverside / California - Institutional Property Advisors Brokers Inland Empire Multifamily Sale in Paloma Californi...,100,LC-20260810-015,art_ed5463605da1cdbf,Institutional Property Advisors Brokers Inland Empire Multifamily Sale in Paloma California,https://yieldpro.com/2026/08/foothill-boulevard-state-route-66/,"Sat, 08 Aug 2026 15:20:44 +0000","Deal boom News Facebook Twitter Linkedin Institutional Property Advisors (IPA) , a division of Marcus & Millichap (NYSE: MMI) dedicated to serving the company’s institutional clients, announced the sale of Terramonte at Foothill , a 138-unit multifamily asset in Pomona, California. The $36.7 million sales price represents $265,942 per unit. “The sale is one of only four 100-plus-unit, market-rate multifamily transactions to have occurred in Pomona over the last five years,” said Kevin Green IPA ",suspicious_mismatch,title/source/url metadata are internally consistent; title and original_url slug appear to reference different articles,Development Activity,GP / Capital Activity,acceptable_repeat,,,,,2026-08-08,2026-08-10,2,fresh_0_3d,fresh,published date parsed; article age 2 day(s),74,open,,,,Disposition / Exit - Riverside / California - Institutional Property Advisors Brokers Inland Empire Multifamily Sale in Paloma Californi...,California,Inland Empire,Multifamily,IPA,Unknown,Site Acquisition / Site Control,excluded,transaction / capital guard: disposition,Site Acquisition / Site Control,Reappearing,9,100,Unknown Timing,Low,Low,Low,Low,Relevant to acquisition / JV timing,Monitor lifecycle signal for repeated confirmation,Site Acquisition / Site Control; General Asset Signal; No explicit timing reference,Institutional Property Advisors Brokers Inland Empire Multifamily Sale in Paloma California,Yield PRO,https://yieldpro.com/2026/08/foothill-boulevard-state-route-66/,High
2026-08-10,20260810-233522-b4607a70,PRJ-20260810-0042,"General Project Signal - Atlanta / Georgia - Core Spaces to Build 1,600 Student Housing Beds with Hub Athens Dougherty Near the Univers...",100,LC-20260810-005,art_b184a61c9222e035,"Core Spaces to Build 1,600 Student Housing Beds with Hub Athens Dougherty Near the University of Georgia in Athens",https://yieldpro.com/2026/08/hub-athens-dougherty/,"Fri, 07 Aug 2026 21:14:22 +0000","Deal boom Midwest-South region News Facebook Twitter Linkedin Core Spaces has broken ground on Hub Athens Dougherty , a 536-unit, 1,656-bed a mid-rise student housing community near the University of Georgia in Athens, Ga. The mixed-use development is expected to deliver in 2028. Affinius Capital provided financing for the development in a deal arranged by TSB Capital Partners. The project is expected to cost more than $150 million, according to the Atlanta Business Chronicle. When it comes to m",valid,title/source/url metadata are internally consistent,Development Activity,,acceptable_repeat,,,,,2026-08-07,2026-08-10,3,fresh_0_3d,fresh,published date parsed; article age 3 day(s),70,open,,,,"General Project Signal - Atlanta / Georgia - Core Spaces to Build 1,600 Student Housing Beds with Hub Athens Dougherty Near the Univers...",Unknown,Atlanta,Student Housing,Affinius Capital,Unknown,Site Acquisition / Site Control,site_parcel_activity,site/parcel signal with project anchor: to build,Site Acquisition / Site Control,Reappearing,9,100,Unknown Timing,Low,Low,Low,Low,Relevant to acquisition / JV timing,Monitor lifecycle signal for repeated confirmation,Site Acquisition / Site Control; Acquisition / Site Control; No explicit timing reference,"Core Spaces to Build 1,600 Student Housing Beds with Hub Athens Dougherty Near the University of Georgia in Athens",Yield PRO,https://yieldpro.com/2026/08/hub-athens-dougherty/,High
2026-08-10,20260810-233522-b4607a70,PRJ-20260810-0043,Development Start - Atlanta / Georgia - Financing Secured for Centennial Yards Mixed-Use Project,100,LC-20260810-071,art_d7d8176bdd750a59,Financing Secured for Centennial Yards Mixed-Use Project,https://www.connectcre.com/stories/financing-secured-for-centennial-yards-mixed-use-project/,"Mon, 13 Jul 2026 14:23:26 +0000","Atlanta & Southeast News In Your Inbox Sign up for Connect emails to stay informed with CRE stories that are 150 words or less. Atlanta & Southeast + Atlanta + Apartments | July 13, 2026 By: Mike Boyd Financing Secured for Centennial Yards Mixed-Use Project Centennial Yards Co. plans to build a 12-story building with approximately 280 apartments, 62,000 square feet of retail space and a 509-space parking garage. A CIM Group subsidiary is still ironing out last minute details before construction ",valid,title/source/url metadata are internally consistent,Development Activity,GP / Capital Activity,repeat_penalized,,,,,2026-07-13,2026-08-10,28,old_31d_plus,old,published date parsed; article age 28 day(s),5,open,,,,Development Start - Atlanta / Georgia - Financing Secured for Centennial Yards Mixed-Use Project,Unknown,Atlanta,Mixed-Use Residential,CIM Group,Unknown,Construction Ready,excluded,transaction / capital guard: financing,Construction Ready,Reappearing,4,100,Unknown Timing,Low,Medium,Medium,Low,High relevance to development timing,"Monitor permit issuance, financing, and construction-start timing",Construction Ready; Development Start; No explicit timing reference,Financing Secured for Centennial Yards Mixed-Use Project,Connect CRE Atlanta,https://www.connectcre.com/stories/financing-secured-for-centennial-yards-mixed-use-project/,High
2026-08-10,20260810-233522-b4607a70,PRJ-20260810-0061,General Project Signal - Dallas / Texas - Fairfield Residential Completes 340-Unit Multifamily Project in Houston’s Montrose Distric...,100,LC-20260810-011,art_1c260eb4ec8cc677,Fairfield Residential Completes 340-Unit Multifamily Project in Houston’s Montrose District,https://rebusinessonline.com/fairfield-residential-completes-340-unit-multifamily-project-in-houstons-montrose-district/,2026-08-10T13:49:07Z,"The site of the new apartment building at 1010 Waugh Drive in Houston's Montrose district formerly housed a single-story commercial building. Development Multifamily Texas Fairfield Residential Completes 340-Unit Multifamily Project in Houston’s Montrose District by Taylor Williams August 10, 2026 August 10, 2026 2 HOUSTON — Fairfield Residential has completed 1010 Waugh, a 340-unit multifamily project in Houston’s Montrose district. Designed by Dallas-based KTGY, the 14-story building offers st",valid,title/source/url metadata are internally consistent,Development Activity,,new_or_fresh,,,,,2026-08-10,2026-08-10,,fresh_0_3d,fresh,published date parsed; article age 0 day(s),100,open,,,,General Project Signal - Dallas / Texas - Fairfield Residential Completes 340-Unit Multifamily Project in Houston’s Montrose Distric...,Unknown,Dallas,Apartment,Fairfield Residential,Unknown,Delivery / Opening,construction_delivery_watch,matched completed,,Mature / Operating,9,96,Unknown Timing,Low,Low,Low,Medium,Relevant to underwriting benchmark,"Benchmark delivery, lease-up, occupancy, and rent assumptions",Delivery / Opening; Completed / opened; Lease-Up / Delivery; completed,Fairfield Residential Completes 340-Unit Multifamily Project in Houston’s Montrose District,REBusiness Online,https://rebusinessonline.com/fairfield-residential-completes-340-unit-multifamily-project-in-houstons-montrose-district/,High
2026-08-10,20260810-233522-b4607a70,PRJ-20260810-0051,Disposition / Exit - California - Costa Mesa Multifamily Changes Hands for Value-Add Repositioning,100,LC-20260810-006,art_6595ac6c3493f1ac,Costa Mesa Multifamily Changes Hands for Value-Add Repositioning,https://www.connectcre.com/stories/costa-mesa-multifamily-changes-hands-for-value-add-repositioning/,"Wed, 29 Jul 2026 21:36:05 +0000","California CRE News In Your Inbox. Sign up for Connect emails to stay informed with CRE stories that are 150 words or less. California + Orange County + Apartments | July 29, 2026 By: Paul Bubny Costa Mesa Multifamily Changes Hands for Value-Add Repositioning Marcus & Millichap finalized the sale of 1990 Maple Ave., a 41-unit multifamily property in Costa Mesa. The property sold for $16.9 million or $412,195 per unit, approximately $550,000 above the property’s 2018 selling price. “Sundance West",valid,title/source/url metadata are internally consistent,Development Activity,GP / Capital Activity,repeat_penalized,,,,,2026-07-29,2026-08-10,12,recent_4_14d,recent,published date parsed; article age 12 day(s),55,open,,,,Disposition / Exit - California - Costa Mesa Multifamily Changes Hands for Value-Add Repositioning,California,California,Apartment,Marcus & Millichap,Unknown,Unknown Stage,excluded,transaction / capital guard: disposition,Unknown Stage,Reappearing,22,95,Unknown Timing,Unknown,Unknown,Unknown,Unknown,General monitoring,Monitor lifecycle signal for repeated confirmation,Unknown Stage; General Asset Signal; No explicit timing reference,Costa Mesa Multifamily Changes Hands for Value-Add Repositioning,Connect CRE Orange County,https://www.connectcre.com/stories/costa-mesa-multifamily-changes-hands-for-value-add-repositioning/,High
2026-08-10,20260810-233522-b4607a70,PRJ-20260810-0067,BTR / Build-to-Rent - Florida - Berkadia Arranges $19.1M in Acquisition Financing for Build-to-Rent Community in St. Cloud...,100,LC-20260810-017,art_ffb674cf5cebd3fd,"Berkadia Arranges $19.1M in Acquisition Financing for Build-to-Rent Community in St. Cloud, Florida",https://rebusinessonline.com/berkadia-arranges-19-1m-in-acquisition-financing-for-build-to-rent-community-in-st-cloud-florida/,2026-08-10T13:53:41Z,"Ibis Park at Harmony West in St. Cloud, Fla., offers 101 single-family rental homes. Acquisitions Build-to-Rent Florida Loans Southeast Berkadia Arranges $19.1M in Acquisition Financing for Build-to-Rent Community in St. Cloud, Florida by Abby Cox August 10, 2026 August 10, 2026 2 ST. CLOUD, FLA. — Berkadia has arranged $19.1 million in acquisition financing for Ibis Park at Harmony West, a newly constructed, build-to-rent (BTR) residential community located at 7110 Sandhill Crane Way in St. Clo",valid,title/source/url metadata are internally consistent,Development Activity,GP / Capital Activity,new_or_fresh,True,address/street: 2026 2 st; project/asset term: community; project financing tied to anchor: acquisition financing,high,Project Financing / Capital Event,2026-08-10,2026-08-10,0,fresh_0_3d,fresh,published date parsed; article age 0 day(s),100,open,,,,"Berkadia Arranges $19.1M in Acquisition Financing for Build-to-Rent Community in St. Cloud, Florida",Florida,Unknown,BTR / Single-Family Rental,Berkadia,Unknown,Unknown Stage,excluded,transaction / capital guard: acquisition,,Unknown,36,94,Unknown Timing,Unknown,Unknown,Unknown,Unknown,General monitoring,Monitor lifecycle signal for repeated confirmation,Unknown Stage; General Asset Signal; 2026,"Berkadia Arranges $19.1M in Acquisition Financing for Build-to-Rent Community in St. Cloud, Florida",REBusiness Online,https://rebusinessonline.com/berkadia-arranges-19-1m-in-acquisition-financing-for-build-to-rent-community-in-st-cloud-florida/,High
2026-08-10,20260810-233522-b4607a70,PRJ-20260810-0160,General Project Signal - Southeast - Mixed-use project rises at 6700 Pacific Coast Highway in Long Beach,100,LC-20260810-013,art_ec706d254e0b3fca,Mixed-use project rises at 6700 Pacific Coast Highway in Long Beach,https://la.urbanize.city/post/mixed-use-project-rises-6700-pacific-coast-highway-long-beach,"Thu, 06 Aug 2026 13:15:00 +0000","Mixed-use project rises at 6700 Pacific Coast Highway in Long Beach | Urbanize LA Skip to main content Advertisement Advertisement Eight months since we last checked in, wood framing is nearing its peak for a mixed-use development from Holland Partner Group at the far southeast corner of Long Beach . Located at 6700 Pacific Coast Highway, the project replaces an office building with a 590,000-square-foot development containing 281 studio, one-, two-, and three-bedroom apartments, 3,100 square fe",valid,title/source/url metadata are internally consistent,Development Activity,Market Intelligence,repeat_penalized,,,,,2026-08-06,2026-08-10,4,fresh_0_3d,fresh,published date parsed; article age 4 day(s),58,access_limited,,,,General Project Signal - Southeast - Mixed-use project rises at 6700 Pacific Coast Highway in Long Beach,Southeast,Southeast,Mixed-Use Residential,Holland Partner Group,Unknown,Unknown Stage,construction_delivery_watch,matched development / asset strategy execution,Unknown Stage,Reappearing,20,91,Unknown Timing,Unknown,Unknown,Unknown,Unknown,General monitoring,Monitor lifecycle signal for repeated confirmation,Unknown Stage; General Asset Signal; No explicit timing reference,Mixed-use project rises at 6700 Pacific Coast Highway in Long Beach,Urbanize LA,https://la.urbanize.city/post/mixed-use-project-rises-6700-pacific-coast-highway-long-beach,High
2026-08-10,20260810-233522-b4607a70,PRJ-20260810-0151,Acquisition - Seattle - Pacific Urban Acquires Seattle Multifamily Apartment Community A’Capella Apartment Homes f...,100,LC-20260810-063,art_d60cbe49b3ce0105,Pacific Urban Acquires Seattle Multifamily Apartment Community A’Capella Apartment Homes for $112M,https://yieldpro.com/2026/08/acapella-apartment-homes/,"Fri, 07 Aug 2026 21:20:43 +0000","Deal boom News Pacific region Facebook Twitter Linkedin Weidner Apartment Homes has sold A’Capella Apartment Homes , a 387-unit community in Lynnwood, Wash., for $112 million. Pacific Urban Investors acquired the asset, according to The Registry. CBRE represented the seller. Completed in 1989 and previously known as Larch Alderwood, A’Capella occupies nearly 17 acres at 15001 35th Ave. W., just off Washington State Route 525 and near Pacific Highway. Downtown Seattle is roughly 21 miles south, v",valid,title/source/url metadata are internally consistent,Development Activity,GP / Capital Activity,repeat_penalized,True,unit/site count: 387-unit; address/street: 17 acres at 15001 35th ave; project/asset term: community,high,Project / Asset,2026-08-07,2026-08-10,3,fresh_0_3d,fresh,published date parsed; article age 3 day(s),40,open,,,,Pacific Urban Acquires Seattle Multifamily Apartment Community A’Capella Apartment Homes for $112M,Seattle,Seattle,Apartment,CBRE,Unknown,Delivery / Opening,excluded,transaction / capital guard: acquired,Delivery / Opening,Mature / Operating,9,90,Unknown Timing,Low,Low,Low,Medium,Relevant to underwriting benchmark,"Benchmark delivery, lease-up, occupancy, and rent assumptions",Delivery / Opening; Completed / opened; Lease-Up / Delivery; No explicit timing reference,Pacific Urban Acquires Seattle Multifamily Apartment Community A’Capella Apartment Homes for $112M,Yield PRO,https://yieldpro.com/2026/08/acapella-apartment-homes/,High
2026-08-10,20260810-233522-b4607a70,PRJ-20260810-0070,Affordable housing takes shape at 1332 and 1346 N. Fairfax Avenue,80,LC-20260810-033,art_8c654132f2a85be6,Affordable housing takes shape at 1332 and 1346 N. Fairfax Avenue,https://la.urbanize.city/post/affordable-housing-takes-shape-1332-and-1346-n-fairfax-avenue,"Fri, 07 Aug 2026 13:05:00 +0000","Affordable housing takes shape at 1332 and 1346 N. Fairfax Avenue | Urbanize LA Skip to main content Advertisement Advertisement On the border of Hollywood and West Hollywood, framing is taking shape for a pair of affordable housing projects from Los Angeles-based Taylor Equities . Located on the former site of two single-family homes at 1332 and 1346 N. Fairfax Avenue , the project consists of two four-story buildings containing 26 low- and moderate-income apartments (52 in total) without on-si",valid,title/source/url metadata are internally consistent,Development Activity,Market Intelligence,repeat_penalized,True,address/street: 1332 and 1346 n. fairfax avenue; site/parcel signal: site; project/asset term: project,high,Approval / Entitlement,2026-08-07,2026-08-10,3,fresh_0_3d,fresh,published date parsed; article age 3 day(s),58,access_limited,,,,Affordable housing takes shape at 1332 and 1346 N. Fairfax Avenue,Los Angeles / California,Hollywood,Affordable Housing,,Unknown,Site Acquisition / Site Control,site_parcel_activity,site/parcel signal with project anchor: former site,Site Acquisition / Site Control,Reappearing,10,88,Unknown Timing,Low,Low,Low,Low,Relevant to acquisition / JV timing,Monitor lifecycle signal for repeated confirmation,Site Acquisition / Site Control; Affordable / Density Bonus Strategy; No explicit timing reference,Affordable housing takes shape at 1332 and 1346 N. Fairfax Avenue,Urbanize LA,https://la.urbanize.city/post/affordable-housing-takes-shape-1332-and-1346-n-fairfax-avenue,High
2026-08-10,20260810-233522-b4607a70,PRJ-20260810-0066,"Acquisition - Denver / Colorado - Monarch Investment Sells 153-Unit Fox Hill Apartments in Golden, Colorado",100,LC-20260810-009,art_5abdaa0f846e855c,"Monarch Investment Sells 153-Unit Fox Hill Apartments in Golden, Colorado",https://rebusinessonline.com/monarch-investment-sells-153-unit-fox-hill-apartments-in-golden-colorado/,2026-08-10T13:15:11Z,"Fox Hill Apartments in Golden, Colo., offers 153 apartments. Acquisitions Colorado Multifamily Western Monarch Investment Sells 153-Unit Fox Hill Apartments in Golden, Colorado by Amy Works August 10, 2026 August 10, 2026 3 GOLDEN, COLO. — Monarch Investment & Management Group has sold Fox Hill Apartments, a 153-unit garden-style multifamily community located west of Denver in Golden. Sierra Parkway Communities acquired the asset for $32 million. Jordan Robbins, Wick Kirby, Alex Possick and Seth",valid,title/source/url metadata are internally consistent,Development Activity,GP / Capital Activity,new_or_fresh,,,,,2026-08-10,2026-08-10,,fresh_0_3d,fresh,published date parsed; article age 0 day(s),100,open,,,,"Acquisition - Denver / Colorado - Monarch Investment Sells 153-Unit Fox Hill Apartments in Golden, Colorado",Unknown,Denver,Apartment,JLL,JLL,Unknown Stage,excluded,transaction / capital guard: sells,,Reappearing,21,87,Unknown Timing,Unknown,Unknown,Unknown,Unknown,General monitoring,Monitor lifecycle signal for repeated confirmation,Unknown Stage; General Asset Signal; No explicit timing reference,"Monarch Investment Sells 153-Unit Fox Hill Apartments in Golden, Colorado",REBusiness Online,https://rebusinessonline.com/monarch-investment-sells-153-unit-fox-hill-apartments-in-golden-colorado/,High
2026-08-10,20260810-233522-b4607a70,PRJ-20260810-0076,Completion nears for mixed-use project at 939 W. Manchester Blvd. in Inglewood,80,LC-20260810-034,art_0e090711e3965065,Completion nears for mixed-use project at 939 W. Manchester Blvd. in Inglewood,https://la.urbanize.city/post/completion-nears-mixed-use-project-939-w-manchester-blvd-inglewood,"Fri, 07 Aug 2026 13:15:00 +0000","Completion nears for mixed-use project at 939 W. Manchester Blvd. in Inglewood | Urbanize LA Skip to main content Advertisement Advertisement In Inglewood , construction is in the home stretch for a mixed-use apartment complex Texas-based developer JPI. The project, which replaced a car wash near the K Line at 939 W. Manchester Boulevard , was originally known as the Jefferson, but has since been rebranded as The Landing . It consists of an eight-story building featuring 222 studio, one-, and tw",valid,title/source/url metadata are internally consistent,Development Activity,,repeat_penalized,True,address/street: 939 w. manchester blvd; project/asset term: project,high,Approval / Entitlement,2026-08-07,2026-08-10,3,fresh_0_3d,fresh,published date parsed; article age 3 day(s),58,access_limited,,,,Completion nears for mixed-use project at 939 W. Manchester Blvd. in Inglewood,Texas,Inglewood,Affordable Housing,,Unknown,Delivery / Opening,construction_delivery_watch,matched completion,Delivery / Opening,Mature / Operating,10,87,Unknown Timing,Low,Low,Low,Medium,Relevant to underwriting benchmark,"Benchmark delivery, lease-up, occupancy, and rent assumptions",Delivery / Opening; General Asset Signal; No explicit timing reference,Completion nears for mixed-use project at 939 W. Manchester Blvd. in Inglewood,Urbanize LA,https://la.urbanize.city/post/completion-nears-mixed-use-project-939-w-manchester-blvd-inglewood,High
2026-08-10,20260810-233522-b4607a70,PRJ-20260810-0158,BTR / Build-to-Rent - Florida - Berkadia Arranges $19.1M in Acquisition Financing for Build-to-Rent Community in St. Cloud...,100,LC-20260810-012,art_ffb674cf5cebd3fd,"Berkadia Arranges $19.1M in Acquisition Financing for Build-to-Rent Community in St. Cloud, Florida",https://rebusinessonline.com/berkadia-arranges-19-1m-in-acquisition-financing-for-build-to-rent-community-in-st-cloud-florida/,2026-08-10T13:53:41Z,"Ibis Park at Harmony West in St. Cloud, Fla., offers 101 single-family rental homes. Acquisitions Build-to-Rent Florida Loans Southeast Berkadia Arranges $19.1M in Acquisition Financing for Build-to-Rent Community in St. Cloud, Florida by Abby Cox August 10, 2026 August 10, 2026 2 ST. CLOUD, FLA. — Berkadia has arranged $19.1 million in acquisition financing for Ibis Park at Harmony West, a newly constructed, build-to-rent (BTR) residential community located at 7110 Sandhill Crane Way in St. Clo",valid,title/source/url metadata are internally consistent,Development Activity,GP / Capital Activity,new_or_fresh,,,,,2026-08-10,2026-08-10,,fresh_0_3d,fresh,published date parsed; article age 0 day(s),100,open,,,,BTR / Build-to-Rent - Florida - Berkadia Arranges $19.1M in Acquisition Financing for Build-to-Rent Community in St. Cloud...,Florida,Southeast,BTR / Single-Family Rental,Berkadia,Berkadia,Unknown Stage,excluded,transaction / capital guard: acquisition,,Reappearing,43,85,Unknown Timing,Unknown,Unknown,Unknown,Unknown,General monitoring,Monitor lifecycle signal for repeated confirmation,Unknown Stage; General Asset Signal; No explicit timing reference,"Berkadia Arranges $19.1M in Acquisition Financing for Build-to-Rent Community in St. Cloud, Florida",REBusiness Online,https://rebusinessonline.com/berkadia-arranges-19-1m-in-acquisition-financing-for-build-to-rent-community-in-st-cloud-florida/,High
2026-08-10,20260810-233522-b4607a70,PRJ-20260810-0062,Fairfield Residential Completes 340-Unit Multifamily Project in Houston’s Montrose District,80,LC-20260810-048,art_1c260eb4ec8cc677,Fairfield Residential Completes 340-Unit Multifamily Project in Houston’s Montrose District,https://rebusinessonline.com/fairfield-residential-completes-340-unit-multifamily-project-in-houstons-montrose-district/,2026-08-10T13:49:07Z,"The site of the new apartment building at 1010 Waugh Drive in Houston's Montrose district formerly housed a single-story commercial building. Development Multifamily Texas Fairfield Residential Completes 340-Unit Multifamily Project in Houston’s Montrose District by Taylor Williams August 10, 2026 August 10, 2026 2 HOUSTON — Fairfield Residential has completed 1010 Waugh, a 340-unit multifamily project in Houston’s Montrose district. Designed by Dallas-based KTGY, the 14-story building offers st",valid,title/source/url metadata are internally consistent,Development Activity,,new_or_fresh,True,unit/site count: 340-unit; address/street: 1010 waugh drive; site/parcel signal: site; project/asset term: project,high,Project / Asset,2026-08-10,2026-08-10,0,fresh_0_3d,fresh,published date parsed; article age 0 day(s),100,open,,,,Fairfield Residential Completes 340-Unit Multifamily Project in Houston’s Montrose District,Dallas / Texas,Dallas,Apartment,,Unknown,Delivery / Opening,construction_delivery_watch,matched completed,,Mature / Operating,9,84,Unknown Timing,Low,Low,Low,Medium,Relevant to underwriting benchmark,"Benchmark delivery, lease-up, occupancy, and rent assumptions",Delivery / Opening; Completed / opened; Lease-Up / Delivery; 2026,Fairfield Residential Completes 340-Unit Multifamily Project in Houston’s Montrose District,REBusiness Online,https://rebusinessonline.com/fairfield-residential-completes-340-unit-multifamily-project-in-houstons-montrose-district/,High
2026-08-10,20260810-233522-b4607a70,PRJ-20260810-0047,Construction Financing - Atlanta / Georgia - Developer Duo Obtains Construction Financing for $147M Atlanta Student Housing Project,80,LC-20260810-021,art_e15236bfa6c1e7f9,Brook Farm Group Lands $73M Refinance of Luxury Multifamily Development Sinclair at Callaway Farm in Georgia,https://yieldpro.com/2026/08/sinclair-at-callaway-farm-2/,"Sat, 08 Aug 2026 16:01:35 +0000","Deal boom Midwest-South region News Facebook Twitter Linkedin Brook Farm Group has refinanced The Sinclair at Callaway Farm , a 388-unit, Class A multifamily community in Covington, GA. The development includes 11 residential buildings and a clubhouse set in a natural setting with mature trees, water features, and luxury amenities. It is located at 10500 Callaway Drive, along the I-20 growth corridor in the Atlanta market. The $73M refinancing from Prime Finance replaces the initial construction",valid,title/source/url metadata are internally consistent,Development Activity,GP / Capital Activity,acceptable_repeat,,,,,2026-08-08,2026-08-10,2,fresh_0_3d,fresh,published date parsed; article age 2 day(s),74,open,,,,Refinancing - Atlanta / Georgia - Brook Farm Group Lands $73M Refinance of Luxury Multifamily Development Sinclair at Callaw...,Unknown,Atlanta,Multifamily,Unknown,Unknown,Refinancing / Recapitalization,excluded,transaction / capital guard: refinance,Refinancing / Recapitalization,Mature / Operating,57,83,Unknown Timing,Low,High,Low,Low,Relevant to acquisition / JV timing,"Track lender, maturity, debt terms, and recapitalization need",Refinancing / Recapitalization; Refinancing / Recapitalization; No explicit timing reference,Brook Farm Group Lands $73M Refinance of Luxury Multifamily Development Sinclair at Callaway Farm in Georgia,Yield PRO,https://yieldpro.com/2026/08/sinclair-at-callaway-farm-2/,High
2026-08-10,20260810-233522-b4607a70,PRJ-20260810-0167,Recapitalization - Other / Unknown - Berkadia Arranges Recapitalization of MF Within Chicago MSA,100,LC-20260810-028,art_534fb361fdd31054,Berkadia Arranges Recapitalization of MF Within Chicago MSA,https://www.connectcre.com/stories/berkadia-arranges-recapitalization-of-mf-within-chicago-msa/,"Fri, 07 Aug 2026 18:44:58 +0000","Chicago & Midwest CRE News In Your Inbox. Sign up for Connect emails to stay informed with CRE stories that are 150 words or less. Chicago & Midwest + Greater Chicagoland + Apartments | August 7, 2026 By: Jasmine Kilman Berkadia Arranges Recapitalization of MF Within Chicago MSA Berkadia announced the recapitalization of Enclave at 127th, a 340-unit value-add apartment community in Plainfield, Illinois. Senior Managing Directors Gordon Reynolds and Brian Myers of Berkadia Strategic Capital and P",valid,title/source/url metadata are internally consistent,Development Activity,GP / Capital Activity,acceptable_repeat,,,,,2026-08-07,2026-08-10,3,fresh_0_3d,fresh,published date parsed; article age 3 day(s),70,open,,,,Recapitalization - Other / Unknown - Berkadia Arranges Recapitalization of MF Within Chicago MSA,Unknown,Unknown,Apartment,Berkadia,Berkadia,Refinancing / Recapitalization,excluded,excluded financing-only article: recapitalization,Refinancing / Recapitalization,Mature / Operating,49,83,Unknown Timing,Low,High,Low,Low,Relevant to acquisition / JV timing,"Track lender, maturity, debt terms, and recapitalization need",Refinancing / Recapitalization; Refinancing / Recapitalization; No explicit timing reference,Berkadia Arranges Recapitalization of MF Within Chicago MSA,Connect CRE Apartments,https://www.connectcre.com/stories/berkadia-arranges-recapitalization-of-mf-within-chicago-msa/,High
2026-08-10,20260810-233522-b4607a70,PRJ-20260810-0043,Development Start - Atlanta / Georgia - Financing Secured for Centennial Yards Mixed-Use Project,100,LC-20260810-080,art_d7d8176bdd750a59,Financing Secured for Centennial Yards Mixed-Use Project,https://www.connectcre.com/stories/financing-secured-for-centennial-yards-mixed-use-project/,"Mon, 13 Jul 2026 14:23:26 +0000","Atlanta & Southeast News In Your Inbox Sign up for Connect emails to stay informed with CRE stories that are 150 words or less. Atlanta & Southeast + Atlanta + Apartments | July 13, 2026 By: Mike Boyd Financing Secured for Centennial Yards Mixed-Use Project Centennial Yards Co. plans to build a 12-story building with approximately 280 apartments, 62,000 square feet of retail space and a 509-space parking garage. A CIM Group subsidiary is still ironing out last minute details before construction ",valid,title/source/url metadata are internally consistent,Development Activity,GP / Capital Activity,repeat_penalized,True,unit/site count: 12-story; execution milestone: construction start; project/asset term: project,high,Construction Start,2026-07-13,2026-08-10,28,old_31d_plus,old,published date parsed; article age 28 day(s),5,open,,,,Financing Secured for Centennial Yards Mixed-Use Project,Atlanta / Georgia,Atlanta,Mixed-Use Residential,CIM Group,Unknown,Site Acquisition / Site Control,site_parcel_activity,site/parcel signal with project anchor: plans to build,Site Acquisition / Site Control,Reappearing,4,82,Unknown Timing,Low,Low,Low,Low,Relevant to acquisition / JV timing,Monitor lifecycle signal for repeated confirmation,Site Acquisition / Site Control; Acquisition / Site Control; 2026,Financing Secured for Centennial Yards Mixed-Use Project,Connect CRE Atlanta,https://www.connectcre.com/stories/financing-secured-for-centennial-yards-mixed-use-project/,High
2026-08-10,20260810-233522-b4607a70,PRJ-20260810-0068,Affordable housing nears the finish like at 515 Pioneer Dr. in Glendale,80,LC-20260810-032,art_f96b7f50e1f2906e,Affordable housing nears the finish like at 515 Pioneer Dr. in Glendale,https://la.urbanize.city/post/affordable-housing-nears-finish-515-pioneer-dr-glendale,"Fri, 07 Aug 2026 13:10:00 +0000","Affordable housing nears the finish like at 515 Pioneer Dr. in Glendale | Urbanize LA Skip to main content Advertisement Advertisement Just south of the SR-134 Freeway, Linc Housing Corp. is nearing the finish line on what will be the largest affordable housing complex in the history of the City of Glendale . The Pioneer Village project, a joint venture with National CORE , is now taking shape on a former AT&T site at 515 Pioneer Drive which Glendale acquired in 2019 . Per a social media post fr",suspicious_duplicate,source-feed signal bleed suspected,Development Activity,GP / Capital Activity; Market Intelligence,repeat_penalized,True,address/street: 515 pioneer dr; site/parcel signal: site; project/asset term: project,high,Project / Asset,2026-08-07,2026-08-10,3,fresh_0_3d,fresh,published date parsed; article age 3 day(s),38,access_limited,,,,Affordable housing nears the finish like at 515 Pioneer Dr. in Glendale,California,Glendale,Affordable Housing,Unknown,Unknown,Site Acquisition / Site Control,excluded,transaction / capital guard: acquired,Site Acquisition / Site Control,Reappearing,23,81,Unknown Timing,Low,Low,Low,Low,Relevant to acquisition / JV timing,Monitor lifecycle signal for repeated confirmation,Site Acquisition / Site Control; Affordable / Density Bonus Strategy; in 2019,Affordable housing nears the finish like at 515 Pioneer Dr. in Glendale,Urbanize LA,https://la.urbanize.city/post/affordable-housing-nears-finish-515-pioneer-dr-glendale,High
2026-08-10,20260810-233522-b4607a70,PRJ-20260810-0045,Construction Financing - Atlanta / Georgia - Developer Duo Obtains Construction Financing for $147M Atlanta Student Housing Project,80,LC-20260810-035,art_e15236bfa6c1e7f9,Brook Farm Group Lands $73M Refinance of Luxury Multifamily Development Sinclair at Callaway Farm in Georgia,https://yieldpro.com/2026/08/sinclair-at-callaway-farm-2/,"Sat, 08 Aug 2026 16:01:35 +0000","Deal boom Midwest-South region News Facebook Twitter Linkedin Brook Farm Group has refinanced The Sinclair at Callaway Farm , a 388-unit, Class A multifamily community in Covington, GA. The development includes 11 residential buildings and a clubhouse set in a natural setting with mature trees, water features, and luxury amenities. It is located at 10500 Callaway Drive, along the I-20 growth corridor in the Atlanta market. The $73M refinancing from Prime Finance replaces the initial construction",valid,title/source/url metadata are internally consistent,Development Activity,GP / Capital Activity,acceptable_repeat,True,unit/site count: 388-unit; address/street: 10500 callaway drive; project/asset term: development,high,Project Financing / Capital Event,2026-08-08,2026-08-10,2,fresh_0_3d,fresh,published date parsed; article age 2 day(s),74,open,,,,Brook Farm Group Lands $73M Refinance of Luxury Multifamily Development Sinclair at Callaway Farm in Georgia,Atlanta / Georgia,Atlanta,Multifamily,Unknown,Unknown,Refinancing / Recapitalization,excluded,transaction / capital guard: refinance,Refinancing / Recapitalization,Mature / Operating,50,80,Unknown Timing,Low,High,Low,Low,Relevant to acquisition / JV timing,"Track lender, maturity, debt terms, and recapitalization need",Refinancing / Recapitalization; Refinancing / Recapitalization; No explicit timing reference,Brook Farm Group Lands $73M Refinance of Luxury Multifamily Development Sinclair at Callaway Farm in Georgia,Yield PRO,https://yieldpro.com/2026/08/sinclair-at-callaway-farm-2/,High
2026-08-10,20260810-233522-b4607a70,PRJ-20260810-0057,Costa Mesa Multifamily Changes Hands for Value-Add Repositioning,80,LC-20260810-046,art_6595ac6c3493f1ac,Costa Mesa Multifamily Changes Hands for Value-Add Repositioning,https://www.connectcre.com/stories/costa-mesa-multifamily-changes-hands-for-value-add-repositioning/,"Wed, 29 Jul 2026 21:36:05 +0000","California CRE News In Your Inbox. Sign up for Connect emails to stay informed with CRE stories that are 150 words or less. California + Orange County + Apartments | July 29, 2026 By: Paul Bubny Costa Mesa Multifamily Changes Hands for Value-Add Repositioning Marcus & Millichap finalized the sale of 1990 Maple Ave., a 41-unit multifamily property in Costa Mesa. The property sold for $16.9 million or $412,195 per unit, approximately $550,000 above the property’s 2018 selling price. “Sundance West",valid,title/source/url metadata are internally consistent,Development Activity,GP / Capital Activity,repeat_penalized,True,unit/site count: 41-unit; address/street: 1990 maple ave; project/asset term: apartments,high,Project / Asset,2026-07-29,2026-08-10,12,recent_4_14d,recent,published date parsed; article age 12 day(s),55,open,,,,Costa Mesa Multifamily Changes Hands for Value-Add Repositioning,California,Costa Mesa,Apartment,,Unknown,Unknown Stage,excluded,transaction / capital guard: sale,Unknown Stage,Reappearing,22,80,Unknown Timing,Unknown,Unknown,Unknown,Unknown,General monitoring,Monitor lifecycle signal for repeated confirmation,Unknown Stage; General Asset Signal; 2026,Costa Mesa Multifamily Changes Hands for Value-Add Repositioning,Connect CRE Orange County,https://www.connectcre.com/stories/costa-mesa-multifamily-changes-hands-for-value-add-repositioning/,High
2026-08-10,20260810-233522-b4607a70,PRJ-20260810-0097,General Project Signal - New York City / New York - High Street Residential Tops Out on First Manhattan Development,100,LC-20260810-022,art_c1c1158161113e22,High Street Residential Tops Out on First Manhattan Development,https://www.connectcre.com/stories/high-street-residential-tops-out-on-first-manhattan-development/,"Mon, 10 Aug 2026 22:05:39 +0000","New York & Tri-State CRE News In Your Inbox. Sign up for Connect emails to stay informed with CRE stories that are 150 words or less. New York & Tri-State + Downtown New York + Apartments | August 10, 2026 By: Paul Bubny High Street Residential Tops Out on First Manhattan Development High Street Residential (HSR), the residential subsidiary of Trammell Crow Company, has topped out construction on the firm’s first Manhattan project, The Marq, a 25-story luxury residential tower in SoHo. Slated fo",valid,title/source/url metadata are internally consistent,Development Activity,,new_or_fresh,,,,,2026-08-10,2026-08-10,,fresh_0_3d,fresh,published date parsed; article age 0 day(s),100,open,,,,General Project Signal - New York City / New York - High Street Residential Tops Out on First Manhattan Development,Unknown,Manhattan,Apartment,High Street Residential,Unknown,Unknown Stage,construction_delivery_watch,matched development / asset strategy execution,,Reappearing,21,80,Unknown Timing,Unknown,Unknown,Unknown,Unknown,General monitoring,Monitor lifecycle signal for repeated confirmation,Unknown Stage; General Asset Signal; No explicit timing reference,High Street Residential Tops Out on First Manhattan Development,Connect CRE,https://www.connectcre.com/stories/high-street-residential-tops-out-on-first-manhattan-development/,High
2026-08-10,20260810-233522-b4607a70,PRJ-20260810-0106,General Project Signal - National - Equity Residential and AvalonBay: Inside the $71B Mega Multifamily Merger,100,LC-20260810-026,art_9af134f96fba36d3,Equity Residential and AvalonBay: Inside the $71B Mega Multifamily Merger,https://commercialobserver.com/2026/08/equity-residential-avalonbay-communities-inside-71b-mega-multifamily-merger/,"Mon, 10 Aug 2026 10:30:01 +0000","Residential · Multifamily National Finance · REITs Equity Residential and AvalonBay: Inside the $71B Mega Multifamily Merger The newly married firms must contend with corporate and geographic redundancies, earnings expectations and the possibility of government intervention By Brian Pascus August 10, 2026 6:30 am reprints PHOTO: Getty Images On May 21, shortly before Memorial Day weekend, participants in public real estate markets awoke to a truly remarkable headline. AvalonBay Communities , the",valid,title/source/url metadata are internally consistent,GP / Capital Activity,,new_or_fresh,,,,,2026-08-10,2026-08-10,,fresh_0_3d,fresh,published date parsed; article age 0 day(s),100,open,,,,General Project Signal - National - Equity Residential and AvalonBay: Inside the $71B Mega Multifamily Merger,Unknown,National,Apartment,AvalonBay,Unknown,Unknown Stage,construction_delivery_watch,matched development / asset strategy execution,,Reappearing,20,80,Unknown Timing,Unknown,Unknown,Unknown,Unknown,General monitoring,Monitor lifecycle signal for repeated confirmation,Unknown Stage; General Asset Signal; No explicit timing reference,Equity Residential and AvalonBay: Inside the $71B Mega Multifamily Merger,Commercial Observer,https://commercialobserver.com/2026/08/equity-residential-avalonbay-communities-inside-71b-mega-multifamily-merger/,High
2026-08-10,20260810-233522-b4607a70,PRJ-20260810-0115,JV / Partnership - New York - BFC Partners and SAA Canopy Group Joint Venture Secures $270M for Syracuse New York Afford...,80,LC-20260810-029,art_25301021c2f87286,Silver Arch Capital Provides $5.6M in Financing for Long Island Apartment Building,https://rebusinessonline.com/silver-arch-capital-provides-5-6m-in-financing-for-long-island-apartment-building/,2026-08-10T12:51:40Z,"Loans Multifamily New York Northeast Silver Arch Capital Provides $5.6M in Financing for Long Island Apartment Building by Taylor Williams August 10, 2026 August 10, 2026 4 HUNTINGTON STATION, N.Y. — Silver Arch Capital Partners, a New Jersey-based private lender, has provided $5.6 million in financing for a 16-unit apartment building in Huntington Station, located on Long Island. The building, the address of which was not disclosed, also includes two ground-floor retail spaces. The borrower is ",valid,title/source/url metadata are internally consistent,Development Activity,GP / Capital Activity,new_or_fresh,,,,,2026-08-10,2026-08-10,,fresh_0_3d,fresh,published date parsed; article age 0 day(s),100,open,,,,General Project Signal - New York - Silver Arch Capital Provides $5.6M in Financing for Long Island Apartment Building,New York,New York,Apartment,Unknown,Unknown,Site Acquisition / Site Control,excluded,transaction / capital guard: financing,,Reappearing,20,80,Unknown Timing,Low,Low,Low,Low,Relevant to acquisition / JV timing,Monitor lifecycle signal for repeated confirmation,Site Acquisition / Site Control; General Asset Signal; No explicit timing reference,Silver Arch Capital Provides $5.6M in Financing for Long Island Apartment Building,REBusiness Online,https://rebusinessonline.com/silver-arch-capital-provides-5-6m-in-financing-for-long-island-apartment-building/,High
2026-08-10,20260810-233522-b4607a70,PRJ-20260810-0064,Refinancing - Dallas / Texas - Nitya Refinances 432-Unit Dallas Rental Property,80,LC-20260810-039,art_e19390dff3182be3,Nitya Refinances 432-Unit Dallas Rental Property,https://www.connectcre.com/stories/nitya-refinances-432-unit-dallas-rental-property/,"Mon, 10 Aug 2026 18:09:59 +0000","Texas CRE News In Your Inbox. Sign up for Connect emails to stay informed with CRE stories that are 150 words or less. Texas + Dallas-Fort Worth + Apartments | August 10, 2026 By: Mike Boyd Nitya Refinances 432-Unit Dallas Rental Property Nitya Capital refinanced Interlace Apartments, a 432-unit multifamily community in Dallas, Texas, with Morgan Stanley. Nitya secured new institutional financing for the Interlace property at a double-digit debt yield, reflecting the substantial operating income",valid,title/source/url metadata are internally consistent,Development Activity,GP / Capital Activity,new_or_fresh,,,,,2026-08-10,2026-08-10,,fresh_0_3d,fresh,published date parsed; article age 0 day(s),100,open,,,,Refinancing - Dallas / Texas - Nitya Refinances 432-Unit Dallas Rental Property,Unknown,Dallas,Apartment,Unknown,Unknown,Refinancing / Recapitalization,excluded,transaction / capital guard: refinance,,Mature / Operating,58,79,Unknown Timing,Low,High,Low,Low,Relevant to acquisition / JV timing,"Track lender, maturity, debt terms, and recapitalization need",Refinancing / Recapitalization; Refinancing / Recapitalization; No explicit timing reference,Nitya Refinances 432-Unit Dallas Rental Property,Connect CRE Apartments,https://www.connectcre.com/stories/nitya-refinances-432-unit-dallas-rental-property/,High
2026-08-10,20260810-233522-b4607a70,PRJ-20260810-0049,Acquisition - California - Bascom Acquires Buena Park Apartments as Value-Add Deal,100,LC-20260810-072,art_af936828d39943e9,Bascom Acquires Buena Park Apartments as Value-Add Deal,https://www.connectcre.com/stories/bascom-acquires-buena-park-apartments-as-value-add-deal/,"Wed, 15 Jul 2026 20:53:23 +0000","California CRE News In Your Inbox. Sign up for Connect emails to stay informed with CRE stories that are 150 words or less. California + Orange County + Apartments | July 15, 2026 By: Paul Bubny Bascom Acquires Buena Park Apartments as Value-Add Deal The Bascom Group acquired Castlewood Park Apartments, a low-density, 183-unit value-add apartment community in Buena Park. The purchase price was $53,125,000, or $290,301 per unit. Brian Eisendrath, Cameron Chalfant, Jesse Zarouk, and Jake Vitta of ",valid,title/source/url metadata are internally consistent,Development Activity,GP / Capital Activity,repeat_penalized,,,,,2026-07-15,2026-08-10,26,old_31d_plus,old,published date parsed; article age 26 day(s),5,open,,,,Acquisition - California - Bascom Acquires Buena Park Apartments as Value-Add Deal,California,California,Apartment,Bascom Group,Unknown,Unknown Stage,excluded,transaction / capital guard: acquisition,Unknown Stage,Reappearing,12,79,Unknown Timing,Unknown,Unknown,Unknown,Unknown,General monitoring,Monitor lifecycle signal for repeated confirmation,Unknown Stage; General Asset Signal; No explicit timing reference,Bascom Acquires Buena Park Apartments as Value-Add Deal,Connect CRE Orange County,https://www.connectcre.com/stories/bascom-acquires-buena-park-apartments-as-value-add-deal/,High
2026-08-10,20260810-233522-b4607a70,PRJ-20260810-0044,Acquisition - Atlanta / Georgia - Walton Communities Offloads Two Atlanta Rental Properties,100,LC-20260810-074,art_b914af68e0e48820,Walton Communities Offloads Two Atlanta Rental Properties,https://www.connectcre.com/stories/walton-lakes-offloads-two-atlanta-rental-properties/,"Thu, 23 Jul 2026 14:23:10 +0000","Atlanta & Southeast News In Your Inbox Sign up for Connect emails to stay informed with CRE stories that are 150 words or less. Atlanta & Southeast + Atlanta + Apartments | July 23, 2026 By: Mike Boyd Walton Communities Offloads Two Atlanta Rental Properties Walton Communities has sold off Walton Lakes, a 305-unit, market-rate multifamily community, and The Legacy at Walton Lakes, a 126-unit, 55+ LIHTC community, both in Atlanta. Clark Ventures was the buyer. The buyer was able to assume HUD fin",valid,title/source/url metadata are internally consistent,Development Activity,GP / Capital Activity,repeat_penalized,,,,,2026-07-23,2026-08-10,18,old_31d_plus,old,published date parsed; article age 18 day(s),5,open,,,,Acquisition - Atlanta / Georgia - Walton Communities Offloads Two Atlanta Rental Properties,Unknown,Atlanta,Affordable Housing,JLL,JLL,Unknown Stage,excluded,transaction / capital guard: acquisition,Unknown Stage,Reappearing,12,78,Unknown Timing,Unknown,Unknown,Unknown,Unknown,General monitoring,Monitor lifecycle signal for repeated confirmation,Unknown Stage; General Asset Signal; No explicit timing reference,Walton Communities Offloads Two Atlanta Rental Properties,Connect CRE Atlanta,https://www.connectcre.com/stories/walton-lakes-offloads-two-atlanta-rental-properties/,High
2026-08-10,20260810-233522-b4607a70,PRJ-20260810-0157,Construction Financing - Miami / Florida - Affiliated Closes Financing on Mixed-Income Fort Lauderdale Apartment Project,80,LC-20260810-027,art_21cf8122ebc8f77c,Stewards Inks $79M Refi of Hollywood Rental Asset,https://www.connectcre.com/stories/stewards-inks-79m-refi-of-hollywood-rental-asset/,"Wed, 29 Jul 2026 14:41:13 +0000","Florida & Gulf Coast CRE News In Your Inbox. Sign up for Connect emails to stay informed with CRE stories that are 150 words or less. Florida & Gulf Coast + South Florida + Apartments | July 29, 2026 By: Mike Boyd Stewards Inks $79M Refi of Hollywood Rental Asset Stewards Inc. completed a $79 million refinancing of 1818 Park, its luxury multifamily residential community in downtown Hollywood, Florida. Multihousing News reports Stewards acquired 1818 Park last August for $190 million. 1818 Park i",valid,title/source/url metadata are internally consistent,Development Activity,GP / Capital Activity,repeat_penalized,,,,,2026-07-29,2026-08-10,12,recent_4_14d,recent,published date parsed; article age 12 day(s),55,open,,,,Refinancing - Miami / Florida - Stewards Inks $79M Refi of Hollywood Rental Asset,Unknown,South Florida,Apartment,Unknown,Unknown,Delivery / Opening,excluded,transaction / capital guard: refinancing,Delivery / Opening,Mature / Operating,42,77,Unknown Timing,Low,High,Low,Medium,Relevant to underwriting benchmark,"Benchmark delivery, lease-up, occupancy, and rent assumptions",Delivery / Opening; Completed / opened; Refinancing / Recapitalization; completed,Stewards Inks $79M Refi of Hollywood Rental Asset,Connect CRE South Florida,https://www.connectcre.com/stories/stewards-inks-79m-refi-of-hollywood-rental-asset/,High
2026-08-10,20260810-233522-b4607a70,PRJ-20260810-0091,Office-to-Residential Conversion - Los Angeles / California - L.A. County approves $15M for supportive housing at Metropolitan State Hospital campus,80,LC-20260810-004,art_8c654132f2a85be6,Affordable housing takes shape at 1332 and 1346 N. Fairfax Avenue,https://la.urbanize.city/post/affordable-housing-takes-shape-1332-and-1346-n-fairfax-avenue,"Fri, 07 Aug 2026 13:05:00 +0000","Affordable housing takes shape at 1332 and 1346 N. Fairfax Avenue | Urbanize LA Skip to main content Advertisement Advertisement On the border of Hollywood and West Hollywood, framing is taking shape for a pair of affordable housing projects from Los Angeles-based Taylor Equities . Located on the former site of two single-family homes at 1332 and 1346 N. Fairfax Avenue , the project consists of two four-story buildings containing 26 low- and moderate-income apartments (52 in total) without on-si",valid,title/source/url metadata are internally consistent,Development Activity,Market Intelligence,repeat_penalized,,,,,2026-08-07,2026-08-10,3,fresh_0_3d,fresh,published date parsed; article age 3 day(s),58,access_limited,,,,Entitlement / Permitting - Los Angeles / California - Affordable housing takes shape at 1332 and 1346 N. Fairfax Avenue,California,Los Angeles,Affordable Housing,Unknown,Unknown,Unknown Stage,approval_watch,matched permit,Unknown Stage,Reappearing,32,76,Unknown Timing,Unknown,Unknown,Unknown,Unknown,General monitoring,Monitor lifecycle signal for repeated confirmation,Unknown Stage; Affordable / Density Bonus Strategy; No explicit timing reference,Affordable housing takes shape at 1332 and 1346 N. Fairfax Avenue,Urbanize LA,https://la.urbanize.city/post/affordable-housing-takes-shape-1332-and-1346-n-fairfax-avenue,High
2026-08-10,20260810-233522-b4607a70,PRJ-20260810-0168,"Acquisition - Other / Unknown - JLL Arranges Sale of 336-Unit Multifamily Community in Burnsville, Minnesota",100,LC-20260810-010,art_d4563cd0378e904f,"JLL Arranges Sale of 336-Unit Multifamily Community in Burnsville, Minnesota",https://rebusinessonline.com/jll-arranges-sale-of-336-unit-multifamily-community-in-burnsville-minnesota/,2026-08-10T13:14:37Z,"Osso Capital purchased Twelve 501 Apartments from FPA Multifamily. Acquisitions Midwest Minnesota Multifamily JLL Arranges Sale of 336-Unit Multifamily Community in Burnsville, Minnesota by Kristin Harlow August 10, 2026 August 10, 2026 2 BURNSVILLE, MINN. — JLL Capital Markets has arranged the sale of Twelve 501 Apartments, a 336-unit multifamily community in the Twin Cities suburb of Burnsville. Built in 1986 and extensively renovated beginning in 2017, the property features large layouts and ",valid,title/source/url metadata are internally consistent,Development Activity,GP / Capital Activity,new_or_fresh,,,,,2026-08-10,2026-08-10,,fresh_0_3d,fresh,published date parsed; article age 0 day(s),100,open,,,,"Acquisition - Other / Unknown - JLL Arranges Sale of 336-Unit Multifamily Community in Burnsville, Minnesota",Unknown,Unknown,Apartment,JLL,JLL,Unknown Stage,excluded,transaction / capital guard: sale,,Reappearing,21,76,Unknown Timing,Unknown,Unknown,Unknown,Unknown,General monitoring,Monitor lifecycle signal for repeated confirmation,Unknown Stage; General Asset Signal; No explicit timing reference,"JLL Arranges Sale of 336-Unit Multifamily Community in Burnsville, Minnesota",REBusiness Online,https://rebusinessonline.com/jll-arranges-sale-of-336-unit-multifamily-community-in-burnsville-minnesota/,High
2026-08-10,20260810-233522-b4607a70,PRJ-20260810-0045,Construction Financing - Atlanta / Georgia - Developer Duo Obtains Construction Financing for $147M Atlanta Student Housing Project,80,LC-20260810-043,art_aaefd3e9d52ce516,Atlanta Beltline Advancing 218-Unit Affordable Apartment Project,https://www.connectcre.com/stories/atlanta-beltline-advancing-218-unit-affordable-apartment-project/,"Mon, 03 Aug 2026 14:18:11 +0000","Atlanta & Southeast News In Your Inbox Sign up for Connect emails to stay informed with CRE stories that are 150 words or less. Atlanta & Southeast + Atlanta + Apartments | August 3, 2026 By: Mike Boyd Atlanta Beltline Advancing 218-Unit Affordable Apartment Project Atlanta Beltline Inc. (ABI) is pursuing the construction of a mid-rise multifamily development at 350 Chappell Road. The Atlanta Business Chronicle reports the $62 million project includes 218 apartments, all of which will be rented ",valid,title/source/url metadata are internally consistent,Development Activity,Market Intelligence,repeat_penalized,True,unit/site count: 218-unit; address/street: 350 chappell road; project/asset term: project,high,Project / Asset,2026-08-03,2026-08-10,7,fresh_0_3d,fresh,published date parsed; article age 7 day(s),58,open,,,,Atlanta Beltline Advancing 218-Unit Affordable Apartment Project,Atlanta / Georgia,Atlanta,Apartment,,Unknown,Unknown Stage,construction_delivery_watch,matched development / asset strategy execution,Unknown Stage,Reappearing,20,76,Unknown Timing,Unknown,Unknown,Unknown,Unknown,General monitoring,Monitor lifecycle signal for repeated confirmation,Unknown Stage; Affordable / Density Bonus Strategy; 2026,Atlanta Beltline Advancing 218-Unit Affordable Apartment Project,Connect CRE Atlanta,https://www.connectcre.com/stories/atlanta-beltline-advancing-218-unit-affordable-apartment-project/,High
2026-08-10,20260810-233522-b4607a70,PRJ-20260810-0105,Arrow Arranges $85M Construction Loan for Miami Condo Project,100,LC-20260810-058,art_120b790785971abe,Arrow Arranges $85M Construction Loan for Miami Condo Project,https://www.connectcre.com/stories/arrow-arranges-85m-construction-loan-for-miami-condo-project/,"Wed, 29 Jul 2026 15:20:50 +0000","Florida & Gulf Coast CRE News In Your Inbox. Sign up for Connect emails to stay informed with CRE stories that are 150 words or less. Florida & Gulf Coast + South Florida + Apartments | July 29, 2026 By: Mike Boyd Arrow Arranges $85M Construction Loan for Miami Condo Project Arrow Real Estate Advisors arranged an $85 million construction loan on behalf of Northlink Capital for the development of 7200 Collins Avenue, a 222-unit luxury condominium project in Miami Beach, Florida. The financing, pr",valid,title/source/url metadata are internally consistent,Development Activity,GP / Capital Activity,repeat_penalized,True,unit/site count: 222-unit; address/street: 7200 collins avenue; project/asset term: project; project financing tied to anchor: construction loan,high,Project Financing / Capital Event,2026-07-29,2026-08-10,12,recent_4_14d,recent,published date parsed; article age 12 day(s),55,open,,,,Arrow Arranges $85M Construction Loan for Miami Condo Project,Miami / Florida,Miami,Apartment,Northlink Capital,Unknown,Refinancing / Recapitalization,excluded,transaction / capital guard: loan,Refinancing / Recapitalization,Mature / Operating,42,75,Unknown Timing,Low,High,Low,Low,Relevant to acquisition / JV timing,"Track lender, maturity, debt terms, and recapitalization need",Refinancing / Recapitalization; Refinancing / Recapitalization; 2026,Arrow Arranges $85M Construction Loan for Miami Condo Project,Connect CRE South Florida,https://www.connectcre.com/stories/arrow-arranges-85m-construction-loan-for-miami-condo-project/,High
2026-08-10,20260810-233522-b4607a70,PRJ-20260810-0091,Office-to-Residential Conversion - Los Angeles / California - L.A. County approves $15M for supportive housing at Metropolitan State Hospital campus,80,LC-20260810-008,art_520be30f930f78aa,Warner Center's beleaguered Promenade mall bites the dust,https://la.urbanize.city/post/warner-centers-beleaguered-promenade-mall-bites-dust,"Mon, 10 Aug 2026 13:15:00 +0000","Warner Center's beleaguered Promenade mall bites the dust | Urbanize LA Skip to main content Advertisement Advertisement In Warner Center , the long-struggling Promenade Mall has been reduced to rubble, setting the stage for the redevelopment of the property with a mixed-use complex centered around the new headquarters of the Los Angeles Rams. The Rams Village, which was announced last year, is a revision of a previously-entitled project through which former mall owner Unibail-Rodamco-Westfield ",valid,title/source/url metadata are internally consistent,Development Activity,,new_or_fresh,,,,,2026-08-10,2026-08-10,,fresh_0_3d,fresh,published date parsed; article age 0 day(s),88,access_limited,,,,Entitlement / Permitting - Los Angeles / California - Warner Center's beleaguered Promenade mall bites the dust,California,Los Angeles,Mixed-Use Residential,Unknown,Unknown,Entitlement Under Review,approval_watch,matched permit,,Reappearing,33,74,Unknown Timing,Medium,Low,Low,Low,Relevant to entitlement monitoring,"Track planning docket, approval path, CEQA risk, and sponsor activity",Entitlement Under Review; Entitled / approved; Construction-Ready Pipeline; No explicit timing reference,Warner Center's beleaguered Promenade mall bites the dust,Urbanize LA,https://la.urbanize.city/post/warner-centers-beleaguered-promenade-mall-bites-dust,Medium
2026-08-10,20260810-233522-b4607a70,PRJ-20260810-0154,Acquisition - Miami / Florida - Milestone Group Trades Kendall Apartment Complex for $109M,100,LC-20260810-047,art_cc75db02dbbec269,Milestone Group Trades Kendall Apartment Complex for $109M,https://www.connectcre.com/stories/milestone-group-trades-kendall-apartment-complex-for-109m/,"Fri, 07 Aug 2026 14:54:14 +0000","Florida & Gulf Coast CRE News In Your Inbox. Sign up for Connect emails to stay informed with CRE stories that are 150 words or less. Florida & Gulf Coast + South Florida + Apartments | August 7, 2026 By: Mike Boyd Milestone Group Trades Kendall Apartment Complex for $109M Harbor Group International has bought Emerald Palms, a 505-unit garden apartment complex near Zoo Miami in Kendall, for $109 million. The seller was Milestone Group, which paid $107 million for the same property in 2021. The S",valid,title/source/url metadata are internally consistent,Development Activity,,acceptable_repeat,,,,,2026-08-07,2026-08-10,3,fresh_0_3d,fresh,published date parsed; article age 3 day(s),70,open,,,,Acquisition - Miami / Florida - Milestone Group Trades Kendall Apartment Complex for $109M,Unknown,South Florida,Apartment,Harbor Group International,Unknown,Unknown Stage,excluded,transaction / capital guard: acquisition,Unknown Stage,Reappearing,19,74,Unknown Timing,Unknown,Unknown,Unknown,Unknown,General monitoring,Monitor lifecycle signal for repeated confirmation,Unknown Stage; General Asset Signal; No explicit timing reference,Milestone Group Trades Kendall Apartment Complex for $109M,Connect CRE South Florida,https://www.connectcre.com/stories/milestone-group-trades-kendall-apartment-complex-for-109m/,Medium
2026-08-10,20260810-233522-b4607a70,PRJ-20260810-0157,Construction Financing - Miami / Florida - Affiliated Closes Financing on Mixed-Income Fort Lauderdale Apartment Project,80,LC-20260810-019,art_dacd3d3138d1e785,Affiliated Closes Financing on Mixed-Income Fort Lauderdale Apartment Project,https://www.connectcre.com/stories/affiliated-closes-financing-on-mixed-income-fort-lauderdale-apartment-venture/,"Mon, 27 Jul 2026 22:52:48 +0000","Florida & Gulf Coast CRE News In Your Inbox. Sign up for Connect emails to stay informed with CRE stories that are 150 words or less. Florida & Gulf Coast + South Florida + Apartments | July 27, 2026 By: Mike Boyd Affiliated Closes Financing on Mixed-Income Fort Lauderdale Apartment Project Affiliated Development has closed on a $74 million construction loan with Pacific Life Insurance Company for The Cove, a mixed-use, mixed-income multifamily development on the northwest corner of Sunrise Boul",valid,title/source/url metadata are internally consistent,Development Activity,GP / Capital Activity,repeat_penalized,,,,,2026-07-27,2026-08-10,14,recent_4_14d,recent,published date parsed; article age 14 day(s),55,open,,,,Construction Financing - Miami / Florida - Affiliated Closes Financing on Mixed-Income Fort Lauderdale Apartment Project,Unknown,South Florida,Affordable Housing,Unknown,Unknown,Unknown Stage,excluded,transaction / capital guard: financing,Unknown Stage,Reappearing,54,73,Unknown Timing,Unknown,Unknown,Unknown,Unknown,General monitoring,Monitor lifecycle signal for repeated confirmation,Unknown Stage; General Asset Signal; No explicit timing reference,Affiliated Closes Financing on Mixed-Income Fort Lauderdale Apartment Project,Connect CRE South Florida,https://www.connectcre.com/stories/affiliated-closes-financing-on-mixed-income-fort-lauderdale-apartment-venture/,Medium
2026-08-10,20260810-233522-b4607a70,PRJ-20260810-0107,Office-to-Residential Conversion - California - Affordable housing nears the finish like at 515 Pioneer Dr. in Glendale,80,LC-20260810-016,art_f96b7f50e1f2906e,Affordable housing nears the finish like at 515 Pioneer Dr. in Glendale,https://la.urbanize.city/post/affordable-housing-nears-finish-515-pioneer-dr-glendale,"Fri, 07 Aug 2026 13:10:00 +0000","Affordable housing nears the finish like at 515 Pioneer Dr. in Glendale | Urbanize LA Skip to main content Advertisement Advertisement Just south of the SR-134 Freeway, Linc Housing Corp. is nearing the finish line on what will be the largest affordable housing complex in the history of the City of Glendale . The Pioneer Village project, a joint venture with National CORE , is now taking shape on a former AT&T site at 515 Pioneer Drive which Glendale acquired in 2019 . Per a social media post fr",suspicious_duplicate,source-feed signal bleed suspected,Development Activity,GP / Capital Activity; Market Intelligence,repeat_penalized,,,,,2026-08-07,2026-08-10,3,fresh_0_3d,fresh,published date parsed; article age 3 day(s),38,access_limited,,,,Office-to-Residential Conversion - California - Affordable housing nears the finish like at 515 Pioneer Dr. in Glendale,California,National,Affordable Housing,Unknown,Unknown,Unknown Stage,construction_delivery_watch,matched development / asset strategy execution,Unknown Stage,Reappearing,38,73,Unknown Timing,Unknown,Unknown,Unknown,Unknown,General monitoring,Monitor lifecycle signal for repeated confirmation,Unknown Stage; Office-to-Residential Conversion; No explicit timing reference,Affordable housing nears the finish like at 515 Pioneer Dr. in Glendale,Urbanize LA,https://la.urbanize.city/post/affordable-housing-nears-finish-515-pioneer-dr-glendale,Medium
2026-08-10,20260810-233522-b4607a70,PRJ-20260810-0091,Office-to-Residential Conversion - Los Angeles / California - L.A. County approves $15M for supportive housing at Metropolitan State Hospital campus,80,LC-20260810-020,art_da8c7730e1b376cd,L.A. County approves $15M for supportive housing at Metropolitan State Hospital campus,https://la.urbanize.city/post/la-county-approves-15m-supportive-housing-metropolitan-state-hospital-campus,"Thu, 06 Aug 2026 13:10:00 +0000","L.A. County approves $15M for supportive housing at Metropolitan State Hospital campus | Urbanize LA Skip to main content Advertisement Advertisement The Los Angeles County Board of Supervisors has approved $15 million in additional funding for a new interim and supportive housing complex at the Metropolitan State Hospital campus in Norwalk Interim housing interior County of Los Angeles ""The buildings on this corner of the Metropolitan State Hospital campus have done no one any good sitting vaca",valid,title/source/url metadata are internally consistent,Development Activity,GP / Capital Activity,repeat_penalized,,,,,2026-08-06,2026-08-10,4,fresh_0_3d,fresh,published date parsed; article age 4 day(s),58,access_limited,,,,Office-to-Residential Conversion - Los Angeles / California - L.A. County approves $15M for supportive housing at Metropolitan State Hospital campus,California,Los Angeles,Apartment,Unknown,Unknown,Unknown Stage,approval_watch,matched approved,Unknown Stage,Reappearing,35,73,Unknown Timing,Unknown,Unknown,Unknown,Unknown,General monitoring,Monitor lifecycle signal for repeated confirmation,Unknown Stage; Office-to-Residential Conversion; No explicit timing reference,L.A. County approves $15M for supportive housing at Metropolitan State Hospital campus,Urbanize LA,https://la.urbanize.city/post/la-county-approves-15m-supportive-housing-metropolitan-state-hospital-campus,Medium
2026-08-10,20260810-233522-b4607a70,PRJ-20260810-0093,Office-to-Residential Conversion - Los Angeles / California - L.A. County approves $15M for supportive housing at Metropolitan State Hospital campus,80,LC-20260810-051,art_9cb283c42c78be42,Rendering Revealed: Workforce housing at 315 N. Pasadena Ave.,https://la.urbanize.city/post/rendering-revealed-workforce-housing-315-n-pasadena-ave,"Mon, 10 Aug 2026 13:10:00 +0000","Rendering Revealed: Workforce housing at 315 N. Pasadena Ave. | Urbanize LA Skip to main content Advertisement Advertisement Plans for a new workforce housing complex at the former Roosevelt Elementary School campus in Pasadena are moving forward, with a presentation to the City's Design Commission set for August 11. The project at 315 N. Pasadena Avenue, which would be developed for Pasadena Unified employees by Education Housing Partners, calls for the construction of 110 homes - half of which",valid,title/source/url metadata are internally consistent,Development Activity,Market Intelligence,new_or_fresh,True,unit/site count: 110 homes; address/street: 315 n. pasadena ave; project/asset term: project,high,Project / Asset,2026-08-10,2026-08-10,0,fresh_0_3d,fresh,published date parsed; article age 0 day(s),88,access_limited,,,,Rendering Revealed: Workforce housing at 315 N. Pasadena Ave.,Other / Unknown,Los Angeles,Workforce Housing,,Unknown,Unknown Stage,construction_delivery_watch,matched development / asset strategy execution,,Reappearing,20,73,Unknown Timing,Unknown,Unknown,Unknown,Unknown,General monitoring,Monitor lifecycle signal for repeated confirmation,Unknown Stage; General Asset Signal; No explicit timing reference,Rendering Revealed: Workforce housing at 315 N. Pasadena Ave.,Urbanize LA,https://la.urbanize.city/post/rendering-revealed-workforce-housing-315-n-pasadena-ave,Medium
2026-08-10,20260810-233522-b4607a70,PRJ-20260810-0169,Office-to-Residential Conversion - Other / Unknown - Commonwealth Development Partners Break Ground on $162M Office-to-Residential Multifamily...,80,LC-20260810-018,art_9cb283c42c78be42,Rendering Revealed: Workforce housing at 315 N. Pasadena Ave.,https://la.urbanize.city/post/rendering-revealed-workforce-housing-315-n-pasadena-ave,"Mon, 10 Aug 2026 13:10:00 +0000","Rendering Revealed: Workforce housing at 315 N. Pasadena Ave. | Urbanize LA Skip to main content Advertisement Advertisement Plans for a new workforce housing complex at the former Roosevelt Elementary School campus in Pasadena are moving forward, with a presentation to the City's Design Commission set for August 11. The project at 315 N. Pasadena Avenue, which would be developed for Pasadena Unified employees by Education Housing Partners, calls for the construction of 110 homes - half of which",valid,title/source/url metadata are internally consistent,Development Activity,Market Intelligence,new_or_fresh,,,,,2026-08-10,2026-08-10,,fresh_0_3d,fresh,published date parsed; article age 0 day(s),88,access_limited,,,,General Project Signal - Other / Unknown - Rendering Revealed: Workforce housing at 315 N. Pasadena Ave.,Unknown,Unknown,Workforce Housing,Unknown,Unknown,Unknown Stage,construction_delivery_watch,matched development / asset strategy execution,,Reappearing,31,72,Unknown Timing,Unknown,Unknown,Unknown,Unknown,General monitoring,Monitor lifecycle signal for repeated confirmation,Unknown Stage; General Asset Signal; No explicit timing reference,Rendering Revealed: Workforce housing at 315 N. Pasadena Ave.,Urbanize LA,https://la.urbanize.city/post/rendering-revealed-workforce-housing-315-n-pasadena-ave,Medium
2026-08-10,20260810-233522-b4607a70,PRJ-20260810-0047,Construction Financing - Atlanta / Georgia - Developer Duo Obtains Construction Financing for $147M Atlanta Student Housing Project,80,LC-20260810-024,art_aaefd3e9d52ce516,Atlanta Beltline Advancing 218-Unit Affordable Apartment Project,https://www.connectcre.com/stories/atlanta-beltline-advancing-218-unit-affordable-apartment-project/,"Mon, 03 Aug 2026 14:18:11 +0000","Atlanta & Southeast News In Your Inbox Sign up for Connect emails to stay informed with CRE stories that are 150 words or less. Atlanta & Southeast + Atlanta + Apartments | August 3, 2026 By: Mike Boyd Atlanta Beltline Advancing 218-Unit Affordable Apartment Project Atlanta Beltline Inc. (ABI) is pursuing the construction of a mid-rise multifamily development at 350 Chappell Road. The Atlanta Business Chronicle reports the $62 million project includes 218 apartments, all of which will be rented ",valid,title/source/url metadata are internally consistent,Development Activity,Market Intelligence,repeat_penalized,,,,,2026-08-03,2026-08-10,7,fresh_0_3d,fresh,published date parsed; article age 7 day(s),58,open,,,,General Project Signal - Atlanta / Georgia - Atlanta Beltline Advancing 218-Unit Affordable Apartment Project,Unknown,Atlanta,Apartment,Unknown,Unknown,Unknown Stage,construction_delivery_watch,matched development / asset strategy execution,Unknown Stage,Reappearing,31,71,Unknown Timing,Unknown,Unknown,Unknown,Unknown,General monitoring,Monitor lifecycle signal for repeated confirmation,Unknown Stage; Affordable / Density Bonus Strategy; No explicit timing reference,Atlanta Beltline Advancing 218-Unit Affordable Apartment Project,Connect CRE Atlanta,https://www.connectcre.com/stories/atlanta-beltline-advancing-218-unit-affordable-apartment-project/,Medium
2026-08-10,20260810-233522-b4607a70,PRJ-20260810-0146,"Office-to-Residential Conversion - San Francisco / California - Permits For Conversion at 150 Hayes Street, San Francisco",80,LC-20260810-062,art_b24a022b425665ea,"Updated Permits Filed For 20 Fountain Street, San Francisco",https://sfyimby.com/2026/08/updated-permits-filed-for-20-fountain-street-san-francisco.html,"Sun, 09 Aug 2026 12:30:39 +0000","20 Fountain Street (right) and 22 Fountain Street (left), rendering by E.E. Weiss Architects By: Andrew Nelson 5:30 am on August 9, 2026 Permits have been filed for an apartment complex at 20 Fountain Street in the Upper Market neighborhood of San Francisco . The development looks to construct a three-unit infill across four floors and a basement garage. The property owner is listed as Daniel Buckley. The four-story structure is expected to yield around 7,300 square feet, including 5,700 square ",valid,title/source/url metadata are internally consistent,Development Activity,,acceptable_repeat,True,address/street: 20 fountain street; project/asset term: development,high,Approval / Entitlement,2026-08-09,2026-08-10,1,fresh_0_3d,fresh,published date parsed; article age 1 day(s),81,access_limited,,,,"Updated Permits Filed For 20 Fountain Street, San Francisco",San Francisco / California,Unknown,Apartment,,Unknown,Unknown Stage,approval_watch,matched permit,Unknown Stage,Reappearing,20,71,Unknown Timing,Unknown,Unknown,Unknown,Unknown,General monitoring,Monitor lifecycle signal for repeated confirmation,Unknown Stage; General Asset Signal; 2026,"Updated Permits Filed For 20 Fountain Street, San Francisco",SF YIMBY,https://sfyimby.com/2026/08/updated-permits-filed-for-20-fountain-street-san-francisco.html,Medium
2026-08-10,20260810-233522-b4607a70,PRJ-20260810-0157,Construction Financing - Miami / Florida - Affiliated Closes Financing on Mixed-Income Fort Lauderdale Apartment Project,80,LC-20260810-036,art_120b790785971abe,Arrow Arranges $85M Construction Loan for Miami Condo Project,https://www.connectcre.com/stories/arrow-arranges-85m-construction-loan-for-miami-condo-project/,"Wed, 29 Jul 2026 15:20:50 +0000","Florida & Gulf Coast CRE News In Your Inbox. Sign up for Connect emails to stay informed with CRE stories that are 150 words or less. Florida & Gulf Coast + South Florida + Apartments | July 29, 2026 By: Mike Boyd Arrow Arranges $85M Construction Loan for Miami Condo Project Arrow Real Estate Advisors arranged an $85 million construction loan on behalf of Northlink Capital for the development of 7200 Collins Avenue, a 222-unit luxury condominium project in Miami Beach, Florida. The financing, pr",valid,title/source/url metadata are internally consistent,Development Activity,GP / Capital Activity,repeat_penalized,,,,,2026-07-29,2026-08-10,12,recent_4_14d,recent,published date parsed; article age 12 day(s),55,open,,,,Construction Financing - Miami / Florida - Arrow Arranges $85M Construction Loan for Miami Condo Project,Unknown,South Florida,Apartment,Unknown,Unknown,Refinancing / Recapitalization,excluded,transaction / capital guard: loan,Refinancing / Recapitalization,Mature / Operating,60,70,Unknown Timing,Low,High,Low,Low,Relevant to acquisition / JV timing,"Track lender, maturity, debt terms, and recapitalization need",Refinancing / Recapitalization; Refinancing / Recapitalization; No explicit timing reference,Arrow Arranges $85M Construction Loan for Miami Condo Project,Connect CRE South Florida,https://www.connectcre.com/stories/arrow-arranges-85m-construction-loan-for-miami-condo-project/,Medium
2026-08-10,20260810-233522-b4607a70,PRJ-20260810-0157,Construction Financing - Miami / Florida - Affiliated Closes Financing on Mixed-Income Fort Lauderdale Apartment Project,80,LC-20260810-038,art_03e554735dbfbc0b,Baron Property Group Closes on $226.5M Refi for Hialeah Apartment Community,https://www.connectcre.com/stories/baron-property-group-closes-on-226-5m-refi-for-hialeah-apartment-community/,"Thu, 30 Jul 2026 14:01:21 +0000","Florida & Gulf Coast CRE News In Your Inbox. Sign up for Connect emails to stay informed with CRE stories that are 150 words or less. Florida & Gulf Coast + South Florida + Apartments | July 30, 2026 By: Mike Boyd Baron Property Group Closes on $226.5M Refi for Hialeah Apartment Community Baron Property Group announced the closing of a $226.5 million refinancing for Metro Parc, the mixed-use development with rental residences, amenities and retail in Hialeah. Madison Realty Capital and Yellowsto",valid,title/source/url metadata are internally consistent,GP / Capital Activity,,repeat_penalized,,,,,2026-07-30,2026-08-10,11,recent_4_14d,recent,published date parsed; article age 11 day(s),55,open,,,,Refinancing - Miami / Florida - Baron Property Group Closes on $226.5M Refi for Hialeah Apartment Community,Unknown,South Florida,Mixed-Use Residential,Unknown,Unknown,Refinancing / Recapitalization,excluded,transaction / capital guard: refinancing,Refinancing / Recapitalization,Mature / Operating,60,70,Unknown Timing,Low,High,Low,Low,Relevant to acquisition / JV timing,"Track lender, maturity, debt terms, and recapitalization need",Refinancing / Recapitalization; Refinancing / Recapitalization; No explicit timing reference,Baron Property Group Closes on $226.5M Refi for Hialeah Apartment Community,Connect CRE South Florida,https://www.connectcre.com/stories/baron-property-group-closes-on-226-5m-refi-for-hialeah-apartment-community/,Medium
2026-08-10,20260810-233522-b4607a70,PRJ-20260810-0149,"Office-to-Residential Conversion - San Francisco / California - Permits For Conversion at 150 Hayes Street, San Francisco",80,LC-20260810-025,art_b24a022b425665ea,"Updated Permits Filed For 20 Fountain Street, San Francisco",https://sfyimby.com/2026/08/updated-permits-filed-for-20-fountain-street-san-francisco.html,"Sun, 09 Aug 2026 12:30:39 +0000","20 Fountain Street (right) and 22 Fountain Street (left), rendering by E.E. Weiss Architects By: Andrew Nelson 5:30 am on August 9, 2026 Permits have been filed for an apartment complex at 20 Fountain Street in the Upper Market neighborhood of San Francisco . The development looks to construct a three-unit infill across four floors and a basement garage. The property owner is listed as Daniel Buckley. The four-story structure is expected to yield around 7,300 square feet, including 5,700 square ",valid,title/source/url metadata are internally consistent,Development Activity,,acceptable_repeat,,,,,2026-08-09,2026-08-10,1,fresh_0_3d,fresh,published date parsed; article age 1 day(s),81,access_limited,,,,"Entitlement / Permitting - San Francisco / California - Updated Permits Filed For 20 Fountain Street, San Francisco",Unknown,San Francisco,Apartment,Unknown,Unknown,Unknown Stage,approval_watch,matched permit,Unknown Stage,Reappearing,31,70,Unknown Timing,Unknown,Unknown,Unknown,Unknown,General monitoring,Monitor lifecycle signal for repeated confirmation,Unknown Stage; Entitlement Play; No explicit timing reference,"Updated Permits Filed For 20 Fountain Street, San Francisco",SF YIMBY,https://sfyimby.com/2026/08/updated-permits-filed-for-20-fountain-street-san-francisco.html,Medium
2026-08-10,20260810-233522-b4607a70,PRJ-20260810-0142,"General Project Signal - Phoenix / Arizona - Safeway Opens 64,000 SF Grocery Store at Mixed-Use Development in Metro Phoenix",80,LC-20260810-044,art_43641de8f10a1d27,Phoenix BTR Investor Inks $73.1M Bridge Loan,https://www.connectcre.com/stories/phoenix-btr-investor-inks-73-1m-bridge-loan/,"Mon, 27 Jul 2026 16:24:15 +0000","Phoenix & Southwest CRE News In Your Inbox. Sign up for Connect emails to stay informed with CRE stories that are 150 words or less. Phoenix & Southwest + Phoenix + Apartments | July 27, 2026 By: Mike Boyd Phoenix BTR Investor Inks $73.1M Bridge Loan Golden Horizons Enterprises inked a $73.1 bridge loan on Merrick on Camelback, a 334-unit built-to-rent community in Phoenix, Arizona. The financing was arranged by Lument and originated by Arcus Real Estate Capital. The bridge loan has a three-year",valid,title/source/url metadata are internally consistent,Development Activity,GP / Capital Activity,repeat_penalized,,,,,2026-07-27,2026-08-10,14,recent_4_14d,recent,published date parsed; article age 14 day(s),55,open,,,,BTR / Build-to-Rent - Phoenix / Arizona - Phoenix BTR Investor Inks $73.1M Bridge Loan,Unknown,Phoenix,BTR / Single-Family Rental,Unknown,Unknown,Refinancing / Recapitalization,excluded,transaction / capital guard: loan,Refinancing / Recapitalization,Mature / Operating,59,69,Unknown Timing,Low,High,Low,Low,Relevant to acquisition / JV timing,"Track lender, maturity, debt terms, and recapitalization need",Refinancing / Recapitalization; Refinancing / Recapitalization; No explicit timing reference,Phoenix BTR Investor Inks $73.1M Bridge Loan,Connect CRE Phoenix,https://www.connectcre.com/stories/phoenix-btr-investor-inks-73-1m-bridge-loan/,Medium
2026-08-10,20260810-233522-b4607a70,PRJ-20260810-0054,"JV / Partnership - California - USA Properties Fund, Irvine Co. Break Ground on 338-Unit Affordable Housing Community in T...",80,LC-20260810-037,art_2ae3f94a796f2cf1,"USA Properties Fund, Irvine Co. Break Ground on 338-Unit Affordable Housing Community in Tustin, California",https://rebusinessonline.com/usa-properties-fund-irvine-co-breaks-ground-on-338-unit-affordable-housing-community-in-tustin-california/,2026-08-10T13:17:35Z,"Situated in Tustin’s 1,600-acre master-planned development, Terracina at Tustin Legacy will feature 338 one-, two- and three-bedroom affordable apartments. Affordable Housing California Development Multifamily Western USA Properties Fund, Irvine Co. Break Ground on 338-Unit Affordable Housing Community in Tustin, California by Amy Works August 10, 2026 August 10, 2026 6 TUSTIN, CALIF. — USA Properties Fund, in partnership with Irvine Co., has broken ground on Terracina at Tustin Legacy, a 338-un",valid,title/source/url metadata are internally consistent,Development Activity,GP / Capital Activity,new_or_fresh,,,,,2026-08-10,2026-08-10,,fresh_0_3d,fresh,published date parsed; article age 0 day(s),100,open,,,,"JV / Partnership - California - USA Properties Fund, Irvine Co. Break Ground on 338-Unit Affordable Housing Community in T...",California,California,Affordable Housing,Unknown,Unknown,Unknown Stage,excluded,no clear development milestone,,Reappearing,33,69,Unknown Timing,Unknown,Unknown,Unknown,Unknown,General monitoring,Monitor lifecycle signal for repeated confirmation,Unknown Stage; Affordable / Density Bonus Strategy; No explicit timing reference,"USA Properties Fund, Irvine Co. Break Ground on 338-Unit Affordable Housing Community in Tustin, California",REBusiness Online,https://rebusinessonline.com/usa-properties-fund-irvine-co-breaks-ground-on-338-unit-affordable-housing-community-in-tustin-california/,Medium
2026-08-10,20260810-233522-b4607a70,PRJ-20260810-0162,General Project Signal - Southeast - Construction begins for student housing at Long Beach City College,80,LC-20260810-030,art_1ba0cfd3e44781fa,Construction begins for student housing at Long Beach City College,https://la.urbanize.city/post/construction-begins-student-housing-long-beach-city-college,"Mon, 10 Aug 2026 13:05:00 +0000","Construction begins for student housing at Long Beach City College | Urbanize LA Skip to main content Advertisement Advertisement Construction has commenced for a new student housing complex on the Long Beach City College Liberal Arts Campus , per a social media post from architecture firm AC Martin. The $127-million project , which replaces a parking lot on the eastern side of the campus at the intersection of Clark Avenue and E. Lew Davis Street, calls for the construction of a 93,000-square-f",valid,title/source/url metadata are internally consistent,Market Intelligence,Development Activity,new_or_fresh,,,,,2026-08-10,2026-08-10,,fresh_0_3d,fresh,published date parsed; article age 0 day(s),88,access_limited,,,,General Project Signal - Southeast - Construction begins for student housing at Long Beach City College,Southeast,Southeast,Student Housing,Unknown,Unknown,Unknown Stage,construction_delivery_watch,matched development / asset strategy execution,,Reappearing,32,69,Unknown Timing,Unknown,Unknown,Unknown,Unknown,General monitoring,Monitor lifecycle signal for repeated confirmation,Unknown Stage; General Asset Signal; No explicit timing reference,Construction begins for student housing at Long Beach City College,Urbanize LA,https://la.urbanize.city/post/construction-begins-student-housing-long-beach-city-college,Medium
2026-08-10,20260810-233522-b4607a70,PRJ-20260810-0047,Construction Financing - Atlanta / Georgia - Developer Duo Obtains Construction Financing for $147M Atlanta Student Housing Project,80,LC-20260810-031,art_80e70f543c21d732,Mesirow Pays $132M for Midtown Atlanta Apartment Community,https://www.connectcre.com/stories/mesirow-pays-132m-for-midtown-atlanta-apartment-community/,"Mon, 27 Jul 2026 14:35:54 +0000","Atlanta & Southeast News In Your Inbox Sign up for Connect emails to stay informed with CRE stories that are 150 words or less. Atlanta & Southeast + Atlanta + Apartments | July 27, 2026 By: Mike Boyd Mesirow Pays $132M for Midtown Atlanta Apartment Community A real estate fund run by Mesirow acquired the Sixty 11 th Apartments for $132 million. The Atlanta Business Chronicle reports the seller was 60 11th Street LLC. It purchased the 1.25-acre site in care of Daniel Realty Co. LLC, an affiliate",valid,title/source/url metadata are internally consistent,Development Activity,GP / Capital Activity,repeat_penalized,,,,,2026-07-27,2026-08-10,14,recent_4_14d,recent,published date parsed; article age 14 day(s),55,open,,,,JV / Partnership - Atlanta / Georgia - Mesirow Pays $132M for Midtown Atlanta Apartment Community,Unknown,Atlanta,Apartment,Unknown,Unknown,Unknown Stage,excluded,no clear development milestone,Unknown Stage,Reappearing,30,69,Unknown Timing,Unknown,Unknown,Unknown,Unknown,General monitoring,Monitor lifecycle signal for repeated confirmation,Unknown Stage; General Asset Signal; No explicit timing reference,Mesirow Pays $132M for Midtown Atlanta Apartment Community,Connect CRE Atlanta,https://www.connectcre.com/stories/mesirow-pays-132m-for-midtown-atlanta-apartment-community/,Medium
2026-08-10,20260810-233522-b4607a70,PRJ-20260810-0146,"Office-to-Residential Conversion - San Francisco / California - Permits For Conversion at 150 Hayes Street, San Francisco",80,LC-20260810-067,art_75741c69859591ef,"Permits For Conversion at 150 Hayes Street, San Francisco",https://sfyimby.com/2026/08/permits-for-conversion-at-150-hayes-street-san-francisco.html,"Fri, 07 Aug 2026 12:30:20 +0000","150 Hayes Street, image by Google Street View By: Andrew Nelson 5:30 am on August 7, 2026 Permits have been filed for the potential office-to-housing conversion of 150 Hayes Street in Civic Center , San Francisco . The project garnered headlines last month as a marquee project in the latest effort to make conversions pencil out financially as the city continues to struggle with high office vacancy. Emerald Fund and SDG are jointly responsible for the application. The application calls for conver",valid,title/source/url metadata are internally consistent,Development Activity,GP / Capital Activity; Market Intelligence,repeat_penalized,True,address/street: 150 hayes street; project/asset term: project,high,Approval / Entitlement,2026-08-07,2026-08-10,3,fresh_0_3d,fresh,published date parsed; article age 3 day(s),58,access_limited,,,,"Permits For Conversion at 150 Hayes Street, San Francisco",San Francisco / California,Unknown,General Residential,,Unknown,Unknown Stage,approval_watch,matched permit,Unknown Stage,Reappearing,18,69,Unknown Timing,Unknown,Unknown,Unknown,Unknown,General monitoring,Monitor lifecycle signal for repeated confirmation,Unknown Stage; General Asset Signal; 2026,"Permits For Conversion at 150 Hayes Street, San Francisco",SF YIMBY,https://sfyimby.com/2026/08/permits-for-conversion-at-150-hayes-street-san-francisco.html,Medium
2026-08-10,20260810-233522-b4607a70,PRJ-20260810-0153,Refinancing - Seattle - Mesa West Capital Originates $52M Refinance for Seattle-Area Apartments,80,LC-20260810-049,art_36653f04e4a4616f,Mesa West Capital Originates $52M Refinance for Seattle-Area Apartments,https://www.connectcre.com/stories/mesa-west-capital-originates-52m-refinance-for-seattle-area-apartments/,"Fri, 07 Aug 2026 18:53:56 +0000","Seattle & Northwest CRE News In Your Inbox. Sign up for Connect emails to stay informed with CRE stories that are 150 words or less. Seattle & Northwest + Washington + Apartments | August 7, 2026 By: Jasmine Kilman Mesa West Capital Originates $52M Refinance for Seattle-Area Apartments Mesa West Capital has provided Timberlane Partners with a $52 million short-term, first-mortgage loan to refinance Sumner Mill Apartments, a 162-unit multifamily community in Sumner, Washington. Delivered in 2024 ",valid,title/source/url metadata are internally consistent,Development Activity,GP / Capital Activity,acceptable_repeat,,,,,2026-08-07,2026-08-10,3,fresh_0_3d,fresh,published date parsed; article age 3 day(s),70,open,,,,Refinancing - Seattle - Mesa West Capital Originates $52M Refinance for Seattle-Area Apartments,Seattle,Seattle,Apartment,Unknown,Unknown,Refinancing / Recapitalization,excluded,transaction / capital guard: refinance,Refinancing / Recapitalization,Mature / Operating,59,68,Unknown Timing,Low,High,Low,Low,Relevant to acquisition / JV timing,"Track lender, maturity, debt terms, and recapitalization need",Refinancing / Recapitalization; Refinancing / Recapitalization; No explicit timing reference,Mesa West Capital Originates $52M Refinance for Seattle-Area Apartments,Connect CRE Apartments,https://www.connectcre.com/stories/mesa-west-capital-originates-52m-refinance-for-seattle-area-apartments/,Medium
2026-08-10,20260810-233522-b4607a70,PRJ-20260810-0141,"General Project Signal - Phoenix / Arizona - Safeway Opens 64,000 SF Grocery Store at Mixed-Use Development in Metro Phoenix",80,LC-20260810-075,art_c323f6d3b29506d7,"Safeway Opens 64,000 SF Grocery Store at Mixed-Use Development in Metro Phoenix",https://rebusinessonline.com/safeway-opens-64000-sf-grocery-story-at-mixed-use-development-in-metro-phoenix/,2026-08-10T13:11:41Z,"Arizona Development Retail Western Safeway Opens 64,000 SF Grocery Store at Mixed-Use Development in Metro Phoenix by Amy Works August 10, 2026 August 10, 2026 8 GILBERT, ARIZ. — Grocer Safeway has opened a 64,000-square-foot store at The Gilmore, a 35-acre mixed-use development by Thompson Thrift that is located in the Phoenix suburb of Gilbert. Safeway will anchor the $225 million project, which is set to feature 300 luxury apartments, a hotel and roughly 200,000 square feet of boutique shoppi",valid,title/source/url metadata are internally consistent,Development Activity,,new_or_fresh,True,unit/site count: 35-acre; execution milestone: opens; project/asset term: project,high,Delivery / Opening,2026-08-10,2026-08-10,0,fresh_0_3d,fresh,published date parsed; article age 0 day(s),100,open,,,,"Safeway Opens 64,000 SF Grocery Store at Mixed-Use Development in Metro Phoenix",Phoenix / Arizona,Phoenix,Mixed-Use Residential,,Unknown,Delivery / Opening,construction_delivery_watch,matched opens,,Mature / Operating,9,68,Unknown Timing,Low,Low,Low,Medium,Relevant to underwriting benchmark,"Benchmark delivery, lease-up, occupancy, and rent assumptions",Delivery / Opening; Completed / opened; Lease-Up / Delivery; 2026,"Safeway Opens 64,000 SF Grocery Store at Mixed-Use Development in Metro Phoenix",REBusiness Online,https://rebusinessonline.com/safeway-opens-64000-sf-grocery-story-at-mixed-use-development-in-metro-phoenix/,Medium
2026-08-10,20260810-233522-b4607a70,PRJ-20260810-0075,Refinancing - Houston / Texas - Newmark Arranges $52M Loan for Refinancing of Metro Houston Multifamily Property,80,LC-20260810-052,art_ca5bd3f943b46405,Newmark Arranges $52M Loan for Refinancing of Metro Houston Multifamily Property,https://rebusinessonline.com/newmark-arranges-52m-loan-for-refinancing-of-metro-houston-multifamily-property/,2026-08-10T13:40:00Z,"Loans Multifamily Texas Newmark Arranges $52M Loan for Refinancing of Metro Houston Multifamily Property by Taylor Williams August 10, 2026 August 10, 2026 3 CYPRESS, TEXAS — Newmark has arranged a $52 million loan for the refinancing of Cantera at Towne Lake, a 366-unit multifamily property in the northwestern Houston metro of Cypress. Built in 2008 within the Towne Lake master-planned community, the property offers one-, two- and three-bedroom units and amenities such as two pools, a fitness c",valid,title/source/url metadata are internally consistent,Development Activity,GP / Capital Activity,new_or_fresh,,,,,2026-08-10,2026-08-10,,fresh_0_3d,fresh,published date parsed; article age 0 day(s),100,open,,,,Refinancing - Houston / Texas - Newmark Arranges $52M Loan for Refinancing of Metro Houston Multifamily Property,Unknown,Houston,Multifamily,Unknown,Unknown,Refinancing / Recapitalization,excluded,transaction / capital guard: refinancing,,Mature / Operating,57,67,Unknown Timing,Low,High,Low,Low,Relevant to acquisition / JV timing,"Track lender, maturity, debt terms, and recapitalization need",Refinancing / Recapitalization; Refinancing / Recapitalization; No explicit timing reference,Newmark Arranges $52M Loan for Refinancing of Metro Houston Multifamily Property,REBusiness Online,https://rebusinessonline.com/newmark-arranges-52m-loan-for-refinancing-of-metro-houston-multifamily-property/,Medium
2026-08-10,20260810-233522-b4607a70,PRJ-20260810-0114,3650 Capital Furnishes Construction Loan for Yonkers Self-Storage,100,LC-20260810-070,art_831cf43b091c107b,3650 Capital Furnishes Construction Loan for Yonkers Self-Storage,https://www.connectcre.com/stories/3650-capital-furnishes-construction-loan-for-yonkers-self-storage/,"Mon, 10 Aug 2026 21:16:35 +0000","New York & Tri-State CRE News In Your Inbox. Sign up for Connect emails to stay informed with CRE stories that are 150 words or less. New York & Tri-State + Fairfield/Westchester + Retail | August 10, 2026 By: Paul Bubny 3650 Capital Furnishes Construction Loan for Yonkers Self-Storage 3650 Capital has provided an approximately $24-million senior construction loan to finance the completion of 1060 Nepperhan Avenue, a 949-unit self-storage development located in Yonkers, NY. The project will be b",valid,title/source/url metadata are internally consistent,Development Activity,GP / Capital Activity,new_or_fresh,True,unit/site count: 949-unit; address/street: 1060 nepperhan avenue; project/asset term: project; project financing tied to anchor: construction loan,high,Project Financing / Capital Event,2026-08-10,2026-08-10,0,fresh_0_3d,fresh,published date parsed; article age 0 day(s),100,open,,,,3650 Capital Furnishes Construction Loan for Yonkers Self-Storage,New York,New York,General Residential,Paul Bubny 3650 Capital,Unknown,Refinancing / Recapitalization,excluded,transaction / capital guard: loan,,Mature / Operating,38,67,Unknown Timing,Low,High,Low,Low,Relevant to acquisition / JV timing,"Track lender, maturity, debt terms, and recapitalization need",Refinancing / Recapitalization; Refinancing / Recapitalization; 2026,3650 Capital Furnishes Construction Loan for Yonkers Self-Storage,Connect CRE,https://www.connectcre.com/stories/3650-capital-furnishes-construction-loan-for-yonkers-self-storage/,Medium
2026-08-10,20260810-233522-b4607a70,PRJ-20260810-0047,Construction Financing - Atlanta / Georgia - Developer Duo Obtains Construction Financing for $147M Atlanta Student Housing Project,80,LC-20260810-042,art_62e68a7df923ee2e,Matt Ferrari’s PXV Multifamily makes first acquisition for $29.5M,https://www.multifamilydive.com/news/multiifamily-investment-strategy-value-add-apartments/827238/,"Thu, 06 Aug 2026 13:08:54 -0400","An article from Matt Ferrari’s PXV Multifamily makes first acquisition for $29.5M The 216-unit Village on the Green property in Atlanta was the first deal the new company analyzed, the firm’s founder tells Multifamily Dive. Published Aug. 6, 2026 Leslie Shaver Senior Reporter Share Copy link Email LinkedIn X/Twitter Facebook Print License Add us on Google The Grove at Ben Hill in Atlanta. Permission granted by PXV Multifamily Property: Village on the Green Buyer: PXV Multifamily Seller: Withheld",valid,title/source/url metadata are internally consistent,Development Activity,GP / Capital Activity,acceptable_repeat,,,,,2026-08-06,2026-08-10,4,fresh_0_3d,fresh,published date parsed; article age 4 day(s),70,open,,,,Acquisition - Atlanta / Georgia - Matt Ferrari’s PXV Multifamily makes first acquisition for $29.5M,Unknown,Atlanta,Multifamily,Unknown,Unknown,Unknown Stage,excluded,transaction / capital guard: acquisition,Unknown Stage,Reappearing,30,67,Unknown Timing,Unknown,Unknown,Unknown,Unknown,General monitoring,Monitor lifecycle signal for repeated confirmation,Unknown Stage; General Asset Signal; No explicit timing reference,Matt Ferrari’s PXV Multifamily makes first acquisition for $29.5M,Multifamily Dive,https://www.multifamilydive.com/news/multiifamily-investment-strategy-value-add-apartments/827238/,Medium
2026-08-10,20260810-233522-b4607a70,PRJ-20260810-0132,Office-to-Residential Conversion - Other / Unknown - Commonwealth Development Partners Break Ground on $162M Office-to-Residential Multifamily...,80,LC-20260810-066,art_6825e067cd3b476e,Commonwealth Development Partners Break Ground on $162M Office-to-Residential Multifamily Conversion in Chicago,https://yieldpro.com/2026/08/500-n-michigan-ave/,"Fri, 07 Aug 2026 21:29:20 +0000","Deal boom News Facebook Twitter Linkedin Commonwealth Development Partners has began the conversion of the office tower at 500 N. Michigan Ave. in Chicago into a 320-unit luxury community. Skender serves as general contractor for the $162 million project, following the designs of GREC Architects. Delivery is expected in 2027. Originally completed in 1968 and designed by Skidmore, Owings & Merrill, the Magnificent Mile tower rises 24 stories at the corner of North Michigan Avenue and East Illinoi",valid,title/source/url metadata are internally consistent,Development Activity,,acceptable_repeat,True,unit/site count: 320-unit; address/street: 500 n. michigan ave; project/asset term: project,high,Project / Asset,2026-08-07,2026-08-10,3,fresh_0_3d,fresh,published date parsed; article age 3 day(s),70,open,,,,Commonwealth Development Partners Break Ground on $162M Office-to-Residential Multifamily Conversion in Chicago,Other / Unknown,Unknown,Office-to-Residential Conversion,,Unknown,Delivery / Opening,construction_delivery_watch,matched completed,Delivery / Opening,Mature / Operating,12,66,Unknown Timing,Low,Low,Low,Medium,Relevant to underwriting benchmark,"Benchmark delivery, lease-up, occupancy, and rent assumptions",Delivery / Opening; Completed / opened; Office-to-Residential Conversion; in 2027,Commonwealth Development Partners Break Ground on $162M Office-to-Residential Multifamily Conversion in Chicago,Yield PRO,https://yieldpro.com/2026/08/500-n-michigan-ave/,Medium
2026-08-10,20260810-233522-b4607a70,PRJ-20260810-0149,"Office-to-Residential Conversion - San Francisco / California - Permits For Conversion at 150 Hayes Street, San Francisco",80,LC-20260810-053,art_75741c69859591ef,"Permits For Conversion at 150 Hayes Street, San Francisco",https://sfyimby.com/2026/08/permits-for-conversion-at-150-hayes-street-san-francisco.html,"Fri, 07 Aug 2026 12:30:20 +0000","150 Hayes Street, image by Google Street View By: Andrew Nelson 5:30 am on August 7, 2026 Permits have been filed for the potential office-to-housing conversion of 150 Hayes Street in Civic Center , San Francisco . The project garnered headlines last month as a marquee project in the latest effort to make conversions pencil out financially as the city continues to struggle with high office vacancy. Emerald Fund and SDG are jointly responsible for the application. The application calls for conver",valid,title/source/url metadata are internally consistent,Development Activity,GP / Capital Activity; Market Intelligence,repeat_penalized,,,,,2026-08-07,2026-08-10,3,fresh_0_3d,fresh,published date parsed; article age 3 day(s),58,access_limited,,,,"Office-to-Residential Conversion - San Francisco / California - Permits For Conversion at 150 Hayes Street, San Francisco",Unknown,San Francisco,General Residential,Unknown,Unknown,Unknown Stage,approval_watch,matched permit,Unknown Stage,Reappearing,32,64,Unknown Timing,Unknown,Unknown,Unknown,Unknown,General monitoring,Monitor lifecycle signal for repeated confirmation,Unknown Stage; Office-to-Residential Conversion; No explicit timing reference,"Permits For Conversion at 150 Hayes Street, San Francisco",SF YIMBY,https://sfyimby.com/2026/08/permits-for-conversion-at-150-hayes-street-san-francisco.html,Medium
2026-08-10,20260810-233522-b4607a70,PRJ-20260810-0141,"General Project Signal - Phoenix / Arizona - Safeway Opens 64,000 SF Grocery Store at Mixed-Use Development in Metro Phoenix",80,LC-20260810-065,art_a20a2a8bb86182ac,Rockwell Pays $42M for 182-Unit Scottsdale Rental Community,https://www.connectcre.com/stories/hayden-pays-42m-for-182-unit-scottsdale-rental-community/,"Thu, 06 Aug 2026 16:40:03 +0000","Phoenix & Southwest CRE News In Your Inbox. Sign up for Connect emails to stay informed with CRE stories that are 150 words or less. Phoenix & Southwest + Phoenix + Apartments | August 6, 2026 By: Mike Boyd Rockwell Pays $42M for 182-Unit Scottsdale Rental Community Rockwell Property Company purchased the Hayden Park, a 182-unit apartment community at 3015 North Hayden Road in Scottsdale, Arizona, for $42 million. It’s just outside of Old Town Scottsdale. The Hayden Park purchase marks Rockwell’",valid,title/source/url metadata are internally consistent,Development Activity,GP / Capital Activity,acceptable_repeat,True,unit/site count: 182-unit; address/street: 3015 north hayden road; project/asset term: community,high,Project / Asset,2026-08-06,2026-08-10,4,fresh_0_3d,fresh,published date parsed; article age 4 day(s),70,open,,,,Rockwell Pays $42M for 182-Unit Scottsdale Rental Community,Phoenix / Arizona,Phoenix,Apartment,Unknown,Unknown,Site Acquisition / Site Control,excluded,no clear development milestone,Site Acquisition / Site Control,Reappearing,22,64,Unknown Timing,Low,Low,Low,Low,Relevant to acquisition / JV timing,Monitor lifecycle signal for repeated confirmation,Site Acquisition / Site Control; General Asset Signal; 2026,Rockwell Pays $42M for 182-Unit Scottsdale Rental Community,Connect CRE Phoenix,https://www.connectcre.com/stories/hayden-pays-42m-for-182-unit-scottsdale-rental-community/,Medium
2026-08-10,20260810-233522-b4607a70,PRJ-20260810-0166,"Texas Roadhouse to Open at Olive Crossing in Olivette, Missouri",80,LC-20260810-073,art_681b81a4be3312b0,"Texas Roadhouse to Open at Olive Crossing in Olivette, Missouri",https://rebusinessonline.com/texas-roadhouse-to-open-at-olive-crossing-in-olivette-missouri/,2026-08-10T13:12:37Z,"Olive Crossing is home to The Clover luxury apartment property as well as a variety of retail tenants. Development Leasing Activity Midwest Missouri Restaurant Retail Texas Roadhouse to Open at Olive Crossing in Olivette, Missouri by Kristin Harlow August 10, 2026 August 10, 2026 2 OLIVETTE, MO. — Texas Roadhouse will open at Olive Crossing in the St. Louis suburb of Olivette. Keeley Properties and KEAT Properties are developing Olive Crossing, a mixed-use project spanning 14.8 acres that is cur",valid,title/source/url metadata are internally consistent,Development Activity,,new_or_fresh,True,execution milestone: leasing; project/asset term: project,high,Leasing / Lease-Up,2026-08-10,2026-08-10,0,fresh_0_3d,fresh,published date parsed; article age 0 day(s),100,open,,,,"Texas Roadhouse to Open at Olive Crossing in Olivette, Missouri",Texas,Unknown,Mixed-Use Residential,,Unknown,Site Acquisition / Site Control,site_parcel_activity,site/parcel signal with project anchor: acres + development/site signal,,Newly Detected,12,64,Unknown Timing,Low,Low,Low,Low,Relevant to acquisition / JV timing,Monitor lifecycle signal for repeated confirmation,Site Acquisition / Site Control; General Asset Signal; 2026,"Texas Roadhouse to Open at Olive Crossing in Olivette, Missouri",REBusiness Online,https://rebusinessonline.com/texas-roadhouse-to-open-at-olive-crossing-in-olivette-missouri/,Medium
2026-08-10,20260810-233522-b4607a70,PRJ-20260810-0115,JV / Partnership - New York - BFC Partners and SAA Canopy Group Joint Venture Secures $270M for Syracuse New York Afford...,80,LC-20260810-068,art_831cf43b091c107b,3650 Capital Furnishes Construction Loan for Yonkers Self-Storage,https://www.connectcre.com/stories/3650-capital-furnishes-construction-loan-for-yonkers-self-storage/,"Mon, 10 Aug 2026 21:16:35 +0000","New York & Tri-State CRE News In Your Inbox. Sign up for Connect emails to stay informed with CRE stories that are 150 words or less. New York & Tri-State + Fairfield/Westchester + Retail | August 10, 2026 By: Paul Bubny 3650 Capital Furnishes Construction Loan for Yonkers Self-Storage 3650 Capital has provided an approximately $24-million senior construction loan to finance the completion of 1060 Nepperhan Avenue, a 949-unit self-storage development located in Yonkers, NY. The project will be b",valid,title/source/url metadata are internally consistent,Development Activity,GP / Capital Activity,new_or_fresh,,,,,2026-08-10,2026-08-10,,fresh_0_3d,fresh,published date parsed; article age 0 day(s),100,open,,,,Construction Financing - New York - 3650 Capital Furnishes Construction Loan for Yonkers Self-Storage,New York,New York,General Residential,Unknown,Unknown,Refinancing / Recapitalization,excluded,transaction / capital guard: loan,,Mature / Operating,56,63,Unknown Timing,Low,High,Low,Low,Relevant to acquisition / JV timing,"Track lender, maturity, debt terms, and recapitalization need",Refinancing / Recapitalization; Refinancing / Recapitalization; No explicit timing reference,3650 Capital Furnishes Construction Loan for Yonkers Self-Storage,Connect CRE,https://www.connectcre.com/stories/3650-capital-furnishes-construction-loan-for-yonkers-self-storage/,Medium
2026-08-10,20260810-233522-b4607a70,PRJ-20260810-0092,Office-to-Residential Conversion - Los Angeles / California - L.A. County approves $15M for supportive housing at Metropolitan State Hospital campus,80,LC-20260810-078,,Warner Center's beleaguered Promenade mall bites the dust,https://la.urbanize.city/post/warner-centers-beleaguered-promenade-mall-bites-dust,,,,,,,,,,,,,,,unknown_date,unknown_date_review,derived row did not carry source published date,,,,,,Warner Center's beleaguered Promenade mall bites the dust,Los Angeles / California,Los Angeles,Mixed-Use Residential,,Unknown,Unknown Stage,excluded,no clear development milestone,,Reappearing,12,62,Unknown Timing,Unknown,Unknown,Unknown,Unknown,General monitoring,Monitor lifecycle signal for repeated confirmation,Unknown Stage; General Asset Signal; No explicit timing reference,Warner Center's beleaguered Promenade mall bites the dust,Urbanize LA,https://la.urbanize.city/post/warner-centers-beleaguered-promenade-mall-bites-dust,Medium
2026-08-10,20260810-233522-b4607a70,PRJ-20260810-0032,"General Project Signal - Arizona - Garrett Cos., Ware Malcomb Complete 248-Unit Multifamily Community in Mesa, Arizona",80,LC-20260810-056,art_a7ad7fa0ab4eedfb,"Garrett Cos., Ware Malcomb Complete 248-Unit Multifamily Community in Mesa, Arizona",https://rebusinessonline.com/garrett-cos-ware-malcomb-complete-248-unit-apartment-community-in-mesa-arizona/,2026-08-10T13:15:49Z,"Emblem Mesa features 248 apartments, a swimming pool, fitness center and clubhouse. (Photo credit: Samuel Forrest) Arizona Development Multifamily Western Garrett Cos., Ware Malcomb Complete 248-Unit Multifamily Community in Mesa, Arizona by Amy Works August 10, 2026 August 10, 2026 2 MESA, ARIZ. — Garrett Cos., with Ware Malcomb as architectural designer, has completed construction of Emblem Mesa, a 248-unit multifamily community located at 1340 S. 48th St. in Mesa’s East Valley submarket. Situ",valid,title/source/url metadata are internally consistent,Development Activity,,new_or_fresh,,,,,2026-08-10,2026-08-10,,fresh_0_3d,fresh,published date parsed; article age 0 day(s),100,open,,,,"General Project Signal - Arizona - Garrett Cos., Ware Malcomb Complete 248-Unit Multifamily Community in Mesa, Arizona",Arizona,Arizona,Apartment,Unknown,Unknown,Delivery / Opening,construction_delivery_watch,matched completed,,Mature / Operating,20,61,Unknown Timing,Low,Low,Low,Medium,Relevant to underwriting benchmark,"Benchmark delivery, lease-up, occupancy, and rent assumptions",Delivery / Opening; Completed / opened; Lease-Up / Delivery; completed,"Garrett Cos., Ware Malcomb Complete 248-Unit Multifamily Community in Mesa, Arizona",REBusiness Online,https://rebusinessonline.com/garrett-cos-ware-malcomb-complete-248-unit-apartment-community-in-mesa-arizona/,Medium
2026-08-10,20260810-233522-b4607a70,PRJ-20260810-0142,"General Project Signal - Phoenix / Arizona - Safeway Opens 64,000 SF Grocery Store at Mixed-Use Development in Metro Phoenix",80,LC-20260810-059,art_c323f6d3b29506d7,"Safeway Opens 64,000 SF Grocery Store at Mixed-Use Development in Metro Phoenix",https://rebusinessonline.com/safeway-opens-64000-sf-grocery-story-at-mixed-use-development-in-metro-phoenix/,2026-08-10T13:11:41Z,"Arizona Development Retail Western Safeway Opens 64,000 SF Grocery Store at Mixed-Use Development in Metro Phoenix by Amy Works August 10, 2026 August 10, 2026 8 GILBERT, ARIZ. — Grocer Safeway has opened a 64,000-square-foot store at The Gilmore, a 35-acre mixed-use development by Thompson Thrift that is located in the Phoenix suburb of Gilbert. Safeway will anchor the $225 million project, which is set to feature 300 luxury apartments, a hotel and roughly 200,000 square feet of boutique shoppi",valid,title/source/url metadata are internally consistent,Development Activity,,new_or_fresh,,,,,2026-08-10,2026-08-10,,fresh_0_3d,fresh,published date parsed; article age 0 day(s),100,open,,,,"General Project Signal - Phoenix / Arizona - Safeway Opens 64,000 SF Grocery Store at Mixed-Use Development in Metro Phoenix",Unknown,Phoenix,Mixed-Use Residential,Unknown,Unknown,Delivery / Opening,construction_delivery_watch,matched opens,,Mature / Operating,20,60,Unknown Timing,Low,Low,Low,Medium,Relevant to underwriting benchmark,"Benchmark delivery, lease-up, occupancy, and rent assumptions",Delivery / Opening; Completed / opened; Lease-Up / Delivery; opened,"Safeway Opens 64,000 SF Grocery Store at Mixed-Use Development in Metro Phoenix",REBusiness Online,https://rebusinessonline.com/safeway-opens-64000-sf-grocery-story-at-mixed-use-development-in-metro-phoenix/,Medium
2026-08-10,20260810-233522-b4607a70,PRJ-20260810-0115,JV / Partnership - New York - BFC Partners and SAA Canopy Group Joint Venture Secures $270M for Syracuse New York Afford...,80,LC-20260810-041,art_d4270df7434c6bdb,BFC Partners and SAA Canopy Group Joint Venture Secures $270M for Syracuse New York Affordable Housing Redevelopment and Renovation Project,https://yieldpro.com/2026/08/parkside-commons/,"Sat, 08 Aug 2026 15:49:10 +0000","Deal boom News Facebook Twitter Linkedin BFC Partners and SAA Canopy Group have closed on $269 million in financing to redevelop Parkside Commons , a housing community on the East Side of Syracuse, N.Y. The project will deliver a total of 393 affordable apartments via renovation and new construction, while opening additional land for future development. Backing the $269 million project is a financing package from New York State Homes and Community Renewal, the state’s affordable housing agency. ",suspicious_mismatch,title/source/url metadata are internally consistent; title and original_url slug appear to reference different articles,GP / Capital Activity,,acceptable_repeat,,,,,2026-08-08,2026-08-10,2,fresh_0_3d,fresh,published date parsed; article age 2 day(s),74,open,,,,JV / Partnership - New York - BFC Partners and SAA Canopy Group Joint Venture Secures $270M for Syracuse New York Afford...,New York,New York,Affordable Housing,Unknown,Unknown,Unknown Stage,construction_delivery_watch,matched development / asset strategy execution,Unknown Stage,Reappearing,32,58,Unknown Timing,Unknown,Unknown,Unknown,Unknown,General monitoring,Monitor lifecycle signal for repeated confirmation,Unknown Stage; Affordable / Density Bonus Strategy; No explicit timing reference,BFC Partners and SAA Canopy Group Joint Venture Secures $270M for Syracuse New York Affordable Housing Redevelopment and Renovation Project,Yield PRO,https://yieldpro.com/2026/08/parkside-commons/,Medium
2026-08-10,20260810-233522-b4607a70,PRJ-20260810-0142,"General Project Signal - Phoenix / Arizona - Safeway Opens 64,000 SF Grocery Store at Mixed-Use Development in Metro Phoenix",80,LC-20260810-045,art_ee5077eab900f93c,ColRich Pays $52.4M for Mesa Rental Community,https://www.connectcre.com/stories/colrich-pays-52-4m-for-mesa-rental-community/,"Wed, 05 Aug 2026 16:57:05 +0000","Phoenix & Southwest CRE News In Your Inbox. Sign up for Connect emails to stay informed with CRE stories that are 150 words or less. Phoenix & Southwest + Phoenix + Apartments | August 5, 2026 By: Mike Boyd ColRich Pays $52.4M for Mesa Rental Community ColRich acquired Avia 266, a 267-unit multifamily community in Mesa, AZ, for $52.4 million, including the assumption of an existing HUD loan. The buyer intends to rename the property The Remy. The sales price comes out to just under $200,000 a uni",valid,title/source/url metadata are internally consistent,Development Activity,GP / Capital Activity,acceptable_repeat,,,,,2026-08-05,2026-08-10,5,fresh_0_3d,fresh,published date parsed; article age 5 day(s),66,open,,,,Acquisition - Phoenix / Arizona - ColRich Pays $52.4M for Mesa Rental Community,Unknown,Phoenix,Apartment,Unknown,Unknown,Unknown Stage,excluded,transaction / capital guard: acquisition,Unknown Stage,Reappearing,32,57,Unknown Timing,Unknown,Unknown,Unknown,Unknown,General monitoring,Monitor lifecycle signal for repeated confirmation,Unknown Stage; General Asset Signal; No explicit timing reference,ColRich Pays $52.4M for Mesa Rental Community,Connect CRE Phoenix,https://www.connectcre.com/stories/colrich-pays-52-4m-for-mesa-rental-community/,Medium
2026-08-10,20260810-233522-b4607a70,PRJ-20260810-0091,Office-to-Residential Conversion - Los Angeles / California - L.A. County approves $15M for supportive housing at Metropolitan State Hospital campus,80,LC-20260810-040,art_3c29334cc5f70d17,Marina del Rey’s Shores Apartments Trade to Jackson Square for $170M,https://www.connectcre.com/stories/marina-del-reys-shores-apartments-trade-to-jackson-square-for-170m/,"Mon, 10 Aug 2026 18:54:27 +0000","California CRE News In Your Inbox. Sign up for Connect emails to stay informed with CRE stories that are 150 words or less. California + Los Angeles + Apartments | August 10, 2026 By: Paul Bubny Marina del Rey’s Shores Apartments Trade to Jackson Square for $170M Cox, Castle & Nicholson LLP served as counsel to Shores LLC in the sale of Shores, a 544-unit multifamily community in Marina del Rey, for $170 million to Jackson Square Properties affiliates. The transaction is one of the largest comme",valid,title/source/url metadata are internally consistent,Development Activity,GP / Capital Activity,new_or_fresh,,,,,2026-08-10,2026-08-10,,fresh_0_3d,fresh,published date parsed; article age 0 day(s),100,open,,,,Disposition / Exit - Los Angeles / California - Marina del Rey’s Shores Apartments Trade to Jackson Square for $170M,California,Los Angeles,Apartment,Unknown,Unknown,Unknown Stage,excluded,transaction / capital guard: disposition,,Reappearing,32,57,Unknown Timing,Unknown,Unknown,Unknown,Unknown,General monitoring,Monitor lifecycle signal for repeated confirmation,Unknown Stage; General Asset Signal; No explicit timing reference,Marina del Rey’s Shores Apartments Trade to Jackson Square for $170M,Connect CRE Apartments,https://www.connectcre.com/stories/marina-del-reys-shores-apartments-trade-to-jackson-square-for-170m/,Medium
2026-08-10,20260810-233522-b4607a70,PRJ-20260810-0056,Construction Financing - Sun Belt - AEW with GMH Move Forward with Luxury Multifamily High-Rise Tower Project in Charlotte,80,LC-20260810-050,art_ff038a4262a2b858,AEW with GMH Move Forward with Luxury Multifamily High-Rise Tower Project in Charlotte,https://yieldpro.com/2026/08/anova-the-pearl/,"Fri, 07 Aug 2026 20:18:20 +0000","Deal boom News Facebook Twitter Linkedin AEW Capital Management and GMH Communities have secured the development site for ANOVA The Pearl , a 382-unit luxury residential project in Charlotte, N.C. The property is part of The Pearl Innovation District, a $1.5 billion campus currently underway. The duo is developing the 20-story tower in partnership with Wexford Science & Technology, with delivery slated for 2028. Santander Bank issued a $114.2 million construction loan, according to Mecklenburg C",suspicious_mismatch,title/source/url metadata are internally consistent; title and original_url slug appear to reference different articles,Development Activity,GP / Capital Activity,acceptable_repeat,,,,,2026-08-07,2026-08-10,3,fresh_0_3d,fresh,published date parsed; article age 3 day(s),70,open,,,,Construction Financing - Sun Belt - AEW with GMH Move Forward with Luxury Multifamily High-Rise Tower Project in Charlotte,Sun Belt,Charlotte,Multifamily,Unknown,Unknown,Unknown Stage,excluded,transaction / capital guard: financing,Unknown Stage,Reappearing,51,56,Unknown Timing,Unknown,Unknown,Unknown,Unknown,General monitoring,Monitor lifecycle signal for repeated confirmation,Unknown Stage; General Asset Signal; No explicit timing reference,AEW with GMH Move Forward with Luxury Multifamily High-Rise Tower Project in Charlotte,Yield PRO,https://yieldpro.com/2026/08/anova-the-pearl/,Medium
2026-08-10,20260810-233522-b4607a70,PRJ-20260810-0142,"General Project Signal - Phoenix / Arizona - Safeway Opens 64,000 SF Grocery Store at Mixed-Use Development in Metro Phoenix",80,LC-20260810-055,art_a20a2a8bb86182ac,Rockwell Pays $42M for 182-Unit Scottsdale Rental Community,https://www.connectcre.com/stories/hayden-pays-42m-for-182-unit-scottsdale-rental-community/,"Thu, 06 Aug 2026 16:40:03 +0000","Phoenix & Southwest CRE News In Your Inbox. Sign up for Connect emails to stay informed with CRE stories that are 150 words or less. Phoenix & Southwest + Phoenix + Apartments | August 6, 2026 By: Mike Boyd Rockwell Pays $42M for 182-Unit Scottsdale Rental Community Rockwell Property Company purchased the Hayden Park, a 182-unit apartment community at 3015 North Hayden Road in Scottsdale, Arizona, for $42 million. It’s just outside of Old Town Scottsdale. The Hayden Park purchase marks Rockwell’",valid,title/source/url metadata are internally consistent,Development Activity,GP / Capital Activity,acceptable_repeat,,,,,2026-08-06,2026-08-10,4,fresh_0_3d,fresh,published date parsed; article age 4 day(s),70,open,,,,Acquisition - Phoenix / Arizona - Rockwell Pays $42M for 182-Unit Scottsdale Rental Community,Unknown,Phoenix,Apartment,Unknown,Unknown,Unknown Stage,excluded,transaction / capital guard: acquisition,Unknown Stage,Reappearing,30,56,Unknown Timing,Unknown,Unknown,Unknown,Unknown,General monitoring,Monitor lifecycle signal for repeated confirmation,Unknown Stage; General Asset Signal; No explicit timing reference,Rockwell Pays $42M for 182-Unit Scottsdale Rental Community,Connect CRE Phoenix,https://www.connectcre.com/stories/hayden-pays-42m-for-182-unit-scottsdale-rental-community/,Medium
2026-08-10,20260810-233522-b4607a70,PRJ-20260810-0142,"General Project Signal - Phoenix / Arizona - Safeway Opens 64,000 SF Grocery Store at Mixed-Use Development in Metro Phoenix",80,LC-20260810-060,art_a6c7c6d2dc846c42,CONAM Pays Discounted Price for LV Apartments,https://www.connectcre.com/stories/conam-pays-discounted-price-for-lv-apartments/,"Mon, 10 Aug 2026 19:08:38 +0000","Phoenix & Southwest CRE News In Your Inbox. Sign up for Connect emails to stay informed with CRE stories that are 150 words or less. Phoenix & Southwest + Las Vegas + Apartments | August 10, 2026 By: Mike Boyd CONAM Pays Discounted Price for LV Apartments The Sares Regis Group sold a Las Vegas-area apartment complex for $58 million, nearly $29 million less than they paid for it in 2022. Multihousing News reports that CONAM acquired the 232-unit Alicante through CONAM Strategic Investments Fund I",valid,title/source/url metadata are internally consistent,Development Activity,GP / Capital Activity,new_or_fresh,,,,,2026-08-10,2026-08-10,,fresh_0_3d,fresh,published date parsed; article age 0 day(s),100,open,,,,Acquisition - Phoenix / Arizona - CONAM Pays Discounted Price for LV Apartments,Unknown,Phoenix,Apartment,Unknown,Unknown,Unknown Stage,excluded,transaction / capital guard: acquisition,,Reappearing,29,53,Unknown Timing,Unknown,Unknown,Unknown,Unknown,General monitoring,Monitor lifecycle signal for repeated confirmation,Unknown Stage; General Asset Signal; No explicit timing reference,CONAM Pays Discounted Price for LV Apartments,Connect CRE Apartments,https://www.connectcre.com/stories/conam-pays-discounted-price-for-lv-apartments/,Medium
2026-08-10,20260810-233522-b4607a70,PRJ-20260810-0047,Construction Financing - Atlanta / Georgia - Developer Duo Obtains Construction Financing for $147M Atlanta Student Housing Project,80,LC-20260810-079,art_0b65ea27742b0ffc,Developer Duo Obtains Construction Financing for $147M Atlanta Student Housing Project,https://www.connectcre.com/stories/developer-duo-obtain-construction-financing-for-147m-spelman-morehouse-student-housing/,"Fri, 24 Jul 2026 14:29:38 +0000","Atlanta & Southeast News In Your Inbox Sign up for Connect emails to stay informed with CRE stories that are 150 words or less. Atlanta & Southeast + Atlanta + Student Housing | July 24, 2026 By: Mike Boyd Developer Duo Obtains Construction Financing for $147M Atlanta Student Housing Project Radnor Property Group and the Madrone Community Development Foundation have closed on financing needed for a $147 million, 305-unit, 793-bed student housing development in Atlanta. Multihousing News reports ",valid,title/source/url metadata are internally consistent,Development Activity,GP / Capital Activity,repeat_penalized,,,,,2026-07-24,2026-08-10,17,old_31d_plus,old,published date parsed; article age 17 day(s),5,open,,,,Construction Financing - Atlanta / Georgia - Developer Duo Obtains Construction Financing for $147M Atlanta Student Housing Project,Unknown,Atlanta,Student Housing,Unknown,Unknown,Unknown Stage,excluded,transaction / capital guard: financing,Unknown Stage,Reappearing,34,50,Unknown Timing,Unknown,Unknown,Unknown,Unknown,General monitoring,Monitor lifecycle signal for repeated confirmation,Unknown Stage; General Asset Signal; No explicit timing reference,Developer Duo Obtains Construction Financing for $147M Atlanta Student Housing Project,Connect CRE Atlanta,https://www.connectcre.com/stories/developer-duo-obtain-construction-financing-for-147m-spelman-morehouse-student-housing/,Medium
2026-08-10,20260810-233522-b4607a70,PRJ-20260810-0169,Office-to-Residential Conversion - Other / Unknown - Commonwealth Development Partners Break Ground on $162M Office-to-Residential Multifamily...,80,LC-20260810-057,art_6825e067cd3b476e,Commonwealth Development Partners Break Ground on $162M Office-to-Residential Multifamily Conversion in Chicago,https://yieldpro.com/2026/08/500-n-michigan-ave/,"Fri, 07 Aug 2026 21:29:20 +0000","Deal boom News Facebook Twitter Linkedin Commonwealth Development Partners has began the conversion of the office tower at 500 N. Michigan Ave. in Chicago into a 320-unit luxury community. Skender serves as general contractor for the $162 million project, following the designs of GREC Architects. Delivery is expected in 2027. Originally completed in 1968 and designed by Skidmore, Owings & Merrill, the Magnificent Mile tower rises 24 stories at the corner of North Michigan Avenue and East Illinoi",valid,title/source/url metadata are internally consistent,Development Activity,,acceptable_repeat,,,,,2026-08-07,2026-08-10,3,fresh_0_3d,fresh,published date parsed; article age 3 day(s),70,open,,,,Office-to-Residential Conversion - Other / Unknown - Commonwealth Development Partners Break Ground on $162M Office-to-Residential Multifamily...,Unknown,Unknown,Office-to-Residential Conversion,Unknown,Unknown,Delivery / Opening,construction_delivery_watch,matched completed,Delivery / Opening,Mature / Operating,23,50,Unknown Timing,Low,Low,Low,Medium,Relevant to underwriting benchmark,"Benchmark delivery, lease-up, occupancy, and rent assumptions",Delivery / Opening; Completed / opened; Office-to-Residential Conversion; completed,Commonwealth Development Partners Break Ground on $162M Office-to-Residential Multifamily Conversion in Chicago,Yield PRO,https://yieldpro.com/2026/08/500-n-michigan-ave/,Medium
2026-08-10,20260810-233522-b4607a70,PRJ-20260810-0093,Office-to-Residential Conversion - Los Angeles / California - L.A. County approves $15M for supportive housing at Metropolitan State Hospital campus,80,LC-20260810-077,,Centerspace executives outline disposition plans,https://www.multifamilydive.com/news/apartment-reit-dispositions-strategic-review/827348/,,,,,,,,,,,,,,,unknown_date,unknown_date_review,derived row did not carry source published date,,,,,,Centerspace executives outline disposition plans,Other / Unknown,Los Angeles,Apartment,Unknown,Unknown,Early Site Signal,excluded,transaction / capital guard: disposition,Early Site Signal,Reappearing,14,47,Unknown Timing,Low,Low,Low,Low,General monitoring,Monitor lifecycle signal for repeated confirmation,Early Site Signal; General Asset Signal; 2026,Centerspace executives outline disposition plans,Multifamily Dive,https://www.multifamilydive.com/news/apartment-reit-dispositions-strategic-review/827348/,Low
2026-08-10,20260810-233522-b4607a70,PRJ-20260810-0169,Office-to-Residential Conversion - Other / Unknown - Commonwealth Development Partners Break Ground on $162M Office-to-Residential Multifamily...,80,LC-20260810-061,art_8ba4ea974cbaf71c,Centerspace executives outline disposition plans,https://www.multifamilydive.com/news/apartment-reit-dispositions-strategic-review/827348/,"Fri, 07 Aug 2026 12:13:09 -0400","An article from Dive Brief Centerspace executives outline disposition plans On the multifamily REIT’s Q2 earnings call, CEO Anne Olson said the goal is a portfolio with stronger growth potential, lower debt and greater financial flexibility. Published Aug. 7, 2026 Leslie Shaver Senior Reporter Share Copy link Email LinkedIn X/Twitter Facebook Print License Add us on Google Centerspace is on track to sell several apartment properties. Getty Images Dive Brief: In their first earnings call since an",valid,title/source/url metadata are internally consistent,GP / Capital Activity,,repeat_penalized,,,,,2026-08-07,2026-08-10,3,fresh_0_3d,fresh,published date parsed; article age 3 day(s),40,open,,,,Disposition / Exit - Other / Unknown - Centerspace executives outline disposition plans,Unknown,Unknown,Apartment,Unknown,Unknown,Early Site Signal,excluded,transaction / capital guard: disposition,Early Site Signal,Reappearing,22,46,Unknown Timing,Low,Low,Low,Low,General monitoring,Monitor lifecycle signal for repeated confirmation,Early Site Signal; General Asset Signal; No explicit timing reference,Centerspace executives outline disposition plans,Multifamily Dive,https://www.multifamilydive.com/news/apartment-reit-dispositions-strategic-review/827348/,Low
2026-08-10,20260810-233522-b4607a70,PRJ-20260810-0169,Office-to-Residential Conversion - Other / Unknown - Commonwealth Development Partners Break Ground on $162M Office-to-Residential Multifamily...,80,LC-20260810-054,art_5ed4dedcfcc9e308,Partnership Begins Leasing 477-Unit Apartment Community in Jersey City,https://rebusinessonline.com/partnership-begins-leasing-477-unit-apartment-community-in-jersey-city/,2026-08-10T13:09:56Z,"The first move-ins at West Side Square commenced earlier this summer, with rents starting at approximately $2,700 per month for a studio apartment as of early August. Development Multifamily New Jersey Northeast Partnership Begins Leasing 477-Unit Apartment Community in Jersey City by Taylor Williams August 10, 2026 August 10, 2026 3 JERSEY CITY, N.J. — A partnership between LanTree Developments, Altree Developments Inc., Lanterra Developments Inc. and Westdale Properties, has begun leasing West",valid,title/source/url metadata are internally consistent,Development Activity,GP / Capital Activity,new_or_fresh,,,,,2026-08-10,2026-08-10,,fresh_0_3d,fresh,published date parsed; article age 0 day(s),100,open,,,,JV / Partnership - Other / Unknown - Partnership Begins Leasing 477-Unit Apartment Community in Jersey City,Unknown,Unknown,Apartment,Unknown,Unknown,Unknown Stage,construction_delivery_watch,matched begins leasing,,Reappearing,31,45,Unknown Timing,Unknown,Unknown,Unknown,Unknown,General monitoring,Monitor lifecycle signal for repeated confirmation,Unknown Stage; General Asset Signal; No explicit timing reference,Partnership Begins Leasing 477-Unit Apartment Community in Jersey City,REBusiness Online,https://rebusinessonline.com/partnership-begins-leasing-477-unit-apartment-community-in-jersey-city/,Low
2026-08-10,20260810-233522-b4607a70,PRJ-20260810-0094,Apartment REITs see Sun Belt momentum in latest earnings,80,LC-20260810-076,,Apartment REITs see Sun Belt momentum in latest earnings,https://www.multifamilydive.com/news/apartment-reit-q2-earnings-reports/827436/,,,,,,,,,,,,,,,unknown_date,unknown_date_review,derived row did not carry source published date,,,,,,Apartment REITs see Sun Belt momentum in latest earnings,Sun Belt,Los Angeles,Apartment,Unknown,Unknown,Unknown Stage,excluded,no clear development milestone,,Unknown,22,43,Unknown Timing,Unknown,Unknown,Unknown,Unknown,General monitoring,Monitor lifecycle signal for repeated confirmation,Unknown Stage; General Asset Signal; 2026,Apartment REITs see Sun Belt momentum in latest earnings,Multifamily Dive,https://www.multifamilydive.com/news/apartment-reit-q2-earnings-reports/827436/,Low
2026-08-10,20260810-233522-b4607a70,PRJ-20260810-0169,Office-to-Residential Conversion - Other / Unknown - Commonwealth Development Partners Break Ground on $162M Office-to-Residential Multifamily...,80,LC-20260810-064,art_e7fcf1171af1b281,Share of Apartments Built in Buildings with 50+ Units Moves Higher in 2025,https://eyeonhousing.org/2026/07/share-of-apartments-built-in-buildings-with-50-units-moves-higher-in-2025/,"Mon, 27 Jul 2026 14:16:05 +0000","Share of Apartments Built in Buildings with 50+ Units Moves Higher in 2025 – Eye On Housing Skip to content Share of Apartments Built in Buildings with 50+ Units Moves Higher in 2025 July 27, 2026 Jesse Wade No Comments Following the highest number of multifamily completions in nearly 40 years in 2024, completions declined in 2025 to 484,000, according to NAHB analysis of the Census Bureau’s Survey of Construction . For the ninth consecutive year, a majority of new multifamily units were in buil",valid,title/source/url metadata are internally consistent,Development Activity,,repeat_penalized,,,,,2026-07-27,2026-08-10,14,recent_4_14d,recent,published date parsed; article age 14 day(s),55,open,,,,General Project Signal - Other / Unknown - Share of Apartments Built in Buildings with 50+ Units Moves Higher in 2025,Unknown,Unknown,Apartment,Unknown,Unknown,Unknown Stage,construction_delivery_watch,matched development / asset strategy execution,Unknown Stage,Reappearing,31,41,Unknown Timing,Unknown,Unknown,Unknown,Unknown,General monitoring,Monitor lifecycle signal for repeated confirmation,Unknown Stage; General Asset Signal; in 2025,Share of Apartments Built in Buildings with 50+ Units Moves Higher in 2025,NAHB Eye on Housing - Multifamily,https://eyeonhousing.org/2026/07/share-of-apartments-built-in-buildings-with-50-units-moves-higher-in-2025/,Low
2026-08-10,20260810-233522-b4607a70,PRJ-20260810-0157,Construction Financing - Miami / Florida - Affiliated Closes Financing on Mixed-Income Fort Lauderdale Apartment Project,80,LC-20260810-069,art_c7b06e9babe83951,"W. Palm Beach Investor Buys Condo Property, Converting to Apartment Units",https://www.connectcre.com/stories/w-palm-beach-investor-buys-condo-property-converting-to-apartment-units/,"Tue, 04 Aug 2026 13:51:08 +0000","Florida & Gulf Coast CRE News In Your Inbox. Sign up for Connect emails to stay informed with CRE stories that are 150 words or less. Florida & Gulf Coast + South Florida + Apartments | August 4, 2026 By: Mike Boyd W. Palm Beach Investor Buys Condo Property, Converting to Apartment Units Kamson Corp. paid $90.5 million for a 400-unit condominium complex in West Palm Beach, with plans to convert the units into apartments. An Institutional Property Advisors team consisting of Luke Wickham, Shelton",valid,title/source/url metadata are internally consistent,Development Activity,GP / Capital Activity,acceptable_repeat,,,,,2026-08-04,2026-08-10,6,fresh_0_3d,fresh,published date parsed; article age 6 day(s),62,open,,,,"Disposition / Exit - Miami / Florida - W. Palm Beach Investor Buys Condo Property, Converting to Apartment Units",Unknown,South Florida,Apartment,Unknown,Unknown,Unknown Stage,excluded,transaction / capital guard: disposition,Unknown Stage,Reappearing,30,41,Unknown Timing,Unknown,Unknown,Unknown,Unknown,General monitoring,Monitor lifecycle signal for repeated confirmation,Unknown Stage; General Asset Signal; No explicit timing reference,"W. Palm Beach Investor Buys Condo Property, Converting to Apartment Units",Connect CRE South Florida,https://www.connectcre.com/stories/w-palm-beach-investor-buys-condo-property-converting-to-apartment-units/,Low
2026-08-10,20260810-233522-b4607a70,PRJ-20260810-0169,Office-to-Residential Conversion - Other / Unknown - Commonwealth Development Partners Break Ground on $162M Office-to-Residential Multifamily...,80,LC-20260810-083,art_04cbffa23673da57,Multifamily Absorption Rate Remains Below 50%,https://eyeonhousing.org/2026/03/multifamily-absorption-rate-remains-below-50/,"Tue, 03 Mar 2026 14:31:18 +0000","Multifamily Absorption Rate Remains Below 50% – Eye On Housing Skip to content Multifamily Absorption Rate Remains Below 50% March 3, 2026 Jesse Wade No Comments The percentage of new apartment units that were absorbed within three months after completion was unchanged for new units completed in the second quarter, according to the Census Bureau’s latest release of the Survey of Market Absorption of New Multifamily Units ( SOMA ). The survey covers new units in multifamily residential buildings ",valid,title/source/url metadata are internally consistent,Market Intelligence,,repeat_penalized,,,,,2026-03-03,2026-08-10,160,old_31d_plus,archive,published date parsed; article age 160 day(s),5,open,,,,General Project Signal - Other / Unknown - Multifamily Absorption Rate Remains Below 50%,Unknown,Unknown,Apartment,Unknown,Unknown,Delivery / Opening,excluded,excluded generic policy / market article,Delivery / Opening,Mature / Operating,12,28,Unknown Timing,Low,Low,Low,Medium,Relevant to underwriting benchmark,"Benchmark delivery, lease-up, occupancy, and rent assumptions",Delivery / Opening; Completed / opened; Lease-Up / Delivery; completed,Multifamily Absorption Rate Remains Below 50%,NAHB Eye on Housing - Multifamily,https://eyeonhousing.org/2026/03/multifamily-absorption-rate-remains-below-50/,Low
2026-08-10,20260810-233522-b4607a70,PRJ-20260810-0169,Office-to-Residential Conversion - Other / Unknown - Commonwealth Development Partners Break Ground on $162M Office-to-Residential Multifamily...,80,LC-20260810-081,art_c49101dd4881b591,Missing Middle Weakness,https://eyeonhousing.org/2026/01/missing-middle-weakness/,"Mon, 19 Jan 2026 13:35:00 +0000","Missing Middle Weakness – Eye On Housing Skip to content Missing Middle Weakness January 19, 2026 Robert Dietz No Comments The missing middle construction sector includes development of medium-density housing, such as townhouses, duplexes and other small multifamily properties. The multifamily segment of the missing middle (apartments in 2- to 4-unit properties) has generally disappointed since the Great Recession. For the third quarter of 2025, there were 4,000 2- to 4-unit housing unit constru",valid,title/source/url metadata are internally consistent,Development Activity,Market Intelligence,repeat_penalized,,,,,2026-01-19,2026-08-10,203,old_31d_plus,archive,published date parsed; article age 203 day(s),5,open,,,,Development Start - Other / Unknown - Missing Middle Weakness,Unknown,Unknown,Apartment,Unknown,Unknown,Unknown Stage,construction_delivery_watch,matched development / asset strategy execution,Unknown Stage,Reappearing,20,23,Unknown Timing,Unknown,Unknown,Unknown,Unknown,Low relevance,Monitor lifecycle signal for repeated confirmation,Unknown Stage; Development Start; No explicit timing reference,Missing Middle Weakness,NAHB Eye on Housing - Multifamily,https://eyeonhousing.org/2026/01/missing-middle-weakness/,Low
2026-08-10,20260810-233522-b4607a70,PRJ-20260810-0169,Office-to-Residential Conversion - Other / Unknown - Commonwealth Development Partners Break Ground on $162M Office-to-Residential Multifamily...,80,LC-20260810-082,art_266f44ae4fd99ed0,2026 Resident Experience Management Report,https://www.multifamilyexecutive.com/premium/whitepaper/753766,"Thu, 25 Jun 2026 15:50:39 +0000","eBook 2026 Resident Experience Management Report Cover_Zego.png Resident retention is moving in the wrong direction at exactly the moment multifamily operators can least afford it. After reaching 60% in 2024, average retention rates have slipped to 57%. That three-point decline might look modest on a spreadsheet, but with turnover costing operators roughly $4,000 per unit, even a small dip in performance adds up to a significant hit to NOI across a portfolio. While property managers frequently a",low_value_promotional,promotional/event keyword: whitepaper,Excluded,,repeat_penalized,,,,,2026-06-25,2026-08-10,46,old_31d_plus,old,published date parsed; article age 46 day(s),0,open,,,,General Project Signal - Other / Unknown - 2026 Resident Experience Management Report,Unknown,Unknown,Multifamily,Unknown,Unknown,Unknown Stage,construction_delivery_watch,matched development / asset strategy execution,Unknown Stage,Reappearing,20,23,Unknown Timing,Unknown,Unknown,Unknown,Unknown,Low relevance,Monitor lifecycle signal for repeated confirmation,Unknown Stage; General Asset Signal; 2026,2026 Resident Experience Management Report,Multifamily Executive,https://www.multifamilyexecutive.com/premium/whitepaper/753766,Low
2026-08-10,20260810-233522-b4607a70,PRJ-20260810-0169,Office-to-Residential Conversion - Other / Unknown - Commonwealth Development Partners Break Ground on $162M Office-to-Residential Multifamily...,80,LC-20260810-084,art_bbf68370d5e8064d,First Quarter 2026 Multifamily Construction Data,https://eyeonhousing.org/2026/05/first-quarter-2026-multifamily-construction-data/,"Tue, 26 May 2026 12:31:00 +0000","First Quarter 2026 Multifamily Construction Data – Eye On Housing Skip to content First Quarter 2026 Multifamily Construction Data May 26, 2026 Robert Dietz No Comments According to NAHB analysis of quarterly Census data, the count of multifamily, for-rent housing starts increased year-over-year during the first quarter of 2026. For the quarter, 107,000 multifamily residences started construction. Of this total, 103,000 were built-for-rent. This built-for-rent total was 21% higher than in the fi",valid,title/source/url metadata are internally consistent,Market Intelligence,,repeat_penalized,,,,,2026-05-26,2026-08-10,76,old_31d_plus,archive,published date parsed; article age 76 day(s),5,open,,,,Development Start - Other / Unknown - First Quarter 2026 Multifamily Construction Data,Unknown,Unknown,Multifamily,Unknown,Unknown,Unknown Stage,construction_delivery_watch,matched development / asset strategy execution,Unknown Stage,Reappearing,20,21,Immediate / 0-3 Months,Unknown,Unknown,Unknown,Unknown,Low relevance,Monitor lifecycle signal for repeated confirmation,Unknown Stage; Development Start; 2026,First Quarter 2026 Multifamily Construction Data,NAHB Eye on Housing - Multifamily,https://eyeonhousing.org/2026/05/first-quarter-2026-multifamily-construction-data/,Low
2026-08-10,20260810-233522-b4607a70,PRJ-20260810-0169,Office-to-Residential Conversion - Other / Unknown - Commonwealth Development Partners Break Ground on $162M Office-to-Residential Multifamily...,80,LC-20260810-085,art_695932dbcd227470,Fourth Quarter 2025 Multifamily Construction Data,https://eyeonhousing.org/2026/03/fourth-quarter-2025-multifamily-construction-data/,"Thu, 19 Mar 2026 12:35:00 +0000","Fourth Quarter 2025 Multifamily Construction Data – Eye On Housing Skip to content Fourth Quarter 2025 Multifamily Construction Data March 19, 2026 Robert Dietz No Comments According to NAHB analysis of quarterly Census data, the count of multifamily, for-rent housing starts increased year-over-year during the fourth quarter of 2025. For the quarter, 96,000 multifamily residences started construction. Of this total, 91,000 were built-for-rent. This built-for-rent total was 18% higher than in the",valid,title/source/url metadata are internally consistent,Market Intelligence,,repeat_penalized,,,,,2026-03-19,2026-08-10,144,old_31d_plus,archive,published date parsed; article age 144 day(s),5,open,,,,Development Start - Other / Unknown - Fourth Quarter 2025 Multifamily Construction Data,Unknown,Unknown,Multifamily,Unknown,Unknown,Unknown Stage,construction_delivery_watch,matched development / asset strategy execution,Unknown Stage,Reappearing,20,21,Immediate / 0-3 Months,Unknown,Unknown,Unknown,Unknown,Low relevance,Monitor lifecycle signal for repeated confirmation,Unknown Stage; Development Start; 2025,Fourth Quarter 2025 Multifamily Construction Data,NAHB Eye on Housing - Multifamily,https://eyeonhousing.org/2026/03/fourth-quarter-2025-multifamily-construction-data/,Low
2026-08-10,20260810-233522-b4607a70,PRJ-20260810-0169,Office-to-Residential Conversion - Other / Unknown - Commonwealth Development Partners Break Ground on $162M Office-to-Residential Multifamily...,80,LC-20260810-086,art_a18108b1d53a8afa,Overall Housing Starts Inch Lower in 2025,https://eyeonhousing.org/2026/02/overall-housing-starts-inch-lower-in-2025/,"Wed, 18 Feb 2026 16:14:47 +0000","Really insightful breakdown of the 2025 housing starts data. The 6.9% decline in single-family starts is concerning, especially for buyers already battling affordability challenges. What stands out to us is the regional divergence — the Northeast and Midwest posting gains while the South dropped 4.0% is a pattern we’re actively seeing on the ground with sellers. The rise in multifamily at 17.4% makes sense given where rent vs. buy economics currently sit. As a home buying company, we’re noticing",valid,title/source/url metadata are internally consistent,Market Intelligence,,repeat_penalized,,,,,2026-02-18,2026-08-10,173,old_31d_plus,archive,published date parsed; article age 173 day(s),5,open,,,,Development Start - Other / Unknown - Overall Housing Starts Inch Lower in 2025,Unknown,Unknown,Multifamily,Unknown,Unknown,Unknown Stage,construction_delivery_watch,matched development / asset strategy execution,Unknown Stage,Reappearing,20,21,Immediate / 0-3 Months,Unknown,Unknown,Unknown,Unknown,Low relevance,Monitor lifecycle signal for repeated confirmation,Unknown Stage; Development Start; in 2025,Overall Housing Starts Inch Lower in 2025,NAHB Eye on Housing - Multifamily,https://eyeonhousing.org/2026/02/overall-housing-starts-inch-lower-in-2025/,Low
2026-08-10,20260810-233522-b4607a70,PRJ-20260810-0169,Office-to-Residential Conversion - Other / Unknown - Commonwealth Development Partners Break Ground on $162M Office-to-Residential Multifamily...,80,LC-20260810-087,art_7836a522c6b8b1a5,Third Quarter 2025 Multifamily Construction Data,https://eyeonhousing.org/2026/01/third-quarter-2025-multifamily-construction-data/,"Tue, 20 Jan 2026 13:35:00 +0000","Third Quarter 2025 Multifamily Construction Data – Eye On Housing Skip to content Third Quarter 2025 Multifamily Construction Data January 20, 2026 Robert Dietz No Comments According to NAHB analysis of quarterly Census data, the count of multifamily, for-rent housing starts increased during the third quarter of 2025. For the quarter, 119,000 multifamily residences started construction. Of this total, 114,000 were built-for-rent. This built-for-rent total was 31% higher than the third quarter of",valid,title/source/url metadata are internally consistent,Market Intelligence,,repeat_penalized,,,,,2026-01-20,2026-08-10,202,old_31d_plus,archive,published date parsed; article age 202 day(s),5,open,,,,Development Start - Other / Unknown - Third Quarter 2025 Multifamily Construction Data,Unknown,Unknown,Multifamily,Unknown,Unknown,Unknown Stage,construction_delivery_watch,matched development / asset strategy execution,Unknown Stage,Reappearing,20,21,Immediate / 0-3 Months,Unknown,Unknown,Unknown,Unknown,Low relevance,Monitor lifecycle signal for repeated confirmation,Unknown Stage; Development Start; 2025,Third Quarter 2025 Multifamily Construction Data,NAHB Eye on Housing - Multifamily,https://eyeonhousing.org/2026/01/third-quarter-2025-multifamily-construction-data/,Low
2026-08-10,20260810-233522-b4607a70,PRJ-20260810-0169,Office-to-Residential Conversion - Other / Unknown - Commonwealth Development Partners Break Ground on $162M Office-to-Residential Multifamily...,80,LC-20260810-088,art_d4039cdfbf50dd7d,NAHB HBGI: Micro Markets Lone Bright Spot for Single-Family Building in Fourth Quarter,https://eyeonhousing.org/2026/03/nahb-hbgi-micro-markets-lone-bright-spot-for-single-family-building-in-fourth-quarter/,"Mon, 30 Mar 2026 15:01:25 +0000","NAHB HBGI: Micro Markets Lone Bright Spot for Single-Family Building in Fourth Quarter – Eye On Housing Skip to content NAHB HBGI: Micro Markets Lone Bright Spot for Single-Family Building in Fourth Quarter March 30, 2026 Jesse Wade No Comments Single-family construction declined further in the fourth quarter in all but sparsely populated micro counties, according to the NAHB Home Building Geography Index (HBGI). Meanwhile, multifamily construction showed growth in all markets for the first time",valid,title/source/url metadata are internally consistent,Market Intelligence,,repeat_penalized,,,,,2026-03-30,2026-08-10,133,old_31d_plus,archive,published date parsed; article age 133 day(s),5,open,,,,Disposition / Exit - Other / Unknown - NAHB HBGI: Micro Markets Lone Bright Spot for Single-Family Building in Fourth Quarter,Unknown,Unknown,Multifamily,Unknown,Unknown,Unknown Stage,excluded,transaction / capital guard: disposition,Unknown Stage,Reappearing,20,12,Unknown Timing,Unknown,Unknown,Unknown,Unknown,Low relevance,Monitor lifecycle signal for repeated confirmation,Unknown Stage; General Asset Signal; No explicit timing reference,NAHB HBGI: Micro Markets Lone Bright Spot for Single-Family Building in Fourth Quarter,NAHB Eye on Housing - Multifamily,https://eyeonhousing.org/2026/03/nahb-hbgi-micro-markets-lone-bright-spot-for-single-family-building-in-fourth-quarter/,Low
