run_date,run_id,canonical_project_id,canonical_project_name,project_identity_confidence,lifecycle_id,canonical_article_id,title,original_url,published,summary,article_integrity_status,article_integrity_reason,primary_display_section,secondary_display_sections,repeat_exposure_status,has_project_anchor,project_anchor_reason,project_anchor_confidence,development_lifecycle_hint,published_date_normalized,collected_date_normalized,article_age_days,freshness_bucket,freshness_status,freshness_reason,freshness_score,access_status,extracted_city,extracted_state,extracted_market_reason,canonical_asset_or_project_name,market,city_or_submarket,residential_sector,gp_or_developer,lender_or_capital_partner,current_lifecycle_stage,primary_development_category,primary_category_reason,previous_lifecycle_stage_if_known,lifecycle_progression_signal,lifecycle_risk_score,lifecycle_opportunity_score,timing_bucket,entitlement_complexity_flag,financing_dependency_flag,construction_execution_flag,lease_up_risk_flag,woomi_lifecycle_relevance,recommended_lifecycle_follow_up,evidence_signals,source_article_title,source,url,confidence_level
2026-09-09,20260909-010459-46ae916b,PRJ-20260909-0048,Construction Financing - California - CEDARst Snags $80M Construction Loan for San Diego Apartments,100,LC-20260909-001,art_9f560a8d5f788047,CEDARst Snags $80M Construction Loan for San Diego Apartments,https://www.connectcre.com/stories/cedarst-snags-80m-construction-loan-for-san-diego-apartments/,"Thu, 03 Sep 2026 21:10:25 +0000","California CRE News In Your Inbox. Sign up for Connect emails to stay informed with CRE stories that are 150 words or less. California + San Diego + Apartments | September 3, 2026 By: Mike Boyd CEDARst Snags $80M Construction Loan for San Diego Apartments CEDARst obtained an $80 million construction financing for The Samuel, a 197-unit Class A multifamily development in San Diego’s North Park neighborhood. JLL worked on behalf of the CEDARst Companies, in arranging the three-year, floating-rate ",valid,title/source/url metadata are internally consistent,Development Activity,GP / Capital Activity,acceptable_repeat,,,,,2026-09-03,2026-09-09,6,fresh_0_3d,fresh,published date parsed; article age 6 day(s),62,open,,,,Construction Financing - California - CEDARst Snags $80M Construction Loan for San Diego Apartments,California,California,Apartment,JLL,JLL,Refinancing / Recapitalization,excluded,transaction / capital guard: loan,Refinancing / Recapitalization,Mature / Operating,59,100,Unknown Timing,Low,High,Low,Low,Relevant to acquisition / JV timing,"Track lender, maturity, debt terms, and recapitalization need",Refinancing / Recapitalization; Refinancing / Recapitalization; No explicit timing reference,CEDARst Snags $80M Construction Loan for San Diego Apartments,Connect CRE California,https://www.connectcre.com/stories/cedarst-snags-80m-construction-loan-for-san-diego-apartments/,High
2026-09-09,20260909-010459-46ae916b,PRJ-20260909-0046,Acquisition - California - Tishman Speyer Acquires 376-Unit Anaheim Rental Community,100,LC-20260909-004,art_bdb55363e81b79f1,Tishman Speyer Acquires 376-Unit Anaheim Rental Community,https://www.connectcre.com/stories/tishman-speyer-acquires-376-unit-anaheim-rental-community/,"Tue, 01 Sep 2026 20:37:20 +0000","California CRE News In Your Inbox. Sign up for Connect emails to stay informed with CRE stories that are 150 words or less. California + Orange County + Apartments | September 1, 2026 By: Mike Boyd Tishman Speyer Acquires 376-Unit Anaheim Rental Community Tishman Speyer acquired Rise, a multifamily community encompassing 376 market-rate apartments in Anaheim’s Platinum Triangle District. MORE Residential has owned the property since 2022. Tishman Speyer acquired the 340,000-square-foot residenti",valid,title/source/url metadata are internally consistent,Development Activity,GP / Capital Activity,repeat_penalized,,,,,2026-09-01,2026-09-09,8,recent_4_14d,recent,published date parsed; article age 8 day(s),55,open,,,,Acquisition - California - Tishman Speyer Acquires 376-Unit Anaheim Rental Community,California,California,Apartment,Freddie Mac,Freddie Mac,Unknown Stage,excluded,transaction / capital guard: acquisition,Unknown Stage,Reappearing,22,100,Unknown Timing,Unknown,Unknown,Unknown,Unknown,General monitoring,Monitor lifecycle signal for repeated confirmation,Unknown Stage; General Asset Signal; No explicit timing reference,Tishman Speyer Acquires 376-Unit Anaheim Rental Community,Connect CRE Orange County,https://www.connectcre.com/stories/tishman-speyer-acquires-376-unit-anaheim-rental-community/,High
2026-09-09,20260909-010459-46ae916b,PRJ-20260909-0023,"Acquisition - Arizona - Evergreen Development Acquires 11.7 Acres in Mesa, Arizona, Plans Mixed-Use Project",100,LC-20260909-002,art_85d1d4970872a29e,"Evergreen Development Acquires 11.7 Acres in Mesa, Arizona, Plans Mixed-Use Project",https://rebusinessonline.com/evergreen-development-acquires-11-7-acres-in-mesa-arizona-plans-mixed-use-project/,2026-09-08T13:07:23Z,"Evergreen Development plans to break ground on the new mixed-use project in the first quarter of 2027. The development will include multifamily and retail components. Acquisitions Arizona Development Mixed-Use Multifamily Restaurant Retail Western Evergreen Development Acquires 11.7 Acres in Mesa, Arizona, Plans Mixed-Use Project by Amy Works September 8, 2026 September 8, 2026 4 MESA, ARIZ. — Evergreen Development has acquired 11.7 acres of land in Mesa, with plans to build a mixed-use project ",valid,title/source/url metadata are internally consistent,Development Activity,GP / Capital Activity,new_or_fresh,,,,,2026-09-08,2026-09-09,1,fresh_0_3d,fresh,published date parsed; article age 1 day(s),100,open,,,,"Acquisition - Arizona - Evergreen Development Acquires 11.7 Acres in Mesa, Arizona, Plans Mixed-Use Project",Arizona,Arizona,Mixed-Use Residential,Brookfield,Unknown,Site Acquisition / Site Control,site_parcel_activity,site/parcel signal with project anchor: acres + development/site signal,,Reappearing,13,100,Unknown Timing,Low,Low,Low,Low,Relevant to acquisition / JV timing,Monitor lifecycle signal for repeated confirmation,Site Acquisition / Site Control; General Asset Signal; No explicit timing reference,"Evergreen Development Acquires 11.7 Acres in Mesa, Arizona, Plans Mixed-Use Project",REBusiness Online,https://rebusinessonline.com/evergreen-development-acquires-11-7-acres-in-mesa-arizona-plans-mixed-use-project/,High
2026-09-09,20260909-010459-46ae916b,PRJ-20260909-0130,"Entitlement / Permitting - San Francisco / California - New Building Permits Filed In Balboa Reservoir Masterplan, San Francisco",100,LC-20260909-003,art_9d095d8edd4e4893,"New Building Permits Filed In Balboa Reservoir Masterplan, San Francisco",https://sfyimby.com/2026/09/new-building-permits-filed-in-balboa-reservoir-masterplan-san-francisco.html,"Sun, 06 Sep 2026 12:30:30 +0000","Screenshot By: Andrew Nelson 5:30 am on September 6, 2026 New building permits have been filed for three apartment buildings at Balboa Reservoir across from the CCSF Campus in San Francisco . With two sites already under construction, the recent application shows progress on nearly two-thirds of the 1,100-unit master plan. BRIDGE Housing Corporation and AvalonBay Communities are leading the development alongside Mission Housing Development Corporation . Balboa Reservoir Block C, D and G, site ma",valid,title/source/url metadata are internally consistent,Development Activity,,acceptable_repeat,,,,,2026-09-06,2026-09-09,3,fresh_0_3d,fresh,published date parsed; article age 3 day(s),62,access_limited,,,,"Entitlement / Permitting - San Francisco / California - New Building Permits Filed In Balboa Reservoir Masterplan, San Francisco",Unknown,San Francisco,Apartment,AvalonBay,Unknown,Building Permit / Construction Permit,approval_watch,matched permit,Building Permit / Construction Permit,Reappearing,10,100,Unknown Timing,Low,Low,Low,Low,High relevance to development timing,"Monitor permit issuance, financing, and construction-start timing",Building Permit / Construction Permit; Building permit signal; Construction-Ready Pipeline; No explicit timing reference,"New Building Permits Filed In Balboa Reservoir Masterplan, San Francisco",SF YIMBY,https://sfyimby.com/2026/09/new-building-permits-filed-in-balboa-reservoir-masterplan-san-francisco.html,High
2026-09-09,20260909-010459-46ae916b,PRJ-20260909-0023,"Acquisition - Arizona - Evergreen Development Acquires 11.7 Acres in Mesa, Arizona, Plans Mixed-Use Project",100,LC-20260909-028,art_85d1d4970872a29e,"Evergreen Development Acquires 11.7 Acres in Mesa, Arizona, Plans Mixed-Use Project",https://rebusinessonline.com/evergreen-development-acquires-11-7-acres-in-mesa-arizona-plans-mixed-use-project/,2026-09-08T13:07:23Z,"Evergreen Development plans to break ground on the new mixed-use project in the first quarter of 2027. The development will include multifamily and retail components. Acquisitions Arizona Development Mixed-Use Multifamily Restaurant Retail Western Evergreen Development Acquires 11.7 Acres in Mesa, Arizona, Plans Mixed-Use Project by Amy Works September 8, 2026 September 8, 2026 4 MESA, ARIZ. — Evergreen Development has acquired 11.7 acres of land in Mesa, with plans to build a mixed-use project ",valid,title/source/url metadata are internally consistent,Development Activity,GP / Capital Activity,new_or_fresh,True,execution milestone: lease-up; project/asset term: project,high,Leasing / Lease-Up,2026-09-08,2026-09-09,1,fresh_0_3d,fresh,published date parsed; article age 1 day(s),100,open,,,,"Evergreen Development Acquires 11.7 Acres in Mesa, Arizona, Plans Mixed-Use Project",Arizona,Unknown,Mixed-Use Residential,Brookfield,Unknown,Site Acquisition / Site Control,site_parcel_activity,site/parcel signal with project anchor: plans to build,,Reappearing,10,100,Unknown Timing,Low,Low,Low,Low,Relevant to acquisition / JV timing,Monitor lifecycle signal for repeated confirmation,Site Acquisition / Site Control; Acquisition / Site Control; 2027,"Evergreen Development Acquires 11.7 Acres in Mesa, Arizona, Plans Mixed-Use Project",REBusiness Online,https://rebusinessonline.com/evergreen-development-acquires-11-7-acres-in-mesa-arizona-plans-mixed-use-project/,High
2026-09-09,20260909-010459-46ae916b,PRJ-20260909-0137,Disposition / Exit - Miami / Florida - Cortland Offloads 812 West Palm Beach Apartment Units for $208M,100,LC-20260909-019,art_80c755924a66e3e6,Cortland Offloads 812 West Palm Beach Apartment Units for $208M,https://www.connectcre.com/stories/cortland-offloads-812-west-palm-beach-apartment-units-for-208m/,"Fri, 28 Aug 2026 17:55:28 +0000","Florida & Gulf Coast CRE News In Your Inbox. Sign up for Connect emails to stay informed with CRE stories that are 150 words or less. Florida & Gulf Coast + South Florida + Apartments | August 28, 2026 By: Mike Boyd Cortland Offloads 812 West Palm Beach Apartment Units for $208M The Portofino Place east and west apartment community in West Palm Beach sold for a combined $208 million in two deeds. Cortland Partners sold the 812 apartments at 4400 and 4600 Portofino Way to Fairfield Residential. I",valid,title/source/url metadata are internally consistent,Development Activity,GP / Capital Activity,repeat_penalized,,,,,2026-08-28,2026-09-09,12,recent_4_14d,recent,published date parsed; article age 12 day(s),55,open,,,,Disposition / Exit - Miami / Florida - Cortland Offloads 812 West Palm Beach Apartment Units for $208M,Unknown,South Florida,Apartment,Fairfield Residential,Unknown,Site Acquisition / Site Control,excluded,transaction / capital guard: disposition,Site Acquisition / Site Control,Reappearing,9,100,Unknown Timing,Low,Low,Low,Low,Relevant to acquisition / JV timing,Monitor lifecycle signal for repeated confirmation,Site Acquisition / Site Control; General Asset Signal; No explicit timing reference,Cortland Offloads 812 West Palm Beach Apartment Units for $208M,Connect CRE South Florida,https://www.connectcre.com/stories/cortland-offloads-812-west-palm-beach-apartment-units-for-208m/,High
2026-09-09,20260909-010459-46ae916b,PRJ-20260909-0030,"General Project Signal - Atlanta / Georgia - Kennedy Wilson, Shimizu Corp. partner on $139M multifamily build in Georgia",100,LC-20260909-008,art_d5466c213569e499,"Kennedy Wilson, Shimizu Corp. partner on $139M multifamily build in Georgia",https://www.multifamilydive.com/news/kennedy-wilson-shimizu-corp-multifamily-georgia/829087/,"Thu, 03 Sep 2026 09:09:00 -0400","An article from Kennedy Wilson, Shimizu Corp. partner on $139M multifamily build in Georgia The 382-unit Atlanta-area Caldwell project is Kennedy Wilson’s first ground-up apartment development in the state. Published Sept. 3, 2026 Julie Strupp Senior Editor Share Copy link Email LinkedIn X/Twitter Facebook Print License Add us on Google Rendering of Caldwell in Sandy Springs, Ga. Courtesy of Kennedy Wilson Listen to the article 5 min This audio is auto-generated. Please let us know if you have f",valid,title/source/url metadata are internally consistent,Development Activity,,acceptable_repeat,,,,,2026-09-03,2026-09-09,6,fresh_0_3d,fresh,published date parsed; article age 6 day(s),62,open,,,,"General Project Signal - Atlanta / Georgia - Kennedy Wilson, Shimizu Corp. partner on $139M multifamily build in Georgia",Unknown,Atlanta,Apartment,Kennedy Wilson,Unknown,Unknown Stage,construction_delivery_watch,matched development / asset strategy execution,Unknown Stage,Reappearing,20,96,Unknown Timing,Unknown,Unknown,Unknown,Unknown,General monitoring,Monitor lifecycle signal for repeated confirmation,Unknown Stage; General Asset Signal; No explicit timing reference,"Kennedy Wilson, Shimizu Corp. partner on $139M multifamily build in Georgia",Multifamily Dive,https://www.multifamilydive.com/news/kennedy-wilson-shimizu-corp-multifamily-georgia/829087/,High
2026-09-09,20260909-010459-46ae916b,PRJ-20260909-0082,Disposition / Exit - Miami / Florida - Cortland Offloads 812 West Palm Beach Apartment Units for $208M,100,LC-20260909-036,art_80c755924a66e3e6,Cortland Offloads 812 West Palm Beach Apartment Units for $208M,https://www.connectcre.com/stories/cortland-offloads-812-west-palm-beach-apartment-units-for-208m/,"Fri, 28 Aug 2026 17:55:28 +0000","Florida & Gulf Coast CRE News In Your Inbox. Sign up for Connect emails to stay informed with CRE stories that are 150 words or less. Florida & Gulf Coast + South Florida + Apartments | August 28, 2026 By: Mike Boyd Cortland Offloads 812 West Palm Beach Apartment Units for $208M The Portofino Place east and west apartment community in West Palm Beach sold for a combined $208 million in two deeds. Cortland Partners sold the 812 apartments at 4400 and 4600 Portofino Way to Fairfield Residential. I",valid,title/source/url metadata are internally consistent,Development Activity,GP / Capital Activity,repeat_penalized,True,unit/site count: 812 apartments; address/street: 4400 and 4600 portofino way; project/asset term: community,high,Project / Asset,2026-08-28,2026-09-09,12,recent_4_14d,recent,published date parsed; article age 12 day(s),55,open,,,,Cortland Offloads 812 West Palm Beach Apartment Units for $208M,Miami / Florida,Unknown,Apartment,Fairfield Residential,Unknown,Site Acquisition / Site Control,excluded,transaction override: operating asset sale/acquisition,Site Acquisition / Site Control,Reappearing,8,96,Unknown Timing,Low,Low,Low,Low,Relevant to acquisition / JV timing,Monitor lifecycle signal for repeated confirmation,Site Acquisition / Site Control; General Asset Signal; 2026,Cortland Offloads 812 West Palm Beach Apartment Units for $208M,Connect CRE South Florida,https://www.connectcre.com/stories/cortland-offloads-812-west-palm-beach-apartment-units-for-208m/,High
2026-09-09,20260909-010459-46ae916b,PRJ-20260909-0132,Disposition / Exit - Santa Monica / California - Marcus & Millichap Brokers Two Santa Monica Multifamily Sales Each Exceeding $1M Per Unit,100,LC-20260909-010,art_4571c92526f0ab79,Marcus & Millichap Brokers Two Santa Monica Multifamily Portfolio Sales,https://yieldpro.com/2026/09/947-4th-street/,"Tue, 08 Sep 2026 18:40:15 +0000","Deal boom News Pacific region Facebook Twitter Linkedin Marcus & Millichap (NYSE: MMI) , a leading commercial real estate brokerage firm specializing in investment sales, financing, research and advisory services, announced the sale of two multifamily properties at 947 4th St . and 914 5th St. in Santa Monica, California. Each property sold for more than $1 million per unit, or a combined price of $10.25 million. “The fact that both properties achieved more than $1 million per unit demonstrates ",valid,title/source/url metadata are internally consistent,Development Activity,GP / Capital Activity; Market Intelligence,new_or_fresh,,,,,2026-09-08,2026-09-09,1,fresh_0_3d,fresh,published date parsed; article age 1 day(s),100,open,,,,Disposition / Exit - Santa Monica / California - Marcus & Millichap Brokers Two Santa Monica Multifamily Portfolio Sales,California,Santa Monica,Multifamily,Marcus & Millichap,Unknown,Unknown Stage,excluded,transaction / capital guard: disposition,,Reappearing,20,93,Unknown Timing,Unknown,Unknown,Unknown,Unknown,General monitoring,Monitor lifecycle signal for repeated confirmation,Unknown Stage; General Asset Signal; No explicit timing reference,Marcus & Millichap Brokers Two Santa Monica Multifamily Portfolio Sales,Yield PRO,https://yieldpro.com/2026/09/947-4th-street/,High
2026-09-09,20260909-010459-46ae916b,PRJ-20260909-0132,Disposition / Exit - Santa Monica / California - Marcus & Millichap Brokers Two Santa Monica Multifamily Sales Each Exceeding $1M Per Unit,100,LC-20260909-011,art_4ef38ce6f1eb6b54,Marcus & Millichap Brokers Two Santa Monica Multifamily Sales Each Exceeding $1M Per Unit,https://yieldpro.com/2026/09/914-5th/,"Mon, 07 Sep 2026 16:00:38 +0000","Deal boom News Facebook Twitter Linkedin Marcus & Millichap (NYSE: MMI) , a leading commercial real estate brokerage firm specializing in investment sales, financing, research and advisory services, announced the sale of two multifamily properties at 947 4th St. and 914 5th St. in Santa Monica, California. Each property sold for more than $1 million per unit, or a combined price of $10.25 million. “The fact that both properties achieved more than $1 million per unit demonstrates the premium buye",valid,title/source/url metadata are internally consistent,Development Activity,GP / Capital Activity; Market Intelligence,new_or_fresh,,,,,2026-09-07,2026-09-09,2,fresh_0_3d,fresh,published date parsed; article age 2 day(s),100,open,,,,Disposition / Exit - Santa Monica / California - Marcus & Millichap Brokers Two Santa Monica Multifamily Sales Each Exceeding $1M Per Unit,California,Santa Monica,Multifamily,Marcus & Millichap,Unknown,Unknown Stage,excluded,transaction / capital guard: disposition,,Reappearing,20,93,Unknown Timing,Unknown,Unknown,Unknown,Unknown,General monitoring,Monitor lifecycle signal for repeated confirmation,Unknown Stage; General Asset Signal; No explicit timing reference,Marcus & Millichap Brokers Two Santa Monica Multifamily Sales Each Exceeding $1M Per Unit,Yield PRO,https://yieldpro.com/2026/09/914-5th/,High
2026-09-09,20260909-010459-46ae916b,PRJ-20260909-0037,Refinancing - Austin / Texas - Walker & Dunlop Arranges $46.5M Loan for Refinancing of Metro Austin Apartment Community,100,LC-20260909-012,art_68fc7e59b18b3074,Walker & Dunlop Arranges $46.5M Loan for Refinancing of Metro Austin Apartment Community,https://rebusinessonline.com/walker-dunlop-arranges-46-5m-loan-for-refinancing-of-metro-austin-apartment-community/,2026-09-08T15:21:35Z,"River Junction in Leander totals 329 units. The property was built in 2024. Loans Multifamily Texas Walker & Dunlop Arranges $46.5M Loan for Refinancing of Metro Austin Apartment Community by Taylor Williams September 8, 2026 September 8, 2026 3 LEANDER, TEXAS — Walker & Dunlop has arranged a $46.5 million bridge loan for the refinancing of River Junction, a 329-unit apartment community located in the northern Austin suburb of Leander. Completed in 2024, River Junction comprises 15 buildings tha",valid,title/source/url metadata are internally consistent,Development Activity,GP / Capital Activity,new_or_fresh,,,,,2026-09-08,2026-09-09,1,fresh_0_3d,fresh,published date parsed; article age 1 day(s),100,open,,,,Refinancing - Austin / Texas - Walker & Dunlop Arranges $46.5M Loan for Refinancing of Metro Austin Apartment Community,Unknown,Austin,Apartment,Walker & Dunlop,walker & dunlop,Delivery / Opening,excluded,transaction / capital guard: refinancing,,Mature / Operating,36,92,Unknown Timing,Low,High,Low,Medium,Relevant to underwriting benchmark,"Benchmark delivery, lease-up, occupancy, and rent assumptions",Delivery / Opening; Completed / opened; Refinancing / Recapitalization; Completed,Walker & Dunlop Arranges $46.5M Loan for Refinancing of Metro Austin Apartment Community,REBusiness Online,https://rebusinessonline.com/walker-dunlop-arranges-46-5m-loan-for-refinancing-of-metro-austin-apartment-community/,High
2026-09-09,20260909-010459-46ae916b,PRJ-20260909-0049,Disposition / Exit - California - Marcus & Millichap Closes Sale of Bay Area Assisted Living,100,LC-20260909-017,art_6d0fd8900f5df74f,Marcus & Millichap Closes Sale of Bay Area Assisted Living,https://www.connectcre.com/stories/marcus-millichap-closes-sale-of-bay-area-assisted-living/,"Tue, 08 Sep 2026 20:34:22 +0000","California CRE News In Your Inbox. Sign up for Connect emails to stay informed with CRE stories that are 150 words or less. California + Bay Area + Senior Housing | September 8, 2026 By: Paul Bubny Marcus & Millichap Closes Sale of Bay Area Assisted Living Marcus & Millichap recently closed the sale of Mission Villas, a 34-unit assisted living property with more than 50 beds in Daly City. The property sold for $10.65 million, or $313,235 per unit. “Investor demand for well-located senior housing",valid,title/source/url metadata are internally consistent,Development Activity,GP / Capital Activity,new_or_fresh,,,,,2026-09-08,2026-09-09,1,fresh_0_3d,fresh,published date parsed; article age 1 day(s),100,open,,,,Disposition / Exit - California - Marcus & Millichap Closes Sale of Bay Area Assisted Living,California,California,Student Housing,Marcus & Millichap,Unknown,Unknown Stage,excluded,transaction / capital guard: disposition,,Reappearing,22,92,Unknown Timing,Unknown,Unknown,Unknown,Unknown,General monitoring,Monitor lifecycle signal for repeated confirmation,Unknown Stage; General Asset Signal; No explicit timing reference,Marcus & Millichap Closes Sale of Bay Area Assisted Living,Connect CRE,https://www.connectcre.com/stories/marcus-millichap-closes-sale-of-bay-area-assisted-living/,High
2026-09-09,20260909-010459-46ae916b,PRJ-20260909-0128,Acquisition - Riverside / California - What multifamily firms bought and sold this summer,100,LC-20260909-018,art_b3cd60f67845fb11,What multifamily firms bought and sold this summer,https://www.multifamilydive.com/news/multifamily-firms-bought-sold-summer/829444/,"Thu, 03 Sep 2026 11:52:00 -0400","An article from What multifamily firms bought and sold this summer Camden made a major sale while firms like Knightvest, the Scion Group and Tishman Speyer acquired new properties. Published Sept. 3, 2026 Julie Strupp Senior Editor Share Copy link Email LinkedIn X/Twitter Facebook Print Add us on Google Elme reached a deal to sell The Riverside Apartments in Alexandria, Va. at the end of July. Retrieved from Elme Communities on July 27, 2026 Multifamily firms have been actively acquiring and off",valid,title/source/url metadata are internally consistent,Development Activity,GP / Capital Activity,acceptable_repeat,,,,,2026-09-03,2026-09-09,6,fresh_0_3d,fresh,published date parsed; article age 6 day(s),62,open,,,,Acquisition - Riverside / California - What multifamily firms bought and sold this summer,Unknown,Riverside,Apartment,Scion Group,Unknown,Unknown Stage,excluded,transaction / capital guard: acquisition,Unknown Stage,Reappearing,20,92,Unknown Timing,Unknown,Unknown,Unknown,Unknown,General monitoring,Monitor lifecycle signal for repeated confirmation,Unknown Stage; General Asset Signal; No explicit timing reference,What multifamily firms bought and sold this summer,Multifamily Dive,https://www.multifamilydive.com/news/multifamily-firms-bought-sold-summer/829444/,High
2026-09-09,20260909-010459-46ae916b,PRJ-20260909-0076,"New Building Permits Filed In Balboa Reservoir Masterplan, San Francisco",80,LC-20260909-066,,"New Building Permits Filed In Balboa Reservoir Masterplan, San Francisco",https://sfyimby.com/2026/09/new-building-permits-filed-in-balboa-reservoir-masterplan-san-francisco.html,,,,,,,,,,,,,,,unknown_date,unknown_date_review,derived row did not carry source published date,,,,,,"New Building Permits Filed In Balboa Reservoir Masterplan, San Francisco",San Francisco / California,Los Angeles,Apartment,,Unknown,Building Permit / Construction Permit,approval_watch,matched permit,Building Permit / Construction Permit,Reappearing,4,92,Unknown Timing,Low,Low,Low,Low,High relevance to development timing,"Monitor permit issuance, financing, and construction-start timing",Building Permit / Construction Permit; Building permit signal; Construction-Ready Pipeline; 2026,"New Building Permits Filed In Balboa Reservoir Masterplan, San Francisco",SF YIMBY,https://sfyimby.com/2026/09/new-building-permits-filed-in-balboa-reservoir-masterplan-san-francisco.html,High
2026-09-09,20260909-010459-46ae916b,PRJ-20260909-0136,"Construction Financing - Miami / Florida - Gatsby Florida Inks $118.6M Construction Loan for Palm Beach Gardens Offices, Retail",100,LC-20260909-035,art_96430a53e188d797,"Gatsby Florida Inks $118.6M Construction Loan for Palm Beach Gardens Offices, Retail",https://www.connectcre.com/stories/gatsby-florida-inks-118-6m-construction-loan-for-palm-beach-gardens-offices-retail/,"Tue, 01 Sep 2026 13:30:09 +0000","Florida & Gulf Coast CRE News In Your Inbox. Sign up for Connect emails to stay informed with CRE stories that are 150 words or less. Florida & Gulf Coast + South Florida + Office | September 1, 2026 By: Mike Boyd Gatsby Florida Inks $118.6M Construction Loan for Palm Beach Gardens Offices, Retail Berkadia arranged a $118.6 million loan on behalf of Gatsby Florida for the construction of The Palm, Palm Beach Gardens. Upon completion in 2028, the eight-story, 200,000-square-foot development will ",valid,title/source/url metadata are internally consistent,Development Activity,GP / Capital Activity,repeat_penalized,,,,,2026-09-01,2026-09-09,8,recent_4_14d,recent,published date parsed; article age 8 day(s),55,open,,,,"Construction Financing - Miami / Florida - Gatsby Florida Inks $118.6M Construction Loan for Palm Beach Gardens Offices, Retail",Unknown,South Florida,General Residential,Berkadia,Berkadia,Refinancing / Recapitalization,excluded,transaction / capital guard: loan,Refinancing / Recapitalization,Mature / Operating,48,91,Unknown Timing,Low,High,Low,Low,Relevant to acquisition / JV timing,"Track lender, maturity, debt terms, and recapitalization need",Refinancing / Recapitalization; Refinancing / Recapitalization; No explicit timing reference,"Gatsby Florida Inks $118.6M Construction Loan for Palm Beach Gardens Offices, Retail",Connect CRE South Florida,https://www.connectcre.com/stories/gatsby-florida-inks-118-6m-construction-loan-for-palm-beach-gardens-offices-retail/,High
2026-09-09,20260909-010459-46ae916b,PRJ-20260909-0073,Office-to-Residential Conversion - Los Angeles / California - Ian Schrager’s West Hollywood Hotel Redevelopment Scores $116M Bridge Financing,80,LC-20260909-033,art_bcb8bc75f1d2963e,Rendering vs. Reality: Apartments at 1408 W. Jefferson Blvd. in Exposition Park,https://la.urbanize.city/post/rendering-vs-reality-apartments-1408-w-jefferson-blvd-exposition-park,"Fri, 04 Sep 2026 13:05:00 +0000","Rendering vs. Reality: Apartments at 1408 W. Jefferson Blvd. in Exposition Park | Urbanize LA Skip to main content Advertisement Advertisement In Exposition Park , completion is nearing for a new affordable housing complex from Orion Capital . Located at 1408 W. Jefferson Boulevard, the project consists of a new seven-story building featuring 70 units of residential units, all ranging from approximately 300 to 350 square feet in size, without on-site parking. View looking south from Jefferson Bo",valid,title/source/url metadata are internally consistent,Development Activity,,repeat_penalized,True,unit/site count: 70 units; address/street: 1408 w. jefferson blvd; site/parcel signal: site; project/asset term: project,high,Approval / Entitlement,2026-09-04,2026-09-09,5,fresh_0_3d,fresh,published date parsed; article age 5 day(s),54,access_limited,,,,Rendering vs. Reality: Apartments at 1408 W. Jefferson Blvd. in Exposition Park,California,Los Angeles,Affordable Housing,,Unknown,Site Acquisition / Site Control,construction_delivery_watch,matched completion,Site Acquisition / Site Control,Reappearing,12,89,Unknown Timing,Low,Low,Low,Low,Relevant to acquisition / JV timing,Monitor lifecycle signal for repeated confirmation,Site Acquisition / Site Control; Affordable / Density Bonus Strategy; No explicit timing reference,Rendering vs. Reality: Apartments at 1408 W. Jefferson Blvd. in Exposition Park,Urbanize LA,https://la.urbanize.city/post/rendering-vs-reality-apartments-1408-w-jefferson-blvd-exposition-park,High
2026-09-09,20260909-010459-46ae916b,PRJ-20260909-0098,Construction Financing - New York City / New York - Affinius Capital Provides $310M Construction Loan for Jersey City Multifamily Project,100,LC-20260909-031,art_b1d138cbf67b25ab,Affinius Capital Provides $310M Construction Loan for Jersey City Multifamily Project,https://rebusinessonline.com/affinius-capital-provides-310m-construction-loan-for-jersey-city-multifamily-project/,2026-09-08T14:28:58Z,Affinius Capital Provides $310M Construction Loan for Jersey City Multifamily Project - REBusinessOnline,valid,title/source/url metadata are internally consistent,Development Activity,GP / Capital Activity,new_or_fresh,,,,,2026-09-08,2026-09-09,1,fresh_0_3d,fresh,published date parsed; article age 1 day(s),100,open,,,,Construction Financing - New York City / New York - Affinius Capital Provides $310M Construction Loan for Jersey City Multifamily Project,Unknown,New York City / New York,Multifamily,Affinius Capital,Unknown,Refinancing / Recapitalization,excluded,transaction / capital guard: loan,,Mature / Operating,48,88,Unknown Timing,Low,High,Low,Low,Relevant to acquisition / JV timing,"Track lender, maturity, debt terms, and recapitalization need",Refinancing / Recapitalization; Refinancing / Recapitalization; No explicit timing reference,Affinius Capital Provides $310M Construction Loan for Jersey City Multifamily Project,REBusiness Online,https://rebusinessonline.com/affinius-capital-provides-310m-construction-loan-for-jersey-city-multifamily-project/,High
2026-09-09,20260909-010459-46ae916b,PRJ-20260909-0122,"Acquisition - Phoenix / Arizona - Evergreen Building Mesa Apartments, Retail",100,LC-20260909-013,art_3cb36cf22ed5bb0c,"Evergreen Building Mesa Apartments, Retail",https://www.connectcre.com/stories/evergreen-building-mesa-apartments-retail/,"Thu, 03 Sep 2026 15:58:16 +0000","Phoenix & Southwest CRE News In Your Inbox. Sign up for Connect emails to stay informed with CRE stories that are 150 words or less. Phoenix & Southwest + Phoenix + Apartments | September 3, 2026 By: Mike Boyd Evergreen Building Mesa Apartments, Retail Evergreen Development acquired an 11.7-acre parcel north of Signal Butte and Warner in Mesa’s Eastmark submarket to build a mixed-use community that pairs multifamily housing with new retail. The property was purchased from Brookfield. The develop",valid,title/source/url metadata are internally consistent,Development Activity,GP / Capital Activity,repeat_penalized,,,,,2026-09-03,2026-09-09,6,fresh_0_3d,fresh,published date parsed; article age 6 day(s),32,open,,,,"Acquisition - Phoenix / Arizona - Evergreen Building Mesa Apartments, Retail",Unknown,Phoenix,Mixed-Use Residential,Brookfield,Unknown,Unknown Stage,excluded,transaction / capital guard: acquisition,Unknown Stage,Reappearing,21,86,Unknown Timing,Unknown,Unknown,Unknown,Unknown,General monitoring,Monitor lifecycle signal for repeated confirmation,Unknown Stage; General Asset Signal; No explicit timing reference,"Evergreen Building Mesa Apartments, Retail",Connect CRE Phoenix,https://www.connectcre.com/stories/evergreen-building-mesa-apartments-retail/,High
2026-09-09,20260909-010459-46ae916b,PRJ-20260909-0096,Development Start - Los Angeles / California - Construction begins for affordable housing at former MacLaren Hall site in El Monte,80,LC-20260909-006,art_c220be8002fdb0a0,Construction begins for affordable housing at former MacLaren Hall site in El Monte,https://la.urbanize.city/post/construction-begins-affordable-housing-former-maclaren-hall-site-el-monte,"Mon, 07 Sep 2026 13:05:00 +0000","Construction begins for affordable housing at former MacLaren Hall site in El Monte | Urbanize LA Skip to main content Advertisement Advertisement At a ceremony last week, National CORE and Prima Development broke ground on a new affordable housing complex at the former MacLaren Children's Center site in El Monte . Planned of the eastern 8.2 acres of the former foster youth shelter, the project is to include 202 homes for households earning between 30 and 70 percent of the area median income. Ro",valid,title/source/url metadata are internally consistent,Development Activity,Market Intelligence,acceptable_repeat,,,,,2026-09-07,2026-09-09,2,fresh_0_3d,fresh,published date parsed; article age 2 day(s),66,access_limited,,,,Development Start - Los Angeles / California - Construction begins for affordable housing at former MacLaren Hall site in El Monte,Unknown,National,Affordable Housing,Unknown,Unknown,Vertical Construction,construction_delivery_watch,matched broke ground,Vertical Construction,Reappearing,21,86,Unknown Timing,Low,Low,Medium,Low,General monitoring,"Benchmark construction timeline, sponsor execution, and delivery risk",Vertical Construction; Construction started; Affordable / Density Bonus Strategy; broke ground,Construction begins for affordable housing at former MacLaren Hall site in El Monte,Urbanize LA,https://la.urbanize.city/post/construction-begins-affordable-housing-former-maclaren-hall-site-el-monte,High
2026-09-09,20260909-010459-46ae916b,PRJ-20260909-0075,Office-to-Residential Conversion - Los Angeles / California - Ian Schrager’s West Hollywood Hotel Redevelopment Scores $116M Bridge Financing,80,LC-20260909-068,,Building Permits Issued For West Oakland BART Affordable Housing,https://sfyimby.com/2026/09/building-permits-issued-for-west-oakland-bart-affordable-housing.html,,,,,,,,,,,,,,,unknown_date,unknown_date_review,derived row did not carry source published date,,,,,,Building Permits Issued For West Oakland BART Affordable Housing,Other / Unknown,Los Angeles,Affordable Housing,,Unknown,Building Permit / Construction Permit,approval_watch,matched permit,,Reappearing,4,86,Unknown Timing,Low,Low,Low,Low,High relevance to development timing,"Monitor permit issuance, financing, and construction-start timing",Building Permit / Construction Permit; Building permit signal; Affordable / Density Bonus Strategy; 2026,Building Permits Issued For West Oakland BART Affordable Housing,SF YIMBY,https://sfyimby.com/2026/09/building-permits-issued-for-west-oakland-bart-affordable-housing.html,High
2026-09-09,20260909-010459-46ae916b,PRJ-20260909-0074,Office-to-Residential Conversion - Los Angeles / California - Ian Schrager’s West Hollywood Hotel Redevelopment Scores $116M Bridge Financing,80,LC-20260909-051,art_c220be8002fdb0a0,Construction begins for affordable housing at former MacLaren Hall site in El Monte,https://la.urbanize.city/post/construction-begins-affordable-housing-former-maclaren-hall-site-el-monte,"Mon, 07 Sep 2026 13:05:00 +0000","Construction begins for affordable housing at former MacLaren Hall site in El Monte | Urbanize LA Skip to main content Advertisement Advertisement At a ceremony last week, National CORE and Prima Development broke ground on a new affordable housing complex at the former MacLaren Children's Center site in El Monte . Planned of the eastern 8.2 acres of the former foster youth shelter, the project is to include 202 homes for households earning between 30 and 70 percent of the area median income. Ro",valid,title/source/url metadata are internally consistent,Development Activity,Market Intelligence,acceptable_repeat,True,unit/site count: 202 homes; execution milestone: broke ground; site/parcel signal: site; project/asset term: project,high,Construction Start,2026-09-07,2026-09-09,2,fresh_0_3d,fresh,published date parsed; article age 2 day(s),66,access_limited,,,,Construction begins for affordable housing at former MacLaren Hall site in El Monte,Los Angeles / California,Los Angeles,Affordable Housing,,Unknown,Vertical Construction,construction_delivery_watch,matched broke ground,Vertical Construction,Reappearing,10,84,Unknown Timing,Low,Low,Medium,Low,General monitoring,"Benchmark construction timeline, sponsor execution, and delivery risk",Vertical Construction; Construction started; Affordable / Density Bonus Strategy; No explicit timing reference,Construction begins for affordable housing at former MacLaren Hall site in El Monte,Urbanize LA,https://la.urbanize.city/post/construction-begins-affordable-housing-former-maclaren-hall-site-el-monte,High
2026-09-09,20260909-010459-46ae916b,PRJ-20260909-0152,Disposition / Exit - Other / Unknown - NAHB HBGI: Micro Markets Lone Bright Spot for Single-Family Building in Fourth Quarter,80,LC-20260909-007,art_8e08ec411bf3ba88,Building Permits Issued For West Oakland BART Affordable Housing,https://sfyimby.com/2026/09/building-permits-issued-for-west-oakland-bart-affordable-housing.html,"Tue, 08 Sep 2026 12:00:42 +0000","Mandela Station Parcel T3 seen from the West Oakland BART Station platform, rendering by AO By: Andrew Nelson 5:00 am on September 8, 2026 Building permits have been issued for the six-story affordable housing infill at 1470 5th Street near the West Oakland BART Station in Alameda County . The proposal will replace surface parking with 240 apartments, with work expected to start as early as next Monday, September 14th. Keystone Development Group is responsible for the application on behalf of th",suspicious_duplicate,source-feed signal bleed suspected,Development Activity,,acceptable_repeat,,,,,2026-09-08,2026-09-09,1,fresh_0_3d,fresh,published date parsed; article age 1 day(s),68,access_limited,,,,JV / Partnership - Other / Unknown - Building Permits Issued For West Oakland BART Affordable Housing,Unknown,Unknown,Affordable Housing,Unknown,Unknown,Building Permit / Construction Permit,approval_watch,matched permit,,Reappearing,21,83,Unknown Timing,Low,Low,Low,Low,High relevance to development timing,"Monitor permit issuance, financing, and construction-start timing",Building Permit / Construction Permit; Building permit signal; Affordable / Density Bonus Strategy; No explicit timing reference,Building Permits Issued For West Oakland BART Affordable Housing,SF YIMBY,https://sfyimby.com/2026/09/building-permits-issued-for-west-oakland-bart-affordable-housing.html,High
2026-09-09,20260909-010459-46ae916b,PRJ-20260909-0036,JV / Partnership - Austin / Texas - NRP Group Breaks Ground on 336-Unit Affordable Housing Project in Southeast Austin,100,LC-20260909-025,art_d8f53b6942c4a732,NRP Group Breaks Ground on 336-Unit Affordable Housing Project in Southeast Austin,https://rebusinessonline.com/nrp-group-breaks-ground-on-336-unit-affordable-housing-project-in-southeast-austin/,2026-09-08T15:24:25Z,"Catalina, a new affordable housing project in southeast Austin, is supported through a collaborative public-private partnership, with tax credit equity provided by Huntington Community Development Corp. PIMCO provided construction and permanent financing, which was arranged by Berkadia. Affordable Housing Development Multifamily Texas NRP Group Breaks Ground on 336-Unit Affordable Housing Project in Southeast Austin by Taylor Williams September 8, 2026 September 8, 2026 3 AUSTIN, TEXAS — The NRP",valid,title/source/url metadata are internally consistent,Development Activity,GP / Capital Activity,new_or_fresh,,,,,2026-09-08,2026-09-09,1,fresh_0_3d,fresh,published date parsed; article age 1 day(s),100,open,,,,JV / Partnership - Austin / Texas - NRP Group Breaks Ground on 336-Unit Affordable Housing Project in Southeast Austin,Unknown,Austin,Affordable Housing,Berkadia,Berkadia,Unknown Stage,construction_delivery_watch,matched breaks ground,,Reappearing,21,82,Unknown Timing,Unknown,Unknown,Unknown,Unknown,General monitoring,Monitor lifecycle signal for repeated confirmation,Unknown Stage; Affordable / Density Bonus Strategy; No explicit timing reference,NRP Group Breaks Ground on 336-Unit Affordable Housing Project in Southeast Austin,REBusiness Online,https://rebusinessonline.com/nrp-group-breaks-ground-on-336-unit-affordable-housing-project-in-southeast-austin/,High
2026-09-09,20260909-010459-46ae916b,PRJ-20260909-0045,JV / Partnership - California - Newmark Arranges Fannie Mae Loan on San Clemente Active-Adult Complex,100,LC-20260909-071,art_22a15f6c44643113,Newmark Arranges Fannie Mae Loan on San Clemente Active-Adult Complex,https://www.connectcre.com/stories/newmark-arranges-fannie-mae-loan-on-san-clemente-active-adult/,"Thu, 13 Aug 2026 19:58:13 +0000","California CRE News In Your Inbox. Sign up for Connect emails to stay informed with CRE stories that are 150 words or less. California + Orange County + Apartments | August 13, 2026 By: Paul Bubny Newmark Arranges Fannie Mae Loan on San Clemente Active-Adult Complex Newmark arranged a $58-million Fannie Mae loan for Everleigh San Clemente, a newly constructed 150-unit Class A active-adult (55+) apartment community in San Clemente. The Fannie Mae financing was arranged by vice chairman Lee Redmon",valid,title/source/url metadata are internally consistent,Development Activity,GP / Capital Activity,repeat_penalized,,,,,2026-08-13,2026-09-09,27,old_31d_plus,old,published date parsed; article age 27 day(s),5,open,,,,JV / Partnership - California - Newmark Arranges Fannie Mae Loan on San Clemente Active-Adult Complex,California,California,Apartment,Fannie Mae,Fannie Mae,Unknown Stage,excluded,transaction / capital guard: loan,Unknown Stage,Reappearing,12,82,Unknown Timing,Unknown,Unknown,Unknown,Unknown,General monitoring,Monitor lifecycle signal for repeated confirmation,Unknown Stage; General Asset Signal; No explicit timing reference,Newmark Arranges Fannie Mae Loan on San Clemente Active-Adult Complex,Connect CRE Orange County,https://www.connectcre.com/stories/newmark-arranges-fannie-mae-loan-on-san-clemente-active-adult/,High
2026-09-09,20260909-010459-46ae916b,PRJ-20260909-0041,Disposition / Exit - New York City / New York - Mann Group Buys Luxury Apartments at 130 Hope Street in Williamsburg,80,LC-20260909-026,art_32574a682ee54c1b,GAIA Lands One-Year Extension on Williamsburg Multifamily Loan,https://www.connectcre.com/stories/gaia-lands-one-year-extension-on-williamsburg-multifamily-loan/,"Tue, 08 Sep 2026 21:15:42 +0000","New York & Tri-State CRE News In Your Inbox. Sign up for Connect emails to stay informed with CRE stories that are 150 words or less. New York & Tri-State + Outer Boroughs + Apartments | September 8, 2026 By: Paul Bubny GAIA Lands One-Year Extension on Williamsburg Multifamily Loan GAIA Real Estate has secured an additional one-year extension of its $48-million loan with Raymond James Bank for 55 Hope, a 117-unit multifamily property in Williamsburg, Brooklyn. The extension pushes the loan’s mat",valid,title/source/url metadata are internally consistent,Development Activity,GP / Capital Activity; Market Intelligence,new_or_fresh,,,,,2026-09-08,2026-09-09,1,fresh_0_3d,fresh,published date parsed; article age 1 day(s),100,open,,,,General Project Signal - New York City / New York - GAIA Lands One-Year Extension on Williamsburg Multifamily Loan,Unknown,Brooklyn,Apartment,Unknown,Unknown,Site Acquisition / Site Control,excluded,transaction / capital guard: loan,,Reappearing,20,81,Unknown Timing,Low,Low,Low,Low,Relevant to acquisition / JV timing,Monitor lifecycle signal for repeated confirmation,Site Acquisition / Site Control; General Asset Signal; No explicit timing reference,GAIA Lands One-Year Extension on Williamsburg Multifamily Loan,Connect CRE,https://www.connectcre.com/stories/gaia-lands-one-year-extension-on-williamsburg-multifamily-loan/,High
2026-09-09,20260909-010459-46ae916b,PRJ-20260909-0146,"General Project Signal - Texas - Oxbow Greenlit for Tobin Hill Apartments, Office Space",80,LC-20260909-060,art_644d107df354b65b,"Oxbow Greenlit for Tobin Hill Apartments, Office Space",https://www.connectcre.com/stories/oxbow-greenlit-for-tobin-hill-apartments-office-space/,"Tue, 08 Sep 2026 16:55:04 +0000","Texas CRE News In Your Inbox. Sign up for Connect emails to stay informed with CRE stories that are 150 words or less. Texas + San Antonio + Apartments | September 8, 2026 By: Mike Boyd Oxbow Greenlit for Tobin Hill Apartments, Office Space A San Antonio planning board has given the go-ahead for an office-and-residential project in Tobin Hill. Oxbow hopes to build 86 apartments and 140,000 square feet of office space at 111 Isleta. The San Antonio Business Journal reports that a third component ",valid,title/source/url metadata are internally consistent,Development Activity,,new_or_fresh,True,unit/site count: 86 apartments; execution milestone: to build; project/asset term: project,high,Project / Asset,2026-09-08,2026-09-09,1,fresh_0_3d,fresh,published date parsed; article age 1 day(s),100,open,,,,"Oxbow Greenlit for Tobin Hill Apartments, Office Space",Texas,Unknown,Apartment,,Unknown,Site Acquisition / Site Control,site_parcel_activity,site/parcel signal with project anchor: to build,,Reappearing,9,81,Unknown Timing,Low,Low,Low,Low,Relevant to acquisition / JV timing,Monitor lifecycle signal for repeated confirmation,Site Acquisition / Site Control; Entitlement Play; 2026,"Oxbow Greenlit for Tobin Hill Apartments, Office Space",Connect CRE Apartments,https://www.connectcre.com/stories/oxbow-greenlit-for-tobin-hill-apartments-office-space/,High
2026-09-09,20260909-010459-46ae916b,PRJ-20260909-0094,General Project Signal - National - Bradford Allen’s Arbor House in Arlington Heights Illinois and Achieves 50% Occupancy,80,LC-20260909-032,art_b4a76aa731bae72d,Gantry Secures $48.3M for Minnesota Class A Multifamily Construction Takeout Loan,https://yieldpro.com/2026/09/the-edison-at-maple-grove-apartments/,"Tue, 08 Sep 2026 19:34:34 +0000","Deal boom News Facebook Twitter Linkedin Gantry , the largest independent commercial mortgage banking firm in the U.S., has secured a $48.3 million permanent loan to retire construction financing for The Edison at Maple Grove apartments located at 9820 Garland Lane North in Maple Grove, a fast-growing suburb about 20 miles northwest of Minneapolis. The two-building, five-story, class A, podium-style building features 248-units over two-stories of heated underground parking with an additional 149",suspicious_mismatch,title/source/url metadata are internally consistent; title and original_url slug appear to reference different articles,Development Activity,GP / Capital Activity,new_or_fresh,True,unit/site count: 248-units; address/street: 9820 garland lane; project/asset term: apartments; project financing tied to anchor: construction financing,high,Project Financing / Capital Event,2026-09-08,2026-09-09,1,fresh_0_3d,fresh,published date parsed; article age 1 day(s),100,open,,,,Gantry Secures $48.3M for Minnesota Class A Multifamily Construction Takeout Loan,National,Unknown,Apartment,Unknown,Unknown,Site Acquisition / Site Control,excluded,transaction / capital guard: loan,,Reappearing,34,80,Unknown Timing,Low,Low,Low,Low,Relevant to acquisition / JV timing,Monitor lifecycle signal for repeated confirmation,Site Acquisition / Site Control; General Asset Signal; No explicit timing reference,Gantry Secures $48.3M for Minnesota Class A Multifamily Construction Takeout Loan,Yield PRO,https://yieldpro.com/2026/09/the-edison-at-maple-grove-apartments/,High
2026-09-09,20260909-010459-46ae916b,PRJ-20260909-0051,Entitlement / Permitting - California - Rendering vs. Reality: Apartments at 1408 W. Jefferson Blvd. in Exposition Park,80,LC-20260909-016,art_1f053474010a28a4,Mixed-use project rises at 1801 E. 4th St. in Santa Ana,https://la.urbanize.city/post/mixed-use-project-rises-1801-e-4th-st-santa-ana,"Fri, 04 Sep 2026 13:10:00 +0000","Mixed-use project rises at 1801 E. 4th St. in Santa Ana | Urbanize LA Skip to main content Advertisement Advertisement Framing is starting to rise for a wrap-style apartment complex at 1801 E. 4th Street in Santa Ana , according to a social media post from Westport Construction. The project from Ledcor Properties, Inc. , which acquired the property four years ago for $51 million, will consist of a pair of five-story buildings wrapping a central parking structures. The completed development is to",valid,title/source/url metadata are internally consistent,Development Activity,Market Intelligence,repeat_penalized,,,,,2026-09-04,2026-09-09,5,fresh_0_3d,fresh,published date parsed; article age 5 day(s),54,access_limited,,,,Acquisition - California - Mixed-use project rises at 1801 E. 4th St. in Santa Ana,California,California,Mixed-Use Residential,Unknown,Unknown,Delivery / Opening,construction_delivery_watch,matched completed,Delivery / Opening,Mature / Operating,23,80,Unknown Timing,Low,Low,Low,Medium,Relevant to underwriting benchmark,"Benchmark delivery, lease-up, occupancy, and rent assumptions",Delivery / Opening; Completed / opened; Lease-Up / Delivery; completed,Mixed-use project rises at 1801 E. 4th St. in Santa Ana,Urbanize LA,https://la.urbanize.city/post/mixed-use-project-rises-1801-e-4th-st-santa-ana,High
2026-09-09,20260909-010459-46ae916b,PRJ-20260909-0060,Mixed-use building starts to rise at 8025 Santa Monica Blvd. in West Hollywood,80,LC-20260909-040,art_f9198f2b83f31d03,Mixed-use building starts to rise at 8025 Santa Monica Blvd. in West Hollywood,https://la.urbanize.city/post/mixed-use-building-starts-rise-8025-santa-monica-blvd-west-hollywood,"Tue, 08 Sep 2026 13:15:00 +0000","Mixed-use building starts to rise at 8025 Santa Monica Blvd. in West Hollywood | Urbanize LA Skip to main content Advertisement Advertisement Months after scoring a $48-million construction loan , and orange tower crane stands high above the intersection of Santa Monica and Crescent Heights Boulevards, where a mixed-use building from Massachi is rising in West Hollywood. The project, which occupies a corner lot at 8025 Santa Monica Boulevard, calls for the construction of a new seven-story build",valid,title/source/url metadata are internally consistent,Development Activity,GP / Capital Activity; Market Intelligence,new_or_fresh,True,address/street: 8025 santa monica blvd; project/asset term: project; project financing tied to anchor: construction loan,high,Approval / Entitlement,2026-09-08,2026-09-09,1,fresh_0_3d,fresh,published date parsed; article age 1 day(s),88,access_limited,,,,Mixed-use building starts to rise at 8025 Santa Monica Blvd. in West Hollywood,Los Angeles / California,Hollywood,Workforce Housing,Unknown,Unknown,Refinancing / Recapitalization,excluded,transaction / capital guard: loan,,Mature / Operating,53,79,Unknown Timing,Low,High,Low,Low,Relevant to acquisition / JV timing,"Track lender, maturity, debt terms, and recapitalization need",Refinancing / Recapitalization; Refinancing / Recapitalization; No explicit timing reference,Mixed-use building starts to rise at 8025 Santa Monica Blvd. in West Hollywood,Urbanize LA,https://la.urbanize.city/post/mixed-use-building-starts-rise-8025-santa-monica-blvd-west-hollywood,High
2026-09-09,20260909-010459-46ae916b,PRJ-20260909-0051,Entitlement / Permitting - California - Rendering vs. Reality: Apartments at 1408 W. Jefferson Blvd. in Exposition Park,80,LC-20260909-005,art_bcb8bc75f1d2963e,Rendering vs. Reality: Apartments at 1408 W. Jefferson Blvd. in Exposition Park,https://la.urbanize.city/post/rendering-vs-reality-apartments-1408-w-jefferson-blvd-exposition-park,"Fri, 04 Sep 2026 13:05:00 +0000","Rendering vs. Reality: Apartments at 1408 W. Jefferson Blvd. in Exposition Park | Urbanize LA Skip to main content Advertisement Advertisement In Exposition Park , completion is nearing for a new affordable housing complex from Orion Capital . Located at 1408 W. Jefferson Boulevard, the project consists of a new seven-story building featuring 70 units of residential units, all ranging from approximately 300 to 350 square feet in size, without on-site parking. View looking south from Jefferson Bo",valid,title/source/url metadata are internally consistent,Development Activity,,repeat_penalized,,,,,2026-09-04,2026-09-09,5,fresh_0_3d,fresh,published date parsed; article age 5 day(s),54,access_limited,,,,Entitlement / Permitting - California - Rendering vs. Reality: Apartments at 1408 W. Jefferson Blvd. in Exposition Park,California,California,Affordable Housing,Unknown,Unknown,Unknown Stage,approval_watch,matched permit,Unknown Stage,Reappearing,34,77,Unknown Timing,Unknown,Unknown,Unknown,Unknown,General monitoring,Monitor lifecycle signal for repeated confirmation,Unknown Stage; Entitlement Play; No explicit timing reference,Rendering vs. Reality: Apartments at 1408 W. Jefferson Blvd. in Exposition Park,Urbanize LA,https://la.urbanize.city/post/rendering-vs-reality-apartments-1408-w-jefferson-blvd-exposition-park,High
2026-09-09,20260909-010459-46ae916b,PRJ-20260909-0140,Construction Financing - Miami / Florida - Shoma Group Obtains $172.5M C-PACE Loan for North Bay Village Development,80,LC-20260909-021,art_6a88cd14fba9d49a,Terra Lands $245M Financing for Newly Completed Upland Park Development,https://www.connectcre.com/stories/terra-lands-245m-financing-for-newly-completed-upland-park-development/,"Tue, 01 Sep 2026 13:50:57 +0000","Florida & Gulf Coast CRE News In Your Inbox. Sign up for Connect emails to stay informed with CRE stories that are 150 words or less. Florida & Gulf Coast + South Florida + Apartments | September 1, 2026 By: Mike Boyd Terra Lands $245M Financing for Newly Completed Upland Park Development Terra secured a $245 million bridge loan for the newly completed first phase of Upland Park, a $1 billion, 47-acre mixed-use transit-oriented development in West Miami-Dade County. The loan was provided by SCAL",valid,title/source/url metadata are internally consistent,Development Activity,GP / Capital Activity,repeat_penalized,,,,,2026-09-01,2026-09-09,8,recent_4_14d,recent,published date parsed; article age 8 day(s),55,open,,,,General Project Signal - Miami / Florida - Terra Lands $245M Financing for Newly Completed Upland Park Development,Unknown,South Florida,Mixed-Use Residential,Unknown,Unknown,Delivery / Opening,construction_delivery_watch,matched completed,Delivery / Opening,Mature / Operating,21,77,Unknown Timing,Low,Low,Low,Medium,Relevant to underwriting benchmark,"Benchmark delivery, lease-up, occupancy, and rent assumptions",Delivery / Opening; Completed / opened; Lease-Up / Delivery; Completed,Terra Lands $245M Financing for Newly Completed Upland Park Development,Connect CRE South Florida,https://www.connectcre.com/stories/terra-lands-245m-financing-for-newly-completed-upland-park-development/,High
2026-09-09,20260909-010459-46ae916b,PRJ-20260909-0113,Disposition / Exit - Other / Unknown - Marcus & Millichap Closes Suburban Chicago Multifamily Property Sale,100,LC-20260909-044,art_6c1b8cf65c430c17,Marcus & Millichap Brokers $15.2M Sale of Chicago Apartment Building,https://rebusinessonline.com/marcus-millichap-brokers-15-2m-sale-of-chicago-apartment-building/,2026-09-08T12:56:39Z,"The property features 30 apartment units and four retail spaces. Acquisitions Illinois Midwest Multifamily Marcus & Millichap Brokers $15.2M Sale of Chicago Apartment Building by Kristin Harlow September 8, 2026 September 8, 2026 3 CHICAGO — Marcus & Millichap has brokered the $15.2 million sale of a 30-unit apartment building located at 3905 N. Western Ave. in Chicago’s North Center neighborhood. The property also features four retail suites. Built in 2009, the asset totals 57,000 square feet a",valid,title/source/url metadata are internally consistent,Development Activity,GP / Capital Activity,new_or_fresh,True,unit/site count: 30 apartment; address/street: 3905 n. western ave,high,Project / Asset,2026-09-08,2026-09-09,1,fresh_0_3d,fresh,published date parsed; article age 1 day(s),100,open,,,,Marcus & Millichap Brokers $15.2M Sale of Chicago Apartment Building,Other / Unknown,Unknown,Apartment,Marcus & Millichap,Unknown,Unknown Stage,excluded,transaction / capital guard: sale,,Reappearing,21,76,Unknown Timing,Unknown,Unknown,Unknown,Unknown,General monitoring,Monitor lifecycle signal for repeated confirmation,Unknown Stage; General Asset Signal; in 2009,Marcus & Millichap Brokers $15.2M Sale of Chicago Apartment Building,REBusiness Online,https://rebusinessonline.com/marcus-millichap-brokers-15-2m-sale-of-chicago-apartment-building/,High
2026-09-09,20260909-010459-46ae916b,PRJ-20260909-0121,General Project Signal - Phoenix / Arizona - Subtext Unveils VERVE Tempe Bringing a New Lifestyle-Focused Student Housing Experience to...,80,LC-20260909-058,art_b6110bcb67d9dece,Subtext Unveils VERVE Tempe Bringing a New Lifestyle-Focused Student Housing Experience to Arizona State University,https://yieldpro.com/2026/09/verve-tempe-2/,"Tue, 08 Sep 2026 19:27:05 +0000","Deal boom Mountain region News Facebook Twitter Linkedin Subtext , a national real estate company focused on elevating the resident experience, has officially opened VERVE Tempe , a new 15-story, 769-bed student housing development near Arizona State University. Located at 1047 S. Terrace Road, the 479,388-square-foot project includes 240 units ranging from studios to four-bedroom layouts. Located just steps from campus, Greek Row, and the Valley Metro Light Rail, VERVE Tempe places residents at",valid,title/source/url metadata are internally consistent,Development Activity,,new_or_fresh,True,unit/site count: 15-story; address/street: 1047 s. terrace road; execution milestone: opened; project/asset term: project,high,Delivery / Opening,2026-09-08,2026-09-09,1,fresh_0_3d,fresh,published date parsed; article age 1 day(s),100,open,,,,Subtext Unveils VERVE Tempe Bringing a New Lifestyle-Focused Student Housing Experience to Arizona State University,Phoenix / Arizona,Unknown,Student Housing,,Unknown,Delivery / Opening,construction_delivery_watch,matched development / asset strategy execution,,Mature / Operating,8,76,Unknown Timing,Low,Low,Low,Medium,Relevant to underwriting benchmark,"Benchmark delivery, lease-up, occupancy, and rent assumptions",Delivery / Opening; Completed / opened; Lease-Up / Delivery; No explicit timing reference,Subtext Unveils VERVE Tempe Bringing a New Lifestyle-Focused Student Housing Experience to Arizona State University,Yield PRO,https://yieldpro.com/2026/09/verve-tempe-2/,High
2026-09-09,20260909-010459-46ae916b,PRJ-20260909-0135,Construction Financing - Los Angeles / California - Mixed-use building starts to rise at 8025 Santa Monica Blvd. in West Hollywood,80,LC-20260909-009,art_f9198f2b83f31d03,Mixed-use building starts to rise at 8025 Santa Monica Blvd. in West Hollywood,https://la.urbanize.city/post/mixed-use-building-starts-rise-8025-santa-monica-blvd-west-hollywood,"Tue, 08 Sep 2026 13:15:00 +0000","Mixed-use building starts to rise at 8025 Santa Monica Blvd. in West Hollywood | Urbanize LA Skip to main content Advertisement Advertisement Months after scoring a $48-million construction loan , and orange tower crane stands high above the intersection of Santa Monica and Crescent Heights Boulevards, where a mixed-use building from Massachi is rising in West Hollywood. The project, which occupies a corner lot at 8025 Santa Monica Boulevard, calls for the construction of a new seven-story build",valid,title/source/url metadata are internally consistent,Development Activity,GP / Capital Activity; Market Intelligence,new_or_fresh,,,,,2026-09-08,2026-09-09,1,fresh_0_3d,fresh,published date parsed; article age 1 day(s),88,access_limited,,,,Construction Financing - Los Angeles / California - Mixed-use building starts to rise at 8025 Santa Monica Blvd. in West Hollywood,Unknown,Santa Monica,Workforce Housing,Unknown,Unknown,Unknown Stage,approval_watch,matched entitlement,,Reappearing,54,75,Unknown Timing,Unknown,Unknown,Unknown,Unknown,General monitoring,Monitor lifecycle signal for repeated confirmation,Unknown Stage; Entitlement Play; No explicit timing reference,Mixed-use building starts to rise at 8025 Santa Monica Blvd. in West Hollywood,Urbanize LA,https://la.urbanize.city/post/mixed-use-building-starts-rise-8025-santa-monica-blvd-west-hollywood,High
2026-09-09,20260909-010459-46ae916b,PRJ-20260909-0149,Construction Financing - National - Gantry Secures $48.3M for Minnesota Class A Multifamily Construction Takeout Loan,80,LC-20260909-037,art_1ab0b1ac4ed88539,"Pre-Application Filed For 1100 Los Gamos Drive, San Rafael",https://sfyimby.com/2026/09/pre-application-filed-for-1100-los-gamos-drive-san-rafael.html,"Tue, 08 Sep 2026 12:30:17 +0000","1100 Los Gamos Drive aerial overview, rendering by KTGY By: Andrew Nelson 5:30 am on September 8, 2026 Preliminary permits have been filed for a seven-story affordable housing complex at 1100 Los Gamos Drive in San Rafael , Marin County . The updated project still aims to bring nearly two hundred apartments to a vacant hillside property overlooking U.S. Highway 101, though the floor count has increased and is now fully income-restricted. Community Development Partners is responsible for the appl",valid,title/source/url metadata are internally consistent,Development Activity,,new_or_fresh,,,,,2026-09-08,2026-09-09,1,fresh_0_3d,fresh,published date parsed; article age 1 day(s),88,access_limited,,,,"Entitlement / Permitting - National - Pre-Application Filed For 1100 Los Gamos Drive, San Rafael",Unknown,U.S.,Affordable Housing,Unknown,Unknown,Planning Filed,approval_watch,matched permit,,Reappearing,24,75,Unknown Timing,Medium,Low,Low,Low,Relevant to entitlement monitoring,"Track planning docket, approval path, CEQA risk, and sponsor activity",Planning Filed; Entitlement Play; No explicit timing reference,"Pre-Application Filed For 1100 Los Gamos Drive, San Rafael",SF YIMBY,https://sfyimby.com/2026/09/pre-application-filed-for-1100-los-gamos-drive-san-rafael.html,High
2026-09-09,20260909-010459-46ae916b,PRJ-20260909-0123,General Project Signal - Phoenix / Arizona - JPI Adding 397 Apartments to City North Development,100,LC-20260909-034,art_a194ca4cce54e103,JPI Adding 397 Apartments to City North Development,https://www.connectcre.com/stories/jpi-adding-397-apartments-to-city-north-development/,"Mon, 31 Aug 2026 20:09:38 +0000","Phoenix & Southwest CRE News In Your Inbox. Sign up for Connect emails to stay informed with CRE stories that are 150 words or less. Phoenix & Southwest + Phoenix + Apartments | August 31, 2026 By: Mike Boyd JPI Adding 397 Apartments to City North Development JPI is planning a 397-unit apartment complex at City North, the 100-acre master planned community near TSMC in North Phoenix. CityNorth is the fourth phase of multifamily at the mixed-use development. In addition to retail and office space,",valid,title/source/url metadata are internally consistent,Development Activity,,repeat_penalized,,,,,2026-08-31,2026-09-09,9,recent_4_14d,recent,published date parsed; article age 9 day(s),55,open,,,,General Project Signal - Phoenix / Arizona - JPI Adding 397 Apartments to City North Development,Unknown,Phoenix,Mixed-Use Residential,JPI,Unknown,Unknown Stage,construction_delivery_watch,matched development / asset strategy execution,Unknown Stage,Reappearing,20,75,Unknown Timing,Unknown,Unknown,Unknown,Unknown,General monitoring,Monitor lifecycle signal for repeated confirmation,Unknown Stage; General Asset Signal; No explicit timing reference,JPI Adding 397 Apartments to City North Development,Connect CRE Phoenix,https://www.connectcre.com/stories/jpi-adding-397-apartments-to-city-north-development/,High
2026-09-09,20260909-010459-46ae916b,PRJ-20260909-0051,Entitlement / Permitting - California - Rendering vs. Reality: Apartments at 1408 W. Jefferson Blvd. in Exposition Park,80,LC-20260909-015,art_058dd278581231bc,WNC Closes on 23rd California-Focused Affordable Housing Fund,https://www.connectcre.com/stories/wnc-closes-on-23rd-california-focused-affordable-housing-fund/,"Tue, 08 Sep 2026 21:23:13 +0000","California CRE News In Your Inbox. Sign up for Connect emails to stay informed with CRE stories that are 150 words or less. California + Orange County + Apartments | September 8, 2026 By: Paul Bubny WNC Closes on 23rd California-Focused Affordable Housing Fund WNC & Associates, Inc. has closed on WNC Institutional Tax Credit Fund X California Series 23, L.P. The $66.3-million fund is the company’s 23rd consecutive California-focused multi-investor affordable housing fund for institutional invest",valid,title/source/url metadata are internally consistent,Development Activity,GP / Capital Activity; Market Intelligence,new_or_fresh,,,,,2026-09-08,2026-09-09,1,fresh_0_3d,fresh,published date parsed; article age 1 day(s),100,open,,,,General Project Signal - California - WNC Closes on 23rd California-Focused Affordable Housing Fund,California,California,Affordable Housing,Unknown,Unknown,Unknown Stage,construction_delivery_watch,matched development / asset strategy execution,,Reappearing,34,74,Unknown Timing,Unknown,Unknown,Unknown,Unknown,General monitoring,Monitor lifecycle signal for repeated confirmation,Unknown Stage; Affordable / Density Bonus Strategy; No explicit timing reference,WNC Closes on 23rd California-Focused Affordable Housing Fund,Connect CRE,https://www.connectcre.com/stories/wnc-closes-on-23rd-california-focused-affordable-housing-fund/,Medium
2026-09-09,20260909-010459-46ae916b,PRJ-20260909-0150,General Project Signal - Other / Unknown - Berkadia Secures $12M in LIHTC Equity for Michigan Housing Property,100,LC-20260909-014,art_4edbd5a5097bb10a,Berkadia Secures $12M in LIHTC Equity for Michigan Housing Property,https://www.connectcre.com/stories/berkadia-secures-12m-in-lihtc-equity-for-michigan-housing-property/,"Tue, 08 Sep 2026 21:21:30 +0000","Chicago & Midwest CRE News In Your Inbox. Sign up for Connect emails to stay informed with CRE stories that are 150 words or less. Chicago & Midwest + Midwest + Apartments | September 8, 2026 By: Jasmine Kilman Berkadia Secures $12M in LIHTC Equity for Michigan Housing Property Berkadia secured financing for Lighthouse Ridge Apartments, a 52-unit garden-style multifamily property in South Haven, Michigan. Associate Director James Grande of Berkadia Affordable Housing led the Berkadia team in sec",valid,title/source/url metadata are internally consistent,Development Activity,GP / Capital Activity,new_or_fresh,,,,,2026-09-08,2026-09-09,1,fresh_0_3d,fresh,published date parsed; article age 1 day(s),100,open,,,,General Project Signal - Other / Unknown - Berkadia Secures $12M in LIHTC Equity for Michigan Housing Property,Unknown,Unknown,Affordable Housing,Berkadia,Berkadia,Unknown Stage,construction_delivery_watch,matched development / asset strategy execution,,Reappearing,21,74,Unknown Timing,Unknown,Unknown,Unknown,Unknown,General monitoring,Monitor lifecycle signal for repeated confirmation,Unknown Stage; General Asset Signal; No explicit timing reference,Berkadia Secures $12M in LIHTC Equity for Michigan Housing Property,Connect CRE,https://www.connectcre.com/stories/berkadia-secures-12m-in-lihtc-equity-for-michigan-housing-property/,Medium
2026-09-09,20260909-010459-46ae916b,PRJ-20260909-0102,Disposition / Exit - New York - Marcus & Millichap Arranges Sale of Multifamily Asset in Upstate New York,100,LC-20260909-046,art_f105ef50dba6b4cb,Marcus & Millichap Arranges Sale of Multifamily Asset in Upstate New York,https://yieldpro.com/2026/09/meadow-east-apartments/,"Tue, 08 Sep 2026 18:27:15 +0000","Deal boom News Facebook Twitter Linkedin Marcus & Millichap (NYSE: MMI) , a leading commercial real estate brokerage firm specializing in investment sales, financing, research and advisory services, announced the sale of Meadow East , a multifamily property in Potsdam, New York. “Meadow East, a 100-unit community, was approximately 30% vacant at the time of sale, presenting an extensive value-add opportunity in a tertiary upstate New York market,” said Matthew Gault in Marcus & Millichap’s Westc",suspicious_mismatch,title/source/url metadata are internally consistent; title and original_url slug appear to reference different articles,Development Activity,GP / Capital Activity; Market Intelligence,new_or_fresh,,,,,2026-09-08,2026-09-09,1,fresh_0_3d,fresh,published date parsed; article age 1 day(s),100,open,,,,Disposition / Exit - New York - Marcus & Millichap Arranges Sale of Multifamily Asset in Upstate New York,New York,New York,Multifamily,Marcus & Millichap,Unknown,Unknown Stage,excluded,transaction / capital guard: disposition,,Reappearing,19,74,Unknown Timing,Unknown,Unknown,Unknown,Unknown,General monitoring,Monitor lifecycle signal for repeated confirmation,Unknown Stage; General Asset Signal; No explicit timing reference,Marcus & Millichap Arranges Sale of Multifamily Asset in Upstate New York,Yield PRO,https://yieldpro.com/2026/09/meadow-east-apartments/,Medium
2026-09-09,20260909-010459-46ae916b,PRJ-20260909-0051,Entitlement / Permitting - California - Rendering vs. Reality: Apartments at 1408 W. Jefferson Blvd. in Exposition Park,80,LC-20260909-050,art_aebd7b11d7e48a81,"MBK Rental Living, Haseko Sell 315-Unit Zia Multifamily Community in Anaheim",https://rebusinessonline.com/mbk-rental-living-haseko-sell-315-unit-zia-multifamily-community-in-anaheim/,2026-09-08T13:25:58Z,"MBK Rental Living and Haseko Corp. have sold Zia in Anaheim, Calif., to an undisclosed buyer. The five-story property opened in 2024. (Photo courtesy of MBK Rental Living) Acquisitions California Multifamily Western MBK Rental Living, Haseko Sell 315-Unit Zia Multifamily Community in Anaheim by Amy Works September 8, 2026 September 8, 2026 2 ANAHEIM, CALIF. — MBK Rental Living and development partner Haseko Corp. have sold Zia, a 315-unit multifamily community in Anaheim that opened in September",valid,title/source/url metadata are internally consistent,Development Activity,GP / Capital Activity,new_or_fresh,,,,,2026-09-08,2026-09-09,1,fresh_0_3d,fresh,published date parsed; article age 1 day(s),100,open,,,,"Acquisition - California - MBK Rental Living, Haseko Sell 315-Unit Zia Multifamily Community in Anaheim",California,California,Multifamily,Unknown,Unknown,Delivery / Opening,excluded,transaction / capital guard: acquisition,,Mature / Operating,21,72,Unknown Timing,Low,Low,Low,Medium,Relevant to underwriting benchmark,"Benchmark delivery, lease-up, occupancy, and rent assumptions",Delivery / Opening; Completed / opened; Lease-Up / Delivery; opened,"MBK Rental Living, Haseko Sell 315-Unit Zia Multifamily Community in Anaheim",REBusiness Online,https://rebusinessonline.com/mbk-rental-living-haseko-sell-315-unit-zia-multifamily-community-in-anaheim/,Medium
2026-09-09,20260909-010459-46ae916b,PRJ-20260909-0079,Acquisition - New York City / New York - New Empire Lines Up Three Manhattan Development Sites,80,LC-20260909-024,art_a16ae71bec8cca1a,New Empire Lines Up Three Manhattan Development Sites,https://www.connectcre.com/stories/new-empire-lines-up-three-manhattan-development-sites/,"Tue, 08 Sep 2026 19:01:45 +0000","New York & Tri-State CRE News In Your Inbox. Sign up for Connect emails to stay informed with CRE stories that are 150 words or less. New York & Tri-State + Downtown New York + Apartments | September 8, 2026 By: Paul Bubny New Empire Lines Up Three Manhattan Development Sites New Empire Group, a New York-based development and construction management group, has expanded its real estate development portfolio with three recent Manhattan acquisitions totaling more than $122 million. Together, the th",valid,title/source/url metadata are internally consistent,Development Activity,GP / Capital Activity,new_or_fresh,,,,,2026-09-08,2026-09-09,1,fresh_0_3d,fresh,published date parsed; article age 1 day(s),100,open,,,,Acquisition - New York City / New York - New Empire Lines Up Three Manhattan Development Sites,Unknown,Manhattan,Apartment,Unknown,Unknown,Site Acquisition / Site Control,site_parcel_activity,site/parcel signal with project anchor: development site,,Reappearing,21,72,Unknown Timing,Low,Low,Low,Low,Relevant to acquisition / JV timing,Monitor lifecycle signal for repeated confirmation,Site Acquisition / Site Control; Acquisition / Site Control; No explicit timing reference,New Empire Lines Up Three Manhattan Development Sites,Connect CRE Apartments,https://www.connectcre.com/stories/new-empire-lines-up-three-manhattan-development-sites/,Medium
2026-09-09,20260909-010459-46ae916b,PRJ-20260909-0140,Construction Financing - Miami / Florida - Shoma Group Obtains $172.5M C-PACE Loan for North Bay Village Development,80,LC-20260909-022,art_ca084cdf62eb0138,Shoma Group Obtains $172.5M C-PACE Loan for North Bay Village Development,https://www.connectcre.com/stories/shoma-group-obtains-172-5m-c-pace-loan-for-north-bay-village-development/,"Wed, 02 Sep 2026 13:51:30 +0000","Florida & Gulf Coast CRE News In Your Inbox. Sign up for Connect emails to stay informed with CRE stories that are 150 words or less. Florida & Gulf Coast + South Florida + Apartments | September 2, 2026 By: Mike Boyd Shoma Group Obtains $172.5M C-PACE Loan for North Bay Village Development Newmark has arranged $172.5 million in C-PACE construction financing on behalf of Shoma Group for Shoma Bay, a landmark mixed-use waterfront development in North Bay Village, Florida. Located at 1850 John F. ",valid,title/source/url metadata are internally consistent,Development Activity,GP / Capital Activity,repeat_penalized,,,,,2026-09-02,2026-09-09,7,fresh_0_3d,fresh,published date parsed; article age 7 day(s),58,open,,,,Construction Financing - Miami / Florida - Shoma Group Obtains $172.5M C-PACE Loan for North Bay Village Development,Unknown,South Florida,Mixed-Use Residential,Unknown,Unknown,Unknown Stage,excluded,transaction / capital guard: loan,Unknown Stage,Reappearing,52,71,Unknown Timing,Unknown,Unknown,Unknown,Unknown,General monitoring,Monitor lifecycle signal for repeated confirmation,Unknown Stage; General Asset Signal; No explicit timing reference,Shoma Group Obtains $172.5M C-PACE Loan for North Bay Village Development,Connect CRE South Florida,https://www.connectcre.com/stories/shoma-group-obtains-172-5m-c-pace-loan-for-north-bay-village-development/,Medium
2026-09-09,20260909-010459-46ae916b,PRJ-20260909-0149,Construction Financing - National - Gantry Secures $48.3M for Minnesota Class A Multifamily Construction Takeout Loan,80,LC-20260909-020,art_b4a76aa731bae72d,Gantry Secures $48.3M for Minnesota Class A Multifamily Construction Takeout Loan,https://yieldpro.com/2026/09/the-edison-at-maple-grove-apartments/,"Tue, 08 Sep 2026 19:34:34 +0000","Deal boom News Facebook Twitter Linkedin Gantry , the largest independent commercial mortgage banking firm in the U.S., has secured a $48.3 million permanent loan to retire construction financing for The Edison at Maple Grove apartments located at 9820 Garland Lane North in Maple Grove, a fast-growing suburb about 20 miles northwest of Minneapolis. The two-building, five-story, class A, podium-style building features 248-units over two-stories of heated underground parking with an additional 149",suspicious_mismatch,title/source/url metadata are internally consistent; title and original_url slug appear to reference different articles,Development Activity,GP / Capital Activity,new_or_fresh,,,,,2026-09-08,2026-09-09,1,fresh_0_3d,fresh,published date parsed; article age 1 day(s),100,open,,,,Construction Financing - National - Gantry Secures $48.3M for Minnesota Class A Multifamily Construction Takeout Loan,Unknown,U.S.,Apartment,Unknown,Unknown,Unknown Stage,excluded,transaction / capital guard: loan,,Reappearing,51,71,Unknown Timing,Unknown,Unknown,Unknown,Unknown,General monitoring,Monitor lifecycle signal for repeated confirmation,Unknown Stage; General Asset Signal; No explicit timing reference,Gantry Secures $48.3M for Minnesota Class A Multifamily Construction Takeout Loan,Yield PRO,https://yieldpro.com/2026/09/the-edison-at-maple-grove-apartments/,Medium
2026-09-09,20260909-010459-46ae916b,PRJ-20260909-0151,Disposition / Exit - Other / Unknown - Marcus & Millichap Closes Suburban Chicago Multifamily Property Sale,100,LC-20260909-042,art_4df848051ecc4ae4,Marcus & Millichap Closes Suburban Chicago Multifamily Property Sale,https://www.connectcre.com/stories/marcus-millichap-closes-suburban-chicago-multifamily-property-sale/,"Tue, 08 Sep 2026 21:29:40 +0000","Chicago & Midwest CRE News In Your Inbox. Sign up for Connect emails to stay informed with CRE stories that are 150 words or less. Chicago & Midwest + Greater Chicagoland + Apartments | September 8, 2026 By: Jasmine Kilman Marcus & Millichap Closes Suburban Chicago Multifamily Property Sale Marcus & Millichap completed the sale of a 220-unit multifamily asset in St. Charles, Illinois. “Located in a high-demand submarket, Fox Run Apartments is a fully renovated asset well-positioned for long-term",valid,title/source/url metadata are internally consistent,Development Activity,GP / Capital Activity,new_or_fresh,,,,,2026-09-08,2026-09-09,1,fresh_0_3d,fresh,published date parsed; article age 1 day(s),100,open,,,,Disposition / Exit - Other / Unknown - Marcus & Millichap Closes Suburban Chicago Multifamily Property Sale,Unknown,Unknown,Apartment,Marcus & Millichap,Unknown,Delivery / Opening,excluded,transaction / capital guard: disposition,,Mature / Operating,9,71,Unknown Timing,Low,Low,Low,Medium,Relevant to underwriting benchmark,"Benchmark delivery, lease-up, occupancy, and rent assumptions",Delivery / Opening; Completed / opened; Lease-Up / Delivery; completed,Marcus & Millichap Closes Suburban Chicago Multifamily Property Sale,Connect CRE,https://www.connectcre.com/stories/marcus-millichap-closes-suburban-chicago-multifamily-property-sale/,Medium
2026-09-09,20260909-010459-46ae916b,PRJ-20260909-0073,Office-to-Residential Conversion - Los Angeles / California - Ian Schrager’s West Hollywood Hotel Redevelopment Scores $116M Bridge Financing,80,LC-20260909-027,art_d7905c27d43e05dd,Ian Schrager’s West Hollywood Hotel Redevelopment Scores $116M Bridge Financing,https://www.connectcre.com/stories/ian-schragers-west-hollywood-hotel-redevelopment-scores-116m-bridge-financing/,"Tue, 08 Sep 2026 19:42:10 +0000","California CRE News In Your Inbox. Sign up for Connect emails to stay informed with CRE stories that are 150 words or less. California + Los Angeles + Hospitality | September 8, 2026 By: Paul Bubny Ian Schrager’s West Hollywood Hotel Redevelopment Scores $116M Bridge Financing Cushman & Wakefield arranged $116.5 million in bridge financing for the PUBLIC Hotel West Hollywood, a 137-key luxury lifestyle hotel located on the Sunset Strip in West Hollywood. Driftwood Capital and Benefit Street Part",valid,title/source/url metadata are internally consistent,GP / Capital Activity,,new_or_fresh,,,,,2026-09-08,2026-09-09,1,fresh_0_3d,fresh,published date parsed; article age 1 day(s),100,open,,,,Office-to-Residential Conversion - Los Angeles / California - Ian Schrager’s West Hollywood Hotel Redevelopment Scores $116M Bridge Financing,California,Los Angeles,General Residential,Unknown,cushman,Unknown Stage,excluded,transaction / capital guard: financing,,Reappearing,35,70,Unknown Timing,Unknown,Unknown,Unknown,Unknown,General monitoring,Monitor lifecycle signal for repeated confirmation,Unknown Stage; Office-to-Residential Conversion; No explicit timing reference,Ian Schrager’s West Hollywood Hotel Redevelopment Scores $116M Bridge Financing,Connect CRE California,https://www.connectcre.com/stories/ian-schragers-west-hollywood-hotel-redevelopment-scores-116m-bridge-financing/,Medium
2026-09-09,20260909-010459-46ae916b,PRJ-20260909-0151,Disposition / Exit - Other / Unknown - Marcus & Millichap Closes Suburban Chicago Multifamily Property Sale,100,LC-20260909-023,art_6c1b8cf65c430c17,Marcus & Millichap Brokers $15.2M Sale of Chicago Apartment Building,https://rebusinessonline.com/marcus-millichap-brokers-15-2m-sale-of-chicago-apartment-building/,2026-09-08T12:56:39Z,"The property features 30 apartment units and four retail spaces. Acquisitions Illinois Midwest Multifamily Marcus & Millichap Brokers $15.2M Sale of Chicago Apartment Building by Kristin Harlow September 8, 2026 September 8, 2026 3 CHICAGO — Marcus & Millichap has brokered the $15.2 million sale of a 30-unit apartment building located at 3905 N. Western Ave. in Chicago’s North Center neighborhood. The property also features four retail suites. Built in 2009, the asset totals 57,000 square feet a",valid,title/source/url metadata are internally consistent,Development Activity,GP / Capital Activity,new_or_fresh,,,,,2026-09-08,2026-09-09,1,fresh_0_3d,fresh,published date parsed; article age 1 day(s),100,open,,,,Acquisition - Other / Unknown - Marcus & Millichap Brokers $15.2M Sale of Chicago Apartment Building,Unknown,Unknown,Apartment,Marcus & Millichap,Unknown,Unknown Stage,excluded,transaction / capital guard: sale,,Reappearing,21,70,Unknown Timing,Unknown,Unknown,Unknown,Unknown,General monitoring,Monitor lifecycle signal for repeated confirmation,Unknown Stage; General Asset Signal; No explicit timing reference,Marcus & Millichap Brokers $15.2M Sale of Chicago Apartment Building,REBusiness Online,https://rebusinessonline.com/marcus-millichap-brokers-15-2m-sale-of-chicago-apartment-building/,Medium
2026-09-09,20260909-010459-46ae916b,PRJ-20260909-0126,"Acquisition - Sun Belt - Nonprofit Acquires Two Raleigh Office Buildings for Future Schools, Headquarters",100,LC-20260909-061,art_e51d6ccab72d9e18,"Nonprofit Acquires Two Raleigh Office Buildings for Future Schools, Headquarters",https://rebusinessonline.com/nonprofit-acquires-two-raleigh-office-buildings-for-future-schools-headquarters/,2026-09-08T14:05:37Z,"Frankie Lemmon School will open in 2028 at the Frankie Lemmon School and Foundation's new Raleigh campus, which will also include the Lemmon Tree Academy and the Frankie Lemmon Foundation offices. Acquisitions Development North Carolina Office Southeast Nonprofit Acquires Two Raleigh Office Buildings for Future Schools, Headquarters by John Nelson September 8, 2026 September 8, 2026 2 RALEIGH, N.C. — Frankie Lemmon School and Foundation has acquired two office buildings located at 4401 and 4501 ",valid,title/source/url metadata are internally consistent,GP / Capital Activity,,new_or_fresh,,,,,2026-09-08,2026-09-09,1,fresh_0_3d,fresh,published date parsed; article age 1 day(s),100,open,,,,"Acquisition - Sun Belt - Nonprofit Acquires Two Raleigh Office Buildings for Future Schools, Headquarters",Sun Belt,Raleigh,General Residential,CBRE,CBRE,Unknown Stage,excluded,transaction / capital guard: acquisition,,Reappearing,19,70,Unknown Timing,Unknown,Unknown,Unknown,Unknown,General monitoring,Monitor lifecycle signal for repeated confirmation,Unknown Stage; General Asset Signal; No explicit timing reference,"Nonprofit Acquires Two Raleigh Office Buildings for Future Schools, Headquarters",REBusiness Online,https://rebusinessonline.com/nonprofit-acquires-two-raleigh-office-buildings-for-future-schools-headquarters/,Medium
2026-09-09,20260909-010459-46ae916b,PRJ-20260909-0068,"Entitlement / Permitting - Los Angeles / California - Sunset Boulevard bus lanes, Kroenke buys Angels, and more",80,LC-20260909-029,art_d75922f50a759d1a,"Sunset Boulevard bus lanes, Kroenke buys Angels, and more",https://la.urbanize.city/post/sunset-boulevard-bus-lanes-kroenke-buys-angels-and-more,"Sat, 05 Sep 2026 13:15:00 +0000","Sunset Boulevard bus lanes, Kroenke buys Angels, and more | Urbanize LA Skip to main content Advertisement Advertisement Metro's legal fight with the City of Burbank over dedicated lanes for the North Hollywood - Pasadena bus rapid transit line continues to play out in court. But the two factions have forged an agreement to at least allow some work to proceed. ""As part of an interim agreement in the litigation, Metro will be able to proceed with undisputed project improvements in Burbank, includ",suspicious_duplicate,source-feed signal bleed suspected,GP / Capital Activity,,repeat_penalized,,,,,2026-09-05,2026-09-09,4,fresh_0_3d,fresh,published date parsed; article age 4 day(s),38,access_limited,,,,"Entitlement / Permitting - Los Angeles / California - Sunset Boulevard bus lanes, Kroenke buys Angels, and more",Unknown,Los Angeles / California,Apartment,Unknown,Unknown,Unknown Stage,excluded,transaction / capital guard: buys,Unknown Stage,Reappearing,32,69,Unknown Timing,Unknown,Unknown,Unknown,Unknown,General monitoring,Monitor lifecycle signal for repeated confirmation,Unknown Stage; Entitlement Play; No explicit timing reference,"Sunset Boulevard bus lanes, Kroenke buys Angels, and more",Urbanize LA,https://la.urbanize.city/post/sunset-boulevard-bus-lanes-kroenke-buys-angels-and-more,Medium
2026-09-09,20260909-010459-46ae916b,PRJ-20260909-0057,General Project Signal - Dallas / Texas - Goldenrod Advancing $400M Fort Worth Mixed-Use Project,80,LC-20260909-030,art_2193f76d43b7e65d,Goldenrod Advancing $400M Fort Worth Mixed-Use Project,https://www.connectcre.com/stories/goldenrod-advancing-400m-fort-worth-mixed-use-project/,"Tue, 08 Sep 2026 16:07:09 +0000","Texas CRE News In Your Inbox. Sign up for Connect emails to stay informed with CRE stories that are 150 words or less. Texas + Dallas-Fort Worth + Office | September 8, 2026 By: Mike Boyd Goldenrod Advancing $400M Fort Worth Mixed-Use Project Goldenrod placed the highest structural beam on a Fort Worth mixed-use development called the Van Zandt. It is set to include 100,000 square feet of offices, 226 apartments and 13,000 square feet of retail space on the 2800 block of West Seventh Street. Gol",valid,title/source/url metadata are internally consistent,Development Activity,,new_or_fresh,,,,,2026-09-08,2026-09-09,1,fresh_0_3d,fresh,published date parsed; article age 1 day(s),100,open,,,,General Project Signal - Dallas / Texas - Goldenrod Advancing $400M Fort Worth Mixed-Use Project,Unknown,Dallas,Mixed-Use Residential,Unknown,Unknown,Unknown Stage,construction_delivery_watch,matched development / asset strategy execution,,Reappearing,30,69,Unknown Timing,Unknown,Unknown,Unknown,Unknown,General monitoring,Monitor lifecycle signal for repeated confirmation,Unknown Stage; General Asset Signal; No explicit timing reference,Goldenrod Advancing $400M Fort Worth Mixed-Use Project,Connect CRE Apartments,https://www.connectcre.com/stories/goldenrod-advancing-400m-fort-worth-mixed-use-project/,Medium
2026-09-09,20260909-010459-46ae916b,PRJ-20260909-0094,General Project Signal - National - Bradford Allen’s Arbor House in Arlington Heights Illinois and Achieves 50% Occupancy,80,LC-20260909-054,art_1ab0b1ac4ed88539,"Pre-Application Filed For 1100 Los Gamos Drive, San Rafael",https://sfyimby.com/2026/09/pre-application-filed-for-1100-los-gamos-drive-san-rafael.html,"Tue, 08 Sep 2026 12:30:17 +0000","1100 Los Gamos Drive aerial overview, rendering by KTGY By: Andrew Nelson 5:30 am on September 8, 2026 Preliminary permits have been filed for a seven-story affordable housing complex at 1100 Los Gamos Drive in San Rafael , Marin County . The updated project still aims to bring nearly two hundred apartments to a vacant hillside property overlooking U.S. Highway 101, though the floor count has increased and is now fully income-restricted. Community Development Partners is responsible for the appl",valid,title/source/url metadata are internally consistent,Development Activity,,new_or_fresh,True,address/street: 1100 los gamos drive; project/asset term: project,high,Approval / Entitlement,2026-09-08,2026-09-09,1,fresh_0_3d,fresh,published date parsed; article age 1 day(s),88,access_limited,,,,"Pre-Application Filed For 1100 Los Gamos Drive, San Rafael",National,Unknown,Affordable Housing,,Unknown,Planning Filed,approval_watch,matched permit,,Reappearing,13,69,Unknown Timing,Medium,Low,Low,Low,Relevant to entitlement monitoring,"Track planning docket, approval path, CEQA risk, and sponsor activity",Planning Filed; Affordable / Density Bonus Strategy; 2026,"Pre-Application Filed For 1100 Los Gamos Drive, San Rafael",SF YIMBY,https://sfyimby.com/2026/09/pre-application-filed-for-1100-los-gamos-drive-san-rafael.html,Medium
2026-09-09,20260909-010459-46ae916b,PRJ-20260909-0033,Office-to-Residential Conversion - Atlanta / Georgia - JLB Pursuing Buckhead Office-to-Apartments Conversion,80,LC-20260909-038,art_756dc1d67e87be56,Passco Offloads Buckhead Rental Asset for $87.5M,https://www.connectcre.com/stories/passco-offloads-buckhead-rental-asset-for-87-5m/,"Tue, 08 Sep 2026 14:37:42 +0000","Atlanta & Southeast News In Your Inbox Sign up for Connect emails to stay informed with CRE stories that are 150 words or less. Atlanta & Southeast + Atlanta + Apartments | September 8, 2026 By: Mike Boyd Passco Offloads Buckhead Rental Asset for $87.5M ORIX Corporation USA purchased The Kendrick, a 423-unit multifamily property, for $87.5 million. Built in 1998, the garden-style multifamily community is located in Atlanta’s Buckhead neighborhood, near major employment, retail and entertainment ",valid,title/source/url metadata are internally consistent,Development Activity,GP / Capital Activity,new_or_fresh,,,,,2026-09-08,2026-09-09,1,fresh_0_3d,fresh,published date parsed; article age 1 day(s),100,open,,,,Acquisition - Atlanta / Georgia - Passco Offloads Buckhead Rental Asset for $87.5M,Unknown,Atlanta,Apartment,Unknown,Unknown,Unknown Stage,excluded,transaction / capital guard: acquisition,,Reappearing,29,67,Unknown Timing,Unknown,Unknown,Unknown,Unknown,General monitoring,Monitor lifecycle signal for repeated confirmation,Unknown Stage; General Asset Signal; No explicit timing reference,Passco Offloads Buckhead Rental Asset for $87.5M,Connect CRE Apartments,https://www.connectcre.com/stories/passco-offloads-buckhead-rental-asset-for-87-5m/,Medium
2026-09-09,20260909-010459-46ae916b,PRJ-20260909-0088,Draper and Kramer’s Commercial Finance Group Closes $93.5M Refinance for Multifamily Property in Chicago’s Fulton Market,100,LC-20260909-062,art_a7aded1523959cdd,Draper and Kramer’s Commercial Finance Group Closes $93.5M Refinance for Multifamily Property in Chicago’s Fulton Market,https://yieldpro.com/2026/09/the-elizabeth/,"Tue, 08 Sep 2026 19:09:06 +0000","Deal boom News Facebook Twitter Linkedin Draper and Kramer , Incorporated, a national full-service real estate firm, announces a team led by Bill Barry and Bill Stewart, both senior vice presidents with the firm’s Commercial Finance Group (CFG), has closed a $93.5 million refinance loan on behalf of Sterling Bay and Ascentris for The Elizabeth , a 28-story multifamily tower at 225 N. Elizabeth St. in Chicago’s Fulton Market. Completed in 2024, the property includes 350 rental apartments and 10,0",valid,title/source/url metadata are internally consistent,Development Activity,GP / Capital Activity,new_or_fresh,True,unit/site count: 28-story; address/street: 225 n. elizabeth st; project/asset term: apartments,high,Project Financing / Capital Event,2026-09-08,2026-09-09,1,fresh_0_3d,fresh,published date parsed; article age 1 day(s),100,open,,,,Draper and Kramer’s Commercial Finance Group Closes $93.5M Refinance for Multifamily Property in Chicago’s Fulton Market,National,Unknown,Apartment,Commercial Finance Group,Unknown,Delivery / Opening,excluded,transaction / capital guard: refinance,,Mature / Operating,22,67,Unknown Timing,Low,Low,Low,Medium,Relevant to underwriting benchmark,"Benchmark delivery, lease-up, occupancy, and rent assumptions",Delivery / Opening; Completed / opened; Lease-Up / Delivery; in 2024,Draper and Kramer’s Commercial Finance Group Closes $93.5M Refinance for Multifamily Property in Chicago’s Fulton Market,Yield PRO,https://yieldpro.com/2026/09/the-elizabeth/,Medium
2026-09-09,20260909-010459-46ae916b,PRJ-20260909-0055,General Project Signal - Dallas / Texas - Goldenrod Advancing $400M Fort Worth Mixed-Use Project,80,LC-20260909-069,art_2193f76d43b7e65d,Goldenrod Advancing $400M Fort Worth Mixed-Use Project,https://www.connectcre.com/stories/goldenrod-advancing-400m-fort-worth-mixed-use-project/,"Tue, 08 Sep 2026 16:07:09 +0000","Texas CRE News In Your Inbox. Sign up for Connect emails to stay informed with CRE stories that are 150 words or less. Texas + Dallas-Fort Worth + Office | September 8, 2026 By: Mike Boyd Goldenrod Advancing $400M Fort Worth Mixed-Use Project Goldenrod placed the highest structural beam on a Fort Worth mixed-use development called the Van Zandt. It is set to include 100,000 square feet of offices, 226 apartments and 13,000 square feet of retail space on the 2800 block of West Seventh Street. Gol",valid,title/source/url metadata are internally consistent,Development Activity,,new_or_fresh,True,unit/site count: 226 apartments; address/street: 2800 block of west seventh street; project/asset term: project,high,Project / Asset,2026-09-08,2026-09-09,1,fresh_0_3d,fresh,published date parsed; article age 1 day(s),100,open,,,,Goldenrod Advancing $400M Fort Worth Mixed-Use Project,Dallas / Texas,Dallas,Mixed-Use Residential,,Unknown,Unknown Stage,construction_delivery_watch,matched development / asset strategy execution,,Reappearing,20,67,Unknown Timing,Unknown,Unknown,Unknown,Unknown,General monitoring,Monitor lifecycle signal for repeated confirmation,Unknown Stage; General Asset Signal; 2026,Goldenrod Advancing $400M Fort Worth Mixed-Use Project,Connect CRE Apartments,https://www.connectcre.com/stories/goldenrod-advancing-400m-fort-worth-mixed-use-project/,Medium
2026-09-09,20260909-010459-46ae916b,PRJ-20260909-0140,Construction Financing - Miami / Florida - Shoma Group Obtains $172.5M C-PACE Loan for North Bay Village Development,80,LC-20260909-049,art_f386bd10f77fa012,Pinnacle Secures Financing for Fort Lauderdale Affordable Sr. Housing,https://www.connectcre.com/stories/pinnacle-secures-financing-for-fort-lauderdale-affordable-sr-housing/,"Thu, 03 Sep 2026 14:54:24 +0000","Florida & Gulf Coast CRE News In Your Inbox. Sign up for Connect emails to stay informed with CRE stories that are 150 words or less. Florida & Gulf Coast + South Florida + Senior Housing | September 3, 2026 By: Mike Boyd Pinnacle Secures Financing for Fort Lauderdale Affordable Sr. Housing Pinnacle secured $40.2 million in financing to develop a new mixed-use, affordable senior housing community in Fort Lauderdale. The financing will support Pinnacle at Cypress Phase I, the first of a two-phase",valid,title/source/url metadata are internally consistent,GP / Capital Activity,,acceptable_repeat,,,,,2026-09-03,2026-09-09,6,fresh_0_3d,fresh,published date parsed; article age 6 day(s),62,open,,,,General Project Signal - Miami / Florida - Pinnacle Secures Financing for Fort Lauderdale Affordable Sr. Housing,Unknown,South Florida,Senior Housing,Unknown,Unknown,Unknown Stage,excluded,transaction / capital guard: financing,Unknown Stage,Reappearing,29,65,Unknown Timing,Unknown,Unknown,Unknown,Unknown,General monitoring,Monitor lifecycle signal for repeated confirmation,Unknown Stage; Affordable / Density Bonus Strategy; No explicit timing reference,Pinnacle Secures Financing for Fort Lauderdale Affordable Sr. Housing,Connect CRE South Florida,https://www.connectcre.com/stories/pinnacle-secures-financing-for-fort-lauderdale-affordable-sr-housing/,Medium
2026-09-09,20260909-010459-46ae916b,PRJ-20260909-0096,Development Start - Los Angeles / California - Construction begins for affordable housing at former MacLaren Hall site in El Monte,80,LC-20260909-047,art_a7aded1523959cdd,Draper and Kramer’s Commercial Finance Group Closes $93.5M Refinance for Multifamily Property in Chicago’s Fulton Market,https://yieldpro.com/2026/09/the-elizabeth/,"Tue, 08 Sep 2026 19:09:06 +0000","Deal boom News Facebook Twitter Linkedin Draper and Kramer , Incorporated, a national full-service real estate firm, announces a team led by Bill Barry and Bill Stewart, both senior vice presidents with the firm’s Commercial Finance Group (CFG), has closed a $93.5 million refinance loan on behalf of Sterling Bay and Ascentris for The Elizabeth , a 28-story multifamily tower at 225 N. Elizabeth St. in Chicago’s Fulton Market. Completed in 2024, the property includes 350 rental apartments and 10,0",valid,title/source/url metadata are internally consistent,Development Activity,GP / Capital Activity,new_or_fresh,,,,,2026-09-08,2026-09-09,1,fresh_0_3d,fresh,published date parsed; article age 1 day(s),100,open,,,,Refinancing - National - Draper and Kramer’s Commercial Finance Group Closes $93.5M Refinance for Multifamily Prope...,Unknown,National,Apartment,Unknown,Unknown,Delivery / Opening,excluded,transaction / capital guard: refinance,,Mature / Operating,40,62,Unknown Timing,Low,High,Low,Medium,Relevant to underwriting benchmark,"Benchmark delivery, lease-up, occupancy, and rent assumptions",Delivery / Opening; Completed / opened; Refinancing / Recapitalization; Completed,Draper and Kramer’s Commercial Finance Group Closes $93.5M Refinance for Multifamily Property in Chicago’s Fulton Market,Yield PRO,https://yieldpro.com/2026/09/the-elizabeth/,Medium
2026-09-09,20260909-010459-46ae916b,PRJ-20260909-0125,Acquisition - Phoenix / Arizona - Denver Office Property Converts to Apartments,80,LC-20260909-055,art_1247bd98b75bda78,Denver Office Property Converts to Apartments,https://www.connectcre.com/stories/denver-office-property-converts-to-apartments/,"Tue, 08 Sep 2026 15:48:54 +0000","Phoenix & Southwest CRE News In Your Inbox. Sign up for Connect emails to stay informed with CRE stories that are 150 words or less. Phoenix & Southwest + Denver + Apartments | September 8, 2026 By: Mike Boyd Denver Office Property Converts to Apartments Lofts on Monaco opened to residents in June after Shea Properties spent about a year converting the four-story building into apartments. The Denver Business Journal reports Shea Properties bought the 120,000-square-foot office building in April ",valid,title/source/url metadata are internally consistent,Development Activity,,new_or_fresh,,,,,2026-09-08,2026-09-09,1,fresh_0_3d,fresh,published date parsed; article age 1 day(s),100,open,,,,Acquisition - Phoenix / Arizona - Denver Office Property Converts to Apartments,Unknown,Phoenix,Apartment,Unknown,Unknown,Delivery / Opening,excluded,transaction / capital guard: acquisition,,Mature / Operating,19,60,Unknown Timing,Low,Low,Low,Medium,Relevant to underwriting benchmark,"Benchmark delivery, lease-up, occupancy, and rent assumptions",Delivery / Opening; Completed / opened; Lease-Up / Delivery; opened,Denver Office Property Converts to Apartments,Connect CRE Apartments,https://www.connectcre.com/stories/denver-office-property-converts-to-apartments/,Medium
2026-09-09,20260909-010459-46ae916b,PRJ-20260909-0094,General Project Signal - National - Bradford Allen’s Arbor House in Arlington Heights Illinois and Achieves 50% Occupancy,80,LC-20260909-057,art_16491cbf68e1062b,Bradford Allen’s Arbor House in Arlington Heights Illinois and Achieves 50% Occupancy,https://yieldpro.com/2026/09/arbor-house-4/,"Tue, 08 Sep 2026 18:58:24 +0000","Deal boom News Facebook Twitter Linkedin Bradford Allen , a national full-service commercial real estate development and advisory firm, announced Arbor House , its 301-unit luxury apartment community in Arlington Heights, Ill., has achieved 50% occupancy less than three months after opening. Located at 25 E. Algonquin Road, Arbor House offers studio, one-, two- and three-bedroom apartments, with monthly rents starting at $1,895. “The early response to Arbor House validates our belief that renter",valid,title/source/url metadata are internally consistent,Development Activity,,new_or_fresh,True,unit/site count: 301-unit; address/street: 25 e. algonquin road; project/asset term: development,high,Project / Asset,2026-09-08,2026-09-09,1,fresh_0_3d,fresh,published date parsed; article age 1 day(s),100,open,,,,Bradford Allen’s Arbor House in Arlington Heights Illinois and Achieves 50% Occupancy,National,Unknown,Apartment,,Unknown,Lease-Up,construction_delivery_watch,matched opening,,Mature / Operating,18,60,Unknown Timing,Low,Low,Low,Medium,Relevant to underwriting benchmark,"Benchmark delivery, lease-up, occupancy, and rent assumptions",Lease-Up; General Asset Signal; No explicit timing reference,Bradford Allen’s Arbor House in Arlington Heights Illinois and Achieves 50% Occupancy,Yield PRO,https://yieldpro.com/2026/09/arbor-house-4/,Medium
2026-09-09,20260909-010459-46ae916b,PRJ-20260909-0059,Construction Financing - Florida - Eastwind Development Begins Construction on The Aston at Longleaf in Florida’s Space Coast...,80,LC-20260909-039,art_59ab6c00c83ead39,Eastwind Development Begins Construction on The Aston at Longleaf in Florida’s Space Coast Region,https://yieldpro.com/2026/09/the-aston-at-longleaf/,"Tue, 08 Sep 2026 19:53:01 +0000","Deal boom News Facebook Twitter Linkedin Eastwind Development , a premier multifamily development company with a proven track record across Florida, started construction on The Aston at Longleaf , a 264-unit luxury apartment community located on Preserve Drive in Melbourne, Florida. The beginning of construction immediately follows Eastwind’s closing on the acquisition of the 17-acre project site and a $45.5 million construction loan provided by TD. Situated in Florida’s rapidly growing Space Co",valid,title/source/url metadata are internally consistent,Development Activity,GP / Capital Activity,new_or_fresh,,,,,2026-09-08,2026-09-09,1,fresh_0_3d,fresh,published date parsed; article age 1 day(s),100,open,,,,Construction Financing - Florida - Eastwind Development Begins Construction on The Aston at Longleaf in Florida’s Space Coast...,Florida,Florida,Apartment,Unknown,Unknown,Unknown Stage,excluded,transaction / capital guard: financing,,Reappearing,53,58,Unknown Timing,Unknown,Unknown,Unknown,Unknown,General monitoring,Monitor lifecycle signal for repeated confirmation,Unknown Stage; General Asset Signal; No explicit timing reference,Eastwind Development Begins Construction on The Aston at Longleaf in Florida’s Space Coast Region,Yield PRO,https://yieldpro.com/2026/09/the-aston-at-longleaf/,Medium
2026-09-09,20260909-010459-46ae916b,PRJ-20260909-0140,Construction Financing - Miami / Florida - Shoma Group Obtains $172.5M C-PACE Loan for North Bay Village Development,80,LC-20260909-041,art_1121037fb255a4c0,Miami-Dade Public Agency Advancing $126.4M Affordable Housing Project,https://www.connectcre.com/stories/miami-dade-public-agency-advancing-126-4-affordable-housing-project/,"Fri, 28 Aug 2026 14:08:16 +0000","Florida & Gulf Coast CRE News In Your Inbox. Sign up for Connect emails to stay informed with CRE stories that are 150 words or less. Florida & Gulf Coast + South Florida + Apartments | August 28, 2026 By: Mike Boyd Miami-Dade Public Agency Advancing $126.4M Affordable Housing Project The Housing Trust Group has been chosen by the Naranja Lakes Community Redevelopment Agency to move forward on a 328-unit affordable housing venture. If the vote goes as expected, the CRA will award the developer l",valid,title/source/url metadata are internally consistent,Development Activity,,repeat_penalized,,,,,2026-08-28,2026-09-09,12,recent_4_14d,recent,published date parsed; article age 12 day(s),55,open,,,,General Project Signal - Miami / Florida - Miami-Dade Public Agency Advancing $126.4M Affordable Housing Project,Unknown,South Florida,Affordable Housing,Unknown,Unknown,Unknown Stage,construction_delivery_watch,matched development / asset strategy execution,Unknown Stage,Reappearing,32,57,Unknown Timing,Unknown,Unknown,Unknown,Unknown,General monitoring,Monitor lifecycle signal for repeated confirmation,Unknown Stage; Affordable / Density Bonus Strategy; No explicit timing reference,Miami-Dade Public Agency Advancing $126.4M Affordable Housing Project,Connect CRE South Florida,https://www.connectcre.com/stories/miami-dade-public-agency-advancing-126-4-affordable-housing-project/,Medium
2026-09-09,20260909-010459-46ae916b,PRJ-20260909-0143,General Project Signal - Phoenix / Arizona - Subtext Unveils VERVE Tempe Bringing a New Lifestyle-Focused Student Housing Experience to...,80,LC-20260909-065,art_b6110bcb67d9dece,Subtext Unveils VERVE Tempe Bringing a New Lifestyle-Focused Student Housing Experience to Arizona State University,https://yieldpro.com/2026/09/verve-tempe-2/,"Tue, 08 Sep 2026 19:27:05 +0000","Deal boom Mountain region News Facebook Twitter Linkedin Subtext , a national real estate company focused on elevating the resident experience, has officially opened VERVE Tempe , a new 15-story, 769-bed student housing development near Arizona State University. Located at 1047 S. Terrace Road, the 479,388-square-foot project includes 240 units ranging from studios to four-bedroom layouts. Located just steps from campus, Greek Row, and the Valley Metro Light Rail, VERVE Tempe places residents at",valid,title/source/url metadata are internally consistent,Development Activity,,new_or_fresh,,,,,2026-09-08,2026-09-09,1,fresh_0_3d,fresh,published date parsed; article age 1 day(s),100,open,,,,General Project Signal - Phoenix / Arizona - Subtext Unveils VERVE Tempe Bringing a New Lifestyle-Focused Student Housing Experience to...,Unknown,Tempe,Student Housing,Unknown,Unknown,Delivery / Opening,construction_delivery_watch,matched development / asset strategy execution,,Mature / Operating,19,57,Unknown Timing,Low,Low,Low,Medium,Relevant to underwriting benchmark,"Benchmark delivery, lease-up, occupancy, and rent assumptions",Delivery / Opening; Completed / opened; Lease-Up / Delivery; opened,Subtext Unveils VERVE Tempe Bringing a New Lifestyle-Focused Student Housing Experience to Arizona State University,Yield PRO,https://yieldpro.com/2026/09/verve-tempe-2/,Medium
2026-09-09,20260909-010459-46ae916b,PRJ-20260909-0038,Mann Group Buys Luxury Apartments at 130 Hope Street in Williamsburg,100,LC-20260909-056,art_4192ca18efebbdf4,Mann Group Buys Luxury Apartments at 130 Hope Street in Williamsburg,https://commercialobserver.com/2026/09/mann-group-aquisition-130-hope-street-williamsburg/,"Tue, 08 Sep 2026 14:00:06 +0000","Residential · Multifamily Williamsburg Investments & Sales Mann Group Buys Luxury Apartments at 130 Hope Street in Williamsburg By Mark Hallum September 8, 2026 10:00 am reprints Clipper Equity's David Bistricer and 130 Hope Street, Brooklyn. PHOTOS: Courtesy Clipper Equity Clipper Equity ’s hopes have been realized in the sale of a luxury rental building at 130 Hope Street in Williamsburg, Brooklyn, Commercial Observer has learned. Clipper sold the 150-unit building — which it completed in 2023",valid,title/source/url metadata are internally consistent,Development Activity,GP / Capital Activity,new_or_fresh,True,unit/site count: 150-unit; address/street: 130 hope street; project/asset term: apartments,high,Project / Asset,2026-09-08,2026-09-09,1,fresh_0_3d,fresh,published date parsed; article age 1 day(s),100,open,,,,Mann Group Buys Luxury Apartments at 130 Hope Street in Williamsburg,New York City / New York,Brooklyn,Apartment,Mann Group,Unknown,Delivery / Opening,excluded,transaction / capital guard: sale,,Mature / Operating,10,57,Unknown Timing,Low,Low,Low,Medium,Relevant to underwriting benchmark,"Benchmark delivery, lease-up, occupancy, and rent assumptions",Delivery / Opening; Completed / opened; Lease-Up / Delivery; in 2023,Mann Group Buys Luxury Apartments at 130 Hope Street in Williamsburg,Commercial Observer,https://commercialobserver.com/2026/09/mann-group-aquisition-130-hope-street-williamsburg/,Medium
2026-09-09,20260909-010459-46ae916b,PRJ-20260909-0152,Disposition / Exit - Other / Unknown - NAHB HBGI: Micro Markets Lone Bright Spot for Single-Family Building in Fourth Quarter,80,LC-20260909-052,art_86d00bb8cfe297a1,Bernard Financial Group Secures $5M Loan for Refinancing of Detroit Multifamily Property,https://rebusinessonline.com/bernard-financial-group-secures-5m-loan-for-refinancing-of-detroit-multifamily-property/,2026-09-08T12:55:57Z,"Michigan Midwest Multifamily Bernard Financial Group Secures $5M Loan for Refinancing of Detroit Multifamily Property by Kristin Harlow September 8, 2026 September 8, 2026 2 DETROIT — Bernard Financial Group (BFG) has arranged a $5 million loan for the refinancing of a 114-unit multifamily property in Detroit. Joshua Bernard of BFG arranged the loan on behalf of the borrower, Orleans Owner LLC. A life insurance company provided the loan. Share Facebook Twitter Linkedin Email previous post InterF",valid,title/source/url metadata are internally consistent,Development Activity,GP / Capital Activity,new_or_fresh,,,,,2026-09-08,2026-09-09,1,fresh_0_3d,fresh,published date parsed; article age 1 day(s),100,open,,,,Refinancing - Other / Unknown - Bernard Financial Group Secures $5M Loan for Refinancing of Detroit Multifamily Property,Unknown,Unknown,Multifamily,Unknown,Unknown,Refinancing / Recapitalization,excluded,transaction / capital guard: refinancing,,Mature / Operating,56,55,Unknown Timing,Low,High,Low,Low,Relevant to acquisition / JV timing,"Track lender, maturity, debt terms, and recapitalization need",Refinancing / Recapitalization; Refinancing / Recapitalization; No explicit timing reference,Bernard Financial Group Secures $5M Loan for Refinancing of Detroit Multifamily Property,REBusiness Online,https://rebusinessonline.com/bernard-financial-group-secures-5m-loan-for-refinancing-of-detroit-multifamily-property/,Medium
2026-09-09,20260909-010459-46ae916b,PRJ-20260909-0096,Development Start - Los Angeles / California - Construction begins for affordable housing at former MacLaren Hall site in El Monte,80,LC-20260909-048,art_16491cbf68e1062b,Bradford Allen’s Arbor House in Arlington Heights Illinois and Achieves 50% Occupancy,https://yieldpro.com/2026/09/arbor-house-4/,"Tue, 08 Sep 2026 18:58:24 +0000","Deal boom News Facebook Twitter Linkedin Bradford Allen , a national full-service commercial real estate development and advisory firm, announced Arbor House , its 301-unit luxury apartment community in Arlington Heights, Ill., has achieved 50% occupancy less than three months after opening. Located at 25 E. Algonquin Road, Arbor House offers studio, one-, two- and three-bedroom apartments, with monthly rents starting at $1,895. “The early response to Arbor House validates our belief that renter",valid,title/source/url metadata are internally consistent,Development Activity,,new_or_fresh,,,,,2026-09-08,2026-09-09,1,fresh_0_3d,fresh,published date parsed; article age 1 day(s),100,open,,,,General Project Signal - National - Bradford Allen’s Arbor House in Arlington Heights Illinois and Achieves 50% Occupancy,Unknown,National,Apartment,Unknown,Unknown,Lease-Up,construction_delivery_watch,matched occupancy,,Mature / Operating,29,55,Unknown Timing,Low,Low,Low,Medium,Relevant to underwriting benchmark,"Benchmark delivery, lease-up, occupancy, and rent assumptions",Lease-Up; General Asset Signal; No explicit timing reference,Bradford Allen’s Arbor House in Arlington Heights Illinois and Achieves 50% Occupancy,Yield PRO,https://yieldpro.com/2026/09/arbor-house-4/,Medium
2026-09-09,20260909-010459-46ae916b,PRJ-20260909-0031,Office-to-Residential Conversion - Atlanta / Georgia - JLB Pursuing Buckhead Office-to-Apartments Conversion,80,LC-20260909-076,art_4addc8979f06a523,JLB Pursuing Buckhead Office-to-Apartments Conversion,https://www.connectcre.com/stories/jlb-pursuing-buckhead-office-to-apartments-conversion/,"Tue, 11 Aug 2026 14:07:02 +0000","Atlanta & Southeast News In Your Inbox Sign up for Connect emails to stay informed with CRE stories that are 150 words or less. Atlanta & Southeast + Atlanta + Apartments | August 11, 2026 By: Mike Boyd JLB Pursuing Buckhead Office-to-Apartments Conversion JLB Partners plans to redevelop a seven-story building at 470 E. Paces Ferry Road in Buckhead Village. The Atlanta Business Chronicle reports the project consists of 314 apartments in what was once a mid-century office building. On Maple Drive",valid,title/source/url metadata are internally consistent,Development Activity,,repeat_penalized,True,unit/site count: 314 apartments; address/street: 470 e. paces ferry road; project/asset term: project,high,Project / Asset,2026-08-11,2026-09-09,29,old_31d_plus,old,published date parsed; article age 29 day(s),5,open,,,,JLB Pursuing Buckhead Office-to-Apartments Conversion,Atlanta / Georgia,Atlanta,Apartment,,Unknown,Unknown Stage,construction_delivery_watch,matched development / asset strategy execution,Unknown Stage,Reappearing,12,55,Unknown Timing,Unknown,Unknown,Unknown,Unknown,General monitoring,Monitor lifecycle signal for repeated confirmation,Unknown Stage; General Asset Signal; 2026,JLB Pursuing Buckhead Office-to-Apartments Conversion,Connect CRE Atlanta,https://www.connectcre.com/stories/jlb-pursuing-buckhead-office-to-apartments-conversion/,Medium
2026-09-09,20260909-010459-46ae916b,PRJ-20260909-0146,"General Project Signal - Texas - Oxbow Greenlit for Tobin Hill Apartments, Office Space",80,LC-20260909-053,art_644d107df354b65b,"Oxbow Greenlit for Tobin Hill Apartments, Office Space",https://www.connectcre.com/stories/oxbow-greenlit-for-tobin-hill-apartments-office-space/,"Tue, 08 Sep 2026 16:55:04 +0000","Texas CRE News In Your Inbox. Sign up for Connect emails to stay informed with CRE stories that are 150 words or less. Texas + San Antonio + Apartments | September 8, 2026 By: Mike Boyd Oxbow Greenlit for Tobin Hill Apartments, Office Space A San Antonio planning board has given the go-ahead for an office-and-residential project in Tobin Hill. Oxbow hopes to build 86 apartments and 140,000 square feet of office space at 111 Isleta. The San Antonio Business Journal reports that a third component ",valid,title/source/url metadata are internally consistent,Development Activity,,new_or_fresh,,,,,2026-09-08,2026-09-09,1,fresh_0_3d,fresh,published date parsed; article age 1 day(s),100,open,,,,"General Project Signal - Texas - Oxbow Greenlit for Tobin Hill Apartments, Office Space",Texas,Texas,Apartment,Unknown,Unknown,Unknown Stage,construction_delivery_watch,matched development / asset strategy execution,,Reappearing,30,54,Unknown Timing,Unknown,Unknown,Unknown,Unknown,General monitoring,Monitor lifecycle signal for repeated confirmation,Unknown Stage; General Asset Signal; No explicit timing reference,"Oxbow Greenlit for Tobin Hill Apartments, Office Space",Connect CRE Apartments,https://www.connectcre.com/stories/oxbow-greenlit-for-tobin-hill-apartments-office-space/,Medium
2026-09-09,20260909-010459-46ae916b,PRJ-20260909-0022,Acquisition - National - American Healthcare REIT Acquires Eight Senior Housing Communities for $696M,80,LC-20260909-059,art_32a178caeb5cb5dc,American Healthcare REIT Acquires Eight Senior Housing Communities for $696M,https://yieldpro.com/2026/09/the-lodge-at-historic-lewes/,"Tue, 08 Sep 2026 19:45:47 +0000","Deal boom News Facebook Twitter Linkedin The Lodge at Historic Lewes American Healthcare REIT , Inc. (NYSE: AHR) (the “Company” or “AHR”) announced the acquisition of eight Class A senior housing communities for approximately $696 million, establishing a new operating relationship with LCB Senior Living (“LCB”) and a substantial presence in supply-constrained East Coast markets. AHR’s total year-to-date investments now exceed $2 billion and the Company’s awarded investment pipeline stands at app",suspicious_mismatch,title/source/url metadata are internally consistent; title and original_url slug appear to reference different articles,Development Activity,GP / Capital Activity,new_or_fresh,,,,,2026-09-08,2026-09-09,1,fresh_0_3d,fresh,published date parsed; article age 1 day(s),100,open,,,,Acquisition - National - American Healthcare REIT Acquires Eight Senior Housing Communities for $696M,Unknown,America,Senior Housing,Unknown,Unknown,Unknown Stage,excluded,transaction / capital guard: acquisition,,Reappearing,30,52,Unknown Timing,Unknown,Unknown,Unknown,Unknown,General monitoring,Monitor lifecycle signal for repeated confirmation,Unknown Stage; General Asset Signal; No explicit timing reference,American Healthcare REIT Acquires Eight Senior Housing Communities for $696M,Yield PRO,https://yieldpro.com/2026/09/the-lodge-at-historic-lewes/,Medium
2026-09-09,20260909-010459-46ae916b,PRJ-20260909-0041,Disposition / Exit - New York City / New York - Mann Group Buys Luxury Apartments at 130 Hope Street in Williamsburg,80,LC-20260909-043,art_4192ca18efebbdf4,Mann Group Buys Luxury Apartments at 130 Hope Street in Williamsburg,https://commercialobserver.com/2026/09/mann-group-aquisition-130-hope-street-williamsburg/,"Tue, 08 Sep 2026 14:00:06 +0000","Residential · Multifamily Williamsburg Investments & Sales Mann Group Buys Luxury Apartments at 130 Hope Street in Williamsburg By Mark Hallum September 8, 2026 10:00 am reprints Clipper Equity's David Bistricer and 130 Hope Street, Brooklyn. PHOTOS: Courtesy Clipper Equity Clipper Equity ’s hopes have been realized in the sale of a luxury rental building at 130 Hope Street in Williamsburg, Brooklyn, Commercial Observer has learned. Clipper sold the 150-unit building — which it completed in 2023",valid,title/source/url metadata are internally consistent,Development Activity,GP / Capital Activity,new_or_fresh,,,,,2026-09-08,2026-09-09,1,fresh_0_3d,fresh,published date parsed; article age 1 day(s),100,open,,,,Disposition / Exit - New York City / New York - Mann Group Buys Luxury Apartments at 130 Hope Street in Williamsburg,Unknown,Brooklyn,Apartment,Unknown,Unknown,Delivery / Opening,excluded,transaction / capital guard: disposition,,Mature / Operating,21,52,Unknown Timing,Low,Low,Low,Medium,Relevant to underwriting benchmark,"Benchmark delivery, lease-up, occupancy, and rent assumptions",Delivery / Opening; Completed / opened; Lease-Up / Delivery; completed,Mann Group Buys Luxury Apartments at 130 Hope Street in Williamsburg,Commercial Observer,https://commercialobserver.com/2026/09/mann-group-aquisition-130-hope-street-williamsburg/,Medium
2026-09-09,20260909-010459-46ae916b,PRJ-20260909-0152,Disposition / Exit - Other / Unknown - NAHB HBGI: Micro Markets Lone Bright Spot for Single-Family Building in Fourth Quarter,80,LC-20260909-064,art_50bb1d5a332d13cb,Shorter Apartment Construction Time in 2025,https://eyeonhousing.org/2026/09/shorter-apartment-construction-time-in-2025/,"Mon, 07 Sep 2026 13:30:00 +0000","Shorter Apartment Construction Time in 2025 – Eye On Housing Skip to content Shorter Apartment Construction Time in 2025 September 7, 2026 Na Zhao No Comments The average time needed to complete construction of a multifamily building after obtaining authorization edged down in 2025, according to the 2025 Survey of Construction (SOC) from the Census Bureau. On average, it took 18.9 months from permit to completion, about 0.7 months shorter than in 2024. While construction timelines remain lengthy",valid,title/source/url metadata are internally consistent,Market Intelligence,Development Activity,acceptable_repeat,,,,,2026-09-07,2026-09-09,2,fresh_0_3d,fresh,published date parsed; article age 2 day(s),78,open,,,,Entitlement / Permitting - Other / Unknown - Shorter Apartment Construction Time in 2025,Unknown,Unknown,Apartment,Unknown,Unknown,Unknown Stage,approval_watch,matched permit,Unknown Stage,Reappearing,30,51,Immediate / 0-3 Months,Unknown,Unknown,Unknown,Unknown,General monitoring,Monitor lifecycle signal for repeated confirmation,Unknown Stage; Entitlement Play; in 2025,Shorter Apartment Construction Time in 2025,NAHB Eye on Housing - Multifamily,https://eyeonhousing.org/2026/09/shorter-apartment-construction-time-in-2025/,Medium
2026-09-09,20260909-010459-46ae916b,PRJ-20260909-0068,"Entitlement / Permitting - Los Angeles / California - Sunset Boulevard bus lanes, Kroenke buys Angels, and more",80,LC-20260909-067,art_0bddbde117f780ce,Metro scores $150M in federal funding for Vermont BRT Line,https://la.urbanize.city/post/metro-scores-150m-federal-funding-vermont-brt-line,"Fri, 04 Sep 2026 13:15:00 +0000","Metro scores $150M in federal funding for Vermont BRT Line | Urbanize LA Skip to main content Advertisement Advertisement Metro has secured $150-million in federal funding for the construction of a bus rapid transit line down Vermont Avenue, Senators Alex Padilla and Adam Schiff announced earlier this week. “Our local public transit systems are the backbone of economy, connecting people to jobs, schools, essential services, and opportunities in their communities,” said Padilla in a news release ",valid,title/source/url metadata are internally consistent,Market Intelligence,GP / Capital Activity,repeat_penalized,,,,,2026-09-04,2026-09-09,5,fresh_0_3d,fresh,published date parsed; article age 5 day(s),54,access_limited,,,,Disposition / Exit - Los Angeles / California - Metro scores $150M in federal funding for Vermont BRT Line,Unknown,Los Angeles / California,General Residential,Unknown,Unknown,Unknown Stage,excluded,transaction / capital guard: disposition,Unknown Stage,Reappearing,29,51,Unknown Timing,Unknown,Unknown,Unknown,Unknown,General monitoring,Monitor lifecycle signal for repeated confirmation,Unknown Stage; General Asset Signal; No explicit timing reference,Metro scores $150M in federal funding for Vermont BRT Line,Urbanize LA,https://la.urbanize.city/post/metro-scores-150m-federal-funding-vermont-brt-line,Medium
2026-09-09,20260909-010459-46ae916b,PRJ-20260909-0033,Office-to-Residential Conversion - Atlanta / Georgia - JLB Pursuing Buckhead Office-to-Apartments Conversion,80,LC-20260909-072,art_1d52cfb4e6bbc0bc,Saratoga Capital Pays $98.4M at Auction for Atlanta Apartment Community,https://www.connectcre.com/stories/saratoga-capital-pays-98-4m-at-auction-for-atlanta-apartment-community/,"Wed, 12 Aug 2026 14:09:31 +0000","Atlanta & Southeast News In Your Inbox Sign up for Connect emails to stay informed with CRE stories that are 150 words or less. Atlanta & Southeast + Atlanta + Apartments | August 12, 2026 By: Mike Boyd Saratoga Capital Pays $98.4M at Auction for Atlanta Apartment Community Saratoga Capital Partners bought the 336-unit Generation Atlanta community on Centennial Olympic Park Drive for $98.4 million in a foreclosure auction. Frankforter Group was the building’s previous owner. In late 2021, Frankf",valid,title/source/url metadata are internally consistent,Development Activity,Market Intelligence,repeat_penalized,,,,,2026-08-12,2026-09-09,28,old_31d_plus,old,published date parsed; article age 28 day(s),5,open,,,,Acquisition - Atlanta / Georgia - Saratoga Capital Pays $98.4M at Auction for Atlanta Apartment Community,Unknown,Atlanta,Apartment,Unknown,Unknown,Unknown Stage,excluded,transaction / capital guard: acquisition,Unknown Stage,Reappearing,20,50,Unknown Timing,Unknown,Unknown,Unknown,Unknown,General monitoring,Monitor lifecycle signal for repeated confirmation,Unknown Stage; General Asset Signal; No explicit timing reference,Saratoga Capital Pays $98.4M at Auction for Atlanta Apartment Community,Connect CRE Atlanta,https://www.connectcre.com/stories/saratoga-capital-pays-98-4m-at-auction-for-atlanta-apartment-community/,Medium
2026-09-09,20260909-010459-46ae916b,PRJ-20260909-0033,Office-to-Residential Conversion - Atlanta / Georgia - JLB Pursuing Buckhead Office-to-Apartments Conversion,80,LC-20260909-073,art_4addc8979f06a523,JLB Pursuing Buckhead Office-to-Apartments Conversion,https://www.connectcre.com/stories/jlb-pursuing-buckhead-office-to-apartments-conversion/,"Tue, 11 Aug 2026 14:07:02 +0000","Atlanta & Southeast News In Your Inbox Sign up for Connect emails to stay informed with CRE stories that are 150 words or less. Atlanta & Southeast + Atlanta + Apartments | August 11, 2026 By: Mike Boyd JLB Pursuing Buckhead Office-to-Apartments Conversion JLB Partners plans to redevelop a seven-story building at 470 E. Paces Ferry Road in Buckhead Village. The Atlanta Business Chronicle reports the project consists of 314 apartments in what was once a mid-century office building. On Maple Drive",valid,title/source/url metadata are internally consistent,Development Activity,,repeat_penalized,,,,,2026-08-11,2026-09-09,29,old_31d_plus,old,published date parsed; article age 29 day(s),5,open,,,,Office-to-Residential Conversion - Atlanta / Georgia - JLB Pursuing Buckhead Office-to-Apartments Conversion,Unknown,Atlanta,Apartment,Unknown,Unknown,Unknown Stage,construction_delivery_watch,matched development / asset strategy execution,Unknown Stage,Reappearing,20,50,Unknown Timing,Unknown,Unknown,Unknown,Unknown,General monitoring,Monitor lifecycle signal for repeated confirmation,Unknown Stage; Office-to-Residential Conversion; No explicit timing reference,JLB Pursuing Buckhead Office-to-Apartments Conversion,Connect CRE Atlanta,https://www.connectcre.com/stories/jlb-pursuing-buckhead-office-to-apartments-conversion/,Medium
2026-09-09,20260909-010459-46ae916b,PRJ-20260909-0033,Office-to-Residential Conversion - Atlanta / Georgia - JLB Pursuing Buckhead Office-to-Apartments Conversion,80,LC-20260909-074,art_74b6034bca9c58bb,ParkProperty Acquires 280-Unit Buckhead Apartment Community,https://www.connectcre.com/stories/parkproperty-acquires-280-unit-buckhead-apartment-community/,"Thu, 13 Aug 2026 14:27:04 +0000","Atlanta & Southeast News In Your Inbox Sign up for Connect emails to stay informed with CRE stories that are 150 words or less. Atlanta & Southeast + Atlanta + Apartments | August 13, 2026 By: Mike Boyd ParkProperty Acquires 280-Unit Buckhead Apartment Community ParkProperty Capital acquired The Jane, a 280-unit multifamily in the Brookwood district of Atlanta, adjacent to Buckhead. The property was traded for $75 million. CWS Capital Partners was the seller. The property was named after the loc",valid,title/source/url metadata are internally consistent,Development Activity,GP / Capital Activity,repeat_penalized,,,,,2026-08-13,2026-09-09,27,old_31d_plus,old,published date parsed; article age 27 day(s),5,open,,,,Acquisition - Atlanta / Georgia - ParkProperty Acquires 280-Unit Buckhead Apartment Community,Unknown,Atlanta,Apartment,Unknown,Unknown,Unknown Stage,excluded,transaction / capital guard: acquisition,Unknown Stage,Reappearing,20,48,Unknown Timing,Unknown,Unknown,Unknown,Unknown,General monitoring,Monitor lifecycle signal for repeated confirmation,Unknown Stage; General Asset Signal; No explicit timing reference,ParkProperty Acquires 280-Unit Buckhead Apartment Community,Connect CRE Atlanta,https://www.connectcre.com/stories/parkproperty-acquires-280-unit-buckhead-apartment-community/,Low
2026-09-09,20260909-010459-46ae916b,PRJ-20260909-0115,Disposition / Exit - Other / Unknown - NAHB HBGI: Micro Markets Lone Bright Spot for Single-Family Building in Fourth Quarter,80,LC-20260909-070,art_3074f317047b63b8,"Construction Soon For Vista Verde Senior Housing, Orinda",https://sfyimby.com/2026/09/construction-soon-for-vista-verde-senior-housing-orinda.html,"Mon, 07 Sep 2026 12:00:44 +0000","10 Irwin Way view from the car park, rendering by DAHLIN By: Andrew Nelson 5:00 am on September 7, 2026 The project team has announced that the Notice to Proceed was granted for affordable senior housing at 10 Irwin Way in Orinda , Contra Costa County . General contractor Brown Construction said work is expected to start soon on the 53-unit hillside facility. UrbanCore Development is the project sponsor. 10 Irwin Way aerial view from the west, rendering by DAHLIN Once complete, the 51-foot-tall ",valid,title/source/url metadata are internally consistent,Development Activity,Market Intelligence,acceptable_repeat,True,unit/site count: 53-unit; address/street: 10 irwin way; project/asset term: project,high,Project / Asset,2026-09-07,2026-09-09,2,fresh_0_3d,fresh,published date parsed; article age 2 day(s),66,access_limited,,,,"Construction Soon For Vista Verde Senior Housing, Orinda",Other / Unknown,Unknown,Senior Housing,,Unknown,Unknown Stage,construction_delivery_watch,matched development / asset strategy execution,Unknown Stage,Unknown,19,46,Unknown Timing,Unknown,Unknown,Unknown,Unknown,General monitoring,Monitor lifecycle signal for repeated confirmation,Unknown Stage; Affordable / Density Bonus Strategy; 2026,"Construction Soon For Vista Verde Senior Housing, Orinda",SF YIMBY,https://sfyimby.com/2026/09/construction-soon-for-vista-verde-senior-housing-orinda.html,Low
2026-09-09,20260909-010459-46ae916b,PRJ-20260909-0152,Disposition / Exit - Other / Unknown - NAHB HBGI: Micro Markets Lone Bright Spot for Single-Family Building in Fourth Quarter,80,LC-20260909-045,art_e48ca688b8364277,Mixed-use project to rise at 225 N. 2nd Ave. in Arcadia,https://la.urbanize.city/post/mixed-use-project-rise-225-n-2nd-ave-arcadia,"Tue, 08 Sep 2026 13:10:00 +0000","Mixed-use project to rise at 225 N. 2nd Ave. in Arcadia | Urbanize LA Skip to main content Advertisement Advertisement Last month, the City of Arcadia signed off on a proposal to develop a mixed-use project one block east of the City's A Line stop. The North Village project, which would rise from a property at 225 North 2nd Avenue, is proposed by an entity affiliated with Giantech Construction, Inc. Plans call for the construction of a new six-story building containing 130 studio, one-, two-, an",valid,title/source/url metadata are internally consistent,Development Activity,Market Intelligence,new_or_fresh,,,,,2026-09-08,2026-09-09,1,fresh_0_3d,fresh,published date parsed; article age 1 day(s),88,access_limited,,,,General Project Signal - Other / Unknown - Mixed-use project to rise at 225 N. 2nd Ave. in Arcadia,Unknown,Unknown,Mixed-Use Residential,Unknown,Unknown,Unknown Stage,construction_delivery_watch,matched development / asset strategy execution,,Reappearing,31,45,Unknown Timing,Unknown,Unknown,Unknown,Unknown,General monitoring,Monitor lifecycle signal for repeated confirmation,Unknown Stage; General Asset Signal; No explicit timing reference,Mixed-use project to rise at 225 N. 2nd Ave. in Arcadia,Urbanize LA,https://la.urbanize.city/post/mixed-use-project-rise-225-n-2nd-ave-arcadia,Low
2026-09-09,20260909-010459-46ae916b,PRJ-20260909-0152,Disposition / Exit - Other / Unknown - NAHB HBGI: Micro Markets Lone Bright Spot for Single-Family Building in Fourth Quarter,80,LC-20260909-063,art_8b28c10c647e7f21,Multifamily Absorption Rate Remains Below 50%,https://eyeonhousing.org/2026/08/multifamily-absorption-rate-remains-below-50-2/,"Fri, 28 Aug 2026 13:47:59 +0000","Multifamily Absorption Rate Remains Below 50% – Eye On Housing Skip to content Multifamily Absorption Rate Remains Below 50% August 28, 2026 Jesse Wade No Comments The percentage of new apartment units that were absorbed within three months after completion was down five percentage points in the first quarter, according to the Census Bureau’s latest release of the Survey of Market Absorption of New Multifamily Units (SOMA). An apartment or condo unit is considered absorbed into the market when i",valid,title/source/url metadata are internally consistent,Market Intelligence,,repeat_penalized,,,,,2026-08-28,2026-09-09,12,recent_4_14d,recent,published date parsed; article age 12 day(s),55,open,,,,General Project Signal - Other / Unknown - Multifamily Absorption Rate Remains Below 50%,Unknown,Unknown,Apartment,Unknown,Unknown,Unknown Stage,excluded,excluded generic policy / market article,Unknown Stage,Reappearing,30,41,Unknown Timing,Unknown,Unknown,Unknown,Unknown,General monitoring,Monitor lifecycle signal for repeated confirmation,Unknown Stage; General Asset Signal; No explicit timing reference,Multifamily Absorption Rate Remains Below 50%,NAHB Eye on Housing - Multifamily,https://eyeonhousing.org/2026/08/multifamily-absorption-rate-remains-below-50-2/,Low
2026-09-09,20260909-010459-46ae916b,PRJ-20260909-0074,Office-to-Residential Conversion - Los Angeles / California - Ian Schrager’s West Hollywood Hotel Redevelopment Scores $116M Bridge Financing,80,LC-20260909-075,,Metro scores $150M in federal funding for Vermont BRT Line,https://la.urbanize.city/post/metro-scores-150m-federal-funding-vermont-brt-line,,,,,,,,,,,,,,,unknown_date,unknown_date_review,derived row did not carry source published date,,,,,,Metro scores $150M in federal funding for Vermont BRT Line,Los Angeles / California,Los Angeles,General Residential,Unknown,Unknown,Unknown Stage,excluded,no clear development milestone,Unknown Stage,Reappearing,22,37,Unknown Timing,Unknown,Unknown,Unknown,Unknown,Low relevance,Monitor lifecycle signal for repeated confirmation,Unknown Stage; General Asset Signal; No explicit timing reference,Metro scores $150M in federal funding for Vermont BRT Line,Urbanize LA,https://la.urbanize.city/post/metro-scores-150m-federal-funding-vermont-brt-line,Low
2026-09-09,20260909-010459-46ae916b,PRJ-20260909-0152,Disposition / Exit - Other / Unknown - NAHB HBGI: Micro Markets Lone Bright Spot for Single-Family Building in Fourth Quarter,80,LC-20260909-077,art_266f44ae4fd99ed0,2026 Resident Experience Management Report,https://www.multifamilyexecutive.com/premium/whitepaper/753766,"Thu, 25 Jun 2026 15:50:39 +0000","eBook 2026 Resident Experience Management Report Cover_Zego.png Resident retention is moving in the wrong direction at exactly the moment multifamily operators can least afford it. After reaching 60% in 2024, average retention rates have slipped to 57%. That three-point decline might look modest on a spreadsheet, but with turnover costing operators roughly $4,000 per unit, even a small dip in performance adds up to a significant hit to NOI across a portfolio. While property managers frequently a",low_value_promotional,promotional/event keyword: whitepaper,Excluded,,repeat_penalized,,,,,2026-06-25,2026-09-09,76,old_31d_plus,archive,published date parsed; article age 76 day(s),0,open,,,,General Project Signal - Other / Unknown - 2026 Resident Experience Management Report,Unknown,Unknown,Multifamily,Unknown,Unknown,Unknown Stage,construction_delivery_watch,matched development / asset strategy execution,Unknown Stage,Reappearing,20,23,Unknown Timing,Unknown,Unknown,Unknown,Unknown,Low relevance,Monitor lifecycle signal for repeated confirmation,Unknown Stage; General Asset Signal; 2026,2026 Resident Experience Management Report,Multifamily Executive,https://www.multifamilyexecutive.com/premium/whitepaper/753766,Low
2026-09-09,20260909-010459-46ae916b,PRJ-20260909-0152,Disposition / Exit - Other / Unknown - NAHB HBGI: Micro Markets Lone Bright Spot for Single-Family Building in Fourth Quarter,80,LC-20260909-078,art_e7fcf1171af1b281,Share of Apartments Built in Buildings with 50+ Units Moves Higher in 2025,https://eyeonhousing.org/2026/07/share-of-apartments-built-in-buildings-with-50-units-moves-higher-in-2025/,"Mon, 27 Jul 2026 14:16:05 +0000","Share of Apartments Built in Buildings with 50+ Units Moves Higher in 2025 – Eye On Housing Skip to content Share of Apartments Built in Buildings with 50+ Units Moves Higher in 2025 July 27, 2026 Jesse Wade No Comments Following the highest number of multifamily completions in nearly 40 years in 2024, completions declined in 2025 to 484,000, according to NAHB analysis of the Census Bureau’s Survey of Construction . For the ninth consecutive year, a majority of new multifamily units were in buil",valid,title/source/url metadata are internally consistent,Development Activity,,repeat_penalized,,,,,2026-07-27,2026-09-09,44,old_31d_plus,old,published date parsed; article age 44 day(s),5,open,,,,General Project Signal - Other / Unknown - Share of Apartments Built in Buildings with 50+ Units Moves Higher in 2025,Unknown,Unknown,Apartment,Unknown,Unknown,Unknown Stage,construction_delivery_watch,matched development / asset strategy execution,Unknown Stage,Reappearing,20,22,Unknown Timing,Unknown,Unknown,Unknown,Unknown,Low relevance,Monitor lifecycle signal for repeated confirmation,Unknown Stage; General Asset Signal; in 2025,Share of Apartments Built in Buildings with 50+ Units Moves Higher in 2025,NAHB Eye on Housing - Multifamily,https://eyeonhousing.org/2026/07/share-of-apartments-built-in-buildings-with-50-units-moves-higher-in-2025/,Low
2026-09-09,20260909-010459-46ae916b,PRJ-20260909-0152,Disposition / Exit - Other / Unknown - NAHB HBGI: Micro Markets Lone Bright Spot for Single-Family Building in Fourth Quarter,80,LC-20260909-079,art_bbf68370d5e8064d,First Quarter 2026 Multifamily Construction Data,https://eyeonhousing.org/2026/05/first-quarter-2026-multifamily-construction-data/,"Tue, 26 May 2026 12:31:00 +0000","First Quarter 2026 Multifamily Construction Data – Eye On Housing Skip to content First Quarter 2026 Multifamily Construction Data May 26, 2026 Robert Dietz No Comments According to NAHB analysis of quarterly Census data, the count of multifamily, for-rent housing starts increased year-over-year during the first quarter of 2026. For the quarter, 107,000 multifamily residences started construction. Of this total, 103,000 were built-for-rent. This built-for-rent total was 21% higher than in the fi",valid,title/source/url metadata are internally consistent,Market Intelligence,,repeat_penalized,,,,,2026-05-26,2026-09-09,106,old_31d_plus,archive,published date parsed; article age 106 day(s),5,open,,,,Development Start - Other / Unknown - First Quarter 2026 Multifamily Construction Data,Unknown,Unknown,Multifamily,Unknown,Unknown,Unknown Stage,construction_delivery_watch,matched development / asset strategy execution,Unknown Stage,Reappearing,20,21,Immediate / 0-3 Months,Unknown,Unknown,Unknown,Unknown,Low relevance,Monitor lifecycle signal for repeated confirmation,Unknown Stage; Development Start; 2026,First Quarter 2026 Multifamily Construction Data,NAHB Eye on Housing - Multifamily,https://eyeonhousing.org/2026/05/first-quarter-2026-multifamily-construction-data/,Low
2026-09-09,20260909-010459-46ae916b,PRJ-20260909-0152,Disposition / Exit - Other / Unknown - NAHB HBGI: Micro Markets Lone Bright Spot for Single-Family Building in Fourth Quarter,80,LC-20260909-080,art_695932dbcd227470,Fourth Quarter 2025 Multifamily Construction Data,https://eyeonhousing.org/2026/03/fourth-quarter-2025-multifamily-construction-data/,"Thu, 19 Mar 2026 12:35:00 +0000","Fourth Quarter 2025 Multifamily Construction Data – Eye On Housing Skip to content Fourth Quarter 2025 Multifamily Construction Data March 19, 2026 Robert Dietz No Comments According to NAHB analysis of quarterly Census data, the count of multifamily, for-rent housing starts increased year-over-year during the fourth quarter of 2025. For the quarter, 96,000 multifamily residences started construction. Of this total, 91,000 were built-for-rent. This built-for-rent total was 18% higher than in the",valid,title/source/url metadata are internally consistent,Market Intelligence,,repeat_penalized,,,,,2026-03-19,2026-09-09,174,old_31d_plus,archive,published date parsed; article age 174 day(s),5,open,,,,Development Start - Other / Unknown - Fourth Quarter 2025 Multifamily Construction Data,Unknown,Unknown,Multifamily,Unknown,Unknown,Unknown Stage,construction_delivery_watch,matched development / asset strategy execution,Unknown Stage,Reappearing,20,21,Immediate / 0-3 Months,Unknown,Unknown,Unknown,Unknown,Low relevance,Monitor lifecycle signal for repeated confirmation,Unknown Stage; Development Start; 2025,Fourth Quarter 2025 Multifamily Construction Data,NAHB Eye on Housing - Multifamily,https://eyeonhousing.org/2026/03/fourth-quarter-2025-multifamily-construction-data/,Low
2026-09-09,20260909-010459-46ae916b,PRJ-20260909-0152,Disposition / Exit - Other / Unknown - NAHB HBGI: Micro Markets Lone Bright Spot for Single-Family Building in Fourth Quarter,80,LC-20260909-081,art_d4039cdfbf50dd7d,NAHB HBGI: Micro Markets Lone Bright Spot for Single-Family Building in Fourth Quarter,https://eyeonhousing.org/2026/03/nahb-hbgi-micro-markets-lone-bright-spot-for-single-family-building-in-fourth-quarter/,"Mon, 30 Mar 2026 15:01:25 +0000","NAHB HBGI: Micro Markets Lone Bright Spot for Single-Family Building in Fourth Quarter – Eye On Housing Skip to content NAHB HBGI: Micro Markets Lone Bright Spot for Single-Family Building in Fourth Quarter March 30, 2026 Jesse Wade No Comments Single-family construction declined further in the fourth quarter in all but sparsely populated micro counties, according to the NAHB Home Building Geography Index (HBGI). Meanwhile, multifamily construction showed growth in all markets for the first time",valid,title/source/url metadata are internally consistent,Market Intelligence,,repeat_penalized,,,,,2026-03-30,2026-09-09,163,old_31d_plus,archive,published date parsed; article age 163 day(s),5,open,,,,Disposition / Exit - Other / Unknown - NAHB HBGI: Micro Markets Lone Bright Spot for Single-Family Building in Fourth Quarter,Unknown,Unknown,Multifamily,Unknown,Unknown,Unknown Stage,excluded,transaction / capital guard: disposition,Unknown Stage,Reappearing,20,12,Unknown Timing,Unknown,Unknown,Unknown,Unknown,Low relevance,Monitor lifecycle signal for repeated confirmation,Unknown Stage; General Asset Signal; No explicit timing reference,NAHB HBGI: Micro Markets Lone Bright Spot for Single-Family Building in Fourth Quarter,NAHB Eye on Housing - Multifamily,https://eyeonhousing.org/2026/03/nahb-hbgi-micro-markets-lone-bright-spot-for-single-family-building-in-fourth-quarter/,Low
