run_date,run_id,collected_at,source,source_category,source_tier,coverage_focus,platform_type,residential_sector,published,relevance_score,priority,action_level,market_focus,strategic_angle,decision_use,strategic_implication,woomi_relevance,recommended_next_step,reason_for_inclusion,market_signal,extracted_numbers,article_text_sample,llm_analysis_prompt,llm_prompt_quality_score,llm_prompt_quality_label,missing_prompt_context,gpt_strategic_analysis,topics,matched_keywords,title,url,previously_seen_article,article_id,canonical_market,market_tier,normalized_sector,event_tags,display_category,category_tags,exclude_from_feed,access_limited_reason,is_core_market,is_watchlist_market,source_reliability_status,canonical_article_id,source_page_url,extracted_article_title,access_status,content_access_status,original_url,article_integrity_status,article_integrity_reason,primary_display_section,secondary_display_sections,section_routing_reason,repeat_exposure_status,days_since_first_seen,published_date_normalized,collected_date_normalized,article_age_days,freshness_bucket,freshness_status,freshness_reason,freshness_score,repeat_penalty_reason,extracted_city,extracted_state,extracted_market_reason,gp_capital_activity_type,gp_capital_repeat_status,gp_capital_exclusion_reason,gp_capital_selected_flag,lead_entity,counterparties,entity_extraction_method,entity_extraction_confidence,entity_extraction_reason,has_project_anchor,project_anchor_reason,project_anchor_confidence,development_lifecycle_hint,rent_demand_flag,rent_demand_type,rent_demand_reason,gp_or_developer,lender_or_capital_partner,capital_provider,institutional_partner,lead_sponsor,jv_partner,primary_topic,secondary_topic,capital_event_type,development_stage,supply_demand_signal,institutional_activity_type,financing_type,asset_strategy,entity_role,market_relevance_reason,classification_confidence,classification_reason,article_richness_score,strategic_relevance_score,strategic_relevance_reason,representative_evidence_score
2026-09-06,20260906-003733-9f6b17d3,2026-09-06 00:36:47,Multifamily Dive,Core Multifamily News,Tier 1,national_multifamily,Other,Apartment,"Tue, 01 Sep 2026 12:49:13 -0400",100,High,Must Read,California,Institutional Flow,Track Institutional Capital Flow,"Track this as institutional capital flow because it mentions major capital players, portfolio transactions, deal size, or cap-rate signals.",High relevance to US residential developer strategy,Read full article,"Included because it scored 100 and mentions apartment, camden property trust, cap rate, with a Institutional Flow angle for California.",Cap Rate Signal,5.6%; 16%; $12.4 billion,"An article from Dive Brief Apartment cap rates inched up to 5.6% in July: MSCI Camden Property Trust’s sale of an 11-property Southern California portfolio to a BlackRock-managed vehicle boosted portfolio trades, but overall sales fell 16% YOY to $12.4 billion. Published Sept. 1, 2026 Leslie Shaver Senior Reporter Share Copy link Email LinkedIn X/Twitter Facebook Print License Add us on Google Getty Images Dive Brief: Apartment sales fell 16% year over year to $12.4 billion in July, according to","You are a strategic research analyst for Woomi / Woomi Global.
Analyze the following US multifamily housing article for developer strategy.

Article context:
- Title: Apartment cap rates inched up to 5.6% in July: MSCI
- Source: Multifamily Dive
- URL: https://www.multifamilydive.com/news/apartment-cap-rates-multifamily-sales/829320/
- Market focus: California
- Strategic angle: Institutional Flow
- Market signal: Cap Rate Signal
- Extracted numbers: 5.6%; 16%; $12.4 billion
- Strategic implication: Track this as institutional capital flow because it mentions major capital players, portfolio transactions, deal size, or cap-rate signals.
- Woomi relevance: High relevance to US residential developer strategy

Please answer in concise bullet points:
1. Why does this article matter for a US multifamily developer?
2. What is the implication for Woomi / Woomi Global?
3. What risk or opportunity does this indicate?
4. What follow-up question should the strategy team ask?",98,Excellent,None,"Rule-based interpretation: Multifamily Dive article 'Apartment cap rates inched up to 5.6% in July: MSCI' is classified as priority review for California. It points to financing, refinancing, or debt-market conditions. Treat as a briefing input, not a standalone investment conclusion; confirm with source diversity, repeat observation, and market-specific evidence.",Macro & Financing; Market Players & Deals,apartment; camden property trust; cap rate; sale,Apartment cap rates inched up to 5.6% in July: MSCI,https://www.multifamilydive.com/news/apartment-cap-rates-multifamily-sales/829320/,Yes,art_75f136a48c17c202,Los Angeles / Southern California,core_15,Multifamily,policy/regulation,거래/투자,거래/투자; 시장 데이터,No,article page appears accessible from collected text,Yes,No,standard,art_75f136a48c17c202,https://www.multifamilydive.com/news/apartment-cap-rates-multifamily-sales/829320/,Apartment cap rates inched up to 5.6% in July: MSCI,open,open,https://www.multifamilydive.com/news/apartment-cap-rates-multifamily-sales/829320/,valid,title/source/url metadata are internally consistent,GP / Capital Activity,,transaction or financing article excluded from Development Activity,acceptable_repeat,2,2026-09-01,2026-09-06,5,fresh_0_3d,fresh,published date parsed; article age 5 day(s),74,previously seen article,,California,matched state keyword: California,disposition_exit,repeated_but_retained,selected or retained for GP / capital review,Yes,Camden Property Trust,MSCI Camden Property Trust,dictionary_match,high,"Matched known institutional / GP entity in title, summary, or source text.",False,"no identifiable project, asset, site, address, or unit-count anchor",none,,No,,,Camden Property Trust,,MSCI Camden Property Trust,MSCI Camden Property Trust,Camden Property Trust,MSCI Camden Property Trust,transaction_market,capital_markets,disposition,none,none,none,none,unknown,lender,Market reference detected as California.,low,Capital event keywords detected: disposition. Primary topic set to transaction_market; confidence low.,75,58,institutional acquisition behavior; classification confidence penalty,50
2026-09-06,20260906-003733-9f6b17d3,2026-09-06 00:36:49,Yield PRO,Core Multifamily News,Tier 1,lease_up_supply;national_multifamily,Other,Apartment,"Thu, 03 Sep 2026 22:58:38 +0000",100,High,Must Read,Virginia,Financing Risk; Developer Strategy,Track Financing Conditions; Track Developer Strategy,"Monitor financing conditions because the article includes apartment, apartments, construction and $142m, $142 million, which may affect construction loans, refinancing risk, and exit cap rates.",High relevance to US residential developer strategy,Read full article,"Included because it scored 100 and mentions apartment, apartments, construction, with a Financing Risk; Developer Strategy angle for Virginia.",Deal Size Signal,$142m; $142 million,"Deal boom News Facebook Twitter Linkedin Walker & Dunlop, Inc. announced that it has arranged nearly $142 million in financing for the construction of two multifamily communities in Virginia. The financings will support the development of 612 market-rate apartments across Chesapeake and Chesterfield County . Walker & Dunlop FHA Finance arranged the transactions on behalf of Bonaventure. Chris Rumul, Jason Silva, Cole Parker, and Mike Valucci arranged the financings through the U.S. Department of","You are a strategic research analyst for Woomi / Woomi Global.
Analyze the following US multifamily housing article for developer strategy.

Article context:
- Title: Walker & Dunlop Arranges $142M HUD Financing for Two Virginia Multifamily Construction Projects on Behalf of Bonaventure
- Source: Yield PRO
- URL: https://yieldpro.com/2026/09/bonaventure-attain/
- Market focus: Virginia
- Strategic angle: Financing Risk; Developer Strategy
- Market signal: Deal Size Signal
- Extracted numbers: $142m; $142 million
- Strategic implication: Monitor financing conditions because the article includes apartment, apartments, construction and $142m, $142 million, which may affect construction loans, refinancing risk, and exit cap rates.
- Woomi relevance: High relevance to US residential developer strategy

Please answer in concise bullet points:
1. Why does this article matter for a US multifamily developer?
2. What is the implication for Woomi / Woomi Global?
3. What risk or opportunity does this indicate?
4. What follow-up question should the strategy team ask?",98,Excellent,None,"Rule-based interpretation: Yield PRO article 'Walker & Dunlop Arranges $142M HUD Financing for Two Virginia Multifamily Construction Projects on Behalf of Bonaventure' is classified as priority review for Virginia. It points to financing, refinancing, or debt-market conditions. Treat as a briefing input, not a standalone investment conclusion; confirm with source diversity, repeat observation, and market-specific evidence.",Macro & Financing; Development Strategy; Policy & Regulation; Market Players & Deals,apartment; apartments; construction; development; financing; hud; multifamily; transaction,Walker & Dunlop Arranges $142M HUD Financing for Two Virginia Multifamily Construction Projects on Behalf of Bonaventure,https://yieldpro.com/2026/09/bonaventure-attain/,Yes,art_b373f35a93a0cf6a,Virginia,other,Multifamily,policy/regulation,개발/인허가,개발/인허가; 거래/투자; 시장 데이터,No,article page appears accessible from collected text,No,No,standard,art_b373f35a93a0cf6a,https://yieldpro.com/2026/09/bonaventure-attain/,Walker & Dunlop Arranges $142M HUD Financing for Two Virginia Multifamily Construction Projects on Behalf of Bonaventure,open,open,https://yieldpro.com/2026/09/bonaventure-attain/,valid,title/source/url metadata are internally consistent,GP / Capital Activity,,"property-level financing, lender, refinancing, or recapitalization signal detected",acceptable_repeat,2,2026-09-03,2026-09-06,3,fresh_0_3d,fresh,published date parsed; article age 3 day(s),74,previously seen article,,Virginia,matched state keyword: Virginia,debt_financing,repeated_but_retained,selected or retained for GP / capital review,Yes,Walker & Dunlop,,dictionary_match,high,"Matched known institutional / GP entity in title, summary, or source text.",False,"no identifiable project, asset, site, address, or unit-count anchor",none,,No,,,Walker & Dunlop,Walker & Dunlop,,,Walker & Dunlop,,institutional_capital,none,none,none,none,lender_activity,none,unknown,lender; public_agency; developer,Market reference detected as Virginia.,low,Institutional activity terms detected: lender_activity. Primary topic set to institutional_capital; confidence low.,70,43,classification confidence penalty,41
2026-09-06,20260906-003733-9f6b17d3,2026-09-06 00:36:50,Yield PRO,Core Multifamily News,Tier 1,lease_up_supply;national_multifamily,Other,Apartment,"Thu, 03 Sep 2026 21:59:22 +0000",100,High,Must Read,New York,Institutional Flow,Track Institutional Capital Flow,"Review this as a supply risk signal because it references new deliveries, starts, pipeline, or permits in New York.",High relevance to US residential developer strategy,Read full article,"Included because it scored 100 and mentions apartment, apartments, cbre, with a Institutional Flow angle for New York.",Supply / Starts Signal,$64.3m; $64.3 million,"Deal boom News Facebook Twitter Linkedin Representatives of CBRE , led by Jeffrey Dunne, Stuart MacKenzie, Eric Apfel, Travis Langer, and Eric Greenberg of CBRE Institutional Properties announced the sale of 51 South Apartments , a Class A multifamily community located in White Plains, NY for $64.3 million. CBRE represented the seller, RMS Companies. Completed in 2025, 51 South consists of 134 dwelling units with structured parking and an expansive amenity package. The property is situated in th","You are a strategic research analyst for Woomi / Woomi Global.
Analyze the following US multifamily housing article for developer strategy.

Article context:
- Title: CBRE Announces $64.3M Sale of 51 South Apartments in White Plains New York
- Source: Yield PRO
- URL: https://yieldpro.com/2026/09/51-south-apartments/
- Market focus: New York
- Strategic angle: Institutional Flow
- Market signal: Supply / Starts Signal
- Extracted numbers: $64.3m; $64.3 million
- Strategic implication: Review this as a supply risk signal because it references new deliveries, starts, pipeline, or permits in New York.
- Woomi relevance: High relevance to US residential developer strategy

Please answer in concise bullet points:
1. Why does this article matter for a US multifamily developer?
2. What is the implication for Woomi / Woomi Global?
3. What risk or opportunity does this indicate?
4. What follow-up question should the strategy team ask?",98,Excellent,None,"Rule-based interpretation: Yield PRO article 'CBRE Announces $64.3M Sale of 51 South Apartments in White Plains New York' is classified as priority review for New York. It points to supply, delivery, lease-up, or absorption conditions. Treat as a briefing input, not a standalone investment conclusion; confirm with source diversity, repeat observation, and market-specific evidence.",Macro & Financing; Market Players & Deals,apartment; apartments; cbre; multifamily; sale,CBRE Announces $64.3M Sale of 51 South Apartments in White Plains New York,https://yieldpro.com/2026/09/51-south-apartments/,Yes,art_727e2344b00cadf0,New York / Northern New Jersey,core_15,Multifamily,delivery/completion,개발/인허가,개발/인허가; 거래/투자; 시장 데이터,No,article page appears accessible from collected text,Yes,No,standard,art_727e2344b00cadf0,https://yieldpro.com/2026/09/51-south-apartments/,CBRE Announces $64.3M Sale of 51 South Apartments in White Plains New York,open,open,https://yieldpro.com/2026/09/51-south-apartments/,valid,title/source/url metadata are internally consistent,Development Activity,GP / Capital Activity,development_project_anchor: capital event with identifiable project/asset (project/asset term: community),acceptable_repeat,2,2026-09-03,2026-09-06,3,fresh_0_3d,fresh,published date parsed; article age 3 day(s),74,previously seen article,,New York,matched state keyword: New York,disposition_exit,repeated_but_retained,development article without confirmed capital event,No,CBRE,,dictionary_match,high,"Matched known institutional / GP entity in title, summary, or source text.",True,project/asset term: community,medium,Project / Asset,No,,,CBRE,,,,CBRE,,development_pipeline,capital_markets,disposition,delivery,none,none,none,unknown,lender; broker,Market reference detected as New York.,medium,Capital event keywords detected: disposition. Development-stage terms detected: delivery. Primary topic set to development_pipeline; confidence medium.,90,35,thin PR language,33
2026-09-06,20260906-003733-9f6b17d3,2026-09-06 00:36:52,Commercial Observer,Core Multifamily News,Tier 1,national_multifamily,Other,Apartment,"Fri, 04 Sep 2026 15:40:09 +0000",100,High,Must Read,New York City / New York,Financing Risk; Developer Strategy,Track Financing Conditions; Track Developer Strategy,"Monitor financing conditions because the article includes apartment, apartments, debt and $48m, $48 million, which may affect construction loans, refinancing risk, and exit cap rates.",High relevance to US residential developer strategy,Read full article,"Included because it scored 100 and mentions apartment, apartments, debt, with a Financing Risk; Developer Strategy angle for New York City / New York.",Financing Cost Signal,$48m; $48 million,"Residential · Multifamily Williamsburg Finance Gaia Lands Another Extension for Williamsburg Apartments’ $48M Loan Developer was granted extended time to pay back debt on 117-unit multifamily property for second straight year By Andrew Coen September 4, 2026 11:40 am reprints GAIA Real Estate's Danny Fishman and 55 Hope Street, Brooklyn. PHOTOS: Josh Ritchie/for Commercial Observer; Courtesy GAIA Real Estate It’s déjà vu for GAIA Real Estate . The developer landed for the second straight year a ","You are a strategic research analyst for Woomi / Woomi Global.
Analyze the following US multifamily housing article for developer strategy.

Article context:
- Title: Gaia Lands Another Extension for Williamsburg Apartments’ $48M Loan
- Source: Commercial Observer
- URL: https://commercialobserver.com/2026/09/gaia-real-estate-loan-extension-williamsburg-brooklyn-apartments/
- Market focus: New York City / New York
- Strategic angle: Financing Risk; Developer Strategy
- Market signal: Financing Cost Signal
- Extracted numbers: $48m; $48 million
- Strategic implication: Monitor financing conditions because the article includes apartment, apartments, debt and $48m, $48 million, which may affect construction loans, refinancing risk, and exit cap rates.
- Woomi relevance: High relevance to US residential developer strategy

Please answer in concise bullet points:
1. Why does this article matter for a US multifamily developer?
2. What is the implication for Woomi / Woomi Global?
3. What risk or opportunity does this indicate?
4. What follow-up question should the strategy team ask?",98,Excellent,None,"Rule-based interpretation: Commercial Observer article 'Gaia Lands Another Extension for Williamsburg Apartments’ $48M Loan' is classified as priority review for New York City / New York. It points to financing, refinancing, or debt-market conditions. Treat as a briefing input, not a standalone investment conclusion; confirm with source diversity, repeat observation, and market-specific evidence.",Macro & Financing; Development Strategy,apartment; apartments; debt; developer; loan; multifamily,Gaia Lands Another Extension for Williamsburg Apartments’ $48M Loan,https://commercialobserver.com/2026/09/gaia-real-estate-loan-extension-williamsburg-brooklyn-apartments/,Yes,art_6b4718e692ea4734,New York / Northern New Jersey,core_15,Multifamily,financing/refinancing,개발/인허가,개발/인허가; 시장 데이터,No,article page appears accessible from collected text,Yes,No,standard,art_6b4718e692ea4734,https://commercialobserver.com/2026/09/gaia-real-estate-loan-extension-williamsburg-brooklyn-apartments/,Gaia Lands Another Extension for Williamsburg Apartments’ $48M Loan,open,open,https://commercialobserver.com/2026/09/gaia-real-estate-loan-extension-williamsburg-brooklyn-apartments/,valid,title/source/url metadata are internally consistent,Development Activity,GP / Capital Activity,development_project_anchor: capital event with identifiable project/asset (unit/site count: 117-unit; address/street: 55 hope street; project/asset term: apartments),acceptable_repeat,1,2026-09-04,2026-09-06,2,fresh_0_3d,fresh,published date parsed; article age 2 day(s),78,previously seen article,New York City,New York,matched city/metro keyword: New York City,debt_financing,repeated_but_retained,selected or retained for GP / capital review,Yes,GAIA Real Estate,,capital_event_sentence,medium,Inferred entity from source text near capital-event language.,True,unit/site count: 117-unit; address/street: 55 hope street; project/asset term: apartments,high,Project / Asset,No,,,GAIA Real Estate,GAIA Real Estate,,,GAIA Real Estate,,gp_activity,none,none,none,none,none,public_subsidy,unknown,lender; developer,Market reference detected as New York City / New York.,low,Financing type keywords detected: public_subsidy. Primary topic set to gp_activity; confidence low.,60,40,classification confidence penalty,32
2026-09-06,20260906-003733-9f6b17d3,2026-09-06 00:36:52,Commercial Observer,Core Multifamily News,Tier 1,national_multifamily,Other,Affordable Housing,"Fri, 04 Sep 2026 15:30:15 +0000",100,High,Must Read,New York City / New York,Regulation Risk; Developer Strategy,Track Regulation Risk; Track Developer Strategy,"Review this as a supply risk signal because it references new deliveries, starts, pipeline, or permits in New York City / New York.",High relevance to US residential developer strategy,Read full article,"Included because it scored 100 and mentions apartment, apartments, construction, with a Regulation Risk; Developer Strategy angle for New York City / New York.",Supply / Starts Signal,400 apartments,"Residential Gowanus Development · Construction Developer Ailanthus Files Plans to Build 400 Apartments at 424 Hoyt Street in Gowanus By Amanda Schiavo September 4, 2026 11:30 am reprints Ofer Cohen (from top), Tucker Reed and Vivian Liao of Ailanthus BK and a satellite view of 424 Hoyt Street, Brooklyn. PHOTOS: Courtesy Ailanthus BK; Google Earth Residential towers grow in Brooklyn. Affordable and mixed-income housing developer Ailanthus has filed a rezoning application with the New York City De","You are a strategic research analyst for Woomi / Woomi Global.
Analyze the following US multifamily housing article for developer strategy.

Article context:
- Title: Developer Ailanthus Files Plans to Build 400 Apartments at 424 Hoyt Street in Gowanus
- Source: Commercial Observer
- URL: https://commercialobserver.com/2026/09/ailanthus-400-apartments-424-hoyt-street-gowanus/
- Market focus: New York City / New York
- Strategic angle: Regulation Risk; Developer Strategy
- Market signal: Supply / Starts Signal
- Extracted numbers: 400 apartments
- Strategic implication: Review this as a supply risk signal because it references new deliveries, starts, pipeline, or permits in New York City / New York.
- Woomi relevance: High relevance to US residential developer strategy

Please answer in concise bullet points:
1. Why does this article matter for a US multifamily developer?
2. What is the implication for Woomi / Woomi Global?
3. What risk or opportunity does this indicate?
4. What follow-up question should the strategy team ask?",98,Excellent,None,"Rule-based interpretation: Commercial Observer article 'Developer Ailanthus Files Plans to Build 400 Apartments at 424 Hoyt Street in Gowanus' is classified as priority review for New York City / New York. It points to supply, delivery, lease-up, or absorption conditions. Treat as a briefing input, not a standalone investment conclusion; confirm with source diversity, repeat observation, and market-specific evidence.",Development Strategy,apartment; apartments; construction; developer; development; zoning,Developer Ailanthus Files Plans to Build 400 Apartments at 424 Hoyt Street in Gowanus,https://commercialobserver.com/2026/09/ailanthus-400-apartments-424-hoyt-street-gowanus/,Yes,art_25ea8c54a987f4f1,New York / Northern New Jersey,core_15,Affordable Housing,development; permit/entitlement; policy/regulation,개발/인허가,개발/인허가,No,article page appears accessible from collected text,Yes,No,standard,art_25ea8c54a987f4f1,https://commercialobserver.com/2026/09/ailanthus-400-apartments-424-hoyt-street-gowanus/,Developer Ailanthus Files Plans to Build 400 Apartments at 424 Hoyt Street in Gowanus,open,open,https://commercialobserver.com/2026/09/ailanthus-400-apartments-424-hoyt-street-gowanus/,valid,title/source/url metadata are internally consistent,Development Activity,,development_project_anchor: Approval / Entitlement (unit/site count: 400 apartments; address/street: 400 apartments at 424 hoyt street; execution milestone: to build; project/asset term: development),acceptable_repeat,1,2026-09-04,2026-09-06,2,fresh_0_3d,fresh,published date parsed; article age 2 day(s),78,previously seen article,New York City,New York,matched city/metro keyword: New York City,none,not_candidate,not a GP / capital candidate,No,,,,,,True,unit/site count: 400 apartments; address/street: 400 apartments at 424 hoyt street; execution milestone: to build; project/asset term: development,high,Approval / Entitlement,No,,,,,,,,,development_pipeline,none,none,zoning,none,none,none,affordable_housing,developer,Market reference detected as New York City / New York.,low,Development-stage terms detected: zoning. Primary topic set to development_pipeline; confidence low.,60,55,entitlement persistence; classification confidence penalty,53
2026-09-06,20260906-003733-9f6b17d3,2026-09-06 00:36:52,Commercial Observer,Core Multifamily News,Tier 1,national_multifamily,Other,Student Housing,"Thu, 03 Sep 2026 19:25:51 +0000",100,High,Must Read,Washington DC,Financing Risk; Developer Strategy,Track Financing Conditions; Track Developer Strategy,"Monitor financing conditions because the article includes apartment, apartments, construction and $176m, $175.6 million, $58.7 million, which may affect construction loans, refinancing risk, and exit cap rates.",High relevance to US residential developer strategy,Read full article,"Included because it scored 100 and mentions apartment, apartments, construction, with a Financing Risk; Developer Strategy angle for Washington DC.",Supply / Starts Signal,$176m; $175.6 million; $58.7 million; $250 million; 384 apartments,"Residential Washington DC Finance · Construction Financing Downtown D.C. Office Conversion Secures $176M Loan, New Majority Partner The $250 million redevelopment calls for a 14-story mixed-use property with 384 apartments and 50 student housing units By Greg Cornfield September 3, 2026 3:25 pm reprints Washington, D.C. Mayor Muriel Bowser and 1990 K Street NW, Washington, D.C. The conversion if part of Bowser's Housing in Downtown program. PHOTOS: Demetrius Freeman/For The Washington Post via G","You are a strategic research analyst for Woomi / Woomi Global.
Analyze the following US multifamily housing article for developer strategy.

Article context:
- Title: Downtown D.C. Office Conversion Secures $176M Loan, New Majority Partner
- Source: Commercial Observer
- URL: https://commercialobserver.com/2026/09/downtown-dc-office-conversion-1990-k-street-nw-stonebridge-bernstein-criterion/
- Market focus: Washington DC
- Strategic angle: Financing Risk; Developer Strategy
- Market signal: Supply / Starts Signal
- Extracted numbers: $176m; $175.6 million; $58.7 million; $250 million; 384 apartments
- Strategic implication: Monitor financing conditions because the article includes apartment, apartments, construction and $176m, $175.6 million, $58.7 million, which may affect construction loans, refinancing risk, and exit cap rates.
- Woomi relevance: High relevance to US residential developer strategy

Please answer in concise bullet points:
1. Why does this article matter for a US multifamily developer?
2. What is the implication for Woomi / Woomi Global?
3. What risk or opportunity does this indicate?
4. What follow-up question should the strategy team ask?",98,Excellent,None,"Rule-based interpretation: Commercial Observer article 'Downtown D.C. Office Conversion Secures $176M Loan, New Majority Partner' is classified as priority review for Washington DC. It points to financing, refinancing, or debt-market conditions. Treat as a briefing input, not a standalone investment conclusion; confirm with source diversity, repeat observation, and market-specific evidence.",Macro & Financing; Development Strategy,apartment; apartments; construction; conversion; development; financing; loan; office-to-residential; student housing,"Downtown D.C. Office Conversion Secures $176M Loan, New Majority Partner",https://commercialobserver.com/2026/09/downtown-dc-office-conversion-1990-k-street-nw-stonebridge-bernstein-criterion/,Yes,art_66f733b32c15de5e,Washington DC / Northern Virginia,core_15,Student Housing,financing/refinancing,개발/인허가,개발/인허가; 시장 데이터,No,article page appears accessible from collected text,Yes,No,standard,art_66f733b32c15de5e,https://commercialobserver.com/2026/09/downtown-dc-office-conversion-1990-k-street-nw-stonebridge-bernstein-criterion/,"Downtown D.C. Office Conversion Secures $176M Loan, New Majority Partner",open,open,https://commercialobserver.com/2026/09/downtown-dc-office-conversion-1990-k-street-nw-stonebridge-bernstein-criterion/,valid,title/source/url metadata are internally consistent,Development Activity,GP / Capital Activity,development_project_anchor: project financing/capital event tied to project (unit/site count: 14-story; address/street: 1990 k street; project/asset term: development; project financing tied to anchor: construction financing),acceptable_repeat,2,2026-09-03,2026-09-06,3,fresh_0_3d,fresh,published date parsed; article age 3 day(s),74,previously seen article,Washington DC,Washington DC,matched city/metro keyword: Washington DC,construction_financing,repeated_but_retained,selected or retained for GP / capital review,Yes,New Majority Partner Residential,,capital_event_sentence,medium,Inferred entity from source text near capital-event language.,True,unit/site count: 14-story; address/street: 1990 k street; project/asset term: development; project financing tied to anchor: construction financing,high,Project Financing / Capital Event,No,,,New Majority Partner Residential,New Majority Partner Residential,,,New Majority Partner Residential,,capital_markets,development_pipeline,construction_financing,redevelopment; adaptive_reuse,none,none,construction_loan,student_housing; mixed_use; adaptive_reuse,lender; developer,Market reference detected as Washington DC.,medium,"Capital event keywords detected: construction_financing. Financing type keywords detected: construction_loan. Development-stage terms detected: redevelopment, adaptive_reuse. Primary topic set to capital_markets; confidence medium.",90,57,general market observation with limited strategic behavior evidence,47
2026-09-06,20260906-003733-9f6b17d3,2026-09-06 00:36:52,Commercial Observer,Core Multifamily News,Tier 1,national_multifamily,Other,Mixed-Use Residential,"Thu, 03 Sep 2026 17:37:48 +0000",100,High,Must Read,Sun Belt,Financing Risk,Track Financing Conditions,"Monitor financing conditions because the article includes apartment, apartments, construction and $115m, which may affect construction loans, refinancing risk, and exit cap rates.",High relevance to US residential developer strategy,Read full article,"Included because it scored 100 and mentions apartment, apartments, construction, with a Financing Risk angle for Sun Belt.",Financing Cost Signal,$115m,"Residential · Multifamily Charlotte Finance · Refinance Dwight Investment Management Supplies $115M Refi on Charlotte Apartments Phillips Collective sealed bridge debt for its newly opened 295-unit mixed-use multifamily project in North Carolina’s largest city By Andrew Coen September 3, 2026 1:37 pm reprints Josh Hoffman of Dwight Investment Management and The Seventeen Hundred in Charlotte NC. PHOTO AND RENDERING: Courtesy Dwight Investment Management Dwight Investment Management , an affiliat","You are a strategic research analyst for Woomi / Woomi Global.
Analyze the following US multifamily housing article for developer strategy.

Article context:
- Title: Dwight Investment Management Supplies $115M Refi on Charlotte Apartments
- Source: Commercial Observer
- URL: https://commercialobserver.com/2026/09/dwight-investment-management-charlotte-apartments/
- Market focus: Sun Belt
- Strategic angle: Financing Risk
- Market signal: Financing Cost Signal
- Extracted numbers: $115m
- Strategic implication: Monitor financing conditions because the article includes apartment, apartments, construction and $115m, which may affect construction loans, refinancing risk, and exit cap rates.
- Woomi relevance: High relevance to US residential developer strategy

Please answer in concise bullet points:
1. Why does this article matter for a US multifamily developer?
2. What is the implication for Woomi / Woomi Global?
3. What risk or opportunity does this indicate?
4. What follow-up question should the strategy team ask?",98,Excellent,None,"Rule-based interpretation: Commercial Observer article 'Dwight Investment Management Supplies $115M Refi on Charlotte Apartments' is classified as priority review for Sun Belt. It points to financing, refinancing, or debt-market conditions. Treat as a briefing input, not a standalone investment conclusion; confirm with source diversity, repeat observation, and market-specific evidence.",Macro & Financing; Development Strategy,apartment; apartments; construction; debt; loan; multifamily,Dwight Investment Management Supplies $115M Refi on Charlotte Apartments,https://commercialobserver.com/2026/09/dwight-investment-management-charlotte-apartments/,Yes,art_f063af4bbfde60c8,Charlotte,core_15,Mixed-use Residential,financing/refinancing,제외/금융,제외/금융,Yes,article page appears accessible from collected text,Yes,No,standard,art_f063af4bbfde60c8,https://commercialobserver.com/2026/09/dwight-investment-management-charlotte-apartments/,Dwight Investment Management Supplies $115M Refi on Charlotte Apartments,open,open,https://commercialobserver.com/2026/09/dwight-investment-management-charlotte-apartments/,valid,title/source/url metadata are internally consistent,Development Activity,GP / Capital Activity,development_project_anchor: project financing/capital event tied to project (unit/site count: 295-unit; execution milestone: opened; project/asset term: project),acceptable_repeat,2,2026-09-03,2026-09-06,3,fresh_0_3d,fresh,published date parsed; article age 3 day(s),74,previously seen article,,,used broad market bucket: Sun Belt,refinancing,repeated_but_retained,"event, webinar, or thin promotional article",No,Courtesy Dwight Investment Management Dwight Investment Management,Dwight Investment Management,capital_event_sentence,medium,Inferred entity from source text near capital-event language.,True,unit/site count: 295-unit; execution milestone: opened; project/asset term: project,high,Delivery / Opening,No,,,Courtesy Dwight Investment Management Dwight Investment Management,Courtesy Dwight Investment Management Dwight Investment Management,Dwight Investment Management,Dwight Investment Management,Courtesy Dwight Investment Management Dwight Investment Management,Dwight Investment Management,capital_markets,development_pipeline,refinancing; bridge_loan,delivery,none,none,none,mixed_use,lender; developer,Market reference detected as Sun Belt.,high,"Capital event keywords detected: refinancing, bridge_loan. Development-stage terms detected: delivery. Primary topic set to capital_markets; confidence high.",90,39,large-scale refinance tied to strategy; event/webinar or promotion,29
2026-09-06,20260906-003733-9f6b17d3,2026-09-06 00:37:05,Urbanize LA,Regional / California / LA Sources,Tier 2,development_pipeline;entitlement;la_california,Other,Affordable Housing,"Fri, 04 Sep 2026 13:05:00 +0000",100,High,Must Read,California,Regulation Risk; Developer Strategy,Track Regulation Risk; Track Developer Strategy,"Review this as a supply risk signal because it references new deliveries, starts, pipeline, or permits in California.",High relevance to US residential developer strategy,Read full article,"Included because it scored 100 and mentions affordable housing, apartment, apartments, with a Regulation Risk; Developer Strategy angle for California.",Supply / Starts Signal,70 units,"Rendering vs. Reality: Apartments at 1408 W. Jefferson Blvd. in Exposition Park | Urbanize LA Skip to main content Advertisement Advertisement In Exposition Park , completion is nearing for a new affordable housing complex from Orion Capital . Located at 1408 W. Jefferson Boulevard, the project consists of a new seven-story building featuring 70 units of residential units, all ranging from approximately 300 to 350 square feet in size, without on-site parking. View looking south from Jefferson Bo","You are a strategic research analyst for Woomi / Woomi Global.
Analyze the following US multifamily housing article for developer strategy.

Article context:
- Title: Rendering vs. Reality: Apartments at 1408 W. Jefferson Blvd. in Exposition Park
- Source: Urbanize LA
- URL: https://la.urbanize.city/post/rendering-vs-reality-apartments-1408-w-jefferson-blvd-exposition-park
- Market focus: California
- Strategic angle: Regulation Risk; Developer Strategy
- Market signal: Supply / Starts Signal
- Extracted numbers: 70 units
- Strategic implication: Review this as a supply risk signal because it references new deliveries, starts, pipeline, or permits in California.
- Woomi relevance: High relevance to US residential developer strategy

Please answer in concise bullet points:
1. Why does this article matter for a US multifamily developer?
2. What is the implication for Woomi / Woomi Global?
3. What risk or opportunity does this indicate?
4. What follow-up question should the strategy team ask?",98,Excellent,None,"Rule-based interpretation: Urbanize LA article 'Rendering vs. Reality: Apartments at 1408 W. Jefferson Blvd. in Exposition Park' is classified as priority review for California. It points to supply, delivery, lease-up, or absorption conditions. Treat as a briefing input, not a standalone investment conclusion; confirm with source diversity, repeat observation, and market-specific evidence.",Development Strategy; Policy & Regulation,affordable housing; apartment; apartments; density bonus; development; permit; permitting; zoning,Rendering vs. Reality: Apartments at 1408 W. Jefferson Blvd. in Exposition Park,https://la.urbanize.city/post/rendering-vs-reality-apartments-1408-w-jefferson-blvd-exposition-park,Yes,art_bcb8bc75f1d2963e,Los Angeles / Southern California,core_15,Affordable Housing,development; permit/entitlement; delivery/completion; policy/regulation,개발/인허가,개발/인허가,No,limited source or insufficient readable article text,Yes,No,access_limited_source,art_bcb8bc75f1d2963e,https://la.urbanize.city/post/rendering-vs-reality-apartments-1408-w-jefferson-blvd-exposition-park,Rendering vs. Reality: Apartments at 1408 W. Jefferson Blvd. in Exposition Park,access_limited,access_limited,https://la.urbanize.city/post/rendering-vs-reality-apartments-1408-w-jefferson-blvd-exposition-park,valid,title/source/url metadata are internally consistent,Development Activity,,development_project_anchor: Approval / Entitlement (unit/site count: 70 units; address/street: 1408 w. jefferson blvd; site/parcel signal: site; project/asset term: project),acceptable_repeat,1,2026-09-04,2026-09-06,2,fresh_0_3d,fresh,published date parsed; article age 2 day(s),66,previously seen article; limited page access,,,used broad market bucket: California,none,not_candidate,not a GP / capital candidate,No,,,,,,True,unit/site count: 70 units; address/street: 1408 w. jefferson blvd; site/parcel signal: site; project/asset term: project,high,Approval / Entitlement,No,,,,,,,,,other,none,none,none,none,none,none,unknown,developer,Market reference detected as California.,unknown,"Limited/paywalled article; classification is based on title, URL, source, and available lead text only. No clear rule-based event keyword was detected. Primary topic set to other; confidence unknown.",60,47,entitlement persistence; limited article: title/lead-based review needed; classification confidence penalty,39
2026-09-06,20260906-003733-9f6b17d3,2026-09-06 00:37:06,Urbanize LA,Regional / California / LA Sources,Tier 2,development_pipeline;entitlement;la_california,Other,Senior Housing,"Thu, 03 Sep 2026 13:10:00 +0000",100,High,Must Read,California,Institutional Flow; Developer Strategy,Track Institutional Capital Flow; Track Developer Strategy,"Track this as institutional capital flow because it mentions major capital players, portfolio transactions, deal size, or cap-rate signals.",High relevance to US residential developer strategy,Read full article,"Included because it scored 100 and mentions apartment, apartments, construction, with a Institutional Flow; Developer Strategy angle for California.",Deal Size Signal,200 apartments,"200 apartments fully framed at 3863 Carson Street in Torrance | Urbanize LA Skip to main content Advertisement Advertisement Just off of Hawthorne Boulevard in Torrance , framing is complete for a new multifamily residential complex from Bay Area real estate development firm Legacy Partners . Soto Del Amo, which broke ground last year at 3863 Carson Street , is being developed through a joint venture with DWS Group. The new five-story building will contain 200 studio, one-, and two-bedroom apart","You are a strategic research analyst for Woomi / Woomi Global.
Analyze the following US multifamily housing article for developer strategy.

Article context:
- Title: 200 apartments fully framed at 3863 Carson Street in Torrance
- Source: Urbanize LA
- URL: https://la.urbanize.city/post/200-apartments-fully-framed-3863-carson-street-torrance
- Market focus: California
- Strategic angle: Institutional Flow; Developer Strategy
- Market signal: Deal Size Signal
- Extracted numbers: 200 apartments
- Strategic implication: Track this as institutional capital flow because it mentions major capital players, portfolio transactions, deal size, or cap-rate signals.
- Woomi relevance: High relevance to US residential developer strategy

Please answer in concise bullet points:
1. Why does this article matter for a US multifamily developer?
2. What is the implication for Woomi / Woomi Global?
3. What risk or opportunity does this indicate?
4. What follow-up question should the strategy team ask?",98,Excellent,None,"Rule-based interpretation: Urbanize LA article '200 apartments fully framed at 3863 Carson Street in Torrance' is classified as priority review for California. It points to institutional capital movement or transaction activity. Treat as a briefing input, not a standalone investment conclusion; confirm with source diversity, repeat observation, and market-specific evidence.",Macro & Financing; Development Strategy; Market Players & Deals,apartment; apartments; construction; development; joint venture; multifamily; senior housing,200 apartments fully framed at 3863 Carson Street in Torrance,https://la.urbanize.city/post/200-apartments-fully-framed-3863-carson-street-torrance,Yes,art_2564c0e7cf1f971a,Los Angeles / Southern California,core_15,Senior Housing,JV/recapitalization,개발/인허가,개발/인허가; 거래/투자; 시장 데이터,No,limited source or insufficient readable article text,Yes,No,access_limited_source,art_2564c0e7cf1f971a,https://la.urbanize.city/post/200-apartments-fully-framed-3863-carson-street-torrance,200 apartments fully framed at 3863 Carson Street in Torrance,access_limited,access_limited,https://la.urbanize.city/post/200-apartments-fully-framed-3863-carson-street-torrance,suspicious_duplicate,source-feed signal bleed suspected,Development Activity,GP / Capital Activity; Market Intelligence,development_project_anchor: capital event with identifiable project/asset (unit/site count: 200 apartments; address/street: 3863 carson street; execution milestone: broke ground; project/asset term: development),repeat_penalized,2,2026-09-03,2026-09-06,3,fresh_0_3d,fresh,published date parsed; article age 3 day(s),42,previously seen article; limited page access; article integrity penalty,,,used broad market bucket: California,debt_financing,repeat_penalized,repeat exposure penalty; article integrity issue; limited page access; development article without confirmed capital event,No,Legacy Partners,DWS Group,capital_event_sentence,medium,Inferred entity from source text near capital-event language.,True,unit/site count: 200 apartments; address/street: 3863 carson street; execution milestone: broke ground; project/asset term: development,high,Construction Start,No,,,Legacy Partners,Legacy Partners,DWS Group,DWS Group,Legacy Partners,DWS Group,macro_financing,none,none,none,none,none,none,unknown,lender; developer,Market reference detected as California.,unknown,"Limited/paywalled article; classification is based on title, URL, source, and available lead text only. No clear rule-based event keyword was detected. Primary topic set to macro_financing; confidence unknown.",45,35,JV or partnership activity; development continuation; source feed cross-signal penalty; limited article: title/lead-based review needed; classification confidence penalty,0
2026-09-06,20260906-003733-9f6b17d3,2026-09-06 00:37:07,Urbanize LA,Regional / California / LA Sources,Tier 2,development_pipeline;entitlement;la_california,Other,Affordable Housing,"Wed, 02 Sep 2026 13:05:00 +0000",100,High,Must Read,Los Angeles / California,Financing Risk; Developer Strategy,Track Financing Conditions; Track Developer Strategy,"Monitor financing conditions because the article includes affordable housing, apartment, apartments and $20m, $20.3 million, $47.6 million, which may affect construction loans, refinancing risk, and exit cap rates.",High relevance to US residential developer strategy,Read full article,"Included because it scored 100 and mentions affordable housing, apartment, apartments, with a Financing Risk; Developer Strategy angle for Los Angeles / California.",Rent Growth Signal,$20m; $20.3 million; $47.6 million; $3.4; 74 apartments,"L.A. County approves up to $20M for affordable housing in Claremont | Urbanize LA Skip to main content Advertisement Advertisement The Los Angeles County Board of Supervisors has approved up to $20.3 million in bond financing for a new affordable housing complex in Claremont. Whatever money is ultimately awarded will go to non-profit developer Mercy Housing California for the construction of its Mercy Claremont project . Slated for a site at 1364 N. Towne Avenue in the, the project calls for the","You are a strategic research analyst for Woomi / Woomi Global.
Analyze the following US multifamily housing article for developer strategy.

Article context:
- Title: L.A. County approves up to $20M for affordable housing in Claremont
- Source: Urbanize LA
- URL: https://la.urbanize.city/post/la-county-approves-20m-affordable-housing-claremont
- Market focus: Los Angeles / California
- Strategic angle: Financing Risk; Developer Strategy
- Market signal: Rent Growth Signal
- Extracted numbers: $20m; $20.3 million; $47.6 million; $3.4; 74 apartments
- Strategic implication: Monitor financing conditions because the article includes affordable housing, apartment, apartments and $20m, $20.3 million, $47.6 million, which may affect construction loans, refinancing risk, and exit cap rates.
- Woomi relevance: High relevance to US residential developer strategy

Please answer in concise bullet points:
1. Why does this article matter for a US multifamily developer?
2. What is the implication for Woomi / Woomi Global?
3. What risk or opportunity does this indicate?
4. What follow-up question should the strategy team ask?",98,Excellent,None,"Rule-based interpretation: Urbanize LA article 'L.A. County approves up to $20M for affordable housing in Claremont' is classified as priority review for Los Angeles / California. It points to financing, refinancing, or debt-market conditions. Treat as a briefing input, not a standalone investment conclusion; confirm with source diversity, repeat observation, and market-specific evidence.",Macro & Financing; Development Strategy; Policy & Regulation,affordable housing; apartment; apartments; construction; developer; financing,L.A. County approves up to $20M for affordable housing in Claremont,https://la.urbanize.city/post/la-county-approves-20m-affordable-housing-claremont,Yes,art_85f9d86e6f5aad79,Los Angeles / Southern California,core_15,Affordable Housing,policy/regulation; rent/occupancy/absorption,개발/인허가,개발/인허가; 운영/임대; 시장 데이터,No,limited source or insufficient readable article text,Yes,No,access_limited_source,art_85f9d86e6f5aad79,https://la.urbanize.city/post/la-county-approves-20m-affordable-housing-claremont,L.A. County approves up to $20M for affordable housing in Claremont,access_limited,access_limited,https://la.urbanize.city/post/la-county-approves-20m-affordable-housing-claremont,valid,title/source/url metadata are internally consistent,Development Activity,Market Intelligence,development_project_anchor: Project / Asset (address/street: 1364 n. towne avenue; site/parcel signal: site; project/asset term: project),repeat_penalized,3,2026-09-02,2026-09-06,4,fresh_0_3d,fresh,published date parsed; article age 4 day(s),58,previously seen article; limited page access,Los Angeles,California,matched city/metro keyword: Los Angeles,debt_financing,repeat_penalized,repeat exposure penalty; limited page access; development article without confirmed capital event,No,Participant not identified,,unresolved,unresolved,"No institution name detected in dictionary, title, summary, or source text.",True,address/street: 1364 n. towne avenue; site/parcel signal: site; project/asset term: project,high,Project / Asset,No,,,,,,,,,macro_financing,none,none,none,none,none,none,affordable_housing,lender; developer,Market reference detected as Los Angeles / California.,unknown,"Limited/paywalled article; classification is based on title, URL, source, and available lead text only. No clear rule-based event keyword was detected. Primary topic set to macro_financing; confidence unknown.",60,4,event/webinar or promotion; limited article: title/lead-based review needed; classification confidence penalty,0
2026-09-06,20260906-003733-9f6b17d3,2026-09-06 00:37:11,REBusiness Online,Site / Parcel Source Expansion,Tier 2,development_pipeline;gp_activity,Other,Apartment,2026-09-04T12:33:00Z,100,High,Must Read,Dallas / Texas,Financing Risk,Track Financing Conditions,"Monitor financing conditions because the article includes apartment, financing, jll and $78.7m, $78.7 million, 327 units, which may affect construction loans, refinancing risk, and exit cap rates.",High relevance to US residential developer strategy,Read full article,"Included because it scored 100 and mentions apartment, financing, jll, with a Financing Risk angle for Dallas / Texas.",Supply / Starts Signal,$78.7m; $78.7 million; 327 units,"The Flynn at Live Oak in Dallas totals 327 units. Loans Multifamily Texas JLL Arranges $78.7M Loan for Refinancing of East Dallas Apartment Community by Taylor Williams September 4, 2026 September 4, 2026 3 DALLAS — JLL has arranged a $78.7 million loan for the refinancing of The Flynn at Live Oak, a 327-unit apartment community in East Dallas. The five-story, newly constructed building offers studio, one- and two-bedroom units with an average size of 832 square feet. Amenities include a pool, o","You are a strategic research analyst for Woomi / Woomi Global.
Analyze the following US multifamily housing article for developer strategy.

Article context:
- Title: JLL Arranges $78.7M Loan for Refinancing of East Dallas Apartment Community
- Source: REBusiness Online
- URL: https://rebusinessonline.com/jll-arranges-78-7m-loan-for-refinancing-of-east-dallas-apartment-community/
- Market focus: Dallas / Texas
- Strategic angle: Financing Risk
- Market signal: Supply / Starts Signal
- Extracted numbers: $78.7m; $78.7 million; 327 units
- Strategic implication: Monitor financing conditions because the article includes apartment, financing, jll and $78.7m, $78.7 million, 327 units, which may affect construction loans, refinancing risk, and exit cap rates.
- Woomi relevance: High relevance to US residential developer strategy

Please answer in concise bullet points:
1. Why does this article matter for a US multifamily developer?
2. What is the implication for Woomi / Woomi Global?
3. What risk or opportunity does this indicate?
4. What follow-up question should the strategy team ask?",98,Excellent,None,"Rule-based interpretation: REBusiness Online article 'JLL Arranges $78.7M Loan for Refinancing of East Dallas Apartment Community' is classified as priority review for Dallas / Texas. It points to financing, refinancing, or debt-market conditions. Treat as a briefing input, not a standalone investment conclusion; confirm with source diversity, repeat observation, and market-specific evidence.",Macro & Financing; Market Players & Deals,apartment; financing; jll; loan; multifamily; refinancing,JLL Arranges $78.7M Loan for Refinancing of East Dallas Apartment Community,https://rebusinessonline.com/jll-arranges-78-7m-loan-for-refinancing-of-east-dallas-apartment-community/,Yes,art_f178a1adbbc0b63f,Dallas-Fort Worth,core_15,Multifamily,financing/refinancing,제외/금융,제외/금융,Yes,article page appears accessible from collected text,Yes,No,standard,art_f178a1adbbc0b63f,https://rebusinessonline.com/jll-arranges-78-7m-loan-for-refinancing-of-east-dallas-apartment-community/,JLL Arranges $78.7M Loan for Refinancing of East Dallas Apartment Community,open,open,https://rebusinessonline.com/jll-arranges-78-7m-loan-for-refinancing-of-east-dallas-apartment-community/,valid,title/source/url metadata are internally consistent,Development Activity,GP / Capital Activity,development_project_anchor: project financing/capital event tied to project (unit/site count: 327 units; project/asset term: community),acceptable_repeat,1,2026-09-04,2026-09-06,2,fresh_0_3d,fresh,published date parsed; article age 2 day(s),78,previously seen article,Dallas,Texas,matched city/metro keyword: Dallas,refinancing,repeated_but_retained,selected or retained for GP / capital review,Yes,JLL,,dictionary_match,high,"Matched known institutional / GP entity in title, summary, or source text.",True,unit/site count: 327 units; project/asset term: community,high,Project Financing / Capital Event,No,,,JLL,JLL,,,JLL,,capital_markets,none,refinancing,none,none,none,none,unknown,lender; broker,Market reference detected as Dallas / Texas.,low,Capital event keywords detected: refinancing. Primary topic set to capital_markets; confidence low.,75,54,large-scale refinance tied to strategy; classification confidence penalty,38
2026-09-06,20260906-003733-9f6b17d3,2026-09-06 00:37:15,Connect CRE South Florida,Site / Parcel Source Expansion,Tier 2,development_pipeline;gp_activity;sunbelt,Other,Mixed-Use Residential,"Tue, 01 Sep 2026 13:50:57 +0000",100,High,Must Read,Miami / Florida,Financing Risk; Developer Strategy,Track Financing Conditions; Track Developer Strategy,"Monitor financing conditions because the article includes apartment, apartments, bridge loan and $245m, $245 million, $1 billion, which may affect construction loans, refinancing risk, and exit cap rates.",High relevance to US residential developer strategy,Read full article,"Included because it scored 100 and mentions apartment, apartments, bridge loan, with a Financing Risk; Developer Strategy angle for Miami / Florida.",Financing Cost Signal,$245m; $245 million; $1 billion,"Florida & Gulf Coast CRE News In Your Inbox. Sign up for Connect emails to stay informed with CRE stories that are 150 words or less. Florida & Gulf Coast + South Florida + Apartments | September 1, 2026 By: Mike Boyd Terra Lands $245M Financing for Newly Completed Upland Park Development Terra secured a $245 million bridge loan for the newly completed first phase of Upland Park, a $1 billion, 47-acre mixed-use transit-oriented development in West Miami-Dade County. The loan was provided by SCAL","You are a strategic research analyst for Woomi / Woomi Global.
Analyze the following US multifamily housing article for developer strategy.

Article context:
- Title: Terra Lands $245M Financing for Newly Completed Upland Park Development
- Source: Connect CRE South Florida
- URL: https://www.connectcre.com/stories/terra-lands-245m-financing-for-newly-completed-upland-park-development/
- Market focus: Miami / Florida
- Strategic angle: Financing Risk; Developer Strategy
- Market signal: Financing Cost Signal
- Extracted numbers: $245m; $245 million; $1 billion
- Strategic implication: Monitor financing conditions because the article includes apartment, apartments, bridge loan and $245m, $245 million, $1 billion, which may affect construction loans, refinancing risk, and exit cap rates.
- Woomi relevance: High relevance to US residential developer strategy

Please answer in concise bullet points:
1. Why does this article matter for a US multifamily developer?
2. What is the implication for Woomi / Woomi Global?
3. What risk or opportunity does this indicate?
4. What follow-up question should the strategy team ask?",98,Excellent,None,"Rule-based interpretation: Connect CRE South Florida article 'Terra Lands $245M Financing for Newly Completed Upland Park Development' is classified as priority review for Miami / Florida. It points to financing, refinancing, or debt-market conditions. Treat as a briefing input, not a standalone investment conclusion; confirm with source diversity, repeat observation, and market-specific evidence.",Macro & Financing; Development Strategy,apartment; apartments; bridge loan; debt; development; financing; lending; loan; multifamily,Terra Lands $245M Financing for Newly Completed Upland Park Development,https://www.connectcre.com/stories/terra-lands-245m-financing-for-newly-completed-upland-park-development/,Yes,art_6a88cd14fba9d49a,Miami / South Florida,core_15,Mixed-use Residential,delivery/completion; financing/refinancing; policy/regulation,제외/금융,제외/금융,Yes,article page appears accessible from collected text,Yes,No,standard,art_6a88cd14fba9d49a,https://www.connectcre.com/stories/terra-lands-245m-financing-for-newly-completed-upland-park-development/,Terra Lands $245M Financing for Newly Completed Upland Park Development,open,open,https://www.connectcre.com/stories/terra-lands-245m-financing-for-newly-completed-upland-park-development/,valid,title/source/url metadata are internally consistent,Development Activity,GP / Capital Activity,development_project_anchor: capital event with identifiable project/asset (unit/site count: 47-acre; project/asset term: development),acceptable_repeat,4,2026-09-01,2026-09-06,5,fresh_0_3d,fresh,published date parsed; article age 5 day(s),66,previously seen article,Miami,Florida,matched city/metro keyword: Miami,debt_financing,repeated_but_retained,selected or retained for GP / capital review,Yes,Participant not identified,,unresolved,unresolved,"No institution name detected in dictionary, title, summary, or source text.",True,unit/site count: 47-acre; project/asset term: development,high,Project / Asset,No,,,,,,,,,capital_markets,development_pipeline; institutional_capital,bridge_loan,delivery,none,lender_activity,bridge_loan,mixed_use,lender; developer,Market reference detected as Miami / Florida.,medium,Capital event keywords detected: bridge_loan. Financing type keywords detected: bridge_loan. Development-stage terms detected: delivery. Institutional activity terms detected: lender_activity. Primary topic set to capital_markets; confidence medium.,100,70,large-scale refinance tied to strategy,60
2026-09-06,20260906-003733-9f6b17d3,2026-09-06 00:37:17,Connect CRE Phoenix,Site / Parcel Source Expansion,Tier 2,development_pipeline;gp_activity;sunbelt,Other,Mixed-Use Residential,"Thu, 03 Sep 2026 15:58:16 +0000",100,High,Must Read,Phoenix / Arizona,Institutional Flow; Developer Strategy,Track Institutional Capital Flow; Track Developer Strategy,"Review this as a supply risk signal because it references new deliveries, starts, pipeline, or permits in Phoenix / Arizona.",High relevance to US residential developer strategy,Read full article,"Included because it scored 100 and mentions apartment, apartments, brookfield, with a Institutional Flow; Developer Strategy angle for Phoenix / Arizona.",Supply / Starts Signal,261 units,"Phoenix & Southwest CRE News In Your Inbox. Sign up for Connect emails to stay informed with CRE stories that are 150 words or less. Phoenix & Southwest + Phoenix + Apartments | September 3, 2026 By: Mike Boyd Evergreen Building Mesa Apartments, Retail Evergreen Development acquired an 11.7-acre parcel north of Signal Butte and Warner in Mesa’s Eastmark submarket to build a mixed-use community that pairs multifamily housing with new retail. The property was purchased from Brookfield. The develop","You are a strategic research analyst for Woomi / Woomi Global.
Analyze the following US multifamily housing article for developer strategy.

Article context:
- Title: Evergreen Building Mesa Apartments, Retail
- Source: Connect CRE Phoenix
- URL: https://www.connectcre.com/stories/evergreen-building-mesa-apartments-retail/
- Market focus: Phoenix / Arizona
- Strategic angle: Institutional Flow; Developer Strategy
- Market signal: Supply / Starts Signal
- Extracted numbers: 261 units
- Strategic implication: Review this as a supply risk signal because it references new deliveries, starts, pipeline, or permits in Phoenix / Arizona.
- Woomi relevance: High relevance to US residential developer strategy

Please answer in concise bullet points:
1. Why does this article matter for a US multifamily developer?
2. What is the implication for Woomi / Woomi Global?
3. What risk or opportunity does this indicate?
4. What follow-up question should the strategy team ask?",98,Excellent,None,"Rule-based interpretation: Connect CRE Phoenix article 'Evergreen Building Mesa Apartments, Retail' is classified as priority review for Phoenix / Arizona. It points to supply, delivery, lease-up, or absorption conditions. Treat as a briefing input, not a standalone investment conclusion; confirm with source diversity, repeat observation, and market-specific evidence.",Development Strategy; Market Players & Deals,apartment; apartments; brookfield; development; multifamily,"Evergreen Building Mesa Apartments, Retail",https://www.connectcre.com/stories/evergreen-building-mesa-apartments-retail/,Yes,art_3cb36cf22ed5bb0c,Phoenix,core_15,Mixed-use Residential,acquisition,개발/인허가,개발/인허가; 거래/투자,No,article page appears accessible from collected text,Yes,No,standard,art_3cb36cf22ed5bb0c,https://www.connectcre.com/stories/evergreen-building-mesa-apartments-retail/,"Evergreen Building Mesa Apartments, Retail",open,open,https://www.connectcre.com/stories/evergreen-building-mesa-apartments-retail/,valid,title/source/url metadata are internally consistent,Development Activity,GP / Capital Activity,development_project_anchor: capital event with identifiable project/asset (execution milestone: to build; site/parcel signal: parcel; project/asset term: development),acceptable_repeat,2,2026-09-03,2026-09-06,3,fresh_0_3d,fresh,published date parsed; article age 3 day(s),74,previously seen article,Phoenix,Arizona,matched city/metro keyword: Phoenix,acquisition,repeated_but_retained,selected or retained for GP / capital review,Yes,Brookfield,,dictionary_match,high,"Matched known institutional / GP entity in title, summary, or source text.",True,execution milestone: to build; site/parcel signal: parcel; project/asset term: development,high,Project / Asset,No,,,Brookfield,,,,Brookfield,,transaction_market,capital_markets; institutional_capital,acquisition,none,none,private_equity_activity,none,mixed_use,developer,Market reference detected as Phoenix / Arizona.,medium,Capital event keywords detected: acquisition. Institutional activity terms detected: private_equity_activity. Primary topic set to transaction_market; confidence medium.,85,70,institutional acquisition behavior,68
2026-09-06,20260906-003733-9f6b17d3,2026-09-06 00:37:10,REBusiness Online,Site / Parcel Source Expansion,Tier 2,development_pipeline;gp_activity,Other,Student Housing,2026-09-04T14:00:00Z,96,High,Must Read,National,Financing Risk; Institutional Flow; Developer Strategy,Track Financing Conditions; Track Institutional Capital Flow; Track Developer Strategy,"Monitor financing conditions because the article includes construction, development, financing and $35.1 million, 87 units, which may affect construction loans, refinancing risk, and exit cap rates.",High relevance to US residential developer strategy,Read full article,"Included because it scored 96 and mentions construction, development, financing, with a Financing Risk; Institutional Flow; Developer Strategy angle for National.",Supply / Starts Signal,$35.1 million; 87 units,"Benchmark at East Brunswick is expected to be complete in 2028. Development Multifamily New Jersey Northeast Seniors Housing Partnership Underway on Seniors Housing Project in East Brunswick, New Jersey by Taylor Williams September 4, 2026 September 4, 2026 3 EAST BRUNSWICK, N.J. — A joint venture between National Development and an affiliate of Benchmark Senior Living is underway on construction of a new seniors housing project in East Brunswick, located in Central New Jersey. Benchmark at East","You are a strategic research analyst for Woomi / Woomi Global.
Analyze the following US multifamily housing article for developer strategy.

Article context:
- Title: Partnership Underway on Seniors Housing Project in East Brunswick, New Jersey
- Source: REBusiness Online
- URL: https://rebusinessonline.com/partnership-underway-on-seniors-housing-project-in-east-brunswick-new-jersey/
- Market focus: National
- Strategic angle: Financing Risk; Institutional Flow; Developer Strategy
- Market signal: Supply / Starts Signal
- Extracted numbers: $35.1 million; 87 units
- Strategic implication: Monitor financing conditions because the article includes construction, development, financing and $35.1 million, 87 units, which may affect construction loans, refinancing risk, and exit cap rates.
- Woomi relevance: High relevance to US residential developer strategy

Please answer in concise bullet points:
1. Why does this article matter for a US multifamily developer?
2. What is the implication for Woomi / Woomi Global?
3. What risk or opportunity does this indicate?
4. What follow-up question should the strategy team ask?",98,Excellent,None,"Rule-based interpretation: REBusiness Online article 'Partnership Underway on Seniors Housing Project in East Brunswick, New Jersey' is classified as priority review for National. It points to financing, refinancing, or debt-market conditions. Treat as a briefing input, not a standalone investment conclusion; confirm with source diversity, repeat observation, and market-specific evidence.",Macro & Financing; Development Strategy; Market Players & Deals,construction; development; financing; jll; joint venture; multifamily,"Partnership Underway on Seniors Housing Project in East Brunswick, New Jersey",https://rebusinessonline.com/partnership-underway-on-seniors-housing-project-in-east-brunswick-new-jersey/,Yes,art_da06d790b37634dd,Other / Unknown,other,Student Housing,JV/recapitalization,개발/인허가,개발/인허가; 거래/투자; 시장 데이터,No,article page appears accessible from collected text,No,No,standard,art_da06d790b37634dd,https://rebusinessonline.com/partnership-underway-on-seniors-housing-project-in-east-brunswick-new-jersey/,"Partnership Underway on Seniors Housing Project in East Brunswick, New Jersey",open,open,https://rebusinessonline.com/partnership-underway-on-seniors-housing-project-in-east-brunswick-new-jersey/,valid,title/source/url metadata are internally consistent,Development Activity,GP / Capital Activity,development milestone or entitlement signal has display priority,acceptable_repeat,1,2026-09-04,2026-09-06,2,fresh_0_3d,fresh,published date parsed; article age 2 day(s),78,previously seen article,,,used broad market bucket: National,joint_venture,repeated_but_retained,selected or retained for GP / capital review,Yes,JLL,Benchmark Senior Living,dictionary_match,high,"Matched known institutional / GP entity in title, summary, or source text.",False,"no identifiable project, asset, site, address, or unit-count anchor",none,,No,,,JLL,,Benchmark Senior Living,Benchmark Senior Living,JLL,Benchmark Senior Living,institutional_capital,capital_markets,joint_venture,none,none,none,none,unknown,lender; broker; developer,Market reference detected as National.,low,Capital event keywords detected: joint_venture. Primary topic set to institutional_capital; confidence low.,75,60,JV or partnership activity; classification confidence penalty,52
2026-09-06,20260906-003733-9f6b17d3,2026-09-06 00:36:50,Yield PRO,Core Multifamily News,Tier 1,lease_up_supply;national_multifamily,Other,Affordable Housing,"Thu, 03 Sep 2026 21:08:18 +0000",92,High,Must Read,Colorado,Financing Risk; Regulation Risk; Developer Strategy,Track Financing Conditions; Track Regulation Risk; Track Developer Strategy,"Monitor financing conditions because the article includes apartment, apartments, development and 9%, which may affect construction loans, refinancing risk, and exit cap rates.",High relevance to US residential developer strategy,Read full article,"Included because it scored 92 and mentions apartment, apartments, development, with a Financing Risk; Regulation Risk; Developer Strategy angle for Colorado.",Rent Growth Signal,9%,"Deal boom Mountain region News Facebook Twitter Linkedin Housing Resources of Western Colorado (HRWC) , a nonprofit organization that supports homeowners, homebuyers and renters throughout western Colorado, announced it has received a 9% Low-Income Housing Tax Credit (LIHTC) award through the Colorado Housing and Finance Authority (CHFA) for the development of Crawford Commons Apartments , a 60-unit affordable rental community in Clifton, Colo. Located about two hours west of Aspen, Crawford Com","You are a strategic research analyst for Woomi / Woomi Global.
Analyze the following US multifamily housing article for developer strategy.

Article context:
- Title: Affordable Rental Community Crawford Commons Apartments in Clifton Colorado Awarded 9% Low-Income Housing Tax Credits
- Source: Yield PRO
- URL: https://yieldpro.com/2026/09/crawford-commons-apartments/
- Market focus: Colorado
- Strategic angle: Financing Risk; Regulation Risk; Developer Strategy
- Market signal: Rent Growth Signal
- Extracted numbers: 9%
- Strategic implication: Monitor financing conditions because the article includes apartment, apartments, development and 9%, which may affect construction loans, refinancing risk, and exit cap rates.
- Woomi relevance: High relevance to US residential developer strategy

Please answer in concise bullet points:
1. Why does this article matter for a US multifamily developer?
2. What is the implication for Woomi / Woomi Global?
3. What risk or opportunity does this indicate?
4. What follow-up question should the strategy team ask?",98,Excellent,None,"Rule-based interpretation: Yield PRO article 'Affordable Rental Community Crawford Commons Apartments in Clifton Colorado Awarded 9% Low-Income Housing Tax Credits' is classified as priority review for Colorado. It points to financing, refinancing, or debt-market conditions. Treat as a briefing input, not a standalone investment conclusion; confirm with source diversity, repeat observation, and market-specific evidence.",Development Strategy; Policy & Regulation,apartment; apartments; development; housing tax credit; lihtc; low-income housing tax credit; renter; renters,Affordable Rental Community Crawford Commons Apartments in Clifton Colorado Awarded 9% Low-Income Housing Tax Credits,https://yieldpro.com/2026/09/crawford-commons-apartments/,Yes,art_514793c7d84e6eb8,Colorado,other,Affordable Housing,policy/regulation; rent/occupancy/absorption,개발/인허가,개발/인허가; 거래/투자; 운영/임대; 시장 데이터,No,article page appears accessible from collected text,No,No,standard,art_514793c7d84e6eb8,https://yieldpro.com/2026/09/crawford-commons-apartments/,Affordable Rental Community Crawford Commons Apartments in Clifton Colorado Awarded 9% Low-Income Housing Tax Credits,open,open,https://yieldpro.com/2026/09/crawford-commons-apartments/,valid,title/source/url metadata are internally consistent,Development Activity,GP / Capital Activity; Market Intelligence,development_project_anchor: capital event with identifiable project/asset (unit/site count: 60-unit; project/asset term: development),acceptable_repeat,2,2026-09-03,2026-09-06,3,fresh_0_3d,fresh,published date parsed; article age 3 day(s),74,previously seen article,,Colorado,matched state keyword: Colorado,acquisition,repeated_but_retained,"event, webinar, or thin promotional article",No,Participant not identified,,unresolved,unresolved,"No institution name detected in dictionary, title, summary, or source text.",True,unit/site count: 60-unit; project/asset term: development,high,Project / Asset,No,,,,,,,,,supply_demand,none,none,none,effective_rent_growth,none,tax_credit_financing,affordable_housing,lender; developer,Market reference detected as Colorado.,medium,Financing type keywords detected: tax_credit_financing. Supply/demand terms detected: effective_rent_growth. Primary topic set to supply_demand; confidence medium.,60,40,sponsor expansion; event/webinar or promotion,28
2026-09-06,20260906-003733-9f6b17d3,2026-09-06 00:37:10,REBusiness Online,Site / Parcel Source Expansion,Tier 2,development_pipeline;gp_activity,Other,Apartment,2026-09-04T13:50:00Z,90,High,Must Read,New York City / New York,Institutional Flow,Track Institutional Capital Flow,"Track this as institutional capital flow because it mentions major capital players, portfolio transactions, deal size, or cap-rate signals.",High relevance to US residential developer strategy,Read full article,"Included because it scored 90 and mentions acquisition, apartment, multifamily, with a Institutional Flow angle for New York City / New York.",Deal Size Signal,$11.4m; $11.4 million,"Acquisitions Multifamily New York Northeast Marcus & Millichap Brokers $11.4M Sale of Lower Manhattan Apartment Building by Taylor Williams September 4, 2026 September 4, 2026 4 NEW YORK CITY — Marcus & Millichap has brokered the $11.4 million sale of 196 Bowery, a seven-unit apartment building located in the NoLita neighborhood of Lower Manhattan. The building includes a ground-floor retail space that is leased to Genyth Tattoo. Matt Fotis, Colton Traynham and Michael Weinstein of Marcus & Mill","You are a strategic research analyst for Woomi / Woomi Global.
Analyze the following US multifamily housing article for developer strategy.

Article context:
- Title: Marcus & Millichap Brokers $11.4M Sale of Lower Manhattan Apartment Building
- Source: REBusiness Online
- URL: https://rebusinessonline.com/marcus-millichap-brokers-11-4m-sale-of-lower-manhattan-apartment-building/
- Market focus: New York City / New York
- Strategic angle: Institutional Flow
- Market signal: Deal Size Signal
- Extracted numbers: $11.4m; $11.4 million
- Strategic implication: Track this as institutional capital flow because it mentions major capital players, portfolio transactions, deal size, or cap-rate signals.
- Woomi relevance: High relevance to US residential developer strategy

Please answer in concise bullet points:
1. Why does this article matter for a US multifamily developer?
2. What is the implication for Woomi / Woomi Global?
3. What risk or opportunity does this indicate?
4. What follow-up question should the strategy team ask?",98,Excellent,None,"Rule-based interpretation: REBusiness Online article 'Marcus & Millichap Brokers $11.4M Sale of Lower Manhattan Apartment Building' is classified as priority review for New York City / New York. It points to institutional capital movement or transaction activity. Treat as a briefing input, not a standalone investment conclusion; confirm with source diversity, repeat observation, and market-specific evidence.",Macro & Financing; Market Players & Deals,acquisition; apartment; multifamily; sale; transaction,Marcus & Millichap Brokers $11.4M Sale of Lower Manhattan Apartment Building,https://rebusinessonline.com/marcus-millichap-brokers-11-4m-sale-of-lower-manhattan-apartment-building/,Yes,art_52c9805856ece9d0,New York / Northern New Jersey,core_15,Multifamily,acquisition,거래/투자,거래/투자; 운영/임대; 시장 데이터,No,article page appears accessible from collected text,Yes,No,standard,art_52c9805856ece9d0,https://rebusinessonline.com/marcus-millichap-brokers-11-4m-sale-of-lower-manhattan-apartment-building/,Marcus & Millichap Brokers $11.4M Sale of Lower Manhattan Apartment Building,open,open,https://rebusinessonline.com/marcus-millichap-brokers-11-4m-sale-of-lower-manhattan-apartment-building/,valid,title/source/url metadata are internally consistent,GP / Capital Activity,,transaction or financing article excluded from Development Activity,repeat_penalized,1,2026-09-04,2026-09-06,2,fresh_0_3d,fresh,published date parsed; article age 2 day(s),48,previously seen article; appeared in prior Representative Evidence,New York City,New York,matched city/metro keyword: New York City,disposition_exit,retained_repeat,selected or retained for GP / capital review,Yes,Marcus & Millichap,,dictionary_match,high,"Matched known institutional / GP entity in title, summary, or source text.",False,"no identifiable project, asset, site, address, or unit-count anchor",none,,No,,,Marcus & Millichap,,,,Marcus & Millichap,,transaction_market,capital_markets; institutional_capital,acquisition; disposition,none,none,gp_acquisition,none,unknown,lender; broker,Market reference detected as New York City / New York.,medium,"Capital event keywords detected: acquisition, disposition. Institutional activity terms detected: gp_acquisition. Primary topic set to transaction_market; confidence medium.",85,70,institutional acquisition behavior,51
2026-09-06,20260906-003733-9f6b17d3,2026-09-06 00:37:29,Connect CRE Orange County,Site / Parcel Source Expansion,Tier 2,development_pipeline;gp_activity,Other,Apartment,"Tue, 01 Sep 2026 20:37:20 +0000",89,High,Must Read,California,Financing Risk,Track Financing Conditions,"Monitor financing conditions because the article includes apartment, apartments, freddie mac and $88 million, which may affect construction loans, refinancing risk, and exit cap rates.",High relevance to US residential developer strategy,Read full article,"Included because it scored 89 and mentions apartment, apartments, freddie mac, with a Financing Risk angle for California.",Rent Growth Signal,$88 million,"California CRE News In Your Inbox. Sign up for Connect emails to stay informed with CRE stories that are 150 words or less. California + Orange County + Apartments | September 1, 2026 By: Mike Boyd Tishman Speyer Acquires 376-Unit Anaheim Rental Community Tishman Speyer acquired Rise, a multifamily community encompassing 376 market-rate apartments in Anaheim’s Platinum Triangle District. MORE Residential has owned the property since 2022. Tishman Speyer acquired the 340,000-square-foot residenti","You are a strategic research analyst for Woomi / Woomi Global.
Analyze the following US multifamily housing article for developer strategy.

Article context:
- Title: Tishman Speyer Acquires 376-Unit Anaheim Rental Community
- Source: Connect CRE Orange County
- URL: https://www.connectcre.com/stories/tishman-speyer-acquires-376-unit-anaheim-rental-community/
- Market focus: California
- Strategic angle: Financing Risk
- Market signal: Rent Growth Signal
- Extracted numbers: $88 million
- Strategic implication: Monitor financing conditions because the article includes apartment, apartments, freddie mac and $88 million, which may affect construction loans, refinancing risk, and exit cap rates.
- Woomi relevance: High relevance to US residential developer strategy

Please answer in concise bullet points:
1. Why does this article matter for a US multifamily developer?
2. What is the implication for Woomi / Woomi Global?
3. What risk or opportunity does this indicate?
4. What follow-up question should the strategy team ask?",98,Excellent,None,"Rule-based interpretation: Connect CRE Orange County article 'Tishman Speyer Acquires 376-Unit Anaheim Rental Community' is classified as priority review for California. It points to financing, refinancing, or debt-market conditions. Treat as a briefing input, not a standalone investment conclusion; confirm with source diversity, repeat observation, and market-specific evidence.",Macro & Financing,apartment; apartments; freddie mac; loan; multifamily,Tishman Speyer Acquires 376-Unit Anaheim Rental Community,https://www.connectcre.com/stories/tishman-speyer-acquires-376-unit-anaheim-rental-community/,Yes,art_bdb55363e81b79f1,Los Angeles / Southern California,core_15,Multifamily,acquisition; financing/refinancing; rent/occupancy/absorption,거래/투자,거래/투자; 운영/임대; 시장 데이터,No,article page appears accessible from collected text,Yes,No,standard,art_bdb55363e81b79f1,https://www.connectcre.com/stories/tishman-speyer-acquires-376-unit-anaheim-rental-community/,Tishman Speyer Acquires 376-Unit Anaheim Rental Community,open,open,https://www.connectcre.com/stories/tishman-speyer-acquires-376-unit-anaheim-rental-community/,valid,title/source/url metadata are internally consistent,Development Activity,GP / Capital Activity,development_project_anchor: capital event with identifiable project/asset (unit/site count: 376-unit; project/asset term: community),acceptable_repeat,4,2026-09-01,2026-09-06,5,fresh_0_3d,fresh,published date parsed; article age 5 day(s),66,previously seen article,,California,matched state keyword: California,acquisition,repeated_but_retained,selected or retained for GP / capital review,Yes,Tishman Speyer,Freddie Mac,dictionary_match,high,"Matched known institutional / GP entity in title, summary, or source text.",True,unit/site count: 376-unit; project/asset term: community,high,Project / Asset,No,,,Tishman Speyer,,Freddie Mac,Freddie Mac,Tishman Speyer,Freddie Mac,transaction_market,capital_markets; supply_demand,acquisition,none,effective_rent_growth,lender_activity; gp_acquisition,agency_debt,unknown,lender,Market reference detected as California.,high,"Capital event keywords detected: acquisition. Financing type keywords detected: agency_debt. Supply/demand terms detected: effective_rent_growth. Institutional activity terms detected: lender_activity, gp_acquisition. Primary topic set to transaction_market; confidence high.",85,70,institutional acquisition behavior,68
2026-09-06,20260906-003733-9f6b17d3,2026-09-06 00:36:51,Bisnow,Core Multifamily News,Tier 1,national_multifamily,Other,Apartment,"Fri, 04 Sep 2026 17:31:32 -0400",87,High,Must Read,California,Institutional Flow,Track Institutional Capital Flow,"Track rent and vacancy conditions because the article points to demand, occupancy, rent, vacancy, or concession signals in California.",High relevance to US residential developer strategy,Read full article,"Included because it scored 87 and mentions apartment, apartments, sale, with a Institutional Flow angle for California.",Rent Growth Signal,$147m; $147.5m,"Google Maps Zia apartments in Anaheim, California MBK Rental Living sold its 2-year-old Zia apartment complex in Anaheim, California, the company announced Friday . The buyer was Boston-based TA Realty , which paid $147.5M for the property, according to The Registry SoCal . MBK's release did not name the buyer or a sale price. TA Realty declined a request for comment from Bisnow . The five-story, 315-unit Zia opened in September 2024 and contains a mix of studios and one-, two- and three-bedroom","You are a strategic research analyst for Woomi / Woomi Global.
Analyze the following US multifamily housing article for developer strategy.

Article context:
- Title: MBK Sells Anaheim Apartments To TA Realty For $147M
- Source: Bisnow
- URL: https://www.bisnow.com/news/los-angeles/multifamily/mbk-sells-anaheim-apartments-to-ta-realty
- Market focus: California
- Strategic angle: Institutional Flow
- Market signal: Rent Growth Signal
- Extracted numbers: $147m; $147.5m
- Strategic implication: Track rent and vacancy conditions because the article points to demand, occupancy, rent, vacancy, or concession signals in California.
- Woomi relevance: High relevance to US residential developer strategy

Please answer in concise bullet points:
1. Why does this article matter for a US multifamily developer?
2. What is the implication for Woomi / Woomi Global?
3. What risk or opportunity does this indicate?
4. What follow-up question should the strategy team ask?",98,Excellent,None,"Rule-based interpretation: Bisnow article 'MBK Sells Anaheim Apartments To TA Realty For $147M' is classified as priority review for California. It points to institutional capital movement or transaction activity. Treat as a briefing input, not a standalone investment conclusion; confirm with source diversity, repeat observation, and market-specific evidence.",Macro & Financing; Market Players & Deals,apartment; apartments; sale,MBK Sells Anaheim Apartments To TA Realty For $147M,https://www.bisnow.com/news/los-angeles/multifamily/mbk-sells-anaheim-apartments-to-ta-realty,Yes,art_5e6e3c8aa972e96b,California,other,Multifamily,transaction/sale; rent/occupancy/absorption,거래/투자,거래/투자; 운영/임대; 시장 데이터,No,limited article access detected,No,No,access_limited_source,art_5e6e3c8aa972e96b,https://www.bisnow.com/news/los-angeles/multifamily/mbk-sells-anaheim-apartments-to-ta-realty,MBK Sells Anaheim Apartments To TA Realty For $147M,access_limited,access_limited,https://www.bisnow.com/news/los-angeles/multifamily/mbk-sells-anaheim-apartments-to-ta-realty,valid,title/source/url metadata are internally consistent,Development Activity,GP / Capital Activity,development_project_anchor: capital event with identifiable project/asset (unit/site count: 315-unit; execution milestone: opened; project/asset term: apartments),acceptable_repeat,1,2026-09-04,2026-09-06,2,fresh_0_3d,fresh,published date parsed; article age 2 day(s),66,previously seen article; limited page access,,California,matched state keyword: California,disposition_exit,repeated_but_retained,limited page access; development article without confirmed capital event,No,MBK,California MBK Rental Living,title_lead_pattern,medium,Inferred entity from headline lead segment and capital-event verb.,True,unit/site count: 315-unit; execution milestone: opened; project/asset term: apartments,high,Delivery / Opening,No,,,MBK,,California MBK Rental Living,California MBK Rental Living,MBK,California MBK Rental Living,transaction_market,capital_markets; institutional_capital,disposition,none,none,gp_disposition,none,unknown,lender,Market reference detected as California.,low,"Limited/paywalled article; classification is based on title, URL, source, and available lead text only. Capital event keywords detected: disposition. Institutional activity terms detected: gp_disposition. Primary topic set to transaction_market; confidence low.",85,38,limited article: title/lead-based review needed; classification confidence penalty,36
2026-09-06,20260906-003733-9f6b17d3,2026-09-06 00:36:51,Bisnow,Core Multifamily News,Tier 1,national_multifamily,Other,Office-to-Residential Conversion,"Fri, 04 Sep 2026 15:01:30 -0400",86,High,Must Read,Washington DC,Financing Risk; Supply Pressure; Institutional Flow; Developer Strategy,Track Financing Conditions; Track Supply Pipeline; Track Institutional Capital Flow; Track Developer Strategy,"Monitor financing conditions because the article includes acquisition, brookfield, joint venture and $37.5m, $52m, which may affect construction loans, refinancing risk, and exit cap rates.",High relevance to US residential developer strategy,Read full article,"Included because it scored 86 and mentions acquisition, brookfield, joint venture, with a Financing Risk; Supply Pressure; Institutional Flow; Developer Strategy angle for Washington DC.",Supply / Starts Signal,$37.5m; $52m,"Monument Realty and 7K Investments have purchased a 157K SF office building two blocks from the White House, with plans for a large-scale renovation. Google Maps The office building at 1775 Pennsylvania Ave. NW in downtown Washington, D.C. The partners paid $37.5M for the property at 1775 Pennsylvania Ave. NW and secured a $52M acquisition loan from Harbor Group International, D.C. deed records show. The seller was an affiliate of Tishman Speyer, the Washington Business Journal reported . The ne","You are a strategic research analyst for Woomi / Woomi Global.
Analyze the following US multifamily housing article for developer strategy.

Article context:
- Title: Pennsylvania Avenue Office Sells For Repositioning: The D.C. Deal Sheet
- Source: Bisnow
- URL: https://www.bisnow.com/news/washington-dc/deal-sheet/pennsylvania-ave-office-sells-for-repositioning-the-dc-deal-sheet
- Market focus: Washington DC
- Strategic angle: Financing Risk; Supply Pressure; Institutional Flow; Developer Strategy
- Market signal: Supply / Starts Signal
- Extracted numbers: $37.5m; $52m
- Strategic implication: Monitor financing conditions because the article includes acquisition, brookfield, joint venture and $37.5m, $52m, which may affect construction loans, refinancing risk, and exit cap rates.
- Woomi relevance: High relevance to US residential developer strategy

Please answer in concise bullet points:
1. Why does this article matter for a US multifamily developer?
2. What is the implication for Woomi / Woomi Global?
3. What risk or opportunity does this indicate?
4. What follow-up question should the strategy team ask?",98,Excellent,None,"Rule-based interpretation: Bisnow article 'Pennsylvania Avenue Office Sells For Repositioning: The D.C. Deal Sheet' is classified as priority review for Washington DC. It points to financing, refinancing, or debt-market conditions. Treat as a briefing input, not a standalone investment conclusion; confirm with source diversity, repeat observation, and market-specific evidence.",Macro & Financing; Development Strategy; Market Players & Deals,acquisition; brookfield; joint venture; loan; office-to-residential; starts,Pennsylvania Avenue Office Sells For Repositioning: The D.C. Deal Sheet,https://www.bisnow.com/news/washington-dc/deal-sheet/pennsylvania-ave-office-sells-for-repositioning-the-dc-deal-sheet,Yes,art_c99c4441741baa4d,Washington DC,other,Mixed-use Residential,transaction/sale; acquisition; financing/refinancing; JV/recapitalization; market data/supply-demand,개발/인허가,개발/인허가; 거래/투자; 시장 데이터,No,limited article access detected,No,No,access_limited_source,art_c99c4441741baa4d,https://www.bisnow.com/news/washington-dc/deal-sheet/pennsylvania-ave-office-sells-for-repositioning-the-dc-deal-sheet,Pennsylvania Avenue Office Sells For Repositioning: The D.C. Deal Sheet,access_limited,access_limited,https://www.bisnow.com/news/washington-dc/deal-sheet/pennsylvania-ave-office-sells-for-repositioning-the-dc-deal-sheet,valid,title/source/url metadata are internally consistent,Development Activity,GP / Capital Activity,development_project_anchor: capital event with identifiable project/asset (address/street: 1775 pennsylvania ave),repeat_penalized,1,2026-09-04,2026-09-06,2,fresh_0_3d,fresh,published date parsed; article age 2 day(s),36,previously seen article; appeared in prior Representative Evidence; limited page access,Washington DC,Washington DC,matched city/metro keyword: Washington DC,none,not_candidate,not a GP / capital candidate,No,,,,,,True,address/street: 1775 pennsylvania ave,medium,Project / Asset,No,,,,,,,,,transaction_market,capital_markets; development_pipeline,disposition,renovation_repositioning,none,gp_disposition,none,value_add,lender; developer,Market reference detected as Washington DC.,low,"Limited/paywalled article; classification is based on title, URL, source, and available lead text only. Capital event keywords detected: disposition. Development-stage terms detected: renovation_repositioning. Institutional activity terms detected: gp_disposition. Primary topic set to transaction_market; confidence low.",100,72,JV or partnership activity; institutional acquisition behavior; limited article: title/lead-based review needed; classification confidence penalty,53
2026-09-06,20260906-003733-9f6b17d3,2026-09-06 00:37:10,REBusiness Online,Site / Parcel Source Expansion,Tier 2,development_pipeline;gp_activity,Other,Apartment,2026-09-04T13:34:18Z,85,High,Must Read,Seattle,Institutional Flow,Track Institutional Capital Flow,"Track this as institutional capital flow because it mentions major capital players, portfolio transactions, deal size, or cap-rate signals.",High relevance to US residential developer strategy,Read full article,"Included because it scored 85 and mentions acquisition, apartment, apartments, with a Institutional Flow angle for Seattle.",Deal Size Signal,"$32.2m; $32.2 million; $304,245; $32.2 m; 106 apartments","Aperture on Fifth in Seattle’s Denny Triangle neighborhood features 106 apartments, a rooftop deck, fitness center, bike storage and an underground parking garage. Acquisitions Multifamily Washington Western Freestone Capital Acquires Aperture on Fifth Multifamily Community in Downtown Seattle for $32.2M by Amy Works September 4, 2026 September 4, 2026 5 SEATTLE — Freestone Capital has purchased Aperture on Fifth, an apartment property in downtown Seattle, from PrivatePortfolio Group for $32.2 m","You are a strategic research analyst for Woomi / Woomi Global.
Analyze the following US multifamily housing article for developer strategy.

Article context:
- Title: Freestone Capital Acquires Aperture on Fifth Multifamily Community in Downtown Seattle for $32.2M
- Source: REBusiness Online
- URL: https://rebusinessonline.com/freestone-capital-acquires-aperture-on-fifth-multifamily-community-in-downtown-seattle-for-32-2m/
- Market focus: Seattle
- Strategic angle: Institutional Flow
- Market signal: Deal Size Signal
- Extracted numbers: $32.2m; $32.2 million; $304,245; $32.2 m; 106 apartments
- Strategic implication: Track this as institutional capital flow because it mentions major capital players, portfolio transactions, deal size, or cap-rate signals.
- Woomi relevance: High relevance to US residential developer strategy

Please answer in concise bullet points:
1. Why does this article matter for a US multifamily developer?
2. What is the implication for Woomi / Woomi Global?
3. What risk or opportunity does this indicate?
4. What follow-up question should the strategy team ask?",98,Excellent,None,"Rule-based interpretation: REBusiness Online article 'Freestone Capital Acquires Aperture on Fifth Multifamily Community in Downtown Seattle for $32.2M' is classified as priority review for Seattle. It points to institutional capital movement or transaction activity. Treat as a briefing input, not a standalone investment conclusion; confirm with source diversity, repeat observation, and market-specific evidence.",Macro & Financing; Market Players & Deals,acquisition; apartment; apartments; multifamily,Freestone Capital Acquires Aperture on Fifth Multifamily Community in Downtown Seattle for $32.2M,https://rebusinessonline.com/freestone-capital-acquires-aperture-on-fifth-multifamily-community-in-downtown-seattle-for-32-2m/,Yes,art_596662fef4ea4216,Seattle,core_15,Multifamily,acquisition,거래/투자,거래/투자; 시장 데이터,No,article page appears accessible from collected text,Yes,No,standard,art_596662fef4ea4216,https://rebusinessonline.com/freestone-capital-acquires-aperture-on-fifth-multifamily-community-in-downtown-seattle-for-32-2m/,Freestone Capital Acquires Aperture on Fifth Multifamily Community in Downtown Seattle for $32.2M,open,open,https://rebusinessonline.com/freestone-capital-acquires-aperture-on-fifth-multifamily-community-in-downtown-seattle-for-32-2m/,valid,title/source/url metadata are internally consistent,Development Activity,GP / Capital Activity,development_project_anchor: capital event with identifiable project/asset (unit/site count: 106 apartments; project/asset term: community),repeat_penalized,1,2026-09-04,2026-09-06,2,fresh_0_3d,fresh,published date parsed; article age 2 day(s),48,previously seen article; appeared in prior Representative Evidence,,,used broad market bucket: Seattle,acquisition,retained_repeat,selected or retained for GP / capital review,Yes,Freestone Capital,Acquisitions Multifamily Washington Western Freestone Capital; PrivatePortfolio Group,dictionary_match,high,"Matched known institutional / GP entity in title, summary, or source text.",True,unit/site count: 106 apartments; project/asset term: community,high,Project / Asset,No,,,Freestone Capital,,Acquisitions Multifamily Washington Western Freestone Capital,Acquisitions Multifamily Washington Western Freestone Capital; PrivatePortfolio Group,Freestone Capital,Acquisitions Multifamily Washington Western Freestone Capital; PrivatePortfolio Group,transaction_market,capital_markets; institutional_capital,acquisition,none,none,gp_acquisition,none,unknown,lender,Market reference detected as Seattle.,high,Capital event keywords detected: acquisition. Institutional activity terms detected: gp_acquisition. Primary topic set to transaction_market; confidence high.,85,70,institutional acquisition behavior,51
2026-09-06,20260906-003733-9f6b17d3,2026-09-06 00:37:10,REBusiness Online,Site / Parcel Source Expansion,Tier 2,development_pipeline;gp_activity,Other,Apartment,2026-09-04T13:29:10Z,84,High,Review,Other / Unknown,Institutional Flow,Track Institutional Capital Flow,"Track rent and vacancy conditions because the article points to demand, occupancy, rent, vacancy, or concession signals in Other / Unknown.",Medium relevance to market monitoring,Track source for follow-up,"Included because it scored 84 and mentions acquisition, apartment, apartments, with a Institutional Flow angle for a broad or unspecified market.",Rent Growth Signal,"$1,703; 80 units","Fox Run Apartments in St. Charles was built in 1973. Acquisitions Illinois Midwest Multifamily Eastham Capital, Bender Cos. Acquire 220-Unit Fox Run Apartments in Suburban Chicago by Kristin Harlow September 4, 2026 September 4, 2026 5 ST. CHARLES, ILL. — Eastham Capital and Bender Cos. have acquired Fox Run Apartments, a 220-unit community in the western Chicago suburb of St. Charles. To date, Eastham and Bender have co-invested in 14 projects. The companies say that Fox Run Apartments presents","You are a strategic research analyst for Woomi / Woomi Global.
Analyze the following US multifamily housing article for developer strategy.

Article context:
- Title: Eastham Capital, Bender Cos. Acquire 220-Unit Fox Run Apartments in Suburban Chicago
- Source: REBusiness Online
- URL: https://rebusinessonline.com/eastham-capital-bender-cos-acquire-220-unit-fox-run-apartments-in-suburban-chicago/
- Market focus: Other / Unknown
- Strategic angle: Institutional Flow
- Market signal: Rent Growth Signal
- Extracted numbers: $1,703; 80 units
- Strategic implication: Track rent and vacancy conditions because the article points to demand, occupancy, rent, vacancy, or concession signals in Other / Unknown.
- Woomi relevance: Medium relevance to market monitoring

Please answer in concise bullet points:
1. Why does this article matter for a US multifamily developer?
2. What is the implication for Woomi / Woomi Global?
3. What risk or opportunity does this indicate?
4. What follow-up question should the strategy team ask?",90,Excellent,missing market focus,"Rule-based interpretation: REBusiness Online article 'Eastham Capital, Bender Cos. Acquire 220-Unit Fox Run Apartments in Suburban Chicago' is classified as review for Other / Unknown. It points to institutional capital movement or transaction activity. Treat as a briefing input, not a standalone investment conclusion; confirm with source diversity, repeat observation, and market-specific evidence.",Macro & Financing; Supply & Demand; Market Players & Deals,acquisition; apartment; apartments; midwest; multifamily,"Eastham Capital, Bender Cos. Acquire 220-Unit Fox Run Apartments in Suburban Chicago",https://rebusinessonline.com/eastham-capital-bender-cos-acquire-220-unit-fox-run-apartments-in-suburban-chicago/,Yes,art_8613768a8855a181,Other / Unknown,other,Multifamily,acquisition; market data/supply-demand; rent/occupancy/absorption,개발/인허가,개발/인허가; 거래/투자; 운영/임대; 시장 데이터,No,article page appears accessible from collected text,No,No,standard,art_8613768a8855a181,https://rebusinessonline.com/eastham-capital-bender-cos-acquire-220-unit-fox-run-apartments-in-suburban-chicago/,"Eastham Capital, Bender Cos. Acquire 220-Unit Fox Run Apartments in Suburban Chicago",open,open,https://rebusinessonline.com/eastham-capital-bender-cos-acquire-220-unit-fox-run-apartments-in-suburban-chicago/,valid,title/source/url metadata are internally consistent,Development Activity,GP / Capital Activity,development_project_anchor: capital event with identifiable project/asset (unit/site count: 220-unit; address/street: 2026 5 st; project/asset term: project),acceptable_repeat,1,2026-09-04,2026-09-06,2,fresh_0_3d,fresh,published date parsed; article age 2 day(s),78,previously seen article,,,"no city, state, or market keyword detected",acquisition,repeated_but_retained,selected or retained for GP / capital review,Yes,"Eastham Capital, Bender Cos",,title_lead_pattern,medium,Inferred entity from headline lead segment and capital-event verb.,True,unit/site count: 220-unit; address/street: 2026 5 st; project/asset term: project,high,Project / Asset,No,,,"Eastham Capital, Bender Cos",,,,"Eastham Capital, Bender Cos",,transaction_market,capital_markets; supply_demand,acquisition,none,effective_rent_growth,gp_acquisition,none,unknown,lender,No specific market detected; relevance remains broad.,medium,Capital event keywords detected: acquisition. Supply/demand terms detected: effective_rent_growth. Institutional activity terms detected: gp_acquisition. Primary topic set to transaction_market; confidence medium.,55,63,institutional acquisition behavior,61
2026-09-06,20260906-003733-9f6b17d3,2026-09-06 00:37:14,Connect CRE Texas,Site / Parcel Source Expansion,Tier 2,development_pipeline;gp_activity;sunbelt,Other,Apartment,"Thu, 03 Sep 2026 15:46:08 +0000",83,High,Review,Austin / Texas,Institutional Flow,Track Institutional Capital Flow,"Track rent and vacancy conditions because the article points to demand, occupancy, rent, vacancy, or concession signals in Austin / Texas.",Medium relevance to market monitoring,Track source for follow-up,"Included because it scored 83 and mentions apartment, apartments, multifamily, with a Institutional Flow angle for Austin / Texas.",Rent Growth Signal,"$200 million; 1,029 units","Texas CRE News In Your Inbox. Sign up for Connect emails to stay informed with CRE stories that are 150 words or less. Texas + Austin + Apartments | September 3, 2026 By: Mike Boyd ORIX Acquires Two Texas Rental Assets An ORIX Corporation USA affiliate acquired three multifamily properties totaling 1,029 units in Texas (two) and Georgia (one). The transactions, representing approximately $200 million in aggregate value, expand ORIX USA’s multifamily equity portfolio and reflect the firm’s contin","You are a strategic research analyst for Woomi / Woomi Global.
Analyze the following US multifamily housing article for developer strategy.

Article context:
- Title: ORIX Acquires Two Texas Rental Assets
- Source: Connect CRE Texas
- URL: https://www.connectcre.com/stories/orix-acquires-two-texas-rental-assets/
- Market focus: Austin / Texas
- Strategic angle: Institutional Flow
- Market signal: Rent Growth Signal
- Extracted numbers: $200 million; 1,029 units
- Strategic implication: Track rent and vacancy conditions because the article points to demand, occupancy, rent, vacancy, or concession signals in Austin / Texas.
- Woomi relevance: Medium relevance to market monitoring

Please answer in concise bullet points:
1. Why does this article matter for a US multifamily developer?
2. What is the implication for Woomi / Woomi Global?
3. What risk or opportunity does this indicate?
4. What follow-up question should the strategy team ask?",98,Excellent,None,"Rule-based interpretation: Connect CRE Texas article 'ORIX Acquires Two Texas Rental Assets' is classified as review for Austin / Texas. It points to institutional capital movement or transaction activity. Treat as a briefing input, not a standalone investment conclusion; confirm with source diversity, repeat observation, and market-specific evidence.",Macro & Financing; Market Players & Deals,apartment; apartments; multifamily; transaction,ORIX Acquires Two Texas Rental Assets,https://www.connectcre.com/stories/orix-acquires-two-texas-rental-assets/,Yes,art_33eac3a25d6a3e67,Austin,core_15,Multifamily,acquisition; rent/occupancy/absorption,거래/투자,거래/투자; 운영/임대; 시장 데이터,No,article page appears accessible from collected text,Yes,No,standard,art_33eac3a25d6a3e67,https://www.connectcre.com/stories/orix-acquires-two-texas-rental-assets/,ORIX Acquires Two Texas Rental Assets,open,open,https://www.connectcre.com/stories/orix-acquires-two-texas-rental-assets/,valid,title/source/url metadata are internally consistent,Development Activity,GP / Capital Activity,development_project_anchor: capital event with identifiable project/asset (unit/site count: 029 units; project/asset term: apartments),acceptable_repeat,2,2026-09-03,2026-09-06,3,fresh_0_3d,fresh,published date parsed; article age 3 day(s),74,previously seen article,Austin,Texas,matched city/metro keyword: Austin,acquisition,repeated_but_retained,selected or retained for GP / capital review,Yes,ORIX,,title_lead_pattern,medium,Inferred entity from headline lead segment and capital-event verb.,True,unit/site count: 029 units; project/asset term: apartments,high,Project / Asset,No,,,ORIX,,,,ORIX,,transaction_market,capital_markets; supply_demand,acquisition,none,effective_rent_growth,gp_acquisition,none,unknown,lender,Market reference detected as Austin / Texas.,high,Capital event keywords detected: acquisition. Supply/demand terms detected: effective_rent_growth. Institutional activity terms detected: gp_acquisition. Primary topic set to transaction_market; confidence high.,85,70,institutional acquisition behavior,68
2026-09-06,20260906-003733-9f6b17d3,2026-09-06 00:37:13,Connect CRE Apartments,Site / Parcel Source Expansion,Tier 2,development_pipeline;gp_activity;national_multifamily,Other,Apartment,"Fri, 04 Sep 2026 14:04:30 +0000",82,High,Review,Atlanta / Georgia,Developer Strategy,Track Developer Strategy,"Track rent and vacancy conditions because the article points to demand, occupancy, rent, vacancy, or concession signals in Atlanta / Georgia.",Medium relevance to market monitoring,Track source for follow-up,"Included because it scored 82 and mentions apartment, apartments, development, with a Developer Strategy angle for Atlanta / Georgia.",Rent Growth Signal,$67.2m; $67.2 million,"Atlanta & Southeast News In Your Inbox Sign up for Connect emails to stay informed with CRE stories that are 150 words or less. Atlanta & Southeast + Atlanta Metro + Apartments | September 4, 2026 By: Mike Boyd Gwinnett County Rental Asset Trades for $67.2M A 352-unit multifamily development in the Gwinnett County town of Lawrenceville has sold for $67.2 million. The Atlanta Business Chronicle reports that Oxford Properties was the seller and Sherman Residential was the buyer. The rental communi","You are a strategic research analyst for Woomi / Woomi Global.
Analyze the following US multifamily housing article for developer strategy.

Article context:
- Title: Gwinnett County Rental Asset Trades for $67.2M
- Source: Connect CRE Apartments
- URL: https://www.connectcre.com/stories/gwinnett-rental-asset-trades-for-67-2m/
- Market focus: Atlanta / Georgia
- Strategic angle: Developer Strategy
- Market signal: Rent Growth Signal
- Extracted numbers: $67.2m; $67.2 million
- Strategic implication: Track rent and vacancy conditions because the article points to demand, occupancy, rent, vacancy, or concession signals in Atlanta / Georgia.
- Woomi relevance: Medium relevance to market monitoring

Please answer in concise bullet points:
1. Why does this article matter for a US multifamily developer?
2. What is the implication for Woomi / Woomi Global?
3. What risk or opportunity does this indicate?
4. What follow-up question should the strategy team ask?",98,Excellent,None,"Rule-based interpretation: Connect CRE Apartments article 'Gwinnett County Rental Asset Trades for $67.2M' is classified as review for Atlanta / Georgia. It points to development execution or sponsor strategy. Treat as a briefing input, not a standalone investment conclusion; confirm with source diversity, repeat observation, and market-specific evidence.",Development Strategy,apartment; apartments; development; multifamily,Gwinnett County Rental Asset Trades for $67.2M,https://www.connectcre.com/stories/gwinnett-rental-asset-trades-for-67-2m/,Yes,art_3e9cd128dc5247c9,Atlanta,core_15,Multifamily,transaction/sale; rent/occupancy/absorption,개발/인허가,개발/인허가; 거래/투자; 운영/임대; 시장 데이터,No,article page appears accessible from collected text,Yes,No,standard,art_3e9cd128dc5247c9,https://www.connectcre.com/stories/gwinnett-rental-asset-trades-for-67-2m/,Gwinnett County Rental Asset Trades for $67.2M,open,open,https://www.connectcre.com/stories/gwinnett-rental-asset-trades-for-67-2m/,valid,title/source/url metadata are internally consistent,Development Activity,GP / Capital Activity,development_project_anchor: capital event with identifiable project/asset (unit/site count: 352-unit; project/asset term: development),acceptable_repeat,1,2026-09-04,2026-09-06,2,fresh_0_3d,fresh,published date parsed; article age 2 day(s),78,previously seen article,Atlanta,Georgia,matched city/metro keyword: Atlanta,disposition_exit,repeated_but_retained,development article without confirmed capital event,No,Participant not identified,,unresolved,unresolved,"No institution name detected in dictionary, title, summary, or source text.",True,unit/site count: 352-unit; project/asset term: development,high,Project / Asset,No,,,,,,,,,transaction_market,capital_markets; supply_demand,disposition,none,effective_rent_growth,none,none,unknown,developer,Market reference detected as Atlanta / Georgia.,medium,Capital event keywords detected: disposition. Supply/demand terms detected: effective_rent_growth. Primary topic set to transaction_market; confidence medium.,75,54,general market observation with limited strategic behavior evidence,46
2026-09-06,20260906-003733-9f6b17d3,2026-09-06 00:36:49,Yield PRO,Core Multifamily News,Tier 1,lease_up_supply;national_multifamily,Other,Multifamily,"Thu, 03 Sep 2026 22:27:28 +0000",78,Medium,Review,Florida,Financing Risk; Supply Pressure; Institutional Flow,Track Financing Conditions; Track Supply Pipeline; Track Institutional Capital Flow,"Monitor financing conditions because the article includes construction, financing, lease-up and $215.8m, which may affect construction loans, refinancing risk, and exit cap rates.",High relevance to US residential developer strategy,Add to weekly strategy memo,"Included because it scored 78 and mentions construction, financing, lease-up, with a Financing Risk; Supply Pressure; Institutional Flow angle for Florida.",Deal Size Signal,$215.8m,"Deal boom News Facebook Twitter Linkedin Newmark Vice Chairman Matthew Williams and Vice President Rob Wright secured the construction takeout bridge financing through Benefit Street Partners, with support from Managing Directors James Maynard and Kyle Schlitt . “The size and complexity of this portfolio required a coordinated financing strategy across five distinct Florida markets, each with its own lease-up and stabilization dynamics,” said Williams. “Our extensive lender outreach generated si","You are a strategic research analyst for Woomi / Woomi Global.
Analyze the following US multifamily housing article for developer strategy.

Article context:
- Title: Newmark Facilitates $215.8M in Refinancing for Waypoint Residential Multifamily Portfolio in Florida
- Source: Yield PRO
- URL: https://yieldpro.com/2026/09/waypoint-residential-portfolio/
- Market focus: Florida
- Strategic angle: Financing Risk; Supply Pressure; Institutional Flow
- Market signal: Deal Size Signal
- Extracted numbers: $215.8m
- Strategic implication: Monitor financing conditions because the article includes construction, financing, lease-up and $215.8m, which may affect construction loans, refinancing risk, and exit cap rates.
- Woomi relevance: High relevance to US residential developer strategy

Please answer in concise bullet points:
1. Why does this article matter for a US multifamily developer?
2. What is the implication for Woomi / Woomi Global?
3. What risk or opportunity does this indicate?
4. What follow-up question should the strategy team ask?",98,Excellent,None,"Rule-based interpretation: Yield PRO article 'Newmark Facilitates $215.8M in Refinancing for Waypoint Residential Multifamily Portfolio in Florida' is classified as review for Florida. It points to financing, refinancing, or debt-market conditions. Treat as a briefing input, not a standalone investment conclusion; confirm with source diversity, repeat observation, and market-specific evidence.",Macro & Financing; Development Strategy,construction; financing; lease-up; multifamily; refinancing,Newmark Facilitates $215.8M in Refinancing for Waypoint Residential Multifamily Portfolio in Florida,https://yieldpro.com/2026/09/waypoint-residential-portfolio/,Yes,art_0683b7c5445a9222,Florida,other,Multifamily,delivery/completion; financing/refinancing; market data/supply-demand,제외/금융,제외/금융,Yes,article page appears accessible from collected text,No,No,standard,art_0683b7c5445a9222,https://yieldpro.com/2026/09/waypoint-residential-portfolio/,Newmark Facilitates $215.8M in Refinancing for Waypoint Residential Multifamily Portfolio in Florida,open,open,https://yieldpro.com/2026/09/waypoint-residential-portfolio/,valid,title/source/url metadata are internally consistent,Development Activity,GP / Capital Activity,development_project_anchor: project financing/capital event tied to project (execution milestone: lease-up),acceptable_repeat,2,2026-09-03,2026-09-06,3,fresh_0_3d,fresh,published date parsed; article age 3 day(s),74,previously seen article,,Florida,matched state keyword: Florida,refinancing,repeated_but_retained,selected or retained for GP / capital review,Yes,Benefit Street Partners,Waypoint Residential Multifamily Portfolio; Waypoint Residential,dictionary_match,high,"Matched known institutional / GP entity in title, summary, or source text.",True,execution milestone: lease-up,medium,Leasing / Lease-Up,No,,,Benefit Street Partners,Benefit Street Partners,Waypoint Residential Multifamily Portfolio,Waypoint Residential Multifamily Portfolio; Waypoint Residential,Benefit Street Partners,Waypoint Residential Multifamily Portfolio; Waypoint Residential,capital_markets,development_pipeline; supply_demand,refinancing; bridge_loan,lease_up; stabilization,supply_pressure,lender_activity,bridge_loan,unknown,lender; developer,Market reference detected as Florida.,medium,"Capital event keywords detected: refinancing, bridge_loan. Financing type keywords detected: bridge_loan. Development-stage terms detected: lease_up, stabilization. Supply/demand terms detected: supply_pressure. Institutional activity terms detected: lender_activity. Primary topic set to capital_markets; confidence medium.",100,96,institutional acquisition behavior; lease-up or absorption behavior; large-scale refinance tied to strategy,86
2026-09-06,20260906-003733-9f6b17d3,2026-09-06 00:36:53,NAHB Eye on Housing - Multifamily,Public Agency / Housing Data,Tier 3,national_multifamily,Other,Apartment,"Fri, 28 Aug 2026 13:47:59 +0000",78,Medium,Review,Other / Unknown,Rent Growth / Demand,Track Rent / Vacancy Trend,"Review this as a supply risk signal because it references new deliveries, starts, pipeline, or permits in Other / Unknown.",Medium relevance to market monitoring,Track source for follow-up,"Included because it scored 78 and mentions absorption, apartment, multifamily, with a Rent Growth / Demand angle for a broad or unspecified market.",Supply / Starts Signal,50%,"Multifamily Absorption Rate Remains Below 50% – Eye On Housing Skip to content Multifamily Absorption Rate Remains Below 50% August 28, 2026 Jesse Wade No Comments The percentage of new apartment units that were absorbed within three months after completion was down five percentage points in the first quarter, according to the Census Bureau’s latest release of the Survey of Market Absorption of New Multifamily Units (SOMA). An apartment or condo unit is considered absorbed into the market when i","You are a strategic research analyst for Woomi / Woomi Global.
Analyze the following US multifamily housing article for developer strategy.

Article context:
- Title: Multifamily Absorption Rate Remains Below 50%
- Source: NAHB Eye on Housing - Multifamily
- URL: https://eyeonhousing.org/2026/08/multifamily-absorption-rate-remains-below-50-2/
- Market focus: Other / Unknown
- Strategic angle: Rent Growth / Demand
- Market signal: Supply / Starts Signal
- Extracted numbers: 50%
- Strategic implication: Review this as a supply risk signal because it references new deliveries, starts, pipeline, or permits in Other / Unknown.
- Woomi relevance: Medium relevance to market monitoring

Please answer in concise bullet points:
1. Why does this article matter for a US multifamily developer?
2. What is the implication for Woomi / Woomi Global?
3. What risk or opportunity does this indicate?
4. What follow-up question should the strategy team ask?",90,Excellent,missing market focus,"Rule-based interpretation: NAHB Eye on Housing - Multifamily article 'Multifamily Absorption Rate Remains Below 50%' is classified as review for Other / Unknown. It points to supply, delivery, lease-up, or absorption conditions. Treat as a briefing input, not a standalone investment conclusion; confirm with source diversity, repeat observation, and market-specific evidence.",Supply & Demand,absorption; apartment; multifamily,Multifamily Absorption Rate Remains Below 50%,https://eyeonhousing.org/2026/08/multifamily-absorption-rate-remains-below-50-2/,Yes,art_8b28c10c647e7f21,Other / Unknown,other,Multifamily,development; delivery/completion; market data/supply-demand; rent/occupancy/absorption,개발/인허가,개발/인허가; 운영/임대; 시장 데이터,No,article page appears accessible from collected text,No,No,standard,art_8b28c10c647e7f21,https://eyeonhousing.org/2026/08/multifamily-absorption-rate-remains-below-50-2/,Multifamily Absorption Rate Remains Below 50%,open,open,https://eyeonhousing.org/2026/08/multifamily-absorption-rate-remains-below-50-2/,valid,title/source/url metadata are internally consistent,Market Intelligence,,"market_macro_guard: rent, demand, vacancy, absorption, or leasing article without project anchor",repeat_penalized,110,2026-08-28,2026-09-06,9,recent_4_14d,recent,published date parsed; article age 9 day(s),55,previously seen article,,,"no city, state, or market keyword detected",none,not_candidate,not a GP / capital candidate,No,,,,,,False,"no identifiable project, asset, site, address, or unit-count anchor",none,,Yes,absorption,matched rent/demand keyword: absorption,,,,,,,development_pipeline,supply_demand,none,delivery,effective_rent_growth; absorption,none,none,unknown,unknown,No specific market detected; relevance remains broad.,medium,"Development-stage terms detected: delivery. Supply/demand terms detected: effective_rent_growth, absorption. Primary topic set to development_pipeline; confidence medium.",50,59,lease-up or absorption behavior,40
2026-09-06,20260906-003733-9f6b17d3,2026-09-06 00:37:11,Connect CRE Apartments,Site / Parcel Source Expansion,Tier 2,development_pipeline;gp_activity;national_multifamily,Other,Apartment,"Fri, 04 Sep 2026 17:13:38 +0000",77,Medium,Review,Seattle,Institutional Flow,Track Institutional Capital Flow,"Track this as institutional capital flow because it mentions major capital players, portfolio transactions, deal size, or cap-rate signals.",High relevance to US residential developer strategy,Add to weekly strategy memo,"Included because it scored 77 and mentions apartment, apartments, sale, with a Institutional Flow angle for Seattle.",Deal Size Signal,"$37m; $37 million; $406,600","Seattle & Northwest CRE News In Your Inbox. Sign up for Connect emails to stay informed with CRE stories that are 150 words or less. Seattle & Northwest + Seattle + Apartments | September 4, 2026 By: Jasmine Kilman Timberlane Partners Acquires 91-Unit Issaquah Apartments for $37M Seattle-based real estate investment firm Timberlane Partners has acquired the Vista Ridge, a 91-unit apartment complex in Issaquah, for $37 million. The 91-unit apartment complex at 201 Mountain Park Blvd. SW sold in a","You are a strategic research analyst for Woomi / Woomi Global.
Analyze the following US multifamily housing article for developer strategy.

Article context:
- Title: Timberlane Partners Acquires 91-Unit Issaquah Apartments for $37M
- Source: Connect CRE Apartments
- URL: https://www.connectcre.com/stories/timberlane-partners-acquires-91-unit-issaquah-apartments-for-37m/
- Market focus: Seattle
- Strategic angle: Institutional Flow
- Market signal: Deal Size Signal
- Extracted numbers: $37m; $37 million; $406,600
- Strategic implication: Track this as institutional capital flow because it mentions major capital players, portfolio transactions, deal size, or cap-rate signals.
- Woomi relevance: High relevance to US residential developer strategy

Please answer in concise bullet points:
1. Why does this article matter for a US multifamily developer?
2. What is the implication for Woomi / Woomi Global?
3. What risk or opportunity does this indicate?
4. What follow-up question should the strategy team ask?",98,Excellent,None,"Rule-based interpretation: Connect CRE Apartments article 'Timberlane Partners Acquires 91-Unit Issaquah Apartments for $37M' is classified as review for Seattle. It points to institutional capital movement or transaction activity. Treat as a briefing input, not a standalone investment conclusion; confirm with source diversity, repeat observation, and market-specific evidence.",Macro & Financing; Market Players & Deals,apartment; apartments; sale,Timberlane Partners Acquires 91-Unit Issaquah Apartments for $37M,https://www.connectcre.com/stories/timberlane-partners-acquires-91-unit-issaquah-apartments-for-37m/,Yes,art_3e3bf4b760e4afd1,Seattle,core_15,Multifamily,transaction/sale; acquisition,거래/투자,거래/투자; 시장 데이터,No,article page appears accessible from collected text,Yes,No,standard,art_3e3bf4b760e4afd1,https://www.connectcre.com/stories/timberlane-partners-acquires-91-unit-issaquah-apartments-for-37m/,Timberlane Partners Acquires 91-Unit Issaquah Apartments for $37M,open,open,https://www.connectcre.com/stories/timberlane-partners-acquires-91-unit-issaquah-apartments-for-37m/,valid,title/source/url metadata are internally consistent,Development Activity,GP / Capital Activity,development_project_anchor: capital event with identifiable project/asset (unit/site count: 91-unit; address/street: 201 mountain park blvd; project/asset term: apartments),repeat_penalized,1,2026-09-04,2026-09-06,2,fresh_0_3d,fresh,published date parsed; article age 2 day(s),48,previously seen article; appeared in prior Representative Evidence,,,used broad market bucket: Seattle,disposition_exit,retained_repeat,development article without confirmed capital event,No,Timberlane Partners,Jasmine Kilman Timberlane Partners,capital_event_sentence,medium,Inferred entity from source text near capital-event language.,True,unit/site count: 91-unit; address/street: 201 mountain park blvd; project/asset term: apartments,high,Project / Asset,No,,,Timberlane Partners,,Jasmine Kilman Timberlane Partners,Jasmine Kilman Timberlane Partners,Timberlane Partners,Jasmine Kilman Timberlane Partners,transaction_market,capital_markets; institutional_capital,acquisition; disposition,none,none,gp_acquisition,none,unknown,lender,Market reference detected as Seattle.,high,"Capital event keywords detected: acquisition, disposition. Institutional activity terms detected: gp_acquisition. Primary topic set to transaction_market; confidence high.",85,70,institutional acquisition behavior,51
2026-09-06,20260906-003733-9f6b17d3,2026-09-06 00:36:54,NAHB Eye on Housing - Multifamily,Public Agency / Housing Data,Tier 3,national_multifamily,Other,Multifamily,"Tue, 25 Aug 2026 00:34:00 +0000",71,Medium,Review,Other / Unknown,Supply Pressure; Developer Strategy,Track Supply Pipeline; Track Developer Strategy,"Review this as a supply risk signal because it references new deliveries, starts, pipeline, or permits in Other / Unknown.",Medium relevance to market monitoring,Track source for follow-up,"Included because it scored 71 and mentions construction, developer, multifamily, with a Supply Pressure; Developer Strategy angle for a broad or unspecified market.",Rent Growth Signal,5%,"I run Punch crews and I’m seeing that it’s hard to actually get hired by the multifamily companies who are already building I would like to expand and be able to provide Punch crews, non-skill, laborers and Cleaners, but it seems that it’s too hard to get with Apt. builder or developer currently I got one crew working paint and trim Punch. As well it’s like I see less multifamily building going up. Reply","You are a strategic research analyst for Woomi / Woomi Global.
Analyze the following US multifamily housing article for developer strategy.

Article context:
- Title: Second Quarter 2026 Multifamily Construction Data
- Source: NAHB Eye on Housing - Multifamily
- URL: https://eyeonhousing.org/2026/08/second-quarter-2026-multifamily-construction-data/
- Market focus: Other / Unknown
- Strategic angle: Supply Pressure; Developer Strategy
- Market signal: Rent Growth Signal
- Extracted numbers: 5%
- Strategic implication: Review this as a supply risk signal because it references new deliveries, starts, pipeline, or permits in Other / Unknown.
- Woomi relevance: Medium relevance to market monitoring

Please answer in concise bullet points:
1. Why does this article matter for a US multifamily developer?
2. What is the implication for Woomi / Woomi Global?
3. What risk or opportunity does this indicate?
4. What follow-up question should the strategy team ask?",90,Excellent,missing market focus,"Rule-based interpretation: NAHB Eye on Housing - Multifamily article 'Second Quarter 2026 Multifamily Construction Data' is classified as review for Other / Unknown. It points to supply, delivery, lease-up, or absorption conditions. Treat as a briefing input, not a standalone investment conclusion; confirm with source diversity, repeat observation, and market-specific evidence.",Development Strategy,construction; developer; multifamily; starts,Second Quarter 2026 Multifamily Construction Data,https://eyeonhousing.org/2026/08/second-quarter-2026-multifamily-construction-data/,Yes,art_cd127cbd37c0a59d,Other / Unknown,other,Multifamily,market data/supply-demand; rent/occupancy/absorption,개발/인허가,개발/인허가; 운영/임대; 시장 데이터,No,article page appears accessible from collected text,No,No,standard,art_cd127cbd37c0a59d,https://eyeonhousing.org/2026/08/second-quarter-2026-multifamily-construction-data/,Second Quarter 2026 Multifamily Construction Data,open,open,https://eyeonhousing.org/2026/08/second-quarter-2026-multifamily-construction-data/,valid,title/source/url metadata are internally consistent,Development Activity,Market Intelligence,development milestone or entitlement signal has display priority,repeat_penalized,12,2026-08-25,2026-09-06,12,recent_4_14d,recent,published date parsed; article age 12 day(s),55,previously seen article,,,"no city, state, or market keyword detected",none,not_candidate,not a GP / capital candidate,No,,,,,,False,"no identifiable project, asset, site, address, or unit-count anchor",none,,No,,,,,,,,,supply_demand,none,none,none,effective_rent_growth; supply_pressure,none,none,unknown,developer,No specific market detected; relevance remains broad.,low,"Supply/demand terms detected: effective_rent_growth, supply_pressure. Primary topic set to supply_demand; confidence low.",30,33,classification confidence penalty,4
2026-09-06,20260906-003733-9f6b17d3,2026-09-06 00:37:11,REBusiness Online,Site / Parcel Source Expansion,Tier 2,development_pipeline;gp_activity,Other,Multifamily,2026-09-04T13:28:21Z,70,Medium,Review,Other / Unknown,Institutional Flow,Track Institutional Capital Flow,"Review this as a supply risk signal because it references new deliveries, starts, pipeline, or permits in Other / Unknown.",High relevance to US residential developer strategy,Add to weekly strategy memo,"Included because it scored 70 and mentions acquisition, midwest, multifamily, with a Institutional Flow angle for a broad or unspecified market.",Supply / Starts Signal,$18.1m; $18.1 million; 142 units,"Cudahy Commons includes 142 units in Cudahy, Wis. Acquisitions Midwest Multifamily Wisconsin Greysteel Arranges $18.1M Sale of Multifamily Community in Metro Milwaukee by Kristin Harlow September 4, 2026 September 4, 2026 3 CUDAHY, WIS. — Greysteel has arranged the $18.1 million sale of Cudahy Commons, a 142-unit multifamily property at 2810 E. Edgerton Ave. in the Milwaukee suburb of Cudahy. BJ Connolly, Doug Banerjee and Ryan Carter of Greysteel represented the seller, a private investor. Peak","You are a strategic research analyst for Woomi / Woomi Global.
Analyze the following US multifamily housing article for developer strategy.

Article context:
- Title: Greysteel Arranges $18.1M Sale of Multifamily Community in Metro Milwaukee
- Source: REBusiness Online
- URL: https://rebusinessonline.com/greysteel-arranges-18-1m-sale-of-multifamily-community-in-metro-milwaukee/
- Market focus: Other / Unknown
- Strategic angle: Institutional Flow
- Market signal: Supply / Starts Signal
- Extracted numbers: $18.1m; $18.1 million; 142 units
- Strategic implication: Review this as a supply risk signal because it references new deliveries, starts, pipeline, or permits in Other / Unknown.
- Woomi relevance: High relevance to US residential developer strategy

Please answer in concise bullet points:
1. Why does this article matter for a US multifamily developer?
2. What is the implication for Woomi / Woomi Global?
3. What risk or opportunity does this indicate?
4. What follow-up question should the strategy team ask?",90,Excellent,missing market focus,"Rule-based interpretation: REBusiness Online article 'Greysteel Arranges $18.1M Sale of Multifamily Community in Metro Milwaukee' is classified as review for Other / Unknown. It points to supply, delivery, lease-up, or absorption conditions. Treat as a briefing input, not a standalone investment conclusion; confirm with source diversity, repeat observation, and market-specific evidence.",Macro & Financing; Supply & Demand; Market Players & Deals,acquisition; midwest; multifamily; sale,Greysteel Arranges $18.1M Sale of Multifamily Community in Metro Milwaukee,https://rebusinessonline.com/greysteel-arranges-18-1m-sale-of-multifamily-community-in-metro-milwaukee/,Yes,art_f0e555b67766f115,Other / Unknown,other,Multifamily,market data/supply-demand,거래/투자,거래/투자; 시장 데이터,No,article page appears accessible from collected text,No,No,standard,art_f0e555b67766f115,https://rebusinessonline.com/greysteel-arranges-18-1m-sale-of-multifamily-community-in-metro-milwaukee/,Greysteel Arranges $18.1M Sale of Multifamily Community in Metro Milwaukee,open,open,https://rebusinessonline.com/greysteel-arranges-18-1m-sale-of-multifamily-community-in-metro-milwaukee/,valid,title/source/url metadata are internally consistent,Development Activity,GP / Capital Activity,development_project_anchor: capital event with identifiable project/asset (unit/site count: 142 units; address/street: 2810 e. edgerton ave; project/asset term: community),acceptable_repeat,1,2026-09-04,2026-09-06,2,fresh_0_3d,fresh,published date parsed; article age 2 day(s),78,previously seen article,,,"no city, state, or market keyword detected",disposition_exit,repeated_but_retained,development article without confirmed capital event,No,Participant not identified,,unresolved,unresolved,"No institution name detected in dictionary, title, summary, or source text.",True,unit/site count: 142 units; address/street: 2810 e. edgerton ave; project/asset term: community,high,Project / Asset,No,,,,,,,,,transaction_market,capital_markets; institutional_capital,acquisition; disposition,none,none,gp_acquisition,none,unknown,lender; broker; investor,No specific market detected; relevance remains broad.,medium,"Capital event keywords detected: acquisition, disposition. Institutional activity terms detected: gp_acquisition. Primary topic set to transaction_market; confidence medium.",70,67,institutional acquisition behavior,65
2026-09-06,20260906-003733-9f6b17d3,2026-09-06 00:37:17,Connect CRE South Florida,Site / Parcel Source Expansion,Tier 2,development_pipeline;gp_activity;sunbelt,Other,Apartment,"Fri, 28 Aug 2026 17:55:28 +0000",69,Medium,Monitor,Miami / Florida,Developer Strategy,Track Developer Strategy,"Review this as a supply risk signal because it references new deliveries, starts, pipeline, or permits in Miami / Florida.",High relevance to US residential developer strategy,Add to weekly strategy memo,"Included because it scored 69 and mentions apartment, apartments, cortland, with a Developer Strategy angle for Miami / Florida.",Supply / Starts Signal,"$208m; $208 million; $246,000; 812 apartments","Florida & Gulf Coast CRE News In Your Inbox. Sign up for Connect emails to stay informed with CRE stories that are 150 words or less. Florida & Gulf Coast + South Florida + Apartments | August 28, 2026 By: Mike Boyd Cortland Offloads 812 West Palm Beach Apartment Units for $208M The Portofino Place east and west apartment community in West Palm Beach sold for a combined $208 million in two deeds. Cortland Partners sold the 812 apartments at 4400 and 4600 Portofino Way to Fairfield Residential. I","You are a strategic research analyst for Woomi / Woomi Global.
Analyze the following US multifamily housing article for developer strategy.

Article context:
- Title: Cortland Offloads 812 West Palm Beach Apartment Units for $208M
- Source: Connect CRE South Florida
- URL: https://www.connectcre.com/stories/cortland-offloads-812-west-palm-beach-apartment-units-for-208m/
- Market focus: Miami / Florida
- Strategic angle: Developer Strategy
- Market signal: Supply / Starts Signal
- Extracted numbers: $208m; $208 million; $246,000; 812 apartments
- Strategic implication: Review this as a supply risk signal because it references new deliveries, starts, pipeline, or permits in Miami / Florida.
- Woomi relevance: High relevance to US residential developer strategy

Please answer in concise bullet points:
1. Why does this article matter for a US multifamily developer?
2. What is the implication for Woomi / Woomi Global?
3. What risk or opportunity does this indicate?
4. What follow-up question should the strategy team ask?",98,Excellent,None,"Rule-based interpretation: Connect CRE South Florida article 'Cortland Offloads 812 West Palm Beach Apartment Units for $208M' is classified as watch only for Miami / Florida. It points to supply, delivery, lease-up, or absorption conditions. Treat as a briefing input, not a standalone investment conclusion; confirm with source diversity, repeat observation, and market-specific evidence.",Market Players & Deals,apartment; apartments; cortland,Cortland Offloads 812 West Palm Beach Apartment Units for $208M,https://www.connectcre.com/stories/cortland-offloads-812-west-palm-beach-apartment-units-for-208m/,Yes,art_80c755924a66e3e6,Miami / South Florida,core_15,Multifamily,transaction/sale,개발/인허가,개발/인허가; 거래/투자,No,article page appears accessible from collected text,Yes,No,standard,art_80c755924a66e3e6,https://www.connectcre.com/stories/cortland-offloads-812-west-palm-beach-apartment-units-for-208m/,Cortland Offloads 812 West Palm Beach Apartment Units for $208M,open,open,https://www.connectcre.com/stories/cortland-offloads-812-west-palm-beach-apartment-units-for-208m/,valid,title/source/url metadata are internally consistent,Development Activity,GP / Capital Activity,development_project_anchor: capital event with identifiable project/asset (unit/site count: 812 apartments; address/street: 4400 and 4600 portofino way; project/asset term: community),repeat_penalized,8,2026-08-28,2026-09-06,9,recent_4_14d,recent,published date parsed; article age 9 day(s),55,previously seen article,Miami,Florida,matched city/metro keyword: Miami,disposition_exit,repeat_penalized,repeat exposure penalty; development article without confirmed capital event,No,Fairfield Residential,Cortland Partners,dictionary_match,high,"Matched known institutional / GP entity in title, summary, or source text.",True,unit/site count: 812 apartments; address/street: 4400 and 4600 portofino way; project/asset term: community,high,Project / Asset,No,,,Fairfield Residential,,Cortland Partners,Cortland Partners,Fairfield Residential,Cortland Partners,transaction_market,capital_markets,disposition,none,none,none,none,unknown,developer,Market reference detected as Miami / Florida.,low,Capital event keywords detected: disposition. Primary topic set to transaction_market; confidence low.,75,44,classification confidence penalty,19
2026-09-06,20260906-003733-9f6b17d3,2026-09-06 00:36:51,Bisnow,Core Multifamily News,Tier 1,national_multifamily,Other,Student Housing,"Fri, 04 Sep 2026 17:02:15 -0400",58,Low,Monitor,Los Angeles / California,Developer Strategy,Track Developer Strategy,"Review this as a supply risk signal because it references new deliveries, starts, pipeline, or permits in Los Angeles / California.",High relevance to US residential developer strategy,Add to weekly strategy memo,"Included because it scored 58 and mentions student housing, with a Developer Strategy angle for Los Angeles / California.",Supply / Starts Signal,429 units,"Courtesy of Landmark Properties The Standard student housing project Landmark Properties opened a 1,261-bed student housing complex at 3900 S. Figueroa St., less than half a mile from the University of Southern California. The complex holds 429 units, a mix of studios up to five-bedroom units. Each unit comes with in-unit laundry and private bathrooms for each bedroom, as well as kitchens. Called The Standard, the property is Landmark’s second ground-up project in Los Angeles. The first was deli","You are a strategic research analyst for Woomi / Woomi Global.
Analyze the following US multifamily housing article for developer strategy.

Article context:
- Title: Landmark Properties Opens Student Housing Project: The Los Angeles Deal Sheet
- Source: Bisnow
- URL: https://www.bisnow.com/news/los-angeles/deal-sheet/landmark-properties-usc-student-housing-los-angeles-deal-sheet
- Market focus: Los Angeles / California
- Strategic angle: Developer Strategy
- Market signal: Supply / Starts Signal
- Extracted numbers: 429 units
- Strategic implication: Review this as a supply risk signal because it references new deliveries, starts, pipeline, or permits in Los Angeles / California.
- Woomi relevance: High relevance to US residential developer strategy

Please answer in concise bullet points:
1. Why does this article matter for a US multifamily developer?
2. What is the implication for Woomi / Woomi Global?
3. What risk or opportunity does this indicate?
4. What follow-up question should the strategy team ask?",98,Excellent,None,"Rule-based interpretation: Bisnow article 'Landmark Properties Opens Student Housing Project: The Los Angeles Deal Sheet' is classified as watch only for Los Angeles / California. It points to supply, delivery, lease-up, or absorption conditions. Treat as a briefing input, not a standalone investment conclusion; confirm with source diversity, repeat observation, and market-specific evidence.",,student housing,Landmark Properties Opens Student Housing Project: The Los Angeles Deal Sheet,https://www.bisnow.com/news/los-angeles/deal-sheet/landmark-properties-usc-student-housing-los-angeles-deal-sheet,Yes,art_b86982c2754d34f0,Los Angeles / Southern California,core_15,Student Housing,development; delivery/completion,개발/인허가,개발/인허가,No,limited article access detected,Yes,No,access_limited_source,art_b86982c2754d34f0,https://www.bisnow.com/news/los-angeles/deal-sheet/landmark-properties-usc-student-housing-los-angeles-deal-sheet,Landmark Properties Opens Student Housing Project: The Los Angeles Deal Sheet,access_limited,access_limited,https://www.bisnow.com/news/los-angeles/deal-sheet/landmark-properties-usc-student-housing-los-angeles-deal-sheet,valid,title/source/url metadata are internally consistent,Development Activity,,development_project_anchor: Delivery / Opening (unit/site count: 261-bed; address/street: 3900 s. figueroa st; execution milestone: opens; project/asset term: project),acceptable_repeat,1,2026-09-04,2026-09-06,2,fresh_0_3d,fresh,published date parsed; article age 2 day(s),81,previously seen article; limited page access; possible follow-up or updated development signal,Los Angeles,California,matched city/metro keyword: Los Angeles,none,not_candidate,not a GP / capital candidate,No,,,,,,True,unit/site count: 261-bed; address/street: 3900 s. figueroa st; execution milestone: opens; project/asset term: project,high,Delivery / Opening,No,,,,,,,,,development_pipeline,none,none,delivery,none,none,none,student_housing,unknown,Market reference detected as Los Angeles / California.,low,"Limited/paywalled article; classification is based on title, URL, source, and available lead text only. Development-stage terms detected: delivery. Primary topic set to development_pipeline; confidence low.",65,49,development continuation; limited article: title/lead-based review needed; classification confidence penalty,47
2026-09-06,20260906-003733-9f6b17d3,2026-09-06 00:37:04,Urbanize LA,Regional / California / LA Sources,Tier 2,development_pipeline;entitlement;la_california,Other,General Residential,"Fri, 04 Sep 2026 13:15:00 +0000",53,Low,Monitor,Los Angeles / California,Institutional Flow,Track Institutional Capital Flow,"Track this as institutional capital flow because it mentions major capital players, portfolio transactions, deal size, or cap-rate signals.",High relevance to US residential developer strategy,Add to weekly strategy memo,"Included because it scored 53 and mentions construction, sale, with a Institutional Flow angle for Los Angeles / California.",Deal Size Signal,$150m; $150,"Metro scores $150M in federal funding for Vermont BRT Line | Urbanize LA Skip to main content Advertisement Advertisement Metro has secured $150-million in federal funding for the construction of a bus rapid transit line down Vermont Avenue, Senators Alex Padilla and Adam Schiff announced earlier this week. “Our local public transit systems are the backbone of economy, connecting people to jobs, schools, essential services, and opportunities in their communities,” said Padilla in a news release ","You are a strategic research analyst for Woomi / Woomi Global.
Analyze the following US multifamily housing article for developer strategy.

Article context:
- Title: Metro scores $150M in federal funding for Vermont BRT Line
- Source: Urbanize LA
- URL: https://la.urbanize.city/post/metro-scores-150m-federal-funding-vermont-brt-line
- Market focus: Los Angeles / California
- Strategic angle: Institutional Flow
- Market signal: Deal Size Signal
- Extracted numbers: $150m; $150
- Strategic implication: Track this as institutional capital flow because it mentions major capital players, portfolio transactions, deal size, or cap-rate signals.
- Woomi relevance: High relevance to US residential developer strategy

Please answer in concise bullet points:
1. Why does this article matter for a US multifamily developer?
2. What is the implication for Woomi / Woomi Global?
3. What risk or opportunity does this indicate?
4. What follow-up question should the strategy team ask?",98,Excellent,None,"Rule-based interpretation: Urbanize LA article 'Metro scores $150M in federal funding for Vermont BRT Line' is classified as watch only for Los Angeles / California. It points to institutional capital movement or transaction activity. Treat as a briefing input, not a standalone investment conclusion; confirm with source diversity, repeat observation, and market-specific evidence.",Macro & Financing; Development Strategy; Market Players & Deals,construction; sale,Metro scores $150M in federal funding for Vermont BRT Line,https://la.urbanize.city/post/metro-scores-150m-federal-funding-vermont-brt-line,Yes,art_0bddbde117f780ce,Los Angeles / Southern California,core_15,Multifamily,,개발/인허가,개발/인허가; 거래/투자; 운영/임대; 시장 데이터,No,limited source or insufficient readable article text,Yes,No,access_limited_source,art_0bddbde117f780ce,https://la.urbanize.city/post/metro-scores-150m-federal-funding-vermont-brt-line,Metro scores $150M in federal funding for Vermont BRT Line,access_limited,access_limited,https://la.urbanize.city/post/metro-scores-150m-federal-funding-vermont-brt-line,valid,title/source/url metadata are internally consistent,Market Intelligence,GP / Capital Activity,macro finance or rate outlook signal detected,acceptable_repeat,1,2026-09-04,2026-09-06,2,fresh_0_3d,fresh,published date parsed; article age 2 day(s),66,previously seen article; limited page access,,,used broad market bucket: Los Angeles / California,capital_raise,repeated_but_retained,low relevance or thin evidence; limited page access,No,Participant not identified,,unresolved,unresolved,"No institution name detected in dictionary, title, summary, or source text.",False,"no identifiable project, asset, site, address, or unit-count anchor",none,,No,,,,,,,,,macro_financing,none,none,none,none,none,none,unknown,lender; developer,Market reference detected as Los Angeles / California.,unknown,"Limited/paywalled article; classification is based on title, URL, source, and available lead text only. No clear rule-based event keyword was detected. Primary topic set to macro_financing; confidence unknown.",60,32,limited article: title/lead-based review needed; classification confidence penalty,24
