run_date,run_id,signal_name,signal_category,market,normalized_signal_key,source_count_today,article_count_today,article_count_7d,article_count_30d,source_count_7d,source_count_30d,first_seen_date,last_seen_date,days_observed_7d,days_observed_30d,persistence_score,momentum_score,freshness_score,diversity_score,memory_status,memory_reason
2026-08-17,20260817-232239-1f6ae8e2,Development Strategy,gp_activity,Miami / Florida,gp_activity_development_strategy_miami_florida,1,1,4,18,2,2,2026-06-01,2026-08-17,4,18,100,90,100,50,Persistent Signal,최근 30일 중 18일 관찰되었습니다. 다만 기사 기반 반복 관찰이므로 직접 투자 결론은 아닙니다.
2026-08-17,20260817-232239-1f6ae8e2,Development Strategy,gp_activity,Dallas / Texas,gp_activity_development_strategy_dallas_texas,0,0,8,15,2,2,2026-06-04,2026-08-16,6,12,100,90,86,50,Persistent Signal,최근 30일 중 12일 관찰되었습니다. 다만 기사 기반 반복 관찰이므로 직접 투자 결론은 아닙니다.
2026-08-17,20260817-232239-1f6ae8e2,Rent Growth Signal,other,Los Angeles / California,other_rent_growth_signal_los_angeles_california,1,1,5,10,1,1,2026-06-06,2026-08-17,5,10,100,90,100,25,Persistent Signal,최근 30일 중 10일 관찰되었습니다. 다만 기사 기반 반복 관찰이므로 직접 투자 결론은 아닙니다.
2026-08-17,20260817-232239-1f6ae8e2,acquisition,transaction_market,San Francisco / California,transaction_market_acquisition_san_francisco_california,1,1,5,8,3,4,2026-06-20,2026-08-17,5,8,100,90,100,100,Persistent Signal,최근 30일 중 8일 관찰되었습니다. 다만 기사 기반 반복 관찰이므로 직접 투자 결론은 아닙니다.
2026-08-17,20260817-232239-1f6ae8e2,delivery,development_pipeline,Dallas / Texas,development_pipeline_delivery_dallas_texas,0,0,3,10,1,4,2026-06-17,2026-08-16,3,9,100,90,86,100,Persistent Signal,최근 30일 중 9일 관찰되었습니다. 다만 기사 기반 반복 관찰이므로 직접 투자 결론은 아닙니다.
2026-08-17,20260817-232239-1f6ae8e2,disposition,transaction_market,Los Angeles / California,transaction_market_disposition_los_angeles_california,2,2,4,17,3,4,2026-06-01,2026-08-17,3,16,100,90,100,100,Persistent Signal,최근 30일 중 16일 관찰되었습니다. 다만 기사 기반 반복 관찰이므로 직접 투자 결론은 아닙니다.
2026-08-17,20260817-232239-1f6ae8e2,disposition,development_pipeline,Los Angeles / California,development_pipeline_disposition_los_angeles_california,0,0,6,15,3,3,2026-06-01,2026-08-16,6,14,100,90,86,75,Persistent Signal,최근 30일 중 14일 관찰되었습니다. 다만 기사 기반 반복 관찰이므로 직접 투자 결론은 아닙니다.
2026-08-17,20260817-232239-1f6ae8e2,joint_venture,institutional_capital,California,institutional_capital_joint_venture_california,2,2,7,8,3,3,2026-05-27,2026-08-17,6,7,100,90,100,75,Persistent Signal,최근 30일 중 7일 관찰되었습니다. 다만 기사 기반 반복 관찰이므로 직접 투자 결론은 아닙니다.
2026-08-17,20260817-232239-1f6ae8e2,lender_activity,institutional_capital,Other / Unknown,institutional_capital_lender_activity_other_unknown,1,1,6,9,1,4,2026-05-27,2026-08-17,6,9,100,90,100,100,Persistent Signal,최근 30일 중 9일 관찰되었습니다. 다만 기사 기반 반복 관찰이므로 직접 투자 결론은 아닙니다.
2026-08-17,20260817-232239-1f6ae8e2,public_subsidy,gp_activity,Other / Unknown,gp_activity_public_subsidy_other_unknown,0,0,6,11,1,1,2026-06-08,2026-08-16,6,11,100,90,86,25,Persistent Signal,최근 30일 중 11일 관찰되었습니다. 다만 기사 기반 반복 관찰이므로 직접 투자 결론은 아닙니다.
2026-08-17,20260817-232239-1f6ae8e2,refinancing,capital_markets,Houston / Texas,capital_markets_refinancing_houston_texas,0,0,7,8,3,4,2026-06-23,2026-08-16,6,7,100,90,86,100,Persistent Signal,최근 30일 중 7일 관찰되었습니다. 다만 기사 기반 반복 관찰이므로 직접 투자 결론은 아닙니다.
2026-08-17,20260817-232239-1f6ae8e2,Developer Strategy,gp_activity,Miami / Florida,gp_activity_developer_strategy_miami_florida,1,1,7,11,1,2,2026-08-07,2026-08-17,7,11,100,80,100,50,Persistent Signal,최근 30일 중 11일 관찰되었습니다. 다만 기사 기반 반복 관찰이므로 직접 투자 결론은 아닙니다.
2026-08-17,20260817-232239-1f6ae8e2,disposition,transaction_market,California,transaction_market_disposition_california,2,2,12,54,4,5,2026-05-27,2026-08-17,7,27,100,79,100,100,Persistent Signal,최근 30일 중 27일 관찰되었습니다. 다만 기사 기반 반복 관찰이므로 직접 투자 결론은 아닙니다.
2026-08-17,20260817-232239-1f6ae8e2,acquisition,transaction_market,Phoenix / Arizona,transaction_market_acquisition_phoenix_arizona,1,2,17,35,2,4,2026-06-01,2026-08-17,7,16,100,78,100,100,Persistent Signal,최근 30일 중 16일 관찰되었습니다. 다만 기사 기반 반복 관찰이므로 직접 투자 결론은 아닙니다.
2026-08-17,20260817-232239-1f6ae8e2,acquisition,transaction_market,Other / Unknown,transaction_market_acquisition_other_unknown,2,2,8,41,4,7,2026-05-27,2026-08-17,6,23,100,74,100,100,Persistent Signal,최근 30일 중 23일 관찰되었습니다. 다만 기사 기반 반복 관찰이므로 직접 투자 결론은 아닙니다.
2026-08-17,20260817-232239-1f6ae8e2,disposition,transaction_market,Other / Unknown,transaction_market_disposition_other_unknown,0,0,11,38,4,5,2026-05-27,2026-08-16,6,24,100,73,86,100,Persistent Signal,최근 30일 중 24일 관찰되었습니다. 다만 기사 기반 반복 관찰이므로 직접 투자 결론은 아닙니다.
2026-08-17,20260817-232239-1f6ae8e2,acquisition,development_pipeline,Los Angeles / California,development_pipeline_acquisition_los_angeles_california,0,0,3,8,1,3,2026-08-01,2026-08-16,3,8,100,70,86,75,Persistent Signal,최근 30일 중 8일 관찰되었습니다. 다만 기사 기반 반복 관찰이므로 직접 투자 결론은 아닙니다.
2026-08-17,20260817-232239-1f6ae8e2,joint_venture,institutional_capital,New York City / New York,institutional_capital_joint_venture_new_york_city_new_york,0,0,3,8,1,3,2026-06-07,2026-08-16,3,7,100,70,86,75,Persistent Signal,최근 30일 중 7일 관찰되었습니다. 다만 기사 기반 반복 관찰이므로 직접 투자 결론은 아닙니다.
2026-08-17,20260817-232239-1f6ae8e2,supply_pressure,supply_demand,Other / Unknown,supply_demand_supply_pressure_other_unknown,2,3,21,73,2,3,2026-05-27,2026-08-17,7,28,100,70,100,75,Persistent Signal,최근 30일 중 28일 관찰되었습니다. 다만 기사 기반 반복 관찰이므로 직접 투자 결론은 아닙니다.
2026-08-17,20260817-232239-1f6ae8e2,Development Strategy,other,Other / Unknown,other_development_strategy_other_unknown,1,1,5,14,1,1,2026-06-15,2026-08-17,4,12,100,65,100,25,Persistent Signal,최근 30일 중 12일 관찰되었습니다. 다만 기사 기반 반복 관찰이므로 직접 투자 결론은 아닙니다.
2026-08-17,20260817-232239-1f6ae8e2,Development Strategy,other,California,other_development_strategy_california,1,1,10,12,2,2,2026-06-18,2026-08-17,6,8,100,65,100,50,Persistent Signal,최근 30일 중 8일 관찰되었습니다. 다만 기사 기반 반복 관찰이므로 직접 투자 결론은 아닙니다.
2026-08-17,20260817-232239-1f6ae8e2,disposition,development_pipeline,Other / Unknown,development_pipeline_disposition_other_unknown,1,1,5,8,2,3,2026-05-31,2026-08-17,5,7,100,65,100,75,Persistent Signal,최근 30일 중 7일 관찰되었습니다. 다만 기사 기반 반복 관찰이므로 직접 투자 결론은 아닙니다.
2026-08-17,20260817-232239-1f6ae8e2,planning_commission,development_pipeline,Los Angeles / California,development_pipeline_planning_commission_los_angeles_california,1,1,4,8,1,1,2026-06-01,2026-08-17,4,8,100,65,100,25,Persistent Signal,최근 30일 중 8일 관찰되었습니다. 다만 기사 기반 반복 관찰이므로 직접 투자 결론은 아닙니다.
2026-08-17,20260817-232239-1f6ae8e2,supply_pressure,supply_demand,National,supply_demand_supply_pressure_national,0,0,1,8,1,3,2026-05-27,2026-08-12,1,8,100,65,30,75,Persistent Signal,최근 30일 중 8일 관찰되었습니다. 다만 기사 기반 반복 관찰이므로 직접 투자 결론은 아닙니다.
2026-08-17,20260817-232239-1f6ae8e2,Supply / Starts Signal,research_data,Los Angeles / California,research_data_supply_starts_signal_los_angeles_california,0,0,4,10,1,1,2026-06-27,2026-08-15,4,10,100,63,72,25,Persistent Signal,최근 30일 중 10일 관찰되었습니다. 다만 기사 기반 반복 관찰이므로 직접 투자 결론은 아닙니다.
2026-08-17,20260817-232239-1f6ae8e2,Development Strategy,other,Los Angeles / California,other_development_strategy_los_angeles_california,0,0,5,10,1,2,2026-06-04,2026-08-16,5,10,100,60,86,50,Persistent Signal,최근 30일 중 10일 관찰되었습니다. 다만 기사 기반 반복 관찰이므로 직접 투자 결론은 아닙니다.
2026-08-17,20260817-232239-1f6ae8e2,Development Strategy,gp_activity,Other / Unknown,gp_activity_development_strategy_other_unknown,1,1,8,33,2,4,2026-05-27,2026-08-17,7,28,100,56,100,100,Persistent Signal,최근 30일 중 28일 관찰되었습니다. 다만 기사 기반 반복 관찰이므로 직접 투자 결론은 아닙니다.
2026-08-17,20260817-232239-1f6ae8e2,Macro & Financing,macro_financing,Other / Unknown,macro_financing_macro_financing_other_unknown,1,2,15,71,2,3,2026-06-08,2026-08-17,7,28,100,53,100,75,Persistent Signal,최근 30일 중 28일 관찰되었습니다. 다만 기사 기반 반복 관찰이므로 직접 투자 결론은 아닙니다.
2026-08-17,20260817-232239-1f6ae8e2,effective_rent_growth,supply_demand,National,supply_demand_effective_rent_growth_national,3,4,21,90,5,6,2026-05-27,2026-08-17,7,28,100,52,100,100,Persistent Signal,최근 30일 중 28일 관찰되었습니다. 다만 기사 기반 반복 관찰이므로 직접 투자 결론은 아닙니다.
2026-08-17,20260817-232239-1f6ae8e2,effective_rent_growth,supply_demand,Other / Unknown,supply_demand_effective_rent_growth_other_unknown,3,6,36,142,3,3,2026-05-27,2026-08-17,7,28,100,51,100,75,Persistent Signal,최근 30일 중 28일 관찰되었습니다. 다만 기사 기반 반복 관찰이므로 직접 투자 결론은 아닙니다.
2026-08-17,20260817-232239-1f6ae8e2,Development Strategy,gp_activity,National,gp_activity_development_strategy_national,1,2,14,57,1,2,2026-05-27,2026-08-17,7,28,100,50,100,50,Persistent Signal,최근 30일 중 28일 관찰되었습니다. 다만 기사 기반 반복 관찰이므로 직접 투자 결론은 아닙니다.
2026-08-17,20260817-232239-1f6ae8e2,effective_rent_growth,supply_demand,Atlanta / Georgia,supply_demand_effective_rent_growth_atlanta_georgia,1,1,7,14,1,1,2026-08-04,2026-08-17,7,14,100,50,100,25,Persistent Signal,최근 30일 중 14일 관찰되었습니다. 다만 기사 기반 반복 관찰이므로 직접 투자 결론은 아닙니다.
2026-08-17,20260817-232239-1f6ae8e2,joint_venture,institutional_capital,Other / Unknown,institutional_capital_joint_venture_other_unknown,1,1,2,10,1,3,2026-05-27,2026-08-17,2,9,100,50,100,75,Persistent Signal,최근 30일 중 9일 관찰되었습니다. 다만 기사 기반 반복 관찰이므로 직접 투자 결론은 아닙니다.
2026-08-17,20260817-232239-1f6ae8e2,merger_acquisition,institutional_capital,California,institutional_capital_merger_acquisition_california,1,1,7,28,1,1,2026-07-14,2026-08-17,7,28,100,50,100,25,Persistent Signal,최근 30일 중 28일 관찰되었습니다. 다만 기사 기반 반복 관찰이므로 직접 투자 결론은 아닙니다.
2026-08-17,20260817-232239-1f6ae8e2,refinancing,capital_markets,California,capital_markets_refinancing_california,0,0,6,15,3,4,2026-05-27,2026-08-16,4,11,100,50,86,100,Persistent Signal,최근 30일 중 11일 관찰되었습니다. 다만 기사 기반 반복 관찰이므로 직접 투자 결론은 아닙니다.
2026-08-17,20260817-232239-1f6ae8e2,refinancing,capital_markets,Other / Unknown,capital_markets_refinancing_other_unknown,0,0,3,11,2,3,2026-05-27,2026-08-13,2,10,100,50,44,75,Persistent Signal,최근 30일 중 10일 관찰되었습니다. 다만 기사 기반 반복 관찰이므로 직접 투자 결론은 아닙니다.
2026-08-17,20260817-232239-1f6ae8e2,Supply / Starts Signal,other,Los Angeles / California,other_supply_starts_signal_los_angeles_california,1,1,7,25,1,1,2026-06-04,2026-08-17,7,19,100,45,100,25,Persistent Signal,최근 30일 중 19일 관찰되었습니다. 다만 기사 기반 반복 관찰이므로 직접 투자 결론은 아닙니다.
2026-08-17,20260817-232239-1f6ae8e2,construction_financing,capital_markets,Atlanta / Georgia,capital_markets_construction_financing_atlanta_georgia,1,1,7,24,1,2,2026-06-13,2026-08-17,7,23,100,45,100,50,Persistent Signal,최근 30일 중 23일 관찰되었습니다. 다만 기사 기반 반복 관찰이므로 직접 투자 결론은 아닙니다.
2026-08-17,20260817-232239-1f6ae8e2,delivery,development_pipeline,Other / Unknown,development_pipeline_delivery_other_unknown,2,4,22,82,2,3,2026-05-27,2026-08-17,7,28,100,44,100,75,Persistent Signal,최근 30일 중 28일 관찰되었습니다. 다만 기사 기반 반복 관찰이므로 직접 투자 결론은 아닙니다.
2026-08-17,20260817-232239-1f6ae8e2,acquisition,transaction_market,Miami / Florida,transaction_market_acquisition_miami_florida,2,2,9,34,2,4,2026-06-15,2026-08-17,7,28,100,43,100,100,Persistent Signal,최근 30일 중 28일 관찰되었습니다. 다만 기사 기반 반복 관찰이므로 직접 투자 결론은 아닙니다.
2026-08-17,20260817-232239-1f6ae8e2,effective_rent_growth,supply_demand,Sun Belt,supply_demand_effective_rent_growth_sun_belt,0,0,5,11,1,1,2026-05-27,2026-08-15,5,11,100,43,72,25,Persistent Signal,최근 30일 중 11일 관찰되었습니다. 다만 기사 기반 반복 관찰이므로 직접 투자 결론은 아닙니다.
2026-08-17,20260817-232239-1f6ae8e2,permit,development_pipeline,Other / Unknown,development_pipeline_permit_other_unknown,0,0,4,17,1,2,2026-05-27,2026-08-16,4,17,100,42,86,50,Persistent Signal,최근 30일 중 17일 관찰되었습니다. 다만 기사 기반 반복 관찰이므로 직접 투자 결론은 아닙니다.
2026-08-17,20260817-232239-1f6ae8e2,acquisition,transaction_market,California,transaction_market_acquisition_california,1,1,10,61,4,7,2026-05-27,2026-08-17,7,28,100,41,100,100,Persistent Signal,최근 30일 중 28일 관찰되었습니다. 다만 기사 기반 반복 관찰이므로 직접 투자 결론은 아닙니다.
2026-08-17,20260817-232239-1f6ae8e2,construction_financing,capital_markets,Miami / Florida,capital_markets_construction_financing_miami_florida,1,1,10,62,3,4,2026-06-01,2026-08-17,7,28,100,39,100,100,Persistent Signal,최근 30일 중 28일 관찰되었습니다. 다만 기사 기반 반복 관찰이므로 직접 투자 결론은 아닙니다.
2026-08-17,20260817-232239-1f6ae8e2,acquisition,transaction_market,Los Angeles / California,transaction_market_acquisition_los_angeles_california,0,0,5,18,2,6,2026-06-04,2026-08-16,3,11,100,35,86,100,Persistent Signal,최근 30일 중 11일 관찰되었습니다. 다만 기사 기반 반복 관찰이므로 직접 투자 결론은 아닙니다.
2026-08-17,20260817-232239-1f6ae8e2,Rent Growth Signal,research_data,Los Angeles / California,research_data_rent_growth_signal_los_angeles_california,1,2,6,25,1,1,2026-06-13,2026-08-17,5,20,100,34,100,25,Persistent Signal,최근 30일 중 20일 관찰되었습니다. 다만 기사 기반 반복 관찰이므로 직접 투자 결론은 아닙니다.
2026-08-17,20260817-232239-1f6ae8e2,refinancing,capital_markets,Miami / Florida,capital_markets_refinancing_miami_florida,0,0,11,39,3,4,2026-06-01,2026-08-16,6,18,100,34,86,100,Persistent Signal,최근 30일 중 18일 관찰되었습니다. 다만 기사 기반 반복 관찰이므로 직접 투자 결론은 아닙니다.
2026-08-17,20260817-232239-1f6ae8e2,joint_venture,institutional_capital,Atlanta / Georgia,institutional_capital_joint_venture_atlanta_georgia,1,1,7,27,1,3,2026-06-16,2026-08-17,7,20,100,33,100,75,Persistent Signal,최근 30일 중 20일 관찰되었습니다. 다만 기사 기반 반복 관찰이므로 직접 투자 결론은 아닙니다.
2026-08-17,20260817-232239-1f6ae8e2,permit,development_pipeline,San Francisco / California,development_pipeline_permit_san_francisco_california,0,0,4,11,1,1,2026-06-01,2026-08-16,4,9,100,33,86,25,Persistent Signal,최근 30일 중 9일 관찰되었습니다. 다만 기사 기반 반복 관찰이므로 직접 투자 결론은 아닙니다.
2026-08-17,20260817-232239-1f6ae8e2,Supply & Demand,gp_activity,Sun Belt,gp_activity_supply_demand_sun_belt,0,0,2,10,1,1,2026-05-27,2026-08-12,2,10,100,30,30,25,Persistent Signal,최근 30일 중 10일 관찰되었습니다. 다만 기사 기반 반복 관찰이므로 직접 투자 결론은 아닙니다.
2026-08-17,20260817-232239-1f6ae8e2,construction_financing,capital_markets,New York,capital_markets_construction_financing_new_york,0,0,1,10,1,3,2026-05-27,2026-08-13,1,7,100,30,44,75,Persistent Signal,최근 30일 중 7일 관찰되었습니다. 다만 기사 기반 반복 관찰이므로 직접 투자 결론은 아닙니다.
2026-08-17,20260817-232239-1f6ae8e2,construction_financing,capital_markets,Other / Unknown,capital_markets_construction_financing_other_unknown,0,0,1,10,1,4,2026-06-01,2026-08-12,1,10,100,30,30,100,Persistent Signal,최근 30일 중 10일 관찰되었습니다. 다만 기사 기반 반복 관찰이므로 직접 투자 결론은 아닙니다.
2026-08-17,20260817-232239-1f6ae8e2,acquisition,transaction_market,Atlanta / Georgia,transaction_market_acquisition_atlanta_georgia,1,1,8,50,3,4,2026-06-01,2026-08-17,7,28,100,28,100,100,Persistent Signal,최근 30일 중 28일 관찰되었습니다. 다만 기사 기반 반복 관찰이므로 직접 투자 결론은 아닙니다.
2026-08-17,20260817-232239-1f6ae8e2,construction_start,development_pipeline,Other / Unknown,development_pipeline_construction_start_other_unknown,0,0,1,17,1,5,2026-05-30,2026-08-13,1,12,100,14,44,100,Persistent Signal,최근 30일 중 12일 관찰되었습니다. 다만 기사 기반 반복 관찰이므로 직접 투자 결론은 아닙니다.
2026-08-17,20260817-232239-1f6ae8e2,Development Strategy,gp_activity,New York City / New York,gp_activity_development_strategy_new_york_city_new_york,0,0,3,7,1,4,2026-06-04,2026-08-16,3,7,98,90,86,100,Persistent Signal,최근 30일 중 7일 관찰되었습니다. 다만 기사 기반 반복 관찰이므로 직접 투자 결론은 아닙니다.
2026-08-17,20260817-232239-1f6ae8e2,acquisition,transaction_market,Texas,transaction_market_acquisition_texas,1,1,2,7,2,3,2026-05-27,2026-08-17,2,7,98,90,100,75,Persistent Signal,최근 30일 중 7일 관찰되었습니다. 다만 기사 기반 반복 관찰이므로 직접 투자 결론은 아닙니다.
2026-08-17,20260817-232239-1f6ae8e2,delivery,development_pipeline,Phoenix / Arizona,development_pipeline_delivery_phoenix_arizona,1,1,5,7,2,4,2026-06-19,2026-08-17,5,7,98,90,100,100,Persistent Signal,최근 30일 중 7일 관찰되었습니다. 다만 기사 기반 반복 관찰이므로 직접 투자 결론은 아닙니다.
2026-08-17,20260817-232239-1f6ae8e2,Macro & Financing,macro_financing,San Francisco / California,macro_financing_macro_financing_san_francisco_california,1,1,7,7,1,1,2026-08-11,2026-08-17,7,7,98,65,100,25,Persistent Signal,최근 30일 중 7일 관찰되었습니다. 다만 기사 기반 반복 관찰이므로 직접 투자 결론은 아닙니다.
2026-08-17,20260817-232239-1f6ae8e2,merger_acquisition,institutional_capital,Other / Unknown,institutional_capital_merger_acquisition_other_unknown,0,0,4,7,1,1,2026-06-08,2026-08-16,4,7,98,65,86,25,Persistent Signal,최근 30일 중 7일 관찰되었습니다. 다만 기사 기반 반복 관찰이므로 직접 투자 결론은 아닙니다.
2026-08-17,20260817-232239-1f6ae8e2,redevelopment,development_pipeline,Atlanta / Georgia,development_pipeline_redevelopment_atlanta_georgia,1,1,7,7,2,2,2026-06-01,2026-08-17,7,7,98,65,100,50,Persistent Signal,최근 30일 중 7일 관찰되었습니다. 다만 기사 기반 반복 관찰이므로 직접 투자 결론은 아닙니다.
2026-08-17,20260817-232239-1f6ae8e2,refinancing,capital_markets,Austin / Texas,capital_markets_refinancing_austin_texas,0,0,5,7,2,2,2026-06-29,2026-08-16,5,7,98,65,86,50,Persistent Signal,최근 30일 중 7일 관찰되었습니다. 다만 기사 기반 반복 관찰이므로 직접 투자 결론은 아닙니다.
2026-08-17,20260817-232239-1f6ae8e2,refinancing,capital_markets,Dallas / Texas,capital_markets_refinancing_dallas_texas,0,0,3,7,2,3,2026-06-11,2026-08-12,2,6,86,90,30,75,Persistent Signal,최근 30일 중 6일 관찰되었습니다. 다만 기사 기반 반복 관찰이므로 직접 투자 결론은 아닙니다.
2026-08-17,20260817-232239-1f6ae8e2,Supply / Starts Signal,other,California,other_supply_starts_signal_california,0,0,4,6,1,1,2026-08-05,2026-08-16,4,6,84,90,86,25,Persistent Signal,최근 30일 중 6일 관찰되었습니다. 다만 기사 기반 반복 관찰이므로 직접 투자 결론은 아닙니다.
2026-08-17,20260817-232239-1f6ae8e2,Deal Size Signal,macro_financing,Atlanta / Georgia,macro_financing_deal_size_signal_atlanta_georgia,1,1,6,6,1,1,2026-08-12,2026-08-17,6,6,84,65,100,25,Persistent Signal,최근 30일 중 6일 관찰되었습니다. 다만 기사 기반 반복 관찰이므로 직접 투자 결론은 아닙니다.
2026-08-17,20260817-232239-1f6ae8e2,joint_venture,institutional_capital,National,institutional_capital_joint_venture_national,0,0,3,6,1,3,2026-05-27,2026-08-16,3,6,84,65,86,75,Persistent Signal,최근 30일 중 6일 관찰되었습니다. 다만 기사 기반 반복 관찰이므로 직접 투자 결론은 아닙니다.
2026-08-17,20260817-232239-1f6ae8e2,acquisition,development_pipeline,Other / Unknown,development_pipeline_acquisition_other_unknown,0,0,1,6,1,2,2026-06-04,2026-08-13,1,6,84,30,44,50,Persistent Signal,최근 30일 중 6일 관찰되었습니다. 다만 기사 기반 반복 관찰이므로 직접 투자 결론은 아닙니다.
2026-08-17,20260817-232239-1f6ae8e2,disposition,transaction_market,Riverside / California,transaction_market_disposition_riverside_california,0,0,1,6,1,3,2026-08-04,2026-08-12,1,6,84,18,30,75,Persistent Signal,최근 30일 중 6일 관찰되었습니다. 다만 기사 기반 반복 관찰이므로 직접 투자 결론은 아닙니다.
2026-08-17,20260817-232239-1f6ae8e2,acquisition,transaction_market,Seattle,transaction_market_acquisition_seattle,1,1,1,8,1,3,2026-05-28,2026-08-17,1,5,76,30,100,75,Persistent Signal,최근 30일 중 5일 관찰되었습니다. 다만 기사 기반 반복 관찰이므로 직접 투자 결론은 아닙니다.
2026-08-17,20260817-232239-1f6ae8e2,joint_venture,institutional_capital,New York,institutional_capital_joint_venture_new_york,0,0,3,6,1,2,2026-05-27,2026-08-13,2,5,72,50,44,50,Persistent Signal,최근 30일 중 5일 관찰되었습니다. 다만 기사 기반 반복 관찰이므로 직접 투자 결론은 아닙니다.
2026-08-17,20260817-232239-1f6ae8e2,under_construction,development_pipeline,New York City / New York,development_pipeline_under_construction_new_york_city_new_york,0,0,3,5,1,2,2026-06-12,2026-08-16,3,5,70,90,86,50,Persistent Signal,최근 30일 중 5일 관찰되었습니다. 다만 기사 기반 반복 관찰이므로 직접 투자 결론은 아닙니다.
2026-08-17,20260817-232239-1f6ae8e2,construction_financing,capital_markets,California,capital_markets_construction_financing_california,1,1,5,5,3,3,2026-05-27,2026-08-17,5,5,70,65,100,75,Persistent Signal,최근 30일 중 5일 관찰되었습니다. 다만 기사 기반 반복 관찰이므로 직접 투자 결론은 아닙니다.
2026-08-17,20260817-232239-1f6ae8e2,effective_rent_growth,supply_demand,New York City / New York,supply_demand_effective_rent_growth_new_york_city_new_york,0,0,1,5,1,3,2026-07-17,2026-08-11,1,5,70,65,16,75,Persistent Signal,최근 30일 중 5일 관찰되었습니다. 다만 기사 기반 반복 관찰이므로 직접 투자 결론은 아닙니다.
2026-08-17,20260817-232239-1f6ae8e2,zoning,development_pipeline,New York City / New York,development_pipeline_zoning_new_york_city_new_york,0,0,1,5,1,2,2026-07-24,2026-08-13,1,5,70,65,44,50,Persistent Signal,최근 30일 중 5일 관찰되었습니다. 다만 기사 기반 반복 관찰이므로 직접 투자 결론은 아닙니다.
2026-08-17,20260817-232239-1f6ae8e2,acquisition,transaction_market,Nashville / Tennessee,transaction_market_acquisition_nashville_tennessee,1,1,1,5,1,2,2026-06-29,2026-08-17,1,5,70,50,100,50,Persistent Signal,최근 30일 중 5일 관찰되었습니다. 다만 기사 기반 반복 관찰이므로 직접 투자 결론은 아닙니다.
2026-08-17,20260817-232239-1f6ae8e2,Vacancy Signal,macro_financing,Los Angeles / California,macro_financing_vacancy_signal_los_angeles_california,1,1,1,5,1,1,2026-08-02,2026-08-17,1,5,70,30,100,25,Persistent Signal,최근 30일 중 5일 관찰되었습니다. 다만 기사 기반 반복 관찰이므로 직접 투자 결론은 아닙니다.
2026-08-17,20260817-232239-1f6ae8e2,Macro & Financing,macro_financing,California,macro_financing_macro_financing_california,0,0,1,5,1,1,2026-07-09,2026-08-11,1,5,70,20,16,25,Persistent Signal,최근 30일 중 5일 관찰되었습니다. 다만 기사 기반 반복 관찰이므로 직접 투자 결론은 아닙니다.
2026-08-17,20260817-232239-1f6ae8e2,acquisition,transaction_market,West Palm Beach / Florida,transaction_market_acquisition_west_palm_beach_florida,0,0,1,5,1,2,2026-08-05,2026-08-14,1,5,70,20,58,50,Persistent Signal,최근 30일 중 5일 관찰되었습니다. 다만 기사 기반 반복 관찰이므로 직접 투자 결론은 아닙니다.
2026-08-17,20260817-232239-1f6ae8e2,delivery,development_pipeline,Texas,development_pipeline_delivery_texas,0,0,1,5,1,1,2026-08-07,2026-08-11,1,5,70,20,16,25,Persistent Signal,최근 30일 중 5일 관찰되었습니다. 다만 기사 기반 반복 관찰이므로 직접 투자 결론은 아닙니다.
2026-08-17,20260817-232239-1f6ae8e2,refinancing,capital_markets,Seattle,capital_markets_refinancing_seattle,0,0,1,5,1,1,2026-06-11,2026-08-11,1,5,70,20,16,25,Persistent Signal,최근 30일 중 5일 관찰되었습니다. 다만 기사 기반 반복 관찰이므로 직접 투자 결론은 아닙니다.
2026-08-17,20260817-232239-1f6ae8e2,acquisition,transaction_market,National,transaction_market_acquisition_national,1,1,3,5,3,4,2026-06-16,2026-08-17,2,4,58,65,100,100,Strengthening Signal,최근 7일 기사 수가 이전 7일 대비 증가했습니다. 총 3건이 최근 7일에 관찰되었습니다.
2026-08-17,20260817-232239-1f6ae8e2,Supply / Starts Signal,research_data,National,research_data_supply_starts_signal_national,1,1,4,4,1,1,2026-08-14,2026-08-17,4,4,56,65,100,25,Strengthening Signal,최근 7일 기사 수가 이전 7일 대비 증가했습니다. 총 4건이 최근 7일에 관찰되었습니다.
2026-08-17,20260817-232239-1f6ae8e2,construction_start,development_pipeline,Florida,development_pipeline_construction_start_florida,0,0,4,4,2,2,2026-07-04,2026-08-16,4,4,56,65,86,50,Strengthening Signal,최근 7일 기사 수가 이전 7일 대비 증가했습니다. 총 4건이 최근 7일에 관찰되었습니다.
2026-08-17,20260817-232239-1f6ae8e2,delivery,development_pipeline,Atlanta / Georgia,development_pipeline_delivery_atlanta_georgia,1,1,4,4,2,2,2026-06-01,2026-08-17,4,4,56,65,100,50,Strengthening Signal,최근 7일 기사 수가 이전 7일 대비 증가했습니다. 총 4건이 최근 7일에 관찰되었습니다.
2026-08-17,20260817-232239-1f6ae8e2,lender_activity,institutional_capital,National,institutional_capital_lender_activity_national,1,1,4,4,1,1,2026-06-14,2026-08-17,4,4,56,65,100,25,Strengthening Signal,최근 7일 기사 수가 이전 7일 대비 증가했습니다. 총 4건이 최근 7일에 관찰되었습니다.
2026-08-17,20260817-232239-1f6ae8e2,lender_activity,institutional_capital,Dallas / Texas,institutional_capital_lender_activity_dallas_texas,0,0,2,4,2,2,2026-07-15,2026-08-13,2,4,56,50,44,50,Repeated Watch,최근 7일 내 2일 이상 반복 관찰되었습니다. 추가 source 확인이 필요합니다.
2026-08-17,20260817-232239-1f6ae8e2,construction_financing,capital_markets,New York City / New York,capital_markets_construction_financing_new_york_city_new_york,0,0,2,4,2,2,2026-06-08,2026-08-11,1,3,44,90,16,50,Strengthening Signal,최근 7일 기사 수가 이전 7일 대비 증가했습니다. 총 2건이 최근 7일에 관찰되었습니다.
2026-08-17,20260817-232239-1f6ae8e2,refinancing,capital_markets,Washington DC,capital_markets_refinancing_washington_dc,0,0,2,4,2,3,2026-06-01,2026-08-13,2,3,44,65,44,75,Strengthening Signal,최근 7일 기사 수가 이전 7일 대비 증가했습니다. 총 2건이 최근 7일에 관찰되었습니다.
2026-08-17,20260817-232239-1f6ae8e2,Rent Growth Signal,research_data,Other / Unknown,research_data_rent_growth_signal_other_unknown,0,0,2,3,1,1,2026-08-10,2026-08-12,2,3,42,90,30,25,Strengthening Signal,최근 7일 기사 수가 이전 7일 대비 증가했습니다. 총 2건이 최근 7일에 관찰되었습니다.
2026-08-17,20260817-232239-1f6ae8e2,Supply / Starts Signal,research_data,Southeast,research_data_supply_starts_signal_southeast,0,0,2,3,1,1,2026-08-10,2026-08-12,2,3,42,90,30,25,Strengthening Signal,최근 7일 기사 수가 이전 7일 대비 증가했습니다. 총 2건이 최근 7일에 관찰되었습니다.
2026-08-17,20260817-232239-1f6ae8e2,permanent_loan,capital_markets,California,capital_markets_permanent_loan_california,0,0,2,3,2,3,2026-08-04,2026-08-12,2,3,42,90,30,75,Strengthening Signal,최근 7일 기사 수가 이전 7일 대비 증가했습니다. 총 2건이 최근 7일에 관찰되었습니다.
2026-08-17,20260817-232239-1f6ae8e2,Deal Size Signal,gp_activity,Other / Unknown,gp_activity_deal_size_signal_other_unknown,0,0,3,3,1,1,2026-08-14,2026-08-16,3,3,42,65,86,25,Strengthening Signal,최근 7일 기사 수가 이전 7일 대비 증가했습니다. 총 3건이 최근 7일에 관찰되었습니다.
2026-08-17,20260817-232239-1f6ae8e2,Development Strategy,gp_activity,San Francisco / California,gp_activity_development_strategy_san_francisco_california,0,0,3,3,1,1,2026-08-14,2026-08-16,3,3,42,65,86,25,Strengthening Signal,최근 7일 기사 수가 이전 7일 대비 증가했습니다. 총 3건이 최근 7일에 관찰되었습니다.
2026-08-17,20260817-232239-1f6ae8e2,Rent Growth Signal,other,Other / Unknown,other_rent_growth_signal_other_unknown,0,0,3,3,1,1,2026-06-08,2026-08-13,3,3,42,65,44,25,Strengthening Signal,최근 7일 기사 수가 이전 7일 대비 증가했습니다. 총 3건이 최근 7일에 관찰되었습니다.
2026-08-17,20260817-232239-1f6ae8e2,acquisition,development_pipeline,Atlanta / Georgia,development_pipeline_acquisition_atlanta_georgia,0,0,2,3,1,2,2026-07-07,2026-08-14,2,3,42,65,58,50,Strengthening Signal,최근 7일 기사 수가 이전 7일 대비 증가했습니다. 총 2건이 최근 7일에 관찰되었습니다.
2026-08-17,20260817-232239-1f6ae8e2,acquisition,transaction_market,Georgia,transaction_market_acquisition_georgia,0,0,3,3,1,1,2026-08-14,2026-08-16,3,3,42,65,86,25,Strengthening Signal,최근 7일 기사 수가 이전 7일 대비 증가했습니다. 총 3건이 최근 7일에 관찰되었습니다.
2026-08-17,20260817-232239-1f6ae8e2,disposition,transaction_market,New York,transaction_market_disposition_new_york,0,0,3,3,2,2,2026-05-27,2026-08-13,3,3,42,65,44,50,Strengthening Signal,최근 7일 기사 수가 이전 7일 대비 증가했습니다. 총 3건이 최근 7일에 관찰되었습니다.
2026-08-17,20260817-232239-1f6ae8e2,disposition,transaction_market,Atlanta / Georgia,transaction_market_disposition_atlanta_georgia,0,0,3,3,1,1,2026-06-01,2026-08-16,3,3,42,65,86,25,Strengthening Signal,최근 7일 기사 수가 이전 7일 대비 증가했습니다. 총 3건이 최근 7일에 관찰되었습니다.
2026-08-17,20260817-232239-1f6ae8e2,mezzanine_financing,capital_markets,California,capital_markets_mezzanine_financing_california,0,0,3,3,1,1,2026-08-11,2026-08-13,3,3,42,65,44,25,Strengthening Signal,최근 7일 기사 수가 이전 7일 대비 증가했습니다. 총 3건이 최근 7일에 관찰되었습니다.
2026-08-17,20260817-232239-1f6ae8e2,permit,development_pipeline,California,development_pipeline_permit_california,1,1,3,3,1,1,2026-05-27,2026-08-17,3,3,42,65,100,25,Strengthening Signal,최근 7일 기사 수가 이전 7일 대비 증가했습니다. 총 3건이 최근 7일에 관찰되었습니다.
2026-08-17,20260817-232239-1f6ae8e2,private_equity_activity,institutional_capital,National,institutional_capital_private_equity_activity_national,0,0,3,3,1,1,2026-08-14,2026-08-16,3,3,42,65,86,25,Strengthening Signal,최근 7일 기사 수가 이전 7일 대비 증가했습니다. 총 3건이 최근 7일에 관찰되었습니다.
2026-08-17,20260817-232239-1f6ae8e2,delivery,development_pipeline,National,development_pipeline_delivery_national,0,0,2,2,1,1,2026-07-17,2026-08-16,2,2,28,65,86,25,Strengthening Signal,최근 7일 기사 수가 이전 7일 대비 증가했습니다. 총 2건이 최근 7일에 관찰되었습니다.
2026-08-17,20260817-232239-1f6ae8e2,disposition,transaction_market,Phoenix / Arizona,transaction_market_disposition_phoenix_arizona,0,0,2,2,2,2,2026-06-12,2026-08-12,2,2,28,65,30,50,Strengthening Signal,최근 7일 기사 수가 이전 7일 대비 증가했습니다. 총 2건이 최근 7일에 관찰되었습니다.
2026-08-17,20260817-232239-1f6ae8e2,effective_rent_growth,supply_demand,Colorado,supply_demand_effective_rent_growth_colorado,0,0,2,2,1,1,2026-08-15,2026-08-16,2,2,28,65,86,25,Strengthening Signal,최근 7일 기사 수가 이전 7일 대비 증가했습니다. 총 2건이 최근 7일에 관찰되었습니다.
2026-08-17,20260817-232239-1f6ae8e2,entitlement,development_pipeline,California,development_pipeline_entitlement_california,0,0,2,2,2,2,2026-07-13,2026-08-13,2,2,28,65,44,50,Strengthening Signal,최근 7일 기사 수가 이전 7일 대비 증가했습니다. 총 2건이 최근 7일에 관찰되었습니다.
2026-08-17,20260817-232239-1f6ae8e2,refinancing,capital_markets,San Francisco / California,capital_markets_refinancing_san_francisco_california,1,1,2,2,2,2,2026-06-26,2026-08-17,2,2,28,65,100,50,Strengthening Signal,최근 7일 기사 수가 이전 7일 대비 증가했습니다. 총 2건이 최근 7일에 관찰되었습니다.
2026-08-17,20260817-232239-1f6ae8e2,construction_financing,capital_markets,Georgia,capital_markets_construction_financing_georgia,1,1,1,1,1,1,2026-08-17,2026-08-17,1,1,14,65,100,25,New Signal,오늘 처음 관찰된 신호입니다. 반복 확인 전까지는 관찰 초기 단계로 봅니다.
2026-08-17,20260817-232239-1f6ae8e2,joint_venture,institutional_capital,Phoenix / Arizona,institutional_capital_joint_venture_phoenix_arizona,1,1,1,1,1,1,2026-08-17,2026-08-17,1,1,14,65,100,25,New Signal,오늘 처음 관찰된 신호입니다. 반복 확인 전까지는 관찰 초기 단계로 봅니다.
2026-08-17,20260817-232239-1f6ae8e2,merger_acquisition,institutional_capital,New York,institutional_capital_merger_acquisition_new_york,1,1,1,1,1,1,2026-08-17,2026-08-17,1,1,14,65,100,25,New Signal,오늘 처음 관찰된 신호입니다. 반복 확인 전까지는 관찰 초기 단계로 봅니다.
2026-08-17,20260817-232239-1f6ae8e2,Development Strategy,gp_activity,Phoenix / Arizona,gp_activity_development_strategy_phoenix_arizona,0,0,0,9,0,1,2026-06-05,2026-07-31,0,9,100,25,0,25,Dormant Signal,과거에는 관찰됐지만 최근 7일에는 포착되지 않았습니다.
2026-08-17,20260817-232239-1f6ae8e2,Rent Growth Signal,gp_activity,Los Angeles / California,gp_activity_rent_growth_signal_los_angeles_california,0,0,0,9,0,1,2026-06-30,2026-08-03,0,9,100,25,0,25,Dormant Signal,과거에는 관찰됐지만 최근 7일에는 포착되지 않았습니다.
2026-08-17,20260817-232239-1f6ae8e2,Supply / Starts Signal,gp_activity,Atlanta / Georgia,gp_activity_supply_starts_signal_atlanta_georgia,0,0,0,14,0,1,2026-06-30,2026-08-03,0,14,100,25,0,25,Dormant Signal,과거에는 관찰됐지만 최근 7일에는 포착되지 않았습니다.
2026-08-17,20260817-232239-1f6ae8e2,construction_start,development_pipeline,Los Angeles / California,development_pipeline_construction_start_los_angeles_california,0,0,0,14,0,3,2026-06-01,2026-07-30,0,6,100,25,0,75,Dormant Signal,과거에는 관찰됐지만 최근 7일에는 포착되지 않았습니다.
2026-08-17,20260817-232239-1f6ae8e2,entitlement,development_pipeline,Miami / Florida,development_pipeline_entitlement_miami_florida,0,0,0,14,0,1,2026-07-17,2026-08-03,0,14,100,25,0,25,Dormant Signal,과거에는 관찰됐지만 최근 7일에는 포착되지 않았습니다.
2026-08-17,20260817-232239-1f6ae8e2,refinancing,capital_markets,Phoenix / Arizona,capital_markets_refinancing_phoenix_arizona,0,0,0,23,0,4,2026-07-02,2026-08-03,0,14,100,25,0,100,Dormant Signal,과거에는 관찰됐지만 최근 7일에는 포착되지 않았습니다.
2026-08-17,20260817-232239-1f6ae8e2,Rent Growth Signal,other,Santa Monica / California,other_rent_growth_signal_santa_monica_california,0,0,0,11,0,1,2026-07-18,2026-08-07,0,11,100,10,0,25,Dormant Signal,과거에는 관찰됐지만 최근 7일에는 포착되지 않았습니다.
2026-08-17,20260817-232239-1f6ae8e2,acquisition,transaction_market,Dallas / Texas,transaction_market_acquisition_dallas_texas,0,0,0,8,0,3,2026-06-10,2026-08-06,0,8,100,10,0,75,Dormant Signal,과거에는 관찰됐지만 최근 7일에는 포착되지 않았습니다.
2026-08-17,20260817-232239-1f6ae8e2,bridge_loan,capital_markets,Phoenix / Arizona,capital_markets_bridge_loan_phoenix_arizona,0,0,0,13,0,1,2026-07-28,2026-08-10,0,13,100,10,2,25,Dormant Signal,과거에는 관찰됐지만 최근 7일에는 포착되지 않았습니다.
2026-08-17,20260817-232239-1f6ae8e2,construction_start,development_pipeline,Atlanta / Georgia,development_pipeline_construction_start_atlanta_georgia,0,0,0,21,0,1,2026-07-13,2026-08-10,0,21,100,10,2,25,Dormant Signal,과거에는 관찰됐지만 최근 7일에는 포착되지 않았습니다.
2026-08-17,20260817-232239-1f6ae8e2,disposition,transaction_market,Seattle,transaction_market_disposition_seattle,0,0,0,10,0,2,2026-06-08,2026-08-06,0,10,100,10,0,50,Dormant Signal,과거에는 관찰됐지만 최근 7일에는 포착되지 않았습니다.
2026-08-17,20260817-232239-1f6ae8e2,joint_venture,institutional_capital,Riverside / California,institutional_capital_joint_venture_riverside_california,0,0,0,16,0,1,2026-06-01,2026-08-05,0,16,100,10,0,25,Dormant Signal,과거에는 관찰됐지만 최근 7일에는 포착되지 않았습니다.
2026-08-17,20260817-232239-1f6ae8e2,refinancing,capital_markets,New York City / New York,capital_markets_refinancing_new_york_city_new_york,0,0,0,14,0,4,2026-06-05,2026-08-06,0,12,100,10,0,100,Dormant Signal,과거에는 관찰됐지만 최근 7일에는 포착되지 않았습니다.
2026-08-17,20260817-232239-1f6ae8e2,acquisition,transaction_market,New York City / New York,transaction_market_acquisition_new_york_city_new_york,0,0,0,7,0,3,2026-06-05,2026-08-03,0,7,98,25,0,75,Dormant Signal,과거에는 관찰됐지만 최근 7일에는 포착되지 않았습니다.
2026-08-17,20260817-232239-1f6ae8e2,Rent Growth Signal,research_data,Southeast,research_data_rent_growth_signal_southeast,0,0,0,7,0,1,2026-07-17,2026-08-10,0,7,98,10,2,25,Dormant Signal,과거에는 관찰됐지만 최근 7일에는 포착되지 않았습니다.
2026-08-17,20260817-232239-1f6ae8e2,construction_financing,capital_markets,Florida,capital_markets_construction_financing_florida,0,0,0,7,0,4,2026-06-20,2026-08-06,0,7,98,10,0,100,Dormant Signal,과거에는 관찰됐지만 최근 7일에는 포착되지 않았습니다.
2026-08-17,20260817-232239-1f6ae8e2,refinancing,capital_markets,Los Angeles / California,capital_markets_refinancing_los_angeles_california,0,0,0,7,0,2,2026-07-23,2026-08-09,0,7,98,10,0,50,Dormant Signal,과거에는 관찰됐지만 최근 7일에는 포착되지 않았습니다.
2026-08-17,20260817-232239-1f6ae8e2,Development Strategy,other,San Francisco / California,other_development_strategy_san_francisco_california,0,0,0,6,0,1,2026-06-06,2026-07-31,0,6,84,25,0,25,Dormant Signal,과거에는 관찰됐지만 최근 7일에는 포착되지 않았습니다.
2026-08-17,20260817-232239-1f6ae8e2,Developer Strategy,other,Other / Unknown,other_developer_strategy_other_unknown,0,0,0,6,0,1,2026-06-04,2026-08-05,0,6,84,10,0,25,Dormant Signal,과거에는 관찰됐지만 최근 7일에는 포착되지 않았습니다.
2026-08-17,20260817-232239-1f6ae8e2,disposition,transaction_market,New York City / New York,transaction_market_disposition_new_york_city_new_york,0,0,0,6,0,3,2026-06-13,2026-08-05,0,6,84,10,0,75,Dormant Signal,과거에는 관찰됐지만 최근 7일에는 포착되지 않았습니다.
2026-08-17,20260817-232239-1f6ae8e2,preferred_equity,capital_markets,Colorado,capital_markets_preferred_equity_colorado,0,0,0,6,0,1,2026-07-30,2026-08-04,0,6,84,10,0,25,Dormant Signal,과거에는 관찰됐지만 최근 7일에는 포착되지 않았습니다.
2026-08-17,20260817-232239-1f6ae8e2,supply_pressure,supply_demand,Georgia,supply_demand_supply_pressure_georgia,0,0,0,6,0,1,2026-08-01,2026-08-06,0,6,84,10,0,25,Dormant Signal,과거에는 관찰됐지만 최근 7일에는 포착되지 않았습니다.
2026-08-17,20260817-232239-1f6ae8e2,Development Strategy,other,New York City / New York,other_development_strategy_new_york_city_new_york,0,0,0,5,0,1,2026-06-05,2026-08-03,0,5,70,25,0,25,Dormant Signal,과거에는 관찰됐지만 최근 7일에는 포착되지 않았습니다.
2026-08-17,20260817-232239-1f6ae8e2,Macro & Financing,macro_financing,National,macro_financing_macro_financing_national,0,0,0,5,0,2,2026-06-17,2026-07-27,0,5,70,25,0,50,Dormant Signal,과거에는 관찰됐지만 최근 7일에는 포착되지 않았습니다.
2026-08-17,20260817-232239-1f6ae8e2,Rent Growth Signal,macro_financing,Los Angeles / California,macro_financing_rent_growth_signal_los_angeles_california,0,0,0,5,0,1,2026-06-13,2026-07-26,0,5,70,25,0,25,Dormant Signal,과거에는 관찰됐지만 최근 7일에는 포착되지 않았습니다.
2026-08-17,20260817-232239-1f6ae8e2,Rent Growth Signal,macro_financing,Other / Unknown,macro_financing_rent_growth_signal_other_unknown,0,0,0,5,0,1,2026-07-23,2026-07-27,0,5,70,25,0,25,Dormant Signal,과거에는 관찰됐지만 최근 7일에는 포착되지 않았습니다.
2026-08-17,20260817-232239-1f6ae8e2,Supply / Starts Signal,other,Santa Monica / California,other_supply_starts_signal_santa_monica_california,0,0,0,5,0,1,2026-06-23,2026-07-27,0,5,70,25,0,25,Dormant Signal,과거에는 관찰됐지만 최근 7일에는 포착되지 않았습니다.
2026-08-17,20260817-232239-1f6ae8e2,adaptive_reuse,development_pipeline,New York City / New York,development_pipeline_adaptive_reuse_new_york_city_new_york,0,0,0,5,0,1,2026-06-11,2026-07-30,0,5,70,25,0,25,Dormant Signal,과거에는 관찰됐지만 최근 7일에는 포착되지 않았습니다.
2026-08-17,20260817-232239-1f6ae8e2,disposition,transaction_market,Tampa / Florida,transaction_market_disposition_tampa_florida,0,0,0,5,0,1,2026-07-17,2026-07-30,0,5,70,25,0,25,Dormant Signal,과거에는 관찰됐지만 최근 7일에는 포착되지 않았습니다.
2026-08-17,20260817-232239-1f6ae8e2,entitlement,development_pipeline,Los Angeles / California,development_pipeline_entitlement_los_angeles_california,0,0,0,5,0,1,2026-06-01,2026-07-30,0,5,70,25,0,25,Dormant Signal,과거에는 관찰됐지만 최근 7일에는 포착되지 않았습니다.
2026-08-17,20260817-232239-1f6ae8e2,joint_venture,institutional_capital,Dallas / Texas,institutional_capital_joint_venture_dallas_texas,0,0,0,5,0,3,2026-06-25,2026-07-27,0,5,70,25,0,75,Dormant Signal,과거에는 관찰됐지만 최근 7일에는 포착되지 않았습니다.
2026-08-17,20260817-232239-1f6ae8e2,zoning,development_pipeline,Other / Unknown,development_pipeline_zoning_other_unknown,0,0,0,5,0,1,2026-05-29,2026-07-27,0,5,70,25,0,25,Dormant Signal,과거에는 관찰됐지만 최근 7일에는 포착되지 않았습니다.
2026-08-17,20260817-232239-1f6ae8e2,acquisition,development_pipeline,Seattle,development_pipeline_acquisition_seattle,0,0,0,5,0,2,2026-05-27,2026-08-10,0,5,70,10,2,50,Dormant Signal,과거에는 관찰됐지만 최근 7일에는 포착되지 않았습니다.
2026-08-17,20260817-232239-1f6ae8e2,acquisition,transaction_market,Washington DC,transaction_market_acquisition_washington_dc,0,0,0,5,0,3,2026-06-13,2026-08-05,0,5,70,10,0,75,Dormant Signal,과거에는 관찰됐지만 최근 7일에는 포착되지 않았습니다.
2026-08-17,20260817-232239-1f6ae8e2,acquisition,transaction_market,Tampa / Florida,transaction_market_acquisition_tampa_florida,0,0,0,5,0,2,2026-08-02,2026-08-09,0,5,70,10,0,50,Dormant Signal,과거에는 관찰됐지만 최근 7일에는 포착되지 않았습니다.
2026-08-17,20260817-232239-1f6ae8e2,construction_start,development_pipeline,Dallas / Texas,development_pipeline_construction_start_dallas_texas,0,0,0,5,0,2,2026-06-13,2026-08-05,0,5,70,10,0,50,Dormant Signal,과거에는 관찰됐지만 최근 7일에는 포착되지 않았습니다.
2026-08-17,20260817-232239-1f6ae8e2,refinancing,capital_markets,New York,capital_markets_refinancing_new_york,0,0,0,5,0,3,2026-05-27,2026-08-10,0,5,70,10,2,75,Dormant Signal,과거에는 관찰됐지만 최근 7일에는 포착되지 않았습니다.
2026-08-17,20260817-232239-1f6ae8e2,joint_venture,institutional_capital,Los Angeles / California,institutional_capital_joint_venture_los_angeles_california,0,0,0,7,0,3,2026-07-01,2026-07-24,0,4,62,25,0,75,Dormant Signal,과거에는 관찰됐지만 최근 7일에는 포착되지 않았습니다.
2026-08-17,20260817-232239-1f6ae8e2,Supply & Demand,gp_activity,Other / Unknown,gp_activity_supply_demand_other_unknown,0,0,0,7,0,4,2026-05-31,2026-08-06,0,4,62,10,0,100,Dormant Signal,과거에는 관찰됐지만 최근 7일에는 포착되지 않았습니다.
2026-08-17,20260817-232239-1f6ae8e2,Development Strategy,research_data,Los Angeles / California,research_data_development_strategy_los_angeles_california,0,0,0,4,0,1,2026-06-04,2026-07-23,0,4,56,25,0,25,Dormant Signal,과거에는 관찰됐지만 최근 7일에는 포착되지 않았습니다.
2026-08-17,20260817-232239-1f6ae8e2,Development Strategy,other,Southeast,other_development_strategy_southeast,0,0,0,4,0,1,2026-07-28,2026-08-01,0,4,56,25,0,25,Dormant Signal,과거에는 관찰됐지만 최근 7일에는 포착되지 않았습니다.
2026-08-17,20260817-232239-1f6ae8e2,Macro & Financing,macro_financing,Los Angeles / California,macro_financing_macro_financing_los_angeles_california,0,0,0,4,0,1,2026-07-02,2026-07-27,0,4,56,25,0,25,Dormant Signal,과거에는 관찰됐지만 최근 7일에는 포착되지 않았습니다.
2026-08-17,20260817-232239-1f6ae8e2,Supply / Starts Signal,macro_financing,California,macro_financing_supply_starts_signal_california,0,0,0,4,0,1,2026-07-20,2026-07-24,0,4,56,25,0,25,Dormant Signal,과거에는 관찰됐지만 최근 7일에는 포착되지 않았습니다.
2026-08-17,20260817-232239-1f6ae8e2,Supply / Starts Signal,research_data,Colorado,research_data_supply_starts_signal_colorado,0,0,0,4,0,1,2026-07-24,2026-07-27,0,4,56,25,0,25,Dormant Signal,과거에는 관찰됐지만 최근 7일에는 포착되지 않았습니다.
2026-08-17,20260817-232239-1f6ae8e2,Supply / Starts Signal,gp_activity,California,gp_activity_supply_starts_signal_california,0,0,0,4,0,2,2026-07-24,2026-07-27,0,4,56,25,0,50,Dormant Signal,과거에는 관찰됐지만 최근 7일에는 포착되지 않았습니다.
2026-08-17,20260817-232239-1f6ae8e2,Vacancy Signal,research_data,Los Angeles / California,research_data_vacancy_signal_los_angeles_california,0,0,0,4,0,1,2026-07-30,2026-08-02,0,4,56,25,0,25,Dormant Signal,과거에는 관찰됐지만 최근 7일에는 포착되지 않았습니다.
2026-08-17,20260817-232239-1f6ae8e2,construction_financing,capital_markets,Tampa / Florida,capital_markets_construction_financing_tampa_florida,0,0,0,4,0,2,2026-06-30,2026-07-27,0,4,56,25,0,50,Dormant Signal,과거에는 관찰됐지만 최근 7일에는 포착되지 않았습니다.
2026-08-17,20260817-232239-1f6ae8e2,entitlement,development_pipeline,Other / Unknown,development_pipeline_entitlement_other_unknown,0,0,0,4,0,1,2026-06-04,2026-08-01,0,4,56,25,0,25,Dormant Signal,과거에는 관찰됐지만 최근 7일에는 포착되지 않았습니다.
2026-08-17,20260817-232239-1f6ae8e2,entitlement,development_pipeline,Beverly Hills / California,development_pipeline_entitlement_beverly_hills_california,0,0,0,4,0,1,2026-07-24,2026-07-27,0,4,56,25,0,25,Dormant Signal,과거에는 관찰됐지만 최근 7일에는 포착되지 않았습니다.
2026-08-17,20260817-232239-1f6ae8e2,joint_venture,institutional_capital,West Palm Beach / Florida,institutional_capital_joint_venture_west_palm_beach_florida,0,0,0,4,0,2,2026-07-23,2026-07-27,0,4,56,25,0,50,Dormant Signal,과거에는 관찰됐지만 최근 7일에는 포착되지 않았습니다.
2026-08-17,20260817-232239-1f6ae8e2,under_construction,development_pipeline,Houston / Texas,development_pipeline_under_construction_houston_texas,0,0,0,4,0,1,2026-07-24,2026-07-27,0,4,56,25,0,25,Dormant Signal,과거에는 관찰됐지만 최근 7일에는 포착되지 않았습니다.
2026-08-17,20260817-232239-1f6ae8e2,acquisition,transaction_market,Las Vegas / Nevada,transaction_market_acquisition_las_vegas_nevada,0,0,1,4,1,2,2026-08-07,2026-08-14,1,4,56,23,58,50,Weakening Signal,최근 7일 관찰 강도가 이전 기간보다 낮아졌습니다. 추세 단정보다 후속 확인이 필요합니다.
2026-08-17,20260817-232239-1f6ae8e2,vacancy,supply_demand,Los Angeles / California,supply_demand_vacancy_los_angeles_california,0,0,1,4,1,1,2026-08-08,2026-08-11,1,4,56,23,16,25,Weakening Signal,최근 7일 관찰 강도가 이전 기간보다 낮아졌습니다. 추세 단정보다 후속 확인이 필요합니다.
2026-08-17,20260817-232239-1f6ae8e2,Macro & Financing,macro_financing,Texas,macro_financing_macro_financing_texas,0,0,0,4,0,1,2026-08-06,2026-08-09,0,4,56,10,0,25,Dormant Signal,과거에는 관찰됐지만 최근 7일에는 포착되지 않았습니다.
2026-08-17,20260817-232239-1f6ae8e2,Macro & Financing,gp_activity,Atlanta / Georgia,gp_activity_macro_financing_atlanta_georgia,0,0,0,4,0,1,2026-08-07,2026-08-10,0,4,56,10,2,25,Dormant Signal,과거에는 관찰됐지만 최근 7일에는 포착되지 않았습니다.
2026-08-17,20260817-232239-1f6ae8e2,Supply / Starts Signal,macro_financing,Los Angeles / California,macro_financing_supply_starts_signal_los_angeles_california,0,0,0,4,0,1,2026-06-08,2026-08-04,0,4,56,10,0,25,Dormant Signal,과거에는 관찰됐지만 최근 7일에는 포착되지 않았습니다.
2026-08-17,20260817-232239-1f6ae8e2,acquisition,transaction_market,New York,transaction_market_acquisition_new_york,0,0,0,4,0,2,2026-05-27,2026-08-06,0,4,56,10,0,50,Dormant Signal,과거에는 관찰됐지만 최근 7일에는 포착되지 않았습니다.
2026-08-17,20260817-232239-1f6ae8e2,adaptive_reuse,development_pipeline,Los Angeles / California,development_pipeline_adaptive_reuse_los_angeles_california,0,0,0,4,0,1,2026-06-01,2026-08-09,0,4,56,10,0,25,Dormant Signal,과거에는 관찰됐지만 최근 7일에는 포착되지 않았습니다.
2026-08-17,20260817-232239-1f6ae8e2,construction_financing,capital_markets,Sun Belt,capital_markets_construction_financing_sun_belt,0,0,0,4,0,1,2026-05-27,2026-08-10,0,4,56,10,2,25,Dormant Signal,과거에는 관찰됐지만 최근 7일에는 포착되지 않았습니다.
2026-08-17,20260817-232239-1f6ae8e2,construction_financing,capital_markets,Dallas / Texas,capital_markets_construction_financing_dallas_texas,0,0,0,4,0,4,2026-07-15,2026-08-06,0,4,56,10,0,100,Dormant Signal,과거에는 관찰됐지만 최근 7일에는 포착되지 않았습니다.
2026-08-17,20260817-232239-1f6ae8e2,merger_acquisition,institutional_capital,National,institutional_capital_merger_acquisition_national,0,0,0,4,0,1,2026-08-01,2026-08-10,0,4,56,10,2,25,Dormant Signal,과거에는 관찰됐지만 최근 7일에는 포착되지 않았습니다.
2026-08-17,20260817-232239-1f6ae8e2,preferred_equity,capital_markets,Austin / Texas,capital_markets_preferred_equity_austin_texas,0,0,0,4,0,1,2026-08-06,2026-08-09,0,4,56,10,0,25,Dormant Signal,과거에는 관찰됐지만 최근 7일에는 포착되지 않았습니다.
2026-08-17,20260817-232239-1f6ae8e2,recapitalization,capital_markets,Other / Unknown,capital_markets_recapitalization_other_unknown,0,0,0,4,0,1,2026-05-28,2026-08-10,0,4,56,10,2,25,Dormant Signal,과거에는 관찰됐지만 최근 7일에는 포착되지 않았습니다.
2026-08-17,20260817-232239-1f6ae8e2,refinancing,capital_markets,Atlanta / Georgia,capital_markets_refinancing_atlanta_georgia,0,0,0,4,0,1,2026-06-01,2026-08-10,0,4,56,10,2,25,Dormant Signal,과거에는 관찰됐지만 최근 7일에는 포착되지 않았습니다.
2026-08-17,20260817-232239-1f6ae8e2,refinancing,capital_markets,Riverside / California,capital_markets_refinancing_riverside_california,0,0,0,4,0,2,2026-07-01,2026-08-04,0,4,56,10,0,50,Dormant Signal,과거에는 관찰됐지만 최근 7일에는 포착되지 않았습니다.
2026-08-17,20260817-232239-1f6ae8e2,refinancing,capital_markets,Florida,capital_markets_refinancing_florida,0,0,0,4,0,3,2026-05-29,2026-08-05,0,3,44,10,0,75,Dormant Signal,과거에는 관찰됐지만 최근 7일에는 포착되지 않았습니다.
2026-08-17,20260817-232239-1f6ae8e2,delivery,development_pipeline,Southeast,development_pipeline_delivery_southeast,0,0,1,3,1,1,2026-07-07,2026-08-12,1,3,42,50,30,25,Early Watch,source 다양성이 제한되어 있어 추가 확인이 필요합니다.
2026-08-17,20260817-232239-1f6ae8e2,joint_venture,institutional_capital,Houston / Texas,institutional_capital_joint_venture_houston_texas,0,0,1,3,1,2,2026-06-01,2026-08-11,1,3,42,50,16,50,Early Watch,"최근 30일 3건, 2개 source에서 관찰되었습니다."
2026-08-17,20260817-232239-1f6ae8e2,lender_activity,institutional_capital,New York,institutional_capital_lender_activity_new_york,0,0,1,3,1,3,2026-05-27,2026-08-12,1,3,42,50,30,75,Early Watch,"최근 30일 3건, 3개 source에서 관찰되었습니다."
2026-08-17,20260817-232239-1f6ae8e2,acquisition,development_pipeline,Houston / Texas,development_pipeline_acquisition_houston_texas,0,0,1,3,1,2,2026-06-05,2026-08-12,1,3,42,30,30,50,Weakening Signal,최근 7일 관찰 강도가 이전 기간보다 낮아졌습니다. 추세 단정보다 후속 확인이 필요합니다.
2026-08-17,20260817-232239-1f6ae8e2,Deal Size Signal,macro_financing,Other / Unknown,macro_financing_deal_size_signal_other_unknown,0,0,0,3,0,1,2026-06-30,2026-07-31,0,3,42,25,0,25,Dormant Signal,과거에는 관찰됐지만 최근 7일에는 포착되지 않았습니다.
2026-08-17,20260817-232239-1f6ae8e2,Development Strategy,gp_activity,Georgia,gp_activity_development_strategy_georgia,0,0,0,3,0,1,2026-07-25,2026-07-27,0,3,42,25,0,25,Dormant Signal,과거에는 관찰됐지만 최근 7일에는 포착되지 않았습니다.
2026-08-17,20260817-232239-1f6ae8e2,Macro & Financing,gp_activity,Los Angeles / California,gp_activity_macro_financing_los_angeles_california,0,0,0,3,0,2,2026-07-21,2026-07-31,0,3,42,25,0,50,Dormant Signal,과거에는 관찰됐지만 최근 7일에는 포착되지 않았습니다.
2026-08-17,20260817-232239-1f6ae8e2,Rent Growth Signal,macro_financing,Santa Monica / California,macro_financing_rent_growth_signal_santa_monica_california,0,0,0,3,0,1,2026-06-25,2026-07-28,0,3,42,25,0,25,Dormant Signal,과거에는 관찰됐지만 최근 7일에는 포착되지 않았습니다.
2026-08-17,20260817-232239-1f6ae8e2,Supply / Starts Signal,gp_activity,Miami / Florida,gp_activity_supply_starts_signal_miami_florida,0,0,0,3,0,2,2026-06-20,2026-08-01,0,3,42,25,0,50,Dormant Signal,과거에는 관찰됐지만 최근 7일에는 포착되지 않았습니다.
2026-08-17,20260817-232239-1f6ae8e2,Supply / Starts Signal,gp_activity,New York City / New York,gp_activity_supply_starts_signal_new_york_city_new_york,0,0,0,3,0,1,2026-07-25,2026-07-27,0,3,42,25,0,25,Dormant Signal,과거에는 관찰됐지만 최근 7일에는 포착되지 않았습니다.
2026-08-17,20260817-232239-1f6ae8e2,construction_start,development_pipeline,New York,development_pipeline_construction_start_new_york,0,0,0,3,0,2,2026-07-21,2026-08-03,0,3,42,25,0,50,Dormant Signal,과거에는 관찰됐지만 최근 7일에는 포착되지 않았습니다.
2026-08-17,20260817-232239-1f6ae8e2,delivery,development_pipeline,Connecticut,development_pipeline_delivery_connecticut,0,0,0,3,0,1,2026-08-01,2026-08-03,0,3,42,25,0,25,Dormant Signal,과거에는 관찰됐지만 최근 7일에는 포착되지 않았습니다.
2026-08-17,20260817-232239-1f6ae8e2,density_bonus,gp_activity,Dallas / Texas,gp_activity_density_bonus_dallas_texas,0,0,0,3,0,2,2026-07-21,2026-07-24,0,3,42,25,0,50,Dormant Signal,과거에는 관찰됐지만 최근 7일에는 포착되지 않았습니다.
2026-08-17,20260817-232239-1f6ae8e2,disposition,transaction_market,Virginia,transaction_market_disposition_virginia,0,0,0,3,0,2,2026-06-07,2026-08-02,0,3,42,25,0,50,Dormant Signal,과거에는 관찰됐지만 최근 7일에는 포착되지 않았습니다.
2026-08-17,20260817-232239-1f6ae8e2,entitlement,development_pipeline,Virginia,development_pipeline_entitlement_virginia,0,0,0,3,0,1,2026-07-25,2026-07-27,0,3,42,25,0,25,Dormant Signal,과거에는 관찰됐지만 최근 7일에는 포착되지 않았습니다.
2026-08-17,20260817-232239-1f6ae8e2,lender_activity,institutional_capital,Salt Lake City / Utah,institutional_capital_lender_activity_salt_lake_city_utah,0,0,0,3,0,1,2026-07-25,2026-07-27,0,3,42,25,0,25,Dormant Signal,과거에는 관찰됐지만 최근 7일에는 포착되지 않았습니다.
2026-08-17,20260817-232239-1f6ae8e2,refinancing,capital_markets,National,capital_markets_refinancing_national,0,0,0,3,0,1,2026-05-27,2026-08-03,0,3,42,25,0,25,Dormant Signal,과거에는 관찰됐지만 최근 7일에는 포착되지 않았습니다.
2026-08-17,20260817-232239-1f6ae8e2,reit_activity,institutional_capital,Riverside / California,institutional_capital_reit_activity_riverside_california,0,0,0,3,0,1,2026-06-26,2026-07-31,0,3,42,25,0,25,Dormant Signal,과거에는 관찰됐지만 최근 7일에는 포착되지 않았습니다.
2026-08-17,20260817-232239-1f6ae8e2,reit_activity,institutional_capital,New York City / New York,institutional_capital_reit_activity_new_york_city_new_york,0,0,0,3,0,1,2026-07-21,2026-07-24,0,3,42,25,0,25,Dormant Signal,과거에는 관찰됐지만 최근 7일에는 포착되지 않았습니다.
2026-08-17,20260817-232239-1f6ae8e2,Macro & Financing,gp_activity,New York City / New York,gp_activity_macro_financing_new_york_city_new_york,0,0,0,3,0,1,2026-07-02,2026-08-09,0,3,42,10,0,25,Dormant Signal,과거에는 관찰됐지만 최근 7일에는 포착되지 않았습니다.
2026-08-17,20260817-232239-1f6ae8e2,Rent Growth Signal,research_data,California,research_data_rent_growth_signal_california,0,0,0,3,0,1,2026-06-04,2026-08-06,0,3,42,10,0,25,Dormant Signal,과거에는 관찰됐지만 최근 7일에는 포착되지 않았습니다.
2026-08-17,20260817-232239-1f6ae8e2,acquisition,transaction_market,Denver / Colorado,transaction_market_acquisition_denver_colorado,0,0,0,3,0,1,2026-06-19,2026-08-10,0,3,42,10,2,25,Dormant Signal,과거에는 관찰됐지만 최근 7일에는 포착되지 않았습니다.
2026-08-17,20260817-232239-1f6ae8e2,acquisition,transaction_market,Louisville / Kentucky,transaction_market_acquisition_louisville_kentucky,0,0,0,3,0,1,2026-06-29,2026-08-09,0,3,42,10,0,25,Dormant Signal,과거에는 관찰됐지만 최근 7일에는 포착되지 않았습니다.
2026-08-17,20260817-232239-1f6ae8e2,acquisition,development_pipeline,National,development_pipeline_acquisition_national,0,0,0,3,0,1,2026-08-07,2026-08-09,0,3,42,10,0,25,Dormant Signal,과거에는 관찰됐지만 최근 7일에는 포착되지 않았습니다.
2026-08-17,20260817-232239-1f6ae8e2,bridge_loan,capital_markets,Other / Unknown,capital_markets_bridge_loan_other_unknown,0,0,0,3,0,3,2026-06-25,2026-08-06,0,3,42,10,0,75,Dormant Signal,과거에는 관찰됐지만 최근 7일에는 포착되지 않았습니다.
2026-08-17,20260817-232239-1f6ae8e2,construction_financing,capital_markets,Phoenix / Arizona,capital_markets_construction_financing_phoenix_arizona,0,0,0,3,0,1,2026-06-04,2026-08-09,0,3,42,10,0,25,Dormant Signal,과거에는 관찰됐지만 최근 7일에는 포착되지 않았습니다.
2026-08-17,20260817-232239-1f6ae8e2,construction_start,development_pipeline,California,development_pipeline_construction_start_california,0,0,0,3,0,1,2026-06-04,2026-08-09,0,3,42,10,0,25,Dormant Signal,과거에는 관찰됐지만 최근 7일에는 포착되지 않았습니다.
2026-08-17,20260817-232239-1f6ae8e2,entitlement,development_pipeline,San Francisco / California,development_pipeline_entitlement_san_francisco_california,0,0,0,3,0,1,2026-06-18,2026-08-05,0,3,42,10,0,25,Dormant Signal,과거에는 관찰됐지만 최근 7일에는 포착되지 않았습니다.
2026-08-17,20260817-232239-1f6ae8e2,permit,development_pipeline,Dallas / Texas,development_pipeline_permit_dallas_texas,0,0,0,3,0,2,2026-08-04,2026-08-06,0,3,42,10,0,50,Dormant Signal,과거에는 관찰됐지만 최근 7일에는 포착되지 않았습니다.
2026-08-17,20260817-232239-1f6ae8e2,recapitalization,capital_markets,National,capital_markets_recapitalization_national,0,0,0,3,0,1,2026-08-07,2026-08-09,0,3,42,10,0,25,Dormant Signal,과거에는 관찰됐지만 최근 7일에는 포착되지 않았습니다.
2026-08-17,20260817-232239-1f6ae8e2,vacancy,supply_demand,National,supply_demand_vacancy_national,0,0,0,3,0,1,2026-06-25,2026-08-09,0,3,42,10,0,25,Dormant Signal,과거에는 관찰됐지만 최근 7일에는 포착되지 않았습니다.
2026-08-17,20260817-232239-1f6ae8e2,construction_financing,capital_markets,Houston / Texas,capital_markets_construction_financing_houston_texas,0,0,0,3,0,3,2026-07-10,2026-07-21,0,2,30,25,0,75,Dormant Signal,과거에는 관찰됐지만 최근 7일에는 포착되지 않았습니다.
2026-08-17,20260817-232239-1f6ae8e2,Supply & Demand,gp_activity,National,gp_activity_supply_demand_national,1,1,1,2,1,2,2026-07-21,2026-08-17,1,2,28,65,100,50,Early Watch,"최근 30일 2건, 2개 source에서 관찰되었습니다."
2026-08-17,20260817-232239-1f6ae8e2,acquisition,transaction_market,Florida,transaction_market_acquisition_florida,0,0,1,2,1,1,2026-06-08,2026-08-12,1,2,28,50,30,25,Early Watch,source 다양성이 제한되어 있어 추가 확인이 필요합니다.
2026-08-17,20260817-232239-1f6ae8e2,acquisition,transaction_market,Arizona,transaction_market_acquisition_arizona,0,0,1,2,1,1,2026-08-05,2026-08-13,1,2,28,50,44,25,Early Watch,source 다양성이 제한되어 있어 추가 확인이 필요합니다.
2026-08-17,20260817-232239-1f6ae8e2,joint_venture,institutional_capital,Miami / Florida,institutional_capital_joint_venture_miami_florida,0,0,1,2,1,1,2026-06-08,2026-08-11,1,2,28,50,16,25,Early Watch,source 다양성이 제한되어 있어 추가 확인이 필요합니다.
2026-08-17,20260817-232239-1f6ae8e2,Developer Strategy,gp_activity,Tampa / Florida,gp_activity_developer_strategy_tampa_florida,0,0,0,2,0,2,2026-07-17,2026-07-20,0,2,28,25,0,50,Dormant Signal,과거에는 관찰됐지만 최근 7일에는 포착되지 않았습니다.
2026-08-17,20260817-232239-1f6ae8e2,Development Strategy,gp_activity,Los Angeles / California,gp_activity_development_strategy_los_angeles_california,0,0,0,2,0,1,2026-06-18,2026-07-20,0,2,28,25,0,25,Dormant Signal,과거에는 관찰됐지만 최근 7일에는 포착되지 않았습니다.
2026-08-17,20260817-232239-1f6ae8e2,Development Strategy,gp_activity,West Palm Beach / Florida,gp_activity_development_strategy_west_palm_beach_florida,0,0,0,2,0,1,2026-07-23,2026-07-24,0,2,28,25,0,25,Dormant Signal,과거에는 관찰됐지만 최근 7일에는 포착되지 않았습니다.
2026-08-17,20260817-232239-1f6ae8e2,Macro & Financing,macro_financing,Miami / Florida,macro_financing_macro_financing_miami_florida,0,0,0,2,0,2,2026-07-28,2026-07-30,0,2,28,25,0,50,Dormant Signal,과거에는 관찰됐지만 최근 7일에는 포착되지 않았습니다.
2026-08-17,20260817-232239-1f6ae8e2,Rent Growth Signal,research_data,National,research_data_rent_growth_signal_national,0,0,0,2,0,1,2026-07-15,2026-07-20,0,2,28,25,0,25,Dormant Signal,과거에는 관찰됐지만 최근 7일에는 포착되지 않았습니다.
2026-08-17,20260817-232239-1f6ae8e2,Supply / Starts Signal,other,Texas,other_supply_starts_signal_texas,0,0,0,2,0,1,2026-07-17,2026-07-20,0,2,28,25,0,25,Dormant Signal,과거에는 관찰됐지만 최근 7일에는 포착되지 않았습니다.
2026-08-17,20260817-232239-1f6ae8e2,cmbs,gp_activity,Other / Unknown,gp_activity_cmbs_other_unknown,0,0,0,2,0,1,2026-07-15,2026-07-20,0,2,28,25,0,25,Dormant Signal,과거에는 관찰됐지만 최근 7일에는 포착되지 않았습니다.
2026-08-17,20260817-232239-1f6ae8e2,delivery,development_pipeline,San Francisco / California,development_pipeline_delivery_san_francisco_california,0,0,0,2,0,1,2026-07-12,2026-07-20,0,2,28,25,0,25,Dormant Signal,과거에는 관찰됐지만 최근 7일에는 포착되지 않았습니다.
2026-08-17,20260817-232239-1f6ae8e2,disposition,transaction_market,San Francisco / California,transaction_market_disposition_san_francisco_california,0,0,0,2,0,2,2026-06-10,2026-07-30,0,2,28,25,0,50,Dormant Signal,과거에는 관찰됐지만 최근 7일에는 포착되지 않았습니다.
2026-08-17,20260817-232239-1f6ae8e2,effective_rent_growth,supply_demand,Dallas / Texas,supply_demand_effective_rent_growth_dallas_texas,0,0,0,2,0,2,2026-06-05,2026-07-21,0,2,28,25,0,50,Dormant Signal,과거에는 관찰됐지만 최근 7일에는 포착되지 않았습니다.
2026-08-17,20260817-232239-1f6ae8e2,entitlement,development_pipeline,Atlanta / Georgia,development_pipeline_entitlement_atlanta_georgia,0,0,0,2,0,1,2026-07-14,2026-07-20,0,2,28,25,0,25,Dormant Signal,과거에는 관찰됐지만 최근 7일에는 포착되지 않았습니다.
2026-08-17,20260817-232239-1f6ae8e2,merger_acquisition,institutional_capital,New York City / New York,institutional_capital_merger_acquisition_new_york_city_new_york,0,0,0,2,0,2,2026-06-08,2026-07-21,0,2,28,25,0,50,Dormant Signal,과거에는 관찰됐지만 최근 7일에는 포착되지 않았습니다.
2026-08-17,20260817-232239-1f6ae8e2,permit,development_pipeline,Austin / Texas,development_pipeline_permit_austin_texas,0,0,0,2,0,1,2026-07-31,2026-08-01,0,2,28,25,0,25,Dormant Signal,과거에는 관찰됐지만 최근 7일에는 포착되지 않았습니다.
2026-08-17,20260817-232239-1f6ae8e2,planning_commission,development_pipeline,Beverly Hills / California,development_pipeline_planning_commission_beverly_hills_california,0,0,0,2,0,1,2026-07-28,2026-07-30,0,2,28,25,0,25,Dormant Signal,과거에는 관찰됐지만 최근 7일에는 포착되지 않았습니다.
2026-08-17,20260817-232239-1f6ae8e2,recapitalization,capital_markets,Florida,capital_markets_recapitalization_florida,0,0,0,2,0,1,2026-08-02,2026-08-03,0,2,28,25,0,25,Dormant Signal,과거에는 관찰됐지만 최근 7일에는 포착되지 않았습니다.
2026-08-17,20260817-232239-1f6ae8e2,stabilization,development_pipeline,New York City / New York,development_pipeline_stabilization_new_york_city_new_york,0,0,0,2,0,1,2026-06-08,2026-07-23,0,2,28,25,0,25,Dormant Signal,과거에는 관찰됐지만 최근 7일에는 포착되지 않았습니다.
2026-08-17,20260817-232239-1f6ae8e2,under_construction,development_pipeline,Los Angeles / California,development_pipeline_under_construction_los_angeles_california,0,0,0,2,0,1,2026-06-25,2026-07-20,0,2,28,25,0,25,Dormant Signal,과거에는 관찰됐지만 최근 7일에는 포착되지 않았습니다.
2026-08-17,20260817-232239-1f6ae8e2,zoning,development_pipeline,San Francisco / California,development_pipeline_zoning_san_francisco_california,0,0,0,2,0,1,2026-06-01,2026-07-20,0,2,28,25,0,25,Dormant Signal,과거에는 관찰됐지만 최근 7일에는 포착되지 않았습니다.
2026-08-17,20260817-232239-1f6ae8e2,Supply & Demand,gp_activity,Texas,gp_activity_supply_demand_texas,0,0,0,2,0,2,2026-06-13,2026-08-10,0,2,28,10,2,50,Dormant Signal,과거에는 관찰됐지만 최근 7일에는 포착되지 않았습니다.
2026-08-17,20260817-232239-1f6ae8e2,acquisition,development_pipeline,New York City / New York,development_pipeline_acquisition_new_york_city_new_york,0,0,0,2,0,1,2026-07-01,2026-08-04,0,2,28,10,0,25,Dormant Signal,과거에는 관찰됐지만 최근 7일에는 포착되지 않았습니다.
2026-08-17,20260817-232239-1f6ae8e2,delivery,development_pipeline,New York,development_pipeline_delivery_new_york,0,0,0,2,0,2,2026-06-05,2026-08-06,0,2,28,10,0,50,Dormant Signal,과거에는 관찰됐지만 최근 7일에는 포착되지 않았습니다.
2026-08-17,20260817-232239-1f6ae8e2,disposition,development_pipeline,New York City / New York,development_pipeline_disposition_new_york_city_new_york,0,0,0,2,0,1,2026-08-04,2026-08-05,0,2,28,10,0,25,Dormant Signal,과거에는 관찰됐지만 최근 7일에는 포착되지 않았습니다.
2026-08-17,20260817-232239-1f6ae8e2,redevelopment,development_pipeline,San Francisco / California,development_pipeline_redevelopment_san_francisco_california,0,0,0,2,0,1,2026-07-13,2026-08-06,0,2,28,10,0,25,Dormant Signal,과거에는 관찰됐지만 최근 7일에는 포착되지 않았습니다.
2026-08-17,20260817-232239-1f6ae8e2,refinancing,capital_markets,Louisiana,capital_markets_refinancing_louisiana,0,0,0,2,0,1,2026-08-09,2026-08-10,0,2,28,10,2,25,Dormant Signal,과거에는 관찰됐지만 최근 7일에는 포착되지 않았습니다.
2026-08-17,20260817-232239-1f6ae8e2,disposition,transaction_market,Texas,transaction_market_disposition_texas,0,0,0,2,0,1,2026-06-18,2026-08-01,0,1,16,25,0,25,Dormant Signal,과거에는 관찰됐지만 최근 7일에는 포착되지 않았습니다.
2026-08-17,20260817-232239-1f6ae8e2,Developer Strategy,gp_activity,Atlanta / Georgia,gp_activity_developer_strategy_atlanta_georgia,1,1,1,1,1,1,2026-06-01,2026-08-17,1,1,14,65,100,25,Early Watch,source 다양성이 제한되어 있어 추가 확인이 필요합니다.
2026-08-17,20260817-232239-1f6ae8e2,Development Strategy,other,National,other_development_strategy_national,0,0,1,1,1,1,2026-08-12,2026-08-12,1,1,14,65,30,25,Early Watch,source 다양성이 제한되어 있어 추가 확인이 필요합니다.
2026-08-17,20260817-232239-1f6ae8e2,Financing Risk,other,Atlanta / Georgia,other_financing_risk_atlanta_georgia,0,0,1,1,1,1,2026-08-11,2026-08-11,1,1,14,65,16,25,Early Watch,source 다양성이 제한되어 있어 추가 확인이 필요합니다.
2026-08-17,20260817-232239-1f6ae8e2,acquisition,transaction_market,Colorado,transaction_market_acquisition_colorado,1,1,1,1,1,1,2026-06-19,2026-08-17,1,1,14,65,100,25,Early Watch,source 다양성이 제한되어 있어 추가 확인이 필요합니다.
2026-08-17,20260817-232239-1f6ae8e2,acquisition,transaction_market,Austin / Texas,transaction_market_acquisition_austin_texas,1,1,1,1,1,1,2026-06-28,2026-08-17,1,1,14,65,100,25,Early Watch,source 다양성이 제한되어 있어 추가 확인이 필요합니다.
2026-08-17,20260817-232239-1f6ae8e2,construction_start,development_pipeline,Miami / Florida,development_pipeline_construction_start_miami_florida,1,1,1,1,1,1,2026-06-20,2026-08-17,1,1,14,65,100,25,Early Watch,source 다양성이 제한되어 있어 추가 확인이 필요합니다.
2026-08-17,20260817-232239-1f6ae8e2,delivery,development_pipeline,Colorado,development_pipeline_delivery_colorado,0,0,1,1,1,1,2026-08-12,2026-08-12,1,1,14,65,30,25,Early Watch,source 다양성이 제한되어 있어 추가 확인이 필요합니다.
2026-08-17,20260817-232239-1f6ae8e2,disposition,transaction_market,Georgia,transaction_market_disposition_georgia,0,0,1,1,1,1,2026-06-19,2026-08-12,1,1,14,65,30,25,Early Watch,source 다양성이 제한되어 있어 추가 확인이 필요합니다.
2026-08-17,20260817-232239-1f6ae8e2,disposition,transaction_market,Florida,transaction_market_disposition_florida,0,0,1,1,1,1,2026-07-02,2026-08-12,1,1,14,65,30,25,Early Watch,source 다양성이 제한되어 있어 추가 확인이 필요합니다.
2026-08-17,20260817-232239-1f6ae8e2,disposition,development_pipeline,Santa Monica / California,development_pipeline_disposition_santa_monica_california,0,0,1,1,1,1,2026-08-14,2026-08-14,1,1,14,65,58,25,Early Watch,source 다양성이 제한되어 있어 추가 확인이 필요합니다.
2026-08-17,20260817-232239-1f6ae8e2,joint_venture,institutional_capital,Texas,institutional_capital_joint_venture_texas,0,0,1,1,1,1,2026-05-28,2026-08-11,1,1,14,65,16,25,Early Watch,source 다양성이 제한되어 있어 추가 확인이 필요합니다.
2026-08-17,20260817-232239-1f6ae8e2,joint_venture,institutional_capital,San Francisco / California,institutional_capital_joint_venture_san_francisco_california,1,1,1,1,1,1,2026-06-04,2026-08-17,1,1,14,65,100,25,Early Watch,source 다양성이 제한되어 있어 추가 확인이 필요합니다.
2026-08-17,20260817-232239-1f6ae8e2,mezzanine_financing,capital_markets,Sarasota / Florida,capital_markets_mezzanine_financing_sarasota_florida,0,0,1,1,1,1,2026-08-13,2026-08-13,1,1,14,65,44,25,Early Watch,source 다양성이 제한되어 있어 추가 확인이 필요합니다.
2026-08-17,20260817-232239-1f6ae8e2,permanent_loan,capital_markets,Other / Unknown,capital_markets_permanent_loan_other_unknown,0,0,1,1,1,1,2026-06-08,2026-08-12,1,1,14,65,30,25,Early Watch,source 다양성이 제한되어 있어 추가 확인이 필요합니다.
2026-08-17,20260817-232239-1f6ae8e2,permanent_loan,capital_markets,Seattle,capital_markets_permanent_loan_seattle,0,0,1,1,1,1,2026-08-13,2026-08-13,1,1,14,65,44,25,Early Watch,source 다양성이 제한되어 있어 추가 확인이 필요합니다.
2026-08-17,20260817-232239-1f6ae8e2,preferred_equity,capital_markets,California,capital_markets_preferred_equity_california,0,0,1,1,1,1,2026-06-28,2026-08-11,1,1,14,65,16,25,Early Watch,source 다양성이 제한되어 있어 추가 확인이 필요합니다.
2026-08-17,20260817-232239-1f6ae8e2,public_subsidy,macro_financing,Louisville / Kentucky,macro_financing_public_subsidy_louisville_kentucky,0,0,1,1,1,1,2026-08-12,2026-08-12,1,1,14,65,30,25,Early Watch,source 다양성이 제한되어 있어 추가 확인이 필요합니다.
2026-08-17,20260817-232239-1f6ae8e2,refinancing,capital_markets,Nevada,capital_markets_refinancing_nevada,0,0,1,1,1,1,2026-08-11,2026-08-11,1,1,14,65,16,25,Early Watch,source 다양성이 제한되어 있어 추가 확인이 필요합니다.
2026-08-17,20260817-232239-1f6ae8e2,refinancing,capital_markets,Salt Lake City / Utah,capital_markets_refinancing_salt_lake_city_utah,0,0,1,1,1,1,2026-08-12,2026-08-12,1,1,14,65,30,25,Early Watch,source 다양성이 제한되어 있어 추가 확인이 필요합니다.
2026-08-17,20260817-232239-1f6ae8e2,under_construction,development_pipeline,California,development_pipeline_under_construction_california,1,1,1,1,1,1,2026-05-27,2026-08-17,1,1,14,65,100,25,Early Watch,source 다양성이 제한되어 있어 추가 확인이 필요합니다.
2026-08-17,20260817-232239-1f6ae8e2,vacancy,supply_demand,Other / Unknown,supply_demand_vacancy_other_unknown,0,0,1,1,1,1,2026-08-11,2026-08-11,1,1,14,65,16,25,Early Watch,source 다양성이 제한되어 있어 추가 확인이 필요합니다.
2026-08-17,20260817-232239-1f6ae8e2,Developer Strategy,gp_activity,New York City / New York,gp_activity_developer_strategy_new_york_city_new_york,0,0,0,1,0,1,2026-07-23,2026-07-23,0,1,14,25,0,25,Dormant Signal,과거에는 관찰됐지만 최근 7일에는 포착되지 않았습니다.
2026-08-17,20260817-232239-1f6ae8e2,Development Strategy,gp_activity,Florida,gp_activity_development_strategy_florida,0,0,0,1,0,1,2026-05-28,2026-07-30,0,1,14,25,0,25,Dormant Signal,과거에는 관찰됐지만 최근 7일에는 포착되지 않았습니다.
2026-08-17,20260817-232239-1f6ae8e2,Development Strategy,gp_activity,Austin / Texas,gp_activity_development_strategy_austin_texas,0,0,0,1,0,1,2026-06-30,2026-07-19,0,1,14,25,0,25,Dormant Signal,과거에는 관찰됐지만 최근 7일에는 포착되지 않았습니다.
2026-08-17,20260817-232239-1f6ae8e2,Supply / Starts Signal,gp_activity,Other / Unknown,gp_activity_supply_starts_signal_other_unknown,0,0,0,1,0,1,2026-06-25,2026-07-19,0,1,14,25,0,25,Dormant Signal,과거에는 관찰됐지만 최근 7일에는 포착되지 않았습니다.
2026-08-17,20260817-232239-1f6ae8e2,Supply / Starts Signal,gp_activity,Texas,gp_activity_supply_starts_signal_texas,0,0,0,1,0,1,2026-07-30,2026-07-30,0,1,14,25,0,25,Dormant Signal,과거에는 관찰됐지만 최근 7일에는 포착되지 않았습니다.
2026-08-17,20260817-232239-1f6ae8e2,acquisition,development_pipeline,Sun Belt,development_pipeline_acquisition_sun_belt,0,0,0,1,0,1,2026-05-27,2026-07-21,0,1,14,25,0,25,Dormant Signal,과거에는 관찰됐지만 최근 7일에는 포착되지 않았습니다.
2026-08-17,20260817-232239-1f6ae8e2,acquisition,transaction_market,Houston / Texas,transaction_market_acquisition_houston_texas,0,0,0,1,0,1,2026-06-01,2026-07-28,0,1,14,25,0,25,Dormant Signal,과거에는 관찰됐지만 최근 7일에는 포착되지 않았습니다.
2026-08-17,20260817-232239-1f6ae8e2,acquisition,development_pipeline,Phoenix / Arizona,development_pipeline_acquisition_phoenix_arizona,0,0,0,1,0,1,2026-06-05,2026-07-28,0,1,14,25,0,25,Dormant Signal,과거에는 관찰됐지만 최근 7일에는 포착되지 않았습니다.
2026-08-17,20260817-232239-1f6ae8e2,acquisition,transaction_market,Southeast,transaction_market_acquisition_southeast,0,0,0,1,0,1,2026-06-10,2026-07-28,0,1,14,25,0,25,Dormant Signal,과거에는 관찰됐지만 최근 7일에는 포착되지 않았습니다.
2026-08-17,20260817-232239-1f6ae8e2,acquisition,transaction_market,Connecticut,transaction_market_acquisition_connecticut,0,0,0,1,0,1,2026-06-11,2026-07-28,0,1,14,25,0,25,Dormant Signal,과거에는 관찰됐지만 최근 7일에는 포착되지 않았습니다.
2026-08-17,20260817-232239-1f6ae8e2,acquisition,transaction_market,Northern Virginia / Virginia,transaction_market_acquisition_northern_virginia_virginia,0,0,0,1,0,1,2026-07-23,2026-07-23,0,1,14,25,0,25,Dormant Signal,과거에는 관찰됐지만 최근 7일에는 포착되지 않았습니다.
2026-08-17,20260817-232239-1f6ae8e2,acquisition,transaction_market,Santa Monica / California,transaction_market_acquisition_santa_monica_california,0,0,0,1,0,1,2026-07-30,2026-07-30,0,1,14,25,0,25,Dormant Signal,과거에는 관찰됐지만 최근 7일에는 포착되지 않았습니다.
2026-08-17,20260817-232239-1f6ae8e2,adaptive_reuse,development_pipeline,National,development_pipeline_adaptive_reuse_national,0,0,0,1,0,1,2026-07-31,2026-07-31,0,1,14,25,0,25,Dormant Signal,과거에는 관찰됐지만 최근 7일에는 포착되지 않았습니다.
2026-08-17,20260817-232239-1f6ae8e2,agency_debt,macro_financing,Salt Lake City / Utah,macro_financing_agency_debt_salt_lake_city_utah,0,0,0,1,0,1,2026-07-21,2026-07-21,0,1,14,25,0,25,Dormant Signal,과거에는 관찰됐지만 최근 7일에는 포착되지 않았습니다.
2026-08-17,20260817-232239-1f6ae8e2,bridge_loan,capital_markets,New York City / New York,capital_markets_bridge_loan_new_york_city_new_york,0,0,0,1,0,1,2026-07-02,2026-07-24,0,1,14,25,0,25,Dormant Signal,과거에는 관찰됐지만 최근 7일에는 포착되지 않았습니다.
2026-08-17,20260817-232239-1f6ae8e2,bridge_loan,capital_markets,Washington DC,capital_markets_bridge_loan_washington_dc,0,0,0,1,0,1,2026-07-15,2026-07-24,0,1,14,25,0,25,Dormant Signal,과거에는 관찰됐지만 최근 7일에는 포착되지 않았습니다.
2026-08-17,20260817-232239-1f6ae8e2,bridge_loan,capital_markets,Virginia,capital_markets_bridge_loan_virginia,0,0,0,1,0,1,2026-07-17,2026-07-19,0,1,14,25,0,25,Dormant Signal,과거에는 관찰됐지만 최근 7일에는 포착되지 않았습니다.
2026-08-17,20260817-232239-1f6ae8e2,construction_financing,capital_markets,National,capital_markets_construction_financing_national,0,0,0,1,0,1,2026-06-04,2026-07-19,0,1,14,25,0,25,Dormant Signal,과거에는 관찰됐지만 최근 7일에는 포착되지 않았습니다.
2026-08-17,20260817-232239-1f6ae8e2,construction_start,development_pipeline,Texas,development_pipeline_construction_start_texas,0,0,0,1,0,1,2026-06-23,2026-07-28,0,1,14,25,0,25,Dormant Signal,과거에는 관찰됐지만 최근 7일에는 포착되지 않았습니다.
2026-08-17,20260817-232239-1f6ae8e2,construction_start,development_pipeline,Virginia,development_pipeline_construction_start_virginia,0,0,0,1,0,1,2026-07-02,2026-07-24,0,1,14,25,0,25,Dormant Signal,과거에는 관찰됐지만 최근 7일에는 포착되지 않았습니다.
2026-08-17,20260817-232239-1f6ae8e2,delivery,development_pipeline,Los Angeles / California,development_pipeline_delivery_los_angeles_california,0,0,0,1,0,1,2026-06-16,2026-07-20,0,1,14,25,0,25,Dormant Signal,과거에는 관찰됐지만 최근 7일에는 포착되지 않았습니다.
2026-08-17,20260817-232239-1f6ae8e2,delivery,development_pipeline,Florida,development_pipeline_delivery_florida,0,0,0,1,0,1,2026-07-31,2026-07-31,0,1,14,25,0,25,Dormant Signal,과거에는 관찰됐지만 최근 7일에는 포착되지 않았습니다.
2026-08-17,20260817-232239-1f6ae8e2,density_bonus,entitlement_policy,Denver / Colorado,entitlement_policy_density_bonus_denver_colorado,0,0,0,1,0,1,2026-07-17,2026-07-19,0,1,14,25,0,25,Dormant Signal,과거에는 관찰됐지만 최근 7일에는 포착되지 않았습니다.
2026-08-17,20260817-232239-1f6ae8e2,disposition,transaction_market,Sun Belt,transaction_market_disposition_sun_belt,0,0,0,1,0,1,2026-05-27,2026-08-03,0,1,14,25,0,25,Dormant Signal,과거에는 관찰됐지만 최근 7일에는 포착되지 않았습니다.
2026-08-17,20260817-232239-1f6ae8e2,disposition,transaction_market,Connecticut,transaction_market_disposition_connecticut,0,0,0,1,0,1,2026-06-08,2026-07-21,0,1,14,25,0,25,Dormant Signal,과거에는 관찰됐지만 최근 7일에는 포착되지 않았습니다.
2026-08-17,20260817-232239-1f6ae8e2,disposition,development_pipeline,Seattle,development_pipeline_disposition_seattle,0,0,0,1,0,1,2026-06-12,2026-07-23,0,1,14,25,0,25,Dormant Signal,과거에는 관찰됐지만 최근 7일에는 포착되지 않았습니다.
2026-08-17,20260817-232239-1f6ae8e2,disposition,transaction_market,Nashville / Tennessee,transaction_market_disposition_nashville_tennessee,0,0,0,1,0,1,2026-06-26,2026-07-19,0,1,14,25,0,25,Dormant Signal,과거에는 관찰됐지만 최근 7일에는 포착되지 않았습니다.
2026-08-17,20260817-232239-1f6ae8e2,disposition,development_pipeline,Atlanta / Georgia,development_pipeline_disposition_atlanta_georgia,0,0,0,1,0,1,2026-07-07,2026-07-23,0,1,14,25,0,25,Dormant Signal,과거에는 관찰됐지만 최근 7일에는 포착되지 않았습니다.
2026-08-17,20260817-232239-1f6ae8e2,effective_rent_growth,supply_demand,Miami / Florida,supply_demand_effective_rent_growth_miami_florida,0,0,0,1,0,1,2026-06-04,2026-07-19,0,1,14,25,0,25,Dormant Signal,과거에는 관찰됐지만 최근 7일에는 포착되지 않았습니다.
2026-08-17,20260817-232239-1f6ae8e2,effective_rent_growth,supply_demand,Austin / Texas,supply_demand_effective_rent_growth_austin_texas,0,0,0,1,0,1,2026-06-26,2026-07-28,0,1,14,25,0,25,Dormant Signal,과거에는 관찰됐지만 최근 7일에는 포착되지 않았습니다.
2026-08-17,20260817-232239-1f6ae8e2,gp_acquisition,institutional_capital,New York City / New York,institutional_capital_gp_acquisition_new_york_city_new_york,0,0,0,1,0,1,2026-07-23,2026-07-23,0,1,14,25,0,25,Dormant Signal,과거에는 관찰됐지만 최근 7일에는 포착되지 않았습니다.
2026-08-17,20260817-232239-1f6ae8e2,joint_venture,institutional_capital,Washington DC,institutional_capital_joint_venture_washington_dc,0,0,0,1,0,1,2026-06-01,2026-07-19,0,1,14,25,0,25,Dormant Signal,과거에는 관찰됐지만 최근 7일에는 포착되지 않았습니다.
2026-08-17,20260817-232239-1f6ae8e2,joint_venture,institutional_capital,Georgia,institutional_capital_joint_venture_georgia,0,0,0,1,0,1,2026-07-15,2026-07-28,0,1,14,25,0,25,Dormant Signal,과거에는 관찰됐지만 최근 7일에는 포착되지 않았습니다.
2026-08-17,20260817-232239-1f6ae8e2,joint_venture,institutional_capital,Denver / Colorado,institutional_capital_joint_venture_denver_colorado,0,0,0,1,0,1,2026-07-20,2026-07-20,0,1,14,25,0,25,Dormant Signal,과거에는 관찰됐지만 최근 7일에는 포착되지 않았습니다.
2026-08-17,20260817-232239-1f6ae8e2,lease_up,development_pipeline,National,development_pipeline_lease_up_national,0,0,0,1,0,1,2026-07-20,2026-07-20,0,1,14,25,0,25,Dormant Signal,과거에는 관찰됐지만 최근 7일에는 포착되지 않았습니다.
2026-08-17,20260817-232239-1f6ae8e2,lender_activity,institutional_capital,Atlanta / Georgia,institutional_capital_lender_activity_atlanta_georgia,0,0,0,1,0,1,2026-07-13,2026-07-20,0,1,14,25,0,25,Dormant Signal,과거에는 관찰됐지만 최근 7일에는 포착되지 않았습니다.
2026-08-17,20260817-232239-1f6ae8e2,lender_activity,institutional_capital,Washington DC,institutional_capital_lender_activity_washington_dc,0,0,0,1,0,1,2026-07-20,2026-07-20,0,1,14,25,0,25,Dormant Signal,과거에는 관찰됐지만 최근 7일에는 포착되지 않았습니다.
2026-08-17,20260817-232239-1f6ae8e2,permit,development_pipeline,National,development_pipeline_permit_national,0,0,0,1,0,1,2026-07-17,2026-07-19,0,1,14,25,0,25,Dormant Signal,과거에는 관찰됐지만 최근 7일에는 포착되지 않았습니다.
2026-08-17,20260817-232239-1f6ae8e2,permit,development_pipeline,New York,development_pipeline_permit_new_york,0,0,0,1,0,1,2026-07-23,2026-07-23,0,1,14,25,0,25,Dormant Signal,과거에는 관찰됐지만 최근 7일에는 포착되지 않았습니다.
2026-08-17,20260817-232239-1f6ae8e2,recapitalization,capital_markets,Washington DC,capital_markets_recapitalization_washington_dc,0,0,0,1,0,1,2026-07-23,2026-07-23,0,1,14,25,0,25,Dormant Signal,과거에는 관찰됐지만 최근 7일에는 포착되지 않았습니다.
2026-08-17,20260817-232239-1f6ae8e2,redevelopment,development_pipeline,Other / Unknown,development_pipeline_redevelopment_other_unknown,0,0,0,1,0,1,2026-05-28,2026-07-24,0,1,14,25,0,25,Dormant Signal,과거에는 관찰됐지만 최근 7일에는 포착되지 않았습니다.
2026-08-17,20260817-232239-1f6ae8e2,refinancing,capital_markets,Denver / Colorado,capital_markets_refinancing_denver_colorado,0,0,0,1,0,1,2026-06-11,2026-07-28,0,1,14,25,0,25,Dormant Signal,과거에는 관찰됐지만 최근 7일에는 포착되지 않았습니다.
2026-08-17,20260817-232239-1f6ae8e2,refinancing,capital_markets,Baton Rouge / Louisiana,capital_markets_refinancing_baton_rouge_louisiana,0,0,0,1,0,1,2026-07-31,2026-07-31,0,1,14,25,0,25,Dormant Signal,과거에는 관찰됐지만 최근 7일에는 포착되지 않았습니다.
2026-08-17,20260817-232239-1f6ae8e2,refinancing,capital_markets,Tampa / Florida,capital_markets_refinancing_tampa_florida,0,0,0,1,0,1,2026-07-31,2026-07-31,0,1,14,25,0,25,Dormant Signal,과거에는 관찰됐지만 최근 7일에는 포착되지 않았습니다.
2026-08-17,20260817-232239-1f6ae8e2,renovation_repositioning,development_pipeline,Other / Unknown,development_pipeline_renovation_repositioning_other_unknown,0,0,0,1,0,1,2026-07-20,2026-07-20,0,1,14,25,0,25,Dormant Signal,과거에는 관찰됐지만 최근 7일에는 포착되지 않았습니다.
2026-08-17,20260817-232239-1f6ae8e2,under_construction,development_pipeline,Nashville / Tennessee,development_pipeline_under_construction_nashville_tennessee,0,0,0,1,0,1,2026-07-20,2026-07-20,0,1,14,25,0,25,Dormant Signal,과거에는 관찰됐지만 최근 7일에는 포착되지 않았습니다.
2026-08-17,20260817-232239-1f6ae8e2,zoning,development_pipeline,Atlanta / Georgia,development_pipeline_zoning_atlanta_georgia,0,0,0,1,0,1,2026-07-17,2026-07-19,0,1,14,25,0,25,Dormant Signal,과거에는 관찰됐지만 최근 7일에는 포착되지 않았습니다.
2026-08-17,20260817-232239-1f6ae8e2,Deal Size Signal,macro_financing,Los Angeles / California,macro_financing_deal_size_signal_los_angeles_california,0,0,0,1,0,1,2026-06-14,2026-08-06,0,1,14,10,0,25,Dormant Signal,과거에는 관찰됐지만 최근 7일에는 포착되지 않았습니다.
2026-08-17,20260817-232239-1f6ae8e2,Developer Strategy,gp_activity,California,gp_activity_developer_strategy_california,0,0,0,1,0,1,2026-08-06,2026-08-06,0,1,14,10,0,25,Dormant Signal,과거에는 관찰됐지만 최근 7일에는 포착되지 않았습니다.
2026-08-17,20260817-232239-1f6ae8e2,Development Strategy,gp_activity,Atlanta / Georgia,gp_activity_development_strategy_atlanta_georgia,0,0,0,1,0,1,2026-06-20,2026-08-05,0,1,14,10,0,25,Dormant Signal,과거에는 관찰됐지만 최근 7일에는 포착되지 않았습니다.
2026-08-17,20260817-232239-1f6ae8e2,Development Strategy,other,Riverside / California,other_development_strategy_riverside_california,0,0,0,1,0,1,2026-08-05,2026-08-05,0,1,14,10,0,25,Dormant Signal,과거에는 관찰됐지만 최근 7일에는 포착되지 않았습니다.
2026-08-17,20260817-232239-1f6ae8e2,Financing Cost Signal,macro_financing,California,macro_financing_financing_cost_signal_california,0,0,0,1,0,1,2026-06-08,2026-08-06,0,1,14,10,0,25,Dormant Signal,과거에는 관찰됐지만 최근 7일에는 포착되지 않았습니다.
2026-08-17,20260817-232239-1f6ae8e2,Financing Cost Signal,macro_financing,Other / Unknown,macro_financing_financing_cost_signal_other_unknown,0,0,0,1,0,1,2026-07-10,2026-08-04,0,1,14,10,0,25,Dormant Signal,과거에는 관찰됐지만 최근 7일에는 포착되지 않았습니다.
2026-08-17,20260817-232239-1f6ae8e2,Financing Cost Signal,macro_financing,Washington DC,macro_financing_financing_cost_signal_washington_dc,0,0,0,1,0,1,2026-08-04,2026-08-04,0,1,14,10,0,25,Dormant Signal,과거에는 관찰됐지만 최근 7일에는 포착되지 않았습니다.
2026-08-17,20260817-232239-1f6ae8e2,Supply / Starts Signal,gp_activity,Florida,gp_activity_supply_starts_signal_florida,0,0,0,1,0,1,2026-06-30,2026-08-04,0,1,14,10,0,25,Dormant Signal,과거에는 관찰됐지만 최근 7일에는 포착되지 않았습니다.
2026-08-17,20260817-232239-1f6ae8e2,Supply / Starts Signal,other,Las Vegas / Nevada,other_supply_starts_signal_las_vegas_nevada,0,0,0,1,0,1,2026-08-04,2026-08-04,0,1,14,10,0,25,Dormant Signal,과거에는 관찰됐지만 최근 7일에는 포착되지 않았습니다.
2026-08-17,20260817-232239-1f6ae8e2,Supply / Starts Signal,macro_financing,Texas,macro_financing_supply_starts_signal_texas,0,0,0,1,0,1,2026-08-05,2026-08-05,0,1,14,10,0,25,Dormant Signal,과거에는 관찰됐지만 최근 7일에는 포착되지 않았습니다.
2026-08-17,20260817-232239-1f6ae8e2,acquisition,transaction_market,Sun Belt,transaction_market_acquisition_sun_belt,0,0,0,1,0,1,2026-05-27,2026-08-06,0,1,14,10,0,25,Dormant Signal,과거에는 관찰됐지만 최근 7일에는 포착되지 않았습니다.
2026-08-17,20260817-232239-1f6ae8e2,acquisition,transaction_market,Riverside / California,transaction_market_acquisition_riverside_california,0,0,0,1,0,1,2026-08-05,2026-08-05,0,1,14,10,0,25,Dormant Signal,과거에는 관찰됐지만 최근 7일에는 포착되지 않았습니다.
2026-08-17,20260817-232239-1f6ae8e2,acquisition,development_pipeline,San Francisco / California,development_pipeline_acquisition_san_francisco_california,0,0,0,1,0,1,2026-08-06,2026-08-06,0,1,14,10,0,25,Dormant Signal,과거에는 관찰됐지만 최근 7일에는 포착되지 않았습니다.
2026-08-17,20260817-232239-1f6ae8e2,construction_financing,capital_markets,Denver / Colorado,capital_markets_construction_financing_denver_colorado,0,0,0,1,0,1,2026-06-13,2026-08-07,0,1,14,10,0,25,Dormant Signal,과거에는 관찰됐지만 최근 7일에는 포착되지 않았습니다.
2026-08-17,20260817-232239-1f6ae8e2,construction_start,development_pipeline,Houston / Texas,development_pipeline_construction_start_houston_texas,0,0,0,1,0,1,2026-08-06,2026-08-06,0,1,14,10,0,25,Dormant Signal,과거에는 관찰됐지만 최근 7일에는 포착되지 않았습니다.
2026-08-17,20260817-232239-1f6ae8e2,delivery,development_pipeline,Tampa / Florida,development_pipeline_delivery_tampa_florida,0,0,0,1,0,1,2026-08-06,2026-08-06,0,1,14,10,0,25,Dormant Signal,과거에는 관찰됐지만 최근 7일에는 포착되지 않았습니다.
2026-08-17,20260817-232239-1f6ae8e2,delivery,development_pipeline,Arizona,development_pipeline_delivery_arizona,0,0,0,1,0,1,2026-08-10,2026-08-10,0,1,14,10,2,25,Dormant Signal,과거에는 관찰됐지만 최근 7일에는 포착되지 않았습니다.
2026-08-17,20260817-232239-1f6ae8e2,disposition,transaction_market,Colorado,transaction_market_disposition_colorado,0,0,0,1,0,1,2026-08-07,2026-08-07,0,1,14,10,0,25,Dormant Signal,과거에는 관찰됐지만 최근 7일에는 포착되지 않았습니다.
2026-08-17,20260817-232239-1f6ae8e2,effective_rent_growth,supply_demand,New York,supply_demand_effective_rent_growth_new_york,0,0,0,1,0,1,2026-08-04,2026-08-04,0,1,14,10,0,25,Dormant Signal,과거에는 관찰됐지만 최근 7일에는 포착되지 않았습니다.
2026-08-17,20260817-232239-1f6ae8e2,gp_acquisition,institutional_capital,Virginia,institutional_capital_gp_acquisition_virginia,0,0,0,1,0,1,2026-08-06,2026-08-06,0,1,14,10,0,25,Dormant Signal,과거에는 관찰됐지만 최근 7일에는 포착되지 않았습니다.
2026-08-17,20260817-232239-1f6ae8e2,permanent_loan,capital_markets,Los Angeles / California,capital_markets_permanent_loan_los_angeles_california,0,0,0,1,0,1,2026-08-06,2026-08-06,0,1,14,10,0,25,Dormant Signal,과거에는 관찰됐지만 최근 7일에는 포착되지 않았습니다.
2026-08-17,20260817-232239-1f6ae8e2,preferred_equity,capital_markets,Florida,capital_markets_preferred_equity_florida,0,0,0,1,0,1,2026-08-06,2026-08-06,0,1,14,10,0,25,Dormant Signal,과거에는 관찰됐지만 최근 7일에는 포착되지 않았습니다.
2026-08-17,20260817-232239-1f6ae8e2,recapitalization,capital_markets,Dallas / Texas,capital_markets_recapitalization_dallas_texas,0,0,0,1,0,1,2026-08-04,2026-08-04,0,1,14,10,0,25,Dormant Signal,과거에는 관찰됐지만 최근 7일에는 포착되지 않았습니다.
2026-08-17,20260817-232239-1f6ae8e2,redevelopment,development_pipeline,New York City / New York,development_pipeline_redevelopment_new_york_city_new_york,0,0,0,1,0,1,2026-06-12,2026-08-06,0,1,14,10,0,25,Dormant Signal,과거에는 관찰됐지만 최근 7일에는 포착되지 않았습니다.
2026-08-17,20260817-232239-1f6ae8e2,refinancing,capital_markets,Sun Belt,capital_markets_refinancing_sun_belt,0,0,0,1,0,1,2026-05-27,2026-08-05,0,1,14,10,0,25,Dormant Signal,과거에는 관찰됐지만 최근 7일에는 포착되지 않았습니다.
2026-08-17,20260817-232239-1f6ae8e2,refinancing,capital_markets,Sarasota / Florida,capital_markets_refinancing_sarasota_florida,0,0,0,1,0,1,2026-06-01,2026-08-06,0,1,14,10,0,25,Dormant Signal,과거에는 관찰됐지만 최근 7일에는 포착되지 않았습니다.
2026-08-17,20260817-232239-1f6ae8e2,under_construction,development_pipeline,Other / Unknown,development_pipeline_under_construction_other_unknown,0,0,0,1,0,1,2026-07-10,2026-08-07,0,1,14,10,0,25,Dormant Signal,과거에는 관찰됐지만 최근 7일에는 포착되지 않았습니다.
2026-08-17,20260817-232239-1f6ae8e2,vacancy,supply_demand,California,supply_demand_vacancy_california,0,0,0,1,0,1,2026-08-05,2026-08-05,0,1,14,10,0,25,Dormant Signal,과거에는 관찰됐지만 최근 7일에는 포착되지 않았습니다.
2026-08-17,20260817-232239-1f6ae8e2,Deal Size Signal,Financing Risk; Institutional Flow,New York,financing_risk_institutional_flow_deal_size_signal_new_york,0,0,0,0,0,0,2026-05-19,2026-05-21,0,0,0,25,0,0,Insufficient History,source 다양성이 제한되어 있어 추가 확인이 필요합니다.
2026-08-17,20260817-232239-1f6ae8e2,Deal Size Signal,Institutional Flow,Sun Belt,institutional_flow_deal_size_signal_sun_belt,0,0,0,0,0,0,2026-05-19,2026-05-26,0,0,0,25,0,0,Insufficient History,source 다양성이 제한되어 있어 추가 확인이 필요합니다.
2026-08-17,20260817-232239-1f6ae8e2,Deal Size Signal,Financing Risk; Institutional Flow; Developer Strategy,New York,financing_risk_institutional_flow_developer_strategy_deal_size_signal_new_york,0,0,0,0,0,0,2026-05-19,2026-05-25,0,0,0,25,0,0,Insufficient History,source 다양성이 제한되어 있어 추가 확인이 필요합니다.
2026-08-17,20260817-232239-1f6ae8e2,Deal Size Signal,Institutional Flow; Developer Strategy,California,institutional_flow_developer_strategy_deal_size_signal_california,0,0,0,0,0,0,2026-05-19,2026-05-19,0,0,0,25,0,0,Insufficient History,source 다양성이 제한되어 있어 추가 확인이 필요합니다.
2026-08-17,20260817-232239-1f6ae8e2,Deal Size Signal,Institutional Flow,Los Angeles,institutional_flow_deal_size_signal_los_angeles,0,0,0,0,0,0,2026-05-19,2026-05-19,0,0,0,25,0,0,Insufficient History,source 다양성이 제한되어 있어 추가 확인이 필요합니다.
2026-08-17,20260817-232239-1f6ae8e2,Deal Size Signal,Institutional Flow,California,institutional_flow_deal_size_signal_california,0,0,0,0,0,0,2026-05-19,2026-05-26,0,0,0,25,0,0,Insufficient History,source 다양성이 제한되어 있어 추가 확인이 필요합니다.
2026-08-17,20260817-232239-1f6ae8e2,Deal Size Signal,Institutional Flow,Other / Unknown,institutional_flow_deal_size_signal_other_unknown,0,0,0,0,0,0,2026-05-20,2026-05-26,0,0,0,25,0,0,Insufficient History,source 다양성이 제한되어 있어 추가 확인이 필요합니다.
2026-08-17,20260817-232239-1f6ae8e2,Deal Size Signal,Financing Risk; Institutional Flow; Developer Strategy,Sun Belt,financing_risk_institutional_flow_developer_strategy_deal_size_signal_sun_belt,0,0,0,0,0,0,2026-05-20,2026-05-26,0,0,0,25,0,0,Insufficient History,source 다양성이 제한되어 있어 추가 확인이 필요합니다.
2026-08-17,20260817-232239-1f6ae8e2,Deal Size Signal,Financing Risk; Institutional Flow,Sun Belt,financing_risk_institutional_flow_deal_size_signal_sun_belt,0,0,0,0,0,0,2026-05-20,2026-05-20,0,0,0,25,0,0,Insufficient History,source 다양성이 제한되어 있어 추가 확인이 필요합니다.
2026-08-17,20260817-232239-1f6ae8e2,Deal Size Signal,Institutional Flow,New York,institutional_flow_deal_size_signal_new_york,0,0,0,0,0,0,2026-05-20,2026-05-26,0,0,0,25,0,0,Insufficient History,source 다양성이 제한되어 있어 추가 확인이 필요합니다.
2026-08-17,20260817-232239-1f6ae8e2,Deal Size Signal,Institutional Flow,National,institutional_flow_deal_size_signal_national,0,0,0,0,0,0,2026-05-20,2026-05-26,0,0,0,25,0,0,Insufficient History,source 다양성이 제한되어 있어 추가 확인이 필요합니다.
2026-08-17,20260817-232239-1f6ae8e2,Deal Size Signal,Institutional Flow; Developer Strategy,Sun Belt,institutional_flow_developer_strategy_deal_size_signal_sun_belt,0,0,0,0,0,0,2026-05-20,2026-05-26,0,0,0,25,0,0,Insufficient History,source 다양성이 제한되어 있어 추가 확인이 필요합니다.
2026-08-17,20260817-232239-1f6ae8e2,Deal Size Signal,Institutional Flow; Developer Strategy,Southeast,institutional_flow_developer_strategy_deal_size_signal_southeast,0,0,0,0,0,0,2026-05-20,2026-05-20,0,0,0,25,0,0,Insufficient History,source 다양성이 제한되어 있어 추가 확인이 필요합니다.
2026-08-17,20260817-232239-1f6ae8e2,Deal Size Signal,Financing Risk; Institutional Flow,California,financing_risk_institutional_flow_deal_size_signal_california,0,0,0,0,0,0,2026-05-21,2026-05-21,0,0,0,25,0,0,Insufficient History,source 다양성이 제한되어 있어 추가 확인이 필요합니다.
2026-08-17,20260817-232239-1f6ae8e2,Deal Size Signal,Institutional Flow; Developer Strategy,Arizona,institutional_flow_developer_strategy_deal_size_signal_arizona,0,0,0,0,0,0,2026-05-21,2026-05-26,0,0,0,25,0,0,Insufficient History,source 다양성이 제한되어 있어 추가 확인이 필요합니다.
2026-08-17,20260817-232239-1f6ae8e2,Deal Size Signal,Financing Risk; Regulation Risk; Institutional Flow; Developer Strategy,Sun Belt,financing_risk_regulation_risk_institutional_flow_developer_strategy_deal_size_signal_sun_belt,0,0,0,0,0,0,2026-05-22,2026-05-25,0,0,0,25,0,0,Insufficient History,source 다양성이 제한되어 있어 추가 확인이 필요합니다.
2026-08-17,20260817-232239-1f6ae8e2,Deal Size Signal,Financing Risk; Rent Growth / Demand; Institutional Flow,New York,financing_risk_rent_growth_demand_institutional_flow_deal_size_signal_new_york,0,0,0,0,0,0,2026-05-22,2026-05-23,0,0,0,25,0,0,Insufficient History,source 다양성이 제한되어 있어 추가 확인이 필요합니다.
2026-08-17,20260817-232239-1f6ae8e2,Deal Size Signal,Financing Risk; Institutional Flow,Arizona,financing_risk_institutional_flow_deal_size_signal_arizona,0,0,0,0,0,0,2026-05-22,2026-05-25,0,0,0,25,0,0,Insufficient History,source 다양성이 제한되어 있어 추가 확인이 필요합니다.
2026-08-17,20260817-232239-1f6ae8e2,Deal Size Signal,Institutional Flow,Florida,institutional_flow_deal_size_signal_florida,0,0,0,0,0,0,2026-05-22,2026-05-22,0,0,0,25,0,0,Insufficient History,source 다양성이 제한되어 있어 추가 확인이 필요합니다.
2026-08-17,20260817-232239-1f6ae8e2,Deal Size Signal,Institutional Flow; Developer Strategy,New York,institutional_flow_developer_strategy_deal_size_signal_new_york,0,0,0,0,0,0,2026-05-25,2026-05-25,0,0,0,25,0,0,Insufficient History,source 다양성이 제한되어 있어 추가 확인이 필요합니다.
2026-08-17,20260817-232239-1f6ae8e2,Deal Size Signal,Financing Risk; Institutional Flow,Other / Unknown,financing_risk_institutional_flow_deal_size_signal_other_unknown,0,0,0,0,0,0,2026-05-26,2026-05-26,0,0,0,25,0,0,Insufficient History,source 다양성이 제한되어 있어 추가 확인이 필요합니다.
2026-08-17,20260817-232239-1f6ae8e2,Deal Size Signal,Financing Risk; Regulation Risk; Institutional Flow; Developer Strategy,Florida,financing_risk_regulation_risk_institutional_flow_developer_strategy_deal_size_signal_florida,0,0,0,0,0,0,2026-05-26,2026-05-26,0,0,0,25,0,0,Insufficient History,source 다양성이 제한되어 있어 추가 확인이 필요합니다.
2026-08-17,20260817-232239-1f6ae8e2,Deal Size Signal,other,Other / Unknown,other_deal_size_signal_other_unknown,0,0,0,0,0,0,2026-06-04,2026-06-04,0,0,0,25,0,0,Insufficient History,source 다양성이 제한되어 있어 추가 확인이 필요합니다.
2026-08-17,20260817-232239-1f6ae8e2,Deal Size Signal,macro_financing,Sun Belt,macro_financing_deal_size_signal_sun_belt,0,0,0,0,0,0,2026-07-13,2026-07-13,0,0,0,25,0,0,Insufficient History,source 다양성이 제한되어 있어 추가 확인이 필요합니다.
2026-08-17,20260817-232239-1f6ae8e2,Developer Strategy,Developer Strategy,National,developer_strategy_developer_strategy_national,0,0,0,0,0,0,2026-05-20,2026-05-26,0,0,0,25,0,0,Insufficient History,source 다양성이 제한되어 있어 추가 확인이 필요합니다.
2026-08-17,20260817-232239-1f6ae8e2,Developer Strategy,Developer Strategy,Seattle,developer_strategy_developer_strategy_seattle,0,0,0,0,0,0,2026-05-20,2026-05-20,0,0,0,25,0,0,Insufficient History,source 다양성이 제한되어 있어 추가 확인이 필요합니다.
2026-08-17,20260817-232239-1f6ae8e2,Developer Strategy,Developer Strategy,Other / Unknown,developer_strategy_developer_strategy_other_unknown,0,0,0,0,0,0,2026-05-21,2026-05-26,0,0,0,25,0,0,Insufficient History,source 다양성이 제한되어 있어 추가 확인이 필요합니다.
2026-08-17,20260817-232239-1f6ae8e2,Developer Strategy,Developer Strategy,Sun Belt,developer_strategy_developer_strategy_sun_belt,0,0,0,0,0,0,2026-05-22,2026-05-26,0,0,0,25,0,0,Insufficient History,source 다양성이 제한되어 있어 추가 확인이 필요합니다.
2026-08-17,20260817-232239-1f6ae8e2,Developer Strategy,gp_activity,Sun Belt,gp_activity_developer_strategy_sun_belt,0,0,0,0,0,0,2026-05-28,2026-05-31,0,0,0,25,0,0,Insufficient History,source 다양성이 제한되어 있어 추가 확인이 필요합니다.
2026-08-17,20260817-232239-1f6ae8e2,Developer Strategy,gp_activity,Las Vegas / Nevada,gp_activity_developer_strategy_las_vegas_nevada,0,0,0,0,0,0,2026-06-01,2026-06-02,0,0,0,25,0,0,Insufficient History,source 다양성이 제한되어 있어 추가 확인이 필요합니다.
2026-08-17,20260817-232239-1f6ae8e2,Developer Strategy,gp_activity,Other / Unknown,gp_activity_developer_strategy_other_unknown,0,0,0,0,0,0,2026-06-12,2026-06-12,0,0,0,25,0,0,Insufficient History,source 다양성이 제한되어 있어 추가 확인이 필요합니다.
2026-08-17,20260817-232239-1f6ae8e2,Developer Strategy,gp_activity,Texas,gp_activity_developer_strategy_texas,0,0,0,0,0,0,2026-06-12,2026-06-16,0,0,0,25,0,0,Insufficient History,source 다양성이 제한되어 있어 추가 확인이 필요합니다.
2026-08-17,20260817-232239-1f6ae8e2,Developer Strategy,gp_activity,Dallas / Texas,gp_activity_developer_strategy_dallas_texas,0,0,0,0,0,0,2026-06-13,2026-06-16,0,0,0,25,0,0,Insufficient History,source 다양성이 제한되어 있어 추가 확인이 필요합니다.
2026-08-17,20260817-232239-1f6ae8e2,Developer Strategy,gp_activity,National,gp_activity_developer_strategy_national,0,0,0,0,0,0,2026-06-20,2026-06-22,0,0,0,25,0,0,Insufficient History,source 다양성이 제한되어 있어 추가 확인이 필요합니다.
2026-08-17,20260817-232239-1f6ae8e2,Developer Strategy,gp_activity,Houston / Texas,gp_activity_developer_strategy_houston_texas,0,0,0,0,0,0,2026-06-23,2026-06-25,0,0,0,25,0,0,Insufficient History,source 다양성이 제한되어 있어 추가 확인이 필요합니다.
2026-08-17,20260817-232239-1f6ae8e2,Developer Strategy,other,New York City / New York,other_developer_strategy_new_york_city_new_york,0,0,0,0,0,0,2026-06-26,2026-06-29,0,0,0,25,0,0,Insufficient History,source 다양성이 제한되어 있어 추가 확인이 필요합니다.
2026-08-17,20260817-232239-1f6ae8e2,Developer Strategy,other,Los Angeles / California,other_developer_strategy_los_angeles_california,0,0,0,0,0,0,2026-06-27,2026-07-01,0,0,0,25,0,0,Insufficient History,source 다양성이 제한되어 있어 추가 확인이 필요합니다.
2026-08-17,20260817-232239-1f6ae8e2,Developer Strategy,gp_activity,Tennessee,gp_activity_developer_strategy_tennessee,0,0,0,0,0,0,2026-07-02,2026-07-02,0,0,0,25,0,0,Insufficient History,source 다양성이 제한되어 있어 추가 확인이 필요합니다.
2026-08-17,20260817-232239-1f6ae8e2,Developer Strategy,other,Dallas / Texas,other_developer_strategy_dallas_texas,0,0,0,0,0,0,2026-07-07,2026-07-09,0,0,0,25,0,0,Insufficient History,source 다양성이 제한되어 있어 추가 확인이 필요합니다.
2026-08-17,20260817-232239-1f6ae8e2,Developer Strategy,other,San Francisco / California,other_developer_strategy_san_francisco_california,0,0,0,0,0,0,2026-07-09,2026-07-09,0,0,0,25,0,0,Insufficient History,source 다양성이 제한되어 있어 추가 확인이 필요합니다.
2026-08-17,20260817-232239-1f6ae8e2,Development Strategy,Developer Strategy,California,developer_strategy_development_strategy_california,0,0,0,0,0,0,2026-05-19,2026-05-26,0,0,0,25,0,0,Insufficient History,source 다양성이 제한되어 있어 추가 확인이 필요합니다.
2026-08-17,20260817-232239-1f6ae8e2,Development Strategy,Supply Pressure; Developer Strategy,Other / Unknown,supply_pressure_developer_strategy_development_strategy_other_unknown,0,0,0,0,0,0,2026-05-19,2026-05-26,0,0,0,25,0,0,Insufficient History,source 다양성이 제한되어 있어 추가 확인이 필요합니다.
2026-08-17,20260817-232239-1f6ae8e2,Development Strategy,Developer Strategy,Sun Belt,developer_strategy_development_strategy_sun_belt,0,0,0,0,0,0,2026-05-19,2026-05-26,0,0,0,25,0,0,Insufficient History,source 다양성이 제한되어 있어 추가 확인이 필요합니다.
2026-08-17,20260817-232239-1f6ae8e2,Development Strategy,Developer Strategy,Other / Unknown,developer_strategy_development_strategy_other_unknown,0,0,0,0,0,0,2026-05-19,2026-05-26,0,0,0,25,0,0,Insufficient History,source 다양성이 제한되어 있어 추가 확인이 필요합니다.
2026-08-17,20260817-232239-1f6ae8e2,Development Strategy,Rent Growth / Demand; Developer Strategy,Sun Belt,rent_growth_demand_developer_strategy_development_strategy_sun_belt,0,0,0,0,0,0,2026-05-19,2026-05-19,0,0,0,25,0,0,Insufficient History,source 다양성이 제한되어 있어 추가 확인이 필요합니다.
2026-08-17,20260817-232239-1f6ae8e2,Development Strategy,Regulation Risk; Developer Strategy,Other / Unknown,regulation_risk_developer_strategy_development_strategy_other_unknown,0,0,0,0,0,0,2026-05-19,2026-05-26,0,0,0,25,0,0,Insufficient History,source 다양성이 제한되어 있어 추가 확인이 필요합니다.
2026-08-17,20260817-232239-1f6ae8e2,Development Strategy,Developer Strategy,National,developer_strategy_development_strategy_national,0,0,0,0,0,0,2026-05-19,2026-05-26,0,0,0,25,0,0,Insufficient History,source 다양성이 제한되어 있어 추가 확인이 필요합니다.
2026-08-17,20260817-232239-1f6ae8e2,Development Strategy,Developer Strategy,Los Angeles,developer_strategy_development_strategy_los_angeles,0,0,0,0,0,0,2026-05-19,2026-05-26,0,0,0,25,0,0,Insufficient History,source 다양성이 제한되어 있어 추가 확인이 필요합니다.
2026-08-17,20260817-232239-1f6ae8e2,Development Strategy,Supply Pressure; Developer Strategy,National,supply_pressure_developer_strategy_development_strategy_national,0,0,0,0,0,0,2026-05-20,2026-05-20,0,0,0,25,0,0,Insufficient History,source 다양성이 제한되어 있어 추가 확인이 필요합니다.
2026-08-17,20260817-232239-1f6ae8e2,Development Strategy,Developer Strategy,Southeast,developer_strategy_development_strategy_southeast,0,0,0,0,0,0,2026-05-20,2026-05-26,0,0,0,25,0,0,Insufficient History,source 다양성이 제한되어 있어 추가 확인이 필요합니다.
2026-08-17,20260817-232239-1f6ae8e2,Development Strategy,Regulation Risk; Developer Strategy,Los Angeles,regulation_risk_developer_strategy_development_strategy_los_angeles,0,0,0,0,0,0,2026-05-21,2026-05-26,0,0,0,25,0,0,Insufficient History,source 다양성이 제한되어 있어 추가 확인이 필요합니다.
2026-08-17,20260817-232239-1f6ae8e2,Development Strategy,Regulation Risk; Developer Strategy,California,regulation_risk_developer_strategy_development_strategy_california,0,0,0,0,0,0,2026-05-21,2026-05-26,0,0,0,25,0,0,Insufficient History,source 다양성이 제한되어 있어 추가 확인이 필요합니다.
2026-08-17,20260817-232239-1f6ae8e2,Development Strategy,Cost Control; Developer Strategy,Other / Unknown,cost_control_developer_strategy_development_strategy_other_unknown,0,0,0,0,0,0,2026-05-21,2026-05-21,0,0,0,25,0,0,Insufficient History,source 다양성이 제한되어 있어 추가 확인이 필요합니다.
2026-08-17,20260817-232239-1f6ae8e2,Development Strategy,Regulation Risk; Developer Strategy,Southeast,regulation_risk_developer_strategy_development_strategy_southeast,0,0,0,0,0,0,2026-05-21,2026-05-21,0,0,0,25,0,0,Insufficient History,source 다양성이 제한되어 있어 추가 확인이 필요합니다.
2026-08-17,20260817-232239-1f6ae8e2,Development Strategy,Cost Control; Developer Strategy,California,cost_control_developer_strategy_development_strategy_california,0,0,0,0,0,0,2026-05-22,2026-05-25,0,0,0,25,0,0,Insufficient History,source 다양성이 제한되어 있어 추가 확인이 필요합니다.
2026-08-17,20260817-232239-1f6ae8e2,Development Strategy,Supply Pressure,National,supply_pressure_development_strategy_national,0,0,0,0,0,0,2026-05-22,2026-05-26,0,0,0,25,0,0,Insufficient History,source 다양성이 제한되어 있어 추가 확인이 필요합니다.
2026-08-17,20260817-232239-1f6ae8e2,Development Strategy,gp_activity,Sun Belt,gp_activity_development_strategy_sun_belt,0,0,0,0,0,0,2026-05-27,2026-05-27,0,0,0,25,0,0,Insufficient History,source 다양성이 제한되어 있어 추가 확인이 필요합니다.
2026-08-17,20260817-232239-1f6ae8e2,Development Strategy,gp_activity,Los Angeles,gp_activity_development_strategy_los_angeles,0,0,0,0,0,0,2026-05-28,2026-05-31,0,0,0,25,0,0,Insufficient History,source 다양성이 제한되어 있어 추가 확인이 필요합니다.
2026-08-17,20260817-232239-1f6ae8e2,Development Strategy,research_data,Santa Monica / California,research_data_development_strategy_santa_monica_california,0,0,0,0,0,0,2026-06-04,2026-06-04,0,0,0,25,0,0,Insufficient History,source 다양성이 제한되어 있어 추가 확인이 필요합니다.
2026-08-17,20260817-232239-1f6ae8e2,Development Strategy,other,Texas,other_development_strategy_texas,0,0,0,0,0,0,2026-06-04,2026-06-04,0,0,0,25,0,0,Insufficient History,source 다양성이 제한되어 있어 추가 확인이 필요합니다.
2026-08-17,20260817-232239-1f6ae8e2,Development Strategy,gp_activity,Seattle,gp_activity_development_strategy_seattle,0,0,0,0,0,0,2026-06-10,2026-06-10,0,0,0,25,0,0,Insufficient History,source 다양성이 제한되어 있어 추가 확인이 필요합니다.
2026-08-17,20260817-232239-1f6ae8e2,Development Strategy,other,Washington DC,other_development_strategy_washington_dc,0,0,0,0,0,0,2026-06-13,2026-06-30,0,0,0,25,0,0,Insufficient History,source 다양성이 제한되어 있어 추가 확인이 필요합니다.
2026-08-17,20260817-232239-1f6ae8e2,Development Strategy,research_data,Other / Unknown,research_data_development_strategy_other_unknown,0,0,0,0,0,0,2026-06-16,2026-07-01,0,0,0,25,0,0,Insufficient History,source 다양성이 제한되어 있어 추가 확인이 필요합니다.
2026-08-17,20260817-232239-1f6ae8e2,Development Strategy,other,Atlanta / Georgia,other_development_strategy_atlanta_georgia,0,0,0,0,0,0,2026-06-17,2026-06-18,0,0,0,25,0,0,Insufficient History,source 다양성이 제한되어 있어 추가 확인이 필요합니다.
2026-08-17,20260817-232239-1f6ae8e2,Development Strategy,research_data,Beverly Hills / California,research_data_development_strategy_beverly_hills_california,0,0,0,0,0,0,2026-06-20,2026-06-23,0,0,0,25,0,0,Insufficient History,source 다양성이 제한되어 있어 추가 확인이 필요합니다.
2026-08-17,20260817-232239-1f6ae8e2,Development Strategy,other,Beverly Hills / California,other_development_strategy_beverly_hills_california,0,0,0,0,0,0,2026-06-20,2026-07-09,0,0,0,25,0,0,Insufficient History,source 다양성이 제한되어 있어 추가 확인이 필요합니다.
2026-08-17,20260817-232239-1f6ae8e2,Development Strategy,research_data,California,research_data_development_strategy_california,0,0,0,0,0,0,2026-06-20,2026-07-06,0,0,0,25,0,0,Insufficient History,source 다양성이 제한되어 있어 추가 확인이 필요합니다.
2026-08-17,20260817-232239-1f6ae8e2,Development Strategy,gp_activity,Riverside / California,gp_activity_development_strategy_riverside_california,0,0,0,0,0,0,2026-06-25,2026-06-26,0,0,0,25,0,0,Insufficient History,source 다양성이 제한되어 있어 추가 확인이 필요합니다.
2026-08-17,20260817-232239-1f6ae8e2,Development Strategy,gp_activity,California,gp_activity_development_strategy_california,0,0,0,0,0,0,2026-06-27,2026-06-30,0,0,0,25,0,0,Insufficient History,source 다양성이 제한되어 있어 추가 확인이 필요합니다.
2026-08-17,20260817-232239-1f6ae8e2,Development Strategy,gp_activity,New York,gp_activity_development_strategy_new_york,0,0,0,0,0,0,2026-06-30,2026-07-15,0,0,0,25,0,0,Insufficient History,source 다양성이 제한되어 있어 추가 확인이 필요합니다.
2026-08-17,20260817-232239-1f6ae8e2,Development Strategy,other,Sun Belt,other_development_strategy_sun_belt,0,0,0,0,0,0,2026-06-30,2026-07-01,0,0,0,25,0,0,Insufficient History,source 다양성이 제한되어 있어 추가 확인이 필요합니다.
2026-08-17,20260817-232239-1f6ae8e2,Development Strategy,other,Santa Monica / California,other_development_strategy_santa_monica_california,0,0,0,0,0,0,2026-07-05,2026-07-07,0,0,0,25,0,0,Insufficient History,source 다양성이 제한되어 있어 추가 확인이 필요합니다.
2026-08-17,20260817-232239-1f6ae8e2,Development Strategy,other,Miami / Florida,other_development_strategy_miami_florida,0,0,0,0,0,0,2026-07-07,2026-07-07,0,0,0,25,0,0,Insufficient History,source 다양성이 제한되어 있어 추가 확인이 필요합니다.
2026-08-17,20260817-232239-1f6ae8e2,Development Strategy,other,Los Angeles,other_development_strategy_los_angeles,0,0,0,0,0,0,2026-07-10,2026-07-14,0,0,0,25,0,0,Insufficient History,source 다양성이 제한되어 있어 추가 확인이 필요합니다.
2026-08-17,20260817-232239-1f6ae8e2,Development Strategy,other,Virginia,other_development_strategy_virginia,0,0,0,0,0,0,2026-07-13,2026-07-13,0,0,0,25,0,0,Insufficient History,source 다양성이 제한되어 있어 추가 확인이 필요합니다.
2026-08-17,20260817-232239-1f6ae8e2,Financing Cost Signal,Financing Risk,New York,financing_risk_financing_cost_signal_new_york,0,0,0,0,0,0,2026-05-19,2026-05-26,0,0,0,25,0,0,Insufficient History,source 다양성이 제한되어 있어 추가 확인이 필요합니다.
2026-08-17,20260817-232239-1f6ae8e2,Financing Cost Signal,Financing Risk; Developer Strategy,Florida,financing_risk_developer_strategy_financing_cost_signal_florida,0,0,0,0,0,0,2026-05-19,2026-05-26,0,0,0,25,0,0,Insufficient History,source 다양성이 제한되어 있어 추가 확인이 필요합니다.
2026-08-17,20260817-232239-1f6ae8e2,Financing Cost Signal,Financing Risk,Other / Unknown,financing_risk_financing_cost_signal_other_unknown,0,0,0,0,0,0,2026-05-20,2026-05-20,0,0,0,25,0,0,Insufficient History,source 다양성이 제한되어 있어 추가 확인이 필요합니다.
2026-08-17,20260817-232239-1f6ae8e2,Financing Cost Signal,Financing Risk; Developer Strategy,Sun Belt,financing_risk_developer_strategy_financing_cost_signal_sun_belt,0,0,0,0,0,0,2026-05-20,2026-05-20,0,0,0,25,0,0,Insufficient History,source 다양성이 제한되어 있어 추가 확인이 필요합니다.
2026-08-17,20260817-232239-1f6ae8e2,Financing Cost Signal,Financing Risk; Regulation Risk,Other / Unknown,financing_risk_regulation_risk_financing_cost_signal_other_unknown,0,0,0,0,0,0,2026-05-20,2026-05-20,0,0,0,25,0,0,Insufficient History,source 다양성이 제한되어 있어 추가 확인이 필요합니다.
2026-08-17,20260817-232239-1f6ae8e2,Financing Cost Signal,Financing Risk; Institutional Flow,National,financing_risk_institutional_flow_financing_cost_signal_national,0,0,0,0,0,0,2026-05-20,2026-05-25,0,0,0,25,0,0,Insufficient History,source 다양성이 제한되어 있어 추가 확인이 필요합니다.
2026-08-17,20260817-232239-1f6ae8e2,Financing Cost Signal,Financing Risk; Institutional Flow; Developer Strategy,National,financing_risk_institutional_flow_developer_strategy_financing_cost_signal_national,0,0,0,0,0,0,2026-05-21,2026-05-25,0,0,0,25,0,0,Insufficient History,source 다양성이 제한되어 있어 추가 확인이 필요합니다.
2026-08-17,20260817-232239-1f6ae8e2,Financing Cost Signal,Financing Risk; Institutional Flow,California,financing_risk_institutional_flow_financing_cost_signal_california,0,0,0,0,0,0,2026-05-21,2026-05-25,0,0,0,25,0,0,Insufficient History,source 다양성이 제한되어 있어 추가 확인이 필요합니다.
2026-08-17,20260817-232239-1f6ae8e2,Financing Cost Signal,Financing Risk,California,financing_risk_financing_cost_signal_california,0,0,0,0,0,0,2026-05-26,2026-05-26,0,0,0,25,0,0,Insufficient History,source 다양성이 제한되어 있어 추가 확인이 필요합니다.
2026-08-17,20260817-232239-1f6ae8e2,Financing Cost Signal,gp_activity,California,gp_activity_financing_cost_signal_california,0,0,0,0,0,0,2026-06-23,2026-06-26,0,0,0,25,0,0,Insufficient History,source 다양성이 제한되어 있어 추가 확인이 필요합니다.
2026-08-17,20260817-232239-1f6ae8e2,Financing Cost Signal,macro_financing,Los Angeles / California,macro_financing_financing_cost_signal_los_angeles_california,0,0,0,0,0,0,2026-07-11,2026-07-14,0,0,0,25,0,0,Insufficient History,source 다양성이 제한되어 있어 추가 확인이 필요합니다.
2026-08-17,20260817-232239-1f6ae8e2,Financing Cost Signal,macro_financing,Connecticut,macro_financing_financing_cost_signal_connecticut,0,0,0,0,0,0,2026-07-15,2026-07-15,0,0,0,25,0,0,Insufficient History,source 다양성이 제한되어 있어 추가 확인이 필요합니다.
2026-08-17,20260817-232239-1f6ae8e2,Institutional Flow; Developer Strategy,Institutional Flow; Developer Strategy,National,institutional_flow_developer_strategy_institutional_flow_developer_strategy_national,0,0,0,0,0,0,2026-05-20,2026-05-21,0,0,0,25,0,0,Insufficient History,source 다양성이 제한되어 있어 추가 확인이 필요합니다.
2026-08-17,20260817-232239-1f6ae8e2,Macro & Financing,Financing Risk; Rent Growth / Demand,National,financing_risk_rent_growth_demand_macro_financing_national,0,0,0,0,0,0,2026-05-19,2026-05-26,0,0,0,25,0,0,Insufficient History,source 다양성이 제한되어 있어 추가 확인이 필요합니다.
2026-08-17,20260817-232239-1f6ae8e2,Macro & Financing,Financing Risk; Institutional Flow; Developer Strategy,New York,financing_risk_institutional_flow_developer_strategy_macro_financing_new_york,0,0,0,0,0,0,2026-05-19,2026-05-19,0,0,0,25,0,0,Insufficient History,source 다양성이 제한되어 있어 추가 확인이 필요합니다.
2026-08-17,20260817-232239-1f6ae8e2,Macro & Financing,Financing Risk; Developer Strategy,New York,financing_risk_developer_strategy_macro_financing_new_york,0,0,0,0,0,0,2026-05-19,2026-05-20,0,0,0,25,0,0,Insufficient History,source 다양성이 제한되어 있어 추가 확인이 필요합니다.
2026-08-17,20260817-232239-1f6ae8e2,Macro & Financing,Financing Risk; Developer Strategy,California,financing_risk_developer_strategy_macro_financing_california,0,0,0,0,0,0,2026-05-19,2026-05-26,0,0,0,25,0,0,Insufficient History,source 다양성이 제한되어 있어 추가 확인이 필요합니다.
2026-08-17,20260817-232239-1f6ae8e2,Macro & Financing,Financing Risk,Sun Belt,financing_risk_macro_financing_sun_belt,0,0,0,0,0,0,2026-05-19,2026-05-26,0,0,0,25,0,0,Insufficient History,source 다양성이 제한되어 있어 추가 확인이 필요합니다.
2026-08-17,20260817-232239-1f6ae8e2,Macro & Financing,Financing Risk; Institutional Flow; Developer Strategy,California,financing_risk_institutional_flow_developer_strategy_macro_financing_california,0,0,0,0,0,0,2026-05-19,2026-05-26,0,0,0,25,0,0,Insufficient History,source 다양성이 제한되어 있어 추가 확인이 필요합니다.
2026-08-17,20260817-232239-1f6ae8e2,Macro & Financing,Financing Risk; Developer Strategy,Sun Belt,financing_risk_developer_strategy_macro_financing_sun_belt,0,0,0,0,0,0,2026-05-19,2026-05-26,0,0,0,25,0,0,Insufficient History,source 다양성이 제한되어 있어 추가 확인이 필요합니다.
2026-08-17,20260817-232239-1f6ae8e2,Macro & Financing,Supply Pressure; Institutional Flow; Developer Strategy,Sun Belt,supply_pressure_institutional_flow_developer_strategy_macro_financing_sun_belt,0,0,0,0,0,0,2026-05-19,2026-05-19,0,0,0,25,0,0,Insufficient History,source 다양성이 제한되어 있어 추가 확인이 필요합니다.
2026-08-17,20260817-232239-1f6ae8e2,Macro & Financing,Financing Risk; Institutional Flow,Sun Belt,financing_risk_institutional_flow_macro_financing_sun_belt,0,0,0,0,0,0,2026-05-19,2026-05-24,0,0,0,25,0,0,Insufficient History,source 다양성이 제한되어 있어 추가 확인이 필요합니다.
2026-08-17,20260817-232239-1f6ae8e2,Macro & Financing,Developer Strategy,Sun Belt,developer_strategy_macro_financing_sun_belt,0,0,0,0,0,0,2026-05-19,2026-05-26,0,0,0,25,0,0,Insufficient History,source 다양성이 제한되어 있어 추가 확인이 필요합니다.
2026-08-17,20260817-232239-1f6ae8e2,Macro & Financing,Institutional Flow; Developer Strategy,Los Angeles,institutional_flow_developer_strategy_macro_financing_los_angeles,0,0,0,0,0,0,2026-05-19,2026-05-19,0,0,0,25,0,0,Insufficient History,source 다양성이 제한되어 있어 추가 확인이 필요합니다.
2026-08-17,20260817-232239-1f6ae8e2,Macro & Financing,Financing Risk; Institutional Flow,New York,financing_risk_institutional_flow_macro_financing_new_york,0,0,0,0,0,0,2026-05-19,2026-05-26,0,0,0,25,0,0,Insufficient History,source 다양성이 제한되어 있어 추가 확인이 필요합니다.
2026-08-17,20260817-232239-1f6ae8e2,Macro & Financing,Institutional Flow,Other / Unknown,institutional_flow_macro_financing_other_unknown,0,0,0,0,0,0,2026-05-19,2026-05-26,0,0,0,25,0,0,Insufficient History,source 다양성이 제한되어 있어 추가 확인이 필요합니다.
2026-08-17,20260817-232239-1f6ae8e2,Macro & Financing,Financing Risk; Institutional Flow,California,financing_risk_institutional_flow_macro_financing_california,0,0,0,0,0,0,2026-05-19,2026-05-26,0,0,0,25,0,0,Insufficient History,source 다양성이 제한되어 있어 추가 확인이 필요합니다.
2026-08-17,20260817-232239-1f6ae8e2,Macro & Financing,Financing Risk; Institutional Flow,Other / Unknown,financing_risk_institutional_flow_macro_financing_other_unknown,0,0,0,0,0,0,2026-05-19,2026-05-26,0,0,0,25,0,0,Insufficient History,source 다양성이 제한되어 있어 추가 확인이 필요합니다.
2026-08-17,20260817-232239-1f6ae8e2,Macro & Financing,Institutional Flow; Developer Strategy,Other / Unknown,institutional_flow_developer_strategy_macro_financing_other_unknown,0,0,0,0,0,0,2026-05-19,2026-05-21,0,0,0,25,0,0,Insufficient History,source 다양성이 제한되어 있어 추가 확인이 필요합니다.
2026-08-17,20260817-232239-1f6ae8e2,Macro & Financing,Financing Risk; Developer Strategy,Los Angeles,financing_risk_developer_strategy_macro_financing_los_angeles,0,0,0,0,0,0,2026-05-20,2026-05-23,0,0,0,25,0,0,Insufficient History,source 다양성이 제한되어 있어 추가 확인이 필요합니다.
2026-08-17,20260817-232239-1f6ae8e2,Macro & Financing,Institutional Flow; Developer Strategy,New York,institutional_flow_developer_strategy_macro_financing_new_york,0,0,0,0,0,0,2026-05-20,2026-05-20,0,0,0,25,0,0,Insufficient History,source 다양성이 제한되어 있어 추가 확인이 필요합니다.
2026-08-17,20260817-232239-1f6ae8e2,Macro & Financing,Institutional Flow; Developer Strategy,Sun Belt,institutional_flow_developer_strategy_macro_financing_sun_belt,0,0,0,0,0,0,2026-05-20,2026-05-21,0,0,0,25,0,0,Insufficient History,source 다양성이 제한되어 있어 추가 확인이 필요합니다.
2026-08-17,20260817-232239-1f6ae8e2,Macro & Financing,Financing Risk; Developer Strategy,National,financing_risk_developer_strategy_macro_financing_national,0,0,0,0,0,0,2026-05-20,2026-05-20,0,0,0,25,0,0,Insufficient History,source 다양성이 제한되어 있어 추가 확인이 필요합니다.
2026-08-17,20260817-232239-1f6ae8e2,Macro & Financing,Institutional Flow,National,institutional_flow_macro_financing_national,0,0,0,0,0,0,2026-05-20,2026-05-26,0,0,0,25,0,0,Insufficient History,source 다양성이 제한되어 있어 추가 확인이 필요합니다.
2026-08-17,20260817-232239-1f6ae8e2,Macro & Financing,Financing Risk; Developer Strategy,Other / Unknown,financing_risk_developer_strategy_macro_financing_other_unknown,0,0,0,0,0,0,2026-05-20,2026-05-25,0,0,0,25,0,0,Insufficient History,source 다양성이 제한되어 있어 추가 확인이 필요합니다.
2026-08-17,20260817-232239-1f6ae8e2,Macro & Financing,Financing Risk; Regulation Risk; Developer Strategy,New York,financing_risk_regulation_risk_developer_strategy_macro_financing_new_york,0,0,0,0,0,0,2026-05-20,2026-05-21,0,0,0,25,0,0,Insufficient History,source 다양성이 제한되어 있어 추가 확인이 필요합니다.
2026-08-17,20260817-232239-1f6ae8e2,Macro & Financing,Institutional Flow,Sun Belt,institutional_flow_macro_financing_sun_belt,0,0,0,0,0,0,2026-05-21,2026-05-26,0,0,0,25,0,0,Insufficient History,source 다양성이 제한되어 있어 추가 확인이 필요합니다.
2026-08-17,20260817-232239-1f6ae8e2,Macro & Financing,Institutional Flow; Developer Strategy,Southeast,institutional_flow_developer_strategy_macro_financing_southeast,0,0,0,0,0,0,2026-05-21,2026-05-21,0,0,0,25,0,0,Insufficient History,source 다양성이 제한되어 있어 추가 확인이 필요합니다.
2026-08-17,20260817-232239-1f6ae8e2,Macro & Financing,Institutional Flow; Developer Strategy,National,institutional_flow_developer_strategy_macro_financing_national,0,0,0,0,0,0,2026-05-21,2026-05-21,0,0,0,25,0,0,Insufficient History,source 다양성이 제한되어 있어 추가 확인이 필요합니다.
2026-08-17,20260817-232239-1f6ae8e2,Macro & Financing,Financing Risk,Other / Unknown,financing_risk_macro_financing_other_unknown,0,0,0,0,0,0,2026-05-21,2026-05-21,0,0,0,25,0,0,Insufficient History,source 다양성이 제한되어 있어 추가 확인이 필요합니다.
2026-08-17,20260817-232239-1f6ae8e2,Macro & Financing,Financing Risk; Rent Growth / Demand,Sun Belt,financing_risk_rent_growth_demand_macro_financing_sun_belt,0,0,0,0,0,0,2026-05-21,2026-05-25,0,0,0,25,0,0,Insufficient History,source 다양성이 제한되어 있어 추가 확인이 필요합니다.
2026-08-17,20260817-232239-1f6ae8e2,Macro & Financing,Financing Risk; Supply Pressure,National,financing_risk_supply_pressure_macro_financing_national,0,0,0,0,0,0,2026-05-25,2026-05-25,0,0,0,25,0,0,Insufficient History,source 다양성이 제한되어 있어 추가 확인이 필요합니다.
2026-08-17,20260817-232239-1f6ae8e2,Macro & Financing,Financing Risk; Regulation Risk; Institutional Flow,National,financing_risk_regulation_risk_institutional_flow_macro_financing_national,0,0,0,0,0,0,2026-05-26,2026-05-26,0,0,0,25,0,0,Insufficient History,source 다양성이 제한되어 있어 추가 확인이 필요합니다.
2026-08-17,20260817-232239-1f6ae8e2,Macro & Financing,Rent Growth / Demand; Institutional Flow,Other / Unknown,rent_growth_demand_institutional_flow_macro_financing_other_unknown,0,0,0,0,0,0,2026-05-26,2026-05-26,0,0,0,25,0,0,Insufficient History,source 다양성이 제한되어 있어 추가 확인이 필요합니다.
2026-08-17,20260817-232239-1f6ae8e2,Macro & Financing,Institutional Flow,Seattle,institutional_flow_macro_financing_seattle,0,0,0,0,0,0,2026-05-26,2026-05-26,0,0,0,25,0,0,Insufficient History,source 다양성이 제한되어 있어 추가 확인이 필요합니다.
2026-08-17,20260817-232239-1f6ae8e2,Macro & Financing,Institutional Flow,Southeast,institutional_flow_macro_financing_southeast,0,0,0,0,0,0,2026-05-26,2026-05-26,0,0,0,25,0,0,Insufficient History,source 다양성이 제한되어 있어 추가 확인이 필요합니다.
2026-08-17,20260817-232239-1f6ae8e2,Macro & Financing,operations_property_management,National,operations_property_management_macro_financing_national,0,0,0,0,0,0,2026-06-08,2026-06-08,0,0,0,25,0,0,Insufficient History,source 다양성이 제한되어 있어 추가 확인이 필요합니다.
2026-08-17,20260817-232239-1f6ae8e2,Macro & Financing,gp_activity,Seattle,gp_activity_macro_financing_seattle,0,0,0,0,0,0,2026-06-13,2026-06-15,0,0,0,25,0,0,Insufficient History,source 다양성이 제한되어 있어 추가 확인이 필요합니다.
2026-08-17,20260817-232239-1f6ae8e2,Macro & Financing,gp_activity,Other / Unknown,gp_activity_macro_financing_other_unknown,0,0,0,0,0,0,2026-06-13,2026-06-22,0,0,0,25,0,0,Insufficient History,source 다양성이 제한되어 있어 추가 확인이 필요합니다.
2026-08-17,20260817-232239-1f6ae8e2,Macro & Financing,gp_activity,California,gp_activity_macro_financing_california,0,0,0,0,0,0,2026-06-16,2026-06-16,0,0,0,25,0,0,Insufficient History,source 다양성이 제한되어 있어 추가 확인이 필요합니다.
2026-08-17,20260817-232239-1f6ae8e2,Macro & Financing,gp_activity,Miami / Florida,gp_activity_macro_financing_miami_florida,0,0,0,0,0,0,2026-06-19,2026-06-22,0,0,0,25,0,0,Insufficient History,source 다양성이 제한되어 있어 추가 확인이 필요합니다.
2026-08-17,20260817-232239-1f6ae8e2,Macro & Financing,gp_activity,Sun Belt,gp_activity_macro_financing_sun_belt,0,0,0,0,0,0,2026-06-25,2026-06-25,0,0,0,25,0,0,Insufficient History,source 다양성이 제한되어 있어 추가 확인이 필요합니다.
2026-08-17,20260817-232239-1f6ae8e2,Macro & Financing,macro_financing,New York City / New York,macro_financing_macro_financing_new_york_city_new_york,0,0,0,0,0,0,2026-06-26,2026-07-02,0,0,0,25,0,0,Insufficient History,source 다양성이 제한되어 있어 추가 확인이 필요합니다.
2026-08-17,20260817-232239-1f6ae8e2,Macro & Financing,gp_activity,Virginia,gp_activity_macro_financing_virginia,0,0,0,0,0,0,2026-06-30,2026-06-30,0,0,0,25,0,0,Insufficient History,source 다양성이 제한되어 있어 추가 확인이 필요합니다.
2026-08-17,20260817-232239-1f6ae8e2,Macro & Financing,macro_financing,Atlanta / Georgia,macro_financing_macro_financing_atlanta_georgia,0,0,0,0,0,0,2026-07-02,2026-07-02,0,0,0,25,0,0,Insufficient History,source 다양성이 제한되어 있어 추가 확인이 필요합니다.
2026-08-17,20260817-232239-1f6ae8e2,Macro & Financing,macro_financing,New York,macro_financing_macro_financing_new_york,0,0,0,0,0,0,2026-07-07,2026-07-07,0,0,0,25,0,0,Insufficient History,source 다양성이 제한되어 있어 추가 확인이 필요합니다.
2026-08-17,20260817-232239-1f6ae8e2,Macro & Financing,gp_activity,Southeast,gp_activity_macro_financing_southeast,0,0,0,0,0,0,2026-07-09,2026-07-09,0,0,0,25,0,0,Insufficient History,source 다양성이 제한되어 있어 추가 확인이 필요합니다.
2026-08-17,20260817-232239-1f6ae8e2,Macro & Financing,macro_financing,Houston / Texas,macro_financing_macro_financing_houston_texas,0,0,0,0,0,0,2026-07-09,2026-07-13,0,0,0,25,0,0,Insufficient History,source 다양성이 제한되어 있어 추가 확인이 필요합니다.
2026-08-17,20260817-232239-1f6ae8e2,Market Players & Deals,other,Atlanta / Georgia,other_market_players_deals_atlanta_georgia,0,0,0,0,0,0,2026-07-14,2026-07-15,0,0,0,25,0,0,Insufficient History,source 다양성이 제한되어 있어 추가 확인이 필요합니다.
2026-08-17,20260817-232239-1f6ae8e2,Policy & Regulation,gp_activity,New York City / New York,gp_activity_policy_regulation_new_york_city_new_york,0,0,0,0,0,0,2026-07-07,2026-07-07,0,0,0,25,0,0,Insufficient History,source 다양성이 제한되어 있어 추가 확인이 필요합니다.
2026-08-17,20260817-232239-1f6ae8e2,Policy & Regulation,other,Los Angeles / California,other_policy_regulation_los_angeles_california,0,0,0,0,0,0,2026-07-09,2026-07-11,0,0,0,25,0,0,Insufficient History,source 다양성이 제한되어 있어 추가 확인이 필요합니다.
2026-08-17,20260817-232239-1f6ae8e2,Rent Growth Signal,Regulation Risk; Developer Strategy,Los Angeles,regulation_risk_developer_strategy_rent_growth_signal_los_angeles,0,0,0,0,0,0,2026-05-19,2026-05-26,0,0,0,25,0,0,Insufficient History,source 다양성이 제한되어 있어 추가 확인이 필요합니다.
2026-08-17,20260817-232239-1f6ae8e2,Rent Growth Signal,Institutional Flow; Developer Strategy,Other / Unknown,institutional_flow_developer_strategy_rent_growth_signal_other_unknown,0,0,0,0,0,0,2026-05-19,2026-05-24,0,0,0,25,0,0,Insufficient History,source 다양성이 제한되어 있어 추가 확인이 필요합니다.
2026-08-17,20260817-232239-1f6ae8e2,Rent Growth Signal,Developer Strategy,Sun Belt,developer_strategy_rent_growth_signal_sun_belt,0,0,0,0,0,0,2026-05-19,2026-05-26,0,0,0,25,0,0,Insufficient History,source 다양성이 제한되어 있어 추가 확인이 필요합니다.
2026-08-17,20260817-232239-1f6ae8e2,Rent Growth Signal,Financing Risk; Developer Strategy,Sun Belt,financing_risk_developer_strategy_rent_growth_signal_sun_belt,0,0,0,0,0,0,2026-05-19,2026-05-20,0,0,0,25,0,0,Insufficient History,source 다양성이 제한되어 있어 추가 확인이 필요합니다.
2026-08-17,20260817-232239-1f6ae8e2,Rent Growth Signal,Financing Risk,Sun Belt,financing_risk_rent_growth_signal_sun_belt,0,0,0,0,0,0,2026-05-19,2026-05-26,0,0,0,25,0,0,Insufficient History,source 다양성이 제한되어 있어 추가 확인이 필요합니다.
2026-08-17,20260817-232239-1f6ae8e2,Rent Growth Signal,Supply Pressure,Other / Unknown,supply_pressure_rent_growth_signal_other_unknown,0,0,0,0,0,0,2026-05-19,2026-05-26,0,0,0,25,0,0,Insufficient History,source 다양성이 제한되어 있어 추가 확인이 필요합니다.
2026-08-17,20260817-232239-1f6ae8e2,Rent Growth Signal,Financing Risk; Supply Pressure; Regulation Risk; Developer Strategy,Los Angeles,financing_risk_supply_pressure_regulation_risk_developer_strategy_rent_growth_signal_los_angeles,0,0,0,0,0,0,2026-05-20,2026-05-22,0,0,0,25,0,0,Insufficient History,source 다양성이 제한되어 있어 추가 확인이 필요합니다.
2026-08-17,20260817-232239-1f6ae8e2,Rent Growth Signal,Financing Risk; Institutional Flow,Other / Unknown,financing_risk_institutional_flow_rent_growth_signal_other_unknown,0,0,0,0,0,0,2026-05-20,2026-05-21,0,0,0,25,0,0,Insufficient History,source 다양성이 제한되어 있어 추가 확인이 필요합니다.
2026-08-17,20260817-232239-1f6ae8e2,Rent Growth Signal,Supply Pressure; Institutional Flow,Other / Unknown,supply_pressure_institutional_flow_rent_growth_signal_other_unknown,0,0,0,0,0,0,2026-05-20,2026-05-20,0,0,0,25,0,0,Insufficient History,source 다양성이 제한되어 있어 추가 확인이 필요합니다.
2026-08-17,20260817-232239-1f6ae8e2,Rent Growth Signal,Developer Strategy,Texas,developer_strategy_rent_growth_signal_texas,0,0,0,0,0,0,2026-05-20,2026-05-21,0,0,0,25,0,0,Insufficient History,source 다양성이 제한되어 있어 추가 확인이 필요합니다.
2026-08-17,20260817-232239-1f6ae8e2,Rent Growth Signal,Developer Strategy,California,developer_strategy_rent_growth_signal_california,0,0,0,0,0,0,2026-05-21,2026-05-26,0,0,0,25,0,0,Insufficient History,source 다양성이 제한되어 있어 추가 확인이 필요합니다.
2026-08-17,20260817-232239-1f6ae8e2,Rent Growth Signal,Developer Strategy,National,developer_strategy_rent_growth_signal_national,0,0,0,0,0,0,2026-05-21,2026-05-21,0,0,0,25,0,0,Insufficient History,source 다양성이 제한되어 있어 추가 확인이 필요합니다.
2026-08-17,20260817-232239-1f6ae8e2,Rent Growth Signal,Financing Risk; Institutional Flow,Sun Belt,financing_risk_institutional_flow_rent_growth_signal_sun_belt,0,0,0,0,0,0,2026-05-22,2026-05-25,0,0,0,25,0,0,Insufficient History,source 다양성이 제한되어 있어 추가 확인이 필요합니다.
2026-08-17,20260817-232239-1f6ae8e2,Rent Growth Signal,Financing Risk; Institutional Flow,California,financing_risk_institutional_flow_rent_growth_signal_california,0,0,0,0,0,0,2026-05-22,2026-05-26,0,0,0,25,0,0,Insufficient History,source 다양성이 제한되어 있어 추가 확인이 필요합니다.
2026-08-17,20260817-232239-1f6ae8e2,Rent Growth Signal,Financing Risk; Developer Strategy,Arizona,financing_risk_developer_strategy_rent_growth_signal_arizona,0,0,0,0,0,0,2026-05-22,2026-05-22,0,0,0,25,0,0,Insufficient History,source 다양성이 제한되어 있어 추가 확인이 필요합니다.
2026-08-17,20260817-232239-1f6ae8e2,Rent Growth Signal,Financing Risk; Regulation Risk; Institutional Flow,Los Angeles,financing_risk_regulation_risk_institutional_flow_rent_growth_signal_los_angeles,0,0,0,0,0,0,2026-05-23,2026-05-26,0,0,0,25,0,0,Insufficient History,source 다양성이 제한되어 있어 추가 확인이 필요합니다.
2026-08-17,20260817-232239-1f6ae8e2,Rent Growth Signal,Developer Strategy,New York,developer_strategy_rent_growth_signal_new_york,0,0,0,0,0,0,2026-05-25,2026-05-25,0,0,0,25,0,0,Insufficient History,source 다양성이 제한되어 있어 추가 확인이 필요합니다.
2026-08-17,20260817-232239-1f6ae8e2,Rent Growth Signal,Developer Strategy,Arizona,developer_strategy_rent_growth_signal_arizona,0,0,0,0,0,0,2026-05-25,2026-05-25,0,0,0,25,0,0,Insufficient History,source 다양성이 제한되어 있어 추가 확인이 필요합니다.
2026-08-17,20260817-232239-1f6ae8e2,Rent Growth Signal,Financing Risk; Developer Strategy,National,financing_risk_developer_strategy_rent_growth_signal_national,0,0,0,0,0,0,2026-05-26,2026-05-26,0,0,0,25,0,0,Insufficient History,source 다양성이 제한되어 있어 추가 확인이 필요합니다.
2026-08-17,20260817-232239-1f6ae8e2,Rent Growth Signal,Developer Strategy,Southeast,developer_strategy_rent_growth_signal_southeast,0,0,0,0,0,0,2026-05-26,2026-05-26,0,0,0,25,0,0,Insufficient History,source 다양성이 제한되어 있어 추가 확인이 필요합니다.
2026-08-17,20260817-232239-1f6ae8e2,Rent Growth Signal,Developer Strategy,Florida,developer_strategy_rent_growth_signal_florida,0,0,0,0,0,0,2026-05-26,2026-05-26,0,0,0,25,0,0,Insufficient History,source 다양성이 제한되어 있어 추가 확인이 필요합니다.
2026-08-17,20260817-232239-1f6ae8e2,Rent Growth Signal,Institutional Flow,Other / Unknown,institutional_flow_rent_growth_signal_other_unknown,0,0,0,0,0,0,2026-05-26,2026-05-26,0,0,0,25,0,0,Insufficient History,source 다양성이 제한되어 있어 추가 확인이 필요합니다.
2026-08-17,20260817-232239-1f6ae8e2,Rent Growth Signal,Rent Growth / Demand; Developer Strategy,Los Angeles,rent_growth_demand_developer_strategy_rent_growth_signal_los_angeles,0,0,0,0,0,0,2026-05-26,2026-05-26,0,0,0,25,0,0,Insufficient History,source 다양성이 제한되어 있어 추가 확인이 필요합니다.
2026-08-17,20260817-232239-1f6ae8e2,Rent Growth Signal,other,Los Angeles,other_rent_growth_signal_los_angeles,0,0,0,0,0,0,2026-06-10,2026-06-13,0,0,0,25,0,0,Insufficient History,source 다양성이 제한되어 있어 추가 확인이 필요합니다.
2026-08-17,20260817-232239-1f6ae8e2,Rent Growth Signal,gp_activity,Beverly Hills / California,gp_activity_rent_growth_signal_beverly_hills_california,0,0,0,0,0,0,2026-06-17,2026-06-20,0,0,0,25,0,0,Insufficient History,source 다양성이 제한되어 있어 추가 확인이 필요합니다.
2026-08-17,20260817-232239-1f6ae8e2,Rent Growth Signal,other,National,other_rent_growth_signal_national,0,0,0,0,0,0,2026-06-26,2026-06-26,0,0,0,25,0,0,Insufficient History,source 다양성이 제한되어 있어 추가 확인이 필요합니다.
2026-08-17,20260817-232239-1f6ae8e2,Rent Growth Signal,research_data,Santa Monica / California,research_data_rent_growth_signal_santa_monica_california,0,0,0,0,0,0,2026-07-07,2026-07-09,0,0,0,25,0,0,Insufficient History,source 다양성이 제한되어 있어 추가 확인이 필요합니다.
2026-08-17,20260817-232239-1f6ae8e2,Rent Growth Signal,other,New York City / New York,other_rent_growth_signal_new_york_city_new_york,0,0,0,0,0,0,2026-07-15,2026-07-15,0,0,0,25,0,0,Insufficient History,source 다양성이 제한되어 있어 추가 확인이 필요합니다.
2026-08-17,20260817-232239-1f6ae8e2,Supply & Demand,Regulation Risk; Developer Strategy,Other / Unknown,regulation_risk_developer_strategy_supply_demand_other_unknown,0,0,0,0,0,0,2026-05-19,2026-05-19,0,0,0,25,0,0,Insufficient History,source 다양성이 제한되어 있어 추가 확인이 필요합니다.
2026-08-17,20260817-232239-1f6ae8e2,Supply & Demand,Developer Strategy,Sun Belt,developer_strategy_supply_demand_sun_belt,0,0,0,0,0,0,2026-05-19,2026-05-25,0,0,0,25,0,0,Insufficient History,source 다양성이 제한되어 있어 추가 확인이 필요합니다.
2026-08-17,20260817-232239-1f6ae8e2,Supply & Demand,Developer Strategy,California,developer_strategy_supply_demand_california,0,0,0,0,0,0,2026-05-19,2026-05-19,0,0,0,25,0,0,Insufficient History,source 다양성이 제한되어 있어 추가 확인이 필요합니다.
2026-08-17,20260817-232239-1f6ae8e2,Supply & Demand,Developer Strategy,Other / Unknown,developer_strategy_supply_demand_other_unknown,0,0,0,0,0,0,2026-05-19,2026-05-26,0,0,0,25,0,0,Insufficient History,source 다양성이 제한되어 있어 추가 확인이 필요합니다.
2026-08-17,20260817-232239-1f6ae8e2,Supply & Demand,Rent Growth / Demand; Developer Strategy,National,rent_growth_demand_developer_strategy_supply_demand_national,0,0,0,0,0,0,2026-05-19,2026-05-26,0,0,0,25,0,0,Insufficient History,source 다양성이 제한되어 있어 추가 확인이 필요합니다.
2026-08-17,20260817-232239-1f6ae8e2,Supply & Demand,Supply Pressure; Developer Strategy,Sun Belt,supply_pressure_developer_strategy_supply_demand_sun_belt,0,0,0,0,0,0,2026-05-19,2026-05-19,0,0,0,25,0,0,Insufficient History,source 다양성이 제한되어 있어 추가 확인이 필요합니다.
2026-08-17,20260817-232239-1f6ae8e2,Supply & Demand,Rent Growth / Demand,Los Angeles,rent_growth_demand_supply_demand_los_angeles,0,0,0,0,0,0,2026-05-19,2026-05-19,0,0,0,25,0,0,Insufficient History,source 다양성이 제한되어 있어 추가 확인이 필요합니다.
2026-08-17,20260817-232239-1f6ae8e2,Supply & Demand,Supply Pressure; Rent Growth / Demand,Sun Belt,supply_pressure_rent_growth_demand_supply_demand_sun_belt,0,0,0,0,0,0,2026-05-20,2026-05-21,0,0,0,25,0,0,Insufficient History,source 다양성이 제한되어 있어 추가 확인이 필요합니다.
2026-08-17,20260817-232239-1f6ae8e2,Supply & Demand,Developer Strategy,Texas,developer_strategy_supply_demand_texas,0,0,0,0,0,0,2026-05-25,2026-05-25,0,0,0,25,0,0,Insufficient History,source 다양성이 제한되어 있어 추가 확인이 필요합니다.
2026-08-17,20260817-232239-1f6ae8e2,Supply & Demand,other,National,other_supply_demand_national,0,0,0,0,0,0,2026-06-10,2026-06-12,0,0,0,25,0,0,Insufficient History,source 다양성이 제한되어 있어 추가 확인이 필요합니다.
2026-08-17,20260817-232239-1f6ae8e2,Supply & Demand,other,San Francisco / California,other_supply_demand_san_francisco_california,0,0,0,0,0,0,2026-06-10,2026-06-12,0,0,0,25,0,0,Insufficient History,source 다양성이 제한되어 있어 추가 확인이 필요합니다.
2026-08-17,20260817-232239-1f6ae8e2,Supply & Demand,gp_activity,Georgia,gp_activity_supply_demand_georgia,0,0,0,0,0,0,2026-06-11,2026-06-11,0,0,0,25,0,0,Insufficient History,source 다양성이 제한되어 있어 추가 확인이 필요합니다.
2026-08-17,20260817-232239-1f6ae8e2,Supply & Demand,research_data,San Francisco / California,research_data_supply_demand_san_francisco_california,0,0,0,0,0,0,2026-06-19,2026-06-22,0,0,0,25,0,0,Insufficient History,source 다양성이 제한되어 있어 추가 확인이 필요합니다.
2026-08-17,20260817-232239-1f6ae8e2,Supply & Demand,gp_activity,Phoenix / Arizona,gp_activity_supply_demand_phoenix_arizona,0,0,0,0,0,0,2026-06-23,2026-06-23,0,0,0,25,0,0,Insufficient History,source 다양성이 제한되어 있어 추가 확인이 필요합니다.
2026-08-17,20260817-232239-1f6ae8e2,Supply & Demand,other,Los Angeles / California,other_supply_demand_los_angeles_california,0,0,0,0,0,0,2026-07-09,2026-07-12,0,0,0,25,0,0,Insufficient History,source 다양성이 제한되어 있어 추가 확인이 필요합니다.
2026-08-17,20260817-232239-1f6ae8e2,Supply & Demand,other,New York City / New York,other_supply_demand_new_york_city_new_york,0,0,0,0,0,0,2026-07-10,2026-07-12,0,0,0,25,0,0,Insufficient History,source 다양성이 제한되어 있어 추가 확인이 필요합니다.
2026-08-17,20260817-232239-1f6ae8e2,Supply & Demand,other,Other / Unknown,other_supply_demand_other_unknown,0,0,0,0,0,0,2026-07-12,2026-07-14,0,0,0,25,0,0,Insufficient History,source 다양성이 제한되어 있어 추가 확인이 필요합니다.
2026-08-17,20260817-232239-1f6ae8e2,Supply / Starts Signal,Institutional Flow,Los Angeles,institutional_flow_supply_starts_signal_los_angeles,0,0,0,0,0,0,2026-05-19,2026-05-26,0,0,0,25,0,0,Insufficient History,source 다양성이 제한되어 있어 추가 확인이 필요합니다.
2026-08-17,20260817-232239-1f6ae8e2,Supply / Starts Signal,Developer Strategy,Los Angeles,developer_strategy_supply_starts_signal_los_angeles,0,0,0,0,0,0,2026-05-19,2026-05-20,0,0,0,25,0,0,Insufficient History,source 다양성이 제한되어 있어 추가 확인이 필요합니다.
2026-08-17,20260817-232239-1f6ae8e2,Supply / Starts Signal,Financing Risk; Regulation Risk; Institutional Flow; Developer Strategy,Los Angeles,financing_risk_regulation_risk_institutional_flow_developer_strategy_supply_starts_signal_los_angeles,0,0,0,0,0,0,2026-05-19,2026-05-19,0,0,0,25,0,0,Insufficient History,source 다양성이 제한되어 있어 추가 확인이 필요합니다.
2026-08-17,20260817-232239-1f6ae8e2,Supply / Starts Signal,Financing Risk; Developer Strategy,Other / Unknown,financing_risk_developer_strategy_supply_starts_signal_other_unknown,0,0,0,0,0,0,2026-05-19,2026-05-20,0,0,0,25,0,0,Insufficient History,source 다양성이 제한되어 있어 추가 확인이 필요합니다.
2026-08-17,20260817-232239-1f6ae8e2,Supply / Starts Signal,Financing Risk; Institutional Flow; Developer Strategy,Los Angeles,financing_risk_institutional_flow_developer_strategy_supply_starts_signal_los_angeles,0,0,0,0,0,0,2026-05-19,2026-05-19,0,0,0,25,0,0,Insufficient History,source 다양성이 제한되어 있어 추가 확인이 필요합니다.
2026-08-17,20260817-232239-1f6ae8e2,Supply / Starts Signal,Regulation Risk,Other / Unknown,regulation_risk_supply_starts_signal_other_unknown,0,0,0,0,0,0,2026-05-19,2026-05-19,0,0,0,25,0,0,Insufficient History,source 다양성이 제한되어 있어 추가 확인이 필요합니다.
2026-08-17,20260817-232239-1f6ae8e2,Supply / Starts Signal,Rent Growth / Demand,Other / Unknown,rent_growth_demand_supply_starts_signal_other_unknown,0,0,0,0,0,0,2026-05-19,2026-05-26,0,0,0,25,0,0,Insufficient History,source 다양성이 제한되어 있어 추가 확인이 필요합니다.
2026-08-17,20260817-232239-1f6ae8e2,Supply / Starts Signal,Institutional Flow,New York,institutional_flow_supply_starts_signal_new_york,0,0,0,0,0,0,2026-05-19,2026-05-26,0,0,0,25,0,0,Insufficient History,source 다양성이 제한되어 있어 추가 확인이 필요합니다.
2026-08-17,20260817-232239-1f6ae8e2,Supply / Starts Signal,Supply Pressure; Rent Growth / Demand; Institutional Flow,New York,supply_pressure_rent_growth_demand_institutional_flow_supply_starts_signal_new_york,0,0,0,0,0,0,2026-05-19,2026-05-20,0,0,0,25,0,0,Insufficient History,source 다양성이 제한되어 있어 추가 확인이 필요합니다.
2026-08-17,20260817-232239-1f6ae8e2,Supply / Starts Signal,Financing Risk; Developer Strategy,New York,financing_risk_developer_strategy_supply_starts_signal_new_york,0,0,0,0,0,0,2026-05-20,2026-05-21,0,0,0,25,0,0,Insufficient History,source 다양성이 제한되어 있어 추가 확인이 필요합니다.
2026-08-17,20260817-232239-1f6ae8e2,Supply / Starts Signal,Developer Strategy,Sun Belt,developer_strategy_supply_starts_signal_sun_belt,0,0,0,0,0,0,2026-05-20,2026-05-20,0,0,0,25,0,0,Insufficient History,source 다양성이 제한되어 있어 추가 확인이 필요합니다.
2026-08-17,20260817-232239-1f6ae8e2,Supply / Starts Signal,Institutional Flow,Other / Unknown,institutional_flow_supply_starts_signal_other_unknown,0,0,0,0,0,0,2026-05-20,2026-05-26,0,0,0,25,0,0,Insufficient History,source 다양성이 제한되어 있어 추가 확인이 필요합니다.
2026-08-17,20260817-232239-1f6ae8e2,Supply / Starts Signal,Financing Risk; Institutional Flow,Other / Unknown,financing_risk_institutional_flow_supply_starts_signal_other_unknown,0,0,0,0,0,0,2026-05-21,2026-05-21,0,0,0,25,0,0,Insufficient History,source 다양성이 제한되어 있어 추가 확인이 필요합니다.
2026-08-17,20260817-232239-1f6ae8e2,Supply / Starts Signal,Financing Risk,Other / Unknown,financing_risk_supply_starts_signal_other_unknown,0,0,0,0,0,0,2026-05-21,2026-05-21,0,0,0,25,0,0,Insufficient History,source 다양성이 제한되어 있어 추가 확인이 필요합니다.
2026-08-17,20260817-232239-1f6ae8e2,Supply / Starts Signal,Supply Pressure; Developer Strategy,National,supply_pressure_developer_strategy_supply_starts_signal_national,0,0,0,0,0,0,2026-05-21,2026-05-21,0,0,0,25,0,0,Insufficient History,source 다양성이 제한되어 있어 추가 확인이 필요합니다.
2026-08-17,20260817-232239-1f6ae8e2,Supply / Starts Signal,Developer Strategy,Other / Unknown,developer_strategy_supply_starts_signal_other_unknown,0,0,0,0,0,0,2026-05-22,2026-05-25,0,0,0,25,0,0,Insufficient History,source 다양성이 제한되어 있어 추가 확인이 필요합니다.
2026-08-17,20260817-232239-1f6ae8e2,Supply / Starts Signal,Developer Strategy,California,developer_strategy_supply_starts_signal_california,0,0,0,0,0,0,2026-05-25,2026-05-26,0,0,0,25,0,0,Insufficient History,source 다양성이 제한되어 있어 추가 확인이 필요합니다.
2026-08-17,20260817-232239-1f6ae8e2,Supply / Starts Signal,Regulation Risk; Developer Strategy,Los Angeles,regulation_risk_developer_strategy_supply_starts_signal_los_angeles,0,0,0,0,0,0,2026-05-26,2026-05-26,0,0,0,25,0,0,Insufficient History,source 다양성이 제한되어 있어 추가 확인이 필요합니다.
2026-08-17,20260817-232239-1f6ae8e2,Supply / Starts Signal,Institutional Flow,California,institutional_flow_supply_starts_signal_california,0,0,0,0,0,0,2026-05-26,2026-05-26,0,0,0,25,0,0,Insufficient History,source 다양성이 제한되어 있어 추가 확인이 필요합니다.
2026-08-17,20260817-232239-1f6ae8e2,Supply / Starts Signal,Institutional Flow,Southeast,institutional_flow_supply_starts_signal_southeast,0,0,0,0,0,0,2026-05-26,2026-05-26,0,0,0,25,0,0,Insufficient History,source 다양성이 제한되어 있어 추가 확인이 필요합니다.
2026-08-17,20260817-232239-1f6ae8e2,Supply / Starts Signal,other,New York,other_supply_starts_signal_new_york,0,0,0,0,0,0,2026-06-04,2026-07-14,0,0,0,25,0,0,Insufficient History,source 다양성이 제한되어 있어 추가 확인이 필요합니다.
2026-08-17,20260817-232239-1f6ae8e2,Supply / Starts Signal,gp_activity,National,gp_activity_supply_starts_signal_national,0,0,0,0,0,0,2026-06-05,2026-06-26,0,0,0,25,0,0,Insufficient History,source 다양성이 제한되어 있어 추가 확인이 필요합니다.
2026-08-17,20260817-232239-1f6ae8e2,Supply / Starts Signal,research_data,California,research_data_supply_starts_signal_california,0,0,0,0,0,0,2026-06-08,2026-06-17,0,0,0,25,0,0,Insufficient History,source 다양성이 제한되어 있어 추가 확인이 필요합니다.
2026-08-17,20260817-232239-1f6ae8e2,Supply / Starts Signal,other,Other / Unknown,other_supply_starts_signal_other_unknown,0,0,0,0,0,0,2026-06-10,2026-06-12,0,0,0,25,0,0,Insufficient History,source 다양성이 제한되어 있어 추가 확인이 필요합니다.
2026-08-17,20260817-232239-1f6ae8e2,Supply / Starts Signal,macro_financing,Atlanta / Georgia,macro_financing_supply_starts_signal_atlanta_georgia,0,0,0,0,0,0,2026-06-12,2026-06-12,0,0,0,25,0,0,Insufficient History,source 다양성이 제한되어 있어 추가 확인이 필요합니다.
2026-08-17,20260817-232239-1f6ae8e2,Supply / Starts Signal,gp_activity,Phoenix / Arizona,gp_activity_supply_starts_signal_phoenix_arizona,0,0,0,0,0,0,2026-06-17,2026-06-17,0,0,0,25,0,0,Insufficient History,source 다양성이 제한되어 있어 추가 확인이 필요합니다.
2026-08-17,20260817-232239-1f6ae8e2,Supply / Starts Signal,gp_activity,Houston / Texas,gp_activity_supply_starts_signal_houston_texas,0,0,0,0,0,0,2026-06-17,2026-06-18,0,0,0,25,0,0,Insufficient History,source 다양성이 제한되어 있어 추가 확인이 필요합니다.
2026-08-17,20260817-232239-1f6ae8e2,Supply / Starts Signal,other,National,other_supply_starts_signal_national,0,0,0,0,0,0,2026-06-18,2026-06-22,0,0,0,25,0,0,Insufficient History,source 다양성이 제한되어 있어 추가 확인이 필요합니다.
2026-08-17,20260817-232239-1f6ae8e2,Supply / Starts Signal,macro_financing,San Francisco / California,macro_financing_supply_starts_signal_san_francisco_california,0,0,0,0,0,0,2026-06-20,2026-06-22,0,0,0,25,0,0,Insufficient History,source 다양성이 제한되어 있어 추가 확인이 필요합니다.
2026-08-17,20260817-232239-1f6ae8e2,Supply / Starts Signal,macro_financing,Santa Monica / California,macro_financing_supply_starts_signal_santa_monica_california,0,0,0,0,0,0,2026-07-01,2026-07-06,0,0,0,25,0,0,Insufficient History,source 다양성이 제한되어 있어 추가 확인이 필요합니다.
2026-08-17,20260817-232239-1f6ae8e2,Supply / Starts Signal,gp_activity,Los Angeles / California,gp_activity_supply_starts_signal_los_angeles_california,0,0,0,0,0,0,2026-07-01,2026-07-05,0,0,0,25,0,0,Insufficient History,source 다양성이 제한되어 있어 추가 확인이 필요합니다.
2026-08-17,20260817-232239-1f6ae8e2,Supply / Starts Signal,gp_activity,Georgia,gp_activity_supply_starts_signal_georgia,0,0,0,0,0,0,2026-07-01,2026-07-01,0,0,0,25,0,0,Insufficient History,source 다양성이 제한되어 있어 추가 확인이 필요합니다.
2026-08-17,20260817-232239-1f6ae8e2,Supply / Starts Signal,gp_activity,Dallas / Texas,gp_activity_supply_starts_signal_dallas_texas,0,0,0,0,0,0,2026-07-01,2026-07-06,0,0,0,25,0,0,Insufficient History,source 다양성이 제한되어 있어 추가 확인이 필요합니다.
2026-08-17,20260817-232239-1f6ae8e2,Supply / Starts Signal,other,Washington DC,other_supply_starts_signal_washington_dc,0,0,0,0,0,0,2026-07-14,2026-07-17,0,0,0,25,0,0,Insufficient History,source 다양성이 제한되어 있어 추가 확인이 필요합니다.
2026-08-17,20260817-232239-1f6ae8e2,Vacancy Signal,Rent Growth / Demand,Other / Unknown,rent_growth_demand_vacancy_signal_other_unknown,0,0,0,0,0,0,2026-05-19,2026-05-26,0,0,0,25,0,0,Insufficient History,source 다양성이 제한되어 있어 추가 확인이 필요합니다.
2026-08-17,20260817-232239-1f6ae8e2,Vacancy Signal,Rent Growth / Demand; Developer Strategy,Los Angeles,rent_growth_demand_developer_strategy_vacancy_signal_los_angeles,0,0,0,0,0,0,2026-05-19,2026-05-19,0,0,0,25,0,0,Insufficient History,source 다양성이 제한되어 있어 추가 확인이 필요합니다.
2026-08-17,20260817-232239-1f6ae8e2,Vacancy Signal,Financing Risk; Rent Growth / Demand; Developer Strategy,Sun Belt,financing_risk_rent_growth_demand_developer_strategy_vacancy_signal_sun_belt,0,0,0,0,0,0,2026-05-21,2026-05-21,0,0,0,25,0,0,Insufficient History,source 다양성이 제한되어 있어 추가 확인이 필요합니다.
2026-08-17,20260817-232239-1f6ae8e2,acquisition,development_pipeline,California,development_pipeline_acquisition_california,0,0,0,0,0,0,2026-05-27,2026-06-19,0,0,0,25,0,0,Insufficient History,source 다양성이 제한되어 있어 추가 확인이 필요합니다.
2026-08-17,20260817-232239-1f6ae8e2,acquisition,development_pipeline,Arizona,development_pipeline_acquisition_arizona,0,0,0,0,0,0,2026-05-29,2026-05-31,0,0,0,25,0,0,Insufficient History,source 다양성이 제한되어 있어 추가 확인이 필요합니다.
2026-08-17,20260817-232239-1f6ae8e2,acquisition,development_pipeline,Florida,development_pipeline_acquisition_florida,0,0,0,0,0,0,2026-05-29,2026-05-31,0,0,0,25,0,0,Insufficient History,source 다양성이 제한되어 있어 추가 확인이 필요합니다.
2026-08-17,20260817-232239-1f6ae8e2,acquisition,development_pipeline,Miami / Florida,development_pipeline_acquisition_miami_florida,0,0,0,0,0,0,2026-06-01,2026-06-25,0,0,0,25,0,0,Insufficient History,source 다양성이 제한되어 있어 추가 확인이 필요합니다.
2026-08-17,20260817-232239-1f6ae8e2,acquisition,transaction_market,Tennessee,transaction_market_acquisition_tennessee,0,0,0,0,0,0,2026-06-04,2026-06-04,0,0,0,25,0,0,Insufficient History,source 다양성이 제한되어 있어 추가 확인이 필요합니다.
2026-08-17,20260817-232239-1f6ae8e2,acquisition,development_pipeline,Connecticut,development_pipeline_acquisition_connecticut,0,0,0,0,0,0,2026-06-11,2026-06-11,0,0,0,25,0,0,Insufficient History,source 다양성이 제한되어 있어 추가 확인이 필요합니다.
2026-08-17,20260817-232239-1f6ae8e2,acquisition,transaction_market,Virginia,transaction_market_acquisition_virginia,0,0,0,0,0,0,2026-06-11,2026-06-11,0,0,0,25,0,0,Insufficient History,source 다양성이 제한되어 있어 추가 확인이 필요합니다.
2026-08-17,20260817-232239-1f6ae8e2,acquisition,transaction_market,Beverly Hills / California,transaction_market_acquisition_beverly_hills_california,0,0,0,0,0,0,2026-06-16,2026-06-22,0,0,0,25,0,0,Insufficient History,source 다양성이 제한되어 있어 추가 확인이 필요합니다.
2026-08-17,20260817-232239-1f6ae8e2,acquisition,transaction_market,Louisiana,transaction_market_acquisition_louisiana,0,0,0,0,0,0,2026-06-17,2026-06-17,0,0,0,25,0,0,Insufficient History,source 다양성이 제한되어 있어 추가 확인이 필요합니다.
2026-08-17,20260817-232239-1f6ae8e2,acquisition,development_pipeline,New York,development_pipeline_acquisition_new_york,0,0,0,0,0,0,2026-06-17,2026-06-17,0,0,0,25,0,0,Insufficient History,source 다양성이 제한되어 있어 추가 확인이 필요합니다.
2026-08-17,20260817-232239-1f6ae8e2,acquisition,development_pipeline,Dallas / Texas,development_pipeline_acquisition_dallas_texas,0,0,0,0,0,0,2026-06-19,2026-06-30,0,0,0,25,0,0,Insufficient History,source 다양성이 제한되어 있어 추가 확인이 필요합니다.
2026-08-17,20260817-232239-1f6ae8e2,acquisition,development_pipeline,Georgia,development_pipeline_acquisition_georgia,0,0,0,0,0,0,2026-07-10,2026-07-12,0,0,0,25,0,0,Insufficient History,source 다양성이 제한되어 있어 추가 확인이 필요합니다.
2026-08-17,20260817-232239-1f6ae8e2,adaptive_reuse,development_pipeline,New York,development_pipeline_adaptive_reuse_new_york,0,0,0,0,0,0,2026-05-29,2026-05-31,0,0,0,25,0,0,Insufficient History,source 다양성이 제한되어 있어 추가 확인이 필요합니다.
2026-08-17,20260817-232239-1f6ae8e2,adaptive_reuse,development_pipeline,Other / Unknown,development_pipeline_adaptive_reuse_other_unknown,0,0,0,0,0,0,2026-06-12,2026-06-12,0,0,0,25,0,0,Insufficient History,source 다양성이 제한되어 있어 추가 확인이 필요합니다.
2026-08-17,20260817-232239-1f6ae8e2,adaptive_reuse,development_pipeline,Southeast,development_pipeline_adaptive_reuse_southeast,0,0,0,0,0,0,2026-06-17,2026-06-17,0,0,0,25,0,0,Insufficient History,source 다양성이 제한되어 있어 추가 확인이 필요합니다.
2026-08-17,20260817-232239-1f6ae8e2,adaptive_reuse,development_pipeline,Dallas / Texas,development_pipeline_adaptive_reuse_dallas_texas,0,0,0,0,0,0,2026-06-23,2026-06-25,0,0,0,25,0,0,Insufficient History,source 다양성이 제한되어 있어 추가 확인이 필요합니다.
2026-08-17,20260817-232239-1f6ae8e2,bridge_loan,capital_markets,Florida,capital_markets_bridge_loan_florida,0,0,0,0,0,0,2026-05-27,2026-06-22,0,0,0,25,0,0,Insufficient History,source 다양성이 제한되어 있어 추가 확인이 필요합니다.
2026-08-17,20260817-232239-1f6ae8e2,bridge_loan,capital_markets,California,capital_markets_bridge_loan_california,0,0,0,0,0,0,2026-05-27,2026-07-03,0,0,0,25,0,0,Insufficient History,source 다양성이 제한되어 있어 추가 확인이 필요합니다.
2026-08-17,20260817-232239-1f6ae8e2,bridge_loan,capital_markets,Miami / Florida,capital_markets_bridge_loan_miami_florida,0,0,0,0,0,0,2026-06-01,2026-06-02,0,0,0,25,0,0,Insufficient History,source 다양성이 제한되어 있어 추가 확인이 필요합니다.
2026-08-17,20260817-232239-1f6ae8e2,bridge_loan,capital_markets,Atlanta / Georgia,capital_markets_bridge_loan_atlanta_georgia,0,0,0,0,0,0,2026-06-04,2026-06-04,0,0,0,25,0,0,Insufficient History,source 다양성이 제한되어 있어 추가 확인이 필요합니다.
2026-08-17,20260817-232239-1f6ae8e2,bridge_loan,capital_markets,Austin / Texas,capital_markets_bridge_loan_austin_texas,0,0,0,0,0,0,2026-06-04,2026-06-04,0,0,0,25,0,0,Insufficient History,source 다양성이 제한되어 있어 추가 확인이 필요합니다.
2026-08-17,20260817-232239-1f6ae8e2,bridge_loan,capital_markets,New York,capital_markets_bridge_loan_new_york,0,0,0,0,0,0,2026-06-08,2026-06-10,0,0,0,25,0,0,Insufficient History,source 다양성이 제한되어 있어 추가 확인이 필요합니다.
2026-08-17,20260817-232239-1f6ae8e2,bridge_loan,capital_markets,Los Angeles / California,capital_markets_bridge_loan_los_angeles_california,0,0,0,0,0,0,2026-06-08,2026-06-09,0,0,0,25,0,0,Insufficient History,source 다양성이 제한되어 있어 추가 확인이 필요합니다.
2026-08-17,20260817-232239-1f6ae8e2,bridge_loan,capital_markets,National,capital_markets_bridge_loan_national,0,0,0,0,0,0,2026-06-25,2026-06-25,0,0,0,25,0,0,Insufficient History,source 다양성이 제한되어 있어 추가 확인이 필요합니다.
2026-08-17,20260817-232239-1f6ae8e2,bridge_loan,capital_markets,Texas,capital_markets_bridge_loan_texas,0,0,0,0,0,0,2026-07-01,2026-07-01,0,0,0,25,0,0,Insufficient History,source 다양성이 제한되어 있어 추가 확인이 필요합니다.
2026-08-17,20260817-232239-1f6ae8e2,cmbs,macro_financing,Other / Unknown,macro_financing_cmbs_other_unknown,0,0,0,0,0,0,2026-06-13,2026-06-18,0,0,0,25,0,0,Insufficient History,source 다양성이 제한되어 있어 추가 확인이 필요합니다.
2026-08-17,20260817-232239-1f6ae8e2,cmbs,macro_financing,National,macro_financing_cmbs_national,0,0,0,0,0,0,2026-07-02,2026-07-02,0,0,0,25,0,0,Insufficient History,source 다양성이 제한되어 있어 추가 확인이 필요합니다.
2026-08-17,20260817-232239-1f6ae8e2,construction_financing,capital_markets,Los Angeles,capital_markets_construction_financing_los_angeles,0,0,0,0,0,0,2026-05-27,2026-05-31,0,0,0,25,0,0,Insufficient History,source 다양성이 제한되어 있어 추가 확인이 필요합니다.
2026-08-17,20260817-232239-1f6ae8e2,construction_financing,capital_markets,Los Angeles / California,capital_markets_construction_financing_los_angeles_california,0,0,0,0,0,0,2026-06-04,2026-06-16,0,0,0,25,0,0,Insufficient History,source 다양성이 제한되어 있어 추가 확인이 필요합니다.
2026-08-17,20260817-232239-1f6ae8e2,construction_financing,capital_markets,Austin / Texas,capital_markets_construction_financing_austin_texas,0,0,0,0,0,0,2026-06-05,2026-06-07,0,0,0,25,0,0,Insufficient History,source 다양성이 제한되어 있어 추가 확인이 필요합니다.
2026-08-17,20260817-232239-1f6ae8e2,construction_financing,capital_markets,Texas,capital_markets_construction_financing_texas,0,0,0,0,0,0,2026-06-08,2026-06-11,0,0,0,25,0,0,Insufficient History,source 다양성이 제한되어 있어 추가 확인이 필요합니다.
2026-08-17,20260817-232239-1f6ae8e2,construction_financing,capital_markets,Seattle,capital_markets_construction_financing_seattle,0,0,0,0,0,0,2026-06-10,2026-06-30,0,0,0,25,0,0,Insufficient History,source 다양성이 제한되어 있어 추가 확인이 필요합니다.
2026-08-17,20260817-232239-1f6ae8e2,construction_financing,capital_markets,Beverly Hills / California,capital_markets_construction_financing_beverly_hills_california,0,0,0,0,0,0,2026-06-13,2026-06-15,0,0,0,25,0,0,Insufficient History,source 다양성이 제한되어 있어 추가 확인이 필요합니다.
2026-08-17,20260817-232239-1f6ae8e2,construction_financing,capital_markets,Colorado,capital_markets_construction_financing_colorado,0,0,0,0,0,0,2026-07-09,2026-07-13,0,0,0,25,0,0,Insufficient History,source 다양성이 제한되어 있어 추가 확인이 필요합니다.
2026-08-17,20260817-232239-1f6ae8e2,construction_start,development_pipeline,Los Angeles,development_pipeline_construction_start_los_angeles,0,0,0,0,0,0,2026-05-29,2026-05-31,0,0,0,25,0,0,Insufficient History,source 다양성이 제한되어 있어 추가 확인이 필요합니다.
2026-08-17,20260817-232239-1f6ae8e2,construction_start,development_pipeline,Sun Belt,development_pipeline_construction_start_sun_belt,0,0,0,0,0,0,2026-05-30,2026-05-31,0,0,0,25,0,0,Insufficient History,source 다양성이 제한되어 있어 추가 확인이 필요합니다.
2026-08-17,20260817-232239-1f6ae8e2,construction_start,development_pipeline,Riverside / California,development_pipeline_construction_start_riverside_california,0,0,0,0,0,0,2026-06-11,2026-06-12,0,0,0,25,0,0,Insufficient History,source 다양성이 제한되어 있어 추가 확인이 필요합니다.
2026-08-17,20260817-232239-1f6ae8e2,construction_start,development_pipeline,Southeast,development_pipeline_construction_start_southeast,0,0,0,0,0,0,2026-06-11,2026-06-11,0,0,0,25,0,0,Insufficient History,source 다양성이 제한되어 있어 추가 확인이 필요합니다.
2026-08-17,20260817-232239-1f6ae8e2,construction_start,development_pipeline,Seattle,development_pipeline_construction_start_seattle,0,0,0,0,0,0,2026-06-13,2026-06-23,0,0,0,25,0,0,Insufficient History,source 다양성이 제한되어 있어 추가 확인이 필요합니다.
2026-08-17,20260817-232239-1f6ae8e2,construction_start,development_pipeline,Washington DC,development_pipeline_construction_start_washington_dc,0,0,0,0,0,0,2026-06-18,2026-06-22,0,0,0,25,0,0,Insufficient History,source 다양성이 제한되어 있어 추가 확인이 필요합니다.
2026-08-17,20260817-232239-1f6ae8e2,construction_start,development_pipeline,Tampa / Florida,development_pipeline_construction_start_tampa_florida,0,0,0,0,0,0,2026-06-20,2026-06-29,0,0,0,25,0,0,Insufficient History,source 다양성이 제한되어 있어 추가 확인이 필요합니다.
2026-08-17,20260817-232239-1f6ae8e2,construction_start,development_pipeline,Georgia,development_pipeline_construction_start_georgia,0,0,0,0,0,0,2026-06-23,2026-06-23,0,0,0,25,0,0,Insufficient History,source 다양성이 제한되어 있어 추가 확인이 필요합니다.
2026-08-17,20260817-232239-1f6ae8e2,construction_start,development_pipeline,Salt Lake City / Utah,development_pipeline_construction_start_salt_lake_city_utah,0,0,0,0,0,0,2026-07-01,2026-07-01,0,0,0,25,0,0,Insufficient History,source 다양성이 제한되어 있어 추가 확인이 필요합니다.
2026-08-17,20260817-232239-1f6ae8e2,construction_start,development_pipeline,Austin / Texas,development_pipeline_construction_start_austin_texas,0,0,0,0,0,0,2026-07-07,2026-07-07,0,0,0,25,0,0,Insufficient History,source 다양성이 제한되어 있어 추가 확인이 필요합니다.
2026-08-17,20260817-232239-1f6ae8e2,delivery,development_pipeline,Los Angeles,development_pipeline_delivery_los_angeles,0,0,0,0,0,0,2026-05-27,2026-05-27,0,0,0,25,0,0,Insufficient History,source 다양성이 제한되어 있어 추가 확인이 필요합니다.
2026-08-17,20260817-232239-1f6ae8e2,delivery,development_pipeline,Sun Belt,development_pipeline_delivery_sun_belt,0,0,0,0,0,0,2026-05-29,2026-06-02,0,0,0,25,0,0,Insufficient History,source 다양성이 제한되어 있어 추가 확인이 필요합니다.
2026-08-17,20260817-232239-1f6ae8e2,delivery,development_pipeline,California,development_pipeline_delivery_california,0,0,0,0,0,0,2026-06-04,2026-06-23,0,0,0,25,0,0,Insufficient History,source 다양성이 제한되어 있어 추가 확인이 필요합니다.
2026-08-17,20260817-232239-1f6ae8e2,delivery,development_pipeline,Washington DC,development_pipeline_delivery_washington_dc,0,0,0,0,0,0,2026-06-05,2026-06-07,0,0,0,25,0,0,Insufficient History,source 다양성이 제한되어 있어 추가 확인이 필요합니다.
2026-08-17,20260817-232239-1f6ae8e2,delivery,development_pipeline,Virginia,development_pipeline_delivery_virginia,0,0,0,0,0,0,2026-06-14,2026-06-15,0,0,0,25,0,0,Insufficient History,source 다양성이 제한되어 있어 추가 확인이 필요합니다.
2026-08-17,20260817-232239-1f6ae8e2,delivery,development_pipeline,Tennessee,development_pipeline_delivery_tennessee,0,0,0,0,0,0,2026-06-15,2026-07-05,0,0,0,25,0,0,Insufficient History,source 다양성이 제한되어 있어 추가 확인이 필요합니다.
2026-08-17,20260817-232239-1f6ae8e2,delivery,development_pipeline,Riverside / California,development_pipeline_delivery_riverside_california,0,0,0,0,0,0,2026-06-18,2026-06-22,0,0,0,25,0,0,Insufficient History,source 다양성이 제한되어 있어 추가 확인이 필요합니다.
2026-08-17,20260817-232239-1f6ae8e2,delivery,development_pipeline,Utah,development_pipeline_delivery_utah,0,0,0,0,0,0,2026-06-20,2026-06-20,0,0,0,25,0,0,Insufficient History,source 다양성이 제한되어 있어 추가 확인이 필요합니다.
2026-08-17,20260817-232239-1f6ae8e2,delivery,development_pipeline,New York City / New York,development_pipeline_delivery_new_york_city_new_york,0,0,0,0,0,0,2026-06-21,2026-07-10,0,0,0,25,0,0,Insufficient History,source 다양성이 제한되어 있어 추가 확인이 필요합니다.
2026-08-17,20260817-232239-1f6ae8e2,delivery,development_pipeline,Miami / Florida,development_pipeline_delivery_miami_florida,0,0,0,0,0,0,2026-06-25,2026-07-09,0,0,0,25,0,0,Insufficient History,source 다양성이 제한되어 있어 추가 확인이 필요합니다.
2026-08-17,20260817-232239-1f6ae8e2,delivery,development_pipeline,Houston / Texas,development_pipeline_delivery_houston_texas,0,0,0,0,0,0,2026-06-30,2026-07-12,0,0,0,25,0,0,Insufficient History,source 다양성이 제한되어 있어 추가 확인이 필요합니다.
2026-08-17,20260817-232239-1f6ae8e2,delivery,development_pipeline,Seattle,development_pipeline_delivery_seattle,0,0,0,0,0,0,2026-07-14,2026-07-14,0,0,0,25,0,0,Insufficient History,source 다양성이 제한되어 있어 추가 확인이 필요합니다.
2026-08-17,20260817-232239-1f6ae8e2,density_bonus,development_pipeline,Southeast,development_pipeline_density_bonus_southeast,0,0,0,0,0,0,2026-05-27,2026-05-30,0,0,0,25,0,0,Insufficient History,source 다양성이 제한되어 있어 추가 확인이 필요합니다.
2026-08-17,20260817-232239-1f6ae8e2,density_bonus,gp_activity,Southeast,gp_activity_density_bonus_southeast,0,0,0,0,0,0,2026-05-27,2026-05-28,0,0,0,25,0,0,Insufficient History,source 다양성이 제한되어 있어 추가 확인이 필요합니다.
2026-08-17,20260817-232239-1f6ae8e2,density_bonus,development_pipeline,California,development_pipeline_density_bonus_california,0,0,0,0,0,0,2026-05-28,2026-06-02,0,0,0,25,0,0,Insufficient History,source 다양성이 제한되어 있어 추가 확인이 필요합니다.
2026-08-17,20260817-232239-1f6ae8e2,density_bonus,development_pipeline,Santa Monica / California,development_pipeline_density_bonus_santa_monica_california,0,0,0,0,0,0,2026-06-01,2026-06-02,0,0,0,25,0,0,Insufficient History,source 다양성이 제한되어 있어 추가 확인이 필요합니다.
2026-08-17,20260817-232239-1f6ae8e2,density_bonus,development_pipeline,Los Angeles / California,development_pipeline_density_bonus_los_angeles_california,0,0,0,0,0,0,2026-06-18,2026-06-21,0,0,0,25,0,0,Insufficient History,source 다양성이 제한되어 있어 추가 확인이 필요합니다.
2026-08-17,20260817-232239-1f6ae8e2,disposition,transaction_market,Los Angeles,transaction_market_disposition_los_angeles,0,0,0,0,0,0,2026-05-28,2026-05-31,0,0,0,25,0,0,Insufficient History,source 다양성이 제한되어 있어 추가 확인이 필요합니다.
2026-08-17,20260817-232239-1f6ae8e2,disposition,transaction_market,Miami / Florida,transaction_market_disposition_miami_florida,0,0,0,0,0,0,2026-06-04,2026-07-06,0,0,0,25,0,0,Insufficient History,source 다양성이 제한되어 있어 추가 확인이 필요합니다.
2026-08-17,20260817-232239-1f6ae8e2,disposition,transaction_market,Dallas / Texas,transaction_market_disposition_dallas_texas,0,0,0,0,0,0,2026-06-04,2026-07-09,0,0,0,25,0,0,Insufficient History,source 다양성이 제한되어 있어 추가 확인이 필요합니다.
2026-08-17,20260817-232239-1f6ae8e2,disposition,development_pipeline,California,development_pipeline_disposition_california,0,0,0,0,0,0,2026-06-10,2026-07-09,0,0,0,25,0,0,Insufficient History,source 다양성이 제한되어 있어 추가 확인이 필요합니다.
2026-08-17,20260817-232239-1f6ae8e2,disposition,development_pipeline,Nashville / Tennessee,development_pipeline_disposition_nashville_tennessee,0,0,0,0,0,0,2026-06-10,2026-06-10,0,0,0,25,0,0,Insufficient History,source 다양성이 제한되어 있어 추가 확인이 필요합니다.
2026-08-17,20260817-232239-1f6ae8e2,disposition,development_pipeline,Phoenix / Arizona,development_pipeline_disposition_phoenix_arizona,0,0,0,0,0,0,2026-06-13,2026-06-25,0,0,0,25,0,0,Insufficient History,source 다양성이 제한되어 있어 추가 확인이 필요합니다.
2026-08-17,20260817-232239-1f6ae8e2,disposition,development_pipeline,Houston / Texas,development_pipeline_disposition_houston_texas,0,0,0,0,0,0,2026-06-18,2026-06-18,0,0,0,25,0,0,Insufficient History,source 다양성이 제한되어 있어 추가 확인이 필요합니다.
2026-08-17,20260817-232239-1f6ae8e2,disposition,transaction_market,Denver / Colorado,transaction_market_disposition_denver_colorado,0,0,0,0,0,0,2026-06-19,2026-06-19,0,0,0,25,0,0,Insufficient History,source 다양성이 제한되어 있어 추가 확인이 필요합니다.
2026-08-17,20260817-232239-1f6ae8e2,disposition,transaction_market,Northern Virginia / Virginia,transaction_market_disposition_northern_virginia_virginia,0,0,0,0,0,0,2026-07-09,2026-07-09,0,0,0,25,0,0,Insufficient History,source 다양성이 제한되어 있어 추가 확인이 필요합니다.
2026-08-17,20260817-232239-1f6ae8e2,disposition,development_pipeline,Washington DC,development_pipeline_disposition_washington_dc,0,0,0,0,0,0,2026-07-13,2026-07-13,0,0,0,25,0,0,Insufficient History,source 다양성이 제한되어 있어 추가 확인이 필요합니다.
2026-08-17,20260817-232239-1f6ae8e2,effective_rent_growth,supply_demand,Los Angeles,supply_demand_effective_rent_growth_los_angeles,0,0,0,0,0,0,2026-05-27,2026-05-29,0,0,0,25,0,0,Insufficient History,source 다양성이 제한되어 있어 추가 확인이 필요합니다.
2026-08-17,20260817-232239-1f6ae8e2,effective_rent_growth,capital_markets,Other / Unknown,capital_markets_effective_rent_growth_other_unknown,0,0,0,0,0,0,2026-05-28,2026-05-28,0,0,0,25,0,0,Insufficient History,source 다양성이 제한되어 있어 추가 확인이 필요합니다.
2026-08-17,20260817-232239-1f6ae8e2,effective_rent_growth,supply_demand,Phoenix / Arizona,supply_demand_effective_rent_growth_phoenix_arizona,0,0,0,0,0,0,2026-06-01,2026-06-02,0,0,0,25,0,0,Insufficient History,source 다양성이 제한되어 있어 추가 확인이 필요합니다.
2026-08-17,20260817-232239-1f6ae8e2,effective_rent_growth,capital_markets,New York City / New York,capital_markets_effective_rent_growth_new_york_city_new_york,0,0,0,0,0,0,2026-06-04,2026-06-04,0,0,0,25,0,0,Insufficient History,source 다양성이 제한되어 있어 추가 확인이 필요합니다.
2026-08-17,20260817-232239-1f6ae8e2,effective_rent_growth,supply_demand,Washington DC,supply_demand_effective_rent_growth_washington_dc,0,0,0,0,0,0,2026-06-16,2026-06-22,0,0,0,25,0,0,Insufficient History,source 다양성이 제한되어 있어 추가 확인이 필요합니다.
2026-08-17,20260817-232239-1f6ae8e2,effective_rent_growth,supply_demand,Texas,supply_demand_effective_rent_growth_texas,0,0,0,0,0,0,2026-06-19,2026-06-19,0,0,0,25,0,0,Insufficient History,source 다양성이 제한되어 있어 추가 확인이 필요합니다.
2026-08-17,20260817-232239-1f6ae8e2,effective_rent_growth,supply_demand,Southeast,supply_demand_effective_rent_growth_southeast,0,0,0,0,0,0,2026-06-26,2026-06-26,0,0,0,25,0,0,Insufficient History,source 다양성이 제한되어 있어 추가 확인이 필요합니다.
2026-08-17,20260817-232239-1f6ae8e2,effective_rent_growth,supply_demand,Nashville / Tennessee,supply_demand_effective_rent_growth_nashville_tennessee,0,0,0,0,0,0,2026-06-30,2026-06-30,0,0,0,25,0,0,Insufficient History,source 다양성이 제한되어 있어 추가 확인이 필요합니다.
2026-08-17,20260817-232239-1f6ae8e2,effective_rent_growth,supply_demand,Florida,supply_demand_effective_rent_growth_florida,0,0,0,0,0,0,2026-06-30,2026-07-02,0,0,0,25,0,0,Insufficient History,source 다양성이 제한되어 있어 추가 확인이 필요합니다.
2026-08-17,20260817-232239-1f6ae8e2,effective_rent_growth,supply_demand,Houston / Texas,supply_demand_effective_rent_growth_houston_texas,0,0,0,0,0,0,2026-07-10,2026-07-12,0,0,0,25,0,0,Insufficient History,source 다양성이 제한되어 있어 추가 확인이 필요합니다.
2026-08-17,20260817-232239-1f6ae8e2,entitlement,development_pipeline,Florida,development_pipeline_entitlement_florida,0,0,0,0,0,0,2026-05-27,2026-05-27,0,0,0,25,0,0,Insufficient History,source 다양성이 제한되어 있어 추가 확인이 필요합니다.
2026-08-17,20260817-232239-1f6ae8e2,entitlement,development_pipeline,Dallas / Texas,development_pipeline_entitlement_dallas_texas,0,0,0,0,0,0,2026-06-01,2026-06-02,0,0,0,25,0,0,Insufficient History,source 다양성이 제한되어 있어 추가 확인이 필요합니다.
2026-08-17,20260817-232239-1f6ae8e2,entitlement,development_pipeline,Connecticut,development_pipeline_entitlement_connecticut,0,0,0,0,0,0,2026-06-07,2026-06-07,0,0,0,25,0,0,Insufficient History,source 다양성이 제한되어 있어 추가 확인이 필요합니다.
2026-08-17,20260817-232239-1f6ae8e2,entitlement,development_pipeline,Texas,development_pipeline_entitlement_texas,0,0,0,0,0,0,2026-06-17,2026-06-19,0,0,0,25,0,0,Insufficient History,source 다양성이 제한되어 있어 추가 확인이 필요합니다.
2026-08-17,20260817-232239-1f6ae8e2,gp_acquisition,institutional_capital,Florida,institutional_capital_gp_acquisition_florida,0,0,0,0,0,0,2026-06-19,2026-06-19,0,0,0,25,0,0,Insufficient History,source 다양성이 제한되어 있어 추가 확인이 필요합니다.
2026-08-17,20260817-232239-1f6ae8e2,gp_acquisition,institutional_capital,Other / Unknown,institutional_capital_gp_acquisition_other_unknown,0,0,0,0,0,0,2026-06-23,2026-06-26,0,0,0,25,0,0,Insufficient History,source 다양성이 제한되어 있어 추가 확인이 필요합니다.
2026-08-17,20260817-232239-1f6ae8e2,joint_venture,institutional_capital,Los Angeles,institutional_capital_joint_venture_los_angeles,0,0,0,0,0,0,2026-05-27,2026-05-31,0,0,0,25,0,0,Insufficient History,source 다양성이 제한되어 있어 추가 확인이 필요합니다.
2026-08-17,20260817-232239-1f6ae8e2,joint_venture,institutional_capital,Southeast,institutional_capital_joint_venture_southeast,0,0,0,0,0,0,2026-05-28,2026-05-28,0,0,0,25,0,0,Insufficient History,source 다양성이 제한되어 있어 추가 확인이 필요합니다.
2026-08-17,20260817-232239-1f6ae8e2,joint_venture,institutional_capital,Santa Monica / California,institutional_capital_joint_venture_santa_monica_california,0,0,0,0,0,0,2026-06-01,2026-06-02,0,0,0,25,0,0,Insufficient History,source 다양성이 제한되어 있어 추가 확인이 필요합니다.
2026-08-17,20260817-232239-1f6ae8e2,joint_venture,institutional_capital,Florida,institutional_capital_joint_venture_florida,0,0,0,0,0,0,2026-06-10,2026-06-11,0,0,0,25,0,0,Insufficient History,source 다양성이 제한되어 있어 추가 확인이 필요합니다.
2026-08-17,20260817-232239-1f6ae8e2,joint_venture,institutional_capital,Austin / Texas,institutional_capital_joint_venture_austin_texas,0,0,0,0,0,0,2026-06-12,2026-06-18,0,0,0,25,0,0,Insufficient History,source 다양성이 제한되어 있어 추가 확인이 필요합니다.
2026-08-17,20260817-232239-1f6ae8e2,joint_venture,institutional_capital,Connecticut,institutional_capital_joint_venture_connecticut,0,0,0,0,0,0,2026-06-13,2026-06-16,0,0,0,25,0,0,Insufficient History,source 다양성이 제한되어 있어 추가 확인이 필요합니다.
2026-08-17,20260817-232239-1f6ae8e2,joint_venture,institutional_capital,Kentucky,institutional_capital_joint_venture_kentucky,0,0,0,0,0,0,2026-06-20,2026-06-22,0,0,0,25,0,0,Insufficient History,source 다양성이 제한되어 있어 추가 확인이 필요합니다.
2026-08-17,20260817-232239-1f6ae8e2,joint_venture,institutional_capital,Louisville / Kentucky,institutional_capital_joint_venture_louisville_kentucky,0,0,0,0,0,0,2026-07-10,2026-07-12,0,0,0,25,0,0,Insufficient History,source 다양성이 제한되어 있어 추가 확인이 필요합니다.
2026-08-17,20260817-232239-1f6ae8e2,lease_up,development_pipeline,Other / Unknown,development_pipeline_lease_up_other_unknown,0,0,0,0,0,0,2026-06-05,2026-06-15,0,0,0,25,0,0,Insufficient History,source 다양성이 제한되어 있어 추가 확인이 필요합니다.
2026-08-17,20260817-232239-1f6ae8e2,lender_activity,capital_markets,California,capital_markets_lender_activity_california,0,0,0,0,0,0,2026-05-27,2026-06-07,0,0,0,25,0,0,Insufficient History,source 다양성이 제한되어 있어 추가 확인이 필요합니다.
2026-08-17,20260817-232239-1f6ae8e2,lender_activity,capital_markets,Other / Unknown,capital_markets_lender_activity_other_unknown,0,0,0,0,0,0,2026-05-29,2026-05-31,0,0,0,25,0,0,Insufficient History,source 다양성이 제한되어 있어 추가 확인이 필요합니다.
2026-08-17,20260817-232239-1f6ae8e2,lender_activity,capital_markets,Sun Belt,capital_markets_lender_activity_sun_belt,0,0,0,0,0,0,2026-05-29,2026-05-29,0,0,0,25,0,0,Insufficient History,source 다양성이 제한되어 있어 추가 확인이 필요합니다.
2026-08-17,20260817-232239-1f6ae8e2,lender_activity,capital_markets,National,capital_markets_lender_activity_national,0,0,0,0,0,0,2026-06-01,2026-06-02,0,0,0,25,0,0,Insufficient History,source 다양성이 제한되어 있어 추가 확인이 필요합니다.
2026-08-17,20260817-232239-1f6ae8e2,lender_activity,institutional_capital,Los Angeles / California,institutional_capital_lender_activity_los_angeles_california,0,0,0,0,0,0,2026-06-04,2026-06-07,0,0,0,25,0,0,Insufficient History,source 다양성이 제한되어 있어 추가 확인이 필요합니다.
2026-08-17,20260817-232239-1f6ae8e2,lender_activity,capital_markets,Houston / Texas,capital_markets_lender_activity_houston_texas,0,0,0,0,0,0,2026-06-04,2026-06-07,0,0,0,25,0,0,Insufficient History,source 다양성이 제한되어 있어 추가 확인이 필요합니다.
2026-08-17,20260817-232239-1f6ae8e2,lender_activity,institutional_capital,California,institutional_capital_lender_activity_california,0,0,0,0,0,0,2026-06-04,2026-07-09,0,0,0,25,0,0,Insufficient History,source 다양성이 제한되어 있어 추가 확인이 필요합니다.
2026-08-17,20260817-232239-1f6ae8e2,lender_activity,institutional_capital,Houston / Texas,institutional_capital_lender_activity_houston_texas,0,0,0,0,0,0,2026-06-08,2026-06-13,0,0,0,25,0,0,Insufficient History,source 다양성이 제한되어 있어 추가 확인이 필요합니다.
2026-08-17,20260817-232239-1f6ae8e2,lender_activity,institutional_capital,Austin / Texas,institutional_capital_lender_activity_austin_texas,0,0,0,0,0,0,2026-06-25,2026-06-25,0,0,0,25,0,0,Insufficient History,source 다양성이 제한되어 있어 추가 확인이 필요합니다.
2026-08-17,20260817-232239-1f6ae8e2,lender_activity,institutional_capital,Phoenix / Arizona,institutional_capital_lender_activity_phoenix_arizona,0,0,0,0,0,0,2026-07-01,2026-07-03,0,0,0,25,0,0,Insufficient History,source 다양성이 제한되어 있어 추가 확인이 필요합니다.
2026-08-17,20260817-232239-1f6ae8e2,lender_activity,institutional_capital,Florida,institutional_capital_lender_activity_florida,0,0,0,0,0,0,2026-07-07,2026-07-07,0,0,0,25,0,0,Insufficient History,source 다양성이 제한되어 있어 추가 확인이 필요합니다.
2026-08-17,20260817-232239-1f6ae8e2,merger_acquisition,institutional_capital,Dallas / Texas,institutional_capital_merger_acquisition_dallas_texas,0,0,0,0,0,0,2026-06-27,2026-07-06,0,0,0,25,0,0,Insufficient History,source 다양성이 제한되어 있어 추가 확인이 필요합니다.
2026-08-17,20260817-232239-1f6ae8e2,mezzanine_financing,capital_markets,Texas,capital_markets_mezzanine_financing_texas,0,0,0,0,0,0,2026-07-13,2026-07-13,0,0,0,25,0,0,Insufficient History,source 다양성이 제한되어 있어 추가 확인이 필요합니다.
2026-08-17,20260817-232239-1f6ae8e2,permanent_loan,capital_markets,New York City / New York,capital_markets_permanent_loan_new_york_city_new_york,0,0,0,0,0,0,2026-06-01,2026-06-02,0,0,0,25,0,0,Insufficient History,source 다양성이 제한되어 있어 추가 확인이 필요합니다.
2026-08-17,20260817-232239-1f6ae8e2,permanent_loan,capital_markets,National,capital_markets_permanent_loan_national,0,0,0,0,0,0,2026-06-05,2026-07-01,0,0,0,25,0,0,Insufficient History,source 다양성이 제한되어 있어 추가 확인이 필요합니다.
2026-08-17,20260817-232239-1f6ae8e2,permanent_loan,capital_markets,New York,capital_markets_permanent_loan_new_york,0,0,0,0,0,0,2026-06-16,2026-06-16,0,0,0,25,0,0,Insufficient History,source 다양성이 제한되어 있어 추가 확인이 필요합니다.
2026-08-17,20260817-232239-1f6ae8e2,permanent_loan,capital_markets,Florida,capital_markets_permanent_loan_florida,0,0,0,0,0,0,2026-06-16,2026-06-16,0,0,0,25,0,0,Insufficient History,source 다양성이 제한되어 있어 추가 확인이 필요합니다.
2026-08-17,20260817-232239-1f6ae8e2,permanent_loan,capital_markets,Southeast,capital_markets_permanent_loan_southeast,0,0,0,0,0,0,2026-06-26,2026-06-26,0,0,0,25,0,0,Insufficient History,source 다양성이 제한되어 있어 추가 확인이 필요합니다.
2026-08-17,20260817-232239-1f6ae8e2,permit,development_pipeline,Sun Belt,development_pipeline_permit_sun_belt,0,0,0,0,0,0,2026-05-27,2026-05-31,0,0,0,25,0,0,Insufficient History,source 다양성이 제한되어 있어 추가 확인이 필요합니다.
2026-08-17,20260817-232239-1f6ae8e2,permit,development_pipeline,Atlanta / Georgia,development_pipeline_permit_atlanta_georgia,0,0,0,0,0,0,2026-06-01,2026-06-02,0,0,0,25,0,0,Insufficient History,source 다양성이 제한되어 있어 추가 확인이 필요합니다.
2026-08-17,20260817-232239-1f6ae8e2,permit,development_pipeline,Los Angeles / California,development_pipeline_permit_los_angeles_california,0,0,0,0,0,0,2026-06-01,2026-06-02,0,0,0,25,0,0,Insufficient History,source 다양성이 제한되어 있어 추가 확인이 필요합니다.
2026-08-17,20260817-232239-1f6ae8e2,planning_commission,development_pipeline,Los Angeles,development_pipeline_planning_commission_los_angeles,0,0,0,0,0,0,2026-05-27,2026-05-31,0,0,0,25,0,0,Insufficient History,source 다양성이 제한되어 있어 추가 확인이 필요합니다.
2026-08-17,20260817-232239-1f6ae8e2,planning_commission,development_pipeline,Other / Unknown,development_pipeline_planning_commission_other_unknown,0,0,0,0,0,0,2026-06-18,2026-06-23,0,0,0,25,0,0,Insufficient History,source 다양성이 제한되어 있어 추가 확인이 필요합니다.
2026-08-17,20260817-232239-1f6ae8e2,planning_commission,development_pipeline,New York City / New York,development_pipeline_planning_commission_new_york_city_new_york,0,0,0,0,0,0,2026-06-23,2026-06-23,0,0,0,25,0,0,Insufficient History,source 다양성이 제한되어 있어 추가 확인이 필요합니다.
2026-08-17,20260817-232239-1f6ae8e2,preferred_equity,capital_markets,Other / Unknown,capital_markets_preferred_equity_other_unknown,0,0,0,0,0,0,2026-06-16,2026-06-16,0,0,0,25,0,0,Insufficient History,source 다양성이 제한되어 있어 추가 확인이 필요합니다.
2026-08-17,20260817-232239-1f6ae8e2,private_equity_activity,institutional_capital,San Francisco / California,institutional_capital_private_equity_activity_san_francisco_california,0,0,0,0,0,0,2026-06-23,2026-06-25,0,0,0,25,0,0,Insufficient History,source 다양성이 제한되어 있어 추가 확인이 필요합니다.
2026-08-17,20260817-232239-1f6ae8e2,private_equity_activity,institutional_capital,New York,institutional_capital_private_equity_activity_new_york,0,0,0,0,0,0,2026-06-26,2026-06-26,0,0,0,25,0,0,Insufficient History,source 다양성이 제한되어 있어 추가 확인이 필요합니다.
2026-08-17,20260817-232239-1f6ae8e2,private_equity_activity,institutional_capital,Other / Unknown,institutional_capital_private_equity_activity_other_unknown,0,0,0,0,0,0,2026-07-17,2026-07-18,0,0,0,25,0,0,Insufficient History,source 다양성이 제한되어 있어 추가 확인이 필요합니다.
2026-08-17,20260817-232239-1f6ae8e2,public_subsidy,capital_markets,Other / Unknown,capital_markets_public_subsidy_other_unknown,0,0,0,0,0,0,2026-06-04,2026-06-07,0,0,0,25,0,0,Insufficient History,source 다양성이 제한되어 있어 추가 확인이 필요합니다.
2026-08-17,20260817-232239-1f6ae8e2,public_subsidy,gp_activity,California,gp_activity_public_subsidy_california,0,0,0,0,0,0,2026-06-08,2026-06-29,0,0,0,25,0,0,Insufficient History,source 다양성이 제한되어 있어 추가 확인이 필요합니다.
2026-08-17,20260817-232239-1f6ae8e2,public_subsidy,gp_activity,Phoenix / Arizona,gp_activity_public_subsidy_phoenix_arizona,0,0,0,0,0,0,2026-06-19,2026-06-23,0,0,0,25,0,0,Insufficient History,source 다양성이 제한되어 있어 추가 확인이 필요합니다.
2026-08-17,20260817-232239-1f6ae8e2,public_subsidy,gp_activity,National,gp_activity_public_subsidy_national,0,0,0,0,0,0,2026-06-23,2026-06-28,0,0,0,25,0,0,Insufficient History,source 다양성이 제한되어 있어 추가 확인이 필요합니다.
2026-08-17,20260817-232239-1f6ae8e2,public_subsidy,gp_activity,Miami / Florida,gp_activity_public_subsidy_miami_florida,0,0,0,0,0,0,2026-07-10,2026-07-14,0,0,0,25,0,0,Insufficient History,source 다양성이 제한되어 있어 추가 확인이 필요합니다.
2026-08-17,20260817-232239-1f6ae8e2,recapitalization,capital_markets,California,capital_markets_recapitalization_california,0,0,0,0,0,0,2026-05-27,2026-07-06,0,0,0,25,0,0,Insufficient History,source 다양성이 제한되어 있어 추가 확인이 필요합니다.
2026-08-17,20260817-232239-1f6ae8e2,recapitalization,capital_markets,Miami / Florida,capital_markets_recapitalization_miami_florida,0,0,0,0,0,0,2026-06-11,2026-06-26,0,0,0,25,0,0,Insufficient History,source 다양성이 제한되어 있어 추가 확인이 필요합니다.
2026-08-17,20260817-232239-1f6ae8e2,recapitalization,capital_markets,Texas,capital_markets_recapitalization_texas,0,0,0,0,0,0,2026-06-12,2026-06-12,0,0,0,25,0,0,Insufficient History,source 다양성이 제한되어 있어 추가 확인이 필요합니다.
2026-08-17,20260817-232239-1f6ae8e2,redevelopment,development_pipeline,Sun Belt,development_pipeline_redevelopment_sun_belt,0,0,0,0,0,0,2026-05-27,2026-05-31,0,0,0,25,0,0,Insufficient History,source 다양성이 제한되어 있어 추가 확인이 필요합니다.
2026-08-17,20260817-232239-1f6ae8e2,redevelopment,capital_markets,Other / Unknown,capital_markets_redevelopment_other_unknown,0,0,0,0,0,0,2026-05-28,2026-05-28,0,0,0,25,0,0,Insufficient History,source 다양성이 제한되어 있어 추가 확인이 필요합니다.
2026-08-17,20260817-232239-1f6ae8e2,redevelopment,development_pipeline,Austin / Texas,development_pipeline_redevelopment_austin_texas,0,0,0,0,0,0,2026-06-01,2026-06-02,0,0,0,25,0,0,Insufficient History,source 다양성이 제한되어 있어 추가 확인이 필요합니다.
2026-08-17,20260817-232239-1f6ae8e2,redevelopment,development_pipeline,Dallas / Texas,development_pipeline_redevelopment_dallas_texas,0,0,0,0,0,0,2026-06-10,2026-06-10,0,0,0,25,0,0,Insufficient History,source 다양성이 제한되어 있어 추가 확인이 필요합니다.
2026-08-17,20260817-232239-1f6ae8e2,redevelopment,development_pipeline,Denver / Colorado,development_pipeline_redevelopment_denver_colorado,0,0,0,0,0,0,2026-06-18,2026-06-18,0,0,0,25,0,0,Insufficient History,source 다양성이 제한되어 있어 추가 확인이 필요합니다.
2026-08-17,20260817-232239-1f6ae8e2,redevelopment,development_pipeline,Los Angeles / California,development_pipeline_redevelopment_los_angeles_california,0,0,0,0,0,0,2026-06-23,2026-06-26,0,0,0,25,0,0,Insufficient History,source 다양성이 제한되어 있어 추가 확인이 필요합니다.
2026-08-17,20260817-232239-1f6ae8e2,redevelopment,development_pipeline,Phoenix / Arizona,development_pipeline_redevelopment_phoenix_arizona,0,0,0,0,0,0,2026-07-04,2026-07-04,0,0,0,25,0,0,Insufficient History,source 다양성이 제한되어 있어 추가 확인이 필요합니다.
2026-08-17,20260817-232239-1f6ae8e2,refinancing,capital_markets,Texas,capital_markets_refinancing_texas,0,0,0,0,0,0,2026-05-27,2026-07-14,0,0,0,25,0,0,Insufficient History,source 다양성이 제한되어 있어 추가 확인이 필요합니다.
2026-08-17,20260817-232239-1f6ae8e2,refinancing,capital_markets,Southeast,capital_markets_refinancing_southeast,0,0,0,0,0,0,2026-06-13,2026-06-15,0,0,0,25,0,0,Insufficient History,source 다양성이 제한되어 있어 추가 확인이 필요합니다.
2026-08-17,20260817-232239-1f6ae8e2,refinancing,capital_markets,Georgia,capital_markets_refinancing_georgia,0,0,0,0,0,0,2026-06-19,2026-06-19,0,0,0,25,0,0,Insufficient History,source 다양성이 제한되어 있어 추가 확인이 필요합니다.
2026-08-17,20260817-232239-1f6ae8e2,refinancing,capital_markets,Colorado,capital_markets_refinancing_colorado,0,0,0,0,0,0,2026-07-10,2026-07-10,0,0,0,25,0,0,Insufficient History,source 다양성이 제한되어 있어 추가 확인이 필요합니다.
2026-08-17,20260817-232239-1f6ae8e2,refinancing,capital_markets,Northern Virginia / Virginia,capital_markets_refinancing_northern_virginia_virginia,0,0,0,0,0,0,2026-07-13,2026-07-13,0,0,0,25,0,0,Insufficient History,source 다양성이 제한되어 있어 추가 확인이 필요합니다.
2026-08-17,20260817-232239-1f6ae8e2,reit_activity,institutional_capital,Other / Unknown,institutional_capital_reit_activity_other_unknown,0,0,0,0,0,0,2026-06-27,2026-07-02,0,0,0,25,0,0,Insufficient History,source 다양성이 제한되어 있어 추가 확인이 필요합니다.
2026-08-17,20260817-232239-1f6ae8e2,renovation_repositioning,development_pipeline,Los Angeles / California,development_pipeline_renovation_repositioning_los_angeles_california,0,0,0,0,0,0,2026-06-16,2026-06-16,0,0,0,25,0,0,Insufficient History,source 다양성이 제한되어 있어 추가 확인이 필요합니다.
2026-08-17,20260817-232239-1f6ae8e2,renovation_repositioning,development_pipeline,San Francisco / California,development_pipeline_renovation_repositioning_san_francisco_california,0,0,0,0,0,0,2026-06-29,2026-07-01,0,0,0,25,0,0,Insufficient History,source 다양성이 제한되어 있어 추가 확인이 필요합니다.
2026-08-17,20260817-232239-1f6ae8e2,renovation_repositioning,development_pipeline,National,development_pipeline_renovation_repositioning_national,0,0,0,0,0,0,2026-06-30,2026-07-05,0,0,0,25,0,0,Insufficient History,source 다양성이 제한되어 있어 추가 확인이 필요합니다.
2026-08-17,20260817-232239-1f6ae8e2,renovation_repositioning,development_pipeline,Phoenix / Arizona,development_pipeline_renovation_repositioning_phoenix_arizona,0,0,0,0,0,0,2026-07-11,2026-07-12,0,0,0,25,0,0,Insufficient History,source 다양성이 제한되어 있어 추가 확인이 필요합니다.
2026-08-17,20260817-232239-1f6ae8e2,stabilization,development_pipeline,Other / Unknown,development_pipeline_stabilization_other_unknown,0,0,0,0,0,0,2026-06-01,2026-06-09,0,0,0,25,0,0,Insufficient History,source 다양성이 제한되어 있어 추가 확인이 필요합니다.
2026-08-17,20260817-232239-1f6ae8e2,stabilization,development_pipeline,Denver / Colorado,development_pipeline_stabilization_denver_colorado,0,0,0,0,0,0,2026-06-26,2026-06-26,0,0,0,25,0,0,Insufficient History,source 다양성이 제한되어 있어 추가 확인이 필요합니다.
2026-08-17,20260817-232239-1f6ae8e2,supply_pressure,supply_demand,Sun Belt,supply_demand_supply_pressure_sun_belt,0,0,0,0,0,0,2026-05-27,2026-05-31,0,0,0,25,0,0,Insufficient History,source 다양성이 제한되어 있어 추가 확인이 필요합니다.
2026-08-17,20260817-232239-1f6ae8e2,supply_pressure,supply_demand,Los Angeles,supply_demand_supply_pressure_los_angeles,0,0,0,0,0,0,2026-05-28,2026-05-31,0,0,0,25,0,0,Insufficient History,source 다양성이 제한되어 있어 추가 확인이 필요합니다.
2026-08-17,20260817-232239-1f6ae8e2,supply_pressure,supply_demand,Phoenix / Arizona,supply_demand_supply_pressure_phoenix_arizona,0,0,0,0,0,0,2026-06-01,2026-06-09,0,0,0,25,0,0,Insufficient History,source 다양성이 제한되어 있어 추가 확인이 필요합니다.
2026-08-17,20260817-232239-1f6ae8e2,supply_pressure,supply_demand,Texas,supply_demand_supply_pressure_texas,0,0,0,0,0,0,2026-06-16,2026-06-17,0,0,0,25,0,0,Insufficient History,source 다양성이 제한되어 있어 추가 확인이 필요합니다.
2026-08-17,20260817-232239-1f6ae8e2,supply_pressure,supply_demand,Atlanta / Georgia,supply_demand_supply_pressure_atlanta_georgia,0,0,0,0,0,0,2026-07-10,2026-07-13,0,0,0,25,0,0,Insufficient History,source 다양성이 제한되어 있어 추가 확인이 필요합니다.
2026-08-17,20260817-232239-1f6ae8e2,tax_credit_financing,gp_activity,Virginia,gp_activity_tax_credit_financing_virginia,0,0,0,0,0,0,2026-06-08,2026-06-09,0,0,0,25,0,0,Insufficient History,source 다양성이 제한되어 있어 추가 확인이 필요합니다.
2026-08-17,20260817-232239-1f6ae8e2,tax_credit_financing,gp_activity,Seattle,gp_activity_tax_credit_financing_seattle,0,0,0,0,0,0,2026-06-19,2026-06-19,0,0,0,25,0,0,Insufficient History,source 다양성이 제한되어 있어 추가 확인이 필요합니다.
2026-08-17,20260817-232239-1f6ae8e2,zoning,development_pipeline,Los Angeles,development_pipeline_zoning_los_angeles,0,0,0,0,0,0,2026-05-27,2026-05-31,0,0,0,25,0,0,Insufficient History,source 다양성이 제한되어 있어 추가 확인이 필요합니다.
2026-08-17,20260817-232239-1f6ae8e2,zoning,development_pipeline,Los Angeles / California,development_pipeline_zoning_los_angeles_california,0,0,0,0,0,0,2026-06-01,2026-06-02,0,0,0,25,0,0,Insufficient History,source 다양성이 제한되어 있어 추가 확인이 필요합니다.
