run_date,run_id,collected_at,source,source_category,source_tier,coverage_focus,platform_type,residential_sector,published,relevance_score,priority,action_level,market_focus,strategic_angle,decision_use,strategic_implication,woomi_relevance,recommended_next_step,reason_for_inclusion,market_signal,extracted_numbers,article_text_sample,llm_analysis_prompt,llm_prompt_quality_score,llm_prompt_quality_label,missing_prompt_context,gpt_strategic_analysis,topics,matched_keywords,title,url,previously_seen_article,article_id,canonical_market,market_tier,normalized_sector,event_tags,display_category,category_tags,exclude_from_feed,access_limited_reason,is_core_market,is_watchlist_market,source_reliability_status,canonical_article_id,source_page_url,extracted_article_title,access_status,content_access_status,original_url,article_integrity_status,article_integrity_reason,primary_display_section,secondary_display_sections,section_routing_reason,repeat_exposure_status,days_since_first_seen,published_date_normalized,collected_date_normalized,article_age_days,freshness_bucket,freshness_status,freshness_reason,freshness_score,repeat_penalty_reason,extracted_city,extracted_state,extracted_market_reason,gp_capital_activity_type,gp_capital_repeat_status,gp_capital_exclusion_reason,gp_capital_selected_flag,lead_entity,counterparties,entity_extraction_method,entity_extraction_confidence,entity_extraction_reason,has_project_anchor,project_anchor_reason,project_anchor_confidence,development_lifecycle_hint,rent_demand_flag,rent_demand_type,rent_demand_reason,gp_or_developer,lender_or_capital_partner,capital_provider,institutional_partner,lead_sponsor,jv_partner,primary_topic,secondary_topic,capital_event_type,development_stage,supply_demand_signal,institutional_activity_type,financing_type,asset_strategy,entity_role,market_relevance_reason,classification_confidence,classification_reason,article_richness_score,strategic_relevance_score,strategic_relevance_reason,representative_evidence_score
2026-09-24,20260924-010837-3de2bd8c,2026-09-24 01:08:02,Connect CRE,Core Multifamily News,Tier 1,development_pipeline;gp_activity;national_multifamily,Other,Apartment,"Wed, 23 Sep 2026 21:47:43 +0000",100,High,Must Read,New York,Financing Risk; Institutional Flow,Track Financing Conditions; Track Institutional Capital Flow,"Monitor financing conditions because the article includes acquisition, apartment, apartments and no specific number, which may affect construction loans, refinancing risk, and exit cap rates.",High relevance to US residential developer strategy,Read full article,"Included because it scored 100 and mentions acquisition, apartment, apartments, with a Financing Risk; Institutional Flow angle for New York.",No Clear Numeric Signal,,"New York & Tri-State CRE News In Your Inbox. Sign up for Connect emails to stay informed with CRE stories that are 150 words or less. New York & Tri-State + New Jersey + Apartments | September 23, 2026 By: Paul Bubny JLL Arranges JV Equity, Acquisition Debt on Jersey City Multifamily JLL Capital Markets arranged joint venture equity and acquisition financing for Jasmin Terrace II, a 56-unit, newly built, luxury apartment building in Jersey City. Senior managing directors Thomas R. Didio and Thom","You are a strategic research analyst for Woomi / Woomi Global.
Analyze the following US multifamily housing article for developer strategy.

Article context:
- Title: JLL Arranges JV Equity, Acquisition Debt on Jersey City Multifamily
- Source: Connect CRE
- URL: https://www.connectcre.com/stories/jll-arranges-jv-equity-acquisition-debt-on-jersey-city-multifamily/
- Market focus: New York
- Strategic angle: Financing Risk; Institutional Flow
- Market signal: No Clear Numeric Signal
- Extracted numbers: None detected
- Strategic implication: Monitor financing conditions because the article includes acquisition, apartment, apartments and no specific number, which may affect construction loans, refinancing risk, and exit cap rates.
- Woomi relevance: High relevance to US residential developer strategy

Please answer in concise bullet points:
1. Why does this article matter for a US multifamily developer?
2. What is the implication for Woomi / Woomi Global?
3. What risk or opportunity does this indicate?
4. What follow-up question should the strategy team ask?",82,Good,missing extracted numbers; missing market signal,"Rule-based interpretation: Connect CRE article 'JLL Arranges JV Equity, Acquisition Debt on Jersey City Multifamily' is classified as priority review for New York. It points to financing, refinancing, or debt-market conditions. Treat as a briefing input, not a standalone investment conclusion; confirm with source diversity, repeat observation, and market-specific evidence.",Macro & Financing; Market Players & Deals,acquisition; apartment; apartments; capital markets; debt; financing; jll; joint venture; multifamily,"JLL Arranges JV Equity, Acquisition Debt on Jersey City Multifamily",https://www.connectcre.com/stories/jll-arranges-jv-equity-acquisition-debt-on-jersey-city-multifamily/,No,art_1cf8394f2dd4c25c,New York / Northern New Jersey,core_15,Multifamily,acquisition; JV/recapitalization,거래/투자,거래/투자; 시장 데이터,No,article page appears accessible from collected text,Yes,No,standard,art_1cf8394f2dd4c25c,https://www.connectcre.com/stories/jll-arranges-jv-equity-acquisition-debt-on-jersey-city-multifamily/,"JLL Arranges JV Equity, Acquisition Debt on Jersey City Multifamily",open,open,https://www.connectcre.com/stories/jll-arranges-jv-equity-acquisition-debt-on-jersey-city-multifamily/,valid,title/source/url metadata are internally consistent,Development Activity,GP / Capital Activity,development_project_anchor: project financing/capital event tied to project (unit/site count: 56-unit; project/asset term: apartments; project financing tied to anchor: acquisition financing),new_or_fresh,0,2026-09-23,2026-09-24,1,fresh_0_3d,fresh,published date parsed; article age 1 day(s),100,fresh article or no repeat penalty,,New York,matched state keyword: New York,acquisition_financing,new_candidate,selected or retained for GP / capital review,Yes,Jersey City Multifamily JLL Capital,JLL,dictionary_match,high,"Matched known institutional / GP entity in title, summary, or source text.",True,unit/site count: 56-unit; project/asset term: apartments; project financing tied to anchor: acquisition financing,high,Project Financing / Capital Event,No,,,Jersey City Multifamily JLL Capital,Jersey City Multifamily JLL Capital,JLL,JLL,Jersey City Multifamily JLL Capital,JLL,institutional_capital,capital_markets,joint_venture; acquisition,none,none,gp_acquisition,none,unknown,lender; broker,Market reference detected as New York.,medium,"Capital event keywords detected: joint_venture, acquisition. Institutional activity terms detected: gp_acquisition. Primary topic set to institutional_capital; confidence medium.",85,86,JV or partnership activity; institutional acquisition behavior,92
2026-09-24,20260924-010837-3de2bd8c,2026-09-24 01:08:24,Connect CRE Apartments,Site / Parcel Source Expansion,Tier 2,development_pipeline;gp_activity;national_multifamily,Other,Apartment,"Wed, 23 Sep 2026 16:31:11 +0000",95,High,Must Read,National,Institutional Flow,Track Institutional Capital Flow,"Track this as institutional capital flow because it mentions major capital players, portfolio transactions, deal size, or cap-rate signals.",High relevance to US residential developer strategy,Read full article,"Included because it scored 95 and mentions acquisition, apartment, apartments, with a Institutional Flow angle for National.",Deal Size Signal,97%,"Chicago & Midwest CRE News In Your Inbox. Sign up for Connect emails to stay informed with CRE stories that are 150 words or less. Chicago & Midwest + Greater Chicagoland + Apartments | September 23, 2026 By: Jasmine Kilman Equus Capital Partners Acquires 226-Unit Multifamily Community in Geneva Equus Capital Partners, Ltd. announced that an affiliate has completed the acquisition of Ashford at Geneva, a 226-unit garden-style apartment community located in Geneva, Illinois. The property was acqu","You are a strategic research analyst for Woomi / Woomi Global.
Analyze the following US multifamily housing article for developer strategy.

Article context:
- Title: Equus Capital Partners Acquires 226-Unit Multifamily Community in Geneva
- Source: Connect CRE Apartments
- URL: https://www.connectcre.com/stories/equus-capital-partners-acquires-226-unit-multifamily-community-in-geneva/
- Market focus: National
- Strategic angle: Institutional Flow
- Market signal: Deal Size Signal
- Extracted numbers: 97%
- Strategic implication: Track this as institutional capital flow because it mentions major capital players, portfolio transactions, deal size, or cap-rate signals.
- Woomi relevance: High relevance to US residential developer strategy

Please answer in concise bullet points:
1. Why does this article matter for a US multifamily developer?
2. What is the implication for Woomi / Woomi Global?
3. What risk or opportunity does this indicate?
4. What follow-up question should the strategy team ask?",98,Excellent,None,"Rule-based interpretation: Connect CRE Apartments article 'Equus Capital Partners Acquires 226-Unit Multifamily Community in Geneva' is classified as priority review for National. It points to institutional capital movement or transaction activity. Treat as a briefing input, not a standalone investment conclusion; confirm with source diversity, repeat observation, and market-specific evidence.",Macro & Financing; Supply & Demand; Market Players & Deals,acquisition; apartment; apartments; garden-style; joint venture; midwest; multifamily,Equus Capital Partners Acquires 226-Unit Multifamily Community in Geneva,https://www.connectcre.com/stories/equus-capital-partners-acquires-226-unit-multifamily-community-in-geneva/,No,art_8eadd8efaca2fa0c,Other / Unknown,other,Multifamily,delivery/completion; acquisition; JV/recapitalization; market data/supply-demand,개발/인허가,개발/인허가; 거래/투자; 운영/임대; 시장 데이터,No,article page appears accessible from collected text,No,No,standard,art_8eadd8efaca2fa0c,https://www.connectcre.com/stories/equus-capital-partners-acquires-226-unit-multifamily-community-in-geneva/,Equus Capital Partners Acquires 226-Unit Multifamily Community in Geneva,open,open,https://www.connectcre.com/stories/equus-capital-partners-acquires-226-unit-multifamily-community-in-geneva/,valid,title/source/url metadata are internally consistent,Development Activity,GP / Capital Activity,development_project_anchor: capital event with identifiable project/asset (unit/site count: 226-unit; project/asset term: community),new_or_fresh,0,2026-09-23,2026-09-24,1,fresh_0_3d,fresh,published date parsed; article age 1 day(s),100,fresh article or no repeat penalty,,,used broad market bucket: National,joint_venture,new_candidate,selected or retained for GP / capital review,Yes,Equus Capital,Equus Capital Partners; Jasmine Kilman Equus Capital Partners; Geneva Equus Capital Partners,title_lead_pattern,medium,Inferred entity from headline lead segment and capital-event verb.,True,unit/site count: 226-unit; project/asset term: community,high,Project / Asset,No,,,Equus Capital,,Equus Capital Partners,Equus Capital Partners; Jasmine Kilman Equus Capital Partners; Geneva Equus Capital Partners,Equus Capital,Equus Capital Partners; Jasmine Kilman Equus Capital Partners; Geneva Equus Capital Partners,institutional_capital,capital_markets; development_pipeline,joint_venture; acquisition,delivery,none,gp_acquisition,none,unknown,lender; investor,Market reference detected as National.,high,"Capital event keywords detected: joint_venture, acquisition. Development-stage terms detected: delivery. Institutional activity terms detected: gp_acquisition. Primary topic set to institutional_capital; confidence high.",85,86,JV or partnership activity; institutional acquisition behavior,92
2026-09-24,20260924-010837-3de2bd8c,2026-09-24 01:08:21,REBusiness Online,Site / Parcel Source Expansion,Tier 2,development_pipeline;gp_activity,Other,Mixed-Use Residential,2026-09-23T13:50:55Z,100,High,Must Read,Los Angeles / California,Institutional Flow,Track Institutional Capital Flow,"Review this as a supply risk signal because it references new deliveries, starts, pipeline, or permits in Atlanta / Georgia.",High relevance to US residential developer strategy,Read full article,"Included because it scored 100 and mentions acquisition, apartment, apartments, with a Institutional Flow angle for Atlanta / Georgia.",Supply / Starts Signal,$114m; $114 million,"Locally based Decron Properties has acquired 5550 Wilshire, a 163-unit community developed in 2010, for $114 million. The asset is located in the Miracle Mile area of Los Angeles. The seller was GID. Acquisitions California Mixed-Use Multifamily Restaurant Retail Western Decron Properties Acquires Apartment Property in Los Angeles for $114M by Amy Works September 23, 2026 September 23, 2026 2 LOS ANGELES — Locally based Decron Properties has acquired 5550 Wilshire, a 163-unit apartment community","You are a strategic research analyst for Woomi / Woomi Global.
Analyze the following US multifamily housing article for developer strategy.

Article context:
- Title: Decron Properties Acquires Apartment Property in Los Angeles for $114M
- Source: REBusiness Online
- URL: https://rebusinessonline.com/decron-properties-acquires-apartment-property-in-los-angeles-for-114m/
- Market focus: Atlanta / Georgia
- Strategic angle: Institutional Flow
- Market signal: Supply / Starts Signal
- Extracted numbers: $114m; $114 million
- Strategic implication: Review this as a supply risk signal because it references new deliveries, starts, pipeline, or permits in Atlanta / Georgia.
- Woomi relevance: High relevance to US residential developer strategy

Please answer in concise bullet points:
1. Why does this article matter for a US multifamily developer?
2. What is the implication for Woomi / Woomi Global?
3. What risk or opportunity does this indicate?
4. What follow-up question should the strategy team ask?",98,Excellent,None,"Rule-based interpretation: REBusiness Online article 'Decron Properties Acquires Apartment Property in Los Angeles for $114M' is classified as priority review for Atlanta / Georgia. It points to supply, delivery, lease-up, or absorption conditions. Treat as a briefing input, not a standalone investment conclusion; confirm with source diversity, repeat observation, and market-specific evidence.",Macro & Financing; Market Players & Deals,acquisition; apartment; apartments; jll; multifamily; transaction,Decron Properties Acquires Apartment Property in Los Angeles for $114M,https://rebusinessonline.com/decron-properties-acquires-apartment-property-in-los-angeles-for-114m/,No,art_1c6377ba5739ffa7,Los Angeles / Southern California,core_15,Mixed-use Residential,acquisition,개발/인허가,개발/인허가; 거래/투자; 시장 데이터,No,article page appears accessible from collected text,Yes,No,standard,art_1c6377ba5739ffa7,https://rebusinessonline.com/decron-properties-acquires-apartment-property-in-los-angeles-for-114m/,Decron Properties Acquires Apartment Property in Los Angeles for $114M,open,open,https://rebusinessonline.com/decron-properties-acquires-apartment-property-in-los-angeles-for-114m/,valid,title/source/url metadata are internally consistent,Development Activity,GP / Capital Activity,development_project_anchor: capital event with identifiable project/asset (unit/site count: 163-unit; project/asset term: community),new_or_fresh,0,2026-09-23,2026-09-24,1,fresh_0_3d,fresh,published date parsed; article age 1 day(s),100,fresh article or no repeat penalty,Los Angeles,California,matched city/metro keyword: Los Angeles,acquisition,new_candidate,selected or retained for GP / capital review,Yes,GID,JLL,dictionary_match,high,"Matched known institutional / GP entity in title, summary, or source text.",True,unit/site count: 163-unit; project/asset term: community,high,Project / Asset,No,,,GID,,JLL,JLL,GID,JLL,transaction_market,capital_markets; institutional_capital,acquisition,none,none,gp_acquisition,none,mixed_use,lender; broker,Market reference detected as Los Angeles / California.,high,Capital event keywords detected: acquisition. Institutional activity terms detected: gp_acquisition. Primary topic set to transaction_market; confidence high.,85,70,institutional acquisition behavior,76
2026-09-24,20260924-010837-3de2bd8c,2026-09-24 01:08:01,Yield PRO,Core Multifamily News,Tier 1,lease_up_supply;national_multifamily,Other,Apartment,"Wed, 23 Sep 2026 17:57:03 +0000",96,High,Must Read,Colorado,Financing Risk; Developer Strategy,Track Financing Conditions; Track Developer Strategy,"Monitor financing conditions because the article includes apartment, apartments, development and $72.5 million, $104 million, $30.6 million, which may affect construction loans, refinancing risk, and exit cap rates.",High relevance to US residential developer strategy,Read full article,"Included because it scored 96 and mentions apartment, apartments, development, with a Financing Risk; Developer Strategy angle for Colorado.",No Clear Numeric Signal,$72.5 million; $104 million; $30.6 million,"Deal boom Mountain region News Facebook Twitter Linkedin 29th Street Capital sold apartment community located at 4343 S. Picadilly Street just off Picadilly Street and East Quincy Avenue. for $72.5 million, a significant dip from the price the company paid for the property four years ago. The company paid $104 million from the development iin 2022. The Michelson Organization acquired the property with the help of a $30.6 million five-year Fannie Mae loan. Dubbed Peakline at Copperleaf apartments","You are a strategic research analyst for Woomi / Woomi Global.
Analyze the following US multifamily housing article for developer strategy.

Article context:
- Title: 29th Street Sells Aurora Colorado Multifamily Apartment Community
- Source: Yield PRO
- URL: https://yieldpro.com/2026/09/picadilly-east-quincy-avenue/
- Market focus: Colorado
- Strategic angle: Financing Risk; Developer Strategy
- Market signal: No Clear Numeric Signal
- Extracted numbers: $72.5 million; $104 million; $30.6 million
- Strategic implication: Monitor financing conditions because the article includes apartment, apartments, development and $72.5 million, $104 million, $30.6 million, which may affect construction loans, refinancing risk, and exit cap rates.
- Woomi relevance: High relevance to US residential developer strategy

Please answer in concise bullet points:
1. Why does this article matter for a US multifamily developer?
2. What is the implication for Woomi / Woomi Global?
3. What risk or opportunity does this indicate?
4. What follow-up question should the strategy team ask?",90,Excellent,missing market signal,"Rule-based interpretation: Yield PRO article '29th Street Sells Aurora Colorado Multifamily Apartment Community' is classified as priority review for Colorado. It points to financing, refinancing, or debt-market conditions. Treat as a briefing input, not a standalone investment conclusion; confirm with source diversity, repeat observation, and market-specific evidence.",Macro & Financing; Development Strategy,apartment; apartments; development; fannie mae; loan; multifamily,29th Street Sells Aurora Colorado Multifamily Apartment Community,https://yieldpro.com/2026/09/picadilly-east-quincy-avenue/,No,art_c89a2c0ac45f441f,Colorado,other,Multifamily,transaction/sale; acquisition; financing/refinancing,개발/인허가,개발/인허가; 거래/투자; 시장 데이터,No,article page appears accessible from collected text,No,No,standard,art_c89a2c0ac45f441f,https://yieldpro.com/2026/09/picadilly-east-quincy-avenue/,29th Street Sells Aurora Colorado Multifamily Apartment Community,open,open,https://yieldpro.com/2026/09/picadilly-east-quincy-avenue/,valid,title/source/url metadata are internally consistent,Development Activity,GP / Capital Activity,development_project_anchor: capital event with identifiable project/asset (address/street: 4343 s. picadilly street; project/asset term: development),new_or_fresh,0,2026-09-23,2026-09-24,1,fresh_0_3d,fresh,published date parsed; article age 1 day(s),100,fresh article or no repeat penalty,,Colorado,matched state keyword: Colorado,disposition_exit,new_candidate,selected or retained for GP / capital review,Yes,Fannie Mae,,dictionary_match,high,"Matched known institutional / GP entity in title, summary, or source text.",True,address/street: 4343 s. picadilly street; project/asset term: development,high,Project / Asset,No,,,Fannie Mae,,,,Fannie Mae,,transaction_market,capital_markets; institutional_capital,acquisition; disposition,none,none,lender_activity; gp_disposition,agency_debt,unknown,lender; developer,Market reference detected as Colorado.,high,"Capital event keywords detected: acquisition, disposition. Financing type keywords detected: agency_debt. Institutional activity terms detected: lender_activity, gp_disposition. Primary topic set to transaction_market; confidence high.",85,70,institutional acquisition behavior,76
2026-09-24,20260924-010837-3de2bd8c,2026-09-24 01:08:21,REBusiness Online,Site / Parcel Source Expansion,Tier 2,development_pipeline;gp_activity,Other,Multifamily,2026-09-23T13:49:22Z,78,Medium,Review,Los Angeles / California,Institutional Flow,Track Institutional Capital Flow,"Review this as a supply risk signal because it references new deliveries, starts, pipeline, or permits in Los Angeles / California.",High relevance to US residential developer strategy,Add to weekly strategy memo,"Included because it scored 78 and mentions acquisition, multifamily, with a Institutional Flow angle for Los Angeles / California.",Supply / Starts Signal,"$2.3 million; 1,240 units","TruAmerica Multifamily has acquired Bridges at San Ramon, located about 36 miles west of San Francisco. Acquisitions California Multifamily Western TruAmerica Buys 200-Unit Bridges at San Ramon Multifamily Complex in San Francisco Bay Area by Amy Works September 23, 2026 September 23, 2026 3 SAN RAMON, CALIF. — TruAmerica Multifamily has acquired Bridges at San Ramon, a 200-unit community in San Ramon. With this acquisition, the Los Angeles-based investment firm owns and operates 1,240 units in ","You are a strategic research analyst for Woomi / Woomi Global.
Analyze the following US multifamily housing article for developer strategy.

Article context:
- Title: TruAmerica Buys 200-Unit Bridges at San Ramon Multifamily Complex in San Francisco Bay Area
- Source: REBusiness Online
- URL: https://rebusinessonline.com/truamerica-buys-200-unit-bridges-at-san-ramon-multifamily-complex-in-san-francisco-bay-area/
- Market focus: Los Angeles / California
- Strategic angle: Institutional Flow
- Market signal: Supply / Starts Signal
- Extracted numbers: $2.3 million; 1,240 units
- Strategic implication: Review this as a supply risk signal because it references new deliveries, starts, pipeline, or permits in Los Angeles / California.
- Woomi relevance: High relevance to US residential developer strategy

Please answer in concise bullet points:
1. Why does this article matter for a US multifamily developer?
2. What is the implication for Woomi / Woomi Global?
3. What risk or opportunity does this indicate?
4. What follow-up question should the strategy team ask?",98,Excellent,None,"Rule-based interpretation: REBusiness Online article 'TruAmerica Buys 200-Unit Bridges at San Ramon Multifamily Complex in San Francisco Bay Area' is classified as review for Los Angeles / California. It points to supply, delivery, lease-up, or absorption conditions. Treat as a briefing input, not a standalone investment conclusion; confirm with source diversity, repeat observation, and market-specific evidence.",Macro & Financing; Market Players & Deals,acquisition; multifamily,TruAmerica Buys 200-Unit Bridges at San Ramon Multifamily Complex in San Francisco Bay Area,https://rebusinessonline.com/truamerica-buys-200-unit-bridges-at-san-ramon-multifamily-complex-in-san-francisco-bay-area/,No,art_c2701e65408b50d8,Los Angeles / Southern California,core_15,Multifamily,acquisition,거래/투자,거래/투자; 시장 데이터,No,article page appears accessible from collected text,Yes,No,standard,art_c2701e65408b50d8,https://rebusinessonline.com/truamerica-buys-200-unit-bridges-at-san-ramon-multifamily-complex-in-san-francisco-bay-area/,TruAmerica Buys 200-Unit Bridges at San Ramon Multifamily Complex in San Francisco Bay Area,open,open,https://rebusinessonline.com/truamerica-buys-200-unit-bridges-at-san-ramon-multifamily-complex-in-san-francisco-bay-area/,valid,title/source/url metadata are internally consistent,Development Activity,GP / Capital Activity,development_project_anchor: capital event with identifiable project/asset (unit/site count: 200-unit; project/asset term: community),new_or_fresh,0,2026-09-23,2026-09-24,1,fresh_0_3d,fresh,published date parsed; article age 1 day(s),100,fresh article or no repeat penalty,Los Angeles,California,matched city/metro keyword: Los Angeles,acquisition,new_candidate,selected or retained for GP / capital review,Yes,Participant not identified,,unresolved,unresolved,"No institution name detected in dictionary, title, summary, or source text.",True,unit/site count: 200-unit; project/asset term: community,high,Project / Asset,No,,,,,,,,,transaction_market,capital_markets; institutional_capital,acquisition,none,none,gp_acquisition,none,unknown,lender,Market reference detected as Los Angeles / California.,medium,Capital event keywords detected: acquisition. Institutional activity terms detected: gp_acquisition. Primary topic set to transaction_market; confidence medium.,85,70,institutional acquisition behavior,76
2026-09-24,20260924-010837-3de2bd8c,2026-09-24 01:08:22,REBusiness Online,Site / Parcel Source Expansion,Tier 2,development_pipeline;gp_activity,Other,Apartment,2026-09-23T13:44:06Z,100,High,Must Read,Other / Unknown,Financing Risk; Institutional Flow,Track Financing Conditions; Track Institutional Capital Flow,"Monitor financing conditions because the article includes acquisition, apartment, apartments and $60m, $60 million, 236 units, which may affect construction loans, refinancing risk, and exit cap rates.",High relevance to US residential developer strategy,Read full article,"Included because it scored 100 and mentions acquisition, apartment, apartments, with a Financing Risk; Institutional Flow angle for a broad or unspecified market.",Supply / Starts Signal,$60m; $60 million; 236 units; 138 units,"Pictured is St. James Place, which features 236 units. Acquisitions Midwest Multifamily Wisconsin CBRE Negotiates $60M Sale of Milwaukee Multifamily Portfolio by Kristin Harlow September 23, 2026 September 23, 2026 2 MILWAUKEE — CBRE has arranged the sale of St. James Place and Arbor Ridge Apartments, a 374-unit multifamily portfolio in Milwaukee, for $60 million. CBRE’s Sean Beuche, Matson Holbrook and Gretchen Richards represented the seller, Weidner Apartment Homes. Jim Flinn of CBRE arranged","You are a strategic research analyst for Woomi / Woomi Global.
Analyze the following US multifamily housing article for developer strategy.

Article context:
- Title: CBRE Negotiates $60M Sale of Milwaukee Multifamily Portfolio
- Source: REBusiness Online
- URL: https://rebusinessonline.com/cbre-negotiates-60m-sale-of-milwaukee-multifamily-portfolio/
- Market focus: Other / Unknown
- Strategic angle: Financing Risk; Institutional Flow
- Market signal: Supply / Starts Signal
- Extracted numbers: $60m; $60 million; 236 units; 138 units
- Strategic implication: Monitor financing conditions because the article includes acquisition, apartment, apartments and $60m, $60 million, 236 units, which may affect construction loans, refinancing risk, and exit cap rates.
- Woomi relevance: High relevance to US residential developer strategy

Please answer in concise bullet points:
1. Why does this article matter for a US multifamily developer?
2. What is the implication for Woomi / Woomi Global?
3. What risk or opportunity does this indicate?
4. What follow-up question should the strategy team ask?",90,Excellent,missing market focus,"Rule-based interpretation: REBusiness Online article 'CBRE Negotiates $60M Sale of Milwaukee Multifamily Portfolio' is classified as priority review for Other / Unknown. It points to financing, refinancing, or debt-market conditions. Treat as a briefing input, not a standalone investment conclusion; confirm with source diversity, repeat observation, and market-specific evidence.",Macro & Financing; Supply & Demand; Market Players & Deals,acquisition; apartment; apartments; cbre; financing; midwest; multifamily; sale,CBRE Negotiates $60M Sale of Milwaukee Multifamily Portfolio,https://rebusinessonline.com/cbre-negotiates-60m-sale-of-milwaukee-multifamily-portfolio/,No,art_c7a18d39002212bb,Other / Unknown,other,Multifamily,acquisition; market data/supply-demand,거래/투자,거래/투자; 시장 데이터,No,article page appears accessible from collected text,No,No,standard,art_c7a18d39002212bb,https://rebusinessonline.com/cbre-negotiates-60m-sale-of-milwaukee-multifamily-portfolio/,CBRE Negotiates $60M Sale of Milwaukee Multifamily Portfolio,open,open,https://rebusinessonline.com/cbre-negotiates-60m-sale-of-milwaukee-multifamily-portfolio/,valid,title/source/url metadata are internally consistent,Development Activity,GP / Capital Activity,development_project_anchor: capital event with identifiable project/asset (unit/site count: 236 units; project/asset term: apartments),new_or_fresh,0,2026-09-23,2026-09-24,1,fresh_0_3d,fresh,published date parsed; article age 1 day(s),100,fresh article or no repeat penalty,,,"no city, state, or market keyword detected",disposition_exit,new_candidate,development article without confirmed capital event,No,CBRE,,dictionary_match,high,"Matched known institutional / GP entity in title, summary, or source text.",True,unit/site count: 236 units; project/asset term: apartments,high,Project / Asset,No,,,CBRE,,,,CBRE,,transaction_market,capital_markets; institutional_capital,acquisition; disposition,none,none,gp_acquisition,none,unknown,lender; broker,No specific market detected; relevance remains broad.,medium,"Capital event keywords detected: acquisition, disposition. Institutional activity terms detected: gp_acquisition. Primary topic set to transaction_market; confidence medium.",70,67,institutional acquisition behavior,73
2026-09-24,20260924-010837-3de2bd8c,2026-09-24 01:08:00,Yield PRO,Core Multifamily News,Tier 1,lease_up_supply;national_multifamily,Other,BTR / Single-Family Rental,"Wed, 23 Sep 2026 18:36:38 +0000",82,High,Review,Other / Unknown,Financing Risk,Track Financing Conditions,"Monitor financing conditions because the article includes berkadia, fannie mae, loan and $17 million, which may affect construction loans, refinancing risk, and exit cap rates.",Medium relevance to market monitoring,Track source for follow-up,"Included because it scored 82 and mentions berkadia, fannie mae, loan, with a Financing Risk angle for a broad or unspecified market.",Rent Growth Signal,$17 million,"Deal boom News Facebook Twitter Linkedin Highgate Capital Group has sold Stonehaven , a 105-unit single-family rental property in Shelby Township, Michigan. Peak Capital Partners acquired the metro Detroit asset. The property previously traded in January 2022, when Woodlake Homes sold it to Highgate, the data provider shows. For that deal, Highgate obtained a $17 million Fannie Mae loan originated by Berkadia. Located at 49135 E. Woods Drive, the community is just off Highway 53 and close to mul","You are a strategic research analyst for Woomi / Woomi Global.
Analyze the following US multifamily housing article for developer strategy.

Article context:
- Title: Highgate Capital Group Sells 105-Unit Build-for-Rent Multifamily Property in Metro Detroit
- Source: Yield PRO
- URL: https://yieldpro.com/2026/09/stonehaven-apartments/
- Market focus: Other / Unknown
- Strategic angle: Financing Risk
- Market signal: Rent Growth Signal
- Extracted numbers: $17 million
- Strategic implication: Monitor financing conditions because the article includes berkadia, fannie mae, loan and $17 million, which may affect construction loans, refinancing risk, and exit cap rates.
- Woomi relevance: Medium relevance to market monitoring

Please answer in concise bullet points:
1. Why does this article matter for a US multifamily developer?
2. What is the implication for Woomi / Woomi Global?
3. What risk or opportunity does this indicate?
4. What follow-up question should the strategy team ask?",90,Excellent,missing market focus,"Rule-based interpretation: Yield PRO article 'Highgate Capital Group Sells 105-Unit Build-for-Rent Multifamily Property in Metro Detroit' is classified as review for Other / Unknown. It points to financing, refinancing, or debt-market conditions. Treat as a briefing input, not a standalone investment conclusion; confirm with source diversity, repeat observation, and market-specific evidence.",Macro & Financing; Market Players & Deals,berkadia; fannie mae; loan; multifamily,Highgate Capital Group Sells 105-Unit Build-for-Rent Multifamily Property in Metro Detroit,https://yieldpro.com/2026/09/stonehaven-apartments/,No,art_281919698759aafd,Other / Unknown,other,Build-to-Rent,transaction/sale; acquisition; financing/refinancing; rent/occupancy/absorption,거래/투자,거래/투자; 운영/임대; 시장 데이터,No,article page appears accessible from collected text,No,No,standard,art_281919698759aafd,https://yieldpro.com/2026/09/stonehaven-apartments/,Highgate Capital Group Sells 105-Unit Build-for-Rent Multifamily Property in Metro Detroit,open,open,https://yieldpro.com/2026/09/stonehaven-apartments/,valid,title/source/url metadata are internally consistent,Development Activity,GP / Capital Activity,development_project_anchor: capital event with identifiable project/asset (unit/site count: 105-unit; address/street: 49135 e. woods drive; project/asset term: community),new_or_fresh,0,2026-09-23,2026-09-24,1,fresh_0_3d,fresh,published date parsed; article age 1 day(s),100,fresh article or no repeat penalty,,,"no city, state, or market keyword detected",disposition_exit,new_candidate,selected or retained for GP / capital review,Yes,Fannie Mae,Berkadia; Highgate Capital Group; Peak Capital Partners,dictionary_match,high,"Matched known institutional / GP entity in title, summary, or source text.",True,unit/site count: 105-unit; address/street: 49135 e. woods drive; project/asset term: community,high,Project / Asset,No,,,Fannie Mae,,Berkadia,Berkadia; Highgate Capital Group; Peak Capital Partners,Fannie Mae,Berkadia; Highgate Capital Group; Peak Capital Partners,transaction_market,capital_markets; supply_demand,acquisition; disposition,none,effective_rent_growth,lender_activity; gp_disposition,agency_debt,btr,lender; investor,No specific market detected; relevance remains broad.,high,"Capital event keywords detected: acquisition, disposition. Financing type keywords detected: agency_debt. Supply/demand terms detected: effective_rent_growth. Institutional activity terms detected: lender_activity, gp_disposition. Primary topic set to transaction_market; confidence high.",70,67,institutional acquisition behavior,73
2026-09-24,20260924-010837-3de2bd8c,2026-09-24 01:08:26,Connect CRE Texas,Site / Parcel Source Expansion,Tier 2,development_pipeline;gp_activity;sunbelt,Other,Apartment,"Tue, 22 Sep 2026 15:42:57 +0000",94,High,Must Read,Dallas / Texas,Financing Risk; Institutional Flow,Track Financing Conditions; Track Institutional Capital Flow,"Monitor financing conditions because the article includes acquisition, apartment, apartments and $53.9m, $53.9 million, which may affect construction loans, refinancing risk, and exit cap rates.",High relevance to US residential developer strategy,Read full article,"Included because it scored 94 and mentions acquisition, apartment, apartments, with a Financing Risk; Institutional Flow angle for Dallas / Texas.",Deal Size Signal,$53.9m; $53.9 million,"Texas CRE News In Your Inbox. Sign up for Connect emails to stay informed with CRE stories that are 150 words or less. Texas + Dallas-Fort Worth + Apartments | September 22, 2026 By: Mike Boyd Bow River Inks $53.9M Acquisition Loan for Northlake Apartment Sale Newmark arranged $53.9 million in financing for the acquisition of Dry Creek Ranch, a 456-unit multifamily community in Northlake, Texas. Bow River Capital purchased the asset from Western Securities. Newmark’s Adam Randall, John Westby-Gi","You are a strategic research analyst for Woomi / Woomi Global.
Analyze the following US multifamily housing article for developer strategy.

Article context:
- Title: Bow River Inks $53.9M Acquisition Loan for Northlake Apartment Sale
- Source: Connect CRE Texas
- URL: https://www.connectcre.com/stories/bow-river-inks-53-9m-acquisition-loan-for-northlake-apartment-sale/
- Market focus: Dallas / Texas
- Strategic angle: Financing Risk; Institutional Flow
- Market signal: Deal Size Signal
- Extracted numbers: $53.9m; $53.9 million
- Strategic implication: Monitor financing conditions because the article includes acquisition, apartment, apartments and $53.9m, $53.9 million, which may affect construction loans, refinancing risk, and exit cap rates.
- Woomi relevance: High relevance to US residential developer strategy

Please answer in concise bullet points:
1. Why does this article matter for a US multifamily developer?
2. What is the implication for Woomi / Woomi Global?
3. What risk or opportunity does this indicate?
4. What follow-up question should the strategy team ask?",98,Excellent,None,"Rule-based interpretation: Connect CRE Texas article 'Bow River Inks $53.9M Acquisition Loan for Northlake Apartment Sale' is classified as priority review for Dallas / Texas. It points to financing, refinancing, or debt-market conditions. Treat as a briefing input, not a standalone investment conclusion; confirm with source diversity, repeat observation, and market-specific evidence.",Macro & Financing; Market Players & Deals,acquisition; apartment; apartments; fannie mae; financing; loan; multifamily; sale,Bow River Inks $53.9M Acquisition Loan for Northlake Apartment Sale,https://www.connectcre.com/stories/bow-river-inks-53-9m-acquisition-loan-for-northlake-apartment-sale/,Yes,art_029a7564a9b9fb3f,Dallas-Fort Worth,core_15,Multifamily,financing/refinancing,제외/금융,제외/금융,Yes,article page appears accessible from collected text,Yes,No,standard,art_029a7564a9b9fb3f,https://www.connectcre.com/stories/bow-river-inks-53-9m-acquisition-loan-for-northlake-apartment-sale/,Bow River Inks $53.9M Acquisition Loan for Northlake Apartment Sale,open,open,https://www.connectcre.com/stories/bow-river-inks-53-9m-acquisition-loan-for-northlake-apartment-sale/,valid,title/source/url metadata are internally consistent,Development Activity,GP / Capital Activity,development_project_anchor: capital event with identifiable project/asset (unit/site count: 456-unit; project/asset term: community),acceptable_repeat,1,2026-09-22,2026-09-24,2,fresh_0_3d,fresh,published date parsed; article age 2 day(s),78,previously seen article,Dallas,Texas,matched city/metro keyword: Dallas,acquisition_financing,repeated_but_retained,selected or retained for GP / capital review,Yes,Fannie Mae,,dictionary_match,high,"Matched known institutional / GP entity in title, summary, or source text.",True,unit/site count: 456-unit; project/asset term: community,high,Project / Asset,No,,,Fannie Mae,Fannie Mae,,,Fannie Mae,,transaction_market,capital_markets; institutional_capital,acquisition,none,none,lender_activity; gp_acquisition,agency_debt,unknown,lender,Market reference detected as Dallas / Texas.,medium,"Capital event keywords detected: acquisition. Financing type keywords detected: agency_debt. Institutional activity terms detected: lender_activity, gp_acquisition. Primary topic set to transaction_market; confidence medium.",85,70,institutional acquisition behavior,68
2026-09-24,20260924-010837-3de2bd8c,2026-09-24 01:08:28,Connect CRE South Florida,Site / Parcel Source Expansion,Tier 2,development_pipeline;gp_activity;sunbelt,Other,Apartment,"Thu, 17 Sep 2026 14:28:23 +0000",94,High,Must Read,Miami / Florida,Developer Strategy,Track Developer Strategy,"Track rent and vacancy conditions because the article points to demand, occupancy, rent, vacancy, or concession signals in Miami / Florida.",High relevance to US residential developer strategy,Read full article,"Included because it scored 94 and mentions apartment, apartments, construction, with a Developer Strategy angle for Miami / Florida.",Rent Growth Signal,$95.3 million,"Florida & Gulf Coast CRE News In Your Inbox. Sign up for Connect emails to stay informed with CRE stories that are 150 words or less. Florida & Gulf Coast + South Florida + Apartments | September 17, 2026 By: Mike Boyd Developer Launches Investor Offering for 465-Unit Boynton Beach Rental Community Time Equities, Inc launched a $95.3 million tenant-in-common (“TIC”) investment offering for OCTAVIA, an eight-story, 465-unit Class A multifamily community under construction in downtown Boynton Beac","You are a strategic research analyst for Woomi / Woomi Global.
Analyze the following US multifamily housing article for developer strategy.

Article context:
- Title: Developer Launches Investor Offering for 465-Unit Boynton Beach Rental Community
- Source: Connect CRE South Florida
- URL: https://www.connectcre.com/stories/developer-launches-investor-offering-for-465-unit-boynton-beach-rental-community/
- Market focus: Miami / Florida
- Strategic angle: Developer Strategy
- Market signal: Rent Growth Signal
- Extracted numbers: $95.3 million
- Strategic implication: Track rent and vacancy conditions because the article points to demand, occupancy, rent, vacancy, or concession signals in Miami / Florida.
- Woomi relevance: High relevance to US residential developer strategy

Please answer in concise bullet points:
1. Why does this article matter for a US multifamily developer?
2. What is the implication for Woomi / Woomi Global?
3. What risk or opportunity does this indicate?
4. What follow-up question should the strategy team ask?",98,Excellent,None,"Rule-based interpretation: Connect CRE South Florida article 'Developer Launches Investor Offering for 465-Unit Boynton Beach Rental Community' is classified as priority review for Miami / Florida. It points to development execution or sponsor strategy. Treat as a briefing input, not a standalone investment conclusion; confirm with source diversity, repeat observation, and market-specific evidence.",Development Strategy,apartment; apartments; construction; developer; development; multifamily,Developer Launches Investor Offering for 465-Unit Boynton Beach Rental Community,https://www.connectcre.com/stories/developer-launches-investor-offering-for-465-unit-boynton-beach-rental-community/,Yes,art_0a9c1b2affb70731,Miami / South Florida,core_15,Multifamily,development; under construction; rent/occupancy/absorption,개발/인허가,개발/인허가; 거래/투자; 운영/임대; 시장 데이터,No,article page appears accessible from collected text,Yes,No,standard,art_0a9c1b2affb70731,https://www.connectcre.com/stories/developer-launches-investor-offering-for-465-unit-boynton-beach-rental-community/,Developer Launches Investor Offering for 465-Unit Boynton Beach Rental Community,open,open,https://www.connectcre.com/stories/developer-launches-investor-offering-for-465-unit-boynton-beach-rental-community/,valid,title/source/url metadata are internally consistent,Development Activity,,development_project_anchor: Project / Asset (unit/site count: 465-unit; project/asset term: development),acceptable_repeat,6,2026-09-17,2026-09-24,7,fresh_0_3d,fresh,published date parsed; article age 7 day(s),73,previously seen article; possible follow-up or updated development signal,Miami,Florida,matched city/metro keyword: Miami,none,not_candidate,not a GP / capital candidate,No,,,,,,True,unit/site count: 465-unit; project/asset term: development,high,Project / Asset,No,,,,,,,,,development_pipeline,supply_demand,none,under_construction,effective_rent_growth,none,none,development,developer; investor,Market reference detected as Miami / Florida.,medium,Development-stage terms detected: under_construction. Supply/demand terms detected: effective_rent_growth. Primary topic set to development_pipeline; confidence medium.,75,70,development continuation,68
2026-09-24,20260924-010837-3de2bd8c,2026-09-24 01:08:23,REBusiness Online,Site / Parcel Source Expansion,Tier 2,development_pipeline;gp_activity,Other,Mixed-Use Residential,2026-09-23T12:55:27Z,77,Medium,Review,Virginia,Developer Strategy,Track Developer Strategy,"Review for developer strategy because the article may inform site selection, product type, adaptive reuse, build-to-rent, or market entry.",Medium relevance to market monitoring,Track source for follow-up,"Included because it scored 77 and mentions apartment, construction, development, with a Developer Strategy angle for Virginia.",No Clear Numeric Signal,$300m; $300 million,"Pembroke Square in Virginia Beach will feature a Tempo by Hilton hotel that is under construction. Development Hospitality Mixed-Use Multifamily Retail Seniors Housing Southeast Virginia Pembroke Realty Provides Updates on $300M Mall Redevelopment in Virginia Beach by John Nelson September 23, 2026 September 23, 2026 2 VIRGINIA BEACH, VA. — Pembroke Realty Group has provided updates on the $300 million redevelopment of Pembroke Mall, a regional shopping mall in Virginia Beach that dates back to ","You are a strategic research analyst for Woomi / Woomi Global.
Analyze the following US multifamily housing article for developer strategy.

Article context:
- Title: Pembroke Realty Provides Updates on $300M Mall Redevelopment in Virginia Beach
- Source: REBusiness Online
- URL: https://rebusinessonline.com/pembroke-realty-provides-updates-on-300m-mall-redevelopment-in-virginia-beach/
- Market focus: Virginia
- Strategic angle: Developer Strategy
- Market signal: No Clear Numeric Signal
- Extracted numbers: $300m; $300 million
- Strategic implication: Review for developer strategy because the article may inform site selection, product type, adaptive reuse, build-to-rent, or market entry.
- Woomi relevance: Medium relevance to market monitoring

Please answer in concise bullet points:
1. Why does this article matter for a US multifamily developer?
2. What is the implication for Woomi / Woomi Global?
3. What risk or opportunity does this indicate?
4. What follow-up question should the strategy team ask?",90,Excellent,missing market signal,"Rule-based interpretation: REBusiness Online article 'Pembroke Realty Provides Updates on $300M Mall Redevelopment in Virginia Beach' is classified as review for Virginia. It points to development execution or sponsor strategy. Treat as a briefing input, not a standalone investment conclusion; confirm with source diversity, repeat observation, and market-specific evidence.",Development Strategy,apartment; construction; development; multifamily,Pembroke Realty Provides Updates on $300M Mall Redevelopment in Virginia Beach,https://rebusinessonline.com/pembroke-realty-provides-updates-on-300m-mall-redevelopment-in-virginia-beach/,No,art_fd9991d8382b3bf2,Virginia,other,Mixed-use Residential,development; under construction,개발/인허가,개발/인허가,No,article page appears accessible from collected text,No,No,standard,art_fd9991d8382b3bf2,https://rebusinessonline.com/pembroke-realty-provides-updates-on-300m-mall-redevelopment-in-virginia-beach/,Pembroke Realty Provides Updates on $300M Mall Redevelopment in Virginia Beach,open,open,https://rebusinessonline.com/pembroke-realty-provides-updates-on-300m-mall-redevelopment-in-virginia-beach/,valid,title/source/url metadata are internally consistent,Development Activity,,headline-level development execution event overrides sponsor/capital keywords,new_or_fresh,0,2026-09-23,2026-09-24,1,fresh_0_3d,fresh,published date parsed; article age 1 day(s),100,fresh article or no repeat penalty,,Virginia,matched state keyword: Virginia,none,not_candidate,not a GP / capital candidate,No,,,,,,False,"no identifiable project, asset, site, address, or unit-count anchor",none,,No,,,,,,,,,development_pipeline,none,none,under_construction; redevelopment,none,none,none,mixed_use; development,developer,Market reference detected as Virginia.,low,"Development-stage terms detected: under_construction, redevelopment. Primary topic set to development_pipeline; confidence low.",75,60,development continuation; classification confidence penalty,66
2026-09-24,20260924-010837-3de2bd8c,2026-09-24 01:07:58,Multifamily Dive,Core Multifamily News,Tier 1,national_multifamily,Other,Multifamily,"Mon, 21 Sep 2026 15:29:39 -0400",91,High,Must Read,California,Institutional Flow,Track Institutional Capital Flow,"Track this as institutional capital flow because it mentions major capital players, portfolio transactions, deal size, or cap-rate signals.",High relevance to US residential developer strategy,Read full article,"Included because it scored 91 and mentions acquisition, bell partners, multifamily, with a Institutional Flow angle for California.",No Clear Numeric Signal,,"An article from TruAmerica’s Bay Area buy, plus 6 other trades you may have missed last week Bell Partners and Standard Real Estate Investments are among the multifamily players that announced acquisitions over the past seven days. Published Sept. 21, 2026 Leslie Shaver Senior Reporter Share Copy link Email LinkedIn X/Twitter Facebook Print License Add us on Google Bridges at San Ramon in in San Ramon, Calif. Permission granted by TruAmerica Multifamily After a sluggish summer sales market, mult","You are a strategic research analyst for Woomi / Woomi Global.
Analyze the following US multifamily housing article for developer strategy.

Article context:
- Title: TruAmerica’s Bay Area buy, plus 6 other trades you may have missed last week
- Source: Multifamily Dive
- URL: https://www.multifamilydive.com/news/multifamily-transactions-value-add-apartment-deals/830939/
- Market focus: California
- Strategic angle: Institutional Flow
- Market signal: No Clear Numeric Signal
- Extracted numbers: None detected
- Strategic implication: Track this as institutional capital flow because it mentions major capital players, portfolio transactions, deal size, or cap-rate signals.
- Woomi relevance: High relevance to US residential developer strategy

Please answer in concise bullet points:
1. Why does this article matter for a US multifamily developer?
2. What is the implication for Woomi / Woomi Global?
3. What risk or opportunity does this indicate?
4. What follow-up question should the strategy team ask?",82,Good,missing extracted numbers; missing market signal,"Rule-based interpretation: Multifamily Dive article 'TruAmerica’s Bay Area buy, plus 6 other trades you may have missed last week' is classified as priority review for California. It points to institutional capital movement or transaction activity. Treat as a briefing input, not a standalone investment conclusion; confirm with source diversity, repeat observation, and market-specific evidence.",Macro & Financing; Market Players & Deals,acquisition; bell partners; multifamily; sale,"TruAmerica’s Bay Area buy, plus 6 other trades you may have missed last week",https://www.multifamilydive.com/news/multifamily-transactions-value-add-apartment-deals/830939/,Yes,art_63801b77d7235bb0,California,other,Multifamily,acquisition,거래/투자,거래/투자; 시장 데이터,No,article page appears accessible from collected text,No,No,standard,art_63801b77d7235bb0,https://www.multifamilydive.com/news/multifamily-transactions-value-add-apartment-deals/830939/,"TruAmerica’s Bay Area buy, plus 6 other trades you may have missed last week",open,open,https://www.multifamilydive.com/news/multifamily-transactions-value-add-apartment-deals/830939/,valid,title/source/url metadata are internally consistent,GP / Capital Activity,,transaction or financing article excluded from Development Activity,acceptable_repeat,2,2026-09-21,2026-09-24,3,fresh_0_3d,fresh,published date parsed; article age 3 day(s),74,previously seen article,,,used broad market bucket: California,disposition_exit,repeated_but_retained,selected or retained for GP / capital review,Yes,Standard Real Estate Investments,Bell Partners,dictionary_match,high,"Matched known institutional / GP entity in title, summary, or source text.",False,"no identifiable project, asset, site, address, or unit-count anchor",none,,No,,,Standard Real Estate Investments,,Bell Partners,Bell Partners,Standard Real Estate Investments,Bell Partners,transaction_market,capital_markets; institutional_capital,acquisition,none,none,gp_acquisition,public_subsidy,unknown,lender,Market reference detected as California.,medium,Capital event keywords detected: acquisition. Financing type keywords detected: public_subsidy. Institutional activity terms detected: gp_acquisition. Primary topic set to transaction_market; confidence medium.,70,67,institutional acquisition behavior,65
2026-09-24,20260924-010837-3de2bd8c,2026-09-24 01:08:23,REBusiness Online,Site / Parcel Source Expansion,Tier 2,development_pipeline;gp_activity,Other,Student Housing,2026-09-23T12:49:55Z,87,High,Must Read,Florida,Financing Risk,Track Financing Conditions,"Monitor financing conditions because the article includes construction, financing, loan and $180m, $180 million, which may affect construction loans, refinancing risk, and exit cap rates.",High relevance to US residential developer strategy,Read full article,"Included because it scored 87 and mentions construction, financing, loan, with a Financing Risk angle for Miami / Florida.",Supply / Starts Signal,$180m; $180 million,"Terrazul opened in 2024 near Florida International University in Sweetwater, Fla. Florida Loans Southeast Student Housing Adam America, JW Capital Secure $180M Refinancing for Student Housing Community Near Florida International University by John Nelson September 23, 2026 September 23, 2026 7 SWEETWATER, FLA. — Adam America Real Estate and JW Capital Management have secured $180 million for the refinancing of Terrazul, a 22-story student housing community located adjacent to Florida Internation","You are a strategic research analyst for Woomi / Woomi Global.
Analyze the following US multifamily housing article for developer strategy.

Article context:
- Title: Adam America, JW Capital Secure $180M Refinancing for Student Housing Community Adjacent to Florida International University
- Source: REBusiness Online
- URL: https://rebusinessonline.com/adam-america-jw-capital-secure-180m-refinancing-for-student-housing-community-adjacent-to-florida-international-university/
- Market focus: Miami / Florida
- Strategic angle: Financing Risk
- Market signal: Supply / Starts Signal
- Extracted numbers: $180m; $180 million
- Strategic implication: Monitor financing conditions because the article includes construction, financing, loan and $180m, $180 million, which may affect construction loans, refinancing risk, and exit cap rates.
- Woomi relevance: High relevance to US residential developer strategy

Please answer in concise bullet points:
1. Why does this article matter for a US multifamily developer?
2. What is the implication for Woomi / Woomi Global?
3. What risk or opportunity does this indicate?
4. What follow-up question should the strategy team ask?",98,Excellent,None,"Rule-based interpretation: REBusiness Online article 'Adam America, JW Capital Secure $180M Refinancing for Student Housing Community Adjacent to Florida International University' is classified as priority review for Miami / Florida. It points to financing, refinancing, or debt-market conditions. Treat as a briefing input, not a standalone investment conclusion; confirm with source diversity, repeat observation, and market-specific evidence.",Macro & Financing; Development Strategy,construction; financing; loan; refinancing; student housing,"Adam America, JW Capital Secure $180M Refinancing for Student Housing Community Adjacent to Florida International University",https://rebusinessonline.com/adam-america-jw-capital-secure-180m-refinancing-for-student-housing-community-adjacent-to-florida-international-university/,No,art_9b589a116472e37d,Florida,other,Student Housing,financing/refinancing,제외/금융,제외/금융,Yes,article page appears accessible from collected text,No,No,standard,art_9b589a116472e37d,https://rebusinessonline.com/adam-america-jw-capital-secure-180m-refinancing-for-student-housing-community-adjacent-to-florida-international-university/,"Adam America, JW Capital Secure $180M Refinancing for Student Housing Community Adjacent to Florida International University",open,open,https://rebusinessonline.com/adam-america-jw-capital-secure-180m-refinancing-for-student-housing-community-adjacent-to-florida-international-university/,valid,title/source/url metadata are internally consistent,Development Activity,GP / Capital Activity,development_project_anchor: project financing/capital event tied to project (unit/site count: 22-story; execution milestone: opened; project/asset term: community),new_or_fresh,0,2026-09-23,2026-09-24,1,fresh_0_3d,fresh,published date parsed; article age 1 day(s),100,fresh article or no repeat penalty,,Florida,matched state keyword: Florida,refinancing,new_candidate,selected or retained for GP / capital review,Yes,JW Capital,Adam America Real Estate; JW Capital Management,capital_event_sentence,medium,Inferred entity from source text near capital-event language.,True,unit/site count: 22-story; execution milestone: opened; project/asset term: community,high,Delivery / Opening,No,,,JW Capital,JW Capital,Adam America Real Estate,Adam America Real Estate; JW Capital Management,JW Capital,Adam America Real Estate; JW Capital Management,capital_markets,development_pipeline,refinancing,delivery,none,none,none,student_housing,lender; developer,Market reference detected as Florida.,medium,Capital event keywords detected: refinancing. Development-stage terms detected: delivery. Primary topic set to capital_markets; confidence medium.,90,67,large-scale refinance tied to strategy,65
2026-09-24,20260924-010837-3de2bd8c,2026-09-24 01:08:24,Connect CRE Apartments,Site / Parcel Source Expansion,Tier 2,development_pipeline;gp_activity;national_multifamily,Other,Apartment,"Wed, 23 Sep 2026 16:31:26 +0000",100,High,Must Read,Washington DC,Financing Risk; Institutional Flow; Developer Strategy,Track Financing Conditions; Track Institutional Capital Flow; Track Developer Strategy,"Monitor financing conditions because the article includes apartment, apartments, construction and $175m, $175 million, which may affect construction loans, refinancing risk, and exit cap rates.",High relevance to US residential developer strategy,Read full article,"Included because it scored 100 and mentions apartment, apartments, construction, with a Financing Risk; Institutional Flow; Developer Strategy angle for Washington DC.",Deal Size Signal,$175m; $175 million,"Washington DC CRE News In Your Inbox. Sign up for Connect emails to stay informed with CRE stories that are 150 words or less. Washington DC & Mid-Atlantic + DC + Apartments | September 23, 2026 By: Jasmine Kilman Kennedy Wilson Closes $175M Construction Financing for DC Multifamily Project Kennedy Wilson has closed a $175 million senior construction mortgage to finance the development of 1999 Eye Street NW, a 434-unit multifamily community in downtown Washington, D.C. The development is being s","You are a strategic research analyst for Woomi / Woomi Global.
Analyze the following US multifamily housing article for developer strategy.

Article context:
- Title: Kennedy Wilson Closes $175M Construction Financing for DC Multifamily Project
- Source: Connect CRE Apartments
- URL: https://www.connectcre.com/stories/kennedy-wilson-closes-175m-construction-financing-for-dc-multifamily-project/
- Market focus: Washington DC
- Strategic angle: Financing Risk; Institutional Flow; Developer Strategy
- Market signal: Deal Size Signal
- Extracted numbers: $175m; $175 million
- Strategic implication: Monitor financing conditions because the article includes apartment, apartments, construction and $175m, $175 million, which may affect construction loans, refinancing risk, and exit cap rates.
- Woomi relevance: High relevance to US residential developer strategy

Please answer in concise bullet points:
1. Why does this article matter for a US multifamily developer?
2. What is the implication for Woomi / Woomi Global?
3. What risk or opportunity does this indicate?
4. What follow-up question should the strategy team ask?",98,Excellent,None,"Rule-based interpretation: Connect CRE Apartments article 'Kennedy Wilson Closes $175M Construction Financing for DC Multifamily Project' is classified as priority review for Washington DC. It points to financing, refinancing, or debt-market conditions. Treat as a briefing input, not a standalone investment conclusion; confirm with source diversity, repeat observation, and market-specific evidence.",Macro & Financing; Development Strategy; Market Players & Deals,apartment; apartments; construction; development; financing; joint venture; multifamily,Kennedy Wilson Closes $175M Construction Financing for DC Multifamily Project,https://www.connectcre.com/stories/kennedy-wilson-closes-175m-construction-financing-for-dc-multifamily-project/,No,art_1adb1e6c038fbe0d,Washington DC / Northern Virginia,core_15,Multifamily,financing/refinancing; JV/recapitalization,제외/금융,제외/금융,Yes,article page appears accessible from collected text,Yes,No,standard,art_1adb1e6c038fbe0d,https://www.connectcre.com/stories/kennedy-wilson-closes-175m-construction-financing-for-dc-multifamily-project/,Kennedy Wilson Closes $175M Construction Financing for DC Multifamily Project,open,open,https://www.connectcre.com/stories/kennedy-wilson-closes-175m-construction-financing-for-dc-multifamily-project/,valid,title/source/url metadata are internally consistent,Development Activity,GP / Capital Activity,development_project_anchor: project financing/capital event tied to project (unit/site count: 434-unit; address/street: 1999 eye street; project/asset term: project; project financing tied to anchor: construction financing),new_or_fresh,0,2026-09-23,2026-09-24,1,fresh_0_3d,fresh,published date parsed; article age 1 day(s),100,fresh article or no repeat penalty,Washington DC,Washington DC,matched city/metro keyword: Washington DC,construction_financing,new_candidate,selected or retained for GP / capital review,Yes,Kennedy Wilson,,dictionary_match,high,"Matched known institutional / GP entity in title, summary, or source text.",True,unit/site count: 434-unit; address/street: 1999 eye street; project/asset term: project; project financing tied to anchor: construction financing,high,Project Financing / Capital Event,No,,,Kennedy Wilson,Kennedy Wilson,,,Kennedy Wilson,,capital_markets,none,construction_financing; joint_venture,none,none,none,construction_loan,unknown,lender; developer,Market reference detected as Washington DC.,medium,"Capital event keywords detected: construction_financing, joint_venture. Financing type keywords detected: construction_loan. Primary topic set to capital_markets; confidence medium.",75,70,JV or partnership activity,62
2026-09-24,20260924-010837-3de2bd8c,2026-09-24 01:08:24,Connect CRE Apartments,Site / Parcel Source Expansion,Tier 2,development_pipeline;gp_activity;national_multifamily,Other,Apartment,"Wed, 23 Sep 2026 16:31:20 +0000",100,High,Must Read,Other / Unknown,Financing Risk,Track Financing Conditions,"Monitor financing conditions because the article includes apartment, apartments, debt and $69m, $69.3 million, which may affect construction loans, refinancing risk, and exit cap rates.",High relevance to US residential developer strategy,Read full article,"Included because it scored 100 and mentions apartment, apartments, debt, with a Financing Risk angle for a broad or unspecified market.",Financing Cost Signal,$69m; $69.3 million,"Chicago & Midwest CRE News In Your Inbox. Sign up for Connect emails to stay informed with CRE stories that are 150 words or less. Chicago & Midwest + Midwest + Apartments | September 23, 2026 By: Jasmine Kilman Colliers Secures $69M Refinance for Missoula Multifamily Property Colliers’ Debt & Structured Finance has arranged $69.3 million to refinance Snowfarm Apartments, a 252-unit multifamily property located in Missoula, Montana. The financing was placed through Fannie Mae and marks the first","You are a strategic research analyst for Woomi / Woomi Global.
Analyze the following US multifamily housing article for developer strategy.

Article context:
- Title: Colliers Secures $69M Refinance for Missoula Multifamily Property
- Source: Connect CRE Apartments
- URL: https://www.connectcre.com/stories/colliers-secures-69m-refinance-for-missoula-multifamily-property/
- Market focus: Other / Unknown
- Strategic angle: Financing Risk
- Market signal: Financing Cost Signal
- Extracted numbers: $69m; $69.3 million
- Strategic implication: Monitor financing conditions because the article includes apartment, apartments, debt and $69m, $69.3 million, which may affect construction loans, refinancing risk, and exit cap rates.
- Woomi relevance: High relevance to US residential developer strategy

Please answer in concise bullet points:
1. Why does this article matter for a US multifamily developer?
2. What is the implication for Woomi / Woomi Global?
3. What risk or opportunity does this indicate?
4. What follow-up question should the strategy team ask?",90,Excellent,missing market focus,"Rule-based interpretation: Connect CRE Apartments article 'Colliers Secures $69M Refinance for Missoula Multifamily Property' is classified as priority review for Other / Unknown. It points to financing, refinancing, or debt-market conditions. Treat as a briefing input, not a standalone investment conclusion; confirm with source diversity, repeat observation, and market-specific evidence.",Macro & Financing; Supply & Demand; Market Players & Deals,apartment; apartments; debt; fannie mae; financing; loan; midwest; multifamily; transaction,Colliers Secures $69M Refinance for Missoula Multifamily Property,https://www.connectcre.com/stories/colliers-secures-69m-refinance-for-missoula-multifamily-property/,No,art_5639c2355367af83,Other / Unknown,other,Multifamily,financing/refinancing; market data/supply-demand,제외/금융,제외/금융,Yes,article page appears accessible from collected text,No,No,standard,art_5639c2355367af83,https://www.connectcre.com/stories/colliers-secures-69m-refinance-for-missoula-multifamily-property/,Colliers Secures $69M Refinance for Missoula Multifamily Property,open,open,https://www.connectcre.com/stories/colliers-secures-69m-refinance-for-missoula-multifamily-property/,valid,title/source/url metadata are internally consistent,Development Activity,GP / Capital Activity,development_project_anchor: project financing/capital event tied to project (unit/site count: 252-unit; project/asset term: apartments),new_or_fresh,0,2026-09-23,2026-09-24,1,fresh_0_3d,fresh,published date parsed; article age 1 day(s),100,fresh article or no repeat penalty,,,"no city, state, or market keyword detected",refinancing,new_candidate,selected or retained for GP / capital review,Yes,Fannie Mae,,dictionary_match,high,"Matched known institutional / GP entity in title, summary, or source text.",True,unit/site count: 252-unit; project/asset term: apartments,high,Project Financing / Capital Event,No,,,Fannie Mae,Fannie Mae,,,Fannie Mae,,capital_markets,institutional_capital,refinancing,none,none,lender_activity,agency_debt,unknown,lender,No specific market detected; treated as broader capital markets context.,high,Capital event keywords detected: refinancing. Financing type keywords detected: agency_debt. Institutional activity terms detected: lender_activity. Primary topic set to capital_markets; confidence high.,70,63,large-scale refinance tied to strategy,61
2026-09-24,20260924-010837-3de2bd8c,2026-09-24 01:08:01,Yield PRO,Core Multifamily News,Tier 1,lease_up_supply;national_multifamily,Other,Apartment,"Wed, 23 Sep 2026 16:39:13 +0000",90,High,Must Read,Atlanta / Georgia,Financing Risk,Track Financing Conditions,"Monitor financing conditions because the article includes apartment, apartments, loan and $85.2 million, which may affect construction loans, refinancing risk, and exit cap rates.",High relevance to US residential developer strategy,Read full article,"Included because it scored 90 and mentions apartment, apartments, loan, with a Financing Risk angle for Atlanta / Georgia.",No Clear Numeric Signal,$85.2 million,"Deal boom Midwest-South region News Facebook Twitter Linkedin Crest at Midtown Apartments - 215 North Avenue Atlanta Georgia Liquid Capital Real Estate Investment basically transferred ownership of a Midtown Atlanta apartment complex, Crest at Midtown to Audubon Capital . Audubon picked up the remaining unpaid balance on the loan. The property was sold outright rather than a foreclosure. The Liquid Capital affiliates acquired Crest at Midtown for $85.2 million in November 2021. Berkshire Residen","You are a strategic research analyst for Woomi / Woomi Global.
Analyze the following US multifamily housing article for developer strategy.

Article context:
- Title: Audubon Capital Grabs Midtown Atlanta Apartment Asset Prior to Foreclosure
- Source: Yield PRO
- URL: https://yieldpro.com/2026/09/crest-at-midtown/
- Market focus: Atlanta / Georgia
- Strategic angle: Financing Risk
- Market signal: No Clear Numeric Signal
- Extracted numbers: $85.2 million
- Strategic implication: Monitor financing conditions because the article includes apartment, apartments, loan and $85.2 million, which may affect construction loans, refinancing risk, and exit cap rates.
- Woomi relevance: High relevance to US residential developer strategy

Please answer in concise bullet points:
1. Why does this article matter for a US multifamily developer?
2. What is the implication for Woomi / Woomi Global?
3. What risk or opportunity does this indicate?
4. What follow-up question should the strategy team ask?",90,Excellent,missing market signal,"Rule-based interpretation: Yield PRO article 'Audubon Capital Grabs Midtown Atlanta Apartment Asset Prior to Foreclosure' is classified as priority review for Atlanta / Georgia. It points to financing, refinancing, or debt-market conditions. Treat as a briefing input, not a standalone investment conclusion; confirm with source diversity, repeat observation, and market-specific evidence.",Macro & Financing; Supply & Demand,apartment; apartments; loan; midwest,Audubon Capital Grabs Midtown Atlanta Apartment Asset Prior to Foreclosure,https://yieldpro.com/2026/09/crest-at-midtown/,No,art_91ccac09b335855c,Atlanta,core_15,Multifamily,transaction/sale; acquisition; financing/refinancing; market data/supply-demand,거래/투자,거래/투자; 시장 데이터,No,article page appears accessible from collected text,Yes,No,standard,art_91ccac09b335855c,https://yieldpro.com/2026/09/crest-at-midtown/,Audubon Capital Grabs Midtown Atlanta Apartment Asset Prior to Foreclosure,open,open,https://yieldpro.com/2026/09/crest-at-midtown/,valid,title/source/url metadata are internally consistent,Development Activity,GP / Capital Activity,development_project_anchor: capital event with identifiable project/asset (address/street: 215 north avenue; project/asset term: apartments),new_or_fresh,0,2026-09-23,2026-09-24,1,fresh_0_3d,fresh,published date parsed; article age 1 day(s),100,fresh article or no repeat penalty,Atlanta,Georgia,matched city/metro keyword: Atlanta,disposition_exit,new_candidate,development article without confirmed capital event,No,Participant not identified,,unresolved,unresolved,"No institution name detected in dictionary, title, summary, or source text.",True,address/street: 215 north avenue; project/asset term: apartments,high,Project / Asset,No,,,,,,,,,transaction_market,capital_markets,acquisition; disposition,none,none,none,none,opportunistic,lender,Market reference detected as Atlanta / Georgia.,low,"Capital event keywords detected: acquisition, disposition. Primary topic set to transaction_market; confidence low.",75,58,institutional acquisition behavior; classification confidence penalty,58
2026-09-24,20260924-010837-3de2bd8c,2026-09-24 01:08:03,Connect CRE,Core Multifamily News,Tier 1,development_pipeline;gp_activity;national_multifamily,Other,Apartment,"Wed, 23 Sep 2026 20:12:08 +0000",83,High,Review,New York City / New York,Developer Strategy,Track Developer Strategy,"Track rent and vacancy conditions because the article points to demand, occupancy, rent, vacancy, or concession signals in New York City / New York.",Medium relevance to market monitoring,Track source for follow-up,"Included because it scored 83 and mentions apartment, apartments, development, with a Developer Strategy angle for New York City / New York.",Rent Growth Signal,"4,000 apartments","New York & Tri-State CRE News In Your Inbox. Sign up for Connect emails to stay informed with CRE stories that are 150 words or less. New York & Tri-State + Downtown New York + Apartments | September 23, 2026 By: Paul Bubny NYC Launches Public Review of Plan for 4,000 Apartments on City-Owned Site The Mamdani administration has launched public review of the redevelopment of 100 Gold St. in Lower Manhattan, a major step toward transforming a city-owned site into approximately 4,000 new homes, inc","You are a strategic research analyst for Woomi / Woomi Global.
Analyze the following US multifamily housing article for developer strategy.

Article context:
- Title: NYC Launches Public Review of Plan for 4,000 Apartments on City-Owned Site
- Source: Connect CRE
- URL: https://www.connectcre.com/stories/nyc-launches-public-review-of-plan-for-4000-apartments-on-city-owned-site/
- Market focus: New York City / New York
- Strategic angle: Developer Strategy
- Market signal: Rent Growth Signal
- Extracted numbers: 4,000 apartments
- Strategic implication: Track rent and vacancy conditions because the article points to demand, occupancy, rent, vacancy, or concession signals in New York City / New York.
- Woomi relevance: Medium relevance to market monitoring

Please answer in concise bullet points:
1. Why does this article matter for a US multifamily developer?
2. What is the implication for Woomi / Woomi Global?
3. What risk or opportunity does this indicate?
4. What follow-up question should the strategy team ask?",98,Excellent,None,"Rule-based interpretation: Connect CRE article 'NYC Launches Public Review of Plan for 4,000 Apartments on City-Owned Site' is classified as review for New York City / New York. It points to development execution or sponsor strategy. Treat as a briefing input, not a standalone investment conclusion; confirm with source diversity, repeat observation, and market-specific evidence.",Development Strategy,apartment; apartments; development,"NYC Launches Public Review of Plan for 4,000 Apartments on City-Owned Site",https://www.connectcre.com/stories/nyc-launches-public-review-of-plan-for-4000-apartments-on-city-owned-site/,No,art_89fd45803cde3c92,New York / Northern New Jersey,core_15,Multifamily,rent/occupancy/absorption,개발/인허가,개발/인허가; 운영/임대; 시장 데이터,No,article page appears accessible from collected text,Yes,No,standard,art_89fd45803cde3c92,https://www.connectcre.com/stories/nyc-launches-public-review-of-plan-for-4000-apartments-on-city-owned-site/,"NYC Launches Public Review of Plan for 4,000 Apartments on City-Owned Site",open,open,https://www.connectcre.com/stories/nyc-launches-public-review-of-plan-for-4000-apartments-on-city-owned-site/,valid,title/source/url metadata are internally consistent,Development Activity,,development_project_anchor: Project / Asset (unit/site count: 000 apartments; address/street: 100 gold st; site/parcel signal: site; project/asset term: development),new_or_fresh,0,2026-09-23,2026-09-24,1,fresh_0_3d,fresh,published date parsed; article age 1 day(s),100,fresh article or no repeat penalty,New York City,New York,matched city/metro keyword: New York City,none,not_candidate,not a GP / capital candidate,No,,,,,,True,unit/site count: 000 apartments; address/street: 100 gold st; site/parcel signal: site; project/asset term: development,high,Project / Asset,No,,,,,,,,,development_pipeline,supply_demand,none,redevelopment,effective_rent_growth,none,none,unknown,developer,Market reference detected as New York City / New York.,medium,Development-stage terms detected: redevelopment. Supply/demand terms detected: effective_rent_growth. Primary topic set to development_pipeline; confidence medium.,60,50,general market observation with limited strategic behavior evidence,56
2026-09-24,20260924-010837-3de2bd8c,2026-09-24 01:08:37,Connect CRE California,Regional / California / LA Sources,Tier 2,development_pipeline;entitlement;la_california,Other,Apartment,"Tue, 22 Sep 2026 21:26:39 +0000",96,High,Must Read,California,Rent Growth / Demand; Institutional Flow,Track Rent / Vacancy Trend; Track Institutional Capital Flow,"Track rent and vacancy conditions because the article points to demand, occupancy, rent, vacancy, or concession signals in California.",High relevance to US residential developer strategy,Read full article,"Included because it scored 96 and mentions apartment, apartments, multifamily, with a Rent Growth / Demand; Institutional Flow angle for California.",Rent Growth Signal,"$13m; $13.25 million; $224,576","California CRE News In Your Inbox. Sign up for Connect emails to stay informed with CRE stories that are 150 words or less. California + San Diego + Apartments | September 22, 2026 By: Paul Bubny Value-Add Rentals Go for $13M in El Cajon Marcus & Millichap closed the sale of 229 Shady Ln., a circa-1969, 59-unit multifamily property located in El Cajon. The asset sold for $13.25 million, or $224,576 per unit. “Value-add apartment communities in East County San Diego continue to attract investor i","You are a strategic research analyst for Woomi / Woomi Global.
Analyze the following US multifamily housing article for developer strategy.

Article context:
- Title: Value-Add Rentals Go for $13M in El Cajon
- Source: Connect CRE California
- URL: https://www.connectcre.com/stories/value-add-rentals-go-for-13m-in-el-cajon/
- Market focus: California
- Strategic angle: Rent Growth / Demand; Institutional Flow
- Market signal: Rent Growth Signal
- Extracted numbers: $13m; $13.25 million; $224,576
- Strategic implication: Track rent and vacancy conditions because the article points to demand, occupancy, rent, vacancy, or concession signals in California.
- Woomi relevance: High relevance to US residential developer strategy

Please answer in concise bullet points:
1. Why does this article matter for a US multifamily developer?
2. What is the implication for Woomi / Woomi Global?
3. What risk or opportunity does this indicate?
4. What follow-up question should the strategy team ask?",98,Excellent,None,"Rule-based interpretation: Connect CRE California article 'Value-Add Rentals Go for $13M in El Cajon' is classified as priority review for California. It points to institutional capital movement or transaction activity. Treat as a briefing input, not a standalone investment conclusion; confirm with source diversity, repeat observation, and market-specific evidence.",Macro & Financing; Market Players & Deals,apartment; apartments; multifamily; renter; sale,Value-Add Rentals Go for $13M in El Cajon,https://www.connectcre.com/stories/value-add-rentals-go-for-13m-in-el-cajon/,Yes,art_5e74f9e2f85b4981,San Diego,watchlist_8,Multifamily,transaction/sale; market data/supply-demand; rent/occupancy/absorption,거래/투자,거래/투자; 운영/임대; 시장 데이터,No,article page appears accessible from collected text,No,Yes,standard,art_5e74f9e2f85b4981,https://www.connectcre.com/stories/value-add-rentals-go-for-13m-in-el-cajon/,Value-Add Rentals Go for $13M in El Cajon,open,open,https://www.connectcre.com/stories/value-add-rentals-go-for-13m-in-el-cajon/,valid,title/source/url metadata are internally consistent,Development Activity,GP / Capital Activity,development_project_anchor: capital event with identifiable project/asset (unit/site count: 59-unit; address/street: 229 shady ln; project/asset term: apartments),acceptable_repeat,1,2026-09-22,2026-09-24,2,fresh_0_3d,fresh,published date parsed; article age 2 day(s),78,previously seen article,,California,matched state keyword: California,none,not_candidate,not a GP / capital candidate,No,,,,,,True,unit/site count: 59-unit; address/street: 229 shady ln; project/asset term: apartments,high,Project / Asset,No,,,,,,,,,transaction_market,capital_markets; development_pipeline,disposition,renovation_repositioning,effective_rent_growth,none,none,value_add,lender; broker; investor,Market reference detected as California.,medium,Capital event keywords detected: disposition. Development-stage terms detected: renovation_repositioning. Supply/demand terms detected: effective_rent_growth. Primary topic set to transaction_market; confidence medium.,90,57,general market observation with limited strategic behavior evidence,55
2026-09-24,20260924-010837-3de2bd8c,2026-09-24 01:08:21,SF YIMBY,Regional / California / LA Sources,Tier 2,development_pipeline;entitlement;la_california,Other,Apartment,"Wed, 23 Sep 2026 12:00:28 +0000",74,Medium,Review,San Francisco / California,Developer Strategy,Track Developer Strategy,"Review for developer strategy because the article may inform site selection, product type, adaptive reuse, build-to-rent, or market entry.",Medium relevance to market monitoring,Track source for follow-up,"Included because it scored 74 and mentions apartment, permit, permits, with a Developer Strategy angle for San Francisco / California.",No Clear Numeric Signal,,"768 De Haro Street, rendering by Stanley Saitowitz Natoma Architects By: Andrew Nelson 5:00 am on September 23, 2026 Permits have been filed for a funky house at 768 De Haro Street on Potrero Hill , San Francisco . The application seeks to replace the existing single-family house with a primary residence and studio apartment. The property owners are listed as two local individuals. The roughly 40-foot-tall structure is expected to yield around 3,800 square feet, including a single-car garage. Th","You are a strategic research analyst for Woomi / Woomi Global.
Analyze the following US multifamily housing article for developer strategy.

Article context:
- Title: Permits Filed For Rounded House at 768 De Haro Street, Potrero Hill, San Francisco
- Source: SF YIMBY
- URL: https://sfyimby.com/2026/09/permits-filed-for-rounded-house-at-768-de-haro-street-potrero-hill-san-francisco.html
- Market focus: San Francisco / California
- Strategic angle: Developer Strategy
- Market signal: No Clear Numeric Signal
- Extracted numbers: None detected
- Strategic implication: Review for developer strategy because the article may inform site selection, product type, adaptive reuse, build-to-rent, or market entry.
- Woomi relevance: Medium relevance to market monitoring

Please answer in concise bullet points:
1. Why does this article matter for a US multifamily developer?
2. What is the implication for Woomi / Woomi Global?
3. What risk or opportunity does this indicate?
4. What follow-up question should the strategy team ask?",82,Good,missing extracted numbers; missing market signal,"Rule-based interpretation: SF YIMBY article 'Permits Filed For Rounded House at 768 De Haro Street, Potrero Hill, San Francisco' is classified as review for San Francisco / California. It points to development execution or sponsor strategy. Treat as a briefing input, not a standalone investment conclusion; confirm with source diversity, repeat observation, and market-specific evidence.",Development Strategy,apartment; permit; permits,"Permits Filed For Rounded House at 768 De Haro Street, Potrero Hill, San Francisco",https://sfyimby.com/2026/09/permits-filed-for-rounded-house-at-768-de-haro-street-potrero-hill-san-francisco.html,No,art_dc17cb6534a39316,San Francisco / Bay Area,other,Multifamily,,개발/인허가,개발/인허가,No,limited source or insufficient readable article text,No,No,access_limited_source,art_dc17cb6534a39316,https://sfyimby.com/2026/09/permits-filed-for-rounded-house-at-768-de-haro-street-potrero-hill-san-francisco.html,"Permits Filed For Rounded House at 768 De Haro Street, Potrero Hill, San Francisco",access_limited,access_limited,https://sfyimby.com/2026/09/permits-filed-for-rounded-house-at-768-de-haro-street-potrero-hill-san-francisco.html,valid,title/source/url metadata are internally consistent,Development Activity,,development_project_anchor: Approval / Entitlement (address/street: 768 de haro street),new_or_fresh,0,2026-09-23,2026-09-24,1,fresh_0_3d,fresh,published date parsed; article age 1 day(s),88,limited page access,San Francisco,California,matched city/metro keyword: San Francisco,none,not_candidate,not a GP / capital candidate,No,,,,,,True,address/street: 768 de haro street,medium,Approval / Entitlement,No,,,,,,,,,development_pipeline,none,none,permit,none,none,none,development,developer,Market reference detected as San Francisco / California.,low,"Limited/paywalled article; classification is based on title, URL, source, and available lead text only. Development-stage terms detected: permit. Primary topic set to development_pipeline; confidence low.",60,47,entitlement persistence; limited article: title/lead-based review needed; classification confidence penalty,53
2026-09-24,20260924-010837-3de2bd8c,2026-09-24 01:08:17,Urbanize LA,Regional / California / LA Sources,Tier 2,development_pipeline;entitlement;la_california,Other,Mixed-Use Residential,"Tue, 22 Sep 2026 13:15:00 +0000",100,High,Must Read,Colorado,Developer Strategy,Track Developer Strategy,"Track rent and vacancy conditions because the article points to demand, occupancy, rent, vacancy, or concession signals in Colorado.",High relevance to US residential developer strategy,Read full article,"Included because it scored 100 and mentions apartment, apartments, construction, with a Developer Strategy angle for Colorado.",Rent Growth Signal,300 homes,"Renderings Revealed: Mixed-use project at 305 E. Colorado St. in Glendale | Urbanize LA Skip to main content Advertisement Advertisement Kevin Tsai Architecture has unveiled new details for an upcoming mixed-use development just off of Brand Boulevard in Glendale. The proposed project, which would rise from the site of United Community Church at 305 E. Colorado Street, calls for the construction of interconnected six-story buildings containing 323 studio, one-, two-, and three-bedroom apartments","You are a strategic research analyst for Woomi / Woomi Global.
Analyze the following US multifamily housing article for developer strategy.

Article context:
- Title: Renderings Revealed: Mixed-use project at 305 E. Colorado St. in Glendale
- Source: Urbanize LA
- URL: https://la.urbanize.city/post/renderings-revealed-mixed-use-project-305-e-colorado-st-glendale
- Market focus: Colorado
- Strategic angle: Developer Strategy
- Market signal: Rent Growth Signal
- Extracted numbers: 300 homes
- Strategic implication: Track rent and vacancy conditions because the article points to demand, occupancy, rent, vacancy, or concession signals in Colorado.
- Woomi relevance: High relevance to US residential developer strategy

Please answer in concise bullet points:
1. Why does this article matter for a US multifamily developer?
2. What is the implication for Woomi / Woomi Global?
3. What risk or opportunity does this indicate?
4. What follow-up question should the strategy team ask?",98,Excellent,None,"Rule-based interpretation: Urbanize LA article 'Renderings Revealed: Mixed-use project at 305 E. Colorado St. in Glendale' is classified as priority review for Colorado. It points to development execution or sponsor strategy. Treat as a briefing input, not a standalone investment conclusion; confirm with source diversity, repeat observation, and market-specific evidence.",Development Strategy,apartment; apartments; construction; density bonus; development; renter; renters,Renderings Revealed: Mixed-use project at 305 E. Colorado St. in Glendale,https://la.urbanize.city/post/renderings-revealed-mixed-use-project-305-e-colorado-st-glendale,Yes,art_64f3030f6fbc60be,Los Angeles / Southern California,core_15,Mixed-use Residential,rent/occupancy/absorption,개발/인허가,개발/인허가; 운영/임대; 시장 데이터,No,limited source or insufficient readable article text,Yes,No,access_limited_source,art_64f3030f6fbc60be,https://la.urbanize.city/post/renderings-revealed-mixed-use-project-305-e-colorado-st-glendale,Renderings Revealed: Mixed-use project at 305 E. Colorado St. in Glendale,access_limited,access_limited,https://la.urbanize.city/post/renderings-revealed-mixed-use-project-305-e-colorado-st-glendale,valid,title/source/url metadata are internally consistent,Development Activity,Market Intelligence,development_project_anchor: Project / Asset (address/street: 305 e. colorado st; execution milestone: proposed; site/parcel signal: site; project/asset term: project),acceptable_repeat,1,2026-09-22,2026-09-24,2,fresh_0_3d,fresh,published date parsed; article age 2 day(s),66,previously seen article; limited page access,,Colorado,matched state keyword: Colorado,none,not_candidate,not a GP / capital candidate,No,,,,,,True,address/street: 305 e. colorado st; execution milestone: proposed; site/parcel signal: site; project/asset term: project,high,Project / Asset,No,,,,,,,,,research_data,none,none,none,none,none,none,mixed_use,developer,Market reference detected as Colorado.,unknown,"Limited/paywalled article; classification is based on title, URL, source, and available lead text only. No clear rule-based event keyword was detected. Primary topic set to research_data; confidence unknown.",45,61,sponsor expansion; entitlement persistence; limited article: title/lead-based review needed; classification confidence penalty,49
2026-09-24,20260924-010837-3de2bd8c,2026-09-24 01:08:19,Urbanize LA,Regional / California / LA Sources,Tier 2,development_pipeline;entitlement;la_california,Other,Affordable Housing,"Mon, 21 Sep 2026 13:10:00 +0000",100,High,Must Read,Los Angeles / California,Regulation Risk; Developer Strategy,Track Regulation Risk; Track Developer Strategy,"Monitor regulation risk because the article may affect entitlement, zoning, rent rules, affordability requirements, or permitting strategy.",High relevance to US residential developer strategy,Read full article,"Included because it scored 100 and mentions affordable housing, apartment, apartments, with a Regulation Risk; Developer Strategy angle for Los Angeles / California.",No Clear Numeric Signal,,"Affordable housing in the works at 1945 S. Carmona Ave. in Mid-City | Urbanize LA Skip to main content Advertisement Advertisement A single-family home and church just north of Washington Boulevard in Mid-City is poised to become the site of the next affordable housing complex from HVN Development , according to a recent application to the Los Angeles Department of City Planning. The proposed development, which would rise at 1945 S. Carmona Avenue, calls for the construction of a new five-story ","You are a strategic research analyst for Woomi / Woomi Global.
Analyze the following US multifamily housing article for developer strategy.

Article context:
- Title: Affordable housing in the works at 1945 S. Carmona Ave. in Mid-City
- Source: Urbanize LA
- URL: https://la.urbanize.city/post/affordable-housing-works-1945-s-carmona-ave-mid-city
- Market focus: Los Angeles / California
- Strategic angle: Regulation Risk; Developer Strategy
- Market signal: No Clear Numeric Signal
- Extracted numbers: None detected
- Strategic implication: Monitor regulation risk because the article may affect entitlement, zoning, rent rules, affordability requirements, or permitting strategy.
- Woomi relevance: High relevance to US residential developer strategy

Please answer in concise bullet points:
1. Why does this article matter for a US multifamily developer?
2. What is the implication for Woomi / Woomi Global?
3. What risk or opportunity does this indicate?
4. What follow-up question should the strategy team ask?",82,Good,missing extracted numbers; missing market signal,"Rule-based interpretation: Urbanize LA article 'Affordable housing in the works at 1945 S. Carmona Ave. in Mid-City' is classified as priority review for Los Angeles / California. It points to entitlement, zoning, permitting, or policy conditions. Treat as a briefing input, not a standalone investment conclusion; confirm with source diversity, repeat observation, and market-specific evidence.",Development Strategy; Policy & Regulation,affordable housing; apartment; apartments; construction; density bonus; development; permit; permitting; renter; renters; zoning,Affordable housing in the works at 1945 S. Carmona Ave. in Mid-City,https://la.urbanize.city/post/affordable-housing-works-1945-s-carmona-ave-mid-city,Yes,art_56b414d3dc8c18d7,Los Angeles / Southern California,core_15,Affordable Housing,development; permit/entitlement; policy/regulation,개발/인허가,개발/인허가; 운영/임대,No,limited source or insufficient readable article text,Yes,No,access_limited_source,art_56b414d3dc8c18d7,https://la.urbanize.city/post/affordable-housing-works-1945-s-carmona-ave-mid-city,Affordable housing in the works at 1945 S. Carmona Ave. in Mid-City,access_limited,access_limited,https://la.urbanize.city/post/affordable-housing-works-1945-s-carmona-ave-mid-city,valid,title/source/url metadata are internally consistent,Development Activity,Market Intelligence,development_project_anchor: Approval / Entitlement (address/street: 1945 s. carmona ave; execution milestone: proposed; site/parcel signal: site; project/asset term: development),acceptable_repeat,2,2026-09-21,2026-09-24,3,fresh_0_3d,fresh,published date parsed; article age 3 day(s),62,previously seen article; limited page access,Los Angeles,California,matched city/metro keyword: Los Angeles,none,not_candidate,not a GP / capital candidate,No,,,,,,True,address/street: 1945 s. carmona ave; execution milestone: proposed; site/parcel signal: site; project/asset term: development,high,Approval / Entitlement,No,,,,,,,,,research_data,none,none,none,none,none,none,affordable_housing,developer,Market reference detected as Los Angeles / California.,unknown,"Limited/paywalled article; classification is based on title, URL, source, and available lead text only. No clear rule-based event keyword was detected. Primary topic set to research_data; confidence unknown.",45,61,sponsor expansion; entitlement persistence; limited article: title/lead-based review needed; classification confidence penalty,49
2026-09-24,20260924-010837-3de2bd8c,2026-09-24 01:08:16,Urbanize LA,Regional / California / LA Sources,Tier 2,development_pipeline;entitlement;la_california,Other,Mixed-Use Residential,"Wed, 23 Sep 2026 13:10:00 +0000",100,High,Must Read,California,Regulation Risk; Developer Strategy,Track Regulation Risk; Track Developer Strategy,"Track rent and vacancy conditions because the article points to demand, occupancy, rent, vacancy, or concession signals in Los Angeles / California.",High relevance to US residential developer strategy,Read full article,"Included because it scored 100 and mentions apartment, apartments, density bonus, with a Regulation Risk; Developer Strategy angle for Los Angeles / California.",Rent Growth Signal,38 apartments,"Apartment complex fully framed at 11250 La Grange Ave. in Sawtelle | Urbanize LA Skip to main content Advertisement Advertisement In Sawtelle, framing is complete for a new multifamily residential development from RBM of California. View looking southwest DE Architects / RBM of CA The project at 11250 La Grange Avenue , which replaced a cluster of single-family homes, consists of a five-story building that will feature 38 two- and three-bedroom apartments atop a two-level, 100-car subterranean p","You are a strategic research analyst for Woomi / Woomi Global.
Analyze the following US multifamily housing article for developer strategy.

Article context:
- Title: Apartment complex fully framed at 11250 La Grange Ave. in Sawtelle
- Source: Urbanize LA
- URL: https://la.urbanize.city/post/apartment-complex-fully-framed-11250-la-grange-ave-sawtelle
- Market focus: Los Angeles / California
- Strategic angle: Regulation Risk; Developer Strategy
- Market signal: Rent Growth Signal
- Extracted numbers: 38 apartments
- Strategic implication: Track rent and vacancy conditions because the article points to demand, occupancy, rent, vacancy, or concession signals in Los Angeles / California.
- Woomi relevance: High relevance to US residential developer strategy

Please answer in concise bullet points:
1. Why does this article matter for a US multifamily developer?
2. What is the implication for Woomi / Woomi Global?
3. What risk or opportunity does this indicate?
4. What follow-up question should the strategy team ask?",98,Excellent,None,"Rule-based interpretation: Urbanize LA article 'Apartment complex fully framed at 11250 La Grange Ave. in Sawtelle' is classified as priority review for Los Angeles / California. It points to entitlement, zoning, permitting, or policy conditions. Treat as a briefing input, not a standalone investment conclusion; confirm with source diversity, repeat observation, and market-specific evidence.",Development Strategy,apartment; apartments; density bonus; development; multifamily; permit; permitting; zoning,Apartment complex fully framed at 11250 La Grange Ave. in Sawtelle,https://la.urbanize.city/post/apartment-complex-fully-framed-11250-la-grange-ave-sawtelle,No,art_7f93e0da9e78b056,Los Angeles / Southern California,core_15,Mixed-use Residential,development; permit/entitlement; policy/regulation; rent/occupancy/absorption,개발/인허가,개발/인허가; 운영/임대; 시장 데이터,No,limited source or insufficient readable article text,Yes,No,access_limited_source,art_7f93e0da9e78b056,https://la.urbanize.city/post/apartment-complex-fully-framed-11250-la-grange-ave-sawtelle,Apartment complex fully framed at 11250 La Grange Ave. in Sawtelle,access_limited,access_limited,https://la.urbanize.city/post/apartment-complex-fully-framed-11250-la-grange-ave-sawtelle,valid,title/source/url metadata are internally consistent,Development Activity,,development_project_anchor: Approval / Entitlement (address/street: 11250 la grange ave; project/asset term: project),new_or_fresh,0,2026-09-23,2026-09-24,1,fresh_0_3d,fresh,published date parsed; article age 1 day(s),88,limited page access,,California,matched state keyword: California,none,not_candidate,not a GP / capital candidate,No,,,,,,True,address/street: 11250 la grange ave; project/asset term: project,high,Approval / Entitlement,No,,,,,,,,,other,none,none,none,none,none,none,unknown,developer,Market reference detected as California.,unknown,"Limited/paywalled article; classification is based on title, URL, source, and available lead text only. No clear rule-based event keyword was detected. Primary topic set to other; confidence unknown.",45,43,entitlement persistence; limited article: title/lead-based review needed; classification confidence penalty,43
2026-09-24,20260924-010837-3de2bd8c,2026-09-24 01:08:22,REBusiness Online,Site / Parcel Source Expansion,Tier 2,development_pipeline;gp_activity,Other,Affordable Housing,2026-09-23T13:43:12Z,93,High,Must Read,Other / Unknown,Developer Strategy,Track Developer Strategy,"Review this as a supply risk signal because it references new deliveries, starts, pipeline, or permits in Other / Unknown.",High relevance to US residential developer strategy,Read full article,"Included because it scored 93 and mentions affordable housing, apartment, apartments, with a Developer Strategy angle for a broad or unspecified market.",Supply / Starts Signal,223 units; 132 units,"Affordable Housing Development Massachusetts Multifamily Northeast TCB, BHA Complete 223-Unit Multifamily Redevelopment Project in Boston by Taylor Williams September 23, 2026 September 23, 2026 3 BOSTON — The Community Builders (TCB) and the Boston Housing Authority (BHA) have completed a 223-unit multifamily redevelopment project in the state capital’s Jackson Square neighborhood. The project represents Phase I of the redevelopment of the Mildred C. Hailey Apartments and replaced 253 existing ","You are a strategic research analyst for Woomi / Woomi Global.
Analyze the following US multifamily housing article for developer strategy.

Article context:
- Title: TCB, BHA Complete 223-Unit Multifamily Redevelopment Project in Boston
- Source: REBusiness Online
- URL: https://rebusinessonline.com/tcb-bha-complete-223-unit-multifamily-redevelopment-project-in-boston/
- Market focus: Other / Unknown
- Strategic angle: Developer Strategy
- Market signal: Supply / Starts Signal
- Extracted numbers: 223 units; 132 units
- Strategic implication: Review this as a supply risk signal because it references new deliveries, starts, pipeline, or permits in Other / Unknown.
- Woomi relevance: High relevance to US residential developer strategy

Please answer in concise bullet points:
1. Why does this article matter for a US multifamily developer?
2. What is the implication for Woomi / Woomi Global?
3. What risk or opportunity does this indicate?
4. What follow-up question should the strategy team ask?",90,Excellent,missing market focus,"Rule-based interpretation: REBusiness Online article 'TCB, BHA Complete 223-Unit Multifamily Redevelopment Project in Boston' is classified as priority review for Other / Unknown. It points to supply, delivery, lease-up, or absorption conditions. Treat as a briefing input, not a standalone investment conclusion; confirm with source diversity, repeat observation, and market-specific evidence.",Development Strategy; Policy & Regulation,affordable housing; apartment; apartments; construction; development; multifamily,"TCB, BHA Complete 223-Unit Multifamily Redevelopment Project in Boston",https://rebusinessonline.com/tcb-bha-complete-223-unit-multifamily-redevelopment-project-in-boston/,No,art_15cfa24dbe3fdd79,Other / Unknown,other,Affordable Housing,delivery/completion; policy/regulation,개발/인허가,개발/인허가,No,article page appears accessible from collected text,No,No,standard,art_15cfa24dbe3fdd79,https://rebusinessonline.com/tcb-bha-complete-223-unit-multifamily-redevelopment-project-in-boston/,"TCB, BHA Complete 223-Unit Multifamily Redevelopment Project in Boston",open,open,https://rebusinessonline.com/tcb-bha-complete-223-unit-multifamily-redevelopment-project-in-boston/,valid,title/source/url metadata are internally consistent,Development Activity,,development_project_anchor: Project / Asset (unit/site count: 223-unit; project/asset term: project),new_or_fresh,0,2026-09-23,2026-09-24,1,fresh_0_3d,fresh,published date parsed; article age 1 day(s),100,fresh article or no repeat penalty,,,"no city, state, or market keyword detected",none,not_candidate,not a GP / capital candidate,No,,,,,,True,unit/site count: 223-unit; project/asset term: project,high,Project / Asset,No,,,,,,,,,development_pipeline,none,none,delivery; redevelopment,none,none,none,affordable_housing,public_agency; developer,No specific market detected; relevance remains broad.,low,"Development-stage terms detected: delivery, redevelopment. Primary topic set to development_pipeline; confidence low.",45,36,classification confidence penalty,42
2026-09-24,20260924-010837-3de2bd8c,2026-09-24 01:08:00,Yield PRO,Core Multifamily News,Tier 1,lease_up_supply;national_multifamily,Other,Apartment,"Wed, 23 Sep 2026 19:00:23 +0000",100,High,Must Read,National,Financing Risk,Track Financing Conditions,"Monitor financing conditions because the article includes apartment, financing, interest rate and no specific number, which may affect construction loans, refinancing risk, and exit cap rates.",High relevance to US residential developer strategy,Read full article,"Included because it scored 100 and mentions apartment, financing, interest rate, with a Financing Risk angle for National.",No Clear Numeric Signal,,"Apartment watch National News Facebook Twitter Linkedin Northmarq ’s Midyear National Multifamily Report describes a U.S. apartment market where operational results are improving while capital-market conditions remain constrained by elevated interest rates. However, a more complete recovery will likely depend on further supply moderation and more favorable financing conditions in 2027. The economy provides support The broader economy provided greater support to rental housing than expected durin","You are a strategic research analyst for Woomi / Woomi Global.
Analyze the following US multifamily housing article for developer strategy.

Article context:
- Title: Northmarq assesses the outlook for multifamily at midyear
- Source: Yield PRO
- URL: https://yieldpro.com/2026/09/northmarq-assesses-the-outlook-for-multifamily-at-midyear/
- Market focus: National
- Strategic angle: Financing Risk
- Market signal: No Clear Numeric Signal
- Extracted numbers: None detected
- Strategic implication: Monitor financing conditions because the article includes apartment, financing, interest rate and no specific number, which may affect construction loans, refinancing risk, and exit cap rates.
- Woomi relevance: High relevance to US residential developer strategy

Please answer in concise bullet points:
1. Why does this article matter for a US multifamily developer?
2. What is the implication for Woomi / Woomi Global?
3. What risk or opportunity does this indicate?
4. What follow-up question should the strategy team ask?",82,Good,missing extracted numbers; missing market signal,"Rule-based interpretation: Yield PRO article 'Northmarq assesses the outlook for multifamily at midyear' is classified as priority review for National. It points to financing, refinancing, or debt-market conditions. Treat as a briefing input, not a standalone investment conclusion; confirm with source diversity, repeat observation, and market-specific evidence.",Macro & Financing; Market Players & Deals,apartment; financing; interest rate; multifamily; northmarq; rental housing,Northmarq assesses the outlook for multifamily at midyear,https://yieldpro.com/2026/09/northmarq-assesses-the-outlook-for-multifamily-at-midyear/,No,art_6af97ed22169ba4a,Other / Unknown,other,Multifamily,,운영/임대,운영/임대; 시장 데이터,No,article page appears accessible from collected text,No,No,standard,art_6af97ed22169ba4a,https://yieldpro.com/2026/09/northmarq-assesses-the-outlook-for-multifamily-at-midyear/,Northmarq assesses the outlook for multifamily at midyear,open,open,https://yieldpro.com/2026/09/northmarq-assesses-the-outlook-for-multifamily-at-midyear/,valid,title/source/url metadata are internally consistent,Market Intelligence,,market_macro_guard: outlook without project anchor,new_or_fresh,0,2026-09-23,2026-09-24,1,fresh_0_3d,fresh,published date parsed; article age 1 day(s),100,fresh article or no repeat penalty,,,used broad market bucket: National,debt_financing,new_candidate,selected or retained for GP / capital review,Yes,Participant not identified,,unresolved,unresolved,"No institution name detected in dictionary, title, summary, or source text.",False,"no identifiable project, asset, site, address, or unit-count anchor",none,,No,,,,,,,,,macro_financing,none,none,none,none,none,none,unknown,lender,Market reference detected as National.,unknown,No clear rule-based event keyword was detected. Primary topic set to macro_financing; confidence unknown.,60,40,classification confidence penalty,40
2026-09-24,20260924-010837-3de2bd8c,2026-09-24 01:08:01,Yield PRO,Core Multifamily News,Tier 1,lease_up_supply;national_multifamily,Other,Apartment,"Wed, 23 Sep 2026 17:47:23 +0000",97,High,Must Read,Texas,Developer Strategy,Track Developer Strategy,"Review this as a supply risk signal because it references new deliveries, starts, pipeline, or permits in Texas.",High relevance to US residential developer strategy,Read full article,"Included because it scored 97 and mentions apartment, apartments, construction, with a Developer Strategy angle for Texas.",Supply / Starts Signal,300 units,"Deal boom Midwest-North region News Facebook Twitter Linkedin The Alamo Heights City Council has agreed to Embrey ’s plan to tear down the 105-unit Treehouse Apartments and replace them with a five-story project called Grove Place . The project, which will have nearly 300 units, will also include a fitness center, clubhouse and other resort-style amenities. Ridgemont Properties owns the land and will lease it to Embrey. The property is near Broadway and Arcadia Place. Construction is expected to","You are a strategic research analyst for Woomi / Woomi Global.
Analyze the following US multifamily housing article for developer strategy.

Article context:
- Title: Embrey to Build 296 New Luxury Multifamily Units in San Antonio
- Source: Yield PRO
- URL: https://yieldpro.com/2026/09/grove-place/
- Market focus: Texas
- Strategic angle: Developer Strategy
- Market signal: Supply / Starts Signal
- Extracted numbers: 300 units
- Strategic implication: Review this as a supply risk signal because it references new deliveries, starts, pipeline, or permits in Texas.
- Woomi relevance: High relevance to US residential developer strategy

Please answer in concise bullet points:
1. Why does this article matter for a US multifamily developer?
2. What is the implication for Woomi / Woomi Global?
3. What risk or opportunity does this indicate?
4. What follow-up question should the strategy team ask?",98,Excellent,None,"Rule-based interpretation: Yield PRO article 'Embrey to Build 296 New Luxury Multifamily Units in San Antonio' is classified as priority review for Texas. It points to supply, delivery, lease-up, or absorption conditions. Treat as a briefing input, not a standalone investment conclusion; confirm with source diversity, repeat observation, and market-specific evidence.",Supply & Demand; Development Strategy,apartment; apartments; construction; midwest; multifamily,Embrey to Build 296 New Luxury Multifamily Units in San Antonio,https://yieldpro.com/2026/09/grove-place/,No,art_cfb956506bcc1583,San Antonio,watchlist_8,Multifamily,market data/supply-demand,개발/인허가,개발/인허가; 운영/임대; 시장 데이터,No,article page appears accessible from collected text,No,Yes,standard,art_cfb956506bcc1583,https://yieldpro.com/2026/09/grove-place/,Embrey to Build 296 New Luxury Multifamily Units in San Antonio,open,open,https://yieldpro.com/2026/09/grove-place/,valid,title/source/url metadata are internally consistent,Development Activity,,development_project_anchor: Project / Asset (unit/site count: 105-unit; execution milestone: to build; project/asset term: project),new_or_fresh,0,2026-09-23,2026-09-24,1,fresh_0_3d,fresh,published date parsed; article age 1 day(s),100,fresh article or no repeat penalty,,,used broad market bucket: Texas,none,not_candidate,not a GP / capital candidate,No,,,,,,True,unit/site count: 105-unit; execution milestone: to build; project/asset term: project,high,Project / Asset,No,,,,,,,,,gp_activity,none,none,none,none,none,none,unknown,public_agency; developer,Market reference detected as Texas.,unknown,No clear rule-based event keyword was detected. Primary topic set to gp_activity; confidence unknown.,60,40,classification confidence penalty,40
2026-09-24,20260924-010837-3de2bd8c,2026-09-24 01:08:02,Connect CRE,Core Multifamily News,Tier 1,development_pipeline;gp_activity;national_multifamily,Other,Affordable Housing,"Wed, 23 Sep 2026 21:40:57 +0000",95,High,Must Read,Other / Unknown,Institutional Flow; Developer Strategy,Track Institutional Capital Flow; Track Developer Strategy,"Track this as institutional capital flow because it mentions major capital players, portfolio transactions, deal size, or cap-rate signals.",High relevance to US residential developer strategy,Read full article,"Included because it scored 95 and mentions affordable apartments, affordable housing, apartment, with a Institutional Flow; Developer Strategy angle for a broad or unspecified market.",No Clear Numeric Signal,,"Boston & New England CRE News In Your Inbox. Sign up for Connect emails to stay informed with CRE stories that are 150 words or less. Boston & New England + Metro Boston + Apartments | September 23, 2026 By: Paul Bubny Devens Site Will Yield 65 Affordable Apartments MassDevelopment has signed a letter of intent with Metro West Collaborative Development, a nonprofit affordable housing developer, for the sale of a 6.6-acre site at Adams Cir. in Devens. Metro West Collaborative Development intends ","You are a strategic research analyst for Woomi / Woomi Global.
Analyze the following US multifamily housing article for developer strategy.

Article context:
- Title: Devens Site Will Yield 65 Affordable Apartments
- Source: Connect CRE
- URL: https://www.connectcre.com/stories/devens-site-will-yield-65-affordable-apartments/
- Market focus: Other / Unknown
- Strategic angle: Institutional Flow; Developer Strategy
- Market signal: No Clear Numeric Signal
- Extracted numbers: None detected
- Strategic implication: Track this as institutional capital flow because it mentions major capital players, portfolio transactions, deal size, or cap-rate signals.
- Woomi relevance: High relevance to US residential developer strategy

Please answer in concise bullet points:
1. Why does this article matter for a US multifamily developer?
2. What is the implication for Woomi / Woomi Global?
3. What risk or opportunity does this indicate?
4. What follow-up question should the strategy team ask?",74,Good,missing extracted numbers; missing market focus; missing market signal,"Rule-based interpretation: Connect CRE article 'Devens Site Will Yield 65 Affordable Apartments' is classified as priority review for Other / Unknown. It points to institutional capital movement or transaction activity. Treat as a briefing input, not a standalone investment conclusion; confirm with source diversity, repeat observation, and market-specific evidence.",Macro & Financing; Development Strategy; Policy & Regulation; Market Players & Deals,affordable apartments; affordable housing; apartment; apartments; developer; development; sale,Devens Site Will Yield 65 Affordable Apartments,https://www.connectcre.com/stories/devens-site-will-yield-65-affordable-apartments/,No,art_213bc3eff3162918,Other / Unknown,other,Affordable Housing,policy/regulation,개발/인허가,개발/인허가; 거래/투자; 시장 데이터,No,article page appears accessible from collected text,No,No,standard,art_213bc3eff3162918,https://www.connectcre.com/stories/devens-site-will-yield-65-affordable-apartments/,Devens Site Will Yield 65 Affordable Apartments,open,open,https://www.connectcre.com/stories/devens-site-will-yield-65-affordable-apartments/,valid,title/source/url metadata are internally consistent,Development Activity,GP / Capital Activity,development_project_anchor: capital event with identifiable project/asset (site/parcel signal: site; project/asset term: development),new_or_fresh,0,2026-09-23,2026-09-24,1,fresh_0_3d,fresh,published date parsed; article age 1 day(s),100,fresh article or no repeat penalty,,,"no city, state, or market keyword detected",disposition_exit,new_candidate,development article without confirmed capital event,No,Participant not identified,,unresolved,unresolved,"No institution name detected in dictionary, title, summary, or source text.",True,site/parcel signal: site; project/asset term: development,high,Project / Asset,No,,,,,,,,,transaction_market,capital_markets,disposition,none,none,none,none,affordable_housing,lender; developer,No specific market detected; relevance remains broad.,low,Capital event keywords detected: disposition. Primary topic set to transaction_market; confidence low.,60,40,classification confidence penalty,40
2026-09-24,20260924-010837-3de2bd8c,2026-09-24 01:08:16,Urbanize LA,Regional / California / LA Sources,Tier 2,development_pipeline;entitlement;la_california,Other,Affordable Housing,"Wed, 23 Sep 2026 13:05:00 +0000",100,High,Must Read,Los Angeles / California,Developer Strategy,Track Developer Strategy,"Review this as a supply risk signal because it references new deliveries, starts, pipeline, or permits in Los Angeles / California.",High relevance to US residential developer strategy,Read full article,"Included because it scored 100 and mentions affordable housing, apartment, apartments, with a Developer Strategy angle for Los Angeles / California.",Supply / Starts Signal,332 apartments,"Senior affordable housing starting work at 7556 Woodlake Ave. in West Hills | Urbanize LA Skip to main content Advertisement Advertisement In West Hills , site preparation has commenced for a downsized senior affordable housing complex. Last year, the Los Angeles City Planning Commission upheld the approval of the project, which would rise at 7556-7572 N. Woodlake Avenue. JZ Development, LLC, the project applicant, obtained city approvals in 2024 for the construction of a five-story structure co","You are a strategic research analyst for Woomi / Woomi Global.
Analyze the following US multifamily housing article for developer strategy.

Article context:
- Title: Senior affordable housing starting work at 7556 Woodlake Ave. in West Hills
- Source: Urbanize LA
- URL: https://la.urbanize.city/post/senior-affordable-housing-starting-work-7556-woodlake-ave-west-hills
- Market focus: Los Angeles / California
- Strategic angle: Developer Strategy
- Market signal: Supply / Starts Signal
- Extracted numbers: 332 apartments
- Strategic implication: Review this as a supply risk signal because it references new deliveries, starts, pipeline, or permits in Los Angeles / California.
- Woomi relevance: High relevance to US residential developer strategy

Please answer in concise bullet points:
1. Why does this article matter for a US multifamily developer?
2. What is the implication for Woomi / Woomi Global?
3. What risk or opportunity does this indicate?
4. What follow-up question should the strategy team ask?",98,Excellent,None,"Rule-based interpretation: Urbanize LA article 'Senior affordable housing starting work at 7556 Woodlake Ave. in West Hills' is classified as priority review for Los Angeles / California. It points to supply, delivery, lease-up, or absorption conditions. Treat as a briefing input, not a standalone investment conclusion; confirm with source diversity, repeat observation, and market-specific evidence.",Development Strategy; Policy & Regulation,affordable housing; apartment; apartments; construction; development; permit; permits,Senior affordable housing starting work at 7556 Woodlake Ave. in West Hills,https://la.urbanize.city/post/senior-affordable-housing-starting-work-7556-woodlake-ave-west-hills,No,art_ba3eba031a9aacf3,Los Angeles / Southern California,core_15,Affordable Housing,development; permit/entitlement; construction start; policy/regulation,개발/인허가,개발/인허가,No,limited source or insufficient readable article text,Yes,No,access_limited_source,art_ba3eba031a9aacf3,https://la.urbanize.city/post/senior-affordable-housing-starting-work-7556-woodlake-ave-west-hills,Senior affordable housing starting work at 7556 Woodlake Ave. in West Hills,access_limited,access_limited,https://la.urbanize.city/post/senior-affordable-housing-starting-work-7556-woodlake-ave-west-hills,valid,title/source/url metadata are internally consistent,Development Activity,Market Intelligence,development_project_anchor: Approval / Entitlement (address/street: 7556 woodlake ave; site/parcel signal: site; project/asset term: project),new_or_fresh,0,2026-09-23,2026-09-24,1,fresh_0_3d,fresh,published date parsed; article age 1 day(s),88,limited page access,Los Angeles,California,matched city/metro keyword: Los Angeles,none,not_candidate,not a GP / capital candidate,No,,,,,,True,address/street: 7556 woodlake ave; site/parcel signal: site; project/asset term: project,high,Approval / Entitlement,No,,,,,,,,,research_data,none,none,none,none,none,none,affordable_housing,developer,Market reference detected as Los Angeles / California.,unknown,"Limited/paywalled article; classification is based on title, URL, source, and available lead text only. No clear rule-based event keyword was detected. Primary topic set to research_data; confidence unknown.",45,43,entitlement persistence; limited article: title/lead-based review needed; classification confidence penalty,39
2026-09-24,20260924-010837-3de2bd8c,2026-09-24 01:08:25,Connect CRE Texas,Site / Parcel Source Expansion,Tier 2,development_pipeline;gp_activity;sunbelt,Other,Senior Housing,"Tue, 22 Sep 2026 15:59:59 +0000",91,High,Must Read,Austin / Texas,Financing Risk; Developer Strategy,Track Financing Conditions; Track Developer Strategy,"Monitor financing conditions because the article includes construction, development, equity residential and $54.0 million, which may affect construction loans, refinancing risk, and exit cap rates.",High relevance to US residential developer strategy,Read full article,"Included because it scored 91 and mentions construction, development, equity residential, with a Financing Risk; Developer Strategy angle for Austin / Texas.",No Clear Numeric Signal,$54.0 million,"Texas CRE News In Your Inbox. Sign up for Connect emails to stay informed with CRE stories that are 150 words or less. Texas + Austin + Senior Housing | September 22, 2026 By: Mike Boyd Investor Group Closes Construction Loan for Dripping Springs 55+ Housing Project North River Partners, Crestline Investors, Mutual of Omaha and Millennium Bridge announced the closing of a $54.0 million ground-up construction loan to finance the development of Serenova at Dripping Springs, a 175-unit independent ","You are a strategic research analyst for Woomi / Woomi Global.
Analyze the following US multifamily housing article for developer strategy.

Article context:
- Title: Investor Group Closes Construction Loan for Dripping Springs 55+ Housing Project
- Source: Connect CRE Texas
- URL: https://www.connectcre.com/stories/investor-group-closes-construction-loan-for-dripping-springs-55-housing-project/
- Market focus: Austin / Texas
- Strategic angle: Financing Risk; Developer Strategy
- Market signal: No Clear Numeric Signal
- Extracted numbers: $54.0 million
- Strategic implication: Monitor financing conditions because the article includes construction, development, equity residential and $54.0 million, which may affect construction loans, refinancing risk, and exit cap rates.
- Woomi relevance: High relevance to US residential developer strategy

Please answer in concise bullet points:
1. Why does this article matter for a US multifamily developer?
2. What is the implication for Woomi / Woomi Global?
3. What risk or opportunity does this indicate?
4. What follow-up question should the strategy team ask?",90,Excellent,missing market signal,"Rule-based interpretation: Connect CRE Texas article 'Investor Group Closes Construction Loan for Dripping Springs 55+ Housing Project' is classified as priority review for Austin / Texas. It points to financing, refinancing, or debt-market conditions. Treat as a briefing input, not a standalone investment conclusion; confirm with source diversity, repeat observation, and market-specific evidence.",Macro & Financing; Development Strategy; Market Players & Deals,construction; development; equity residential; loan; senior housing,Investor Group Closes Construction Loan for Dripping Springs 55+ Housing Project,https://www.connectcre.com/stories/investor-group-closes-construction-loan-for-dripping-springs-55-housing-project/,Yes,art_4ab68bace22f3b13,Austin,core_15,Senior Housing,financing/refinancing,제외/금융,제외/금융,Yes,article page appears accessible from collected text,Yes,No,standard,art_4ab68bace22f3b13,https://www.connectcre.com/stories/investor-group-closes-construction-loan-for-dripping-springs-55-housing-project/,Investor Group Closes Construction Loan for Dripping Springs 55+ Housing Project,open,open,https://www.connectcre.com/stories/investor-group-closes-construction-loan-for-dripping-springs-55-housing-project/,valid,title/source/url metadata are internally consistent,Development Activity,GP / Capital Activity,development_project_anchor: project financing/capital event tied to project (unit/site count: 175-unit; project/asset term: project; project financing tied to anchor: construction loan),acceptable_repeat,1,2026-09-22,2026-09-24,2,fresh_0_3d,fresh,published date parsed; article age 2 day(s),78,previously seen article,Austin,Texas,matched city/metro keyword: Austin,construction_financing,repeated_but_retained,selected or retained for GP / capital review,Yes,Housing Project North River Partners,Equity Residential; Investor Group; Mike Boyd Investor Group,dictionary_match,high,"Matched known institutional / GP entity in title, summary, or source text.",True,unit/site count: 175-unit; project/asset term: project; project financing tied to anchor: construction loan,high,Project Financing / Capital Event,No,,,Housing Project North River Partners,Housing Project North River Partners,Equity Residential,Equity Residential; Investor Group; Mike Boyd Investor Group,Housing Project North River Partners,Equity Residential; Investor Group; Mike Boyd Investor Group,capital_markets,none,construction_financing,none,none,none,construction_loan,senior_housing,lender; developer; investor,Market reference detected as Austin / Texas.,high,Capital event keywords detected: construction_financing. Financing type keywords detected: construction_loan. Primary topic set to capital_markets; confidence high.,75,54,general market observation with limited strategic behavior evidence,38
2026-09-24,20260924-010837-3de2bd8c,2026-09-24 01:08:29,Connect CRE Phoenix,Site / Parcel Source Expansion,Tier 2,development_pipeline;gp_activity;sunbelt,Other,Apartment,"Mon, 21 Sep 2026 19:03:35 +0000",73,Medium,Review,Phoenix / Arizona,Developer Strategy,Track Developer Strategy,"Review for developer strategy because the article may inform site selection, product type, adaptive reuse, build-to-rent, or market entry.",Medium relevance to market monitoring,Track source for follow-up,"Included because it scored 73 and mentions apartment, apartments, development, with a Developer Strategy angle for Phoenix / Arizona.",No Clear Numeric Signal,,"Phoenix & Southwest CRE News In Your Inbox. Sign up for Connect emails to stay informed with CRE stories that are 150 words or less. Phoenix & Southwest + Phoenix + Apartments | September 21, 2026 By: Mike Boyd NFL Team Owner Building 504-Unit N. Phoenix Apartment Project Garden Communities plans to develop a 504-unit apartment community near Desert Ridge Marketplace in north Phoenix. The Phoenix Business Journal reports the Wilf family, owner of the Minnesota Vikings football team, owns the pro","You are a strategic research analyst for Woomi / Woomi Global.
Analyze the following US multifamily housing article for developer strategy.

Article context:
- Title: NFL Team Owner Building 504-Unit N. Phoenix Apartment Project
- Source: Connect CRE Phoenix
- URL: https://www.connectcre.com/stories/nfl-team-owner-building-504-unit-n-phoenix-apartment-project/
- Market focus: Phoenix / Arizona
- Strategic angle: Developer Strategy
- Market signal: No Clear Numeric Signal
- Extracted numbers: None detected
- Strategic implication: Review for developer strategy because the article may inform site selection, product type, adaptive reuse, build-to-rent, or market entry.
- Woomi relevance: Medium relevance to market monitoring

Please answer in concise bullet points:
1. Why does this article matter for a US multifamily developer?
2. What is the implication for Woomi / Woomi Global?
3. What risk or opportunity does this indicate?
4. What follow-up question should the strategy team ask?",82,Good,missing extracted numbers; missing market signal,"Rule-based interpretation: Connect CRE Phoenix article 'NFL Team Owner Building 504-Unit N. Phoenix Apartment Project' is classified as review for Phoenix / Arizona. It points to development execution or sponsor strategy. Treat as a briefing input, not a standalone investment conclusion; confirm with source diversity, repeat observation, and market-specific evidence.",Development Strategy,apartment; apartments; development,NFL Team Owner Building 504-Unit N. Phoenix Apartment Project,https://www.connectcre.com/stories/nfl-team-owner-building-504-unit-n-phoenix-apartment-project/,Yes,art_ed8efefc118ccca3,Phoenix,core_15,Multifamily,,개발/인허가,개발/인허가; 시장 데이터,No,article page appears accessible from collected text,Yes,No,standard,art_ed8efefc118ccca3,https://www.connectcre.com/stories/nfl-team-owner-building-504-unit-n-phoenix-apartment-project/,NFL Team Owner Building 504-Unit N. Phoenix Apartment Project,open,open,https://www.connectcre.com/stories/nfl-team-owner-building-504-unit-n-phoenix-apartment-project/,valid,title/source/url metadata are internally consistent,Development Activity,,development_project_anchor: Project / Asset (unit/site count: 504-unit; project/asset term: project),acceptable_repeat,2,2026-09-21,2026-09-24,3,fresh_0_3d,fresh,published date parsed; article age 3 day(s),74,previously seen article,Phoenix,Arizona,matched city/metro keyword: Phoenix,none,not_candidate,not a GP / capital candidate,No,,,,,,True,unit/site count: 504-unit; project/asset term: project,high,Project / Asset,No,,,,,,,,,gp_activity,none,none,none,none,none,none,unknown,developer,Market reference detected as Phoenix / Arizona.,unknown,No clear rule-based event keyword was detected. Primary topic set to gp_activity; confidence unknown.,45,36,classification confidence penalty,28
2026-09-24,20260924-010837-3de2bd8c,2026-09-24 01:08:19,Urbanize LA,Regional / California / LA Sources,Tier 2,development_pipeline;entitlement;la_california,Other,Student Housing,"Mon, 21 Sep 2026 13:05:00 +0000",74,Medium,Review,California,Developer Strategy,Track Developer Strategy,"Review this as a supply risk signal because it references new deliveries, starts, pipeline, or permits in California.",High relevance to US residential developer strategy,Add to weekly strategy memo,"Included because it scored 74 and mentions development, student housing, with a Developer Strategy angle for California.",Supply / Starts Signal,$83m; $80 million; $83 million,"$83M student housing complex takes shape at Compton College | Urbanize LA Skip to main content Advertisement Advertisement Completion is roughly one year out for a new student housing complex at the Compton College campus, per a social media post from the school. The project, which we last saw in January, occupies a 2.8-acre site along Main Campus Drive to the south of Greenleaf Boulevard. The housing complex is comprised of interconnected three-story structures which will feature 151 one- and t","You are a strategic research analyst for Woomi / Woomi Global.
Analyze the following US multifamily housing article for developer strategy.

Article context:
- Title: $83M student housing complex takes shape at Compton College
- Source: Urbanize LA
- URL: https://la.urbanize.city/post/83m-student-housing-complex-takes-shape-compton-college
- Market focus: California
- Strategic angle: Developer Strategy
- Market signal: Supply / Starts Signal
- Extracted numbers: $83m; $80 million; $83 million
- Strategic implication: Review this as a supply risk signal because it references new deliveries, starts, pipeline, or permits in California.
- Woomi relevance: High relevance to US residential developer strategy

Please answer in concise bullet points:
1. Why does this article matter for a US multifamily developer?
2. What is the implication for Woomi / Woomi Global?
3. What risk or opportunity does this indicate?
4. What follow-up question should the strategy team ask?",98,Excellent,None,"Rule-based interpretation: Urbanize LA article '$83M student housing complex takes shape at Compton College' is classified as review for California. It points to supply, delivery, lease-up, or absorption conditions. Treat as a briefing input, not a standalone investment conclusion; confirm with source diversity, repeat observation, and market-specific evidence.",Development Strategy,development; student housing,$83M student housing complex takes shape at Compton College,https://la.urbanize.city/post/83m-student-housing-complex-takes-shape-compton-college,Yes,art_a9fd9a7dedf7a525,Los Angeles / Southern California,core_15,Student Housing,development; delivery/completion,개발/인허가,개발/인허가,No,limited source or insufficient readable article text,Yes,No,access_limited_source,art_a9fd9a7dedf7a525,https://la.urbanize.city/post/83m-student-housing-complex-takes-shape-compton-college,$83M student housing complex takes shape at Compton College,access_limited,access_limited,https://la.urbanize.city/post/83m-student-housing-complex-takes-shape-compton-college,valid,title/source/url metadata are internally consistent,Development Activity,Market Intelligence,development_project_anchor: Project / Asset (site/parcel signal: site; project/asset term: project),acceptable_repeat,2,2026-09-21,2026-09-24,3,fresh_0_3d,fresh,published date parsed; article age 3 day(s),62,previously seen article; limited page access,,,used broad market bucket: California,none,not_candidate,not a GP / capital candidate,No,,,,,,True,site/parcel signal: site; project/asset term: project,high,Project / Asset,No,,,,,,,,,research_data,none,none,none,none,none,none,student_housing,developer,Market reference detected as California.,unknown,"Limited/paywalled article; classification is based on title, URL, source, and available lead text only. No clear rule-based event keyword was detected. Primary topic set to research_data; confidence unknown.",60,32,limited article: title/lead-based review needed; classification confidence penalty,20
2026-09-24,20260924-010837-3de2bd8c,2026-09-24 01:08:16,Urbanize LA,Regional / California / LA Sources,Tier 2,development_pipeline;entitlement;la_california,Other,Mixed-Use Residential,"Wed, 23 Sep 2026 13:15:00 +0000",100,High,Must Read,Los Angeles / California,Institutional Flow; Developer Strategy,Track Institutional Capital Flow; Track Developer Strategy,"Track this as institutional capital flow because it mentions major capital players, portfolio transactions, deal size, or cap-rate signals.",High relevance to US residential developer strategy,Read full article,"Included because it scored 100 and mentions apartment, apartments, construction, with a Institutional Flow; Developer Strategy angle for Los Angeles / California.",Deal Size Signal,$500; 281 apartments,"Construction goes vertical for mixed-use project at 155 W. 6th St. in San Pedro | Urbanize LA Skip to main content Advertisement Advertisement Seven months after breaking ground in San Pedro , construction is going vertical for a new mixed-use apartment complex from Trammell Crow Company subsidiary High Street Residential. View looking southeast Urbanize LA Jules San Pedro, a joint venture with Haseko North America, is rising form a site at 625 S. Beacon Street and 155 W. 6th Street, located a s","You are a strategic research analyst for Woomi / Woomi Global.
Analyze the following US multifamily housing article for developer strategy.

Article context:
- Title: Construction goes vertical for mixed-use project at 155 W. 6th St. in San Pedro
- Source: Urbanize LA
- URL: https://la.urbanize.city/post/construction-goes-vertical-mixed-use-project-155-w-6th-st-san-pedro
- Market focus: Los Angeles / California
- Strategic angle: Institutional Flow; Developer Strategy
- Market signal: Deal Size Signal
- Extracted numbers: $500; 281 apartments
- Strategic implication: Track this as institutional capital flow because it mentions major capital players, portfolio transactions, deal size, or cap-rate signals.
- Woomi relevance: High relevance to US residential developer strategy

Please answer in concise bullet points:
1. Why does this article matter for a US multifamily developer?
2. What is the implication for Woomi / Woomi Global?
3. What risk or opportunity does this indicate?
4. What follow-up question should the strategy team ask?",98,Excellent,None,"Rule-based interpretation: Urbanize LA article 'Construction goes vertical for mixed-use project at 155 W. 6th St. in San Pedro' is classified as priority review for Los Angeles / California. It points to institutional capital movement or transaction activity. Treat as a briefing input, not a standalone investment conclusion; confirm with source diversity, repeat observation, and market-specific evidence.",Macro & Financing; Development Strategy; Market Players & Deals,apartment; apartments; construction; development; joint venture,Construction goes vertical for mixed-use project at 155 W. 6th St. in San Pedro,https://la.urbanize.city/post/construction-goes-vertical-mixed-use-project-155-w-6th-st-san-pedro,No,art_ba67caafb3c2114b,Los Angeles / Southern California,core_15,Mixed-use Residential,JV/recapitalization,개발/인허가,개발/인허가; 거래/투자; 시장 데이터,No,limited source or insufficient readable article text,Yes,No,access_limited_source,art_ba67caafb3c2114b,https://la.urbanize.city/post/construction-goes-vertical-mixed-use-project-155-w-6th-st-san-pedro,Construction goes vertical for mixed-use project at 155 W. 6th St. in San Pedro,access_limited,access_limited,https://la.urbanize.city/post/construction-goes-vertical-mixed-use-project-155-w-6th-st-san-pedro,suspicious_duplicate,source-feed signal bleed suspected,Development Activity,GP / Capital Activity; Market Intelligence,development_project_anchor: capital event with identifiable project/asset (address/street: 155 w. 6th st; site/parcel signal: site; project/asset term: project),acceptable_repeat,0,2026-09-23,2026-09-24,1,fresh_0_3d,fresh,published date parsed; article age 1 day(s),68,limited page access; article integrity penalty,,,used broad market bucket: Los Angeles / California,debt_financing,new_candidate,article integrity issue; limited page access; development article without confirmed capital event,No,High Street Residential,,dictionary_match,high,"Matched known institutional / GP entity in title, summary, or source text.",True,address/street: 155 w. 6th st; site/parcel signal: site; project/asset term: project,high,Project / Asset,No,,,High Street Residential,High Street Residential,,,High Street Residential,,macro_financing,none,none,none,none,none,none,mixed_use,lender; developer,Market reference detected as Los Angeles / California.,unknown,"Limited/paywalled article; classification is based on title, URL, source, and available lead text only. No clear rule-based event keyword was detected. Primary topic set to macro_financing; confidence unknown.",45,19,JV or partnership activity; source feed cross-signal penalty; limited article: title/lead-based review needed; classification confidence penalty,0
2026-09-24,20260924-010837-3de2bd8c,2026-09-24 01:08:34,Connect CRE Orange County,Site / Parcel Source Expansion,Tier 2,development_pipeline;gp_activity,Other,Apartment,"Thu, 10 Sep 2026 20:29:30 +0000",95,High,Must Read,California,Financing Risk; Institutional Flow,Track Financing Conditions; Track Institutional Capital Flow,"Monitor financing conditions because the article includes acquisition, apartment, apartments and $12.6 million, which may affect construction loans, refinancing risk, and exit cap rates.",High relevance to US residential developer strategy,Read full article,"Included because it scored 95 and mentions acquisition, apartment, apartments, with a Financing Risk; Institutional Flow angle for California.",Deal Size Signal,$12.6 million,"California CRE News In Your Inbox. Sign up for Connect emails to stay informed with CRE stories that are 150 words or less. California + Orange County + Apartments | September 10, 2026 By: Paul Bubny MMCC Arranges Financing for Orange Multifamily Acquisition Marcus & Millichap Capital Corporation (MMCC) arranged $12.6 million in financing for the acquisition of Bel Air and El Commodor Apartments, two contiguous 27-unit multifamily properties located at 315-343 S. Bedford Rd. in Orange. Rick Judg","You are a strategic research analyst for Woomi / Woomi Global.
Analyze the following US multifamily housing article for developer strategy.

Article context:
- Title: MMCC Arranges Financing for Orange Multifamily Acquisition
- Source: Connect CRE Orange County
- URL: https://www.connectcre.com/stories/mmcc-arranges-financing-for-orange-multifamily-acquisition/
- Market focus: California
- Strategic angle: Financing Risk; Institutional Flow
- Market signal: Deal Size Signal
- Extracted numbers: $12.6 million
- Strategic implication: Monitor financing conditions because the article includes acquisition, apartment, apartments and $12.6 million, which may affect construction loans, refinancing risk, and exit cap rates.
- Woomi relevance: High relevance to US residential developer strategy

Please answer in concise bullet points:
1. Why does this article matter for a US multifamily developer?
2. What is the implication for Woomi / Woomi Global?
3. What risk or opportunity does this indicate?
4. What follow-up question should the strategy team ask?",98,Excellent,None,"Rule-based interpretation: Connect CRE Orange County article 'MMCC Arranges Financing for Orange Multifamily Acquisition' is classified as priority review for California. It points to financing, refinancing, or debt-market conditions. Treat as a briefing input, not a standalone investment conclusion; confirm with source diversity, repeat observation, and market-specific evidence.",Macro & Financing; Market Players & Deals,acquisition; apartment; apartments; financing; loan; multifamily,MMCC Arranges Financing for Orange Multifamily Acquisition,https://www.connectcre.com/stories/mmcc-arranges-financing-for-orange-multifamily-acquisition/,Yes,art_df324fd11a8bf2c5,Los Angeles / Southern California,core_15,Multifamily,acquisition; financing/refinancing,거래/투자,거래/투자; 시장 데이터,No,article page appears accessible from collected text,Yes,No,standard,art_df324fd11a8bf2c5,https://www.connectcre.com/stories/mmcc-arranges-financing-for-orange-multifamily-acquisition/,MMCC Arranges Financing for Orange Multifamily Acquisition,open,open,https://www.connectcre.com/stories/mmcc-arranges-financing-for-orange-multifamily-acquisition/,valid,title/source/url metadata are internally consistent,Development Activity,GP / Capital Activity,development_project_anchor: project financing/capital event tied to project (unit/site count: 27-unit; address/street: 343 s. bedford rd; project/asset term: apartments; project financing tied to anchor: arranges financing),repeat_penalized,13,2026-09-10,2026-09-24,14,recent_4_14d,recent,published date parsed; article age 14 day(s),55,previously seen article,,California,matched state keyword: California,acquisition,retained_repeat,selected or retained for GP / capital review,Yes,Marcus & Millichap,MMCC; Millichap Capital,dictionary_match,high,"Matched known institutional / GP entity in title, summary, or source text.",True,unit/site count: 27-unit; address/street: 343 s. bedford rd; project/asset term: apartments; project financing tied to anchor: arranges financing,high,Project Financing / Capital Event,No,,,Marcus & Millichap,,MMCC,MMCC; Millichap Capital,Marcus & Millichap,MMCC; Millichap Capital,transaction_market,capital_markets; institutional_capital,acquisition,none,none,gp_acquisition,none,unknown,lender; broker,Market reference detected as California.,medium,Capital event keywords detected: acquisition. Institutional activity terms detected: gp_acquisition. Primary topic set to transaction_market; confidence medium.,85,70,institutional acquisition behavior,51
2026-09-24,20260924-010837-3de2bd8c,2026-09-24 01:08:28,Connect CRE South Florida,Site / Parcel Source Expansion,Tier 2,development_pipeline;gp_activity;sunbelt,Other,Senior Housing,"Tue, 15 Sep 2026 13:45:36 +0000",84,High,Review,Miami / Florida,Developer Strategy,Track Developer Strategy,"Review for developer strategy because the article may inform site selection, product type, adaptive reuse, build-to-rent, or market entry.",Medium relevance to market monitoring,Track source for follow-up,"Included because it scored 84 and mentions affordable housing, apartment, apartments, with a Developer Strategy angle for Miami / Florida.",No Clear Numeric Signal,$115m; $115 million,"Florida & Gulf Coast CRE News In Your Inbox. Sign up for Connect emails to stay informed with CRE stories that are 150 words or less. Florida & Gulf Coast + South Florida + Senior Housing | September 15, 2026 By: Mike Boyd HTG Debuts $115M Miami Affordable Housing Project HTG and Elite Equity Development, Inc. (EED) opened the doors to Naranja Grand Phase I & Phase II, a multiphase, $115 million affordable housing community delivering a combined 320 income-restricted apartments for seniors and f","You are a strategic research analyst for Woomi / Woomi Global.
Analyze the following US multifamily housing article for developer strategy.

Article context:
- Title: HTG Debuts $115M Miami Affordable Housing Project
- Source: Connect CRE South Florida
- URL: https://www.connectcre.com/stories/htg-debuts-115m-miami-affordable-housing-project/
- Market focus: Miami / Florida
- Strategic angle: Developer Strategy
- Market signal: No Clear Numeric Signal
- Extracted numbers: $115m; $115 million
- Strategic implication: Review for developer strategy because the article may inform site selection, product type, adaptive reuse, build-to-rent, or market entry.
- Woomi relevance: Medium relevance to market monitoring

Please answer in concise bullet points:
1. Why does this article matter for a US multifamily developer?
2. What is the implication for Woomi / Woomi Global?
3. What risk or opportunity does this indicate?
4. What follow-up question should the strategy team ask?",90,Excellent,missing market signal,"Rule-based interpretation: Connect CRE South Florida article 'HTG Debuts $115M Miami Affordable Housing Project' is classified as review for Miami / Florida. It points to development execution or sponsor strategy. Treat as a briefing input, not a standalone investment conclusion; confirm with source diversity, repeat observation, and market-specific evidence.",Development Strategy; Policy & Regulation,affordable housing; apartment; apartments; development; senior housing,HTG Debuts $115M Miami Affordable Housing Project,https://www.connectcre.com/stories/htg-debuts-115m-miami-affordable-housing-project/,Yes,art_076a95f6a2eb6384,Miami / South Florida,core_15,Senior Housing,policy/regulation,개발/인허가,개발/인허가,No,article page appears accessible from collected text,Yes,No,standard,art_076a95f6a2eb6384,https://www.connectcre.com/stories/htg-debuts-115m-miami-affordable-housing-project/,HTG Debuts $115M Miami Affordable Housing Project,open,open,https://www.connectcre.com/stories/htg-debuts-115m-miami-affordable-housing-project/,valid,title/source/url metadata are internally consistent,Development Activity,,development_project_anchor: Delivery / Opening (execution milestone: debuts; project/asset term: project),repeat_penalized,8,2026-09-15,2026-09-24,9,recent_4_14d,recent,published date parsed; article age 9 day(s),55,previously seen article,Miami,Florida,matched city/metro keyword: Miami,none,not_candidate,not a GP / capital candidate,No,,,,,,True,execution milestone: debuts; project/asset term: project,high,Delivery / Opening,No,,,,,,,,,development_pipeline,none,none,delivery,none,none,none,affordable_housing; senior_housing,developer,Market reference detected as Miami / Florida.,low,Development-stage terms detected: delivery. Primary topic set to development_pipeline; confidence low.,75,62,multi-phase development; classification confidence penalty,43
2026-09-24,20260924-010837-3de2bd8c,2026-09-24 01:08:28,Connect CRE South Florida,Site / Parcel Source Expansion,Tier 2,development_pipeline;gp_activity;sunbelt,Other,Apartment,"Mon, 14 Sep 2026 14:44:03 +0000",100,High,Must Read,Miami / Florida,Financing Risk,Track Financing Conditions,"Monitor financing conditions because the article includes apartment, apartments, berkadia and $38.5m, $38.55 million, which may affect construction loans, refinancing risk, and exit cap rates.",High relevance to US residential developer strategy,Read full article,"Included because it scored 100 and mentions apartment, apartments, berkadia, with a Financing Risk angle for Miami / Florida.",Rent Growth Signal,$38.5m; $38.55 million,"Florida & Gulf Coast CRE News In Your Inbox. Sign up for Connect emails to stay informed with CRE stories that are 150 words or less. Florida & Gulf Coast + South Florida + Apartments | September 14, 2026 By: Mike Boyd Rich Properties Snags $38.5M Refi for West Palm Beach Rental Asset Rich Properties obtained a $38.55 million refinancing for Tennis Towers Apartments, a 306-unit multifamily community in West Palm Beach that has been owned and operated by Rich Properties for more than 35 years. Be","You are a strategic research analyst for Woomi / Woomi Global.
Analyze the following US multifamily housing article for developer strategy.

Article context:
- Title: Rich Properties Snags $38.5M Refi for West Palm Beach Rental Asset
- Source: Connect CRE South Florida
- URL: https://www.connectcre.com/stories/rich-properties-snags-38-5m-refi-for-west-palm-beach-rental-asset/
- Market focus: Miami / Florida
- Strategic angle: Financing Risk
- Market signal: Rent Growth Signal
- Extracted numbers: $38.5m; $38.55 million
- Strategic implication: Monitor financing conditions because the article includes apartment, apartments, berkadia and $38.5m, $38.55 million, which may affect construction loans, refinancing risk, and exit cap rates.
- Woomi relevance: High relevance to US residential developer strategy

Please answer in concise bullet points:
1. Why does this article matter for a US multifamily developer?
2. What is the implication for Woomi / Woomi Global?
3. What risk or opportunity does this indicate?
4. What follow-up question should the strategy team ask?",98,Excellent,None,"Rule-based interpretation: Connect CRE South Florida article 'Rich Properties Snags $38.5M Refi for West Palm Beach Rental Asset' is classified as priority review for Miami / Florida. It points to financing, refinancing, or debt-market conditions. Treat as a briefing input, not a standalone investment conclusion; confirm with source diversity, repeat observation, and market-specific evidence.",Macro & Financing; Market Players & Deals,apartment; apartments; berkadia; financing; multifamily; refinancing,Rich Properties Snags $38.5M Refi for West Palm Beach Rental Asset,https://www.connectcre.com/stories/rich-properties-snags-38-5m-refi-for-west-palm-beach-rental-asset/,Yes,art_0c6d673e1827b183,Miami / South Florida,core_15,Multifamily,financing/refinancing; rent/occupancy/absorption,제외/금융,제외/금융,Yes,article page appears accessible from collected text,Yes,No,standard,art_0c6d673e1827b183,https://www.connectcre.com/stories/rich-properties-snags-38-5m-refi-for-west-palm-beach-rental-asset/,Rich Properties Snags $38.5M Refi for West Palm Beach Rental Asset,open,open,https://www.connectcre.com/stories/rich-properties-snags-38-5m-refi-for-west-palm-beach-rental-asset/,valid,title/source/url metadata are internally consistent,Development Activity,GP / Capital Activity,development_project_anchor: project financing/capital event tied to project (unit/site count: 306-unit; project/asset term: community),repeat_penalized,9,2026-09-14,2026-09-24,10,recent_4_14d,recent,published date parsed; article age 10 day(s),55,previously seen article,Miami,Florida,matched city/metro keyword: Miami,refinancing,retained_repeat,selected or retained for GP / capital review,Yes,Berkadia,,dictionary_match,high,"Matched known institutional / GP entity in title, summary, or source text.",True,unit/site count: 306-unit; project/asset term: community,high,Project Financing / Capital Event,No,,,Berkadia,Berkadia,,,Berkadia,,capital_markets,supply_demand; institutional_capital,refinancing,none,effective_rent_growth,lender_activity,none,unknown,lender,Market reference detected as Miami / Florida.,medium,Capital event keywords detected: refinancing. Supply/demand terms detected: effective_rent_growth. Institutional activity terms detected: lender_activity. Primary topic set to capital_markets; confidence medium.,85,66,large-scale refinance tied to strategy,39
2026-09-24,20260924-010837-3de2bd8c,2026-09-24 01:08:30,Connect CRE Atlanta,Site / Parcel Source Expansion,Tier 2,development_pipeline;gp_activity;sunbelt,Other,Apartment,"Mon, 14 Sep 2026 15:13:30 +0000",77,Medium,Review,Atlanta / Georgia,Financing Risk,Track Financing Conditions,"Monitor financing conditions because the article includes apartment, apartments, loan and $85.2 million, which may affect construction loans, refinancing risk, and exit cap rates.",Medium relevance to market monitoring,Track source for follow-up,"Included because it scored 77 and mentions apartment, apartments, loan, with a Financing Risk angle for Atlanta / Georgia.",No Clear Numeric Signal,$85.2 million,"Atlanta & Southeast News In Your Inbox Sign up for Connect emails to stay informed with CRE stories that are 150 words or less. Atlanta & Southeast + Atlanta + Apartments | September 14, 2026 By: Mike Boyd Investor Takes Over Distressed Atlanta Apartment Asset Liquid Capital Real Estate Investment basically transferred ownership of a Midtown Atlanta apartment complex to Audubon Capital . Audubon picked up the remaining unpaid balance on the loan. The Crest at Midtown property was sold outright r","You are a strategic research analyst for Woomi / Woomi Global.
Analyze the following US multifamily housing article for developer strategy.

Article context:
- Title: Investor Takes Over Distressed Atlanta Apartment Asset
- Source: Connect CRE Atlanta
- URL: https://www.connectcre.com/stories/investor-acquires-distressed-atlanta-apartment-asset/
- Market focus: Atlanta / Georgia
- Strategic angle: Financing Risk
- Market signal: No Clear Numeric Signal
- Extracted numbers: $85.2 million
- Strategic implication: Monitor financing conditions because the article includes apartment, apartments, loan and $85.2 million, which may affect construction loans, refinancing risk, and exit cap rates.
- Woomi relevance: Medium relevance to market monitoring

Please answer in concise bullet points:
1. Why does this article matter for a US multifamily developer?
2. What is the implication for Woomi / Woomi Global?
3. What risk or opportunity does this indicate?
4. What follow-up question should the strategy team ask?",90,Excellent,missing market signal,"Rule-based interpretation: Connect CRE Atlanta article 'Investor Takes Over Distressed Atlanta Apartment Asset' is classified as review for Atlanta / Georgia. It points to financing, refinancing, or debt-market conditions. Treat as a briefing input, not a standalone investment conclusion; confirm with source diversity, repeat observation, and market-specific evidence.",Macro & Financing,apartment; apartments; loan,Investor Takes Over Distressed Atlanta Apartment Asset,https://www.connectcre.com/stories/investor-acquires-distressed-atlanta-apartment-asset/,Yes,art_e96bfc2ddb486789,Atlanta,core_15,Multifamily,transaction/sale; acquisition; financing/refinancing,거래/투자,거래/투자; 시장 데이터,No,article page appears accessible from collected text,Yes,No,standard,art_e96bfc2ddb486789,https://www.connectcre.com/stories/investor-acquires-distressed-atlanta-apartment-asset/,Investor Takes Over Distressed Atlanta Apartment Asset,open,open,https://www.connectcre.com/stories/investor-acquires-distressed-atlanta-apartment-asset/,valid,title/source/url metadata are internally consistent,Development Activity,GP / Capital Activity,development_project_anchor: capital event with identifiable project/asset (project/asset term: apartments),repeat_penalized,9,2026-09-14,2026-09-24,10,recent_4_14d,recent,published date parsed; article age 10 day(s),55,previously seen article,Atlanta,Georgia,matched city/metro keyword: Atlanta,disposition_exit,repeat_penalized,repeat exposure penalty; development article without confirmed capital event,No,Participant not identified,,unresolved,unresolved,"No institution name detected in dictionary, title, summary, or source text.",True,project/asset term: apartments,medium,Project / Asset,No,,,,,,,,,transaction_market,capital_markets,disposition,none,none,none,none,opportunistic,lender; investor,Market reference detected as Atlanta / Georgia.,low,Capital event keywords detected: disposition. Primary topic set to transaction_market; confidence low.,75,44,classification confidence penalty,19
2026-09-24,20260924-010837-3de2bd8c,2026-09-24 01:08:12,Construction Dive,Core Multifamily News,Tier 1,national_multifamily,Other,Mixed-Use Residential,"Mon, 21 Sep 2026 10:17:00 -0400",97,High,Must Read,National,Supply Pressure,Track Supply Pipeline,"Review this as a supply risk signal because it references new deliveries, starts, pipeline, or permits in National.",High relevance to US residential developer strategy,Read full article,"Included because it scored 97 and mentions apartment, apartments, construction, with a Supply Pressure angle for National.",Supply / Starts Signal,16%; 700 units,"An article from Multifamily starts plummeted nearly 16% in August The number of new apartments coming online also fell dramatically from the same period last year, per HUD and the U.S. Census Bureau. Published Sept. 21, 2026 Julie Strupp Senior Editor Share Copy link Email LinkedIn X/Twitter Facebook Print License Add us on Google Construction continues on a mixed-use apartment complex that will hold more than 700 units of housing and 95,000 square feet of commercial space on August 20, 2024, in","You are a strategic research analyst for Woomi / Woomi Global.
Analyze the following US multifamily housing article for developer strategy.

Article context:
- Title: Multifamily starts plummeted nearly 16% in August
- Source: Construction Dive
- URL: https://www.constructiondive.com/news/multifamily-starts-apartment-construction-august/830863/
- Market focus: National
- Strategic angle: Supply Pressure
- Market signal: Supply / Starts Signal
- Extracted numbers: 16%; 700 units
- Strategic implication: Review this as a supply risk signal because it references new deliveries, starts, pipeline, or permits in National.
- Woomi relevance: High relevance to US residential developer strategy

Please answer in concise bullet points:
1. Why does this article matter for a US multifamily developer?
2. What is the implication for Woomi / Woomi Global?
3. What risk or opportunity does this indicate?
4. What follow-up question should the strategy team ask?",98,Excellent,None,"Rule-based interpretation: Construction Dive article 'Multifamily starts plummeted nearly 16% in August' is classified as priority review for National. It points to supply, delivery, lease-up, or absorption conditions. Treat as a briefing input, not a standalone investment conclusion; confirm with source diversity, repeat observation, and market-specific evidence.",Development Strategy; Policy & Regulation,apartment; apartments; construction; hud; multifamily; starts,Multifamily starts plummeted nearly 16% in August,https://www.constructiondive.com/news/multifamily-starts-apartment-construction-august/830863/,Yes,art_c10efebb27f75f1f,Other / Unknown,other,Mixed-use Residential,policy/regulation; market data/supply-demand,개발/인허가,개발/인허가; 시장 데이터,No,article page appears accessible from collected text,No,No,standard,art_c10efebb27f75f1f,https://www.constructiondive.com/news/multifamily-starts-apartment-construction-august/830863/,Multifamily starts plummeted nearly 16% in August,open,open,https://www.constructiondive.com/news/multifamily-starts-apartment-construction-august/830863/,valid,title/source/url metadata are internally consistent,Development Activity,Market Intelligence,development_project_anchor: Project / Asset (unit/site count: 700 units; project/asset term: apartments),repeat_penalized,6,2026-09-21,2026-09-24,3,fresh_0_3d,fresh,published date parsed; article age 3 day(s),58,previously seen article,,,used broad market bucket: National,none,not_candidate,not a GP / capital candidate,No,,,,,,True,unit/site count: 700 units; project/asset term: apartments,high,Project / Asset,No,,,,,,,,,supply_demand,none,none,none,supply_pressure,none,none,mixed_use,public_agency; developer,Market reference detected as National.,low,Supply/demand terms detected: supply_pressure. Primary topic set to supply_demand; confidence low.,60,40,classification confidence penalty,11
2026-09-24,20260924-010837-3de2bd8c,2026-09-24 01:08:20,Urbanize LA,Regional / California / LA Sources,Tier 2,development_pipeline;entitlement;la_california,Other,Apartment,"Sun, 20 Sep 2026 13:15:00 +0000",88,High,Must Read,Los Angeles / California,Developer Strategy,Track Developer Strategy,"Review for developer strategy because the article may inform site selection, product type, adaptive reuse, build-to-rent, or market entry.",High relevance to US residential developer strategy,Read full article,"Included because it scored 88 and mentions apartment, construction, development, with a Developer Strategy angle for Los Angeles / California.",No Clear Numeric Signal,$2.45 million,"Five homes planned at 1254 N. Orange Dr. in Hollywood | Urbanize LA Skip to main content Advertisement Advertisement A surface parking lot along Fountain Avenue in Hollywood is set to make way for housing, according to an application recently filed with the Los Angeles Department of City Planning. The project from property owner PB Orange, LLC and LTM Development, which would rise from a corner lot at 1254 N. Orange Drive, calls for the construction of five townhome-style residences. Plans also ","You are a strategic research analyst for Woomi / Woomi Global.
Analyze the following US multifamily housing article for developer strategy.

Article context:
- Title: Five homes planned at 1254 N. Orange Dr. in Hollywood
- Source: Urbanize LA
- URL: https://la.urbanize.city/post/five-homes-planned-1254-n-orange-dr-hollywood
- Market focus: Los Angeles / California
- Strategic angle: Developer Strategy
- Market signal: No Clear Numeric Signal
- Extracted numbers: $2.45 million
- Strategic implication: Review for developer strategy because the article may inform site selection, product type, adaptive reuse, build-to-rent, or market entry.
- Woomi relevance: High relevance to US residential developer strategy

Please answer in concise bullet points:
1. Why does this article matter for a US multifamily developer?
2. What is the implication for Woomi / Woomi Global?
3. What risk or opportunity does this indicate?
4. What follow-up question should the strategy team ask?",90,Excellent,missing market signal,"Rule-based interpretation: Urbanize LA article 'Five homes planned at 1254 N. Orange Dr. in Hollywood' is classified as priority review for Los Angeles / California. It points to development execution or sponsor strategy. Treat as a briefing input, not a standalone investment conclusion; confirm with source diversity, repeat observation, and market-specific evidence.",Development Strategy,apartment; construction; development,Five homes planned at 1254 N. Orange Dr. in Hollywood,https://la.urbanize.city/post/five-homes-planned-1254-n-orange-dr-hollywood,Yes,art_6d456c1381dd7c66,Los Angeles / Southern California,core_15,Multifamily,,개발/인허가,개발/인허가,No,limited source or insufficient readable article text,Yes,No,access_limited_source,art_6d456c1381dd7c66,https://la.urbanize.city/post/five-homes-planned-1254-n-orange-dr-hollywood,Five homes planned at 1254 N. Orange Dr. in Hollywood,access_limited,access_limited,https://la.urbanize.city/post/five-homes-planned-1254-n-orange-dr-hollywood,valid,title/source/url metadata are internally consistent,Development Activity,,development_project_anchor: Project / Asset (address/street: 1254 n. orange dr; project/asset term: project),repeat_penalized,3,2026-09-20,2026-09-24,4,fresh_0_3d,fresh,published date parsed; article age 4 day(s),58,previously seen article; limited page access,Los Angeles,California,matched city/metro keyword: Los Angeles,none,not_candidate,not a GP / capital candidate,No,,,,,,True,address/street: 1254 n. orange dr; project/asset term: project,high,Project / Asset,No,,,,,,,,,other,none,none,none,none,none,none,unknown,developer,Market reference detected as Los Angeles / California.,unknown,"Limited/paywalled article; classification is based on title, URL, source, and available lead text only. No clear rule-based event keyword was detected. Primary topic set to other; confidence unknown.",45,28,limited article: title/lead-based review needed; classification confidence penalty,3
