run_date,run_id,canonical_project_id,canonical_project_name,project_identity_confidence,asset_signal_id,canonical_article_id,title,original_url,published,summary,article_integrity_status,article_integrity_reason,primary_display_section,secondary_display_sections,repeat_exposure_status,has_project_anchor,project_anchor_reason,project_anchor_confidence,development_lifecycle_hint,published_date_normalized,collected_date_normalized,article_age_days,freshness_bucket,freshness_status,freshness_reason,freshness_score,access_status,canonical_asset_or_project_name,raw_project_or_property_name,address_or_location_clue,intersection_or_corridor,neighborhood_or_submarket,city,state_or_region,residential_sector,asset_type,gp_or_developer,owner_or_sponsor,lender_or_capital_partner,entitlement_status,permit_status,construction_status,delivery_or_timing_reference,unit_count,dollar_amount,site_size_or_area,deal_or_project_type,asset_strategy_signal,site_control_signal,execution_stage,primary_development_category,primary_category_reason,asset_opportunity_score,asset_risk_score,woomi_asset_relevance,recommended_asset_follow_up,evidence_article_title,source,url,confidence_level
2026-07-31,20260731-000252-c95dc796,PRJ-20260731-0085,Development Start - Los Angeles / California - Draft EIR released for Metro-adjacent high-rise at 5350 Wilshire Blvd.,100,AST-20260731-033,art_7581087558bfcaf5,CBRE Completes Receivership Sale of Santa Monica Apartments,https://www.connectcre.com/stories/cbre-completes-receivership-sale-of-santa-monica-apartments/,"Thu, 30 Jul 2026 21:47:37 +0000","California CRE News In Your Inbox. Sign up for Connect emails to stay informed with CRE stories that are 150 words or less. California + Los Angeles | July 30, 2026 By: Paul Bubny CBRE Completes Receivership Sale of Santa Monica Apartments CBRE arranged the sale of 901 Ocean Ave., a 28‑unit coastal multifamily investment property located along Santa Monica’s Ocean Avenue corridor. The property sold for $23.46 million to a private local investor, with the buyer also assuming approximately $2.4 mi",valid,title/source/url metadata are internally consistent,Development Activity,GP / Capital Activity,new_or_fresh,,,,,2026-07-30,2026-07-31,1,fresh_0_3d,fresh,published date parsed; article age 1 day(s),100,open,Disposition / Exit - Los Angeles / California - CBRE Completes Receivership Sale of Santa Monica Apartments,Disposition / Exit - Los Angeles / California - CBRE Completes Receivership Sale of Santa Monica Apartments,Los Angeles,General submarket monitoring,Los Angeles,Los Angeles,California,Apartment,Apartment,CBRE,CBRE,CBRE,Unknown,Unknown,Unknown,No explicit timing reference,,$23.46 million; $2.4 m; $23.46 million,,Disposition / Exit,Distressed / Stalled Asset,Existing asset sale,Unknown,excluded,transaction / capital guard: disposition,100,50,Relevant to underwriting benchmark,"Monitor sponsor stress, lender exposure, and restart path",CBRE Completes Receivership Sale of Santa Monica Apartments,Connect CRE,https://www.connectcre.com/stories/cbre-completes-receivership-sale-of-santa-monica-apartments/,Medium
2026-07-31,20260731-000252-c95dc796,PRJ-20260731-0022,Development Start - Los Angeles / California - Draft EIR released for Metro-adjacent high-rise at 5350 Wilshire Blvd.,100,AST-20260731-027,art_c90a4cb76140baaa,Draft EIR released for Metro-adjacent high-rise at 5350 Wilshire Blvd.,https://la.urbanize.city/post/draft-eir-released-metro-adjacent-high-rise-5350-wilshire-blvd,"Thu, 30 Jul 2026 13:15:00 +0000","Draft EIR released for Metro-adjacent high-rise at 5350 Wilshire Blvd. | Urbanize LA Skip to main content Advertisement Advertisement After three years of quiet, plans from Onni Group apartment tower near Wilshire/La Brea Station on the Miracle Mile are once again moving forward. This week, the Los Angeles Department of City Planning published a draft environmental impact report for the Wilshire and Cloverdale project, which would bring a 46-story high-rise to a roughly 1.4 acre site located at ",valid,title/source/url metadata are internally consistent,Development Activity,,new_or_fresh,,,,,2026-07-30,2026-07-31,1,fresh_0_3d,fresh,published date parsed; article age 1 day(s),88,access_limited,Development Start - Los Angeles / California - Draft EIR released for Metro-adjacent high-rise at 5350 Wilshire Blvd.,Development Start - Los Angeles / California - Draft EIR released for Metro-adjacent high-rise at 5350 Wilshire Blvd.,5350 Wilshire Blvd,General submarket monitoring,Los Angeles,Los Angeles,California,Affordable Housing,Affordable Housing,CBRE,CBRE,CBRE,Unknown,Unknown,Unknown,No explicit timing reference,47 units,,,Development Start,Development Start,Project under entitlement,Unknown,approval_watch,matched entitlement,100,26,Relevant to underwriting benchmark,Monitor asset-level signal for repeated confirmation,Draft EIR released for Metro-adjacent high-rise at 5350 Wilshire Blvd.,Urbanize LA,https://la.urbanize.city/post/draft-eir-released-metro-adjacent-high-rise-5350-wilshire-blvd,High
2026-07-31,20260731-000252-c95dc796,PRJ-20260731-0089,Acquisition - Los Angeles / California - Marcus & Millichap Brokers $12.5M Sale of Affordable Seniors Housing Property in Southern...,100,AST-20260731-025,art_0120d515572ef2ed,Marcus & Millichap Brokers $12.5M Sale of Affordable Seniors Housing Property in Southern California,https://rebusinessonline.com/marcus-millichap-brokers-12-5m-sale-of-affordable-seniors-housing-property-in-southern-california/,2026-07-30T13:28:11Z,"Apartments at Guava Gardens in La Mesa, Calif., are reserved for residents age 62 and older. Acquisitions Affordable Housing California Multifamily Western Marcus & Millichap Brokers $12.5M Sale of Affordable Seniors Housing Property in Southern California by Amy Works July 30, 2026 July 30, 2026 5 LA MESA, CALIF. — Marcus & Millichap has brokered the $12.5 million sale of Guava Gardens, an affordable seniors housing property in La Mesa. Los Angeles-based Positive Investments was the buyer. Buil",valid,title/source/url metadata are internally consistent,Development Activity,GP / Capital Activity,new_or_fresh,,,,,2026-07-30,2026-07-31,1,fresh_0_3d,fresh,published date parsed; article age 1 day(s),100,open,Acquisition - Los Angeles / California - Marcus & Millichap Brokers $12.5M Sale of Affordable Seniors Housing Property in Southern...,Acquisition - Los Angeles / California - Marcus & Millichap Brokers $12.5M Sale of Affordable Seniors Housing Property in Southern...,Los Angeles,General submarket monitoring,Los Angeles,Los Angeles,California,Affordable Housing,Affordable Housing,Marcus & Millichap,Marcus & Millichap,Unknown,Unknown,Unknown,Unknown,No explicit timing reference,81 units,$12.5M; $12.5M; $12.5 million,,Acquisition,Affordable / Density Bonus Strategy,Existing asset sale,Unknown,excluded,transaction / capital guard: sale,99,26,Relevant to entitlement monitoring,"Track entitlement, permit, density bonus, and construction-readiness milestones",Marcus & Millichap Brokers $12.5M Sale of Affordable Seniors Housing Property in Southern California,REBusiness Online,https://rebusinessonline.com/marcus-millichap-brokers-12-5m-sale-of-affordable-seniors-housing-property-in-southern-california/,High
2026-07-31,20260731-000252-c95dc796,PRJ-20260731-0119,Refinancing - New York - Greystone Provides $16M Agency Loan for Refinancing of Long Island Multifamily Property,100,AST-20260731-030,art_be4153d0703e01ca,Greystone Provides $16M Agency Loan for Refinancing of Long Island Multifamily Property,https://rebusinessonline.com/greystone-provides-16m-agency-loan-for-refinancing-of-long-island-multifamily-property/,2026-07-30T13:56:51Z,"Loans Multifamily New York Northeast Greystone Provides $16M Agency Loan for Refinancing of Long Island Multifamily Property by Taylor Williams July 30, 2026 July 30, 2026 3 CENTRAL ISLIP, N.Y. — Greystone has provided a $16 million Fannie Mae DUS (Delegated & Underwriting Servicing) loan for the refinancing of Coventry Village, a 94-unit multifamily property in the Long Island community of Central Islip. Built in 1975 and renovated in 2011, Coventry Village is a two-building, garden-style compl",valid,title/source/url metadata are internally consistent,Development Activity,GP / Capital Activity,new_or_fresh,,,,,2026-07-30,2026-07-31,1,fresh_0_3d,fresh,published date parsed; article age 1 day(s),100,open,Refinancing - New York - Greystone Provides $16M Agency Loan for Refinancing of Long Island Multifamily Property,Refinancing - New York - Greystone Provides $16M Agency Loan for Refinancing of Long Island Multifamily Property,New York,General submarket monitoring,New York,Los Angeles,New York,Multifamily,Multifamily,Greystone,Greystone,Fannie Mae,Unknown,Unknown,Unknown,No explicit timing reference,,$16M; $16M; $16 million,,Refinancing,Refinancing / Recapitalization,Land / parcel referenced,Site Search / Early Signal,excluded,transaction / capital guard: refinancing,97,40,Relevant to acquisition / JV sourcing,"Review acquisition, financing, ownership, and comparable transaction details",Greystone Provides $16M Agency Loan for Refinancing of Long Island Multifamily Property,REBusiness Online,https://rebusinessonline.com/greystone-provides-16m-agency-loan-for-refinancing-of-long-island-multifamily-property/,Medium
2026-07-31,20260731-000252-c95dc796,PRJ-20260731-0173,General Project Signal - Southeast - Checking in on Alexan West End at 600 Broadway in Long Beach,100,AST-20260731-044,art_a8b6065355050135,Checking in on Alexan West End at 600 Broadway in Long Beach,https://la.urbanize.city/post/checking-alexan-west-end-600-broadway-long-beach,"Tue, 28 Jul 2026 13:15:00 +0000","Checking in on Alexan West End at 600 Broadway in Long Beach | Urbanize LA Skip to main content Advertisement Advertisement One year since our last update, the wrapping is off for a large apartment complex next door to the World Trade Center in Downtown Long Beach . Alexan West End , which is being developed by Trammell Crow Residential and R&V Management, replaces a parking lot at 600 Broadway with a collection of seven- and eight-story buildings containing 600 studio, one-, two-, and three-bed",valid,title/source/url metadata are internally consistent,Development Activity,,repeat_penalized,,,,,2026-07-28,2026-07-31,3,fresh_0_3d,fresh,published date parsed; article age 3 day(s),58,access_limited,General Project Signal - Southeast - Checking in on Alexan West End at 600 Broadway in Long Beach,General Project Signal - Southeast - Checking in on Alexan West End at 600 Broadway in Long Beach,Southeast,General submarket monitoring,Southeast,Los Angeles,Southeast,Apartment,Apartment,Trammell Crow Residential,Trammell Crow Residential,Unknown,Unknown,Unknown,Unknown,No explicit timing reference,600 apartments,,,General Project Signal,General Asset Signal,Unknown site control,Unknown,construction_delivery_watch,matched development / asset strategy execution,96,26,Relevant to underwriting benchmark,Monitor asset-level signal for repeated confirmation,Checking in on Alexan West End at 600 Broadway in Long Beach,Urbanize LA,https://la.urbanize.city/post/checking-alexan-west-end-600-broadway-long-beach,High
2026-07-31,20260731-000252-c95dc796,PRJ-20260731-0018,Entitlement / Permitting - Los Angeles / California - Affordable housing takes shape at 4706 Centinela Ave. in Del Rey,80,AST-20260731-048,art_d1b2312027052f74,Affordable housing takes shape at 4706 Centinela Ave. in Del Rey,https://la.urbanize.city/post/affordable-housing-takes-shape-4706-centinela-ave-del-rey,"Wed, 29 Jul 2026 13:05:00 +0000","Affordable housing takes shape at 4706 Centinela Ave. in Del Rey | Urbanize LA Skip to main content Advertisement Advertisement Wood framing has reached its peak for the latest affordable housing complex in Del Rey from Los Angeles-based developer Passo . The project, located at 4706 Centinela Avenue , consists of an eight-story edifice that will feature 73 studio and one-bedroom apartments without on-site parking when complete. View looking southeast from Centinela Avenue Urbanize LA The projec",valid,title/source/url metadata are internally consistent,Development Activity,Market Intelligence,acceptable_repeat,,,,,2026-07-29,2026-07-31,2,fresh_0_3d,fresh,published date parsed; article age 2 day(s),66,access_limited,Entitlement / Permitting - Los Angeles / California - Affordable housing takes shape at 4706 Centinela Ave. in Del Rey,Entitlement / Permitting - Los Angeles / California - Affordable housing takes shape at 4706 Centinela Ave. in Del Rey,4706 Centinela Ave,General submarket monitoring,Los Angeles,Los Angeles,California,Affordable Housing,Affordable Housing,Unknown,Unknown,Unknown,Unknown,Unknown,Unknown,No explicit timing reference,73 apartments,,,Entitlement / Permitting,Affordable / Density Bonus Strategy,Project under entitlement,Unknown,approval_watch,matched permit,94,34,Relevant to entitlement monitoring,"Track entitlement, permit, density bonus, and construction-readiness milestones",Affordable housing takes shape at 4706 Centinela Ave. in Del Rey,Urbanize LA,https://la.urbanize.city/post/affordable-housing-takes-shape-4706-centinela-ave-del-rey,High
2026-07-31,20260731-000252-c95dc796,PRJ-20260731-0034,Entitlement / Permitting - Los Angeles / California - Developer pivots to affordable housing at 7715 Crenshaw Blvd. in Hyde Park,80,AST-20260731-049,art_526ccb2e144d80e2,Developer pivots to affordable housing at 7715 Crenshaw Blvd. in Hyde Park,https://la.urbanize.city/post/developer-pivots-affordable-housing-7715-crenshaw-blvd-hyde-park,"Wed, 29 Jul 2026 13:15:00 +0000","Developer pivots to affordable housing at 7715 Crenshaw Blvd. in Hyde Park | Urbanize LA Skip to main content Advertisement Advertisement The owner of a large, vacant lot in Hyde Park is changing up plans to develop the property with housing. Last year, Los Angeles-based Eleos filed an application with the City of Los Angeles seeking approvals to build a a six-story building featuring 162 apartments (and one accessory dwelling unit) with on-site parking for 110 vehicles at 7715 S. Crenshaw Boule",valid,title/source/url metadata are internally consistent,Development Activity,,acceptable_repeat,,,,,2026-07-29,2026-07-31,2,fresh_0_3d,fresh,published date parsed; article age 2 day(s),66,access_limited,Entitlement / Permitting - Los Angeles / California - Developer pivots to affordable housing at 7715 Crenshaw Blvd. in Hyde Park,Entitlement / Permitting - Los Angeles / California - Developer pivots to affordable housing at 7715 Crenshaw Blvd. in Hyde Park,7715 Crenshaw Blvd,General submarket monitoring,Los Angeles,Los Angeles,California,Affordable Housing,Affordable Housing,Unknown,Unknown,Unknown,Unknown,Unknown,Unknown,No explicit timing reference,162 apartments,,,Entitlement / Permitting,Affordable / Density Bonus Strategy,Project under entitlement,Unknown,approval_watch,matched permit,94,34,Relevant to entitlement monitoring,"Track entitlement, permit, density bonus, and construction-readiness milestones",Developer pivots to affordable housing at 7715 Crenshaw Blvd. in Hyde Park,Urbanize LA,https://la.urbanize.city/post/developer-pivots-affordable-housing-7715-crenshaw-blvd-hyde-park,High
2026-07-31,20260731-000252-c95dc796,PRJ-20260731-0013,Entitlement / Permitting - Los Angeles / California - Mixed-use building slated for 20160 Roscoe Blvd. in Winnetka,80,AST-20260731-050,art_cd0f136255fc192f,Mixed-use building slated for 20160 Roscoe Blvd. in Winnetka,https://la.urbanize.city/post/mixed-use-building-slated-20160-roscoe-blvd-winnetka,"Tue, 28 Jul 2026 13:10:00 +0000","Mixed-use building slated for 20160 Roscoe Blvd. in Winnetka | Urbanize LA Skip to main content Advertisement Advertisement A commercial building in Winnetka is set to give way to a new mixed-use development, per an application filed yesterday with the Los Angeles Department of City Planning. The project from applicant Jonathan Azal, slated for a site at 20160 Roscoe Boulevard, calls for clearing the existing structure to make way for a new six-story edifice featuring 113 studio, one-, two-, and",valid,title/source/url metadata are internally consistent,Development Activity,Market Intelligence,repeat_penalized,,,,,2026-07-28,2026-07-31,3,fresh_0_3d,fresh,published date parsed; article age 3 day(s),58,access_limited,Entitlement / Permitting - Los Angeles / California - Mixed-use building slated for 20160 Roscoe Blvd. in Winnetka,Entitlement / Permitting - Los Angeles / California - Mixed-use building slated for 20160 Roscoe Blvd. in Winnetka,20160 Roscoe Blvd,Mixed-use corridor,Los Angeles,Los Angeles,California,Affordable Housing,Mixed-Use Residential,Unknown,Unknown,Unknown,Unknown,Unknown,Unknown,No explicit timing reference,14 apartments,,,Entitlement / Permitting,Entitlement Play,Project under entitlement,Unknown,approval_watch,matched permit,94,34,Relevant to entitlement monitoring,"Track entitlement, permit, density bonus, and construction-readiness milestones",Mixed-use building slated for 20160 Roscoe Blvd. in Winnetka,Urbanize LA,https://la.urbanize.city/post/mixed-use-building-slated-20160-roscoe-blvd-winnetka,High
2026-07-31,20260731-000252-c95dc796,PRJ-20260731-0008,Entitlement / Permitting - Santa Monica / California - 102 apartments break ground at 1717 S. Beloit Ave. in Sawtelle,80,AST-20260731-047,art_61d69ef4ae7947b3,102 apartments break ground at 1717 S. Beloit Ave. in Sawtelle,https://la.urbanize.city/post/102-apartments-break-ground-1717-s-beloit-ave-sawtelle,"Thu, 30 Jul 2026 13:10:00 +0000","102 apartments break ground at 1717 S. Beloit Ave. in Sawtelle | Urbanize LA Skip to main content Advertisement Advertisement Just west of the I-405 Freeway in Sawtelle , construction has commenced for a new multifamily residential development. The project, approved last year by the City Planning Commission , is rising from a site just south of Santa Monica Boulevard at 1717 S. Beloit Avenue . EJKS, LLC, an entity managed by Elliot Nayssan, is redeveloping the site with a new seven-story buildin",valid,title/source/url metadata are internally consistent,Development Activity,,new_or_fresh,,,,,2026-07-30,2026-07-31,1,fresh_0_3d,fresh,published date parsed; article age 1 day(s),88,access_limited,Entitlement / Permitting - Santa Monica / California - 102 apartments break ground at 1717 S. Beloit Ave. in Sawtelle,Entitlement / Permitting - Santa Monica / California - 102 apartments break ground at 1717 S. Beloit Ave. in Sawtelle,1717 S. Beloit Ave,General submarket monitoring,Santa Monica,Los Angeles,Unknown,Affordable Housing,Affordable Housing,Unknown,Unknown,Unknown,Unknown,Unknown,Unknown,No explicit timing reference,102 apartments,,,Entitlement / Permitting,Entitlement Play,Project under entitlement,Unknown,approval_watch,matched permit,94,34,Relevant to entitlement monitoring,"Track entitlement, permit, density bonus, and construction-readiness milestones",102 apartments break ground at 1717 S. Beloit Ave. in Sawtelle,Urbanize LA,https://la.urbanize.city/post/102-apartments-break-ground-1717-s-beloit-ave-sawtelle,High
2026-07-31,20260731-000252-c95dc796,PRJ-20260731-0059,Disposition / Exit - California - NY Investor Snags First Folsom Apartments on Market in Four Years,100,AST-20260731-034,art_ded3fe39833c1b5c,NY Investor Snags First Folsom Apartments on Market in Four Years,https://www.connectcre.com/stories/ny-investor-snags-first-folsom-apartments-on-market-in-four-years/,"Wed, 29 Jul 2026 19:58:22 +0000","California CRE News In Your Inbox. Sign up for Connect emails to stay informed with CRE stories that are 150 words or less. California + Sacramento + Apartments | July 29, 2026 By: Paul Bubny NY Investor Snags First Folsom Apartments on Market in Four Years CBRE arranged the sale of Talavera, a 293-unit apartment community in Folsom, to New York-based Sentinel Real Estate. Talavera was the first asset to become available in the Folsom submarket in four years. CBRE’s Marc Ross, Eli Hanacek, Joe M",valid,title/source/url metadata are internally consistent,Development Activity,GP / Capital Activity,acceptable_repeat,,,,,2026-07-29,2026-07-31,2,fresh_0_3d,fresh,published date parsed; article age 2 day(s),78,open,Disposition / Exit - California - NY Investor Snags First Folsom Apartments on Market in Four Years,Disposition / Exit - California - NY Investor Snags First Folsom Apartments on Market in Four Years,California,General submarket monitoring,California,Los Angeles,California,Apartment,Apartment,CBRE,CBRE,CBRE,Unknown,Unknown,Unknown,No explicit timing reference,,,,Disposition / Exit,General Asset Signal,Existing asset sale,Unknown,excluded,transaction / capital guard: disposition,93,32,High relevance to Woomi site strategy,"Review site details, sponsor, entitlement path, and local precedent",NY Investor Snags First Folsom Apartments on Market in Four Years,Connect CRE California,https://www.connectcre.com/stories/ny-investor-snags-first-folsom-apartments-on-market-in-four-years/,Medium
2026-07-31,20260731-000252-c95dc796,PRJ-20260731-0060,Disposition / Exit - California - Costa Mesa Multifamily Changes Hands for Value-Add Repositioning,100,AST-20260731-040,art_6595ac6c3493f1ac,Costa Mesa Multifamily Changes Hands for Value-Add Repositioning,https://www.connectcre.com/stories/costa-mesa-multifamily-changes-hands-for-value-add-repositioning/,"Wed, 29 Jul 2026 21:36:05 +0000","California CRE News In Your Inbox. Sign up for Connect emails to stay informed with CRE stories that are 150 words or less. California + Orange County + Apartments | July 29, 2026 By: Paul Bubny Costa Mesa Multifamily Changes Hands for Value-Add Repositioning Marcus & Millichap finalized the sale of 1990 Maple Ave., a 41-unit multifamily property in Costa Mesa. The property sold for $16.9 million or $412,195 per unit, approximately $550,000 above the property’s 2018 selling price. “Sundance West",valid,title/source/url metadata are internally consistent,Development Activity,GP / Capital Activity,acceptable_repeat,,,,,2026-07-29,2026-07-31,2,fresh_0_3d,fresh,published date parsed; article age 2 day(s),78,open,Disposition / Exit - California - Costa Mesa Multifamily Changes Hands for Value-Add Repositioning,Disposition / Exit - California - Costa Mesa Multifamily Changes Hands for Value-Add Repositioning,California,General submarket monitoring,California,Los Angeles,California,Apartment,Apartment,Marcus & Millichap,Marcus & Millichap,Unknown,Unknown,Unknown,Unknown,No explicit timing reference,,$16.9 million; $412; $550,,Disposition / Exit,General Asset Signal,Existing asset sale,Unknown,excluded,transaction / capital guard: disposition,93,29,High relevance to Woomi site strategy,"Review site details, sponsor, entitlement path, and local precedent",Costa Mesa Multifamily Changes Hands for Value-Add Repositioning,Connect CRE Orange County,https://www.connectcre.com/stories/costa-mesa-multifamily-changes-hands-for-value-add-repositioning/,Medium
2026-07-31,20260731-000252-c95dc796,PRJ-20260731-0047,Acquisition - Atlanta / Georgia - Walton Communities Offloads Two Atlanta Rental Properties,100,AST-20260731-038,art_b914af68e0e48820,Walton Communities Offloads Two Atlanta Rental Properties,https://www.connectcre.com/stories/walton-lakes-offloads-two-atlanta-rental-properties/,"Thu, 23 Jul 2026 14:23:10 +0000","Atlanta & Southeast News In Your Inbox Sign up for Connect emails to stay informed with CRE stories that are 150 words or less. Atlanta & Southeast + Atlanta + Apartments | July 23, 2026 By: Mike Boyd Walton Communities Offloads Two Atlanta Rental Properties Walton Communities has sold off Walton Lakes, a 305-unit, market-rate multifamily community, and The Legacy at Walton Lakes, a 126-unit, 55+ LIHTC community, both in Atlanta. Clark Ventures was the buyer. The buyer was able to assume HUD fin",valid,title/source/url metadata are internally consistent,Development Activity,GP / Capital Activity,repeat_penalized,,,,,2026-07-23,2026-07-31,8,recent_4_14d,recent,published date parsed; article age 8 day(s),55,open,Acquisition - Atlanta / Georgia - Walton Communities Offloads Two Atlanta Rental Properties,Acquisition - Atlanta / Georgia - Walton Communities Offloads Two Atlanta Rental Properties,Atlanta,General submarket monitoring,Atlanta,Los Angeles,Unknown,Affordable Housing,Affordable Housing,JLL,JLL,JLL,Unknown,Unknown,Unknown,No explicit timing reference,,,,Acquisition,General Asset Signal,Existing asset sale,Unknown,excluded,transaction / capital guard: acquisition,92,26,Relevant to underwriting benchmark,Monitor asset-level signal for repeated confirmation,Walton Communities Offloads Two Atlanta Rental Properties,Connect CRE Atlanta,https://www.connectcre.com/stories/walton-lakes-offloads-two-atlanta-rental-properties/,Medium
2026-07-31,20260731-000252-c95dc796,PRJ-20260731-0058,Acquisition - San Francisco / California - Sares Regis Sells 195-Unit Celeste Apartments in South San Francisco,100,AST-20260731-037,art_6b9acb523935086a,Sares Regis Sells 195-Unit Celeste Apartments in South San Francisco,https://rebusinessonline.com/sares-regis-sells-195-unit-celeste-apartments-in-south-san-francisco/,2026-07-30T13:40:32Z,"Bell Partners will rename the 195-unit apartment community at 401 Cypress Ave. in South San Francisco, Calif., to Bell South City II. (Image courtesy of Sares Regis; photo credit: Steven Magner) Acquisitions California Multifamily Western Sares Regis Sells 195-Unit Celeste Apartments in South San Francisco by Amy Works July 30, 2026 July 30, 2026 6 SAN FRANCISCO — Sares Regis Group of Northern California, along with an institutional equity partner, has sold the 195-unit Celeste Apartments in Sou",valid,title/source/url metadata are internally consistent,Development Activity,GP / Capital Activity,new_or_fresh,,,,,2026-07-30,2026-07-31,1,fresh_0_3d,fresh,published date parsed; article age 1 day(s),100,open,Acquisition - San Francisco / California - Sares Regis Sells 195-Unit Celeste Apartments in South San Francisco,Acquisition - San Francisco / California - Sares Regis Sells 195-Unit Celeste Apartments in South San Francisco,California,General submarket monitoring,California,Los Angeles,California,Apartment,Apartment,Berkadia,Berkadia,Berkadia,Unknown,Unknown,Unknown,No explicit timing reference,,,,Acquisition,General Asset Signal,Existing asset sale,Unknown,excluded,transaction / capital guard: sells,91,26,Relevant to underwriting benchmark,Monitor asset-level signal for repeated confirmation,Sares Regis Sells 195-Unit Celeste Apartments in South San Francisco,REBusiness Online,https://rebusinessonline.com/sares-regis-sells-195-unit-celeste-apartments-in-south-san-francisco/,Medium
2026-07-31,20260731-000252-c95dc796,PRJ-20260731-0069,JLL Secures LP Equity & $47M Construction Loan for Redevelopment of Former Rockledge Airport into 201-Unit Build-to-Rent Community,100,AST-20260731-032,art_752097260fe40f29,JLL Secures LP Equity & $47M Construction Loan for Redevelopment of Former Rockledge Airport into 201-Unit Build-to-Rent Community,https://yieldpro.com/2026/07/stellar-townhomes-at-space-coast/,"Thu, 30 Jul 2026 15:54:58 +0000","Deal boom News Facebook Twitter Linkedin JLL Capital Markets announced that it has arranged LP equity and a $47 million construction loan for Stellar Townhomes at Space Coast , a 201-unit build-to-rent community in Rockledge, Florida (Brevard County), built on the site of the former Rockledge Airport. JLL represented Stellar Communities in arranging the joint venture partnership with Lenox West Capital, and construction debt through a syndicate of two regional banks. The property is located in R",suspicious_mismatch,title/source/url metadata are internally consistent; title and original_url slug appear to reference different articles,Development Activity,GP / Capital Activity,new_or_fresh,,,,,2026-07-30,2026-07-31,1,fresh_0_3d,fresh,published date parsed; article age 1 day(s),100,open,BTR / Build-to-Rent - Florida - JLL Secures LP Equity & $47M Construction Loan for Redevelopment of Former Rockledge Airpo...,BTR / Build-to-Rent - Florida - JLL Secures LP Equity & $47M Construction Loan for Redevelopment of Former Rockledge Airpo...,Florida,General submarket monitoring,Florida,Florida,Florida,BTR / Single-Family Rental,BTR / Single-Family Rental,JLL,JLL,JLL,Unknown,Unknown,Unknown,No explicit timing reference,,$47M; $47 million; $47m,,BTR / Build-to-Rent,Refinancing / Recapitalization,Unknown site control,Unknown,excluded,transaction / capital guard: loan,89,50,Relevant to acquisition / JV sourcing,"Review acquisition, financing, ownership, and comparable transaction details",JLL Secures LP Equity & $47M Construction Loan for Redevelopment of Former Rockledge Airport into 201-Unit Build-to-Rent Community,Yield PRO,https://yieldpro.com/2026/07/stellar-townhomes-at-space-coast/,Medium
2026-07-31,20260731-000252-c95dc796,PRJ-20260731-0136,Disposition / Exit - Other / Unknown - JLL Arranges the Sale of Twelve 501 Apartments in South Central Twin Cities Suburb,100,AST-20260731-043,art_16eca4d1030b9520,JLL Arranges the Sale of Twelve 501 Apartments in South Central Twin Cities Suburb,https://yieldpro.com/2026/07/twelve-501-apartments/,"Thu, 30 Jul 2026 15:48:11 +0000","Deal boom News Facebook Twitter Linkedin JLL Capital Markets announced it has closed the sale of Twelve 501 Apartments , a 336-unit multifamily community in Burnsville, Minnesota. JLL represented the seller, FPA Multifamily and secured the buyer, Osso Capital, marking their first ever investment in Minnesota. Twelve 501 Apartments is located in Burnsville’s Heart of the City district, the city’s vibrant downtown corridor featuring urban-style amenities and retail. With adjacent access to I-35W a",valid,title/source/url metadata are internally consistent,Development Activity,GP / Capital Activity,new_or_fresh,,,,,2026-07-30,2026-07-31,1,fresh_0_3d,fresh,published date parsed; article age 1 day(s),100,open,Disposition / Exit - Other / Unknown - JLL Arranges the Sale of Twelve 501 Apartments in South Central Twin Cities Suburb,Disposition / Exit - Other / Unknown - JLL Arranges the Sale of Twelve 501 Apartments in South Central Twin Cities Suburb,Unknown,General submarket monitoring,Unknown,Other / Unknown,Unknown,Apartment,Apartment,JLL,JLL,JLL,Unknown,Unknown,Unknown,No explicit timing reference,501 Apartments,,,Disposition / Exit,General Asset Signal,Existing asset sale,Unknown,excluded,transaction / capital guard: disposition,89,50,Relevant to underwriting benchmark,Monitor asset-level signal for repeated confirmation,JLL Arranges the Sale of Twelve 501 Apartments in South Central Twin Cities Suburb,Yield PRO,https://yieldpro.com/2026/07/twelve-501-apartments/,High
2026-07-31,20260731-000252-c95dc796,PRJ-20260731-0176,Refinancing - Tampa / Florida - JLL Arranges $55.7M Loan for Portion of Midtown East Office Tower in Tampa,100,AST-20260731-024,art_a3d7c77d8a36975c,JLL Arranges $55.7M Loan for Portion of Midtown East Office Tower in Tampa,https://rebusinessonline.com/jll-arranges-55-7m-loan-for-portion-of-midtown-east-office-tower-in-tampa/,2026-07-30T13:22:12Z,"Tampa Electric Company, a subsidiary of TECO Energy, owns 11 floors of Midtown East that were not included in the refinancing. Florida Loans Office Southeast JLL Arranges $55.7M Loan for Portion of Midtown East Office Tower in Tampa by John Nelson July 30, 2026 July 30, 2026 2 TAMPA, FLA. — JLL has arranged a $55.7 million loan for 143,354 square feet of office and retail space within Midtown East, an 18-story office tower in Tampa. The property was delivered in April 2025 and represents the thi",valid,title/source/url metadata are internally consistent,Development Activity,GP / Capital Activity,new_or_fresh,,,,,2026-07-30,2026-07-31,1,fresh_0_3d,fresh,published date parsed; article age 1 day(s),100,open,Refinancing - Tampa / Florida - JLL Arranges $55.7M Loan for Portion of Midtown East Office Tower in Tampa,Refinancing - Tampa / Florida - JLL Arranges $55.7M Loan for Portion of Midtown East Office Tower in Tampa,Tampa,General submarket monitoring,Tampa,Tampa / Florida,Unknown,Mixed-Use Residential,Apartment,JLL,JLL,JLL,Unknown,Unknown,Unknown,No explicit timing reference,700 apartments,$55.7M; $55.7M; $55.7 million,,Refinancing,Refinancing / Recapitalization,Existing asset refinance,Unknown,excluded,transaction / capital guard: refinancing,89,50,Relevant to acquisition / JV sourcing,"Review acquisition, financing, ownership, and comparable transaction details",JLL Arranges $55.7M Loan for Portion of Midtown East Office Tower in Tampa,REBusiness Online,https://rebusinessonline.com/jll-arranges-55-7m-loan-for-portion-of-midtown-east-office-tower-in-tampa/,High
2026-07-31,20260731-000252-c95dc796,PRJ-20260731-0056,Refinancing - Baton Rouge / Louisiana - $42.75M Refinancing Secured for 301-Unit Luxury Community in Louisiana’s Capital City,100,AST-20260731-028,art_52d2f6b0f10cdfe2,$42.75M Refinancing Secured for 301-Unit Luxury Community in Louisiana’s Capital City,https://yieldpro.com/2026/07/bend-on-bluebonnet/,"Thu, 30 Jul 2026 16:32:05 +0000","Deal boom News Facebook Twitter Linkedin JLL Capital Markets announced that it has facilitated a $42.75 million refinancing for Bend on Bluebonnet , a 301-unit luxury multifamily community in Baton Rouge, Louisiana. JLL represented the borrowers, TWG Development and Mandrake Capital Partners, in arranging the three-year, floating-rate loan through Balbec Capital LP. “Our partnership with Mandrake Capital Partners has been instrumental in bringing Bend on Bluebonnet to life,” said Joel Henney of ",suspicious_mismatch,title/source/url metadata are internally consistent; title and original_url slug appear to reference different articles,Development Activity,GP / Capital Activity,new_or_fresh,,,,,2026-07-30,2026-07-31,1,fresh_0_3d,fresh,published date parsed; article age 1 day(s),100,open,Refinancing - Baton Rouge / Louisiana - $42.75M Refinancing Secured for 301-Unit Luxury Community in Louisiana’s Capital City,Refinancing - Baton Rouge / Louisiana - $42.75M Refinancing Secured for 301-Unit Luxury Community in Louisiana’s Capital City,Baton Rouge,General submarket monitoring,Baton Rouge,Baton Rouge / Louisiana,Unknown,Multifamily,Multifamily,JLL,JLL,JLL,Unknown,Unknown,Unknown,No explicit timing reference,,$42.75M; $42.75 million; $42.75m,,Refinancing,Refinancing / Recapitalization,Existing asset refinance,Unknown,excluded,transaction / capital guard: refinancing,89,49,Relevant to acquisition / JV sourcing,"Review acquisition, financing, ownership, and comparable transaction details",$42.75M Refinancing Secured for 301-Unit Luxury Community in Louisiana’s Capital City,Yield PRO,https://yieldpro.com/2026/07/bend-on-bluebonnet/,Medium
2026-07-31,20260731-000252-c95dc796,PRJ-20260731-0146,Refinancing - Phoenix / Arizona - Joint Venture Inks $81M Acquisition Loan for Denver-Area Apartments,100,AST-20260731-029,art_311fcf6b66f19981,Joint Venture Inks $81M Acquisition Loan for Denver-Area Apartments,https://www.connectcre.com/stories/peakview/,"Thu, 30 Jul 2026 15:30:16 +0000","Phoenix & Southwest CRE News In Your Inbox. Sign up for Connect emails to stay informed with CRE stories that are 150 words or less. Phoenix & Southwest + Denver + Apartments | July 30, 2026 By: Mike Boyd Joint Venture Inks $81M Acquisition Loan for Denver-Area Apartments The Dinerstein Cos. and PGIM closed on an $81 million refinancing loan for Atlas Peakview, a 330-unit multifamily community in Centennial. Mesa West Capital funded the loan in a deal arranged by Walker & Dunlop. Multihousing Ne",valid,title/source/url metadata are internally consistent,Development Activity,GP / Capital Activity; Market Intelligence,new_or_fresh,,,,,2026-07-30,2026-07-31,1,fresh_0_3d,fresh,published date parsed; article age 1 day(s),100,open,Refinancing - Phoenix / Arizona - Joint Venture Inks $81M Acquisition Loan for Denver-Area Apartments,Refinancing - Phoenix / Arizona - Joint Venture Inks $81M Acquisition Loan for Denver-Area Apartments,Phoenix,General submarket monitoring,Phoenix,Phoenix / Arizona,Unknown,Apartment,Apartment,Walker & Dunlop,Walker & Dunlop,walker & dunlop,Unknown,Unknown,Unknown,No explicit timing reference,,$81M; $81M; $81 million,,Refinancing,Refinancing / Recapitalization,Existing asset refinance,Unknown,excluded,transaction / capital guard: acquisition,88,49,Relevant to acquisition / JV sourcing,"Review acquisition, financing, ownership, and comparable transaction details",Joint Venture Inks $81M Acquisition Loan for Denver-Area Apartments,Connect CRE Apartments,https://www.connectcre.com/stories/peakview/,Medium
2026-07-31,20260731-000252-c95dc796,PRJ-20260731-0029,"General Project Signal - Other / Unknown - Construction Underway For 6501 Shattuck Avenue, North Oakland",80,AST-20260731-083,art_21b5065733d44235,"Construction Underway For 6501 Shattuck Avenue, North Oakland",https://sfyimby.com/2026/07/construction-underway-for-6501-shattuck-avenue-north-oakland.html,"Thu, 30 Jul 2026 12:30:09 +0000","6501 Shattuck Avenue, rendering by Dinar and Associates By: Andrew Nelson 5:30 am on July 30, 2026 Crews are making progress on a four-story mixed-use complex at 6501 Shattuck Avenue in Bushrod , North Oakland . Concrete is passing the first floor as construction is moving ahead for 18 apartments above a large ground-floor retail space. Magganas Properties is responsible for the development, filing through Bruder LLC. 6501 Shattuck Avenue, image courtesy YIMBY reader 6501 Shattuck Avenue, illust",valid,title/source/url metadata are internally consistent,Development Activity,,new_or_fresh,,,,,2026-07-30,2026-07-31,1,fresh_0_3d,fresh,published date parsed; article age 1 day(s),88,access_limited,"General Project Signal - Other / Unknown - Construction Underway For 6501 Shattuck Avenue, North Oakland","General Project Signal - Other / Unknown - Construction Underway For 6501 Shattuck Avenue, North Oakland",6501 Shattuck Avenue,General submarket monitoring,Unknown,Los Angeles,Unknown,Mixed-Use Residential,Mixed-Use Residential,Unknown,Unknown,Unknown,Unknown,Unknown,Unknown,No explicit timing reference,18 apartments,,,General Project Signal,General Asset Signal,Land / parcel referenced,Site Search / Early Signal,construction_delivery_watch,matched development / asset strategy execution,88,23,Relevant to underwriting benchmark,Monitor asset-level signal for repeated confirmation,"Construction Underway For 6501 Shattuck Avenue, North Oakland",SF YIMBY,https://sfyimby.com/2026/07/construction-underway-for-6501-shattuck-avenue-north-oakland.html,High
2026-07-31,20260731-000252-c95dc796,PRJ-20260731-0123,"Acquisition - Other / Unknown - Hudson Investing Secures $52M Acquisition Debt, Equity for Indianapolis Asset",100,AST-20260731-035,art_28f6ab6b419075f8,"Hudson Investing Secures $52M Acquisition Debt, Equity for Indianapolis Asset",https://commercialobserver.com/2026/07/torchlight-investment-52m-maple-knoll-apartments-ndianapolis/,"Thu, 30 Jul 2026 16:17:27 +0000","Residential · Multifamily Indiana Finance · Acquisition Hudson Investing Secures $52M Acquisition Debt, Equity for Indianapolis Asset Hudson Investing is buying a garden-style apartment complex formerly owned by Blackstone and GE Capital By Brian Pascus July 30, 2026 12:17 pm reprints Northmarq's Annamarie Bjorklund (top) and Cody Field, and Maple Knoll at 500 Bigleaf Maple Way, Westfield, Ind. PHOTOS: Courtesy Northmarq; Courtesy Hudson Investing Hudson Investing has secured $52.1 million in ac",suspicious_mismatch,title/source/url metadata are internally consistent; title and original_url slug appear to reference different articles,Development Activity,GP / Capital Activity,new_or_fresh,,,,,2026-07-30,2026-07-31,1,fresh_0_3d,fresh,published date parsed; article age 1 day(s),100,open,"Acquisition - Other / Unknown - Hudson Investing Secures $52M Acquisition Debt, Equity for Indianapolis Asset","Acquisition - Other / Unknown - Hudson Investing Secures $52M Acquisition Debt, Equity for Indianapolis Asset",Unknown,General submarket monitoring,Unknown,Other / Unknown,Unknown,Apartment,Apartment,Blackstone,Blackstone,Freddie Mac,Unknown,Unknown,Unknown,No explicit timing reference,,$52M; $52M; $52.1 million,,Acquisition,General Asset Signal,Existing asset sale,Unknown,excluded,transaction / capital guard: acquisition,87,26,Relevant to underwriting benchmark,Monitor asset-level signal for repeated confirmation,"Hudson Investing Secures $52M Acquisition Debt, Equity for Indianapolis Asset",Commercial Observer,https://commercialobserver.com/2026/07/torchlight-investment-52m-maple-knoll-apartments-ndianapolis/,Medium
2026-07-31,20260731-000252-c95dc796,PRJ-20260731-0037,CBRE Completes Receivership Sale of Santa Monica Apartments,100,AST-20260731-002,art_7581087558bfcaf5,CBRE Completes Receivership Sale of Santa Monica Apartments,https://www.connectcre.com/stories/cbre-completes-receivership-sale-of-santa-monica-apartments/,"Thu, 30 Jul 2026 21:47:37 +0000","California CRE News In Your Inbox. Sign up for Connect emails to stay informed with CRE stories that are 150 words or less. California + Los Angeles | July 30, 2026 By: Paul Bubny CBRE Completes Receivership Sale of Santa Monica Apartments CBRE arranged the sale of 901 Ocean Ave., a 28‑unit coastal multifamily investment property located along Santa Monica’s Ocean Avenue corridor. The property sold for $23.46 million to a private local investor, with the buyer also assuming approximately $2.4 mi",valid,title/source/url metadata are internally consistent,Development Activity,GP / Capital Activity,new_or_fresh,True,address/street: 901 ocean ave; project/asset term: apartments,high,Project / Asset,2026-07-30,2026-07-31,1,fresh_0_3d,fresh,published date parsed; article age 1 day(s),100,open,CBRE Completes Receivership Sale of Santa Monica Apartments,CBRE Completes Receivership Sale of Santa Monica Apartments,901 Ocean Ave,General submarket monitoring,Santa Monica,Los Angeles,Los Angeles / California,Apartment,Apartment,CBRE,CBRE,Unknown,Unknown,Unknown,Unknown,2026,,,,Distressed / Stalled Asset,Distressed / Stalled Asset,Existing asset sale,Unknown,excluded,transaction / capital guard: sale,87,26,Relevant to underwriting benchmark,"Monitor sponsor stress, lender exposure, and restart path",CBRE Completes Receivership Sale of Santa Monica Apartments,Connect CRE,https://www.connectcre.com/stories/cbre-completes-receivership-sale-of-santa-monica-apartments/,High
2026-07-31,20260731-000252-c95dc796,PRJ-20260731-0031,Entitlement / Permitting - Other / Unknown - Updated Permits Approved for 690 Concar Drive in San Mateo,100,AST-20260731-051,art_cbc4274e10148c25,Updated Permits Approved for 690 Concar Drive in San Mateo,https://sfyimby.com/2026/07/updated-permits-approved-for-690-concar-drive-in-san-mateo.html,"Thu, 30 Jul 2026 11:30:43 +0000","690 Concar Drive Apartments and Townhomes, image by KTGY By: Gabriel Clark-Clough 4:30 am on July 30, 2026 Updated zoning permits will allow progress on a proposed development at 640-690 Concar Drive in San Mateo . The permits approve the redevelopment of a largely vacant shopping center into new townhomes and apartments. This project was first reported on by SF YIMBY as 678 Concar Drive in March of 2025, but has since undergone several modifications. Brookfield Residential and The Pacific Compa",valid,title/source/url metadata are internally consistent,Development Activity,,new_or_fresh,,,,,2026-07-30,2026-07-31,1,fresh_0_3d,fresh,published date parsed; article age 1 day(s),88,access_limited,Entitlement / Permitting - Other / Unknown - Updated Permits Approved for 690 Concar Drive in San Mateo,Entitlement / Permitting - Other / Unknown - Updated Permits Approved for 690 Concar Drive in San Mateo,690 Concar Drive,General submarket monitoring,Unknown,Other / Unknown,Unknown,Apartment,Apartment,Brookfield,Brookfield,Unknown,Unknown,Unknown,Unknown,No explicit timing reference,,,,Entitlement / Permitting,Entitlement Play,Project under entitlement,Unknown,approval_watch,matched permit,87,26,Relevant to entitlement monitoring,"Track entitlement, permit, density bonus, and construction-readiness milestones",Updated Permits Approved for 690 Concar Drive in San Mateo,SF YIMBY,https://sfyimby.com/2026/07/updated-permits-approved-for-690-concar-drive-in-san-mateo.html,High
2026-07-31,20260731-000252-c95dc796,PRJ-20260731-0021,"Hudson Investing Secures $52M Acquisition Debt, Equity for Indianapolis Asset",100,AST-20260731-001,art_28f6ab6b419075f8,"Hudson Investing Secures $52M Acquisition Debt, Equity for Indianapolis Asset",https://commercialobserver.com/2026/07/torchlight-investment-52m-maple-knoll-apartments-ndianapolis/,"Thu, 30 Jul 2026 16:17:27 +0000","Residential · Multifamily Indiana Finance · Acquisition Hudson Investing Secures $52M Acquisition Debt, Equity for Indianapolis Asset Hudson Investing is buying a garden-style apartment complex formerly owned by Blackstone and GE Capital By Brian Pascus July 30, 2026 12:17 pm reprints Northmarq's Annamarie Bjorklund (top) and Cody Field, and Maple Knoll at 500 Bigleaf Maple Way, Westfield, Ind. PHOTOS: Courtesy Northmarq; Courtesy Hudson Investing Hudson Investing has secured $52.1 million in ac",suspicious_mismatch,title/source/url metadata are internally consistent; title and original_url slug appear to reference different articles,Development Activity,GP / Capital Activity,new_or_fresh,True,address/street: 500 bigleaf maple way; project/asset term: apartments,high,Project / Asset,2026-07-30,2026-07-31,1,fresh_0_3d,fresh,published date parsed; article age 1 day(s),100,open,"Hudson Investing Secures $52M Acquisition Debt, Equity for Indianapolis Asset","Hudson Investing Secures $52M Acquisition Debt, Equity for Indianapolis Asset",500 Bigleaf Maple Way,General submarket monitoring,Unknown,Los Angeles,Other / Unknown,Apartment,Apartment,Blackstone,Blackstone,Unknown,Unknown,Unknown,Unknown,2026,,,,General Asset Signal,General Asset Signal,Unknown site control,Unknown,excluded,transaction / capital guard: acquisition,86,26,Relevant to underwriting benchmark,Monitor asset-level signal for repeated confirmation,"Hudson Investing Secures $52M Acquisition Debt, Equity for Indianapolis Asset",Commercial Observer,https://commercialobserver.com/2026/07/torchlight-investment-52m-maple-knoll-apartments-ndianapolis/,High
2026-07-31,20260731-000252-c95dc796,PRJ-20260731-0016,Sares Regis Sells 195-Unit Celeste Apartments in South San Francisco,100,AST-20260731-009,art_6b9acb523935086a,Sares Regis Sells 195-Unit Celeste Apartments in South San Francisco,https://rebusinessonline.com/sares-regis-sells-195-unit-celeste-apartments-in-south-san-francisco/,2026-07-30T13:40:32Z,"Bell Partners will rename the 195-unit apartment community at 401 Cypress Ave. in South San Francisco, Calif., to Bell South City II. (Image courtesy of Sares Regis; photo credit: Steven Magner) Acquisitions California Multifamily Western Sares Regis Sells 195-Unit Celeste Apartments in South San Francisco by Amy Works July 30, 2026 July 30, 2026 6 SAN FRANCISCO — Sares Regis Group of Northern California, along with an institutional equity partner, has sold the 195-unit Celeste Apartments in Sou",valid,title/source/url metadata are internally consistent,Development Activity,GP / Capital Activity,new_or_fresh,True,unit/site count: 195-unit; address/street: 401 cypress ave; project/asset term: community,high,Project / Asset,2026-07-30,2026-07-31,1,fresh_0_3d,fresh,published date parsed; article age 1 day(s),100,open,Sares Regis Sells 195-Unit Celeste Apartments in South San Francisco,Sares Regis Sells 195-Unit Celeste Apartments in South San Francisco,401 Cypress Ave,General submarket monitoring,Unknown,Los Angeles,San Francisco / California,Apartment,Apartment,Berkadia,Berkadia,Unknown,Unknown,Unknown,Unknown,2026,,,,General Asset Signal,General Asset Signal,Unknown site control,Unknown,excluded,transaction / capital guard: sells,86,26,Relevant to underwriting benchmark,Monitor asset-level signal for repeated confirmation,Sares Regis Sells 195-Unit Celeste Apartments in South San Francisco,REBusiness Online,https://rebusinessonline.com/sares-regis-sells-195-unit-celeste-apartments-in-south-san-francisco/,High
2026-07-31,20260731-000252-c95dc796,PRJ-20260731-0007,102 apartments break ground at 1717 S. Beloit Ave. in Sawtelle,80,AST-20260731-004,art_61d69ef4ae7947b3,102 apartments break ground at 1717 S. Beloit Ave. in Sawtelle,https://la.urbanize.city/post/102-apartments-break-ground-1717-s-beloit-ave-sawtelle,"Thu, 30 Jul 2026 13:10:00 +0000","102 apartments break ground at 1717 S. Beloit Ave. in Sawtelle | Urbanize LA Skip to main content Advertisement Advertisement Just west of the I-405 Freeway in Sawtelle , construction has commenced for a new multifamily residential development. The project, approved last year by the City Planning Commission , is rising from a site just south of Santa Monica Boulevard at 1717 S. Beloit Avenue . EJKS, LLC, an entity managed by Elliot Nayssan, is redeveloping the site with a new seven-story buildin",valid,title/source/url metadata are internally consistent,Development Activity,,new_or_fresh,True,unit/site count: 102 apartments; address/street: 1717 s. beloit ave; site/parcel signal: site; project/asset term: project,high,Approval / Entitlement,2026-07-30,2026-07-31,1,fresh_0_3d,fresh,published date parsed; article age 1 day(s),88,access_limited,102 apartments break ground at 1717 S. Beloit Ave. in Sawtelle,102 apartments break ground at 1717 S. Beloit Ave. in Sawtelle,1717 S. Beloit Ave,General submarket monitoring,Los Angeles,Los Angeles,Santa Monica / California,Affordable Housing,Affordable Housing,,,Unknown,Under planning review,Unknown,Unknown,No explicit timing reference,,,,Entitlement Play,Entitlement Play,Land / parcel referenced,Entitlement / Planning,approval_watch,matched planning commission,85,26,Relevant to entitlement monitoring,"Track entitlement, permit, density bonus, and construction-readiness milestones",102 apartments break ground at 1717 S. Beloit Ave. in Sawtelle,Urbanize LA,https://la.urbanize.city/post/102-apartments-break-ground-1717-s-beloit-ave-sawtelle,Medium
2026-07-31,20260731-000252-c95dc796,PRJ-20260731-0138,Disposition / Exit - Other / Unknown - Marcus & Millichap Announces $15M Sale of 84-Unit Multifamily Property in Schofield Wiscon...,100,AST-20260731-054,art_51fef87433b81692,Marcus & Millichap Arranges Sale of Multifamily Portfolio in Illinois,https://www.connectcre.com/stories/marcus-millichap-arranges-sale-of-multifamily-portfolio-in-illinois/,"Thu, 30 Jul 2026 20:55:59 +0000","Chicago & Midwest CRE News In Your Inbox. Sign up for Connect emails to stay informed with CRE stories that are 150 words or less. Chicago & Midwest + Illinois + Apartments | July 30, 2026 By: Jasmine Kilman Marcus & Millichap Arranges Sale of Multifamily Portfolio in Illinois Marcus & Millichap announced the sale of a 134-unit multifamily portfolio in Berwyn and Maywood, Illinois. “This transaction highlights the continued demand for multifamily assets in western Cook County, where investors re",valid,title/source/url metadata are internally consistent,Development Activity,GP / Capital Activity,new_or_fresh,,,,,2026-07-30,2026-07-31,1,fresh_0_3d,fresh,published date parsed; article age 1 day(s),100,open,Disposition / Exit - Other / Unknown - Marcus & Millichap Arranges Sale of Multifamily Portfolio in Illinois,Disposition / Exit - Other / Unknown - Marcus & Millichap Arranges Sale of Multifamily Portfolio in Illinois,Unknown,General submarket monitoring,Unknown,Other / Unknown,Unknown,Apartment,Apartment,Marcus & Millichap,Marcus & Millichap,Unknown,Unknown,Unknown,Unknown,No explicit timing reference,134 units,,,Disposition / Exit,General Asset Signal,Existing asset sale,Unknown,excluded,transaction / capital guard: disposition,85,26,Relevant to underwriting benchmark,Monitor asset-level signal for repeated confirmation,Marcus & Millichap Arranges Sale of Multifamily Portfolio in Illinois,Connect CRE,https://www.connectcre.com/stories/marcus-millichap-arranges-sale-of-multifamily-portfolio-in-illinois/,High
2026-07-31,20260731-000252-c95dc796,PRJ-20260731-0032,Updated Permits Approved for 690 Concar Drive in San Mateo,80,AST-20260731-008,art_cbc4274e10148c25,Updated Permits Approved for 690 Concar Drive in San Mateo,https://sfyimby.com/2026/07/updated-permits-approved-for-690-concar-drive-in-san-mateo.html,"Thu, 30 Jul 2026 11:30:43 +0000","690 Concar Drive Apartments and Townhomes, image by KTGY By: Gabriel Clark-Clough 4:30 am on July 30, 2026 Updated zoning permits will allow progress on a proposed development at 640-690 Concar Drive in San Mateo . The permits approve the redevelopment of a largely vacant shopping center into new townhomes and apartments. This project was first reported on by SF YIMBY as 678 Concar Drive in March of 2025, but has since undergone several modifications. Brookfield Residential and The Pacific Compa",valid,title/source/url metadata are internally consistent,Development Activity,,new_or_fresh,True,address/street: 690 concar drive; execution milestone: proposed; project/asset term: project,high,Approval / Entitlement,2026-07-30,2026-07-31,1,fresh_0_3d,fresh,published date parsed; article age 1 day(s),88,access_limited,Updated Permits Approved for 690 Concar Drive in San Mateo,Updated Permits Approved for 690 Concar Drive in San Mateo,690 Concar Drive,General submarket monitoring,Unknown,Los Angeles,Other / Unknown,Apartment,Apartment,,,Unknown,Zoning / rezoning signal,Unknown,Unknown,2026,,,,Entitlement Play,Entitlement Play,Unknown site control,Entitlement / Planning,approval_watch,matched permit,85,26,Relevant to entitlement monitoring,"Track entitlement, permit, density bonus, and construction-readiness milestones",Updated Permits Approved for 690 Concar Drive in San Mateo,SF YIMBY,https://sfyimby.com/2026/07/updated-permits-approved-for-690-concar-drive-in-san-mateo.html,Medium
2026-07-31,20260731-000252-c95dc796,PRJ-20260731-0035,Developer pivots to affordable housing at 7715 Crenshaw Blvd. in Hyde Park,80,AST-20260731-005,art_526ccb2e144d80e2,Developer pivots to affordable housing at 7715 Crenshaw Blvd. in Hyde Park,https://la.urbanize.city/post/developer-pivots-affordable-housing-7715-crenshaw-blvd-hyde-park,"Wed, 29 Jul 2026 13:15:00 +0000","Developer pivots to affordable housing at 7715 Crenshaw Blvd. in Hyde Park | Urbanize LA Skip to main content Advertisement Advertisement The owner of a large, vacant lot in Hyde Park is changing up plans to develop the property with housing. Last year, Los Angeles-based Eleos filed an application with the City of Los Angeles seeking approvals to build a a six-story building featuring 162 apartments (and one accessory dwelling unit) with on-site parking for 110 vehicles at 7715 S. Crenshaw Boule",valid,title/source/url metadata are internally consistent,Development Activity,,acceptable_repeat,True,unit/site count: 162 apartments; address/street: 7715 crenshaw blvd; execution milestone: to build; site/parcel signal: site; project/asset term: development,high,Approval / Entitlement,2026-07-29,2026-07-31,2,fresh_0_3d,fresh,published date parsed; article age 2 day(s),66,access_limited,Developer pivots to affordable housing at 7715 Crenshaw Blvd. in Hyde Park,Developer pivots to affordable housing at 7715 Crenshaw Blvd. in Hyde Park,7715 Crenshaw Blvd,General submarket monitoring,Los Angeles,Los Angeles,Los Angeles / California,Affordable Housing,Affordable Housing,,,Unknown,Unknown,Unknown,Unknown,No explicit timing reference,,,,Affordable / Density Bonus Strategy,Affordable / Density Bonus Strategy,Site acquired,Site Controlled,site_parcel_activity,site/parcel signal with project anchor: to build,85,18,Relevant to entitlement monitoring,"Track entitlement, permit, density bonus, and construction-readiness milestones",Developer pivots to affordable housing at 7715 Crenshaw Blvd. in Hyde Park,Urbanize LA,https://la.urbanize.city/post/developer-pivots-affordable-housing-7715-crenshaw-blvd-hyde-park,Medium
2026-07-31,20260731-000252-c95dc796,PRJ-20260731-0171,Construction Financing - Miami / Florida - Affiliated Closes Financing on Mixed-Income Fort Lauderdale Apartment Project,80,AST-20260731-039,art_dacd3d3138d1e785,Affiliated Closes Financing on Mixed-Income Fort Lauderdale Apartment Project,https://www.connectcre.com/stories/affiliated-closes-financing-on-mixed-income-fort-lauderdale-apartment-venture/,"Mon, 27 Jul 2026 22:52:48 +0000","Florida & Gulf Coast CRE News In Your Inbox. Sign up for Connect emails to stay informed with CRE stories that are 150 words or less. Florida & Gulf Coast + South Florida + Apartments | July 27, 2026 By: Mike Boyd Affiliated Closes Financing on Mixed-Income Fort Lauderdale Apartment Project Affiliated Development has closed on a $74 million construction loan with Pacific Life Insurance Company for The Cove, a mixed-use, mixed-income multifamily development on the northwest corner of Sunrise Boul",valid,title/source/url metadata are internally consistent,Development Activity,GP / Capital Activity,acceptable_repeat,,,,,2026-07-27,2026-07-31,4,fresh_0_3d,fresh,published date parsed; article age 4 day(s),70,open,Construction Financing - Miami / Florida - Affiliated Closes Financing on Mixed-Income Fort Lauderdale Apartment Project,Construction Financing - Miami / Florida - Affiliated Closes Financing on Mixed-Income Fort Lauderdale Apartment Project,South Florida,General submarket monitoring,South Florida,Los Angeles,Unknown,Affordable Housing,Mixed-Use Residential,Unknown,Unknown,Unknown,Unknown,Unknown,Unknown,No explicit timing reference,374 units,$74 million; $74 million,,Construction Financing,General Asset Signal,Unknown site control,Unknown,excluded,transaction / capital guard: financing,84,55,Relevant to underwriting benchmark,Monitor asset-level signal for repeated confirmation,Affiliated Closes Financing on Mixed-Income Fort Lauderdale Apartment Project,Connect CRE South Florida,https://www.connectcre.com/stories/affiliated-closes-financing-on-mixed-income-fort-lauderdale-apartment-venture/,Medium
2026-07-31,20260731-000252-c95dc796,PRJ-20260731-0050,Construction Financing - Atlanta / Georgia - Developer Duo Obtains Construction Financing for $147M Atlanta Student Housing Project,80,AST-20260731-052,art_059624062bab0f2c,Development Team Inks $93M Financing for 200-Unit Raleigh Affordable Housing Venture,https://www.connectcre.com/stories/development-team-inks-93m-financing-for-200-unit-raleigh-affordable-housing-venture/,"Thu, 30 Jul 2026 14:24:30 +0000","Atlanta & Southeast News In Your Inbox Sign up for Connect emails to stay informed with CRE stories that are 150 words or less. Atlanta & Southeast + Carolinas + Apartments | July 30, 2026 By: Mike Boyd Development Team Inks $93M Financing for 200-Unit Raleigh Affordable Housing Venture A public-private partnership led by Harmony Housing Affordable Development Inc. (HHAD), Gilbane Development, and F7 International Development, comprising Raleigh Community Partners, has capitalized Chapanoke, a $",valid,title/source/url metadata are internally consistent,Development Activity,GP / Capital Activity,new_or_fresh,,,,,2026-07-30,2026-07-31,1,fresh_0_3d,fresh,published date parsed; article age 1 day(s),100,open,JV / Partnership - Atlanta / Georgia - Development Team Inks $93M Financing for 200-Unit Raleigh Affordable Housing Venture,JV / Partnership - Atlanta / Georgia - Development Team Inks $93M Financing for 200-Unit Raleigh Affordable Housing Venture,Atlanta,General submarket monitoring,Atlanta,Los Angeles,Unknown,Affordable Housing,Affordable Housing,Unknown,Unknown,Unknown,Unknown,Unknown,Unknown,No explicit timing reference,,$93M; $93M; $93m,,JV / Partnership,Affordable / Density Bonus Strategy,Unknown site control,Unknown,excluded,transaction / capital guard: financing,84,34,Relevant to entitlement monitoring,"Track entitlement, permit, density bonus, and construction-readiness milestones",Development Team Inks $93M Financing for 200-Unit Raleigh Affordable Housing Venture,Connect CRE Apartments,https://www.connectcre.com/stories/development-team-inks-93m-financing-for-200-unit-raleigh-affordable-housing-venture/,Low
2026-07-31,20260731-000252-c95dc796,PRJ-20260731-0117,Acquisition - New York City / New York - Marcus & Millichap Brokers $7.5M Sale of Multifamily Property in Midtown Manhattan,100,AST-20260731-036,art_a4df298fada64f39,Marcus & Millichap Brokers $7.5M Sale of Multifamily Property in Midtown Manhattan,https://rebusinessonline.com/marcus-millichap-brokers-7-5m-sale-of-multifamily-property-in-midtown-manhattan/,2026-07-30T13:49:43Z,"Acquisitions Multifamily New York Northeast Marcus & Millichap Brokers $7.5M Sale of Multifamily Property in Midtown Manhattan by Taylor Williams July 30, 2026 July 30, 2026 5 NEW YORK CITY — Marcus & Millichap has brokered the $7.5 million sale of a multifamily property in the Times Square submarket of Midtown Manhattan. The two-building, 12,675-square-foot property at 140-142 W. 46th St. houses six market-rate apartments, five rent-stabilized apartments and a 5,200-square-foot vacant restauran",valid,title/source/url metadata are internally consistent,Development Activity,GP / Capital Activity; Market Intelligence,new_or_fresh,,,,,2026-07-30,2026-07-31,1,fresh_0_3d,fresh,published date parsed; article age 1 day(s),100,open,Acquisition - New York City / New York - Marcus & Millichap Brokers $7.5M Sale of Multifamily Property in Midtown Manhattan,Acquisition - New York City / New York - Marcus & Millichap Brokers $7.5M Sale of Multifamily Property in Midtown Manhattan,New York City,General submarket monitoring,New York City,New York City / New York,Unknown,Apartment,Apartment,Marcus & Millichap,Marcus & Millichap,Unknown,Unknown,Unknown,Unknown,No explicit timing reference,,$7.5M; $7.5M; $7.5 million,,Acquisition,General Asset Signal,Existing asset sale,Unknown,excluded,transaction / capital guard: sale,84,25,Relevant to underwriting benchmark,Monitor asset-level signal for repeated confirmation,Marcus & Millichap Brokers $7.5M Sale of Multifamily Property in Midtown Manhattan,REBusiness Online,https://rebusinessonline.com/marcus-millichap-brokers-7-5m-sale-of-multifamily-property-in-midtown-manhattan/,Medium
2026-07-31,20260731-000252-c95dc796,PRJ-20260731-0138,Disposition / Exit - Other / Unknown - Marcus & Millichap Announces $15M Sale of 84-Unit Multifamily Property in Schofield Wiscon...,100,AST-20260731-041,art_968e0d89bbcb09f0,MMCC Arranges $16.5M in Construction Financing for Green Bay Multifamily Project,https://rebusinessonline.com/mmcc-arranges-16-5m-in-construction-financing-for-green-bay-multifamily-project/,2026-07-30T12:47:03Z,"Common Place Phase II will feature 91 units. Development Loans Midwest Multifamily Wisconsin MMCC Arranges $16.5M in Construction Financing for Green Bay Multifamily Project by Kristin Harlow July 30, 2026 July 30, 2026 2 GREEN BAY, WIS. — Marcus & Millichap Capital Corp. (MMCC) has arranged $16.5 million in construction financing for Common Place Phase II, a 91-unit multifamily property with a first-floor retail unit located within walking distance of Lambeau Stadium at 670 Mike McCarthy Way in",valid,title/source/url metadata are internally consistent,Development Activity,GP / Capital Activity,new_or_fresh,,,,,2026-07-30,2026-07-31,1,fresh_0_3d,fresh,published date parsed; article age 1 day(s),100,open,Construction Financing - Other / Unknown - MMCC Arranges $16.5M in Construction Financing for Green Bay Multifamily Project,Construction Financing - Other / Unknown - MMCC Arranges $16.5M in Construction Financing for Green Bay Multifamily Project,Unknown,General submarket monitoring,Unknown,Other / Unknown,Unknown,Multifamily,Multifamily,Marcus & Millichap,Marcus & Millichap,Unknown,Unknown,Unknown,Unknown,No explicit timing reference,91 units,$16.5M; $16.5M; $16.5 million,,Construction Financing,General Asset Signal,Unknown site control,Unknown,excluded,transaction / capital guard: financing,83,46,Relevant to underwriting benchmark,Monitor asset-level signal for repeated confirmation,MMCC Arranges $16.5M in Construction Financing for Green Bay Multifamily Project,REBusiness Online,https://rebusinessonline.com/mmcc-arranges-16-5m-in-construction-financing-for-green-bay-multifamily-project/,High
2026-07-31,20260731-000252-c95dc796,PRJ-20260731-0030,MMCC Arranges $16.5M in Construction Financing for Green Bay Multifamily Project,100,AST-20260731-014,art_968e0d89bbcb09f0,MMCC Arranges $16.5M in Construction Financing for Green Bay Multifamily Project,https://rebusinessonline.com/mmcc-arranges-16-5m-in-construction-financing-for-green-bay-multifamily-project/,2026-07-30T12:47:03Z,"Common Place Phase II will feature 91 units. Development Loans Midwest Multifamily Wisconsin MMCC Arranges $16.5M in Construction Financing for Green Bay Multifamily Project by Kristin Harlow July 30, 2026 July 30, 2026 2 GREEN BAY, WIS. — Marcus & Millichap Capital Corp. (MMCC) has arranged $16.5 million in construction financing for Common Place Phase II, a 91-unit multifamily property with a first-floor retail unit located within walking distance of Lambeau Stadium at 670 Mike McCarthy Way in",valid,title/source/url metadata are internally consistent,Development Activity,GP / Capital Activity,new_or_fresh,True,unit/site count: 91 units; address/street: 670 mike mccarthy way; project/asset term: project; project financing tied to anchor: construction financing,high,Project Financing / Capital Event,2026-07-30,2026-07-31,1,fresh_0_3d,fresh,published date parsed; article age 1 day(s),100,open,MMCC Arranges $16.5M in Construction Financing for Green Bay Multifamily Project,MMCC Arranges $16.5M in Construction Financing for Green Bay Multifamily Project,670 Mike McCarthy Way,General submarket monitoring,Unknown,Los Angeles,Other / Unknown,Multifamily,Multifamily,Marcus & Millichap,Marcus & Millichap,Unknown,Unknown,Unknown,Unknown,2026,,,,General Asset Signal,General Asset Signal,Unknown site control,Unknown,excluded,transaction / capital guard: loan,83,25,Relevant to underwriting benchmark,Monitor asset-level signal for repeated confirmation,MMCC Arranges $16.5M in Construction Financing for Green Bay Multifamily Project,REBusiness Online,https://rebusinessonline.com/mmcc-arranges-16-5m-in-construction-financing-for-green-bay-multifamily-project/,High
2026-07-31,20260731-000252-c95dc796,PRJ-20260731-0136,Disposition / Exit - Other / Unknown - JLL Arranges the Sale of Twelve 501 Apartments in South Central Twin Cities Suburb,100,AST-20260731-045,art_785654fa22ec974b,"JLL Brokers Sale of 81-Unit Apartment Community in Plymouth, Minnesota",https://rebusinessonline.com/jll-brokers-sale-of-81-unit-apartment-community-in-plymouth-minnesota/,2026-07-30T12:45:51Z,"Medicine Lake Apartments features 12 private boat slips. Acquisitions Midwest Minnesota Multifamily JLL Brokers Sale of 81-Unit Apartment Community in Plymouth, Minnesota by Kristin Harlow July 30, 2026 July 30, 2026 4 PLYMOUTH, MINN. — JLL Capital Markets has brokered the sale of Medicine Lake Apartments, an 81-unit community situated along Medicine Lake in Plymouth. Built in 1977, the four-story property features 12 private boat slips and floor plans averaging 948 square feet. Amenities includ",valid,title/source/url metadata are internally consistent,Development Activity,GP / Capital Activity,new_or_fresh,,,,,2026-07-30,2026-07-31,1,fresh_0_3d,fresh,published date parsed; article age 1 day(s),100,open,"Acquisition - Other / Unknown - JLL Brokers Sale of 81-Unit Apartment Community in Plymouth, Minnesota","Acquisition - Other / Unknown - JLL Brokers Sale of 81-Unit Apartment Community in Plymouth, Minnesota",Unknown,General submarket monitoring,Unknown,Other / Unknown,Unknown,Apartment,Apartment,JLL,JLL,JLL,Unknown,Unknown,Unknown,No explicit timing reference,,,,Acquisition,General Asset Signal,Existing asset sale,Unknown,excluded,transaction / capital guard: sale,81,50,Relevant to underwriting benchmark,Monitor asset-level signal for repeated confirmation,"JLL Brokers Sale of 81-Unit Apartment Community in Plymouth, Minnesota",REBusiness Online,https://rebusinessonline.com/jll-brokers-sale-of-81-unit-apartment-community-in-plymouth-minnesota/,Medium
2026-07-31,20260731-000252-c95dc796,PRJ-20260731-0145,Construction Financing - Phoenix / Arizona - PCCP Provides $51.8M Refi of Gilbert 236-Unit Multifamily Community,100,AST-20260731-042,art_b4db0153adde2c8e,PCCP Provides $51.8M Refi of Gilbert 236-Unit Multifamily Community,https://www.connectcre.com/stories/pccp-provides-51-8-million-refi-of-gilbert-236-unit-multifamily-community/,"Tue, 21 Jul 2026 16:24:46 +0000","Phoenix & Southwest CRE News In Your Inbox. Sign up for Connect emails to stay informed with CRE stories that are 150 words or less. Phoenix & Southwest + Phoenix + Apartments | July 21, 2026 By: Mike Boyd PCCP Provides $51.8M Refi of Gilbert 236-Unit Multifamily Community PCCP has provided a $51.8 million senior loan to a joint venture between Phoenix Capital Management and P.B. Bell for the refinance of Everly at Morrison Ranch, located at 4353 E. Elliot Road in Gilbert. Built in 2025, the 236",valid,title/source/url metadata are internally consistent,Development Activity,GP / Capital Activity,repeat_penalized,,,,,2026-07-21,2026-07-31,10,recent_4_14d,recent,published date parsed; article age 10 day(s),55,open,Construction Financing - Phoenix / Arizona - PCCP Provides $51.8M Refi of Gilbert 236-Unit Multifamily Community,Construction Financing - Phoenix / Arizona - PCCP Provides $51.8M Refi of Gilbert 236-Unit Multifamily Community,Phoenix,General submarket monitoring,Phoenix,Phoenix / Arizona,Unknown,Apartment,Apartment,PCCP,PCCP,Unknown,Unknown,Unknown,Unknown,No explicit timing reference,,$51.8M; $51.8M; $51.8 million,,Construction Financing,General Asset Signal,Unknown site control,Unknown,excluded,transaction / capital guard: financing,81,44,Relevant to underwriting benchmark,Monitor asset-level signal for repeated confirmation,PCCP Provides $51.8M Refi of Gilbert 236-Unit Multifamily Community,Connect CRE Phoenix,https://www.connectcre.com/stories/pccp-provides-51-8-million-refi-of-gilbert-236-unit-multifamily-community/,Medium
2026-07-31,20260731-000252-c95dc796,PRJ-20260731-0138,Disposition / Exit - Other / Unknown - Marcus & Millichap Announces $15M Sale of 84-Unit Multifamily Property in Schofield Wiscon...,100,AST-20260731-063,art_e13a4708677b6791,Marcus & Millichap Announces $15M Sale of 84-Unit Multifamily Property in Schofield Wisconsin,https://yieldpro.com/2026/07/schofield-mill-apartments/,"Thu, 30 Jul 2026 15:22:28 +0000","Deal boom News Facebook Twitter Linkedin Marcus & Millichap (NYSE: MMI) , a leading commercial real estate brokerage firm specializing in investment sales, financing, research and advisory services, announced the sale of Schofield Mill Apartments , an 84-unit multifamily property in Schofield, Wisconsin. The property sold for $15 million, or $178,571 per unit. “The combination of a well-located asset and a clear path for future growth made this an attractive opportunity for investors,” said Dan ",valid,title/source/url metadata are internally consistent,Development Activity,GP / Capital Activity; Market Intelligence,new_or_fresh,,,,,2026-07-30,2026-07-31,1,fresh_0_3d,fresh,published date parsed; article age 1 day(s),100,open,Disposition / Exit - Other / Unknown - Marcus & Millichap Announces $15M Sale of 84-Unit Multifamily Property in Schofield Wiscon...,Disposition / Exit - Other / Unknown - Marcus & Millichap Announces $15M Sale of 84-Unit Multifamily Property in Schofield Wiscon...,Unknown,General submarket monitoring,Unknown,Other / Unknown,Unknown,Apartment,Apartment,Marcus & Millichap,Marcus & Millichap,Unknown,Unknown,Unknown,Unknown,No explicit timing reference,,$15M; $15 million; $178,,Disposition / Exit,General Asset Signal,Existing asset sale,Unknown,excluded,transaction / capital guard: disposition,80,23,Relevant to underwriting benchmark,Monitor asset-level signal for repeated confirmation,Marcus & Millichap Announces $15M Sale of 84-Unit Multifamily Property in Schofield Wisconsin,Yield PRO,https://yieldpro.com/2026/07/schofield-mill-apartments/,Medium
2026-07-31,20260731-000252-c95dc796,PRJ-20260731-0171,Construction Financing - Miami / Florida - Affiliated Closes Financing on Mixed-Income Fort Lauderdale Apartment Project,80,AST-20260731-061,art_21cf8122ebc8f77c,Stewards Inks $79M Refi of Hollywood Rental Asset,https://www.connectcre.com/stories/stewards-inks-79m-refi-of-hollywood-rental-asset/,"Wed, 29 Jul 2026 14:41:13 +0000","Florida & Gulf Coast CRE News In Your Inbox. Sign up for Connect emails to stay informed with CRE stories that are 150 words or less. Florida & Gulf Coast + South Florida + Apartments | July 29, 2026 By: Mike Boyd Stewards Inks $79M Refi of Hollywood Rental Asset Stewards Inc. completed a $79 million refinancing of 1818 Park, its luxury multifamily residential community in downtown Hollywood, Florida. Multihousing News reports Stewards acquired 1818 Park last August for $190 million. 1818 Park i",valid,title/source/url metadata are internally consistent,Development Activity,GP / Capital Activity,repeat_penalized,,,,,2026-07-29,2026-07-31,2,fresh_0_3d,fresh,published date parsed; article age 2 day(s),48,open,Refinancing - Miami / Florida - Stewards Inks $79M Refi of Hollywood Rental Asset,Refinancing - Miami / Florida - Stewards Inks $79M Refi of Hollywood Rental Asset,South Florida,General submarket monitoring,South Florida,Los Angeles,Unknown,Apartment,Apartment,Unknown,Unknown,Unknown,Unknown,Unknown,Completed / opened,completed,,$79M; $79M; $79 million,,Refinancing,Refinancing / Recapitalization,Existing asset refinance,Delivered / Lease-Up,excluded,transaction / capital guard: refinancing,79,43,Relevant to acquisition / JV sourcing,"Review acquisition, financing, ownership, and comparable transaction details",Stewards Inks $79M Refi of Hollywood Rental Asset,Connect CRE South Florida,https://www.connectcre.com/stories/stewards-inks-79m-refi-of-hollywood-rental-asset/,Low
2026-07-31,20260731-000252-c95dc796,PRJ-20260731-0050,Construction Financing - Atlanta / Georgia - Developer Duo Obtains Construction Financing for $147M Atlanta Student Housing Project,80,AST-20260731-064,art_80e70f543c21d732,Mesirow Pays $132M for Midtown Atlanta Apartment Community,https://www.connectcre.com/stories/mesirow-pays-132m-for-midtown-atlanta-apartment-community/,"Mon, 27 Jul 2026 14:35:54 +0000","Atlanta & Southeast News In Your Inbox Sign up for Connect emails to stay informed with CRE stories that are 150 words or less. Atlanta & Southeast + Atlanta + Apartments | July 27, 2026 By: Mike Boyd Mesirow Pays $132M for Midtown Atlanta Apartment Community A real estate fund run by Mesirow acquired the Sixty 11 th Apartments for $132 million. The Atlanta Business Chronicle reports the seller was 60 11th Street LLC. It purchased the 1.25-acre site in care of Daniel Realty Co. LLC, an affiliate",valid,title/source/url metadata are internally consistent,Development Activity,GP / Capital Activity,acceptable_repeat,,,,,2026-07-27,2026-07-31,4,fresh_0_3d,fresh,published date parsed; article age 4 day(s),70,open,JV / Partnership - Atlanta / Georgia - Mesirow Pays $132M for Midtown Atlanta Apartment Community,JV / Partnership - Atlanta / Georgia - Mesirow Pays $132M for Midtown Atlanta Apartment Community,Atlanta,General submarket monitoring,Atlanta,Los Angeles,Unknown,Apartment,Apartment,Unknown,Unknown,Unknown,Unknown,Unknown,Unknown,No explicit timing reference,,$132M; $132M; $132 million,,JV / Partnership,General Asset Signal,Unknown site control,Unknown,excluded,no clear development milestone,77,30,Relevant to underwriting benchmark,Monitor asset-level signal for repeated confirmation,Mesirow Pays $132M for Midtown Atlanta Apartment Community,Connect CRE Atlanta,https://www.connectcre.com/stories/mesirow-pays-132m-for-midtown-atlanta-apartment-community/,Low
2026-07-31,20260731-000252-c95dc796,PRJ-20260731-0050,Construction Financing - Atlanta / Georgia - Developer Duo Obtains Construction Financing for $147M Atlanta Student Housing Project,80,AST-20260731-055,art_0b65ea27742b0ffc,Developer Duo Obtains Construction Financing for $147M Atlanta Student Housing Project,https://www.connectcre.com/stories/developer-duo-obtain-construction-financing-for-147m-spelman-morehouse-student-housing/,"Fri, 24 Jul 2026 14:29:38 +0000","Atlanta & Southeast News In Your Inbox Sign up for Connect emails to stay informed with CRE stories that are 150 words or less. Atlanta & Southeast + Atlanta + Student Housing | July 24, 2026 By: Mike Boyd Developer Duo Obtains Construction Financing for $147M Atlanta Student Housing Project Radnor Property Group and the Madrone Community Development Foundation have closed on financing needed for a $147 million, 305-unit, 793-bed student housing development in Atlanta. Multihousing News reports ",valid,title/source/url metadata are internally consistent,Development Activity,GP / Capital Activity,repeat_penalized,,,,,2026-07-24,2026-07-31,7,fresh_0_3d,fresh,published date parsed; article age 7 day(s),58,open,Construction Financing - Atlanta / Georgia - Developer Duo Obtains Construction Financing for $147M Atlanta Student Housing Project,Construction Financing - Atlanta / Georgia - Developer Duo Obtains Construction Financing for $147M Atlanta Student Housing Project,Atlanta,University-adjacent,Atlanta,Los Angeles,Unknown,Student Housing,Student Housing,Unknown,Unknown,Unknown,Unknown,Unknown,Unknown,No explicit timing reference,,$147M; $147M; $147 million,,Construction Financing,General Asset Signal,Unknown site control,Unknown,excluded,transaction / capital guard: financing,75,51,Relevant to underwriting benchmark,Monitor asset-level signal for repeated confirmation,Developer Duo Obtains Construction Financing for $147M Atlanta Student Housing Project,Connect CRE Atlanta,https://www.connectcre.com/stories/developer-duo-obtain-construction-financing-for-147m-spelman-morehouse-student-housing/,Low
2026-07-31,20260731-000252-c95dc796,PRJ-20260731-0068,General Project Signal - Dallas / Texas - Wolverine Mixed-Use Project Advancing in Arlington,80,AST-20260731-075,art_123df2c473a25f0e,Wolverine Mixed-Use Project Advancing in Arlington,https://www.connectcre.com/stories/wolverine-mixed-use-project-advancing-in-arlington/,"Wed, 29 Jul 2026 16:34:31 +0000","Texas CRE News In Your Inbox. Sign up for Connect emails to stay informed with CRE stories that are 150 words or less. Texas + Dallas-Fort Worth + Apartments | July 29, 2026 By: Mike Boyd Wolverine Mixed-Use Project Advancing in Arlington A new four-story, mixed-use development featuring apartments and a variety of shops, offices and restaurant space is planned for Downtown Arlington. Under the agreement between the city of Arlington and Wolverine Interests, Wolverine would invest at least $60 m",valid,title/source/url metadata are internally consistent,Development Activity,,acceptable_repeat,,,,,2026-07-29,2026-07-31,2,fresh_0_3d,fresh,published date parsed; article age 2 day(s),78,open,General Project Signal - Dallas / Texas - Wolverine Mixed-Use Project Advancing in Arlington,General Project Signal - Dallas / Texas - Wolverine Mixed-Use Project Advancing in Arlington,Dallas,Mixed-use corridor,Dallas,Los Angeles,Unknown,Mixed-Use Residential,Mixed-Use Residential,Unknown,Unknown,Unknown,Unknown,Unknown,Unknown,No explicit timing reference,,$60 m; $60 million; $60 m,,General Project Signal,General Asset Signal,Unknown site control,Unknown,construction_delivery_watch,matched development / asset strategy execution,75,30,Relevant to underwriting benchmark,Monitor asset-level signal for repeated confirmation,Wolverine Mixed-Use Project Advancing in Arlington,Connect CRE Texas,https://www.connectcre.com/stories/wolverine-mixed-use-project-advancing-in-arlington/,Low
2026-07-31,20260731-000252-c95dc796,PRJ-20260731-0138,Disposition / Exit - Other / Unknown - Marcus & Millichap Announces $15M Sale of 84-Unit Multifamily Property in Schofield Wiscon...,100,AST-20260731-069,art_591ed9a1e6573c33,Marcus & Millichap Sells 18-Unit Property in Boston for $4.875M,https://yieldpro.com/2026/07/delhi-street-portfolio/,"Thu, 30 Jul 2026 15:33:43 +0000","Deal boom News Facebook Twitter Linkedin Marcus & Millichap (NYSE: MMI) , a leading commercial real estate brokerage firm specializing in investment sales, financing, research and advisory services, announced the sale of the Delhi Street Portfolio , a three-building multifamily portfolio in Boston for $4,875,000. “This unique three-building, 18-unit property with parking combines immediate scale with meaningful value-add potential in a submarket where it is tough to find larger properties that h",suspicious_mismatch,title/source/url metadata are internally consistent; title and original_url slug appear to reference different articles,Development Activity,GP / Capital Activity; Market Intelligence,new_or_fresh,,,,,2026-07-30,2026-07-31,1,fresh_0_3d,fresh,published date parsed; article age 1 day(s),100,open,Disposition / Exit - Other / Unknown - Marcus & Millichap Sells 18-Unit Property in Boston for $4.875M,Disposition / Exit - Other / Unknown - Marcus & Millichap Sells 18-Unit Property in Boston for $4.875M,Unknown,General submarket monitoring,Unknown,Other / Unknown,Unknown,Multifamily,Multifamily,Marcus & Millichap,Marcus & Millichap,Unknown,Unknown,Unknown,Unknown,No explicit timing reference,,$4.875M; $4; $4.875m,,Disposition / Exit,General Asset Signal,Existing asset sale,Unknown,excluded,transaction / capital guard: disposition,75,20,Relevant to underwriting benchmark,Monitor asset-level signal for repeated confirmation,Marcus & Millichap Sells 18-Unit Property in Boston for $4.875M,Yield PRO,https://yieldpro.com/2026/07/delhi-street-portfolio/,Medium
2026-07-31,20260731-000252-c95dc796,PRJ-20260731-0019,Affordable housing takes shape at 4706 Centinela Ave. in Del Rey,80,AST-20260731-006,art_d1b2312027052f74,Affordable housing takes shape at 4706 Centinela Ave. in Del Rey,https://la.urbanize.city/post/affordable-housing-takes-shape-4706-centinela-ave-del-rey,"Wed, 29 Jul 2026 13:05:00 +0000","Affordable housing takes shape at 4706 Centinela Ave. in Del Rey | Urbanize LA Skip to main content Advertisement Advertisement Wood framing has reached its peak for the latest affordable housing complex in Del Rey from Los Angeles-based developer Passo . The project, located at 4706 Centinela Avenue , consists of an eight-story edifice that will feature 73 studio and one-bedroom apartments without on-site parking when complete. View looking southeast from Centinela Avenue Urbanize LA The projec",valid,title/source/url metadata are internally consistent,Development Activity,Market Intelligence,acceptable_repeat,True,address/street: 4706 centinela ave; site/parcel signal: site; project/asset term: project,high,Approval / Entitlement,2026-07-29,2026-07-31,2,fresh_0_3d,fresh,published date parsed; article age 2 day(s),66,access_limited,Affordable housing takes shape at 4706 Centinela Ave. in Del Rey,Affordable housing takes shape at 4706 Centinela Ave. in Del Rey,4706 Centinela Ave,General submarket monitoring,Los Angeles,Los Angeles,Los Angeles / California,Affordable Housing,Affordable Housing,,,Unknown,Unknown,Unknown,Unknown,No explicit timing reference,,,,Affordable / Density Bonus Strategy,Affordable / Density Bonus Strategy,Land / parcel referenced,Site Search / Early Signal,construction_delivery_watch,matched wood framing,75,18,Relevant to entitlement monitoring,"Track entitlement, permit, density bonus, and construction-readiness milestones",Affordable housing takes shape at 4706 Centinela Ave. in Del Rey,Urbanize LA,https://la.urbanize.city/post/affordable-housing-takes-shape-4706-centinela-ave-del-rey,Medium
2026-07-31,20260731-000252-c95dc796,PRJ-20260731-0023,Draft EIR released for Metro-adjacent high-rise at 5350 Wilshire Blvd.,80,AST-20260731-003,art_c90a4cb76140baaa,Draft EIR released for Metro-adjacent high-rise at 5350 Wilshire Blvd.,https://la.urbanize.city/post/draft-eir-released-metro-adjacent-high-rise-5350-wilshire-blvd,"Thu, 30 Jul 2026 13:15:00 +0000","Draft EIR released for Metro-adjacent high-rise at 5350 Wilshire Blvd. | Urbanize LA Skip to main content Advertisement Advertisement After three years of quiet, plans from Onni Group apartment tower near Wilshire/La Brea Station on the Miracle Mile are once again moving forward. This week, the Los Angeles Department of City Planning published a draft environmental impact report for the Wilshire and Cloverdale project, which would bring a 46-story high-rise to a roughly 1.4 acre site located at ",valid,title/source/url metadata are internally consistent,Development Activity,,new_or_fresh,True,unit/site count: 46-story; address/street: 5350 wilshire blvd; execution milestone: groundbreaking; site/parcel signal: site; project/asset term: project,high,Construction Start,2026-07-30,2026-07-31,1,fresh_0_3d,fresh,published date parsed; article age 1 day(s),88,access_limited,Draft EIR released for Metro-adjacent high-rise at 5350 Wilshire Blvd.,Draft EIR released for Metro-adjacent high-rise at 5350 Wilshire Blvd.,5350 Wilshire Blvd,General submarket monitoring,Los Angeles,Los Angeles,Los Angeles / California,Affordable Housing,Affordable Housing,,,Unknown,Unknown,Unknown,Unknown,No explicit timing reference,,,1.4 acre,Entitlement Play,Entitlement Play,Land / parcel referenced,Site Search / Early Signal,site_parcel_activity,site/parcel signal with project anchor: acres + development/site signal,75,18,Relevant to entitlement monitoring,"Track entitlement, permit, density bonus, and construction-readiness milestones",Draft EIR released for Metro-adjacent high-rise at 5350 Wilshire Blvd.,Urbanize LA,https://la.urbanize.city/post/draft-eir-released-metro-adjacent-high-rise-5350-wilshire-blvd,High
2026-07-31,20260731-000252-c95dc796,PRJ-20260731-0014,Mixed-use building slated for 20160 Roscoe Blvd. in Winnetka,80,AST-20260731-007,art_cd0f136255fc192f,Mixed-use building slated for 20160 Roscoe Blvd. in Winnetka,https://la.urbanize.city/post/mixed-use-building-slated-20160-roscoe-blvd-winnetka,"Tue, 28 Jul 2026 13:10:00 +0000","Mixed-use building slated for 20160 Roscoe Blvd. in Winnetka | Urbanize LA Skip to main content Advertisement Advertisement A commercial building in Winnetka is set to give way to a new mixed-use development, per an application filed yesterday with the Los Angeles Department of City Planning. The project from applicant Jonathan Azal, slated for a site at 20160 Roscoe Boulevard, calls for clearing the existing structure to make way for a new six-story edifice featuring 113 studio, one-, two-, and",valid,title/source/url metadata are internally consistent,Development Activity,Market Intelligence,repeat_penalized,True,address/street: 20160 roscoe blvd; site/parcel signal: site; project/asset term: project,high,Approval / Entitlement,2026-07-28,2026-07-31,3,fresh_0_3d,fresh,published date parsed; article age 3 day(s),58,access_limited,Mixed-use building slated for 20160 Roscoe Blvd. in Winnetka,Mixed-use building slated for 20160 Roscoe Blvd. in Winnetka,20160 Roscoe Blvd,Mixed-use corridor,Los Angeles,Los Angeles,Los Angeles / California,Affordable Housing,Affordable Housing,,,Unknown,Unknown,Unknown,Unknown,No explicit timing reference,,,,Entitlement Play,Entitlement Play,Land / parcel referenced,Site Search / Early Signal,construction_delivery_watch,matched development / asset strategy execution,75,18,Relevant to entitlement monitoring,"Track entitlement, permit, density bonus, and construction-readiness milestones",Mixed-use building slated for 20160 Roscoe Blvd. in Winnetka,Urbanize LA,https://la.urbanize.city/post/mixed-use-building-slated-20160-roscoe-blvd-winnetka,Medium
2026-07-31,20260731-000252-c95dc796,PRJ-20260731-0136,Disposition / Exit - Other / Unknown - JLL Arranges the Sale of Twelve 501 Apartments in South Central Twin Cities Suburb,100,AST-20260731-059,art_bfe497d70c428ee4,"Fort Lee Luxury Apartment Community Featuring 1,296-Square-Foot Average Units Sells",https://yieldpro.com/2026/07/ridge-pointe/,"Thu, 30 Jul 2026 15:41:48 +0000","Deal boom News Facebook Twitter Linkedin JLL Capital Markets announced that it has arranged the sale and acquisition financing of Ridge Pointe , a 132-unit premier multi-housing community in Fort Lee, Bergen County. JLL worked on behalf of the seller, and also represented the buyer, SELA Realty Investments, LLC. JLL also represented the buyer in securing a floating rate loan through Balbec Capital LP. Originally built in 1985 and converted from office to residential in 2014, Ridge Pointe offers ",suspicious_mismatch,title/source/url metadata are internally consistent; title and original_url slug appear to reference different articles,Development Activity,GP / Capital Activity,new_or_fresh,,,,,2026-07-30,2026-07-31,1,fresh_0_3d,fresh,published date parsed; article age 1 day(s),100,open,"Acquisition - Other / Unknown - Fort Lee Luxury Apartment Community Featuring 1,296-Square-Foot Average Units Sells","Acquisition - Other / Unknown - Fort Lee Luxury Apartment Community Featuring 1,296-Square-Foot Average Units Sells",Unknown,General submarket monitoring,Unknown,Other / Unknown,Unknown,Apartment,Apartment,JLL,JLL,JLL,Unknown,Unknown,Unknown,No explicit timing reference,,,,Acquisition,General Asset Signal,Existing asset sale,Unknown,excluded,transaction / capital guard: sells,74,23,Relevant to underwriting benchmark,Monitor asset-level signal for repeated confirmation,"Fort Lee Luxury Apartment Community Featuring 1,296-Square-Foot Average Units Sells",Yield PRO,https://yieldpro.com/2026/07/ridge-pointe/,Medium
2026-07-31,20260731-000252-c95dc796,PRJ-20260731-0171,Construction Financing - Miami / Florida - Affiliated Closes Financing on Mixed-Income Fort Lauderdale Apartment Project,80,AST-20260731-046,art_120b790785971abe,Arrow Arranges $85M Construction Loan for Miami Condo Project,https://www.connectcre.com/stories/arrow-arranges-85m-construction-loan-for-miami-condo-project/,"Wed, 29 Jul 2026 15:20:50 +0000","Florida & Gulf Coast CRE News In Your Inbox. Sign up for Connect emails to stay informed with CRE stories that are 150 words or less. Florida & Gulf Coast + South Florida + Apartments | July 29, 2026 By: Mike Boyd Arrow Arranges $85M Construction Loan for Miami Condo Project Arrow Real Estate Advisors arranged an $85 million construction loan on behalf of Northlink Capital for the development of 7200 Collins Avenue, a 222-unit luxury condominium project in Miami Beach, Florida. The financing, pr",valid,title/source/url metadata are internally consistent,Development Activity,GP / Capital Activity,acceptable_repeat,,,,,2026-07-29,2026-07-31,2,fresh_0_3d,fresh,published date parsed; article age 2 day(s),78,open,Construction Financing - Miami / Florida - Arrow Arranges $85M Construction Loan for Miami Condo Project,Construction Financing - Miami / Florida - Arrow Arranges $85M Construction Loan for Miami Condo Project,South Florida,General submarket monitoring,South Florida,Miami / Florida,Unknown,Apartment,Apartment,Unknown,Unknown,Unknown,Unknown,Unknown,Unknown,No explicit timing reference,,$85M; $85M; $85 million,,Construction Financing,Refinancing / Recapitalization,Unknown site control,Unknown,excluded,transaction / capital guard: loan,73,55,Relevant to acquisition / JV sourcing,"Review acquisition, financing, ownership, and comparable transaction details",Arrow Arranges $85M Construction Loan for Miami Condo Project,Connect CRE South Florida,https://www.connectcre.com/stories/arrow-arranges-85m-construction-loan-for-miami-condo-project/,Low
2026-07-31,20260731-000252-c95dc796,PRJ-20260731-0171,Construction Financing - Miami / Florida - Affiliated Closes Financing on Mixed-Income Fort Lauderdale Apartment Project,80,AST-20260731-053,art_03e554735dbfbc0b,Baron Property Group Closes on $226.5M Refi for Hialeah Apartment Community,https://www.connectcre.com/stories/baron-property-group-closes-on-226-5m-refi-for-hialeah-apartment-community/,"Thu, 30 Jul 2026 14:01:21 +0000","Florida & Gulf Coast CRE News In Your Inbox. Sign up for Connect emails to stay informed with CRE stories that are 150 words or less. Florida & Gulf Coast + South Florida + Apartments | July 30, 2026 By: Mike Boyd Baron Property Group Closes on $226.5M Refi for Hialeah Apartment Community Baron Property Group announced the closing of a $226.5 million refinancing for Metro Parc, the mixed-use development with rental residences, amenities and retail in Hialeah. Madison Realty Capital and Yellowsto",valid,title/source/url metadata are internally consistent,GP / Capital Activity,,new_or_fresh,,,,,2026-07-30,2026-07-31,1,fresh_0_3d,fresh,published date parsed; article age 1 day(s),100,open,Refinancing - Miami / Florida - Baron Property Group Closes on $226.5M Refi for Hialeah Apartment Community,Refinancing - Miami / Florida - Baron Property Group Closes on $226.5M Refi for Hialeah Apartment Community,South Florida,General submarket monitoring,South Florida,Miami / Florida,Unknown,Mixed-Use Residential,Mixed-Use Residential,Unknown,Unknown,Unknown,Unknown,Unknown,Unknown,No explicit timing reference,,$226.5M; $226.5M; $226.5 million,,Refinancing,Refinancing / Recapitalization,Existing asset refinance,Unknown,excluded,transaction / capital guard: refinancing,72,55,Relevant to acquisition / JV sourcing,"Review acquisition, financing, ownership, and comparable transaction details",Baron Property Group Closes on $226.5M Refi for Hialeah Apartment Community,Connect CRE Apartments,https://www.connectcre.com/stories/baron-property-group-closes-on-226-5m-refi-for-hialeah-apartment-community/,Low
2026-07-31,20260731-000252-c95dc796,PRJ-20260731-0072,Acquisition - Dallas / Texas - Newmark Arranges Sale of 452-Unit Apartment Community in East Fort Worth,80,AST-20260731-071,art_2f76485af943ec93,Newmark Arranges Sale of 452-Unit Apartment Community in East Fort Worth,https://rebusinessonline.com/newmark-arranges-sale-of-452-unit-apartment-community-in-east-fort-worth/,2026-07-30T14:57:57Z,"Centreport Lake in Fort Worth was 91 percent occupied at the time of sale. The new ownership plans to make capital improvements to the property. Acquisitions Multifamily Texas Newmark Arranges Sale of 452-Unit Apartment Community in East Fort Worth by Taylor Williams July 30, 2026 July 30, 2026 4 FORT WORTH, TEXAS — Newmark has arranged the sale of Centreport Lake, a 452-unit apartment community in East Fort Worth. Built on 24 acres in 2008, the property offers one-, two- and three-bedroom apart",valid,title/source/url metadata are internally consistent,Development Activity,GP / Capital Activity,new_or_fresh,,,,,2026-07-30,2026-07-31,1,fresh_0_3d,fresh,published date parsed; article age 1 day(s),100,open,Acquisition - Dallas / Texas - Newmark Arranges Sale of 452-Unit Apartment Community in East Fort Worth,Acquisition - Dallas / Texas - Newmark Arranges Sale of 452-Unit Apartment Community in East Fort Worth,Fort Worth,General submarket monitoring,Fort Worth,Los Angeles,Unknown,Apartment,Apartment,Unknown,Unknown,Unknown,Unknown,Unknown,Unknown,No explicit timing reference,,,,Acquisition,General Asset Signal,Existing asset sale,Unknown,excluded,transaction / capital guard: sale,71,31,Relevant to underwriting benchmark,Monitor asset-level signal for repeated confirmation,Newmark Arranges Sale of 452-Unit Apartment Community in East Fort Worth,REBusiness Online,https://rebusinessonline.com/newmark-arranges-sale-of-452-unit-apartment-community-in-east-fort-worth/,Low
2026-07-31,20260731-000252-c95dc796,PRJ-20260731-0148,BTR / Build-to-Rent - Phoenix / Arizona - Phoenix BTR Investor Inks $73.1M Bridge Loan,80,AST-20260731-060,art_43641de8f10a1d27,Phoenix BTR Investor Inks $73.1M Bridge Loan,https://www.connectcre.com/stories/phoenix-btr-investor-inks-73-1m-bridge-loan/,"Mon, 27 Jul 2026 16:24:15 +0000","Phoenix & Southwest CRE News In Your Inbox. Sign up for Connect emails to stay informed with CRE stories that are 150 words or less. Phoenix & Southwest + Phoenix + Apartments | July 27, 2026 By: Mike Boyd Phoenix BTR Investor Inks $73.1M Bridge Loan Golden Horizons Enterprises inked a $73.1 bridge loan on Merrick on Camelback, a 334-unit built-to-rent community in Phoenix, Arizona. The financing was arranged by Lument and originated by Arcus Real Estate Capital. The bridge loan has a three-year",valid,title/source/url metadata are internally consistent,Development Activity,GP / Capital Activity,acceptable_repeat,,,,,2026-07-27,2026-07-31,4,fresh_0_3d,fresh,published date parsed; article age 4 day(s),70,open,BTR / Build-to-Rent - Phoenix / Arizona - Phoenix BTR Investor Inks $73.1M Bridge Loan,BTR / Build-to-Rent - Phoenix / Arizona - Phoenix BTR Investor Inks $73.1M Bridge Loan,Phoenix,General submarket monitoring,Phoenix,Phoenix / Arizona,Unknown,BTR / Single-Family Rental,BTR / Single-Family Rental,Unknown,Unknown,Unknown,Unknown,Unknown,Unknown,No explicit timing reference,,$73.1M; $73.1M; $73.1 b,,BTR / Build-to-Rent,Refinancing / Recapitalization,Unknown site control,Unknown,excluded,transaction / capital guard: loan,70,53,Relevant to acquisition / JV sourcing,"Review acquisition, financing, ownership, and comparable transaction details",Phoenix BTR Investor Inks $73.1M Bridge Loan,Connect CRE Phoenix,https://www.connectcre.com/stories/phoenix-btr-investor-inks-73-1m-bridge-loan/,Low
2026-07-31,20260731-000252-c95dc796,PRJ-20260731-0027,"Office-to-Residential Conversion - San Francisco / California - Office-to-Housing Conversion For 575 Sutter Street, San Francisco",80,AST-20260731-086,art_6d40f65a289d1cae,"Office-to-Housing Conversion For 575 Sutter Street, San Francisco",https://sfyimby.com/2026/07/office-to-housing-conversion-for-575-sutter-street-san-francisco.html,"Tue, 28 Jul 2026 12:30:52 +0000","575 Sutter Street, image via Google Street View By: Andrew Nelson 5:30 am on July 28, 2026 Permits have been filed to convert a portion of a commercial office space into housing at 575 Sutter Street in the Union Square neighborhood of San Francisco . The application invokes the city’s Downtown Adaptive Reuse program for the construction of a dozen residential units. AHK Group is listed as the property owner, filing through One Timberlake Inc. The commercial floor use will be split between the gr",valid,title/source/url metadata are internally consistent,Development Activity,,repeat_penalized,,,,,2026-07-28,2026-07-31,3,fresh_0_3d,fresh,published date parsed; article age 3 day(s),58,access_limited,"Office-to-Residential Conversion - San Francisco / California - Office-to-Housing Conversion For 575 Sutter Street, San Francisco","Office-to-Residential Conversion - San Francisco / California - Office-to-Housing Conversion For 575 Sutter Street, San Francisco",575 Sutter Street,Office conversion corridor,San Francisco,Los Angeles,Unknown,Office-to-Residential Conversion,Office-to-Residential,Unknown,Unknown,Unknown,Unknown,Unknown,Unknown,No explicit timing reference,,,,Office-to-Residential Conversion,Office-to-Residential Conversion,Unknown site control,Unknown,approval_watch,matched permit,70,35,Relevant to underwriting benchmark,Monitor office conversion feasibility and policy support,"Office-to-Housing Conversion For 575 Sutter Street, San Francisco",SF YIMBY,https://sfyimby.com/2026/07/office-to-housing-conversion-for-575-sutter-street-san-francisco.html,Medium
2026-07-31,20260731-000252-c95dc796,PRJ-20260731-0011,Costa Mesa Multifamily Changes Hands for Value-Add Repositioning,80,AST-20260731-020,art_6595ac6c3493f1ac,Costa Mesa Multifamily Changes Hands for Value-Add Repositioning,https://www.connectcre.com/stories/costa-mesa-multifamily-changes-hands-for-value-add-repositioning/,"Wed, 29 Jul 2026 21:36:05 +0000","California CRE News In Your Inbox. Sign up for Connect emails to stay informed with CRE stories that are 150 words or less. California + Orange County + Apartments | July 29, 2026 By: Paul Bubny Costa Mesa Multifamily Changes Hands for Value-Add Repositioning Marcus & Millichap finalized the sale of 1990 Maple Ave., a 41-unit multifamily property in Costa Mesa. The property sold for $16.9 million or $412,195 per unit, approximately $550,000 above the property’s 2018 selling price. “Sundance West",valid,title/source/url metadata are internally consistent,Development Activity,GP / Capital Activity,acceptable_repeat,True,unit/site count: 41-unit; address/street: 1990 maple ave; project/asset term: apartments,high,Project / Asset,2026-07-29,2026-07-31,2,fresh_0_3d,fresh,published date parsed; article age 2 day(s),78,open,Costa Mesa Multifamily Changes Hands for Value-Add Repositioning,Costa Mesa Multifamily Changes Hands for Value-Add Repositioning,1990 Maple Ave,General submarket monitoring,Costa Mesa,Los Angeles,California,Apartment,Apartment,,,Unknown,Unknown,Unknown,Unknown,2026,,,,General Asset Signal,General Asset Signal,Existing asset sale,Unknown,excluded,transaction / capital guard: sale,70,29,High relevance to Woomi site strategy,"Review site details, sponsor, entitlement path, and local precedent",Costa Mesa Multifamily Changes Hands for Value-Add Repositioning,Connect CRE Orange County,https://www.connectcre.com/stories/costa-mesa-multifamily-changes-hands-for-value-add-repositioning/,Medium
2026-07-31,20260731-000252-c95dc796,PRJ-20260731-0028,"Construction Underway For 6501 Shattuck Avenue, North Oakland",80,AST-20260731-019,art_21b5065733d44235,"Construction Underway For 6501 Shattuck Avenue, North Oakland",https://sfyimby.com/2026/07/construction-underway-for-6501-shattuck-avenue-north-oakland.html,"Thu, 30 Jul 2026 12:30:09 +0000","6501 Shattuck Avenue, rendering by Dinar and Associates By: Andrew Nelson 5:30 am on July 30, 2026 Crews are making progress on a four-story mixed-use complex at 6501 Shattuck Avenue in Bushrod , North Oakland . Concrete is passing the first floor as construction is moving ahead for 18 apartments above a large ground-floor retail space. Magganas Properties is responsible for the development, filing through Bruder LLC. 6501 Shattuck Avenue, image courtesy YIMBY reader 6501 Shattuck Avenue, illust",valid,title/source/url metadata are internally consistent,Development Activity,,new_or_fresh,True,unit/site count: 18 apartments; address/street: 6501 shattuck avenue; project/asset term: development,high,Project / Asset,2026-07-30,2026-07-31,1,fresh_0_3d,fresh,published date parsed; article age 1 day(s),88,access_limited,"Construction Underway For 6501 Shattuck Avenue, North Oakland","Construction Underway For 6501 Shattuck Avenue, North Oakland",6501 Shattuck Avenue,Mixed-use corridor,Unknown,Los Angeles,Other / Unknown,Mixed-Use Residential,Mixed-Use Residential,,,Unknown,Unknown,Unknown,Unknown,2026,,,,General Asset Signal,General Asset Signal,Land / parcel referenced,Site Search / Early Signal,construction_delivery_watch,matched development / asset strategy execution,70,15,Relevant to underwriting benchmark,Monitor asset-level signal for repeated confirmation,"Construction Underway For 6501 Shattuck Avenue, North Oakland",SF YIMBY,https://sfyimby.com/2026/07/construction-underway-for-6501-shattuck-avenue-north-oakland.html,Medium
2026-07-31,20260731-000252-c95dc796,PRJ-20260731-0120,Construction Financing - New York - Goldman Sachs Group Deploys $116M for Syracuse Affordable Housing Overhaul,80,AST-20260731-056,art_000e52b0f51791f2,Goldman Sachs Group Deploys $116M for Syracuse Affordable Housing Overhaul,https://commercialobserver.com/2026/07/goldman-sachs-syracuse-affordable-housing/,"Thu, 30 Jul 2026 22:10:08 +0000","Residential · Multifamily New York Finance · Construction Financing Goldman Sachs Group Deploys $116M for Syracuse Affordable Housing Overhaul The loan was part of a $269 million financing package to advance BFC Partners and SAA Canopy Group’s redevelopment of Parkside Commons By Andrew Coen July 30, 2026 6:10 pm reprints BFC Partners' Joseph Ferrara and a rendering of Parkside Commons in Syracuse, N.Y. PHOTO AND RENDERING: Courtesy BFC Partners Goldman Sachs has provided a $116 million construc",valid,title/source/url metadata are internally consistent,Development Activity,GP / Capital Activity,new_or_fresh,,,,,2026-07-30,2026-07-31,1,fresh_0_3d,fresh,published date parsed; article age 1 day(s),100,open,Construction Financing - New York - Goldman Sachs Group Deploys $116M for Syracuse Affordable Housing Overhaul,Construction Financing - New York - Goldman Sachs Group Deploys $116M for Syracuse Affordable Housing Overhaul,New York,General submarket monitoring,New York,New York,New York,Affordable Housing,Affordable Housing,Unknown,Unknown,Unknown,Unknown,Unknown,Unknown,No explicit timing reference,,$116M; $116M; $269 million,,Construction Financing,Affordable / Density Bonus Strategy,Unknown site control,Unknown,excluded,transaction / capital guard: financing,69,51,Relevant to entitlement monitoring,"Track entitlement, permit, density bonus, and construction-readiness milestones",Goldman Sachs Group Deploys $116M for Syracuse Affordable Housing Overhaul,Commercial Observer,https://commercialobserver.com/2026/07/goldman-sachs-syracuse-affordable-housing/,Low
2026-07-31,20260731-000252-c95dc796,PRJ-20260731-0017,PCCP Provides $51.8M Refi of Gilbert 236-Unit Multifamily Community,100,AST-20260731-016,art_b4db0153adde2c8e,PCCP Provides $51.8M Refi of Gilbert 236-Unit Multifamily Community,https://www.connectcre.com/stories/pccp-provides-51-8-million-refi-of-gilbert-236-unit-multifamily-community/,"Tue, 21 Jul 2026 16:24:46 +0000","Phoenix & Southwest CRE News In Your Inbox. Sign up for Connect emails to stay informed with CRE stories that are 150 words or less. Phoenix & Southwest + Phoenix + Apartments | July 21, 2026 By: Mike Boyd PCCP Provides $51.8M Refi of Gilbert 236-Unit Multifamily Community PCCP has provided a $51.8 million senior loan to a joint venture between Phoenix Capital Management and P.B. Bell for the refinance of Everly at Morrison Ranch, located at 4353 E. Elliot Road in Gilbert. Built in 2025, the 236",valid,title/source/url metadata are internally consistent,Development Activity,GP / Capital Activity,repeat_penalized,True,unit/site count: 236-unit; address/street: 4353 e. elliot road; project/asset term: community,high,Project Financing / Capital Event,2026-07-21,2026-07-31,10,recent_4_14d,recent,published date parsed; article age 10 day(s),55,open,PCCP Provides $51.8M Refi of Gilbert 236-Unit Multifamily Community,PCCP Provides $51.8M Refi of Gilbert 236-Unit Multifamily Community,4353 E. Elliot Road,General submarket monitoring,Phoenix,Phoenix / Arizona,Phoenix / Arizona,Apartment,Apartment,PCCP,PCCP,Unknown,Unknown,Unknown,Unknown,in 2025,,,,General Asset Signal,General Asset Signal,Existing asset refinance,Unknown,excluded,transaction / capital guard: refinance,69,24,Relevant to underwriting benchmark,Monitor asset-level signal for repeated confirmation,PCCP Provides $51.8M Refi of Gilbert 236-Unit Multifamily Community,Connect CRE Phoenix,https://www.connectcre.com/stories/pccp-provides-51-8-million-refi-of-gilbert-236-unit-multifamily-community/,Medium
2026-07-31,20260731-000252-c95dc796,PRJ-20260731-0098,Acquisition - New York City / New York - Delshah Capital Acquires Five Upper West Side Apartment Buildings for $37M,80,AST-20260731-058,art_7438a086f07fb98d,Delshah Capital Acquires Five Upper West Side Apartment Buildings for $37M,https://commercialobserver.com/2026/07/delshah-upper-west-side-sale-quality-capital-37m/,"Thu, 30 Jul 2026 19:18:05 +0000","Residential · Multifamily Upper West Side Investments & Sales Delshah Capital Acquires Five Upper West Side Apartment Buildings for $37M By Emily Davis July 30, 2026 3:18 pm reprints Michael Shah and 10-16 Manhattan Avenue. PHOTOS: Yvonne Albinowski/For Commercial Observer; Propertyshark Michael Shah ’s DelShah Capital is back at it again with another multi-address, multifamily acquisition. The real estate private equity and asset management firm paid Quality Capital USA $36.9 million for five r",valid,title/source/url metadata are internally consistent,Development Activity,GP / Capital Activity,new_or_fresh,,,,,2026-07-30,2026-07-31,1,fresh_0_3d,fresh,published date parsed; article age 1 day(s),100,open,Acquisition - New York City / New York - Delshah Capital Acquires Five Upper West Side Apartment Buildings for $37M,Acquisition - New York City / New York - Delshah Capital Acquires Five Upper West Side Apartment Buildings for $37M,Manhattan,General submarket monitoring,Manhattan,New York City / New York,Unknown,Apartment,Apartment,Unknown,Unknown,Unknown,Unknown,Unknown,Unknown,No explicit timing reference,,$37M; $37M; $36.9 million,,Acquisition,General Asset Signal,Existing asset sale,Unknown,excluded,transaction / capital guard: acquisition,67,31,Relevant to underwriting benchmark,Monitor asset-level signal for repeated confirmation,Delshah Capital Acquires Five Upper West Side Apartment Buildings for $37M,Commercial Observer,https://commercialobserver.com/2026/07/delshah-upper-west-side-sale-quality-capital-37m/,Low
2026-07-31,20260731-000252-c95dc796,PRJ-20260731-0088,Acquisition - Atlanta / Georgia - Walton Communities Offloads Two Atlanta Rental Properties,100,AST-20260731-011,art_785654fa22ec974b,"JLL Brokers Sale of 81-Unit Apartment Community in Plymouth, Minnesota",https://rebusinessonline.com/jll-brokers-sale-of-81-unit-apartment-community-in-plymouth-minnesota/,2026-07-30T12:45:51Z,"Medicine Lake Apartments features 12 private boat slips. Acquisitions Midwest Minnesota Multifamily JLL Brokers Sale of 81-Unit Apartment Community in Plymouth, Minnesota by Kristin Harlow July 30, 2026 July 30, 2026 4 PLYMOUTH, MINN. — JLL Capital Markets has brokered the sale of Medicine Lake Apartments, an 81-unit community situated along Medicine Lake in Plymouth. Built in 1977, the four-story property features 12 private boat slips and floor plans averaging 948 square feet. Amenities includ",valid,title/source/url metadata are internally consistent,Development Activity,GP / Capital Activity,new_or_fresh,True,unit/site count: 81-unit; project/asset term: community,high,Project / Asset,2026-07-30,2026-07-31,1,fresh_0_3d,fresh,published date parsed; article age 1 day(s),100,open,"JLL Brokers Sale of 81-Unit Apartment Community in Plymouth, Minnesota","JLL Brokers Sale of 81-Unit Apartment Community in Plymouth, Minnesota",Other / Unknown,General submarket monitoring,Unknown,Los Angeles,Other / Unknown,Apartment,Apartment,JLL,JLL,Unknown,Unknown,Unknown,Unknown,2026,,,948 square feet,General Asset Signal,General Asset Signal,Existing asset sale,Unknown,excluded,transaction / capital guard: sale,67,26,Relevant to underwriting benchmark,Monitor asset-level signal for repeated confirmation,"JLL Brokers Sale of 81-Unit Apartment Community in Plymouth, Minnesota",REBusiness Online,https://rebusinessonline.com/jll-brokers-sale-of-81-unit-apartment-community-in-plymouth-minnesota/,Medium
2026-07-31,20260731-000252-c95dc796,PRJ-20260731-0176,Refinancing - Tampa / Florida - JLL Arranges $55.7M Loan for Portion of Midtown East Office Tower in Tampa,100,AST-20260731-010,art_a3d7c77d8a36975c,JLL Arranges $55.7M Loan for Portion of Midtown East Office Tower in Tampa,https://rebusinessonline.com/jll-arranges-55-7m-loan-for-portion-of-midtown-east-office-tower-in-tampa/,2026-07-30T13:22:12Z,"Tampa Electric Company, a subsidiary of TECO Energy, owns 11 floors of Midtown East that were not included in the refinancing. Florida Loans Office Southeast JLL Arranges $55.7M Loan for Portion of Midtown East Office Tower in Tampa by John Nelson July 30, 2026 July 30, 2026 2 TAMPA, FLA. — JLL has arranged a $55.7 million loan for 143,354 square feet of office and retail space within Midtown East, an 18-story office tower in Tampa. The property was delivered in April 2025 and represents the thi",valid,title/source/url metadata are internally consistent,Development Activity,GP / Capital Activity,new_or_fresh,True,unit/site count: 18-story; execution milestone: delivered; project/asset term: apartments,high,Delivery / Opening,2026-07-30,2026-07-31,1,fresh_0_3d,fresh,published date parsed; article age 1 day(s),100,open,JLL Arranges $55.7M Loan for Portion of Midtown East Office Tower in Tampa,JLL Arranges $55.7M Loan for Portion of Midtown East Office Tower in Tampa,Tampa,General submarket monitoring,Tampa,Los Angeles,Tampa / Florida,Mixed-Use Residential,Mixed-Use Residential,JLL,JLL,Unknown,Unknown,Unknown,Unknown,2026,,,354 square feet,Refinancing / Recapitalization,Refinancing / Recapitalization,Unknown site control,Delivered / Lease-Up,excluded,transaction / capital guard: refinancing,67,18,Relevant to acquisition / JV sourcing,"Review acquisition, financing, ownership, and comparable transaction details",JLL Arranges $55.7M Loan for Portion of Midtown East Office Tower in Tampa,REBusiness Online,https://rebusinessonline.com/jll-arranges-55-7m-loan-for-portion-of-midtown-east-office-tower-in-tampa/,Medium
2026-07-31,20260731-000252-c95dc796,PRJ-20260731-0003,Dobbins Group Delivers 475-Unit Apartment Community in Birmingham,80,AST-20260731-021,art_c0b436c51e596063,Dobbins Group Delivers 475-Unit Apartment Community in Birmingham,https://rebusinessonline.com/dobbins-group-delivers-475-unit-apartment-community-in-birmingham/,2026-07-30T13:20:31Z,"Amenities at Colina Hillside in Birmingham include two saltwater pools with private cabanas. Alabama Development Multifamily Southeast Dobbins Group Delivers 475-Unit Apartment Community in Birmingham by John Nelson July 30, 2026 July 30, 2026 2 BIRMINGHAM, ALA. — Dobbins Group has delivered Colina Hillside, a 475-unit apartment community located at 1121 Colina St. in Birmingham. Capstone Building Corp. served as the general contractor for the project, which comprises one-, two- and three-bedroo",valid,title/source/url metadata are internally consistent,Development Activity,,new_or_fresh,True,unit/site count: 475-unit; address/street: 1121 colina st; execution milestone: delivers; project/asset term: project,high,Delivery / Opening,2026-07-30,2026-07-31,1,fresh_0_3d,fresh,published date parsed; article age 1 day(s),100,open,Dobbins Group Delivers 475-Unit Apartment Community in Birmingham,Dobbins Group Delivers 475-Unit Apartment Community in Birmingham,1121 Colina St,General submarket monitoring,Unknown,Los Angeles,Southeast,Apartment,Apartment,,,Unknown,Unknown,Unknown,Unknown,2026,,,,General Asset Signal,General Asset Signal,Unknown site control,Delivered / Lease-Up,construction_delivery_watch,matched delivered,67,13,Relevant to underwriting benchmark,Monitor asset-level signal for repeated confirmation,Dobbins Group Delivers 475-Unit Apartment Community in Birmingham,REBusiness Online,https://rebusinessonline.com/dobbins-group-delivers-475-unit-apartment-community-in-birmingham/,Medium
2026-07-31,20260731-000252-c95dc796,PRJ-20260731-0185,Disposition / Exit - Riverside / California - Elme reaches deal to sell last property for $250M,80,AST-20260731-057,art_c90d514717f8691f,Elme reaches deal to sell last property for $250M,https://www.multifamilydive.com/news/elme-communitities-reit-liquidation-fpa-multifamily/826272/,"Mon, 27 Jul 2026 14:24:32 -0400","An article from Elme reaches deal to sell last property for $250M After one sale fell through earlier this year, the REIT entered an agreement to sell the 222-unit Riverside Apartments in Alexandria, Virginia, and related undeveloped land for $30 million less. Published July 27, 2026 Leslie Shaver Senior Reporter Share Copy link Email LinkedIn X/Twitter Facebook Print License Add us on Google The Riverside Apartments in Alexandria, Virginia. Retrieved from Elme Communities on July 27, 2026 Prope",valid,title/source/url metadata are internally consistent,Development Activity,GP / Capital Activity,acceptable_repeat,,,,,2026-07-27,2026-07-31,4,fresh_0_3d,fresh,published date parsed; article age 4 day(s),70,open,Disposition / Exit - Riverside / California - Elme reaches deal to sell last property for $250M,Disposition / Exit - Riverside / California - Elme reaches deal to sell last property for $250M,Virginia,General submarket monitoring,Virginia,Los Angeles,Unknown,Apartment,Apartment,Unknown,Unknown,Unknown,Unknown,Unknown,Unknown,No explicit timing reference,,$250M; $250M; $30 million,,Disposition / Exit,General Asset Signal,Existing asset sale,Unknown,excluded,transaction / capital guard: disposition,66,30,Relevant to underwriting benchmark,Monitor asset-level signal for repeated confirmation,Elme reaches deal to sell last property for $250M,Multifamily Dive,https://www.multifamilydive.com/news/elme-communitities-reit-liquidation-fpa-multifamily/826272/,Low
2026-07-31,20260731-000252-c95dc796,PRJ-20260731-0138,Disposition / Exit - Other / Unknown - Marcus & Millichap Announces $15M Sale of 84-Unit Multifamily Property in Schofield Wiscon...,100,AST-20260731-081,art_cb63b6f9c3c31bca,Marcus & Millichap Arranges Sale of 134-Unit Value-Add Multifamily Portfolio in Berwyn and Maywood Illinois,https://yieldpro.com/2026/07/berwyn/,"Thu, 30 Jul 2026 15:15:26 +0000","Deal boom News Facebook Twitter Linkedin Marcus & Millichap (NYSE: MMI) , a leading commercial real estate brokerage firm specializing in investment sales, financing, research and advisory services, announced the sale of a 134-unit multifamily portfolio in Berwyn and Maywood, Illinois . “This transaction highlights the continued demand for multifamily assets in western Cook County, where investors remain attracted to strong suburban fundamentals and convenient access to Chicago,” said Sam Antrea",valid,title/source/url metadata are internally consistent,Development Activity,GP / Capital Activity; Market Intelligence,new_or_fresh,,,,,2026-07-30,2026-07-31,1,fresh_0_3d,fresh,published date parsed; article age 1 day(s),100,open,Disposition / Exit - Other / Unknown - Marcus & Millichap Arranges Sale of 134-Unit Value-Add Multifamily Portfolio in Berwyn and...,Disposition / Exit - Other / Unknown - Marcus & Millichap Arranges Sale of 134-Unit Value-Add Multifamily Portfolio in Berwyn and...,Unknown,General submarket monitoring,Unknown,Other / Unknown,Unknown,Multifamily,Multifamily,Marcus & Millichap,Marcus & Millichap,Unknown,Unknown,Unknown,Unknown,No explicit timing reference,,,,Disposition / Exit,General Asset Signal,Existing asset sale,Unknown,excluded,transaction / capital guard: disposition,66,20,Relevant to underwriting benchmark,Monitor asset-level signal for repeated confirmation,Marcus & Millichap Arranges Sale of 134-Unit Value-Add Multifamily Portfolio in Berwyn and Maywood Illinois,Yield PRO,https://yieldpro.com/2026/07/berwyn/,Medium
2026-07-31,20260731-000252-c95dc796,PRJ-20260731-0122,Acquisition - Other / Unknown - 8 notable interviews with multifamily pros this summer,100,AST-20260731-072,art_553e28c72375fba3,8 notable interviews with multifamily pros this summer,https://www.multifamilydive.com/news/multifamily-investment-strategy-leader-interviews/826279/,"Thu, 30 Jul 2026 13:05:00 -0400","An article from 8 notable interviews with multifamily pros this summer Executives from Morgan Properties, Alliance Residential and LV Collective tackle apartment acquisitions and design. Published July 30, 2026 Leslie Shaver Senior Reporter Share Copy link Email LinkedIn X/Twitter Facebook Print Add us on Google Chelsea Kloss, chief design officer at LV Collective. Courtesy of LV Collective While the apartment sales market remains largely stuck in neutral, some big names are actively sourcing de",valid,title/source/url metadata are internally consistent,GP / Capital Activity,,new_or_fresh,,,,,2026-07-30,2026-07-31,1,fresh_0_3d,fresh,published date parsed; article age 1 day(s),100,open,Acquisition - Other / Unknown - 8 notable interviews with multifamily pros this summer,Acquisition - Other / Unknown - 8 notable interviews with multifamily pros this summer,Unknown,General submarket monitoring,Unknown,Other / Unknown,Unknown,Apartment,Apartment,Alliance Residential,Alliance Residential,Unknown,Unknown,Unknown,Unknown,No explicit timing reference,,,,Acquisition,General Asset Signal,Existing asset sale,Unknown,excluded,transaction / capital guard: acquisition,65,22,Relevant to underwriting benchmark,Monitor asset-level signal for repeated confirmation,8 notable interviews with multifamily pros this summer,Multifamily Dive,https://www.multifamilydive.com/news/multifamily-investment-strategy-leader-interviews/826279/,Medium
2026-07-31,20260731-000252-c95dc796,PRJ-20260731-0084,General Project Signal - Los Angeles / California - Flying over Harbor-UCLA Medical Center's $1.8B expansion,80,AST-20260731-084,art_d586316ca94af4f4,Flying over Harbor-UCLA Medical Center's $1.8B expansion,https://la.urbanize.city/post/flying-over-harbor-ucla-medical-centers-18b-expansion,"Mon, 27 Jul 2026 13:15:00 +0000","Flying over Harbor-UCLA Medical Center's $1.8B expansion | Urbanize LA Skip to main content Advertisement Advertisement One year since our last update, the $1.8-billion revamp of the Harbor-UCLA Medical Center continues to push toward completion ion West Carson . The centerpiece of the project is a nine-story, 555,000-square-foot hospital tower that will feature 347 patient beds. That total includes a 44-bed intensive care unit, 200 medical-surgical beds, 20 neonatal intensive care units beds, a",valid,title/source/url metadata are internally consistent,Development Activity,,repeat_penalized,,,,,2026-07-27,2026-07-31,4,fresh_0_3d,fresh,published date parsed; article age 4 day(s),58,access_limited,General Project Signal - Los Angeles / California - Flying over Harbor-UCLA Medical Center's $1.8B expansion,General Project Signal - Los Angeles / California - Flying over Harbor-UCLA Medical Center's $1.8B expansion,Los Angeles / California,Hospital-adjacent,Los Angeles / California,Los Angeles,Unknown,Student Housing,Unknown Residential,Unknown,Unknown,Unknown,Unknown,Unknown,Unknown,No explicit timing reference,,$1.8B; $1.8B; $1.8,,General Project Signal,General Asset Signal,Unknown site control,Unknown,construction_delivery_watch,matched development / asset strategy execution,64,26,Relevant to underwriting benchmark,Monitor asset-level signal for repeated confirmation,Flying over Harbor-UCLA Medical Center's $1.8B expansion,Urbanize LA,https://la.urbanize.city/post/flying-over-harbor-ucla-medical-centers-18b-expansion,Low
2026-07-31,20260731-000252-c95dc796,PRJ-20260731-0109,Acquisition - Miami / Florida - Corient Acquires $4.9B New York Multi-Family Office,80,AST-20260731-066,art_3eb3fffa01477ebf,Corient Acquires $4.9B New York Multi-Family Office,https://www.wealthmanagement.com/ria-news/corient-acquires-49b-seven-bridges-advisors,"Tue, 28 Jul 2026 13:00:00 GMT","Corient Acquires $4.9B Seven Bridges Advisors RIA Industry News & Trends News Corient Acquires $4.9B New York Multi-Family Office The Miami-based RIA continues its acquisition spree with the addition of the New York multi-family office Seven Bridges. Diana Britton , Executive Editor , Wealth Management July 28, 2026 schedule 1 Min Read Corient, the Miami-based registered investment advisor owned by the Mubadala Investment Company, has acquired Seven Bridges Advisors, a New York-based RIA with $4",valid,title/source/url metadata are internally consistent,GP / Capital Activity,,repeat_penalized,,,,,2026-07-28,2026-07-31,3,fresh_0_3d,fresh,published date parsed; article age 3 day(s),58,access_limited,Acquisition - Miami / Florida - Corient Acquires $4.9B New York Multi-Family Office,Acquisition - Miami / Florida - Corient Acquires $4.9B New York Multi-Family Office,Miami,General submarket monitoring,Miami,Miami / Florida,Unknown,Multifamily,Multifamily,Unknown,Unknown,Unknown,Unknown,Unknown,Unknown,No explicit timing reference,,$4.9B; $4.9B; $4.9B,,Acquisition,General Asset Signal,Existing asset sale,Unknown,excluded,transaction / capital guard: acquisition,63,29,Relevant to underwriting benchmark,Monitor asset-level signal for repeated confirmation,Corient Acquires $4.9B New York Multi-Family Office,WealthManagement Real Estate,https://www.wealthmanagement.com/ria-news/corient-acquires-49b-seven-bridges-advisors,Low
2026-07-31,20260731-000252-c95dc796,PRJ-20260731-0174,General Project Signal - Southeast - Dobbins Group Delivers 475-Unit Apartment Community in Birmingham,80,AST-20260731-074,art_c0b436c51e596063,Dobbins Group Delivers 475-Unit Apartment Community in Birmingham,https://rebusinessonline.com/dobbins-group-delivers-475-unit-apartment-community-in-birmingham/,2026-07-30T13:20:31Z,"Amenities at Colina Hillside in Birmingham include two saltwater pools with private cabanas. Alabama Development Multifamily Southeast Dobbins Group Delivers 475-Unit Apartment Community in Birmingham by John Nelson July 30, 2026 July 30, 2026 2 BIRMINGHAM, ALA. — Dobbins Group has delivered Colina Hillside, a 475-unit apartment community located at 1121 Colina St. in Birmingham. Capstone Building Corp. served as the general contractor for the project, which comprises one-, two- and three-bedroo",valid,title/source/url metadata are internally consistent,Development Activity,,new_or_fresh,,,,,2026-07-30,2026-07-31,1,fresh_0_3d,fresh,published date parsed; article age 1 day(s),100,open,General Project Signal - Southeast - Dobbins Group Delivers 475-Unit Apartment Community in Birmingham,General Project Signal - Southeast - Dobbins Group Delivers 475-Unit Apartment Community in Birmingham,Southeast,General submarket monitoring,Southeast,Southeast,Southeast,Apartment,Apartment,Unknown,Unknown,Unknown,Unknown,Unknown,Unknown,No explicit timing reference,,$1; $3,,General Project Signal,General Asset Signal,Unknown site control,Unknown,construction_delivery_watch,matched delivers,63,29,Relevant to underwriting benchmark,Monitor asset-level signal for repeated confirmation,Dobbins Group Delivers 475-Unit Apartment Community in Birmingham,REBusiness Online,https://rebusinessonline.com/dobbins-group-delivers-475-unit-apartment-community-in-birmingham/,Low
2026-07-31,20260731-000252-c95dc796,PRJ-20260731-0033,Arrow Arranges $85M Construction Loan for Miami Condo Project,100,AST-20260731-012,art_120b790785971abe,Arrow Arranges $85M Construction Loan for Miami Condo Project,https://www.connectcre.com/stories/arrow-arranges-85m-construction-loan-for-miami-condo-project/,"Wed, 29 Jul 2026 15:20:50 +0000","Florida & Gulf Coast CRE News In Your Inbox. Sign up for Connect emails to stay informed with CRE stories that are 150 words or less. Florida & Gulf Coast + South Florida + Apartments | July 29, 2026 By: Mike Boyd Arrow Arranges $85M Construction Loan for Miami Condo Project Arrow Real Estate Advisors arranged an $85 million construction loan on behalf of Northlink Capital for the development of 7200 Collins Avenue, a 222-unit luxury condominium project in Miami Beach, Florida. The financing, pr",valid,title/source/url metadata are internally consistent,Development Activity,GP / Capital Activity,acceptable_repeat,True,unit/site count: 222-unit; address/street: 7200 collins avenue; project/asset term: project; project financing tied to anchor: construction loan,high,Project Financing / Capital Event,2026-07-29,2026-07-31,2,fresh_0_3d,fresh,published date parsed; article age 2 day(s),78,open,Arrow Arranges $85M Construction Loan for Miami Condo Project,Arrow Arranges $85M Construction Loan for Miami Condo Project,7200 Collins Avenue,General submarket monitoring,Miami,Miami / Florida,Miami / Florida,Apartment,Apartment,Northlink Capital,Northlink Capital,Unknown,Unknown,Unknown,Unknown,2026,,,,Refinancing / Recapitalization,Refinancing / Recapitalization,Unknown site control,Unknown,excluded,transaction / capital guard: loan,63,26,Relevant to acquisition / JV sourcing,"Review acquisition, financing, ownership, and comparable transaction details",Arrow Arranges $85M Construction Loan for Miami Condo Project,Connect CRE South Florida,https://www.connectcre.com/stories/arrow-arranges-85m-construction-loan-for-miami-condo-project/,Medium
2026-07-31,20260731-000252-c95dc796,PRJ-20260731-0026,"Office-to-Housing Conversion For 575 Sutter Street, San Francisco",80,AST-20260731-023,art_6d40f65a289d1cae,"Office-to-Housing Conversion For 575 Sutter Street, San Francisco",https://sfyimby.com/2026/07/office-to-housing-conversion-for-575-sutter-street-san-francisco.html,"Tue, 28 Jul 2026 12:30:52 +0000","575 Sutter Street, image via Google Street View By: Andrew Nelson 5:30 am on July 28, 2026 Permits have been filed to convert a portion of a commercial office space into housing at 575 Sutter Street in the Union Square neighborhood of San Francisco . The application invokes the city’s Downtown Adaptive Reuse program for the construction of a dozen residential units. AHK Group is listed as the property owner, filing through One Timberlake Inc. The commercial floor use will be split between the gr",valid,title/source/url metadata are internally consistent,Development Activity,,repeat_penalized,True,address/street: 575 sutter street,medium,Approval / Entitlement,2026-07-28,2026-07-31,3,fresh_0_3d,fresh,published date parsed; article age 3 day(s),58,access_limited,"Office-to-Housing Conversion For 575 Sutter Street, San Francisco","Office-to-Housing Conversion For 575 Sutter Street, San Francisco",575 Sutter Street,Downtown infill; Adaptive reuse corridor,Unknown,Los Angeles,San Francisco / California,Office-to-Residential Conversion,Office-to-Residential Conversion,,,Unknown,Unknown,Unknown,Unknown,2026,,,,Office-to-Residential Conversion,Office-to-Residential Conversion,Unknown site control,Unknown,approval_watch,matched permit,60,27,Relevant to underwriting benchmark,Monitor office conversion feasibility and policy support,"Office-to-Housing Conversion For 575 Sutter Street, San Francisco",SF YIMBY,https://sfyimby.com/2026/07/office-to-housing-conversion-for-575-sutter-street-san-francisco.html,Medium
2026-07-31,20260731-000252-c95dc796,PRJ-20260731-0112,Office-to-Residential Conversion - National - Abby Goldenfarb Joins WinnDevelopment as SVP,80,AST-20260731-085,art_3a8b89decd6f67de,Abby Goldenfarb Joins WinnDevelopment as SVP,https://www.connectcre.com/stories/abby-goldenfarb-joins-winndevelopment-as-svp/,"Thu, 30 Jul 2026 21:00:03 +0000","Boston & New England CRE News In Your Inbox. Sign up for Connect emails to stay informed with CRE stories that are 150 words or less. Boston & New England + Boston + Apartments | July 30, 2026 By: Paul Bubny Abby Goldenfarb Joins WinnDevelopment as SVP Boston-based WinnCompanies, a national owner, developer and manager of apartment communities, has hired Abby Goldenfarb as an SVP for WinnDevelopment.Goldenfarb previously spent more than two decades with Trinity Financial in Boston, where she has",valid,title/source/url metadata are internally consistent,Development Activity,,new_or_fresh,,,,,2026-07-30,2026-07-31,1,fresh_0_3d,fresh,published date parsed; article age 1 day(s),100,open,Office-to-Residential Conversion - National - Abby Goldenfarb Joins WinnDevelopment as SVP,Office-to-Residential Conversion - National - Abby Goldenfarb Joins WinnDevelopment as SVP,National,Office conversion corridor,National,National,Unknown,Office-to-Residential Conversion,Office-to-Residential,Unknown,Unknown,Unknown,Unknown,Unknown,Unknown,No explicit timing reference,,,,Office-to-Residential Conversion,Office-to-Residential Conversion,Unknown site control,Unknown,construction_delivery_watch,matched development / asset strategy execution,59,42,Relevant to underwriting benchmark,Monitor office conversion feasibility and policy support,Abby Goldenfarb Joins WinnDevelopment as SVP,Connect CRE,https://www.connectcre.com/stories/abby-goldenfarb-joins-winndevelopment-as-svp/,Low
2026-07-31,20260731-000252-c95dc796,PRJ-20260731-0168,Disposition / Exit - Seattle - Kidder Mathews Arranges Sale of Apartments in Ellensburg,80,AST-20260731-062,art_2d7fd6638142bee5,Kidder Mathews Arranges Sale of Apartments in Ellensburg,https://www.connectcre.com/stories/kidder-mathews-arranges-sale-of-apartments-in-ellensburg/,"Thu, 30 Jul 2026 19:41:52 +0000","Seattle & Northwest CRE News In Your Inbox. Sign up for Connect emails to stay informed with CRE stories that are 150 words or less. Seattle & Northwest + Washington + Apartments | July 30, 2026 By: Jasmine Kilman Kidder Mathews Arranges Sale of Apartments in Ellensburg Campus Village Apartments, a 41-unit apartment community located at 925 E. 18th Avenue in Ellensburg, Washington, has sold for $4.5 million. Kidder Mathews Vice President Max Frame of the Simon Anderson Multifamily Team represent",valid,title/source/url metadata are internally consistent,Development Activity,GP / Capital Activity,new_or_fresh,,,,,2026-07-30,2026-07-31,1,fresh_0_3d,fresh,published date parsed; article age 1 day(s),100,open,Disposition / Exit - Seattle - Kidder Mathews Arranges Sale of Apartments in Ellensburg,Disposition / Exit - Seattle - Kidder Mathews Arranges Sale of Apartments in Ellensburg,Seattle,General submarket monitoring,Seattle,Seattle,Seattle,Apartment,Apartment,Unknown,Unknown,Unknown,Unknown,Unknown,Unknown,No explicit timing reference,,$4.5 million; $4.5 million,,Disposition / Exit,General Asset Signal,Existing asset sale,Unknown,excluded,transaction / capital guard: disposition,59,33,Relevant to underwriting benchmark,Monitor asset-level signal for repeated confirmation,Kidder Mathews Arranges Sale of Apartments in Ellensburg,Connect CRE Apartments,https://www.connectcre.com/stories/kidder-mathews-arranges-sale-of-apartments-in-ellensburg/,Low
2026-07-31,20260731-000252-c95dc796,PRJ-20260731-0098,Acquisition - New York City / New York - Delshah Capital Acquires Five Upper West Side Apartment Buildings for $37M,80,AST-20260731-079,art_845d4f079e2b1905,351 townhomes take shape in Carson,https://la.urbanize.city/post/351-townhomes-take-shape-carson,"Wed, 29 Jul 2026 13:15:00 +0000","351 townhomes take shape in Carson | Urbanize LA Skip to main content Advertisement Advertisement Lennar has unveiled a new development just west of the I-405 Freeway in Carson. The Manhattan Square development, located along the west side of Avalon Boulevard, includes 351 condominiums and townhomes, with prices starting in the mid $700,000s. ""Manhattan Square represents an exciting new chapter for Carson — one that brings much-needed homeownership opportunities at exceptional price points to on",valid,title/source/url metadata are internally consistent,Development Activity,,acceptable_repeat,,,,,2026-07-29,2026-07-31,2,fresh_0_3d,fresh,published date parsed; article age 2 day(s),66,access_limited,General Project Signal - New York City / New York - 351 townhomes take shape in Carson,General Project Signal - New York City / New York - 351 townhomes take shape in Carson,Manhattan,General submarket monitoring,Manhattan,New York City / New York,Unknown,Mixed-Use Residential,Apartment,Unknown,Unknown,Unknown,Unknown,Unknown,Unknown,No explicit timing reference,,$700; $700,,General Project Signal,General Asset Signal,Unknown site control,Unknown,construction_delivery_watch,matched development / asset strategy execution,59,27,Relevant to underwriting benchmark,Monitor asset-level signal for repeated confirmation,351 townhomes take shape in Carson,Urbanize LA,https://la.urbanize.city/post/351-townhomes-take-shape-carson,Low
2026-07-31,20260731-000252-c95dc796,PRJ-20260731-0001,Delshah Capital Acquires Five Upper West Side Apartment Buildings for $37M,100,AST-20260731-017,art_7438a086f07fb98d,Delshah Capital Acquires Five Upper West Side Apartment Buildings for $37M,https://commercialobserver.com/2026/07/delshah-upper-west-side-sale-quality-capital-37m/,"Thu, 30 Jul 2026 19:18:05 +0000","Residential · Multifamily Upper West Side Investments & Sales Delshah Capital Acquires Five Upper West Side Apartment Buildings for $37M By Emily Davis July 30, 2026 3:18 pm reprints Michael Shah and 10-16 Manhattan Avenue. PHOTOS: Yvonne Albinowski/For Commercial Observer; Propertyshark Michael Shah ’s DelShah Capital is back at it again with another multi-address, multifamily acquisition. The real estate private equity and asset management firm paid Quality Capital USA $36.9 million for five r",valid,title/source/url metadata are internally consistent,Development Activity,GP / Capital Activity,new_or_fresh,True,address/street: 16 manhattan avenue,medium,Project / Asset,2026-07-30,2026-07-31,1,fresh_0_3d,fresh,published date parsed; article age 1 day(s),100,open,Delshah Capital Acquires Five Upper West Side Apartment Buildings for $37M,Delshah Capital Acquires Five Upper West Side Apartment Buildings for $37M,10-16 Manhattan Avenue,General submarket monitoring,Manhattan,New York City / New York,New York City / New York,Apartment,Apartment,Delshah Capital,Delshah Capital,Unknown,Unknown,Unknown,Unknown,2026,,,,General Asset Signal,General Asset Signal,Existing asset sale,Unknown,excluded,transaction / capital guard: sale,58,23,Relevant to underwriting benchmark,Monitor asset-level signal for repeated confirmation,Delshah Capital Acquires Five Upper West Side Apartment Buildings for $37M,Commercial Observer,https://commercialobserver.com/2026/07/delshah-upper-west-side-sale-quality-capital-37m/,Medium
2026-07-31,20260731-000252-c95dc796,PRJ-20260731-0140,JV / Partnership - Other / Unknown - Crossroads Companies with CrownPoint Group Complete 80East a New Luxury Apartment Communit...,80,AST-20260731-092,art_e7fcf1171af1b281,Share of Apartments Built in Buildings with 50+ Units Moves Higher in 2025,https://eyeonhousing.org/2026/07/share-of-apartments-built-in-buildings-with-50-units-moves-higher-in-2025/,"Mon, 27 Jul 2026 14:16:05 +0000","Share of Apartments Built in Buildings with 50+ Units Moves Higher in 2025 – Eye On Housing Skip to content Share of Apartments Built in Buildings with 50+ Units Moves Higher in 2025 July 27, 2026 Jesse Wade No Comments Following the highest number of multifamily completions in nearly 40 years in 2024, completions declined in 2025 to 484,000, according to NAHB analysis of the Census Bureau’s Survey of Construction . For the ninth consecutive year, a majority of new multifamily units were in buil",valid,title/source/url metadata are internally consistent,Development Activity,,acceptable_repeat,,,,,2026-07-27,2026-07-31,4,fresh_0_3d,fresh,published date parsed; article age 4 day(s),70,open,General Project Signal - Other / Unknown - Share of Apartments Built in Buildings with 50+ Units Moves Higher in 2025,General Project Signal - Other / Unknown - Share of Apartments Built in Buildings with 50+ Units Moves Higher in 2025,Unknown,General submarket monitoring,Unknown,Other / Unknown,Unknown,Apartment,Apartment,Unknown,Unknown,Unknown,Unknown,Unknown,Unknown,in 2025,,,,General Project Signal,General Asset Signal,Unknown site control,Unknown,construction_delivery_watch,matched development / asset strategy execution,57,31,Relevant to underwriting benchmark,Monitor asset-level signal for repeated confirmation,Share of Apartments Built in Buildings with 50+ Units Moves Higher in 2025,NAHB Eye on Housing - Multifamily,https://eyeonhousing.org/2026/07/share-of-apartments-built-in-buildings-with-50-units-moves-higher-in-2025/,Low
2026-07-31,20260731-000252-c95dc796,PRJ-20260731-0171,Construction Financing - Miami / Florida - Affiliated Closes Financing on Mixed-Income Fort Lauderdale Apartment Project,80,AST-20260731-065,art_f7ec78101c9e5ac5,Miami's Condo Craze Has Developers Spending Millions On Sales Galleries,https://www.bisnow.com/south-florida/news/multifamily/luxury-condo-developers-spending-millions-on-sales-galleries-to-stand-out-crowded-miami-market-135534,"Wed, 22 Jul 2026 17:40:19 -0400","News Miami's Condo Craze Has Developers Spending Millions On Sales Galleries South Florida Multifamily View count: South Florida Multifamily July 29, 2026 | 8:15 p.m. ET Chloe Gallivan, South Florida How do you convince someone to spend $3M to live in a tower that carries the branding of legendary DJ Kygo's Palm Tree Crew? It starts with a turntable in a one-story building on a patch of asphalt. The 22K SF property in Downtown Miami is the sales center for a handful of projects being developed b",valid,title/source/url metadata are internally consistent,Market Intelligence,GP / Capital Activity,new_or_fresh,,,,,2026-07-22,2026-07-31,9,recent_4_14d,recent,published date parsed; article age 9 day(s),88,access_limited,Disposition / Exit - Miami / Florida - Miami's Condo Craze Has Developers Spending Millions On Sales Galleries,Disposition / Exit - Miami / Florida - Miami's Condo Craze Has Developers Spending Millions On Sales Galleries,South Florida,General submarket monitoring,South Florida,Miami / Florida,Unknown,Multifamily,Multifamily,Unknown,Unknown,Unknown,Unknown,Unknown,Unknown,No explicit timing reference,,$3M; $3m,,Disposition / Exit,General Asset Signal,Existing asset sale,Unknown,excluded,transaction / capital guard: disposition,56,31,Relevant to underwriting benchmark,Monitor asset-level signal for repeated confirmation,Miami's Condo Craze Has Developers Spending Millions On Sales Galleries,Bisnow,https://www.bisnow.com/south-florida/news/multifamily/luxury-condo-developers-spending-millions-on-sales-galleries-to-stand-out-crowded-miami-market-135534,Low
2026-07-31,20260731-000252-c95dc796,PRJ-20260731-0054,Entitlement / Permitting - Austin / Texas - Ryan Cos. Secures Permit For Austin's Sixth Street Redevelopment,80,AST-20260731-077,art_bee77657be04e43a,Ryan Cos. Secures Permit For Austin's Sixth Street Redevelopment,https://www.bisnow.com/austin-san-antonio/news/multifamily/ryan-cos-secures-building-permit-moving-austins-sixth-street-redevelopment-forward-135584,"Tue, 28 Jul 2026 10:40:55 -0400","News Ryan Cos. Secures Permit For Austin's Sixth Street Redevelopment Austin - San Antonio Multifamily View count: Austin - San Antonio Multifamily July 29, 2026 | 2:08 p.m. ET Jessica Beebe, National A major redevelopment of downtown Austin’s Grant Plaza is one step closer to moving forward now that the developer has secured a building permit for a mixed-use project on the site. Unsplash/Carlos Alfonso Minneapolis-based developer Ryan Cos. obtained a building permit on July 1 for its planned si",valid,title/source/url metadata are internally consistent,Development Activity,,new_or_fresh,,,,,2026-07-28,2026-07-31,3,fresh_0_3d,fresh,published date parsed; article age 3 day(s),88,access_limited,Entitlement / Permitting - Austin / Texas - Ryan Cos. Secures Permit For Austin's Sixth Street Redevelopment,Entitlement / Permitting - Austin / Texas - Ryan Cos. Secures Permit For Austin's Sixth Street Redevelopment,Austin,General submarket monitoring,Austin,Austin / Texas,Unknown,Mixed-Use Residential,Mixed-Use Residential,Unknown,Unknown,Unknown,Unknown,Unknown,Unknown,No explicit timing reference,,,,Entitlement / Permitting,Entitlement Play,Project under entitlement,Unknown,approval_watch,matched permit,54,29,Relevant to entitlement monitoring,"Track entitlement, permit, density bonus, and construction-readiness milestones",Ryan Cos. Secures Permit For Austin's Sixth Street Redevelopment,Bisnow,https://www.bisnow.com/austin-san-antonio/news/multifamily/ryan-cos-secures-building-permit-moving-austins-sixth-street-redevelopment-forward-135584,Low
2026-07-31,20260731-000252-c95dc796,PRJ-20260731-0140,JV / Partnership - Other / Unknown - Crossroads Companies with CrownPoint Group Complete 80East a New Luxury Apartment Communit...,80,AST-20260731-078,art_3cf9574cfe3ad1d1,Apartment sales ticked up slightly to $36.7B in Q2: MSCI,https://www.multifamilydive.com/news/apartment-prices-multifamily-sales-veris-residential/826271/,"Mon, 27 Jul 2026 14:19:41 -0400","An article from Dive Brief Apartment sales ticked up slightly to $36.7B in Q2: MSCI Multifamily prices dropped 1.7% YOY in Q2, marking two years of negative readings in the sector, as the Veris Residential privatization drove volume. Published July 27, 2026 Leslie Shaver Senior Reporter Share Copy link Email LinkedIn X/Twitter Facebook Print License Add us on Google Getty Images Dive Brief: Apartment sales rose 1% year over year to $36.7 billion in the second quarter of 2026, according to a repo",valid,title/source/url metadata are internally consistent,GP / Capital Activity,Market Intelligence,acceptable_repeat,,,,,2026-07-27,2026-07-31,4,fresh_0_3d,fresh,published date parsed; article age 4 day(s),70,open,Disposition / Exit - Other / Unknown - Apartment sales ticked up slightly to $36.7B in Q2: MSCI,Disposition / Exit - Other / Unknown - Apartment sales ticked up slightly to $36.7B in Q2: MSCI,Unknown,General submarket monitoring,Unknown,Other / Unknown,Unknown,Apartment,Apartment,Unknown,Unknown,Unknown,Unknown,Unknown,Unknown,No explicit timing reference,,$36.7B; $36.7B; $36.7 billion,,Disposition / Exit,General Asset Signal,Existing asset sale,Unknown,excluded,transaction / capital guard: disposition,53,29,Relevant to underwriting benchmark,Monitor asset-level signal for repeated confirmation,Apartment sales ticked up slightly to $36.7B in Q2: MSCI,Multifamily Dive,https://www.multifamilydive.com/news/apartment-prices-multifamily-sales-veris-residential/826271/,Low
2026-07-31,20260731-000252-c95dc796,PRJ-20260731-0140,JV / Partnership - Other / Unknown - Crossroads Companies with CrownPoint Group Complete 80East a New Luxury Apartment Communit...,80,AST-20260731-076,art_3d79b70fec0dfec9,Meritage Q2 2026 earnings telegraph move-up buyer pivot,https://www.housingwire.com/articles/meritage-earnings-q2-mix-shift/,"Thu, 30 Jul 2026 21:32:28 +0000","For much of the past decade, Meritage Homes has stood as one of public homebuilding’s clearest business use cases that thoughtfully designed, efficiently built entry-level homes could unlock homeownership for thousands of households who otherwise might have remained renters. The company’s strategy wasn’t simply to build smaller homes. It reshaped its land acquisition, product design, construction processes and operating model around first-time buyers, becoming one of the industry’s most discipli",valid,title/source/url metadata are internally consistent,Development Activity,GP / Capital Activity,new_or_fresh,,,,,2026-07-30,2026-07-31,1,fresh_0_3d,fresh,published date parsed; article age 1 day(s),100,open,Acquisition - Other / Unknown - Meritage Q2 2026 earnings telegraph move-up buyer pivot,Acquisition - Other / Unknown - Meritage Q2 2026 earnings telegraph move-up buyer pivot,Unknown,General submarket monitoring,Unknown,Other / Unknown,Unknown,General Residential,BTR / Single-Family Rental,Unknown,Unknown,Unknown,Unknown,Unknown,Unknown,Q2 2026,,,,Acquisition,General Asset Signal,Existing asset sale,Unknown,excluded,transaction / capital guard: acquisition,51,30,Relevant to underwriting benchmark,Monitor asset-level signal for repeated confirmation,Meritage Q2 2026 earnings telegraph move-up buyer pivot,HousingWire,https://www.housingwire.com/articles/meritage-earnings-q2-mix-shift/,Low
2026-07-31,20260731-000252-c95dc796,PRJ-20260731-0070,Acquisition - Dallas / Texas - Newmark Arranges Sale of 452-Unit Apartment Community in East Fort Worth,80,AST-20260731-018,art_2f76485af943ec93,Newmark Arranges Sale of 452-Unit Apartment Community in East Fort Worth,https://rebusinessonline.com/newmark-arranges-sale-of-452-unit-apartment-community-in-east-fort-worth/,2026-07-30T14:57:57Z,"Centreport Lake in Fort Worth was 91 percent occupied at the time of sale. The new ownership plans to make capital improvements to the property. Acquisitions Multifamily Texas Newmark Arranges Sale of 452-Unit Apartment Community in East Fort Worth by Taylor Williams July 30, 2026 July 30, 2026 4 FORT WORTH, TEXAS — Newmark has arranged the sale of Centreport Lake, a 452-unit apartment community in East Fort Worth. Built on 24 acres in 2008, the property offers one-, two- and three-bedroom apart",valid,title/source/url metadata are internally consistent,Development Activity,GP / Capital Activity,new_or_fresh,True,unit/site count: 452-unit; project/asset term: community,high,Project / Asset,2026-07-30,2026-07-31,1,fresh_0_3d,fresh,published date parsed; article age 1 day(s),100,open,Newmark Arranges Sale of 452-Unit Apartment Community in East Fort Worth,Newmark Arranges Sale of 452-Unit Apartment Community in East Fort Worth,Fort Worth,General submarket monitoring,Fort Worth,Los Angeles,Dallas / Texas,Apartment,Apartment,Unknown,Unknown,Unknown,Unknown,Unknown,Unknown,in 2008,,,24 acres,General Asset Signal,General Asset Signal,Land / parcel referenced,Unknown,excluded,transaction / capital guard: sale,50,31,Relevant to underwriting benchmark,Monitor asset-level signal for repeated confirmation,Newmark Arranges Sale of 452-Unit Apartment Community in East Fort Worth,REBusiness Online,https://rebusinessonline.com/newmark-arranges-sale-of-452-unit-apartment-community-in-east-fort-worth/,Medium
2026-07-31,20260731-000252-c95dc796,PRJ-20260731-0140,JV / Partnership - Other / Unknown - Crossroads Companies with CrownPoint Group Complete 80East a New Luxury Apartment Communit...,80,AST-20260731-091,art_34ca4d1cb065b94a,Crossroads Companies with CrownPoint Group Complete 80East a New Luxury Apartment Community in Downtown Dover New Jersey,https://yieldpro.com/2026/07/80east/,"Thu, 30 Jul 2026 16:21:17 +0000","Deal boom News Facebook Twitter Linkedin A joint venture between Crossroads Companies and CrownPoint Group Inc. has now completed 80East , a brand-new luxury apartment community in the heart of downtown Dover, NJ. The six-story development represents the long-awaited transformation of a vacant property at the corner of East McFarlan and Passaic streets to expand housing options in this growing Morris County hub. Featuring a mix of studio, one-bedroom and two-bedroom apartment homes, the communit",valid,title/source/url metadata are internally consistent,Market Intelligence,GP / Capital Activity,new_or_fresh,,,,,2026-07-30,2026-07-31,1,fresh_0_3d,fresh,published date parsed; article age 1 day(s),100,open,JV / Partnership - Other / Unknown - Crossroads Companies with CrownPoint Group Complete 80East a New Luxury Apartment Communit...,JV / Partnership - Other / Unknown - Crossroads Companies with CrownPoint Group Complete 80East a New Luxury Apartment Communit...,Unknown,Downtown infill,Unknown,Other / Unknown,Unknown,Apartment,BTR / Single-Family Rental,Unknown,Unknown,Unknown,Unknown,Unknown,Completed / opened,completed,,,,JV / Partnership,Lease-Up / Delivery,Unknown site control,Delivered / Lease-Up,construction_delivery_watch,matched completed,50,18,Relevant to underwriting benchmark,Monitor asset-level signal for repeated confirmation,Crossroads Companies with CrownPoint Group Complete 80East a New Luxury Apartment Community in Downtown Dover New Jersey,Yield PRO,https://yieldpro.com/2026/07/80east/,Low
2026-07-31,20260731-000252-c95dc796,PRJ-20260731-0136,Disposition / Exit - Other / Unknown - JLL Arranges the Sale of Twelve 501 Apartments in South Central Twin Cities Suburb,100,AST-20260731-095,,JLL Arranges the Sale of Twelve 501 Apartments in South Central Twin Cities Suburb,https://yieldpro.com/2026/07/twelve-501-apartments/,,,,,,,,,,,,,,,unknown_date,unknown_date_review,derived row did not carry source published date,,,JLL Arranges the Sale of Twelve 501 Apartments in South Central Twin Cities Suburb,JLL Arranges the Sale of Twelve 501 Apartments in South Central Twin Cities Suburb,Other / Unknown,General submarket monitoring,Other / Unknown,Other / Unknown,Other / Unknown,Apartment,Apartment,JLL,JLL,Unknown,Unknown,Unknown,Unknown,No explicit timing reference,,,,General Asset Signal,General Asset Signal,Existing asset sale,Unknown,excluded,transaction / capital guard: sale,47,24,Relevant to underwriting benchmark,Monitor asset-level signal for repeated confirmation,JLL Arranges the Sale of Twelve 501 Apartments in South Central Twin Cities Suburb,Yield PRO,https://yieldpro.com/2026/07/twelve-501-apartments/,Low
2026-07-31,20260731-000252-c95dc796,PRJ-20260731-0046,Development Start - Atlanta / Georgia - Financing Secured for Centennial Yards Mixed-Use Project,100,AST-20260731-026,art_d7d8176bdd750a59,Financing Secured for Centennial Yards Mixed-Use Project,https://www.connectcre.com/stories/financing-secured-for-centennial-yards-mixed-use-project/,"Mon, 13 Jul 2026 14:23:26 +0000","Atlanta & Southeast News In Your Inbox Sign up for Connect emails to stay informed with CRE stories that are 150 words or less. Atlanta & Southeast + Atlanta + Apartments | July 13, 2026 By: Mike Boyd Financing Secured for Centennial Yards Mixed-Use Project Centennial Yards Co. plans to build a 12-story building with approximately 280 apartments, 62,000 square feet of retail space and a 509-space parking garage. A CIM Group subsidiary is still ironing out last minute details before construction ",valid,title/source/url metadata are internally consistent,Development Activity,GP / Capital Activity,repeat_penalized,,,,,2026-07-13,2026-07-31,18,old_31d_plus,old,published date parsed; article age 18 day(s),5,open,Development Start - Atlanta / Georgia - Financing Secured for Centennial Yards Mixed-Use Project,Development Start - Atlanta / Georgia - Financing Secured for Centennial Yards Mixed-Use Project,Atlanta,Mixed-use corridor,Atlanta,Los Angeles,Unknown,Mixed-Use Residential,Mixed-Use Residential,CIM Group,CIM Group,Unknown,Unknown,Unknown,Unknown,No explicit timing reference,280 apartments,$5 billion,,Development Start,Development Start,Unknown site control,Unknown,excluded,transaction / capital guard: financing,43,0,General monitoring,Monitor asset-level signal for repeated confirmation,Financing Secured for Centennial Yards Mixed-Use Project,Connect CRE Atlanta,https://www.connectcre.com/stories/financing-secured-for-centennial-yards-mixed-use-project/,Low
2026-07-31,20260731-000252-c95dc796,PRJ-20260731-0057,Acquisition - California - Bascom Acquires Buena Park Apartments as Value-Add Deal,100,AST-20260731-031,art_af936828d39943e9,Bascom Acquires Buena Park Apartments as Value-Add Deal,https://www.connectcre.com/stories/bascom-acquires-buena-park-apartments-as-value-add-deal/,"Wed, 15 Jul 2026 20:53:23 +0000","California CRE News In Your Inbox. Sign up for Connect emails to stay informed with CRE stories that are 150 words or less. California + Orange County + Apartments | July 15, 2026 By: Paul Bubny Bascom Acquires Buena Park Apartments as Value-Add Deal The Bascom Group acquired Castlewood Park Apartments, a low-density, 183-unit value-add apartment community in Buena Park. The purchase price was $53,125,000, or $290,301 per unit. Brian Eisendrath, Cameron Chalfant, Jesse Zarouk, and Jake Vitta of ",valid,title/source/url metadata are internally consistent,Development Activity,GP / Capital Activity,repeat_penalized,,,,,2026-07-15,2026-07-31,16,old_31d_plus,old,published date parsed; article age 16 day(s),5,open,Acquisition - California - Bascom Acquires Buena Park Apartments as Value-Add Deal,Acquisition - California - Bascom Acquires Buena Park Apartments as Value-Add Deal,California,General submarket monitoring,California,Los Angeles,California,Apartment,Apartment,Bascom Group,Bascom Group,Unknown,Unknown,Unknown,Unknown,No explicit timing reference,,$53; $290; $53,,Acquisition,General Asset Signal,Existing asset sale,Unknown,excluded,transaction / capital guard: acquisition,42,0,General monitoring,Monitor asset-level signal for repeated confirmation,Bascom Acquires Buena Park Apartments as Value-Add Deal,Connect CRE Orange County,https://www.connectcre.com/stories/bascom-acquires-buena-park-apartments-as-value-add-deal/,Low
2026-07-31,20260731-000252-c95dc796,PRJ-20260731-0093,West Palm Beach Eyeing Waterfront Rezoning Moratorium,80,AST-20260731-097,,West Palm Beach Eyeing Waterfront Rezoning Moratorium,https://www.connectcre.com/stories/west-palm-beach-eyeing-waterfront-property-moratorium/,,,,,,,,,,,,,,,unknown_date,unknown_date_review,derived row did not carry source published date,,,West Palm Beach Eyeing Waterfront Rezoning Moratorium,West Palm Beach Eyeing Waterfront Rezoning Moratorium,Los Angeles,Waterfront redevelopment,Los Angeles,Miami / Florida,Miami / Florida,Apartment,Apartment,,,Unknown,Zoning / rezoning signal,Unknown,Unknown,2026,,,,Entitlement Play,Entitlement Play,Unknown site control,Entitlement / Planning,approval_watch,matched zoning,39,0,Relevant to entitlement monitoring,"Track entitlement, permit, density bonus, and construction-readiness milestones",West Palm Beach Eyeing Waterfront Rezoning Moratorium,Connect CRE South Florida,https://www.connectcre.com/stories/west-palm-beach-eyeing-waterfront-property-moratorium/,Low
2026-07-31,20260731-000252-c95dc796,PRJ-20260731-0090,Ryan Cos. Secures Permit For Austin's Sixth Street Redevelopment,80,AST-20260731-096,,Ryan Cos. Secures Permit For Austin's Sixth Street Redevelopment,https://www.bisnow.com/austin-san-antonio/news/multifamily/ryan-cos-secures-building-permit-moving-austins-sixth-street-redevelopment-forward-135584,,,,,,,,,,,,,,,unknown_date,unknown_date_review,derived row did not carry source published date,,,Ryan Cos. Secures Permit For Austin's Sixth Street Redevelopment,Ryan Cos. Secures Permit For Austin's Sixth Street Redevelopment,Los Angeles,General submarket monitoring,Los Angeles,Austin / Texas,Austin / Texas,Mixed-Use Residential,Mixed-Use Residential,,,Unknown,Unknown,Unknown,Unknown,2026,,,,General Asset Signal,General Asset Signal,Unknown site control,Unknown,approval_watch,matched permit,28,0,Low relevance,Monitor asset-level signal for repeated confirmation,Ryan Cos. Secures Permit For Austin's Sixth Street Redevelopment,Bisnow,https://www.bisnow.com/austin-san-antonio/news/multifamily/ryan-cos-secures-building-permit-moving-austins-sixth-street-redevelopment-forward-135584,Low
2026-07-31,20260731-000252-c95dc796,PRJ-20260731-0050,Construction Financing - Atlanta / Georgia - Developer Duo Obtains Construction Financing for $147M Atlanta Student Housing Project,80,AST-20260731-070,art_57f6dfd71fe6e77c,Developer Duo Adding 350 Apartments to Dunwoody Mixed-Use Project,https://www.connectcre.com/stories/developer-duo-adding-350-apartments-to-dunwoody-mixed-use-project/,"Mon, 29 Jun 2026 14:23:11 +0000","Atlanta & Southeast News In Your Inbox Sign up for Connect emails to stay informed with CRE stories that are 150 words or less. Atlanta & Southeast + Atlanta + Apartments | June 29, 2026 By: Mike Boyd Developer Duo Adding 350 Apartments to Dunwoody Mixed-Use Project RocaPoint Partners and The Georgetown Co . are planning to build 350 apartment units at Campus 244, a mixed-use project that already includes a five-story office building, retail spaces and a 145-key Element by Marriott hotel. The ne",valid,title/source/url metadata are internally consistent,Development Activity,,repeat_penalized,,,,,2026-06-29,2026-07-31,32,old_31d_plus,old,published date parsed; article age 32 day(s),5,open,General Project Signal - Atlanta / Georgia - Developer Duo Adding 350 Apartments to Dunwoody Mixed-Use Project,General Project Signal - Atlanta / Georgia - Developer Duo Adding 350 Apartments to Dunwoody Mixed-Use Project,Atlanta,Mixed-use corridor,Atlanta,Los Angeles,Unknown,Mixed-Use Residential,Mixed-Use Residential,Unknown,Unknown,Unknown,Unknown,Unknown,Unknown,No explicit timing reference,350 Apartments,,,General Project Signal,General Asset Signal,Unknown site control,Unknown,construction_delivery_watch,matched development / asset strategy execution,24,0,Low relevance,Monitor asset-level signal for repeated confirmation,Developer Duo Adding 350 Apartments to Dunwoody Mixed-Use Project,Connect CRE Atlanta,https://www.connectcre.com/stories/developer-duo-adding-350-apartments-to-dunwoody-mixed-use-project/,Low
2026-07-31,20260731-000252-c95dc796,PRJ-20260731-0046,Development Start - Atlanta / Georgia - Financing Secured for Centennial Yards Mixed-Use Project,100,AST-20260731-013,art_d7d8176bdd750a59,Financing Secured for Centennial Yards Mixed-Use Project,https://www.connectcre.com/stories/financing-secured-for-centennial-yards-mixed-use-project/,"Mon, 13 Jul 2026 14:23:26 +0000","Atlanta & Southeast News In Your Inbox Sign up for Connect emails to stay informed with CRE stories that are 150 words or less. Atlanta & Southeast + Atlanta + Apartments | July 13, 2026 By: Mike Boyd Financing Secured for Centennial Yards Mixed-Use Project Centennial Yards Co. plans to build a 12-story building with approximately 280 apartments, 62,000 square feet of retail space and a 509-space parking garage. A CIM Group subsidiary is still ironing out last minute details before construction ",valid,title/source/url metadata are internally consistent,Development Activity,GP / Capital Activity,repeat_penalized,True,unit/site count: 12-story; execution milestone: construction start; project/asset term: project,high,Construction Start,2026-07-13,2026-07-31,18,old_31d_plus,old,published date parsed; article age 18 day(s),5,open,Financing Secured for Centennial Yards Mixed-Use Project,Financing Secured for Centennial Yards Mixed-Use Project,Atlanta,Mixed-use corridor,Atlanta,Los Angeles,Atlanta / Georgia,Mixed-Use Residential,Mixed-Use Residential,CIM Group,CIM Group,Unknown,Unknown,Unknown,Unknown,2026,,,000 square feet,Acquisition / Site Control,Acquisition / Site Control,Site acquired,Site Controlled,site_parcel_activity,site/parcel signal with project anchor: plans to build,20,0,Low relevance,"Review acquisition, financing, ownership, and comparable transaction details",Financing Secured for Centennial Yards Mixed-Use Project,Connect CRE Atlanta,https://www.connectcre.com/stories/financing-secured-for-centennial-yards-mixed-use-project/,Low
2026-07-31,20260731-000252-c95dc796,PRJ-20260731-0010,C&C Development Opens Affordable Housing in Irvine,80,AST-20260731-015,art_8440ae3933180497,C&C Development Opens Affordable Housing in Irvine,https://www.connectcre.com/stories/cc-development-opens-affordable-housing-in-irvine/,"Wed, 24 Jun 2026 21:38:20 +0000","California CRE News In Your Inbox. Sign up for Connect emails to stay informed with CRE stories that are 150 words or less. California + Orange County + Apartments | June 24, 2026 By: Paul Bubny C&C Development Opens Affordable Housing in Irvine C&C Development, in partnership with Riverside Charitable Corporation, announced the opening of Cartwright Family Apartments, a 60-unit affordable housing community on 1.6 acres at 17861 Cartwright Rd. in the Irvine Business Complex. The community is for",valid,title/source/url metadata are internally consistent,Development Activity,GP / Capital Activity,repeat_penalized,True,unit/site count: 60-unit; address/street: 17861 cartwright rd; execution milestone: opens; project/asset term: development,high,Delivery / Opening,2026-06-24,2026-07-31,37,old_31d_plus,old,published date parsed; article age 37 day(s),20,open,C&C Development Opens Affordable Housing in Irvine,C&C Development Opens Affordable Housing in Irvine,17861 Cartwright Rd,General submarket monitoring,Irvine,Los Angeles,Riverside / California,Affordable Housing,Affordable Housing,Unknown,Unknown,Unknown,Unknown,Unknown,Unknown,2026,,,1.6 acres,Affordable / Density Bonus Strategy,Affordable / Density Bonus Strategy,Land / parcel referenced,Unknown,construction_delivery_watch,matched opening,18,0,Relevant to entitlement monitoring,"Track entitlement, permit, density bonus, and construction-readiness milestones",C&C Development Opens Affordable Housing in Irvine,Connect CRE Orange County,https://www.connectcre.com/stories/cc-development-opens-affordable-housing-in-irvine/,Low
2026-07-31,20260731-000252-c95dc796,PRJ-20260731-0152,JV / Partnership - Riverside / California - C&C Development Opens Affordable Housing in Irvine,80,AST-20260731-068,art_8440ae3933180497,C&C Development Opens Affordable Housing in Irvine,https://www.connectcre.com/stories/cc-development-opens-affordable-housing-in-irvine/,"Wed, 24 Jun 2026 21:38:20 +0000","California CRE News In Your Inbox. Sign up for Connect emails to stay informed with CRE stories that are 150 words or less. California + Orange County + Apartments | June 24, 2026 By: Paul Bubny C&C Development Opens Affordable Housing in Irvine C&C Development, in partnership with Riverside Charitable Corporation, announced the opening of Cartwright Family Apartments, a 60-unit affordable housing community on 1.6 acres at 17861 Cartwright Rd. in the Irvine Business Complex. The community is for",valid,title/source/url metadata are internally consistent,Development Activity,GP / Capital Activity,repeat_penalized,,,,,2026-06-24,2026-07-31,37,old_31d_plus,old,published date parsed; article age 37 day(s),20,open,JV / Partnership - Riverside / California - C&C Development Opens Affordable Housing in Irvine,JV / Partnership - Riverside / California - C&C Development Opens Affordable Housing in Irvine,Riverside,General submarket monitoring,Riverside,Los Angeles,California,Affordable Housing,Affordable Housing,Unknown,Unknown,Unknown,Unknown,Unknown,Unknown,No explicit timing reference,,,,JV / Partnership,Affordable / Density Bonus Strategy,Unknown site control,Unknown,construction_delivery_watch,matched opens,18,0,Relevant to entitlement monitoring,"Track entitlement, permit, density bonus, and construction-readiness milestones",C&C Development Opens Affordable Housing in Irvine,Connect CRE Orange County,https://www.connectcre.com/stories/cc-development-opens-affordable-housing-in-irvine/,Low
2026-07-31,20260731-000252-c95dc796,PRJ-20260731-0050,Construction Financing - Atlanta / Georgia - Developer Duo Obtains Construction Financing for $147M Atlanta Student Housing Project,80,AST-20260731-067,art_7161a7fae26ee969,Lion Real Estate Picks Up Atlanta Apartments for $51M,https://www.connectcre.com/stories/lion-real-estate-picks-up-atlanta-apartments-for-51m/,"Thu, 09 Jul 2026 13:44:26 +0000","Atlanta & Southeast News In Your Inbox Sign up for Connect emails to stay informed with CRE stories that are 150 words or less. Atlanta & Southeast + Atlanta + Apartments | July 9, 2026 By: Mike Boyd Lion Real Estate Picks Up Atlanta Apartments for $51M Lion Real Estate Group acquired Briarhill Apartments, a 292-unit multifamily community at 1470 Sheridan Rd. N.E. in Atlanta. Built in 1988, the approximately 254,624-square-foot property is on nearly 10 acres of land and is 94% occupied. The Atla",valid,title/source/url metadata are internally consistent,Development Activity,GP / Capital Activity,repeat_penalized,,,,,2026-07-09,2026-07-31,22,old_31d_plus,old,published date parsed; article age 22 day(s),5,open,Acquisition - Atlanta / Georgia - Lion Real Estate Picks Up Atlanta Apartments for $51M,Acquisition - Atlanta / Georgia - Lion Real Estate Picks Up Atlanta Apartments for $51M,Atlanta,General submarket monitoring,Atlanta,Los Angeles,Unknown,Apartment,Apartment,Unknown,Unknown,Unknown,Unknown,Unknown,Unknown,No explicit timing reference,,$51M; $51M; $51m,,Acquisition,General Asset Signal,Existing asset sale,Unknown,excluded,transaction / capital guard: acquisition,17,0,Low relevance,Monitor asset-level signal for repeated confirmation,Lion Real Estate Picks Up Atlanta Apartments for $51M,Connect CRE Atlanta,https://www.connectcre.com/stories/lion-real-estate-picks-up-atlanta-apartments-for-51m/,Low
2026-07-31,20260731-000252-c95dc796,PRJ-20260731-0171,Construction Financing - Miami / Florida - Affiliated Closes Financing on Mixed-Income Fort Lauderdale Apartment Project,80,AST-20260731-073,art_dc811fdc67da7fe8,West Palm Beach Eyeing Waterfront Rezoning Moratorium,https://www.connectcre.com/stories/west-palm-beach-eyeing-waterfront-property-moratorium/,"Thu, 16 Jul 2026 15:03:14 +0000","Florida & Gulf Coast CRE News In Your Inbox. Sign up for Connect emails to stay informed with CRE stories that are 150 words or less. Florida & Gulf Coast + South Florida + Apartments | July 16, 2026 By: Mike Boyd West Palm Beach Eyeing Waterfront Rezoning Moratorium West Palm Beach gave tentative approval to a measure that would pause redevelopment in a waterfront area of the city’s downtown. It will mostly affect the seven apartment and condo projects on S. Flagler Drive and Washington Road. T",valid,title/source/url metadata are internally consistent,Development Activity,,repeat_penalized,,,,,2026-07-16,2026-07-31,15,old_31d_plus,old,published date parsed; article age 15 day(s),5,open,Entitlement / Permitting - Miami / Florida - West Palm Beach Eyeing Waterfront Rezoning Moratorium,Entitlement / Permitting - Miami / Florida - West Palm Beach Eyeing Waterfront Rezoning Moratorium,South Florida,Waterfront redevelopment,South Florida,Miami / Florida,Unknown,Apartment,Apartment,Unknown,Unknown,Unknown,Zoning / rezoning signal,Unknown,Unknown,No explicit timing reference,,,,Entitlement / Permitting,Entitlement Play,Project under entitlement,Entitlement / Planning,approval_watch,matched permit,12,0,Relevant to entitlement monitoring,"Track entitlement, permit, density bonus, and construction-readiness milestones",West Palm Beach Eyeing Waterfront Rezoning Moratorium,Connect CRE South Florida,https://www.connectcre.com/stories/west-palm-beach-eyeing-waterfront-property-moratorium/,Low
2026-07-31,20260731-000252-c95dc796,PRJ-20260731-0004,Lion Real Estate Picks Up Atlanta Apartments for $51M,80,AST-20260731-022,art_7161a7fae26ee969,Lion Real Estate Picks Up Atlanta Apartments for $51M,https://www.connectcre.com/stories/lion-real-estate-picks-up-atlanta-apartments-for-51m/,"Thu, 09 Jul 2026 13:44:26 +0000","Atlanta & Southeast News In Your Inbox Sign up for Connect emails to stay informed with CRE stories that are 150 words or less. Atlanta & Southeast + Atlanta + Apartments | July 9, 2026 By: Mike Boyd Lion Real Estate Picks Up Atlanta Apartments for $51M Lion Real Estate Group acquired Briarhill Apartments, a 292-unit multifamily community at 1470 Sheridan Rd. N.E. in Atlanta. Built in 1988, the approximately 254,624-square-foot property is on nearly 10 acres of land and is 94% occupied. The Atla",valid,title/source/url metadata are internally consistent,Development Activity,GP / Capital Activity,repeat_penalized,True,unit/site count: 292-unit; address/street: 1470 sheridan rd; project/asset term: community,high,Project / Asset,2026-07-09,2026-07-31,22,old_31d_plus,old,published date parsed; article age 22 day(s),5,open,Lion Real Estate Picks Up Atlanta Apartments for $51M,Lion Real Estate Picks Up Atlanta Apartments for $51M,1470 Sheridan Rd,General submarket monitoring,Atlanta,Los Angeles,Atlanta / Georgia,Apartment,Apartment,Unknown,Unknown,Unknown,Unknown,Unknown,Unknown,2026,,,10 acres,General Asset Signal,General Asset Signal,Site acquired,Site Search / Early Signal,excluded,transaction / capital guard: acquired,9,0,Low relevance,Monitor asset-level signal for repeated confirmation,Lion Real Estate Picks Up Atlanta Apartments for $51M,Connect CRE Atlanta,https://www.connectcre.com/stories/lion-real-estate-picks-up-atlanta-apartments-for-51m/,Low
2026-07-31,20260731-000252-c95dc796,PRJ-20260731-0140,JV / Partnership - Other / Unknown - Crossroads Companies with CrownPoint Group Complete 80East a New Luxury Apartment Communit...,80,AST-20260731-080,art_c49101dd4881b591,Missing Middle Weakness,https://eyeonhousing.org/2026/01/missing-middle-weakness/,"Mon, 19 Jan 2026 13:35:00 +0000","Missing Middle Weakness – Eye On Housing Skip to content Missing Middle Weakness January 19, 2026 Robert Dietz No Comments The missing middle construction sector includes development of medium-density housing, such as townhouses, duplexes and other small multifamily properties. The multifamily segment of the missing middle (apartments in 2- to 4-unit properties) has generally disappointed since the Great Recession. For the third quarter of 2025, there were 4,000 2- to 4-unit housing unit constru",valid,title/source/url metadata are internally consistent,Development Activity,Market Intelligence,repeat_penalized,,,,,2026-01-19,2026-07-31,193,old_31d_plus,archive,published date parsed; article age 193 day(s),5,open,Development Start - Other / Unknown - Missing Middle Weakness,Development Start - Other / Unknown - Missing Middle Weakness,Unknown,General submarket monitoring,Unknown,Other / Unknown,Unknown,Apartment,Apartment,Unknown,Unknown,Unknown,Unknown,Unknown,Unknown,No explicit timing reference,,,,Development Start,Development Start,Unknown site control,Unknown,construction_delivery_watch,matched development / asset strategy execution,4,0,Low relevance,Monitor asset-level signal for repeated confirmation,Missing Middle Weakness,NAHB Eye on Housing - Multifamily,https://eyeonhousing.org/2026/01/missing-middle-weakness/,Low
2026-07-31,20260731-000252-c95dc796,PRJ-20260731-0140,JV / Partnership - Other / Unknown - Crossroads Companies with CrownPoint Group Complete 80East a New Luxury Apartment Communit...,80,AST-20260731-082,art_266f44ae4fd99ed0,2026 Resident Experience Management Report,https://www.multifamilyexecutive.com/premium/whitepaper/753766,"Thu, 25 Jun 2026 15:50:39 +0000","eBook 2026 Resident Experience Management Report Cover_Zego.png Resident retention is moving in the wrong direction at exactly the moment multifamily operators can least afford it. After reaching 60% in 2024, average retention rates have slipped to 57%. That three-point decline might look modest on a spreadsheet, but with turnover costing operators roughly $4,000 per unit, even a small dip in performance adds up to a significant hit to NOI across a portfolio. While property managers frequently a",low_value_promotional,promotional/event keyword: whitepaper,Excluded,,repeat_penalized,,,,,2026-06-25,2026-07-31,36,old_31d_plus,old,published date parsed; article age 36 day(s),0,open,General Project Signal - Other / Unknown - 2026 Resident Experience Management Report,General Project Signal - Other / Unknown - 2026 Resident Experience Management Report,Unknown,General submarket monitoring,Unknown,Other / Unknown,Unknown,Multifamily,Multifamily,Unknown,Unknown,Unknown,Unknown,Unknown,Unknown,2026,250 units,$4; $4; $90,,General Project Signal,General Asset Signal,Unknown site control,Unknown,construction_delivery_watch,matched development / asset strategy execution,3,0,Low relevance,Monitor asset-level signal for repeated confirmation,2026 Resident Experience Management Report,Multifamily Executive,https://www.multifamilyexecutive.com/premium/whitepaper/753766,Low
2026-07-31,20260731-000252-c95dc796,PRJ-20260731-0140,JV / Partnership - Other / Unknown - Crossroads Companies with CrownPoint Group Complete 80East a New Luxury Apartment Communit...,80,AST-20260731-093,art_04cbffa23673da57,Multifamily Absorption Rate Remains Below 50%,https://eyeonhousing.org/2026/03/multifamily-absorption-rate-remains-below-50/,"Tue, 03 Mar 2026 14:31:18 +0000","Multifamily Absorption Rate Remains Below 50% – Eye On Housing Skip to content Multifamily Absorption Rate Remains Below 50% March 3, 2026 Jesse Wade No Comments The percentage of new apartment units that were absorbed within three months after completion was unchanged for new units completed in the second quarter, according to the Census Bureau’s latest release of the Survey of Market Absorption of New Multifamily Units ( SOMA ). The survey covers new units in multifamily residential buildings ",valid,title/source/url metadata are internally consistent,Market Intelligence,,repeat_penalized,,,,,2026-03-03,2026-07-31,150,old_31d_plus,archive,published date parsed; article age 150 day(s),5,open,General Project Signal - Other / Unknown - Multifamily Absorption Rate Remains Below 50%,General Project Signal - Other / Unknown - Multifamily Absorption Rate Remains Below 50%,Unknown,General submarket monitoring,Unknown,Other / Unknown,Unknown,Apartment,Apartment,Unknown,Unknown,Unknown,Unknown,Unknown,Completed / opened,completed,,,,General Project Signal,Lease-Up / Delivery,Unknown site control,Delivered / Lease-Up,excluded,excluded generic policy / market article,1,0,Low relevance,Monitor asset-level signal for repeated confirmation,Multifamily Absorption Rate Remains Below 50%,NAHB Eye on Housing - Multifamily,https://eyeonhousing.org/2026/03/multifamily-absorption-rate-remains-below-50/,Low
2026-07-31,20260731-000252-c95dc796,PRJ-20260731-0140,JV / Partnership - Other / Unknown - Crossroads Companies with CrownPoint Group Complete 80East a New Luxury Apartment Communit...,80,AST-20260731-087,art_bbf68370d5e8064d,First Quarter 2026 Multifamily Construction Data,https://eyeonhousing.org/2026/05/first-quarter-2026-multifamily-construction-data/,"Tue, 26 May 2026 12:31:00 +0000","First Quarter 2026 Multifamily Construction Data – Eye On Housing Skip to content First Quarter 2026 Multifamily Construction Data May 26, 2026 Robert Dietz No Comments According to NAHB analysis of quarterly Census data, the count of multifamily, for-rent housing starts increased year-over-year during the first quarter of 2026. For the quarter, 107,000 multifamily residences started construction. Of this total, 103,000 were built-for-rent. This built-for-rent total was 21% higher than in the fi",valid,title/source/url metadata are internally consistent,Market Intelligence,,repeat_penalized,,,,,2026-05-26,2026-07-31,66,old_31d_plus,archive,published date parsed; article age 66 day(s),5,open,Development Start - Other / Unknown - First Quarter 2026 Multifamily Construction Data,Development Start - Other / Unknown - First Quarter 2026 Multifamily Construction Data,Unknown,General submarket monitoring,Unknown,Other / Unknown,Unknown,Multifamily,Multifamily,Unknown,Unknown,Unknown,Unknown,Unknown,Unknown,2026,,,,Development Start,Development Start,Unknown site control,Unknown,construction_delivery_watch,matched development / asset strategy execution,0,0,Low relevance,Monitor asset-level signal for repeated confirmation,First Quarter 2026 Multifamily Construction Data,NAHB Eye on Housing - Multifamily,https://eyeonhousing.org/2026/05/first-quarter-2026-multifamily-construction-data/,Low
2026-07-31,20260731-000252-c95dc796,PRJ-20260731-0140,JV / Partnership - Other / Unknown - Crossroads Companies with CrownPoint Group Complete 80East a New Luxury Apartment Communit...,80,AST-20260731-088,art_695932dbcd227470,Fourth Quarter 2025 Multifamily Construction Data,https://eyeonhousing.org/2026/03/fourth-quarter-2025-multifamily-construction-data/,"Thu, 19 Mar 2026 12:35:00 +0000","Fourth Quarter 2025 Multifamily Construction Data – Eye On Housing Skip to content Fourth Quarter 2025 Multifamily Construction Data March 19, 2026 Robert Dietz No Comments According to NAHB analysis of quarterly Census data, the count of multifamily, for-rent housing starts increased year-over-year during the fourth quarter of 2025. For the quarter, 96,000 multifamily residences started construction. Of this total, 91,000 were built-for-rent. This built-for-rent total was 18% higher than in the",valid,title/source/url metadata are internally consistent,Market Intelligence,,repeat_penalized,,,,,2026-03-19,2026-07-31,134,old_31d_plus,archive,published date parsed; article age 134 day(s),5,open,Development Start - Other / Unknown - Fourth Quarter 2025 Multifamily Construction Data,Development Start - Other / Unknown - Fourth Quarter 2025 Multifamily Construction Data,Unknown,General submarket monitoring,Unknown,Other / Unknown,Unknown,Multifamily,Multifamily,Unknown,Unknown,Unknown,Unknown,Unknown,Unknown,2025,,,,Development Start,Development Start,Unknown site control,Unknown,construction_delivery_watch,matched development / asset strategy execution,0,0,Low relevance,Monitor asset-level signal for repeated confirmation,Fourth Quarter 2025 Multifamily Construction Data,NAHB Eye on Housing - Multifamily,https://eyeonhousing.org/2026/03/fourth-quarter-2025-multifamily-construction-data/,Low
2026-07-31,20260731-000252-c95dc796,PRJ-20260731-0140,JV / Partnership - Other / Unknown - Crossroads Companies with CrownPoint Group Complete 80East a New Luxury Apartment Communit...,80,AST-20260731-089,art_a18108b1d53a8afa,Overall Housing Starts Inch Lower in 2025,https://eyeonhousing.org/2026/02/overall-housing-starts-inch-lower-in-2025/,"Wed, 18 Feb 2026 16:14:47 +0000","Really insightful breakdown of the 2025 housing starts data. The 6.9% decline in single-family starts is concerning, especially for buyers already battling affordability challenges. What stands out to us is the regional divergence — the Northeast and Midwest posting gains while the South dropped 4.0% is a pattern we’re actively seeing on the ground with sellers. The rise in multifamily at 17.4% makes sense given where rent vs. buy economics currently sit. As a home buying company, we’re noticing",valid,title/source/url metadata are internally consistent,Market Intelligence,,repeat_penalized,,,,,2026-02-18,2026-07-31,163,old_31d_plus,archive,published date parsed; article age 163 day(s),5,open,Development Start - Other / Unknown - Overall Housing Starts Inch Lower in 2025,Development Start - Other / Unknown - Overall Housing Starts Inch Lower in 2025,Unknown,General submarket monitoring,Unknown,Other / Unknown,Unknown,Multifamily,Multifamily,Unknown,Unknown,Unknown,Unknown,Unknown,Unknown,in 2025,,,,Development Start,Development Start,Unknown site control,Unknown,construction_delivery_watch,matched development / asset strategy execution,0,0,Low relevance,Monitor asset-level signal for repeated confirmation,Overall Housing Starts Inch Lower in 2025,NAHB Eye on Housing - Multifamily,https://eyeonhousing.org/2026/02/overall-housing-starts-inch-lower-in-2025/,Low
2026-07-31,20260731-000252-c95dc796,PRJ-20260731-0140,JV / Partnership - Other / Unknown - Crossroads Companies with CrownPoint Group Complete 80East a New Luxury Apartment Communit...,80,AST-20260731-090,art_7836a522c6b8b1a5,Third Quarter 2025 Multifamily Construction Data,https://eyeonhousing.org/2026/01/third-quarter-2025-multifamily-construction-data/,"Tue, 20 Jan 2026 13:35:00 +0000","Third Quarter 2025 Multifamily Construction Data – Eye On Housing Skip to content Third Quarter 2025 Multifamily Construction Data January 20, 2026 Robert Dietz No Comments According to NAHB analysis of quarterly Census data, the count of multifamily, for-rent housing starts increased during the third quarter of 2025. For the quarter, 119,000 multifamily residences started construction. Of this total, 114,000 were built-for-rent. This built-for-rent total was 31% higher than the third quarter of",valid,title/source/url metadata are internally consistent,Market Intelligence,,repeat_penalized,,,,,2026-01-20,2026-07-31,192,old_31d_plus,archive,published date parsed; article age 192 day(s),5,open,Development Start - Other / Unknown - Third Quarter 2025 Multifamily Construction Data,Development Start - Other / Unknown - Third Quarter 2025 Multifamily Construction Data,Unknown,General submarket monitoring,Unknown,Other / Unknown,Unknown,Multifamily,Multifamily,Unknown,Unknown,Unknown,Unknown,Unknown,Unknown,2025,,,,Development Start,Development Start,Unknown site control,Unknown,construction_delivery_watch,matched development / asset strategy execution,0,0,Low relevance,Monitor asset-level signal for repeated confirmation,Third Quarter 2025 Multifamily Construction Data,NAHB Eye on Housing - Multifamily,https://eyeonhousing.org/2026/01/third-quarter-2025-multifamily-construction-data/,Low
2026-07-31,20260731-000252-c95dc796,PRJ-20260731-0140,JV / Partnership - Other / Unknown - Crossroads Companies with CrownPoint Group Complete 80East a New Luxury Apartment Communit...,80,AST-20260731-094,art_d4039cdfbf50dd7d,NAHB HBGI: Micro Markets Lone Bright Spot for Single-Family Building in Fourth Quarter,https://eyeonhousing.org/2026/03/nahb-hbgi-micro-markets-lone-bright-spot-for-single-family-building-in-fourth-quarter/,"Mon, 30 Mar 2026 15:01:25 +0000","NAHB HBGI: Micro Markets Lone Bright Spot for Single-Family Building in Fourth Quarter – Eye On Housing Skip to content NAHB HBGI: Micro Markets Lone Bright Spot for Single-Family Building in Fourth Quarter March 30, 2026 Jesse Wade No Comments Single-family construction declined further in the fourth quarter in all but sparsely populated micro counties, according to the NAHB Home Building Geography Index (HBGI). Meanwhile, multifamily construction showed growth in all markets for the first time",valid,title/source/url metadata are internally consistent,Market Intelligence,,repeat_penalized,,,,,2026-03-30,2026-07-31,123,old_31d_plus,archive,published date parsed; article age 123 day(s),5,open,Disposition / Exit - Other / Unknown - NAHB HBGI: Micro Markets Lone Bright Spot for Single-Family Building in Fourth Quarter,Disposition / Exit - Other / Unknown - NAHB HBGI: Micro Markets Lone Bright Spot for Single-Family Building in Fourth Quarter,Unknown,General submarket monitoring,Unknown,Other / Unknown,Unknown,Multifamily,Multifamily,Unknown,Unknown,Unknown,Unknown,Unknown,Unknown,No explicit timing reference,,,,Disposition / Exit,General Asset Signal,Existing asset sale,Unknown,excluded,transaction / capital guard: disposition,0,0,Low relevance,Monitor asset-level signal for repeated confirmation,NAHB HBGI: Micro Markets Lone Bright Spot for Single-Family Building in Fourth Quarter,NAHB Eye on Housing - Multifamily,https://eyeonhousing.org/2026/03/nahb-hbgi-micro-markets-lone-bright-spot-for-single-family-building-in-fourth-quarter/,Low
