run_date,run_id,canonical_project_id,canonical_project_name,project_identity_confidence,lifecycle_id,canonical_article_id,title,original_url,published,summary,article_integrity_status,article_integrity_reason,primary_display_section,secondary_display_sections,repeat_exposure_status,has_project_anchor,project_anchor_reason,project_anchor_confidence,development_lifecycle_hint,published_date_normalized,collected_date_normalized,article_age_days,freshness_bucket,freshness_status,freshness_reason,freshness_score,access_status,extracted_city,extracted_state,extracted_market_reason,canonical_asset_or_project_name,market,city_or_submarket,residential_sector,gp_or_developer,lender_or_capital_partner,current_lifecycle_stage,primary_development_category,primary_category_reason,previous_lifecycle_stage_if_known,lifecycle_progression_signal,lifecycle_risk_score,lifecycle_opportunity_score,timing_bucket,entitlement_complexity_flag,financing_dependency_flag,construction_execution_flag,lease_up_risk_flag,woomi_lifecycle_relevance,recommended_lifecycle_follow_up,evidence_signals,source_article_title,source,url,confidence_level
2026-10-07,20261007-020900-b7261371,PRJ-20261007-0040,Refinancing - California - JLL Arranges $276M Refi for Newport Beach Seniors Communities,100,LC-20261007-006,art_fbf9ab14cdf1125e,JLL Arranges $276M Refi for Newport Beach Seniors Communities,https://www.connectcre.com/stories/jll-arranges-276m-refi-for-newport-beach-seniors-communities/,"Fri, 02 Oct 2026 21:13:08 +0000","California CRE News In Your Inbox. Sign up for Connect emails to stay informed with CRE stories that are 150 words or less. California + Orange County + Senior Housing | October 2, 2026 By: Paul Bubny JLL Arranges $276M Refi for Newport Beach Seniors Communities JLL Capital Markets arranged $276 million in refinancing for Vivante Newport Center and Vivante Newport Mesa, a two-property seniors housing portfolio in Newport Beach. Senior managing director Greg Brown, assisted by senior managing dir",valid,title/source/url metadata are internally consistent,GP / Capital Activity,,acceptable_repeat,,,,,2026-10-02,2026-10-07,5,fresh_0_3d,fresh,published date parsed; article age 5 day(s),66,open,,,,Refinancing - California - JLL Arranges $276M Refi for Newport Beach Seniors Communities,California,California,Senior Housing,JLL,JLL,Refinancing / Recapitalization,excluded,transaction / capital guard: refinancing,Refinancing / Recapitalization,Mature / Operating,59,100,Unknown Timing,Low,High,Low,Low,Relevant to acquisition / JV timing,"Track lender, maturity, debt terms, and recapitalization need",Refinancing / Recapitalization; Refinancing / Recapitalization; No explicit timing reference,JLL Arranges $276M Refi for Newport Beach Seniors Communities,Connect CRE Orange County,https://www.connectcre.com/stories/jll-arranges-276m-refi-for-newport-beach-seniors-communities/,High
2026-10-07,20261007-020900-b7261371,PRJ-20261007-0136,Acquisition - Other / Unknown - Northmarq Provides $22.8M Agency Acquisition Loan for Metro Boston Affordable Housing Comp...,100,LC-20261007-001,art_076d5fb9d58a6802,Northmarq Arranges $24.7M Refinancing for Class A Multifamily Property in Chicago,https://yieldpro.com/2026/10/reside-on-jackson/,"Tue, 06 Oct 2026 17:15:40 +0000","Deal boom News Facebook Twitter Linkedin Northmarq’s Chicago Debt + Equity team led by Kevin McCarthy successfully arranged $24.7 million in refinancing for Reside on Jackson , a 93-unit Class A multifamily property located at 1241 and 1245 W. Jackson Blvd. in Chicago. Northmarq arranged the financing on behalf of the borrower, Newcastle Investors , through the firm’s in-house Fannie Mae DUS platform . The permanent fixed-rate financing is structured on a five-year term. “High-quality multifamil",suspicious_mismatch,title/source/url metadata are internally consistent; title and original_url slug appear to reference different articles,Development Activity,GP / Capital Activity,new_or_fresh,,,,,2026-10-06,2026-10-07,1,fresh_0_3d,fresh,published date parsed; article age 1 day(s),100,open,,,,Refinancing - Other / Unknown - Northmarq Arranges $24.7M Refinancing for Class A Multifamily Property in Chicago,Unknown,Unknown,Multifamily,Fannie Mae,Fannie Mae,Refinancing / Recapitalization,excluded,transaction / capital guard: refinancing,,Mature / Operating,51,100,Unknown Timing,Low,High,Low,Low,Relevant to acquisition / JV timing,"Track lender, maturity, debt terms, and recapitalization need",Refinancing / Recapitalization; Refinancing / Recapitalization; No explicit timing reference,Northmarq Arranges $24.7M Refinancing for Class A Multifamily Property in Chicago,Yield PRO,https://yieldpro.com/2026/10/reside-on-jackson/,High
2026-10-07,20261007-020900-b7261371,PRJ-20261007-0129,Refinancing - Miami / Florida - JSB Capital Lands $238M Refi on Doral Apartment Community,100,LC-20261007-007,art_dbd02ccc07b8df9b,JSB Capital Lands $238M Refi on Doral Apartment Community,https://www.connectcre.com/stories/jsb-capital-lands-238m-refi-on-doral-apartment-community/,"Mon, 28 Sep 2026 13:53:24 +0000","Florida & Gulf Coast CRE News In Your Inbox. Sign up for Connect emails to stay informed with CRE stories that are 150 words or less. Florida & Gulf Coast + South Florida + Apartments | September 28, 2026 By: Mike Boyd JSB Capital Lands $238M Refi on Doral Apartment Community JSB Capital inked a $238 million refinancing of The Landmark South, a 631-unit, Class A multifamily community in Doral, Florida. Walker & Dunlop Capital Markets Institutional Advisory arranged the financing. Aaron Appel, Mi",valid,title/source/url metadata are internally consistent,Development Activity,GP / Capital Activity,repeat_penalized,,,,,2026-09-28,2026-10-07,9,recent_4_14d,recent,published date parsed; article age 9 day(s),55,open,,,,Refinancing - Miami / Florida - JSB Capital Lands $238M Refi on Doral Apartment Community,Unknown,South Florida,Apartment,Walker & Dunlop,walker & dunlop,Refinancing / Recapitalization,excluded,transaction / capital guard: refinancing,Refinancing / Recapitalization,Mature / Operating,48,100,Unknown Timing,Low,High,Low,Low,Relevant to acquisition / JV timing,"Track lender, maturity, debt terms, and recapitalization need",Refinancing / Recapitalization; Refinancing / Recapitalization; No explicit timing reference,JSB Capital Lands $238M Refi on Doral Apartment Community,Connect CRE South Florida,https://www.connectcre.com/stories/jsb-capital-lands-238m-refi-on-doral-apartment-community/,High
2026-10-07,20261007-020900-b7261371,PRJ-20261007-0092,Acquisition - Other / Unknown - Northmarq Provides $22.8M Agency Acquisition Loan for Metro Boston Affordable Housing Comp...,100,LC-20261007-021,art_076d5fb9d58a6802,Northmarq Arranges $24.7M Refinancing for Class A Multifamily Property in Chicago,https://yieldpro.com/2026/10/reside-on-jackson/,"Tue, 06 Oct 2026 17:15:40 +0000","Deal boom News Facebook Twitter Linkedin Northmarq’s Chicago Debt + Equity team led by Kevin McCarthy successfully arranged $24.7 million in refinancing for Reside on Jackson , a 93-unit Class A multifamily property located at 1241 and 1245 W. Jackson Blvd. in Chicago. Northmarq arranged the financing on behalf of the borrower, Newcastle Investors , through the firm’s in-house Fannie Mae DUS platform . The permanent fixed-rate financing is structured on a five-year term. “High-quality multifamil",suspicious_mismatch,title/source/url metadata are internally consistent; title and original_url slug appear to reference different articles,Development Activity,GP / Capital Activity,new_or_fresh,True,unit/site count: 93-unit; address/street: 1241 and 1245 w. jackson blvd; project/asset term: multifamily property,high,Project Financing / Capital Event,2026-10-06,2026-10-07,1,fresh_0_3d,fresh,published date parsed; article age 1 day(s),100,open,,,,Northmarq Arranges $24.7M Refinancing for Class A Multifamily Property in Chicago,Other / Unknown,Unknown,Multifamily,Fannie Mae,Unknown,Refinancing / Recapitalization,excluded,transaction / capital guard: refinancing,,Mature / Operating,42,100,Unknown Timing,Low,High,Low,Low,Relevant to acquisition / JV timing,"Track lender, maturity, debt terms, and recapitalization need",Refinancing / Recapitalization; Refinancing / Recapitalization; No explicit timing reference,Northmarq Arranges $24.7M Refinancing for Class A Multifamily Property in Chicago,Yield PRO,https://yieldpro.com/2026/10/reside-on-jackson/,High
2026-10-07,20261007-020900-b7261371,PRJ-20261007-0130,Refinancing - Southeast - JLL Arranges $53M Refinancing for Apartment Community in Huntsville,100,LC-20261007-020,art_660427fae7496d77,JLL Arranges $53M Refinancing for Apartment Community in Huntsville,https://rebusinessonline.com/jll-arranges-53m-refinancing-for-apartment-community-in-huntsville/,2026-10-06T15:29:55Z,"Bobo Development Group has secured a $53 million refinancing loan for Arcadia Huntsville, a 250-unit project in Huntsville, Ala., that was completed in 2024. Alabama Loans Multifamily Southeast JLL Arranges $53M Refinancing for Apartment Community in Huntsville by John Nelson October 6, 2026 October 6, 2026 7 HUNTSVILLE, ALA. — JLL has arranged a $53 million refinancing loan for Bobo Development Group’s Arcadia Huntsville. The 250-unit property at 4810 Bradford Drive in Huntsville’s Cumming Rese",valid,title/source/url metadata are internally consistent,Development Activity,GP / Capital Activity,new_or_fresh,True,unit/site count: 250-unit; address/street: 4810 bradford drive; project/asset term: project,high,Project Financing / Capital Event,2026-10-06,2026-10-07,1,fresh_0_3d,fresh,published date parsed; article age 1 day(s),100,open,,,,JLL Arranges $53M Refinancing for Apartment Community in Huntsville,Southeast,Unknown,Apartment,JLL,Unknown,Delivery / Opening,excluded,transaction / capital guard: refinancing,,Mature / Operating,30,100,Unknown Timing,Low,High,Low,Medium,Relevant to underwriting benchmark,"Benchmark delivery, lease-up, occupancy, and rent assumptions",Delivery / Opening; Completed / opened; Refinancing / Recapitalization; in 2024,JLL Arranges $53M Refinancing for Apartment Community in Huntsville,REBusiness Online,https://rebusinessonline.com/jll-arranges-53m-refinancing-for-apartment-community-in-huntsville/,High
2026-10-07,20261007-020900-b7261371,PRJ-20261007-0056,Entitlement / Permitting - California - SoLa Impact score $93M financing package for housing at 252 W. Imperial Highway,100,LC-20261007-002,art_0c870faa324e6e1d,SoLa Impact score $93M financing package for housing at 252 W. Imperial Highway,https://la.urbanize.city/post/sola-impact-score-93m-financing-package-housing-252-w-imperial-highway,"Fri, 02 Oct 2026 13:10:00 +0000","SoLa Impact score $93M financing package for housing at 252 W. Imperial Highway | Urbanize LA Skip to main content Advertisement Advertisement SoLa Impact has secured a nearly $93-million financing package for a new affordable housing development in South L.A.'s Broadway-Manchester neighborhood. The financing, announced by KeyBank Community Development Lending and Investment (CDLI) , will go toward the construction of Broadway & Imperial, a new 166-unit affordable housing development at 252 W. I",valid,title/source/url metadata are internally consistent,Development Activity,GP / Capital Activity; Market Intelligence,repeat_penalized,,,,,2026-10-02,2026-10-07,5,fresh_0_3d,fresh,published date parsed; article age 5 day(s),54,access_limited,,,,Entitlement / Permitting - California - SoLa Impact score $93M financing package for housing at 252 W. Imperial Highway,California,L.A.,Affordable Housing,Fannie Mae,Fannie Mae,Unknown Stage,excluded,transaction / capital guard: financing,Unknown Stage,Reappearing,23,100,Unknown Timing,Unknown,Unknown,Unknown,Unknown,General monitoring,Monitor lifecycle signal for repeated confirmation,Unknown Stage; Entitlement Play; No explicit timing reference,SoLa Impact score $93M financing package for housing at 252 W. Imperial Highway,Urbanize LA,https://la.urbanize.city/post/sola-impact-score-93m-financing-package-housing-252-w-imperial-highway,High
2026-10-07,20261007-020900-b7261371,PRJ-20261007-0127,JV / Partnership - Miami / Florida - Development Group Scores Financing for 502-Unit Fort Lauderdale Apartment Complex,100,LC-20261007-004,art_228694e4ef2d55b2,Development Group Scores Financing for 502-Unit Fort Lauderdale Apartment Complex,https://www.connectcre.com/stories/development-group-scores-financing-for-502-unit-fort-lauderdale-apartment-complex/,"Mon, 05 Oct 2026 13:58:04 +0000","Florida & Gulf Coast CRE News In Your Inbox. Sign up for Connect emails to stay informed with CRE stories that are 150 words or less. Florida & Gulf Coast + South Florida + Apartments | October 5, 2026 By: Mike Boyd Development Group Scores Financing for 502-Unit Fort Lauderdale Apartment Complex The Fuse Group and KREA Developments landed a $127 million construction take-out loan for The Arcadian, a recently delivered 502-unit Fort Lauderdale multifamily community. Berkadia’s Scott Wadler, Brad",valid,title/source/url metadata are internally consistent,Development Activity,GP / Capital Activity,repeat_penalized,,,,,2026-10-05,2026-10-07,2,fresh_0_3d,fresh,published date parsed; article age 2 day(s),48,open,,,,JV / Partnership - Miami / Florida - Development Group Scores Financing for 502-Unit Fort Lauderdale Apartment Complex,Unknown,South Florida,Apartment,Berkadia,Berkadia,Unknown Stage,excluded,transaction / capital guard: financing,Unknown Stage,Reappearing,21,100,Unknown Timing,Unknown,Unknown,Unknown,Unknown,General monitoring,Monitor lifecycle signal for repeated confirmation,Unknown Stage; General Asset Signal; No explicit timing reference,Development Group Scores Financing for 502-Unit Fort Lauderdale Apartment Complex,Connect CRE South Florida,https://www.connectcre.com/stories/development-group-scores-financing-for-502-unit-fort-lauderdale-apartment-complex/,High
2026-10-07,20261007-020900-b7261371,PRJ-20261007-0090,Davis Provides $44M Construction Financing for Downtown Residential Conversion,100,LC-20261007-019,art_8a98b0b5a28d922f,Davis Provides $44M Construction Financing for Downtown Residential Conversion,https://www.connectcre.com/stories/davis-provides-44m-construction-financing-for-downtown-residential-conversion/,"Mon, 05 Oct 2026 21:02:13 +0000","Boston & New England CRE News In Your Inbox. Sign up for Connect emails to stay informed with CRE stories that are 150 words or less. Boston & New England + Boston + Apartments | October 5, 2026 By: Paul Bubny Davis Provides $44M Construction Financing for Downtown Residential Conversion JLL Capital Markets has arranged $44 million in financing for 31 Milk St., an adaptive reuse multifamily redevelopment in Downtown Boston. Managing director Anthony Cutone, director Madeline Joyce and associates",valid,title/source/url metadata are internally consistent,Development Activity,GP / Capital Activity,acceptable_repeat,True,address/street: 31 milk st; project/asset term: development; project financing tied to anchor: construction financing,high,Project Financing / Capital Event,2026-10-05,2026-10-07,2,fresh_0_3d,fresh,published date parsed; article age 2 day(s),78,open,,,,Davis Provides $44M Construction Financing for Downtown Residential Conversion,Other / Unknown,Unknown,Office-to-Residential Conversion,Downtown Residential Conversion JLL Capital,Unknown,Site Acquisition / Site Control,excluded,transaction / capital guard: financing,Site Acquisition / Site Control,Reappearing,14,100,Unknown Timing,Low,Low,Low,Low,Relevant to acquisition / JV timing,Monitor lifecycle signal for repeated confirmation,Site Acquisition / Site Control; Office-to-Residential Conversion; 2026,Davis Provides $44M Construction Financing for Downtown Residential Conversion,Connect CRE Apartments,https://www.connectcre.com/stories/davis-provides-44m-construction-financing-for-downtown-residential-conversion/,High
2026-10-07,20261007-020900-b7261371,PRJ-20261007-0121,Entitlement / Permitting - Santa Monica / California - Fresh imagery for proposed housing complex at 1238 Lincoln Blvd. in Santa Monica,100,LC-20261007-003,art_453af7e7938a66d2,Fresh imagery for proposed housing complex at 1238 Lincoln Blvd. in Santa Monica,https://la.urbanize.city/post/fresh-imagery-proposed-housing-complex-1238-lincoln-blvd-santa-monica,"Mon, 05 Oct 2026 13:15:00 +0000","Fresh imagery for proposed housing complex at 1238 Lincoln Blvd. in Santa Monica | Urbanize LA Skip to main content Advertisement Advertisement A staff report to the Santa Monica Architectural Review Board offers a look at additional imagery depicting plans to build housing on the longtime site of the Boys & Girls Clubs of Santa Monica . Lincoln Property Company 's plans for the site at 1238 Lincoln Boulevard involves the construction of an eight-story building featuring 232 studio, one-, and tw",valid,title/source/url metadata are internally consistent,Development Activity,,acceptable_repeat,,,,,2026-10-05,2026-10-07,2,fresh_0_3d,fresh,published date parsed; article age 2 day(s),66,access_limited,,,,Entitlement / Permitting - Santa Monica / California - Fresh imagery for proposed housing complex at 1238 Lincoln Blvd. in Santa Monica,Unknown,Santa Monica,Apartment,Lincoln Property Company,Unknown,Early Site Signal,approval_watch,matched permit,Early Site Signal,Reappearing,13,100,Unknown Timing,Low,Low,Low,Low,General monitoring,Monitor lifecycle signal for repeated confirmation,Early Site Signal; Entitlement Play; No explicit timing reference,Fresh imagery for proposed housing complex at 1238 Lincoln Blvd. in Santa Monica,Urbanize LA,https://la.urbanize.city/post/fresh-imagery-proposed-housing-complex-1238-lincoln-blvd-santa-monica,High
2026-10-07,20261007-020900-b7261371,PRJ-20261007-0041,Disposition / Exit - California - Marcus & Millichap Arranges $7.1M Sale of 32-Unit Multifamily Property in Anaheim Californ...,100,LC-20261007-008,art_6d00c7af799e9215,Marcus & Millichap Arranges $7.1M Sale of 32-Unit Multifamily Property in Anaheim California,https://yieldpro.com/2026/10/nine-eighteen-apartments/,"Tue, 06 Oct 2026 15:55:26 +0000","Deal boom News Pacific region Facebook Twitter Linkedin Marcus & Millichap (NYSE: MMI) , a leading commercial real estate brokerage firm specializing in investment sales, financing, research and advisory services, announced the sale of Nine-Eighteen Apartments , a 32-unit multifamily property in Anaheim, California. The property sold for $7.1 million, or $221,875 per unit. “Nine-Eighteen Apartments presented a compelling opportunity to acquire a well-located multifamily asset with scale and long",suspicious_mismatch,title/source/url metadata are internally consistent; title and original_url slug appear to reference different articles,Development Activity,GP / Capital Activity; Market Intelligence,new_or_fresh,,,,,2026-10-06,2026-10-07,1,fresh_0_3d,fresh,published date parsed; article age 1 day(s),100,open,,,,Disposition / Exit - California - Marcus & Millichap Arranges $7.1M Sale of 32-Unit Multifamily Property in Anaheim Californ...,California,California,Apartment,Marcus & Millichap,Unknown,Unknown Stage,excluded,transaction / capital guard: disposition,,Reappearing,23,97,Unknown Timing,Unknown,Unknown,Unknown,Unknown,General monitoring,Monitor lifecycle signal for repeated confirmation,Unknown Stage; General Asset Signal; No explicit timing reference,Marcus & Millichap Arranges $7.1M Sale of 32-Unit Multifamily Property in Anaheim California,Yield PRO,https://yieldpro.com/2026/10/nine-eighteen-apartments/,High
2026-10-07,20261007-020900-b7261371,PRJ-20261007-0064,Disposition / Exit - Other / Unknown - Marcus & Millichap Brokers $31.9M Sale of the Largest Private Market-Rate Apartment Portfo...,100,LC-20261007-005,art_759e3064eade96d2,North Hollywood Apartments Trade to Locally Based LLC,https://www.connectcre.com/stories/north-hollywood-apartments-trade-to-locally-based-llc/,"Fri, 02 Oct 2026 21:41:45 +0000","California CRE News In Your Inbox. Sign up for Connect emails to stay informed with CRE stories that are 150 words or less. California + Los Angeles + Apartments | October 2, 2026 By: Paul Bubny North Hollywood Apartments Trade to Locally Based LLC Marcus & Millichap has finalized the sale of 13103 Barbara Ann St., a 41-unit multifamily property in North Hollywood. The property sold for nearly $5.89 million, or $143,610 per unit, and closed escrow at a 5.7% cap rate based on in-place income. “Th",valid,title/source/url metadata are internally consistent,Development Activity,GP / Capital Activity,acceptable_repeat,,,,,2026-10-02,2026-10-07,5,fresh_0_3d,fresh,published date parsed; article age 5 day(s),66,open,,,,Disposition / Exit - Los Angeles / California - North Hollywood Apartments Trade to Locally Based LLC,California,Los Angeles,Apartment,Marcus & Millichap,Unknown,Unknown Stage,excluded,transaction / capital guard: disposition,Unknown Stage,Reappearing,21,97,Unknown Timing,Unknown,Unknown,Unknown,Unknown,General monitoring,Monitor lifecycle signal for repeated confirmation,Unknown Stage; General Asset Signal; No explicit timing reference,North Hollywood Apartments Trade to Locally Based LLC,Connect CRE California,https://www.connectcre.com/stories/north-hollywood-apartments-trade-to-locally-based-llc/,High
2026-10-07,20261007-020900-b7261371,PRJ-20261007-0041,Disposition / Exit - California - Marcus & Millichap Arranges $7.1M Sale of 32-Unit Multifamily Property in Anaheim Californ...,100,LC-20261007-011,art_42f342a09ad81d82,Anaheim Deal Represents Investor’s First Multifamily Buy Since 1993,https://www.connectcre.com/stories/anaheim-deal-represents-investors-first-multifamily-buy-since-1993/,"Tue, 06 Oct 2026 21:26:04 +0000","California CRE News In Your Inbox. Sign up for Connect emails to stay informed with CRE stories that are 150 words or less. California + Orange County + Apartments | October 6, 2026 By: Paul Bubny Anaheim Deal Represents Investor’s First Multifamily Buy Since 1993 Marcus & Millichap arranged the sale of Nine-Eighteen Apartments, a 32-unit multifamily property in Anaheim. The property sold for $7.1 million, or $221,875 per unit. “Nine-Eighteen Apartments presented a compelling opportunity to acqu",valid,title/source/url metadata are internally consistent,Development Activity,GP / Capital Activity,new_or_fresh,,,,,2026-10-06,2026-10-07,1,fresh_0_3d,fresh,published date parsed; article age 1 day(s),100,open,,,,Disposition / Exit - California - Anaheim Deal Represents Investor’s First Multifamily Buy Since 1993,California,California,Apartment,Marcus & Millichap,Unknown,Unknown Stage,excluded,transaction / capital guard: disposition,,Reappearing,22,96,Unknown Timing,Unknown,Unknown,Unknown,Unknown,General monitoring,Monitor lifecycle signal for repeated confirmation,Unknown Stage; General Asset Signal; No explicit timing reference,Anaheim Deal Represents Investor’s First Multifamily Buy Since 1993,Connect CRE,https://www.connectcre.com/stories/anaheim-deal-represents-investors-first-multifamily-buy-since-1993/,High
2026-10-07,20261007-020900-b7261371,PRJ-20261007-0128,General Project Signal - Miami / Florida - Related Affiliate Obtains $167M Loan Package for Miami Apartment Community,100,LC-20261007-009,art_aa438a9ced650bfa,Related Affiliate Obtains $167M Loan Package for Miami Apartment Community,https://www.connectcre.com/stories/related-affiliate-obtains-167m-loan-package-for-miami-apartment-community/,"Wed, 30 Sep 2026 14:04:45 +0000","Florida & Gulf Coast CRE News In Your Inbox. Sign up for Connect emails to stay informed with CRE stories that are 150 words or less. Florida & Gulf Coast + South Florida + Apartments | September 30, 2026 By: Mike Boyd Related Affiliate Obtains $167M Loan Package for Miami Apartment Community Related Urban Development Group (RUDG), part of The Related Group, inked a $167 million financing package for the Gallery at Lummus Parc. Greystone provided the financing. The Greystone team included Greg V",valid,title/source/url metadata are internally consistent,GP / Capital Activity,,repeat_penalized,,,,,2026-09-30,2026-10-07,7,fresh_0_3d,fresh,published date parsed; article age 7 day(s),58,open,,,,General Project Signal - Miami / Florida - Related Affiliate Obtains $167M Loan Package for Miami Apartment Community,Unknown,South Florida,Apartment,Greystone,Unknown,Unknown Stage,excluded,transaction / capital guard: loan,Unknown Stage,Reappearing,21,96,Unknown Timing,Unknown,Unknown,Unknown,Unknown,General monitoring,Monitor lifecycle signal for repeated confirmation,Unknown Stage; General Asset Signal; No explicit timing reference,Related Affiliate Obtains $167M Loan Package for Miami Apartment Community,Connect CRE South Florida,https://www.connectcre.com/stories/related-affiliate-obtains-167m-loan-package-for-miami-apartment-community/,High
2026-10-07,20261007-020900-b7261371,PRJ-20261007-0070,Fresh imagery for proposed housing complex at 1238 Lincoln Blvd. in Santa Monica,80,LC-20261007-022,art_453af7e7938a66d2,Fresh imagery for proposed housing complex at 1238 Lincoln Blvd. in Santa Monica,https://la.urbanize.city/post/fresh-imagery-proposed-housing-complex-1238-lincoln-blvd-santa-monica,"Mon, 05 Oct 2026 13:15:00 +0000","Fresh imagery for proposed housing complex at 1238 Lincoln Blvd. in Santa Monica | Urbanize LA Skip to main content Advertisement Advertisement A staff report to the Santa Monica Architectural Review Board offers a look at additional imagery depicting plans to build housing on the longtime site of the Boys & Girls Clubs of Santa Monica . Lincoln Property Company 's plans for the site at 1238 Lincoln Boulevard involves the construction of an eight-story building featuring 232 studio, one-, and tw",valid,title/source/url metadata are internally consistent,Development Activity,,acceptable_repeat,True,address/street: 1238 lincoln blvd; execution milestone: proposed; site/parcel signal: site; project/asset term: development; named asset/project hint: lincoln blvd,high,Approval / Entitlement,2026-10-05,2026-10-07,2,fresh_0_3d,fresh,published date parsed; article age 2 day(s),66,access_limited,,,,Fresh imagery for proposed housing complex at 1238 Lincoln Blvd. in Santa Monica,Santa Monica / California,Los Angeles,Apartment,,Unknown,Site Acquisition / Site Control,site_parcel_activity,site/parcel signal with project anchor: plans to build,Site Acquisition / Site Control,Reappearing,10,96,Unknown Timing,Low,Low,Low,Low,Relevant to acquisition / JV timing,Monitor lifecycle signal for repeated confirmation,Site Acquisition / Site Control; Acquisition / Site Control; No explicit timing reference,Fresh imagery for proposed housing complex at 1238 Lincoln Blvd. in Santa Monica,Urbanize LA,https://la.urbanize.city/post/fresh-imagery-proposed-housing-complex-1238-lincoln-blvd-santa-monica,High
2026-10-07,20261007-020900-b7261371,PRJ-20261007-0130,Refinancing - Southeast - JLL Arranges $53M Refinancing for Apartment Community in Huntsville,100,LC-20261007-013,art_660427fae7496d77,JLL Arranges $53M Refinancing for Apartment Community in Huntsville,https://rebusinessonline.com/jll-arranges-53m-refinancing-for-apartment-community-in-huntsville/,2026-10-06T15:29:55Z,"Bobo Development Group has secured a $53 million refinancing loan for Arcadia Huntsville, a 250-unit project in Huntsville, Ala., that was completed in 2024. Alabama Loans Multifamily Southeast JLL Arranges $53M Refinancing for Apartment Community in Huntsville by John Nelson October 6, 2026 October 6, 2026 7 HUNTSVILLE, ALA. — JLL has arranged a $53 million refinancing loan for Bobo Development Group’s Arcadia Huntsville. The 250-unit property at 4810 Bradford Drive in Huntsville’s Cumming Rese",valid,title/source/url metadata are internally consistent,Development Activity,GP / Capital Activity,new_or_fresh,,,,,2026-10-06,2026-10-07,1,fresh_0_3d,fresh,published date parsed; article age 1 day(s),100,open,,,,Refinancing - Southeast - JLL Arranges $53M Refinancing for Apartment Community in Huntsville,Southeast,Southeast,Apartment,JLL,JLL,Delivery / Opening,excluded,transaction / capital guard: refinancing,,Mature / Operating,40,95,Unknown Timing,Low,High,Low,Medium,Relevant to underwriting benchmark,"Benchmark delivery, lease-up, occupancy, and rent assumptions",Delivery / Opening; Completed / opened; Refinancing / Recapitalization; completed,JLL Arranges $53M Refinancing for Apartment Community in Huntsville,REBusiness Online,https://rebusinessonline.com/jll-arranges-53m-refinancing-for-apartment-community-in-huntsville/,High
2026-10-07,20261007-020900-b7261371,PRJ-20261007-0041,Disposition / Exit - California - Marcus & Millichap Arranges $7.1M Sale of 32-Unit Multifamily Property in Anaheim Californ...,100,LC-20261007-014,art_2fdc01b696e88b13,Marcus & Millichap Brokers $6.3M Sale of San Francisco Multifamily Portfolio,https://rebusinessonline.com/marcus-millichap-brokers-6-3m-sale-of-san-francisco-multifamily-portfolio/,2026-10-06T12:42:00Z,"Acquisitions California Multifamily Western Marcus & Millichap Brokers $6.3M Sale of San Francisco Multifamily Portfolio by Taylor Williams October 6, 2026 October 6, 2026 11 SAN FRANCISCO — Marcus & Millichap has brokered the sale of a portfolio of two multifamily properties at 1159-1169 and 1067-1071 Union St. in San Francisco’s Russian Hill neighborhood. The properties sold for a combined $6.3 million after approximately 50 years under the same family ownership. Philip Batlin, Clinton Textor,",valid,title/source/url metadata are internally consistent,Development Activity,GP / Capital Activity,new_or_fresh,,,,,2026-10-06,2026-10-07,1,fresh_0_3d,fresh,published date parsed; article age 1 day(s),100,open,,,,Acquisition - San Francisco / California - Marcus & Millichap Brokers $6.3M Sale of San Francisco Multifamily Portfolio,California,California,Multifamily,Marcus & Millichap,Unknown,Unknown Stage,excluded,transaction / capital guard: sale,,Reappearing,20,94,Unknown Timing,Unknown,Unknown,Unknown,Unknown,General monitoring,Monitor lifecycle signal for repeated confirmation,Unknown Stage; General Asset Signal; No explicit timing reference,Marcus & Millichap Brokers $6.3M Sale of San Francisco Multifamily Portfolio,REBusiness Online,https://rebusinessonline.com/marcus-millichap-brokers-6-3m-sale-of-san-francisco-multifamily-portfolio/,High
2026-10-07,20261007-020900-b7261371,PRJ-20261007-0138,Disposition / Exit - Other / Unknown - Marcus & Millichap Brokers $31.9M Sale of the Largest Private Market-Rate Apartment Portfo...,100,LC-20261007-015,art_31b591e0bb39c000,Marcus & Millichap Brokers $31.9M Sale of the Largest Private Market-Rate Apartment Portfolio in Newport Rhode Island,https://yieldpro.com/2026/10/newport-county-broadway-portfolio/,"Tue, 06 Oct 2026 15:49:34 +0000","Deal boom News Facebook Twitter Linkedin Marcus & Millichap (NYSE: MMI) , a leading commercial real estate brokerage firm specializing in investment sales, financing, research and advisory services, announced the sale of the Newport Portfolio, a 33-property, 96-unit multifamily portfolio in Newport and Portsmouth, Rhode Island . The portfolio sold for $31,965,000, or approximately $333,000 per unit. The 32 properties sold in Newport are more than half the entire multifamily inventory sold in the",valid,title/source/url metadata are internally consistent,Development Activity,GP / Capital Activity; Market Intelligence,new_or_fresh,,,,,2026-10-06,2026-10-07,1,fresh_0_3d,fresh,published date parsed; article age 1 day(s),100,open,,,,Disposition / Exit - Other / Unknown - Marcus & Millichap Brokers $31.9M Sale of the Largest Private Market-Rate Apartment Portfo...,Unknown,Unknown,Apartment,Marcus & Millichap,Unknown,Site Acquisition / Site Control,excluded,transaction / capital guard: disposition,,Reappearing,9,94,Unknown Timing,Low,Low,Low,Low,Relevant to acquisition / JV timing,Monitor lifecycle signal for repeated confirmation,Site Acquisition / Site Control; General Asset Signal; No explicit timing reference,Marcus & Millichap Brokers $31.9M Sale of the Largest Private Market-Rate Apartment Portfolio in Newport Rhode Island,Yield PRO,https://yieldpro.com/2026/10/newport-county-broadway-portfolio/,High
2026-10-07,20261007-020900-b7261371,PRJ-20261007-0048,North Hollywood Apartments Trade to Locally Based LLC,100,LC-20261007-025,art_759e3064eade96d2,North Hollywood Apartments Trade to Locally Based LLC,https://www.connectcre.com/stories/north-hollywood-apartments-trade-to-locally-based-llc/,"Fri, 02 Oct 2026 21:41:45 +0000","California CRE News In Your Inbox. Sign up for Connect emails to stay informed with CRE stories that are 150 words or less. California + Los Angeles + Apartments | October 2, 2026 By: Paul Bubny North Hollywood Apartments Trade to Locally Based LLC Marcus & Millichap has finalized the sale of 13103 Barbara Ann St., a 41-unit multifamily property in North Hollywood. The property sold for nearly $5.89 million, or $143,610 per unit, and closed escrow at a 5.7% cap rate based on in-place income. “Th",valid,title/source/url metadata are internally consistent,Development Activity,GP / Capital Activity,acceptable_repeat,True,unit/site count: 41-unit; address/street: 13103 barbara ann st; project/asset term: apartments,high,Project / Asset,2026-10-02,2026-10-07,5,fresh_0_3d,fresh,published date parsed; article age 5 day(s),66,open,,,,North Hollywood Apartments Trade to Locally Based LLC,Los Angeles / California,Hollywood,Apartment,Marcus & Millichap,Unknown,Unknown Stage,excluded,transaction / capital guard: sale,Unknown Stage,Reappearing,21,92,Unknown Timing,Unknown,Unknown,Unknown,Unknown,General monitoring,Monitor lifecycle signal for repeated confirmation,Unknown Stage; General Asset Signal; 2026,North Hollywood Apartments Trade to Locally Based LLC,Connect CRE California,https://www.connectcre.com/stories/north-hollywood-apartments-trade-to-locally-based-llc/,High
2026-10-07,20261007-020900-b7261371,PRJ-20261007-0113,Acquisition - San Francisco / California - Marcus & Millichap Brokers $6.3M Sale of San Francisco Multifamily Portfolio,100,LC-20261007-032,art_2fdc01b696e88b13,Marcus & Millichap Brokers $6.3M Sale of San Francisco Multifamily Portfolio,https://rebusinessonline.com/marcus-millichap-brokers-6-3m-sale-of-san-francisco-multifamily-portfolio/,2026-10-06T12:42:00Z,"Acquisitions California Multifamily Western Marcus & Millichap Brokers $6.3M Sale of San Francisco Multifamily Portfolio by Taylor Williams October 6, 2026 October 6, 2026 11 SAN FRANCISCO — Marcus & Millichap has brokered the sale of a portfolio of two multifamily properties at 1159-1169 and 1067-1071 Union St. in San Francisco’s Russian Hill neighborhood. The properties sold for a combined $6.3 million after approximately 50 years under the same family ownership. Philip Batlin, Clinton Textor,",valid,title/source/url metadata are internally consistent,Development Activity,GP / Capital Activity,new_or_fresh,True,address/street: 1169 and 1067-1071 union st,medium,Project / Asset,2026-10-06,2026-10-07,1,fresh_0_3d,fresh,published date parsed; article age 1 day(s),100,open,,,,Marcus & Millichap Brokers $6.3M Sale of San Francisco Multifamily Portfolio,San Francisco / California,Unknown,Multifamily,Marcus & Millichap,Unknown,Unknown Stage,excluded,transaction / capital guard: sale,,Reappearing,20,90,Unknown Timing,Unknown,Unknown,Unknown,Unknown,General monitoring,Monitor lifecycle signal for repeated confirmation,Unknown Stage; General Asset Signal; 2026,Marcus & Millichap Brokers $6.3M Sale of San Francisco Multifamily Portfolio,REBusiness Online,https://rebusinessonline.com/marcus-millichap-brokers-6-3m-sale-of-san-francisco-multifamily-portfolio/,High
2026-10-07,20261007-020900-b7261371,PRJ-20261007-0066,Mixed-use project proposed at 177 S. Robertson Blvd. in Beverly Hills,80,LC-20261007-035,art_01cd95bf8478657d,Mixed-use project proposed at 177 S. Robertson Blvd. in Beverly Hills,https://la.urbanize.city/post/mixed-use-project-proposed-177-s-robertson-blvd-beverly-hills,"Mon, 05 Oct 2026 13:10:00 +0000","Mixed-use project proposed at 177 S. Robertson Blvd. in Beverly Hills | Urbanize LA Skip to main content Advertisement Advertisement A mixed-use apartment complex is set to replace a vehicular service center and a preschool just south of Wilshire Boulevard in Beverly Hills . View looking west Gabbay Architects The project, slated for a site at 177-195 S. Robertson Boulevard , is proposed by OHR Hamet, Inc. Plans call for the new construction of an eight-story building featuring 79 studio, one-, ",valid,title/source/url metadata are internally consistent,Development Activity,Market Intelligence,acceptable_repeat,True,address/street: 177 s. robertson blvd; execution milestone: proposed; site/parcel signal: site; project/asset term: project,high,Approval / Entitlement,2026-10-05,2026-10-07,2,fresh_0_3d,fresh,published date parsed; article age 2 day(s),66,access_limited,,,,Mixed-use project proposed at 177 S. Robertson Blvd. in Beverly Hills,Beverly Hills / California,Los Angeles,Affordable Housing,,Unknown,Site Acquisition / Site Control,approval_watch,matched proposed,Site Acquisition / Site Control,Reappearing,10,88,Unknown Timing,Low,Low,Low,Low,Relevant to acquisition / JV timing,Monitor lifecycle signal for repeated confirmation,Site Acquisition / Site Control; General Asset Signal; No explicit timing reference,Mixed-use project proposed at 177 S. Robertson Blvd. in Beverly Hills,Urbanize LA,https://la.urbanize.city/post/mixed-use-project-proposed-177-s-robertson-blvd-beverly-hills,High
2026-10-07,20261007-020900-b7261371,PRJ-20261007-0067,Construction Financing - Los Angeles / California - Construction loan issued for affordable housing at 400 Centinela Ave. in Inglewood,80,LC-20261007-012,art_ae197fcd5832b384,Construction loan issued for affordable housing at 400 Centinela Ave. in Inglewood,https://la.urbanize.city/post/construction-loan-issued-affordable-housing-400-centinela-ave-inglewood,"Mon, 05 Oct 2026 13:05:00 +0000","Construction loan issued for affordable housing at 400 Centinela Ave. in Inglewood | Urbanize LA Skip to main content Advertisement Advertisement The Los Angeles County Affordable Housing Solutions Agency (LACAHSA) has announced the closing of its first construction loan, which will go toward a mixed-use development in the City of Inglewood . Sankofa Place at Centinela - a joint venture between Venice Community Housing, Linc Housing , and the Social Justice Learning Institute - will rise from a ",valid,title/source/url metadata are internally consistent,Development Activity,GP / Capital Activity,acceptable_repeat,,,,,2026-10-05,2026-10-07,2,fresh_0_3d,fresh,published date parsed; article age 2 day(s),66,access_limited,,,,Construction Financing - Los Angeles / California - Construction loan issued for affordable housing at 400 Centinela Ave. in Inglewood,California,Los Angeles,Affordable Housing,Unknown,Unknown,Refinancing / Recapitalization,excluded,transaction / capital guard: loan,Refinancing / Recapitalization,Mature / Operating,59,86,Unknown Timing,Low,High,Low,Low,Relevant to acquisition / JV timing,"Track lender, maturity, debt terms, and recapitalization need",Refinancing / Recapitalization; Refinancing / Recapitalization; No explicit timing reference,Construction loan issued for affordable housing at 400 Centinela Ave. in Inglewood,Urbanize LA,https://la.urbanize.city/post/construction-loan-issued-affordable-housing-400-centinela-ave-inglewood,High
2026-10-07,20261007-020900-b7261371,PRJ-20261007-0036,Refinancing - New York City / New York - CBRE Arranges Financing for Rent-Stabilized Midwood Multifamily,100,LC-20261007-018,art_8528abc99fbbbb10,CBRE Arranges Financing for Rent-Stabilized Midwood Multifamily,https://www.connectcre.com/stories/cbre-arranges-financing-for-rent-stabilized-midwood-multifamily/,"Mon, 05 Oct 2026 21:34:34 +0000","New York & Tri-State CRE News In Your Inbox. Sign up for Connect emails to stay informed with CRE stories that are 150 words or less. New York & Tri-State + Outer Boroughs + Apartments | October 5, 2026 By: Paul Bubny CBRE Arranges Financing for Rent-Stabilized Midwood Multifamily CBRE originated a $15-million loan for a 175-unit rent-stabilized multifamily property located at 430 and 499 E. 8th St. in the Midwood section of Brooklyn. The financing was secured on behalf of ARM Management through",valid,title/source/url metadata are internally consistent,Development Activity,GP / Capital Activity,acceptable_repeat,,,,,2026-10-05,2026-10-07,2,fresh_0_3d,fresh,published date parsed; article age 2 day(s),78,open,,,,Refinancing - New York City / New York - CBRE Arranges Financing for Rent-Stabilized Midwood Multifamily,Unknown,Brooklyn,Apartment,CBRE,CBRE,Stabilized / Operating,excluded,transaction / capital guard: refinancing,Stabilized / Operating,Mature / Operating,35,85,Unknown Timing,Low,High,Low,Low,Relevant to underwriting benchmark,"Benchmark delivery, lease-up, occupancy, and rent assumptions",Stabilized / Operating; Refinancing / Recapitalization; No explicit timing reference,CBRE Arranges Financing for Rent-Stabilized Midwood Multifamily,Connect CRE Apartments,https://www.connectcre.com/stories/cbre-arranges-financing-for-rent-stabilized-midwood-multifamily/,High
2026-10-07,20261007-020900-b7261371,PRJ-20261007-0117,"Entitlement / Permitting - San Francisco / California - New Building Permits Issued For Mission Bay Block 4 East, San Francisco",80,LC-20261007-040,art_39c83ac919d9ba7a,"New Building Permits Issued For Mission Bay Block 4 East, San Francisco",https://sfyimby.com/2026/10/new-building-permits-issued-for-mission-bay-block-4-east-san-francisco.html,"Mon, 05 Oct 2026 12:30:33 +0000","Mission Bay Block 4 East aerial view of Phase Two, rendering by Perry Architects and Y.A. Studio By: Andrew Nelson 5:30 am on October 5, 2026 New building permits have been issued for both phases of the Mission Bay Block 4 East development in San Francisco’s Mission Bay neighborhood. The project will include two affordable housing blocks, rising 16 stories and 23 stories. Curtis Development and Bayview Senior Services are the joint developers. Mission Bay Block 4 East aerial view looking at Phas",valid,title/source/url metadata are internally consistent,Development Activity,,acceptable_repeat,,,,,2026-10-05,2026-10-07,2,fresh_0_3d,fresh,published date parsed; article age 2 day(s),66,access_limited,,,,"Entitlement / Permitting - San Francisco / California - New Building Permits Issued For Mission Bay Block 4 East, San Francisco",Unknown,San Francisco,Affordable Housing,Unknown,Unknown,Building Permit / Construction Permit,approval_watch,matched permit,Building Permit / Construction Permit,Reappearing,18,85,Unknown Timing,Low,Low,Low,Low,High relevance to development timing,"Monitor permit issuance, financing, and construction-start timing",Building Permit / Construction Permit; Building permit signal; Construction-Ready Pipeline; No explicit timing reference,"New Building Permits Issued For Mission Bay Block 4 East, San Francisco",SF YIMBY,https://sfyimby.com/2026/10/new-building-permits-issued-for-mission-bay-block-4-east-san-francisco.html,High
2026-10-07,20261007-020900-b7261371,PRJ-20261007-0075,General Project Signal - National - BWE Secures $28.3M in Permanent Financing for Columbus-Area Senior Living Community,100,LC-20261007-030,art_69665d192c44c504,BWE Secures $28.3M in Permanent Financing for Columbus-Area Senior Living Community,https://yieldpro.com/2026/10/grove-city-senior-living/,"Tue, 06 Oct 2026 15:00:36 +0000","Deal boom News Facebook Twitter Linkedin BWE , a national commercial and multifamily mortgage banking company, announced today that it has secured a $28,300,000 loan to finance Grove City Senior Living , a senior independent living, assisted living, and memory care community in Grove City, Ohio, part of the Columbus metropolitan area. Taylor Hawkins , senior vice president in BWE’s Cleveland office, originated the financing from Fannie Mae on behalf of an Ohio-based developer of senior housing. ",valid,title/source/url metadata are internally consistent,Development Activity,GP / Capital Activity,new_or_fresh,,,,,2026-10-06,2026-10-07,1,fresh_0_3d,fresh,published date parsed; article age 1 day(s),100,open,,,,General Project Signal - National - BWE Secures $28.3M in Permanent Financing for Columbus-Area Senior Living Community,Unknown,National,Senior Housing,Fannie Mae,Fannie Mae,Unknown Stage,excluded,transaction / capital guard: financing,,Reappearing,20,83,Unknown Timing,Unknown,Unknown,Unknown,Unknown,General monitoring,Monitor lifecycle signal for repeated confirmation,Unknown Stage; General Asset Signal; No explicit timing reference,BWE Secures $28.3M in Permanent Financing for Columbus-Area Senior Living Community,Yield PRO,https://yieldpro.com/2026/10/grove-city-senior-living/,High
2026-10-07,20261007-020900-b7261371,PRJ-20261007-0111,Entitlement / Permitting - Phoenix / Arizona - Development Team Pursuing 376-Unit Tempe Apartment Venture,80,LC-20261007-027,art_c1ef294ada536e86,Empire Lands $65.5M Refi on Phoenix BTR Community,https://www.connectcre.com/stories/empire-lands-65-6m-refi-on-phoenix-btr-community/,"Wed, 30 Sep 2026 15:51:41 +0000","Phoenix & Southwest CRE News In Your Inbox. Sign up for Connect emails to stay informed with CRE stories that are 150 words or less. Phoenix & Southwest + Phoenix + Apartments | September 30, 2026 By: Mike Boyd Empire Lands $65.5M Refi on Phoenix BTR Community Värde Partners closed on a $65.5 million loan to refinance Village at Sonoran Vista, a newly delivered build-to-rent community in Phoenix, Arizona. The financing was provided to the Empire Group to support the lease-up of the 240-unit comm",valid,title/source/url metadata are internally consistent,Development Activity,GP / Capital Activity,repeat_penalized,,,,,2026-09-30,2026-10-07,7,fresh_0_3d,fresh,published date parsed; article age 7 day(s),58,open,,,,BTR / Build-to-Rent - Phoenix / Arizona - Empire Lands $65.5M Refi on Phoenix BTR Community,Unknown,Phoenix,BTR / Single-Family Rental,Unknown,Unknown,Site Acquisition / Site Control,construction_delivery_watch,matched development / asset strategy execution,Site Acquisition / Site Control,Reappearing,21,82,Unknown Timing,Low,Low,Low,Low,Relevant to acquisition / JV timing,Monitor lifecycle signal for repeated confirmation,Site Acquisition / Site Control; General Asset Signal; No explicit timing reference,Empire Lands $65.5M Refi on Phoenix BTR Community,Connect CRE Phoenix,https://www.connectcre.com/stories/empire-lands-65-6m-refi-on-phoenix-btr-community/,High
2026-10-07,20261007-020900-b7261371,PRJ-20261007-0067,Construction Financing - Los Angeles / California - Construction loan issued for affordable housing at 400 Centinela Ave. in Inglewood,80,LC-20261007-036,art_c98387319c789f6c,"Jonathan Rose Cos. Acquires Affordable Housing Community in Santa Cruz, California",https://rebusinessonline.com/jonathan-rose-cos-acquires-affordable-housing-community-in-santa-cruz-california/,2026-10-06T12:48:00Z,"Located in Santa Cruz, Calif., La Posada Apartments features 150 affordable residences. Acquisitions Affordable Housing California Multifamily Western Jonathan Rose Cos. Acquires Affordable Housing Community in Santa Cruz, California by Amy Works October 6, 2026 October 6, 2026 9 SANTA CRUZ, CALIF. — Jonathan Rose Cos. has purchased La Posada Apartments, a 150-unit mixed-income multifamily property located at 609 Frederick St. in Santa Cruz, with plans to extend the existing Project Based Sectio",valid,title/source/url metadata are internally consistent,Development Activity,GP / Capital Activity,new_or_fresh,True,unit/site count: 150-unit; address/street: 609 frederick st; project/asset term: project,high,Project / Asset,2026-10-06,2026-10-07,1,fresh_0_3d,fresh,published date parsed; article age 1 day(s),100,open,,,,"Jonathan Rose Cos. Acquires Affordable Housing Community in Santa Cruz, California",California,Los Angeles,Affordable Housing,Unknown,Unknown,Site Acquisition / Site Control,excluded,transaction / capital guard: acquisition,,Reappearing,26,81,Unknown Timing,Low,Low,Low,Low,Relevant to acquisition / JV timing,Monitor lifecycle signal for repeated confirmation,Site Acquisition / Site Control; Affordable / Density Bonus Strategy; 2026,"Jonathan Rose Cos. Acquires Affordable Housing Community in Santa Cruz, California",REBusiness Online,https://rebusinessonline.com/jonathan-rose-cos-acquires-affordable-housing-community-in-santa-cruz-california/,High
2026-10-07,20261007-020900-b7261371,PRJ-20261007-0067,Construction Financing - Los Angeles / California - Construction loan issued for affordable housing at 400 Centinela Ave. in Inglewood,80,LC-20261007-039,art_57b6fb2920b561ae,Jonathan Rose Makes Second Acquisition in Santa Cruz,https://www.connectcre.com/stories/jonathan-rose-makes-second-acquisition-in-santa-cruz/,"Mon, 05 Oct 2026 20:47:04 +0000","California CRE News In Your Inbox. Sign up for Connect emails to stay informed with CRE stories that are 150 words or less. California + Bay Area + Apartments | October 5, 2026 By: Paul Bubny Jonathan Rose Makes Second Acquisition in Santa Cruz Jonathan Rose Companies has acquired La Posada Apartments, a 150-unit, mixed-income community located at 609 Frederick St. in Santa Cruz. The $85-million transaction marks the ninth acquisition for the Rose Affordable Housing Preservation Fund VI and the ",valid,title/source/url metadata are internally consistent,Development Activity,GP / Capital Activity,acceptable_repeat,True,unit/site count: 150-unit; address/street: 609 frederick st; project/asset term: community,high,Project / Asset,2026-10-05,2026-10-07,2,fresh_0_3d,fresh,published date parsed; article age 2 day(s),78,open,,,,Jonathan Rose Makes Second Acquisition in Santa Cruz,California,Los Angeles,Affordable Housing,Unknown,Unknown,Site Acquisition / Site Control,excluded,transaction / capital guard: acquired,Site Acquisition / Site Control,Reappearing,25,80,Unknown Timing,Low,Low,Low,Low,Relevant to acquisition / JV timing,Monitor lifecycle signal for repeated confirmation,Site Acquisition / Site Control; Affordable / Density Bonus Strategy; 2026,Jonathan Rose Makes Second Acquisition in Santa Cruz,Connect CRE Apartments,https://www.connectcre.com/stories/jonathan-rose-makes-second-acquisition-in-santa-cruz/,High
2026-10-07,20261007-020900-b7261371,PRJ-20261007-0035,Entitlement / Permitting - Beverly Hills / California - Mixed-use project proposed at 177 S. Robertson Blvd. in Beverly Hills,80,LC-20261007-010,art_01cd95bf8478657d,Mixed-use project proposed at 177 S. Robertson Blvd. in Beverly Hills,https://la.urbanize.city/post/mixed-use-project-proposed-177-s-robertson-blvd-beverly-hills,"Mon, 05 Oct 2026 13:10:00 +0000","Mixed-use project proposed at 177 S. Robertson Blvd. in Beverly Hills | Urbanize LA Skip to main content Advertisement Advertisement A mixed-use apartment complex is set to replace a vehicular service center and a preschool just south of Wilshire Boulevard in Beverly Hills . View looking west Gabbay Architects The project, slated for a site at 177-195 S. Robertson Boulevard , is proposed by OHR Hamet, Inc. Plans call for the new construction of an eight-story building featuring 79 studio, one-, ",valid,title/source/url metadata are internally consistent,Development Activity,Market Intelligence,acceptable_repeat,,,,,2026-10-05,2026-10-07,2,fresh_0_3d,fresh,published date parsed; article age 2 day(s),66,access_limited,,,,Entitlement / Permitting - Beverly Hills / California - Mixed-use project proposed at 177 S. Robertson Blvd. in Beverly Hills,Unknown,Beverly Hills,Affordable Housing,Unknown,Unknown,Early Site Signal,approval_watch,matched permit,Early Site Signal,Reappearing,24,80,Unknown Timing,Low,Low,Low,Low,General monitoring,Monitor lifecycle signal for repeated confirmation,Early Site Signal; Entitlement Play; No explicit timing reference,Mixed-use project proposed at 177 S. Robertson Blvd. in Beverly Hills,Urbanize LA,https://la.urbanize.city/post/mixed-use-project-proposed-177-s-robertson-blvd-beverly-hills,High
2026-10-07,20261007-020900-b7261371,PRJ-20261007-0055,Construction loan issued for affordable housing at 400 Centinela Ave. in Inglewood,80,LC-20261007-041,art_ae197fcd5832b384,Construction loan issued for affordable housing at 400 Centinela Ave. in Inglewood,https://la.urbanize.city/post/construction-loan-issued-affordable-housing-400-centinela-ave-inglewood,"Mon, 05 Oct 2026 13:05:00 +0000","Construction loan issued for affordable housing at 400 Centinela Ave. in Inglewood | Urbanize LA Skip to main content Advertisement Advertisement The Los Angeles County Affordable Housing Solutions Agency (LACAHSA) has announced the closing of its first construction loan, which will go toward a mixed-use development in the City of Inglewood . Sankofa Place at Centinela - a joint venture between Venice Community Housing, Linc Housing , and the Social Justice Learning Institute - will rise from a ",valid,title/source/url metadata are internally consistent,Development Activity,GP / Capital Activity,acceptable_repeat,True,address/street: 400 centinela ave; execution milestone: groundbreaking; project/asset term: development; project financing tied to anchor: construction loan,high,Construction Start,2026-10-05,2026-10-07,2,fresh_0_3d,fresh,published date parsed; article age 2 day(s),66,access_limited,,,,Construction loan issued for affordable housing at 400 Centinela Ave. in Inglewood,Los Angeles / California,Inglewood,Affordable Housing,Unknown,Unknown,Refinancing / Recapitalization,excluded,transaction / capital guard: loan,Refinancing / Recapitalization,Mature / Operating,52,79,Unknown Timing,Low,High,Low,Low,Relevant to acquisition / JV timing,"Track lender, maturity, debt terms, and recapitalization need",Refinancing / Recapitalization; Refinancing / Recapitalization; No explicit timing reference,Construction loan issued for affordable housing at 400 Centinela Ave. in Inglewood,Urbanize LA,https://la.urbanize.city/post/construction-loan-issued-affordable-housing-400-centinela-ave-inglewood,High
2026-10-07,20261007-020900-b7261371,PRJ-20261007-0108,Disposition / Exit - Phoenix / Arizona - N. Phoenix Apartments Trade for $58.7M,100,LC-20261007-033,art_e241a605f610196a,N. Phoenix Apartments Trade for $58.7M,https://www.connectcre.com/stories/n-phoenix-apartments-trade-for-58-7m/,"Fri, 25 Sep 2026 15:38:35 +0000","Phoenix & Southwest CRE News In Your Inbox. Sign up for Connect emails to stay informed with CRE stories that are 150 words or less. Phoenix & Southwest + Phoenix + Apartments | September 25, 2026 By: Mike Boyd N. Phoenix Apartments Trade for $58.7M Institutional Property Advisors (IPA) brokered the sale of Ascend at Black Canyon, a 260-unit multifamily property in Phoenix, Arizona. The asset traded for $58.7 million, or $225,769 per unit. DR Horton was the seller, Millburn & Company the buyer. ",valid,title/source/url metadata are internally consistent,Development Activity,GP / Capital Activity,repeat_penalized,,,,,2026-09-25,2026-10-07,12,recent_4_14d,recent,published date parsed; article age 12 day(s),55,open,,,,Disposition / Exit - Phoenix / Arizona - N. Phoenix Apartments Trade for $58.7M,Unknown,Phoenix,Apartment,IPA,Unknown,Unknown Stage,excluded,transaction / capital guard: disposition,Unknown Stage,Reappearing,20,77,Unknown Timing,Unknown,Unknown,Unknown,Unknown,General monitoring,Monitor lifecycle signal for repeated confirmation,Unknown Stage; General Asset Signal; No explicit timing reference,N. Phoenix Apartments Trade for $58.7M,Connect CRE Phoenix,https://www.connectcre.com/stories/n-phoenix-apartments-trade-for-58-7m/,High
2026-10-07,20261007-020900-b7261371,PRJ-20261007-0137,Office-to-Residential Conversion - Other / Unknown - Davis Provides $44M Construction Financing for Downtown Residential Conversion,100,LC-20261007-016,art_8a98b0b5a28d922f,Davis Provides $44M Construction Financing for Downtown Residential Conversion,https://www.connectcre.com/stories/davis-provides-44m-construction-financing-for-downtown-residential-conversion/,"Mon, 05 Oct 2026 21:02:13 +0000","Boston & New England CRE News In Your Inbox. Sign up for Connect emails to stay informed with CRE stories that are 150 words or less. Boston & New England + Boston + Apartments | October 5, 2026 By: Paul Bubny Davis Provides $44M Construction Financing for Downtown Residential Conversion JLL Capital Markets has arranged $44 million in financing for 31 Milk St., an adaptive reuse multifamily redevelopment in Downtown Boston. Managing director Anthony Cutone, director Madeline Joyce and associates",valid,title/source/url metadata are internally consistent,Development Activity,GP / Capital Activity,acceptable_repeat,,,,,2026-10-05,2026-10-07,2,fresh_0_3d,fresh,published date parsed; article age 2 day(s),78,open,,,,Office-to-Residential Conversion - Other / Unknown - Davis Provides $44M Construction Financing for Downtown Residential Conversion,Unknown,Unknown,Office-to-Residential Conversion,JLL,JLL,Unknown Stage,excluded,transaction / capital guard: financing,Unknown Stage,Reappearing,25,76,Unknown Timing,Unknown,Unknown,Unknown,Unknown,General monitoring,Monitor lifecycle signal for repeated confirmation,Unknown Stage; Office-to-Residential Conversion; No explicit timing reference,Davis Provides $44M Construction Financing for Downtown Residential Conversion,Connect CRE Apartments,https://www.connectcre.com/stories/davis-provides-44m-construction-financing-for-downtown-residential-conversion/,High
2026-10-07,20261007-020900-b7261371,PRJ-20261007-0136,Acquisition - Other / Unknown - Northmarq Provides $22.8M Agency Acquisition Loan for Metro Boston Affordable Housing Comp...,100,LC-20261007-017,art_2f660066ba32b1b0,Northmarq Provides $22.8M Agency Acquisition Loan for Metro Boston Affordable Housing Complex,https://rebusinessonline.com/northmarq-provides-22-8m-agency-acquisition-loan-for-metro-boston-affordable-housing-complex/,2026-10-06T13:25:27Z,"Affordable Housing Loans Massachusetts Multifamily Northeast Northmarq Provides $22.8M Agency Acquisition Loan for Metro Boston Affordable Housing Complex by Taylor Williams October 6, 2026 October 6, 2026 9 LAWRENCE, MASS. — Northmarq has provided a $22.8 million Fannie Mae acquisition loan for Elora Flats & Townhomes, a 104-unit affordable housing complex in Lawrence, a northern suburb of Boston. Built in 2009, Elora Flats & Townhomes comprises six four-story buildings with 48 one-bedroom unit",valid,title/source/url metadata are internally consistent,Development Activity,GP / Capital Activity,new_or_fresh,,,,,2026-10-06,2026-10-07,1,fresh_0_3d,fresh,published date parsed; article age 1 day(s),100,open,,,,Acquisition - Other / Unknown - Northmarq Provides $22.8M Agency Acquisition Loan for Metro Boston Affordable Housing Comp...,Unknown,Unknown,Affordable Housing,Fannie Mae,Fannie Mae,Unknown Stage,excluded,transaction / capital guard: acquisition,,Reappearing,21,76,Unknown Timing,Unknown,Unknown,Unknown,Unknown,General monitoring,Monitor lifecycle signal for repeated confirmation,Unknown Stage; Affordable / Density Bonus Strategy; No explicit timing reference,Northmarq Provides $22.8M Agency Acquisition Loan for Metro Boston Affordable Housing Complex,REBusiness Online,https://rebusinessonline.com/northmarq-provides-22-8m-agency-acquisition-loan-for-metro-boston-affordable-housing-complex/,High
2026-10-07,20261007-020900-b7261371,PRJ-20261007-0029,Development Start - Austin / Texas - OHT Helming 402-Unit Austin Rental Community,80,LC-20261007-056,art_41b154c3771ee882,OHT Helming 402-Unit Austin Rental Community,https://www.connectcre.com/stories/oht-helming-402-unit-austin-rental-community/,"Tue, 06 Oct 2026 16:17:57 +0000","Texas CRE News In Your Inbox. Sign up for Connect emails to stay informed with CRE stories that are 150 words or less. Texas + Austin + Apartments | October 6, 2026 By: Mike Boyd OHT Helming 402-Unit Austin Rental Community OHT Partners broke ground on The Barton, a 402-unit multifamily community on more than 60 acres in Southwest Austin. Located at 8956 W. State Highway 71, The Barton will feature a mix of three-story garden-style buildings and two-story townhomes with more than 40 acres design",valid,title/source/url metadata are internally consistent,Development Activity,,new_or_fresh,True,unit/site count: 402-unit; execution milestone: broke ground; project/asset term: community,high,Construction Start,2026-10-06,2026-10-07,1,fresh_0_3d,fresh,published date parsed; article age 1 day(s),100,open,,,,OHT Helming 402-Unit Austin Rental Community,Austin / Texas,Austin,Apartment,,Unknown,Vertical Construction,construction_delivery_watch,matched broke ground,,Reappearing,8,74,Unknown Timing,Low,Low,Medium,Low,General monitoring,"Benchmark construction timeline, sponsor execution, and delivery risk",Vertical Construction; Construction started; Development Start; 2026,OHT Helming 402-Unit Austin Rental Community,Connect CRE Apartments,https://www.connectcre.com/stories/oht-helming-402-unit-austin-rental-community/,Medium
2026-10-07,20261007-020900-b7261371,PRJ-20261007-0044,"Acquisition - California - Jonathan Rose Cos. Acquires Affordable Housing Community in Santa Cruz, California",80,LC-20261007-044,art_503822db3dfdbd25,El Dorado Hills Office Complex Refinanced within Tight Timeframe,https://www.connectcre.com/stories/el-dorado-hills-office-complex-refinanced-within-tight-timeframe/,"Tue, 06 Oct 2026 21:08:41 +0000","California CRE News In Your Inbox. Sign up for Connect emails to stay informed with CRE stories that are 150 words or less. California + Sacramento + Office | October 6, 2026 By: Paul Bubny El Dorado Hills Office Complex Refinanced within Tight Timeframe ProEquity Asset Management and Solaris Capital have completed a $32.34-million refinancing of The Ridge at Town Center EDH, a three-building Class A office campus totaling approximately 195,906 square feet in El Dorado Hills. The new loan refina",valid,title/source/url metadata are internally consistent,GP / Capital Activity,Development Activity,new_or_fresh,,,,,2026-10-06,2026-10-07,1,fresh_0_3d,fresh,published date parsed; article age 1 day(s),100,open,,,,Refinancing - California - El Dorado Hills Office Complex Refinanced within Tight Timeframe,California,California,General Residential,Unknown,Unknown,Delivery / Opening,excluded,transaction / capital guard: refinance,,Mature / Operating,46,73,Unknown Timing,Low,High,Low,Medium,Relevant to underwriting benchmark,"Benchmark delivery, lease-up, occupancy, and rent assumptions",Delivery / Opening; Completed / opened; Refinancing / Recapitalization; completed,El Dorado Hills Office Complex Refinanced within Tight Timeframe,Connect CRE California,https://www.connectcre.com/stories/el-dorado-hills-office-complex-refinanced-within-tight-timeframe/,Medium
2026-10-07,20261007-020900-b7261371,PRJ-20261007-0044,"Acquisition - California - Jonathan Rose Cos. Acquires Affordable Housing Community in Santa Cruz, California",80,LC-20261007-023,art_c98387319c789f6c,"Jonathan Rose Cos. Acquires Affordable Housing Community in Santa Cruz, California",https://rebusinessonline.com/jonathan-rose-cos-acquires-affordable-housing-community-in-santa-cruz-california/,2026-10-06T12:48:00Z,"Located in Santa Cruz, Calif., La Posada Apartments features 150 affordable residences. Acquisitions Affordable Housing California Multifamily Western Jonathan Rose Cos. Acquires Affordable Housing Community in Santa Cruz, California by Amy Works October 6, 2026 October 6, 2026 9 SANTA CRUZ, CALIF. — Jonathan Rose Cos. has purchased La Posada Apartments, a 150-unit mixed-income multifamily property located at 609 Frederick St. in Santa Cruz, with plans to extend the existing Project Based Sectio",valid,title/source/url metadata are internally consistent,Development Activity,GP / Capital Activity,new_or_fresh,,,,,2026-10-06,2026-10-07,1,fresh_0_3d,fresh,published date parsed; article age 1 day(s),100,open,,,,"Acquisition - California - Jonathan Rose Cos. Acquires Affordable Housing Community in Santa Cruz, California",California,California,Affordable Housing,Unknown,Unknown,Unknown Stage,excluded,transaction / capital guard: acquisition,,Reappearing,34,73,Unknown Timing,Unknown,Unknown,Unknown,Unknown,General monitoring,Monitor lifecycle signal for repeated confirmation,Unknown Stage; Affordable / Density Bonus Strategy; No explicit timing reference,"Jonathan Rose Cos. Acquires Affordable Housing Community in Santa Cruz, California",REBusiness Online,https://rebusinessonline.com/jonathan-rose-cos-acquires-affordable-housing-community-in-santa-cruz-california/,Medium
2026-10-07,20261007-020900-b7261371,PRJ-20261007-0054,Construction Financing - Houston / Texas - Hunington Closes on Construction Loan for 279-Unit Katy Apartment Development,80,LC-20261007-034,art_533e9da6b7bfa23c,"How United Apartment Group plans to hit 50,000 units under management",https://www.multifamilydive.com/news/apartment-management-consolidation-mergers-acquisitions/832049/,"Fri, 02 Oct 2026 15:07:45 -0400","An article from How United Apartment Group plans to hit 50,000 units under management New hires Woody Stone and Lenzie O’Connor bring decades of experience to the San Antonio-based operator, as it also seeks acquisition opportunities in markets like Charlotte, North Carolina. Published Oct. 2, 2026 Leslie Shaver Senior Reporter Share Copy link Email LinkedIn X/Twitter Facebook Print License Add us on Google Mason Park, in Houston, Texas. Permission granted by United Apartment Group United Apartm",valid,title/source/url metadata are internally consistent,Development Activity,GP / Capital Activity,acceptable_repeat,,,,,2026-10-02,2026-10-07,5,fresh_0_3d,fresh,published date parsed; article age 5 day(s),66,open,,,,"Acquisition - Houston / Texas - How United Apartment Group plans to hit 50,000 units under management",Unknown,Houston,Apartment,Unknown,Unknown,Early Site Signal,excluded,transaction / capital guard: acquisition,Early Site Signal,Reappearing,22,73,Unknown Timing,Low,Low,Low,Low,General monitoring,Monitor lifecycle signal for repeated confirmation,Early Site Signal; General Asset Signal; No explicit timing reference,"How United Apartment Group plans to hit 50,000 units under management",Multifamily Dive,https://www.multifamilydive.com/news/apartment-management-consolidation-mergers-acquisitions/832049/,Medium
2026-10-07,20261007-020900-b7261371,PRJ-20261007-0044,"Acquisition - California - Jonathan Rose Cos. Acquires Affordable Housing Community in Santa Cruz, California",80,LC-20261007-028,art_57b6fb2920b561ae,Jonathan Rose Makes Second Acquisition in Santa Cruz,https://www.connectcre.com/stories/jonathan-rose-makes-second-acquisition-in-santa-cruz/,"Mon, 05 Oct 2026 20:47:04 +0000","California CRE News In Your Inbox. Sign up for Connect emails to stay informed with CRE stories that are 150 words or less. California + Bay Area + Apartments | October 5, 2026 By: Paul Bubny Jonathan Rose Makes Second Acquisition in Santa Cruz Jonathan Rose Companies has acquired La Posada Apartments, a 150-unit, mixed-income community located at 609 Frederick St. in Santa Cruz. The $85-million transaction marks the ninth acquisition for the Rose Affordable Housing Preservation Fund VI and the ",valid,title/source/url metadata are internally consistent,Development Activity,GP / Capital Activity,acceptable_repeat,,,,,2026-10-05,2026-10-07,2,fresh_0_3d,fresh,published date parsed; article age 2 day(s),78,open,,,,Acquisition - California - Jonathan Rose Makes Second Acquisition in Santa Cruz,California,California,Affordable Housing,Unknown,Unknown,Unknown Stage,excluded,transaction / capital guard: acquisition,Unknown Stage,Reappearing,33,72,Unknown Timing,Unknown,Unknown,Unknown,Unknown,General monitoring,Monitor lifecycle signal for repeated confirmation,Unknown Stage; General Asset Signal; No explicit timing reference,Jonathan Rose Makes Second Acquisition in Santa Cruz,Connect CRE Apartments,https://www.connectcre.com/stories/jonathan-rose-makes-second-acquisition-in-santa-cruz/,Medium
2026-10-07,20261007-020900-b7261371,PRJ-20261007-0124,General Project Signal - Santa Monica / California - Design tweaks for affordable housing at 1238 7th St. in Santa Monica,80,LC-20261007-026,art_b8c79fb36ae5ae0b,Design tweaks for affordable housing at 1238 7th St. in Santa Monica,https://la.urbanize.city/post/design-tweaks-affordable-housing-1238-7th-st-santa-monica,"Tue, 06 Oct 2026 13:05:00 +0000","Design tweaks for affordable housing at 1238 7th St. in Santa Monica | Urbanize LA Skip to main content Advertisement Advertisement A presentation to the Santa Monica Architectural Review Board reveals design tweaks for a proposed affordable housing complex in Downtown. Planned by Hankey Capital for a mid-block site at 1238 7th Street, the project calls for the construction four-story building featuring 28 rental units, as well as common amenities for residents. That represents a slight increase",valid,title/source/url metadata are internally consistent,Development Activity,Market Intelligence,new_or_fresh,,,,,2026-10-06,2026-10-07,1,fresh_0_3d,fresh,published date parsed; article age 1 day(s),88,access_limited,,,,General Project Signal - Santa Monica / California - Design tweaks for affordable housing at 1238 7th St. in Santa Monica,Unknown,Santa Monica,Affordable Housing,Unknown,Unknown,Unknown Stage,construction_delivery_watch,matched development / asset strategy execution,,Reappearing,32,72,Unknown Timing,Unknown,Unknown,Unknown,Unknown,General monitoring,Monitor lifecycle signal for repeated confirmation,Unknown Stage; Affordable / Density Bonus Strategy; No explicit timing reference,Design tweaks for affordable housing at 1238 7th St. in Santa Monica,Urbanize LA,https://la.urbanize.city/post/design-tweaks-affordable-housing-1238-7th-st-santa-monica,Medium
2026-10-07,20261007-020900-b7261371,PRJ-20261007-0080,JV / Partnership - New York - Joint Venture Launches Construction on Multifamily at Yonkers’ Ridge Hill Center,80,LC-20261007-024,art_b6fbfa243dbb79dc,Joint Venture Launches Construction on Multifamily at Yonkers’ Ridge Hill Center,https://www.connectcre.com/stories/joint-venture-launches-construction-on-multifamily-at-yonkers-ridge-hill-center/,"Tue, 06 Oct 2026 20:55:04 +0000","New York & Tri-State CRE News In Your Inbox. Sign up for Connect emails to stay informed with CRE stories that are 150 words or less. New York & Tri-State + Fairfield/Westchester + Apartments | October 6, 2026 By: Paul Bubny Joint Venture Launches Construction on Multifamily at Yonkers’ Ridge Hill Center A joint venture of Saber-Hightower, Rafferty Real Estate and Eagle Realty Group has begun construction on The Ibex at Ridge Hill, a 17-story, 282-unit rental building at Ridge Hill, the open-air",valid,title/source/url metadata are internally consistent,Development Activity,GP / Capital Activity,new_or_fresh,,,,,2026-10-06,2026-10-07,1,fresh_0_3d,fresh,published date parsed; article age 1 day(s),100,open,,,,JV / Partnership - New York - Joint Venture Launches Construction on Multifamily at Yonkers’ Ridge Hill Center,New York,New York,Apartment,Unknown,Unknown,Unknown Stage,excluded,no clear development milestone,,Reappearing,32,72,Unknown Timing,Unknown,Unknown,Unknown,Unknown,General monitoring,Monitor lifecycle signal for repeated confirmation,Unknown Stage; General Asset Signal; No explicit timing reference,Joint Venture Launches Construction on Multifamily at Yonkers’ Ridge Hill Center,Connect CRE,https://www.connectcre.com/stories/joint-venture-launches-construction-on-multifamily-at-yonkers-ridge-hill-center/,Medium
2026-10-07,20261007-020900-b7261371,PRJ-20261007-0111,Entitlement / Permitting - Phoenix / Arizona - Development Team Pursuing 376-Unit Tempe Apartment Venture,80,LC-20261007-029,art_3dd7de727e2d4a1f,Empire Group Starts Work on $288M Tempe Apartment Community,https://www.connectcre.com/stories/empire-group-starts-work-on-288m-tempe-apartment-community/,"Thu, 01 Oct 2026 15:54:55 +0000","Phoenix & Southwest CRE News In Your Inbox. Sign up for Connect emails to stay informed with CRE stories that are 150 words or less. Phoenix & Southwest + Phoenix + Apartments | October 1, 2026 By: Mike Boyd Empire Group Starts Work on $288M Tempe Apartment Community One of the Empire group of companies broke ground Monday on Revelry, a two-tower, $288 million luxury project in Tempe. Aspirant Development, the luxury infill division of Empire Group, is building a 15-story tower and a 17-story to",valid,title/source/url metadata are internally consistent,Development Activity,Market Intelligence,acceptable_repeat,,,,,2026-10-01,2026-10-07,6,fresh_0_3d,fresh,published date parsed; article age 6 day(s),62,open,,,,Development Start - Phoenix / Arizona - Empire Group Starts Work on $288M Tempe Apartment Community,Unknown,Phoenix,Apartment,Unknown,Unknown,Vertical Construction,construction_delivery_watch,matched broke ground,Vertical Construction,Reappearing,21,71,Unknown Timing,Low,Low,Medium,Low,General monitoring,"Benchmark construction timeline, sponsor execution, and delivery risk",Vertical Construction; Construction started; Development Start; broke ground,Empire Group Starts Work on $288M Tempe Apartment Community,Connect CRE Phoenix,https://www.connectcre.com/stories/empire-group-starts-work-on-288m-tempe-apartment-community/,Medium
2026-10-07,20261007-020900-b7261371,PRJ-20261007-0114,"Entitlement / Permitting - San Francisco / California - New Building Permits Issued For Mission Bay Block 4 East, San Francisco",80,LC-20261007-057,,"New Building Permits Issued For Mission Bay Block 4 East, San Francisco",https://sfyimby.com/2026/10/new-building-permits-issued-for-mission-bay-block-4-east-san-francisco.html,,,,,,,,,,,,,,,unknown_date,unknown_date_review,derived row did not carry source published date,,,,,,"New Building Permits Issued For Mission Bay Block 4 East, San Francisco",San Francisco / California,Other / Unknown,Affordable Housing,,Unknown,Building Permit / Construction Permit,approval_watch,matched permit,Building Permit / Construction Permit,Reappearing,4,71,Unknown Timing,Low,Low,Low,Low,High relevance to development timing,"Monitor permit issuance, financing, and construction-start timing",Building Permit / Construction Permit; Building permit signal; Construction-Ready Pipeline; 2026,"New Building Permits Issued For Mission Bay Block 4 East, San Francisco",SF YIMBY,https://sfyimby.com/2026/10/new-building-permits-issued-for-mission-bay-block-4-east-san-francisco.html,Medium
2026-10-07,20261007-020900-b7261371,PRJ-20261007-0054,Construction Financing - Houston / Texas - Hunington Closes on Construction Loan for 279-Unit Katy Apartment Development,80,LC-20261007-037,art_5b7cc42fdb328a7d,Hunington Closes on Construction Loan for 279-Unit Katy Apartment Development,https://www.connectcre.com/stories/hunington-closes-on-construction-loan-for-279-unit-katy-apartment-development/,"Mon, 05 Oct 2026 18:32:05 +0000","Texas CRE News In Your Inbox. Sign up for Connect emails to stay informed with CRE stories that are 150 words or less. Texas + Houston-Galveston + Apartments | October 5, 2026 By: Mike Boyd Hunington Closes on Construction Loan for 279-Unit Katy Apartment Development Hunington Properties secured its financing, enabling it to begin work on The Vic at Sunterra, a 279-unit multifamily community in Katy. The $47 million, HUD 221(d)(4) non-recourse financing provides a high loan-to-cost ratio and sub",valid,title/source/url metadata are internally consistent,Development Activity,GP / Capital Activity,acceptable_repeat,,,,,2026-10-05,2026-10-07,2,fresh_0_3d,fresh,published date parsed; article age 2 day(s),78,open,,,,Construction Financing - Houston / Texas - Hunington Closes on Construction Loan for 279-Unit Katy Apartment Development,Unknown,Houston,Apartment,Unknown,Unknown,Refinancing / Recapitalization,excluded,transaction / capital guard: loan,Refinancing / Recapitalization,Mature / Operating,59,70,Unknown Timing,Low,High,Low,Low,Relevant to acquisition / JV timing,"Track lender, maturity, debt terms, and recapitalization need",Refinancing / Recapitalization; Refinancing / Recapitalization; No explicit timing reference,Hunington Closes on Construction Loan for 279-Unit Katy Apartment Development,Connect CRE Texas,https://www.connectcre.com/stories/hunington-closes-on-construction-loan-for-279-unit-katy-apartment-development/,Medium
2026-10-07,20261007-020900-b7261371,PRJ-20261007-0067,Construction Financing - Los Angeles / California - Construction loan issued for affordable housing at 400 Centinela Ave. in Inglewood,80,LC-20261007-031,art_48a2161fceaf7ee9,"Speed cams coming soon, RAND Corporation reports on Santa Monica, and more",https://la.urbanize.city/post/speed-cams-coming-soon-rand-corporation-reports-santa-monica-and-more,"Sat, 03 Oct 2026 13:15:00 +0000","Speed cams coming soon, RAND Corporation reports on Santa Monica, and more | Urbanize LA Skip to main content Advertisement Advertisement Mind your speedometers, motorists: you're being watched. This week, the City of Los Angeles announced the start of installation for 125 speed cameras along corridors identified for a history of crashes and injuries. Each of the City's 15 Council Districts will see the installation of the cameras as part of a pilot program authorized by state law. The new syste",valid,title/source/url metadata are internally consistent,Market Intelligence,,repeat_penalized,,,,,2026-10-03,2026-10-07,4,fresh_0_3d,fresh,published date parsed; article age 4 day(s),58,access_limited,,,,"Disposition / Exit - Los Angeles / California - Speed cams coming soon, RAND Corporation reports on Santa Monica, and more",California,Los Angeles,Affordable Housing,Unknown,Unknown,Unknown Stage,excluded,transaction / capital guard: disposition,Unknown Stage,Reappearing,31,70,Unknown Timing,Unknown,Unknown,Unknown,Unknown,General monitoring,Monitor lifecycle signal for repeated confirmation,Unknown Stage; General Asset Signal; No explicit timing reference,"Speed cams coming soon, RAND Corporation reports on Santa Monica, and more",Urbanize LA,https://la.urbanize.city/post/speed-cams-coming-soon-rand-corporation-reports-santa-monica-and-more,Medium
2026-10-07,20261007-020900-b7261371,PRJ-20261007-0043,El Dorado Hills Office Complex Refinanced within Tight Timeframe,100,LC-20261007-058,art_503822db3dfdbd25,El Dorado Hills Office Complex Refinanced within Tight Timeframe,https://www.connectcre.com/stories/el-dorado-hills-office-complex-refinanced-within-tight-timeframe/,"Tue, 06 Oct 2026 21:08:41 +0000","California CRE News In Your Inbox. Sign up for Connect emails to stay informed with CRE stories that are 150 words or less. California + Sacramento + Office | October 6, 2026 By: Paul Bubny El Dorado Hills Office Complex Refinanced within Tight Timeframe ProEquity Asset Management and Solaris Capital have completed a $32.34-million refinancing of The Ridge at Town Center EDH, a three-building Class A office campus totaling approximately 195,906 square feet in El Dorado Hills. The new loan refina",valid,title/source/url metadata are internally consistent,GP / Capital Activity,Development Activity,new_or_fresh,False,"no identifiable project, asset, site, address, or unit-count anchor",none,,2026-10-06,2026-10-07,1,fresh_0_3d,fresh,published date parsed; article age 1 day(s),100,open,,,,El Dorado Hills Office Complex Refinanced within Tight Timeframe,California,Unknown,General Residential,Solaris Capital,Unknown,Delivery / Opening,excluded,transaction / capital guard: refinance,,Mature / Operating,26,70,Unknown Timing,Low,High,Low,Medium,Relevant to underwriting benchmark,"Benchmark delivery, lease-up, occupancy, and rent assumptions",Delivery / Opening; Completed / opened; Refinancing / Recapitalization; 2026,El Dorado Hills Office Complex Refinanced within Tight Timeframe,Connect CRE California,https://www.connectcre.com/stories/el-dorado-hills-office-complex-refinanced-within-tight-timeframe/,Medium
2026-10-07,20261007-020900-b7261371,PRJ-20261007-0097,Icon Real Estate Advisors Arranges Sale of 88-Unit East Orange Multifamily Portfolio,100,LC-20261007-055,art_0f158f22ca0ad770,Icon Real Estate Advisors Arranges Sale of 88-Unit East Orange Multifamily Portfolio,https://yieldpro.com/2026/10/284-prospect-apartments/,"Tue, 06 Oct 2026 15:30:04 +0000","Deal boom News Facebook Twitter Linkedin ICON Real Estate Advisors has arranged the $10.475 million sale of an 88-unit multifamily portfolio comprising 255 and 284 Prospect Street in East Orange, NJ. MNM Holding LLC acquired the properties from a lender-controlled entity following a foreclosure, with the portfolio being sold as an REO transaction. ICON Managing Partner David Oropeza exclusively represented the seller, while ICON Director, Multifamily David Betesh represented the buyer. The trans",valid,title/source/url metadata are internally consistent,Development Activity,GP / Capital Activity,new_or_fresh,True,unit/site count: 88-unit; address/street: 255 and 284 prospect street,high,Project / Asset,2026-10-06,2026-10-07,1,fresh_0_3d,fresh,published date parsed; article age 1 day(s),100,open,,,,Icon Real Estate Advisors Arranges Sale of 88-Unit East Orange Multifamily Portfolio,Other / Unknown,Unknown,Multifamily,Icon Real Estate Advisors,Unknown,Distressed / Stalled,excluded,transaction / capital guard: sale,,Stalled,59,66,Unknown Timing,Low,Low,High,Low,Relevant to acquisition / JV timing,"Monitor sponsor stress, lender exposure, and potential restart or rescue capital path",Distressed / Stalled; Distressed / Stalled Asset; No explicit timing reference,Icon Real Estate Advisors Arranges Sale of 88-Unit East Orange Multifamily Portfolio,Yield PRO,https://yieldpro.com/2026/10/284-prospect-apartments/,Medium
2026-10-07,20261007-020900-b7261371,PRJ-20261007-0142,Acquisition - Virginia - 5 multifamily deals you may have missed last week,80,LC-20261007-042,art_fe50bb36ab105fe4,5 multifamily deals you may have missed last week,https://www.multifamilydive.com/news/multifamily-transactions-american-landmark-jonathan-rose-pxv-multifamily/832156/,"Mon, 05 Oct 2026 13:16:30 -0400","An article from 5 multifamily deals you may have missed last week Matt Ferrari’s PXV Multifamily made its second apartment buy. American Landmark and affordable stalwart Johnathan Rose Cos. also announced acquisitions. Published Oct. 5, 2026 Leslie Shaver Senior Reporter Share Copy link Email LinkedIn X/Twitter Facebook Print License Add us on Google Indigo 19 in Virginia Beach, Virginia. Permission granted by PXV Multifamily The 10-year Treasury continues rising, but some apartment deals are st",valid,title/source/url metadata are internally consistent,Market Intelligence,GP / Capital Activity,acceptable_repeat,,,,,2026-10-05,2026-10-07,2,fresh_0_3d,fresh,published date parsed; article age 2 day(s),78,open,,,,Acquisition - Virginia - 5 multifamily deals you may have missed last week,Unknown,Virginia,Apartment,Unknown,Unknown,Unknown Stage,excluded,transaction / capital guard: acquisition,Unknown Stage,Reappearing,30,66,Unknown Timing,Unknown,Unknown,Unknown,Unknown,General monitoring,Monitor lifecycle signal for repeated confirmation,Unknown Stage; General Asset Signal; No explicit timing reference,5 multifamily deals you may have missed last week,Multifamily Dive,https://www.multifamilydive.com/news/multifamily-transactions-american-landmark-jonathan-rose-pxv-multifamily/832156/,Medium
2026-10-07,20261007-020900-b7261371,PRJ-20261007-0139,Disposition / Exit - Other / Unknown - Essex Three-Twelve Closes $26.48M in Multifamily Sales Volume in the Third Quarter of 2026,80,LC-20261007-043,art_11338cc3d6862b52,Erland Construction Partners with Nordblom on New Dedham Multifamily,https://www.connectcre.com/stories/erland-construction-partners-with-nordblom-on-new-dedham-multifamily/,"Tue, 06 Oct 2026 20:49:42 +0000","Boston & New England CRE News In Your Inbox. Sign up for Connect emails to stay informed with CRE stories that are 150 words or less. Boston & New England + Metro Boston + Apartments | October 6, 2026 By: Paul Bubny Erland Construction Partners with Nordblom on New Dedham Multifamily Erland Construction has partnered with long-time client Nordblom Company on a new multifamily residential community, Vantage, in Dedham, MA. Working in collaboration with Stantec, Erland will construct a 218,000-squ",valid,title/source/url metadata are internally consistent,Development Activity,,new_or_fresh,,,,,2026-10-06,2026-10-07,1,fresh_0_3d,fresh,published date parsed; article age 1 day(s),100,open,,,,JV / Partnership - Other / Unknown - Erland Construction Partners with Nordblom on New Dedham Multifamily,Unknown,Unknown,Apartment,Unknown,Unknown,Site Acquisition / Site Control,excluded,no clear development milestone,,Reappearing,20,66,Unknown Timing,Low,Low,Low,Low,Relevant to acquisition / JV timing,Monitor lifecycle signal for repeated confirmation,Site Acquisition / Site Control; General Asset Signal; No explicit timing reference,Erland Construction Partners with Nordblom on New Dedham Multifamily,Connect CRE,https://www.connectcre.com/stories/erland-construction-partners-with-nordblom-on-new-dedham-multifamily/,Medium
2026-10-07,20261007-020900-b7261371,PRJ-20261007-0019,Refinancing - National - Dwight Capital Refis Philly Apartments With $32M HUD Loan,80,LC-20261007-038,art_7c30c756e3857680,Dwight Capital Refis Philly Apartments With $32M HUD Loan,https://commercialobserver.com/2026/10/dwight-capital-philly-apartments/,"Mon, 05 Oct 2026 18:25:24 +0000","Residential · Multifamily Philadelphia Finance · Refinance Dwight Capital Refis Philly Apartments With $32M HUD Loan The Americana in Philadelphia's Kensington neighborhood was completed in 2024 By Andrew Coen October 5, 2026 2:25 pm reprints Dwight Capital's Jonathan Pomper (top) and Jack Tawil, and the Philadelphia skyline. PHOTOS: Courtesy Dwight Capital; Nicolò Campo/LightRocket via Getty Images Scannapieco Development has landed $32 million of agency-backed debt to refinance a newly built P",valid,title/source/url metadata are internally consistent,GP / Capital Activity,Development Activity,acceptable_repeat,,,,,2026-10-05,2026-10-07,2,fresh_0_3d,fresh,published date parsed; article age 2 day(s),78,open,,,,Refinancing - National - Dwight Capital Refis Philly Apartments With $32M HUD Loan,Unknown,America,Apartment,Unknown,Unknown,Delivery / Opening,excluded,transaction / capital guard: refinancing,Delivery / Opening,Mature / Operating,42,64,Unknown Timing,Low,High,Low,Medium,Relevant to underwriting benchmark,"Benchmark delivery, lease-up, occupancy, and rent assumptions",Delivery / Opening; Completed / opened; Refinancing / Recapitalization; completed,Dwight Capital Refis Philly Apartments With $32M HUD Loan,Commercial Observer,https://commercialobserver.com/2026/10/dwight-capital-philly-apartments/,Medium
2026-10-07,20261007-020900-b7261371,PRJ-20261007-0111,Entitlement / Permitting - Phoenix / Arizona - Development Team Pursuing 376-Unit Tempe Apartment Venture,80,LC-20261007-051,art_06cdc159ddd8551d,Development Team Pursuing 376-Unit Tempe Apartment Venture,https://www.connectcre.com/stories/development-team-pursuing-376-unit-tempe-apartment-venture/,"Mon, 28 Sep 2026 17:11:37 +0000","Phoenix & Southwest CRE News In Your Inbox. Sign up for Connect emails to stay informed with CRE stories that are 150 words or less. Phoenix & Southwest + Phoenix + Apartments | September 28, 2026 By: Mike Boyd Development Team Pursuing 376-Unit Tempe Apartment Venture Widewaters and Trammell Crow are seeking a permit for a 376-unit apartment complex development. The Phoenix Business Journal reports the 12-acre vacant parcel will be on a parking lot adjacent to the 25-acre Emerald City mixed-use",valid,title/source/url metadata are internally consistent,Development Activity,Market Intelligence,repeat_penalized,,,,,2026-09-28,2026-10-07,9,recent_4_14d,recent,published date parsed; article age 9 day(s),55,open,,,,Entitlement / Permitting - Phoenix / Arizona - Development Team Pursuing 376-Unit Tempe Apartment Venture,Unknown,Phoenix,Mixed-Use Residential,Unknown,Unknown,Unknown Stage,approval_watch,matched permit,Unknown Stage,Reappearing,30,62,Unknown Timing,Unknown,Unknown,Unknown,Unknown,General monitoring,Monitor lifecycle signal for repeated confirmation,Unknown Stage; Entitlement Play; No explicit timing reference,Development Team Pursuing 376-Unit Tempe Apartment Venture,Connect CRE Phoenix,https://www.connectcre.com/stories/development-team-pursuing-376-unit-tempe-apartment-venture/,Medium
2026-10-07,20261007-020900-b7261371,PRJ-20261007-0030,Development Start - Austin / Texas - OHT Helming 402-Unit Austin Rental Community,80,LC-20261007-049,art_41b154c3771ee882,OHT Helming 402-Unit Austin Rental Community,https://www.connectcre.com/stories/oht-helming-402-unit-austin-rental-community/,"Tue, 06 Oct 2026 16:17:57 +0000","Texas CRE News In Your Inbox. Sign up for Connect emails to stay informed with CRE stories that are 150 words or less. Texas + Austin + Apartments | October 6, 2026 By: Mike Boyd OHT Helming 402-Unit Austin Rental Community OHT Partners broke ground on The Barton, a 402-unit multifamily community on more than 60 acres in Southwest Austin. Located at 8956 W. State Highway 71, The Barton will feature a mix of three-story garden-style buildings and two-story townhomes with more than 40 acres design",valid,title/source/url metadata are internally consistent,Development Activity,,new_or_fresh,,,,,2026-10-06,2026-10-07,1,fresh_0_3d,fresh,published date parsed; article age 1 day(s),100,open,,,,Development Start - Austin / Texas - OHT Helming 402-Unit Austin Rental Community,Unknown,Austin,Apartment,Unknown,Unknown,Vertical Construction,construction_delivery_watch,matched broke ground,,Reappearing,18,62,Unknown Timing,Low,Low,Medium,Low,General monitoring,"Benchmark construction timeline, sponsor execution, and delivery risk",Vertical Construction; Construction started; Development Start; broke ground,OHT Helming 402-Unit Austin Rental Community,Connect CRE Apartments,https://www.connectcre.com/stories/oht-helming-402-unit-austin-rental-community/,Medium
2026-10-07,20261007-020900-b7261371,PRJ-20261007-0026,Disposition / Exit - Atlanta / Georgia - Investor Takes Over Distressed Atlanta Apartment Asset,80,LC-20261007-060,art_e96bfc2ddb486789,Investor Takes Over Distressed Atlanta Apartment Asset,https://www.connectcre.com/stories/investor-acquires-distressed-atlanta-apartment-asset/,"Mon, 14 Sep 2026 15:13:30 +0000","Atlanta & Southeast News In Your Inbox Sign up for Connect emails to stay informed with CRE stories that are 150 words or less. Atlanta & Southeast + Atlanta + Apartments | September 14, 2026 By: Mike Boyd Investor Takes Over Distressed Atlanta Apartment Asset Liquid Capital Real Estate Investment basically transferred ownership of a Midtown Atlanta apartment complex to Audubon Capital . Audubon picked up the remaining unpaid balance on the loan. The Crest at Midtown property was sold outright r",valid,title/source/url metadata are internally consistent,Development Activity,GP / Capital Activity,repeat_penalized,,,,,2026-09-14,2026-10-07,23,old_31d_plus,old,published date parsed; article age 23 day(s),5,open,,,,Disposition / Exit - Atlanta / Georgia - Investor Takes Over Distressed Atlanta Apartment Asset,Unknown,Atlanta,Apartment,Unknown,Unknown,Distressed / Stalled,excluded,transaction / capital guard: disposition,Distressed / Stalled,Stalled,74,58,Unknown Timing,Low,Low,High,Low,Relevant to acquisition / JV timing,"Monitor sponsor stress, lender exposure, and potential restart or rescue capital path",Distressed / Stalled; Distressed / Stalled Asset; No explicit timing reference,Investor Takes Over Distressed Atlanta Apartment Asset,Connect CRE Atlanta,https://www.connectcre.com/stories/investor-acquires-distressed-atlanta-apartment-asset/,Medium
2026-10-07,20261007-020900-b7261371,PRJ-20261007-0139,Disposition / Exit - Other / Unknown - Essex Three-Twelve Closes $26.48M in Multifamily Sales Volume in the Third Quarter of 2026,80,LC-20261007-050,art_dba78b63a5df1bf7,Landmark Properties Expands Presence in Philadelphia with Delivery of The Mark Philadelphia,https://yieldpro.com/2026/10/the-mark-philadelphia/,"Tue, 06 Oct 2026 16:15:19 +0000","Deal boom News Facebook Twitter Linkedin Landmark Properties , a fully integrated real estate investment firm specializing in the development, construction, acquisition, and operation of high-quality residential communities, has delivered The Mark Philadelphia , a 909-bed student housing community in the University City neighborhood. Rising 34 stories, The Mark is the tallest student housing property in the University City submarket, giving residents sweeping views of the Center City skyline and",valid,title/source/url metadata are internally consistent,Development Activity,GP / Capital Activity,new_or_fresh,,,,,2026-10-06,2026-10-07,1,fresh_0_3d,fresh,published date parsed; article age 1 day(s),100,open,,,,Acquisition - Other / Unknown - Landmark Properties Expands Presence in Philadelphia with Delivery of The Mark Philadelphi...,Unknown,Unknown,Student Housing,Unknown,Unknown,Delivery / Opening,construction_delivery_watch,matched delivery,,Mature / Operating,19,57,Unknown Timing,Low,Low,Low,Medium,Relevant to underwriting benchmark,"Benchmark delivery, lease-up, occupancy, and rent assumptions",Delivery / Opening; Lease-Up / Delivery; No explicit timing reference,Landmark Properties Expands Presence in Philadelphia with Delivery of The Mark Philadelphia,Yield PRO,https://yieldpro.com/2026/10/the-mark-philadelphia/,Medium
2026-10-07,20261007-020900-b7261371,PRJ-20261007-0135,"General Project Signal - Tennessee - Subtext Completes Student Housing Developments in Florida, Tennessee",80,LC-20261007-052,art_24528b1ef5455f2e,"Subtext Completes Student Housing Developments in Florida, Tennessee",https://rebusinessonline.com/subtext-completes-two-student-housing-developments-in-florida-tennessee/,2026-10-06T15:41:08Z,"VERVE Orlando is located at 3133 N. Alafaya Trail near the University of Central Florida campus in Orlando. (Image courtesy of C+N Photography) Development Florida Southeast Student Housing Tennessee Subtext Completes Student Housing Developments in Florida, Tennessee by John Nelson October 6, 2026 October 6, 2026 8 ORLANDO, FLA. AND KNOXVILLE, TENN. — Subtext has completed two student housing developments in Florida and Tennessee. Projects include VERVE Orlando, a 626-bed community located at 3",valid,title/source/url metadata are internally consistent,Development Activity,,new_or_fresh,,,,,2026-10-06,2026-10-07,1,fresh_0_3d,fresh,published date parsed; article age 1 day(s),100,open,,,,"General Project Signal - Tennessee - Subtext Completes Student Housing Developments in Florida, Tennessee",Unknown,Tennessee,Student Housing,Unknown,Unknown,Delivery / Opening,construction_delivery_watch,matched completed,,Mature / Operating,19,56,Unknown Timing,Low,Low,Low,Medium,Relevant to underwriting benchmark,"Benchmark delivery, lease-up, occupancy, and rent assumptions",Delivery / Opening; Completed / opened; Lease-Up / Delivery; completed,"Subtext Completes Student Housing Developments in Florida, Tennessee",REBusiness Online,https://rebusinessonline.com/subtext-completes-two-student-housing-developments-in-florida-tennessee/,Medium
2026-10-07,20261007-020900-b7261371,PRJ-20261007-0131,Acquisition - Florida - Hamilton Point Acquires Central Florida Multifamily Asset for $57M,80,LC-20261007-046,art_b5415d386777af05,Hamilton Point Acquires Central Florida Multifamily Asset for $57M,https://yieldpro.com/2026/10/verso-luxury-apartments/,"Tue, 06 Oct 2026 19:23:49 +0000","Deal boom News Facebook Twitter Linkedin Hamilton Point Investments has acquired Verso Luxury , a 250-unit community in Davenport, Florida. ECI Group sold the property for $57 million. The buyer financed the purchase with a $40.5 million loan issued by Citibank. The note is due to mature in 2031. The transaction represents a 33 percent discount from the property’s 2022 sale price. Back then, ECI Group paid $85.5 million for the Class A asset. HPI has been actively pursuing Southeast properties i",suspicious_mismatch,title/source/url metadata are internally consistent; title and original_url slug appear to reference different articles,Development Activity,GP / Capital Activity,new_or_fresh,,,,,2026-10-06,2026-10-07,1,fresh_0_3d,fresh,published date parsed; article age 1 day(s),100,open,,,,Acquisition - Florida - Hamilton Point Acquires Central Florida Multifamily Asset for $57M,Florida,Southeast,Multifamily,Unknown,Unknown,Unknown Stage,excluded,transaction / capital guard: acquisition,,Reappearing,30,54,Unknown Timing,Unknown,Unknown,Unknown,Unknown,General monitoring,Monitor lifecycle signal for repeated confirmation,Unknown Stage; General Asset Signal; No explicit timing reference,Hamilton Point Acquires Central Florida Multifamily Asset for $57M,Yield PRO,https://yieldpro.com/2026/10/verso-luxury-apartments/,Medium
2026-10-07,20261007-020900-b7261371,PRJ-20261007-0139,Disposition / Exit - Other / Unknown - Essex Three-Twelve Closes $26.48M in Multifamily Sales Volume in the Third Quarter of 2026,80,LC-20261007-045,art_e3952c84786ea914,L&G invests in its inaugural US housing construction project,https://www.multifamilydive.com/news/lg-taurus-apartment-project-concord/831917/,"Thu, 01 Oct 2026 13:30:00 -0400","An article from L&G invests in its inaugural US housing construction project The two-building, 201-unit multifamily property with an all-electric design, developed by Taurus Investment Holdings, just broke ground in the undersupplied Boston metro area. Published Oct. 1, 2026 Julie Strupp Senior Editor Share Copy link Email LinkedIn X/Twitter Facebook Print License Add us on Google Rendering of L&G and Taurus' two-building, 201-unit apartment complex coming to Concord, Mass. Courtesy of L&G Liste",valid,title/source/url metadata are internally consistent,Development Activity,,acceptable_repeat,,,,,2026-10-01,2026-10-07,6,fresh_0_3d,fresh,published date parsed; article age 6 day(s),62,open,,,,Development Start - Other / Unknown - L&G invests in its inaugural US housing construction project,Unknown,Unknown,Apartment,Unknown,Unknown,Vertical Construction,construction_delivery_watch,matched broke ground,Vertical Construction,Reappearing,19,54,Unknown Timing,Low,Low,Medium,Low,General monitoring,"Benchmark construction timeline, sponsor execution, and delivery risk",Vertical Construction; Construction started; Development Start; broke ground,L&G invests in its inaugural US housing construction project,Multifamily Dive,https://www.multifamilydive.com/news/lg-taurus-apartment-project-concord/831917/,Medium
2026-10-07,20261007-020900-b7261371,PRJ-20261007-0069,Construction Financing - Los Angeles / California - Construction loan issued for affordable housing at 400 Centinela Ave. in Inglewood,80,LC-20261007-059,,"Environmental Review Starts For Murphy Village, Milpitas",https://sfyimby.com/2026/10/environmental-review-starts-for-murphy-village-milpitas.html,,,,,,,,,,,,,,,unknown_date,unknown_date_review,derived row did not carry source published date,,,,,,"Environmental Review Starts For Murphy Village, Milpitas",Other / Unknown,Los Angeles,Apartment,,Unknown,Environmental Review / CEQA,approval_watch,matched environmental review,Environmental Review / CEQA,Newly Detected,49,51,Unknown Timing,High,Low,Low,Low,Relevant to entitlement monitoring,"Track planning docket, approval path, CEQA risk, and sponsor activity",Environmental Review / CEQA; General Asset Signal; 2026,"Environmental Review Starts For Murphy Village, Milpitas",SF YIMBY,https://sfyimby.com/2026/10/environmental-review-starts-for-murphy-village-milpitas.html,Medium
2026-10-07,20261007-020900-b7261371,PRJ-20261007-0026,Disposition / Exit - Atlanta / Georgia - Investor Takes Over Distressed Atlanta Apartment Asset,80,LC-20261007-061,art_74b6034bca9c58bb,ParkProperty Acquires 280-Unit Buckhead Apartment Community,https://www.connectcre.com/stories/parkproperty-acquires-280-unit-buckhead-apartment-community/,"Thu, 13 Aug 2026 14:27:04 +0000","Atlanta & Southeast News In Your Inbox Sign up for Connect emails to stay informed with CRE stories that are 150 words or less. Atlanta & Southeast + Atlanta + Apartments | August 13, 2026 By: Mike Boyd ParkProperty Acquires 280-Unit Buckhead Apartment Community ParkProperty Capital acquired The Jane, a 280-unit multifamily in the Brookwood district of Atlanta, adjacent to Buckhead. The property was traded for $75 million. CWS Capital Partners was the seller. The property was named after the loc",valid,title/source/url metadata are internally consistent,Development Activity,GP / Capital Activity,repeat_penalized,,,,,2026-08-13,2026-10-07,55,old_31d_plus,old,published date parsed; article age 55 day(s),5,open,,,,Acquisition - Atlanta / Georgia - ParkProperty Acquires 280-Unit Buckhead Apartment Community,Unknown,Atlanta,Apartment,Unknown,Unknown,Unknown Stage,excluded,transaction / capital guard: acquisition,Unknown Stage,Reappearing,20,48,Unknown Timing,Unknown,Unknown,Unknown,Unknown,General monitoring,Monitor lifecycle signal for repeated confirmation,Unknown Stage; General Asset Signal; No explicit timing reference,ParkProperty Acquires 280-Unit Buckhead Apartment Community,Connect CRE Atlanta,https://www.connectcre.com/stories/parkproperty-acquires-280-unit-buckhead-apartment-community/,Low
2026-10-07,20261007-020900-b7261371,PRJ-20261007-0026,Disposition / Exit - Atlanta / Georgia - Investor Takes Over Distressed Atlanta Apartment Asset,80,LC-20261007-062,art_756dc1d67e87be56,Passco Offloads Buckhead Rental Asset for $87.5M,https://www.connectcre.com/stories/passco-offloads-buckhead-rental-asset-for-87-5m/,"Tue, 08 Sep 2026 14:37:42 +0000","Atlanta & Southeast News In Your Inbox Sign up for Connect emails to stay informed with CRE stories that are 150 words or less. Atlanta & Southeast + Atlanta + Apartments | September 8, 2026 By: Mike Boyd Passco Offloads Buckhead Rental Asset for $87.5M ORIX Corporation USA purchased The Kendrick, a 423-unit multifamily property, for $87.5 million. Built in 1998, the garden-style multifamily community is located in Atlanta’s Buckhead neighborhood, near major employment, retail and entertainment ",valid,title/source/url metadata are internally consistent,Development Activity,GP / Capital Activity,repeat_penalized,,,,,2026-09-08,2026-10-07,29,old_31d_plus,old,published date parsed; article age 29 day(s),5,open,,,,Acquisition - Atlanta / Georgia - Passco Offloads Buckhead Rental Asset for $87.5M,Unknown,Atlanta,Apartment,Unknown,Unknown,Unknown Stage,excluded,transaction / capital guard: acquisition,Unknown Stage,Reappearing,20,48,Unknown Timing,Unknown,Unknown,Unknown,Unknown,General monitoring,Monitor lifecycle signal for repeated confirmation,Unknown Stage; General Asset Signal; No explicit timing reference,Passco Offloads Buckhead Rental Asset for $87.5M,Connect CRE Atlanta,https://www.connectcre.com/stories/passco-offloads-buckhead-rental-asset-for-87-5m/,Low
2026-10-07,20261007-020900-b7261371,PRJ-20261007-0139,Disposition / Exit - Other / Unknown - Essex Three-Twelve Closes $26.48M in Multifamily Sales Volume in the Third Quarter of 2026,80,LC-20261007-047,art_0f158f22ca0ad770,Icon Real Estate Advisors Arranges Sale of 88-Unit East Orange Multifamily Portfolio,https://yieldpro.com/2026/10/284-prospect-apartments/,"Tue, 06 Oct 2026 15:30:04 +0000","Deal boom News Facebook Twitter Linkedin ICON Real Estate Advisors has arranged the $10.475 million sale of an 88-unit multifamily portfolio comprising 255 and 284 Prospect Street in East Orange, NJ. MNM Holding LLC acquired the properties from a lender-controlled entity following a foreclosure, with the portfolio being sold as an REO transaction. ICON Managing Partner David Oropeza exclusively represented the seller, while ICON Director, Multifamily David Betesh represented the buyer. The trans",valid,title/source/url metadata are internally consistent,Development Activity,GP / Capital Activity,new_or_fresh,,,,,2026-10-06,2026-10-07,1,fresh_0_3d,fresh,published date parsed; article age 1 day(s),100,open,,,,Acquisition - Other / Unknown - Icon Real Estate Advisors Arranges Sale of 88-Unit East Orange Multifamily Portfolio,Unknown,Unknown,Multifamily,Unknown,Unknown,Unknown Stage,excluded,transaction / capital guard: sale,,Reappearing,29,43,Unknown Timing,Unknown,Unknown,Unknown,Unknown,General monitoring,Monitor lifecycle signal for repeated confirmation,Unknown Stage; General Asset Signal; No explicit timing reference,Icon Real Estate Advisors Arranges Sale of 88-Unit East Orange Multifamily Portfolio,Yield PRO,https://yieldpro.com/2026/10/284-prospect-apartments/,Low
2026-10-07,20261007-020900-b7261371,PRJ-20261007-0132,Disposition / Exit - Seattle - Kidder Mathews Sells 15-Unit Narrows Townhomes in Tacoma Washington at Record Price,80,LC-20261007-054,art_2b69c9fe93dea8e6,Kidder Mathews Sells 15-Unit Narrows Townhomes in Tacoma Washington at Record Price,https://yieldpro.com/2026/10/narrows-townhomes/,"Tue, 06 Oct 2026 19:13:12 +0000","Deal boom News Pacific region Facebook Twitter Linkedin Narrows Townhomes , a 15-unit townhome community located at 8524 19th Street W. in Tacoma, Washington, has sold for $7,300,000 in a fully-marketed transaction arranged by Kidder Mathews . At $487,000 per unit, the sale represents the highest price per unit recorded for a multifamily property in Pierce County on record. Elijah Piper and Tony Herrmann of the Simon | Anderson Multifamily Team at Kidder Mathews represented the seller. The firm ",valid,title/source/url metadata are internally consistent,Development Activity,GP / Capital Activity,new_or_fresh,,,,,2026-10-06,2026-10-07,1,fresh_0_3d,fresh,published date parsed; article age 1 day(s),100,open,,,,Disposition / Exit - Seattle - Kidder Mathews Sells 15-Unit Narrows Townhomes in Tacoma Washington at Record Price,Seattle,Tacoma,Multifamily,Unknown,Unknown,Unknown Stage,excluded,transaction / capital guard: disposition,,Reappearing,30,40,Unknown Timing,Unknown,Unknown,Unknown,Unknown,General monitoring,Monitor lifecycle signal for repeated confirmation,Unknown Stage; General Asset Signal; No explicit timing reference,Kidder Mathews Sells 15-Unit Narrows Townhomes in Tacoma Washington at Record Price,Yield PRO,https://yieldpro.com/2026/10/narrows-townhomes/,Low
2026-10-07,20261007-020900-b7261371,PRJ-20261007-0139,Disposition / Exit - Other / Unknown - Essex Three-Twelve Closes $26.48M in Multifamily Sales Volume in the Third Quarter of 2026,80,LC-20261007-048,art_29131d878347bdde,Cambridge Residential Tower Secures $522M Loan: The Boston Deal Sheet,https://www.bisnow.com/news/boston/deal-sheet/kendall-square-residential-tower-secures-522m-loan-boston-deal-sheet,"Tue, 06 Oct 2026 18:56:58 -0400","A high-rise residential tower that opened four years ago in Kendall Square has landed a massive loan. Google Maps The 300-unit One65 Main in Kendall Square One65, a 25-story residential tower home to 300 apartments, locked down a $522M loan from BNP Paribas, according to an Oct. 2 mortgage record. The borrower was Willow Bridge Property Co., which manages the property and signed a ground lease for the site with Massachusetts Institute of Technology, Banker & Tradesman first reported . MIT Invest",valid,title/source/url metadata are internally consistent,Development Activity,GP / Capital Activity; Market Intelligence,new_or_fresh,,,,,2026-10-06,2026-10-07,1,fresh_0_3d,fresh,published date parsed; article age 1 day(s),88,access_limited,,,,Disposition / Exit - Other / Unknown - Cambridge Residential Tower Secures $522M Loan: The Boston Deal Sheet,Unknown,Unknown,Apartment,Unknown,Unknown,Delivery / Opening,excluded,transaction / capital guard: disposition,,Mature / Operating,21,39,Unknown Timing,Low,Low,Low,Medium,Relevant to underwriting benchmark,"Benchmark delivery, lease-up, occupancy, and rent assumptions",Delivery / Opening; Completed / opened; Lease-Up / Delivery; opened,Cambridge Residential Tower Secures $522M Loan: The Boston Deal Sheet,Bisnow,https://www.bisnow.com/news/boston/deal-sheet/kendall-square-residential-tower-secures-522m-loan-boston-deal-sheet,Low
2026-10-07,20261007-020900-b7261371,PRJ-20261007-0139,Disposition / Exit - Other / Unknown - Essex Three-Twelve Closes $26.48M in Multifamily Sales Volume in the Third Quarter of 2026,80,LC-20261007-070,art_50bb1d5a332d13cb,Shorter Apartment Construction Time in 2025,https://eyeonhousing.org/2026/09/shorter-apartment-construction-time-in-2025/,"Mon, 07 Sep 2026 13:30:00 +0000","Shorter Apartment Construction Time in 2025 – Eye On Housing Skip to content Shorter Apartment Construction Time in 2025 September 7, 2026 Na Zhao No Comments The average time needed to complete construction of a multifamily building after obtaining authorization edged down in 2025, according to the 2025 Survey of Construction (SOC) from the Census Bureau. On average, it took 18.9 months from permit to completion, about 0.7 months shorter than in 2024. While construction timelines remain lengthy",valid,title/source/url metadata are internally consistent,Market Intelligence,Development Activity,repeat_penalized,,,,,2026-09-07,2026-10-07,30,old_31d_plus,old,published date parsed; article age 30 day(s),5,open,,,,Entitlement / Permitting - Other / Unknown - Shorter Apartment Construction Time in 2025,Unknown,Unknown,Apartment,Unknown,Unknown,Unknown Stage,approval_watch,matched permit,Unknown Stage,Reappearing,20,32,Immediate / 0-3 Months,Unknown,Unknown,Unknown,Unknown,Low relevance,Monitor lifecycle signal for repeated confirmation,Unknown Stage; Entitlement Play; in 2025,Shorter Apartment Construction Time in 2025,NAHB Eye on Housing - Multifamily,https://eyeonhousing.org/2026/09/shorter-apartment-construction-time-in-2025/,Low
2026-10-07,20261007-020900-b7261371,PRJ-20261007-0139,Disposition / Exit - Other / Unknown - Essex Three-Twelve Closes $26.48M in Multifamily Sales Volume in the Third Quarter of 2026,80,LC-20261007-053,art_679a29d3a010a4dd,Essex Three-Twelve Closes $26.48M in Multifamily Sales Volume in the Third Quarter of 2026,https://yieldpro.com/2026/10/essex-three-twelve-q3/,"Tue, 06 Oct 2026 16:16:37 +0000","Deal boom News Facebook Twitter Linkedin Essex Three-Twelve closed 24 transactions totaling $26.49 million in sales volume during the third quarter of 2026, representing 52 units across 16 Chicago neighborhoods and submarkets. The quarter included 10 closings totaling $11.69 million in July, eight closings totaling $6.64 million in August, and six closings totaling $8.16 million in September. Activity throughout the quarter spanned Chicago’s North, Northwest and South Sides, as well as the surro",valid,title/source/url metadata are internally consistent,Development Activity,GP / Capital Activity; Market Intelligence,new_or_fresh,,,,,2026-10-06,2026-10-07,1,fresh_0_3d,fresh,published date parsed; article age 1 day(s),100,open,,,,Disposition / Exit - Other / Unknown - Essex Three-Twelve Closes $26.48M in Multifamily Sales Volume in the Third Quarter of 2026,Unknown,Unknown,Multifamily,Unknown,Unknown,Unknown Stage,excluded,transaction / capital guard: disposition,,Reappearing,30,30,Unknown Timing,Unknown,Unknown,Unknown,Unknown,Low relevance,Monitor lifecycle signal for repeated confirmation,Unknown Stage; General Asset Signal; 2026,Essex Three-Twelve Closes $26.48M in Multifamily Sales Volume in the Third Quarter of 2026,Yield PRO,https://yieldpro.com/2026/10/essex-three-twelve-q3/,Low
2026-10-07,20261007-020900-b7261371,PRJ-20261007-0139,Disposition / Exit - Other / Unknown - Essex Three-Twelve Closes $26.48M in Multifamily Sales Volume in the Third Quarter of 2026,80,LC-20261007-063,art_8701888c61d951a0,2026 NOI & Operations Survey Report,https://www.multifamilyexecutive.com/premium/whitepaper/755203,"Thu, 10 Sep 2026 15:43:57 +0000","Whitepaper 2026 NOI & Operations Survey Report What Multifamily Leaders Are Prioritizing Now—and What’s Coming Next screenshot_2026-09-03_at_2.26.39_pm.png Protecting NOI has never been more challenging. Oversupply, rising insurance premiums, uneven efficiency gains, and evolving staffing models are reshaping how owners and operators compete. The 2026 NOI & Operations Survey Report distills insights from more than 100 multifamily executives across every portfolio size—giving you a data-backed vi",valid,title/source/url metadata are internally consistent,Market Intelligence,GP / Capital Activity,repeat_penalized,,,,,2026-09-10,2026-10-07,27,old_31d_plus,old,published date parsed; article age 27 day(s),5,open,,,,General Project Signal - Other / Unknown - 2026 NOI & Operations Survey Report,Unknown,Unknown,Multifamily,Unknown,Unknown,Unknown Stage,excluded,excluded generic policy / market article,Unknown Stage,Reappearing,20,23,Unknown Timing,Unknown,Unknown,Unknown,Unknown,Low relevance,Monitor lifecycle signal for repeated confirmation,Unknown Stage; General Asset Signal; 2026,2026 NOI & Operations Survey Report,Multifamily Executive,https://www.multifamilyexecutive.com/premium/whitepaper/755203,Low
2026-10-07,20261007-020900-b7261371,PRJ-20261007-0139,Disposition / Exit - Other / Unknown - Essex Three-Twelve Closes $26.48M in Multifamily Sales Volume in the Third Quarter of 2026,80,LC-20261007-064,art_266f44ae4fd99ed0,2026 Resident Experience Management Report,https://www.multifamilyexecutive.com/premium/whitepaper/753766,"Thu, 25 Jun 2026 15:50:39 +0000","eBook 2026 Resident Experience Management Report Cover_Zego.png Resident retention is moving in the wrong direction at exactly the moment multifamily operators can least afford it. After reaching 60% in 2024, average retention rates have slipped to 57%. That three-point decline might look modest on a spreadsheet, but with turnover costing operators roughly $4,000 per unit, even a small dip in performance adds up to a significant hit to NOI across a portfolio. While property managers frequently a",low_value_promotional,promotional/event keyword: whitepaper,Excluded,,repeat_penalized,,,,,2026-06-25,2026-10-07,104,old_31d_plus,archive,published date parsed; article age 104 day(s),0,open,,,,General Project Signal - Other / Unknown - 2026 Resident Experience Management Report,Unknown,Unknown,Multifamily,Unknown,Unknown,Unknown Stage,construction_delivery_watch,matched development / asset strategy execution,Unknown Stage,Reappearing,20,23,Unknown Timing,Unknown,Unknown,Unknown,Unknown,Low relevance,Monitor lifecycle signal for repeated confirmation,Unknown Stage; General Asset Signal; 2026,2026 Resident Experience Management Report,Multifamily Executive,https://www.multifamilyexecutive.com/premium/whitepaper/753766,Low
2026-10-07,20261007-020900-b7261371,PRJ-20261007-0139,Disposition / Exit - Other / Unknown - Essex Three-Twelve Closes $26.48M in Multifamily Sales Volume in the Third Quarter of 2026,80,LC-20261007-066,art_8b28c10c647e7f21,Multifamily Absorption Rate Remains Below 50%,https://eyeonhousing.org/2026/08/multifamily-absorption-rate-remains-below-50-2/,"Fri, 28 Aug 2026 13:47:59 +0000","Multifamily Absorption Rate Remains Below 50% – Eye On Housing Skip to content Multifamily Absorption Rate Remains Below 50% August 28, 2026 Jesse Wade No Comments The percentage of new apartment units that were absorbed within three months after completion was down five percentage points in the first quarter, according to the Census Bureau’s latest release of the Survey of Market Absorption of New Multifamily Units (SOMA). An apartment or condo unit is considered absorbed into the market when i",valid,title/source/url metadata are internally consistent,Market Intelligence,,repeat_penalized,,,,,2026-08-28,2026-10-07,40,old_31d_plus,old,published date parsed; article age 40 day(s),5,open,,,,General Project Signal - Other / Unknown - Multifamily Absorption Rate Remains Below 50%,Unknown,Unknown,Apartment,Unknown,Unknown,Unknown Stage,excluded,excluded generic policy / market article,Unknown Stage,Reappearing,20,22,Unknown Timing,Unknown,Unknown,Unknown,Unknown,Low relevance,Monitor lifecycle signal for repeated confirmation,Unknown Stage; General Asset Signal; No explicit timing reference,Multifamily Absorption Rate Remains Below 50%,NAHB Eye on Housing - Multifamily,https://eyeonhousing.org/2026/08/multifamily-absorption-rate-remains-below-50-2/,Low
2026-10-07,20261007-020900-b7261371,PRJ-20261007-0139,Disposition / Exit - Other / Unknown - Essex Three-Twelve Closes $26.48M in Multifamily Sales Volume in the Third Quarter of 2026,80,LC-20261007-065,art_e7fcf1171af1b281,Share of Apartments Built in Buildings with 50+ Units Moves Higher in 2025,https://eyeonhousing.org/2026/07/share-of-apartments-built-in-buildings-with-50-units-moves-higher-in-2025/,"Mon, 27 Jul 2026 14:16:05 +0000","Share of Apartments Built in Buildings with 50+ Units Moves Higher in 2025 – Eye On Housing Skip to content Share of Apartments Built in Buildings with 50+ Units Moves Higher in 2025 July 27, 2026 Jesse Wade No Comments Following the highest number of multifamily completions in nearly 40 years in 2024, completions declined in 2025 to 484,000, according to NAHB analysis of the Census Bureau’s Survey of Construction . For the ninth consecutive year, a majority of new multifamily units were in buil",valid,title/source/url metadata are internally consistent,Development Activity,,repeat_penalized,,,,,2026-07-27,2026-10-07,72,old_31d_plus,archive,published date parsed; article age 72 day(s),5,open,,,,General Project Signal - Other / Unknown - Share of Apartments Built in Buildings with 50+ Units Moves Higher in 2025,Unknown,Unknown,Apartment,Unknown,Unknown,Unknown Stage,construction_delivery_watch,matched development / asset strategy execution,Unknown Stage,Reappearing,20,22,Unknown Timing,Unknown,Unknown,Unknown,Unknown,Low relevance,Monitor lifecycle signal for repeated confirmation,Unknown Stage; General Asset Signal; in 2025,Share of Apartments Built in Buildings with 50+ Units Moves Higher in 2025,NAHB Eye on Housing - Multifamily,https://eyeonhousing.org/2026/07/share-of-apartments-built-in-buildings-with-50-units-moves-higher-in-2025/,Low
2026-10-07,20261007-020900-b7261371,PRJ-20261007-0139,Disposition / Exit - Other / Unknown - Essex Three-Twelve Closes $26.48M in Multifamily Sales Volume in the Third Quarter of 2026,80,LC-20261007-067,art_bbf68370d5e8064d,First Quarter 2026 Multifamily Construction Data,https://eyeonhousing.org/2026/05/first-quarter-2026-multifamily-construction-data/,"Tue, 26 May 2026 12:31:00 +0000","First Quarter 2026 Multifamily Construction Data – Eye On Housing Skip to content First Quarter 2026 Multifamily Construction Data May 26, 2026 Robert Dietz No Comments According to NAHB analysis of quarterly Census data, the count of multifamily, for-rent housing starts increased year-over-year during the first quarter of 2026. For the quarter, 107,000 multifamily residences started construction. Of this total, 103,000 were built-for-rent. This built-for-rent total was 21% higher than in the fi",valid,title/source/url metadata are internally consistent,Market Intelligence,,repeat_penalized,,,,,2026-05-26,2026-10-07,134,old_31d_plus,archive,published date parsed; article age 134 day(s),5,open,,,,Development Start - Other / Unknown - First Quarter 2026 Multifamily Construction Data,Unknown,Unknown,Multifamily,Unknown,Unknown,Unknown Stage,construction_delivery_watch,matched development / asset strategy execution,Unknown Stage,Reappearing,20,21,Immediate / 0-3 Months,Unknown,Unknown,Unknown,Unknown,Low relevance,Monitor lifecycle signal for repeated confirmation,Unknown Stage; Development Start; 2026,First Quarter 2026 Multifamily Construction Data,NAHB Eye on Housing - Multifamily,https://eyeonhousing.org/2026/05/first-quarter-2026-multifamily-construction-data/,Low
2026-10-07,20261007-020900-b7261371,PRJ-20261007-0139,Disposition / Exit - Other / Unknown - Essex Three-Twelve Closes $26.48M in Multifamily Sales Volume in the Third Quarter of 2026,80,LC-20261007-068,art_695932dbcd227470,Fourth Quarter 2025 Multifamily Construction Data,https://eyeonhousing.org/2026/03/fourth-quarter-2025-multifamily-construction-data/,"Thu, 19 Mar 2026 12:35:00 +0000","Fourth Quarter 2025 Multifamily Construction Data – Eye On Housing Skip to content Fourth Quarter 2025 Multifamily Construction Data March 19, 2026 Robert Dietz No Comments According to NAHB analysis of quarterly Census data, the count of multifamily, for-rent housing starts increased year-over-year during the fourth quarter of 2025. For the quarter, 96,000 multifamily residences started construction. Of this total, 91,000 were built-for-rent. This built-for-rent total was 18% higher than in the",valid,title/source/url metadata are internally consistent,Market Intelligence,,repeat_penalized,,,,,2026-03-19,2026-10-07,202,old_31d_plus,archive,published date parsed; article age 202 day(s),5,open,,,,Development Start - Other / Unknown - Fourth Quarter 2025 Multifamily Construction Data,Unknown,Unknown,Multifamily,Unknown,Unknown,Unknown Stage,construction_delivery_watch,matched development / asset strategy execution,Unknown Stage,Reappearing,20,21,Immediate / 0-3 Months,Unknown,Unknown,Unknown,Unknown,Low relevance,Monitor lifecycle signal for repeated confirmation,Unknown Stage; Development Start; 2025,Fourth Quarter 2025 Multifamily Construction Data,NAHB Eye on Housing - Multifamily,https://eyeonhousing.org/2026/03/fourth-quarter-2025-multifamily-construction-data/,Low
2026-10-07,20261007-020900-b7261371,PRJ-20261007-0139,Disposition / Exit - Other / Unknown - Essex Three-Twelve Closes $26.48M in Multifamily Sales Volume in the Third Quarter of 2026,80,LC-20261007-069,art_d4039cdfbf50dd7d,NAHB HBGI: Micro Markets Lone Bright Spot for Single-Family Building in Fourth Quarter,https://eyeonhousing.org/2026/03/nahb-hbgi-micro-markets-lone-bright-spot-for-single-family-building-in-fourth-quarter/,"Mon, 30 Mar 2026 15:01:25 +0000","NAHB HBGI: Micro Markets Lone Bright Spot for Single-Family Building in Fourth Quarter – Eye On Housing Skip to content NAHB HBGI: Micro Markets Lone Bright Spot for Single-Family Building in Fourth Quarter March 30, 2026 Jesse Wade No Comments Single-family construction declined further in the fourth quarter in all but sparsely populated micro counties, according to the NAHB Home Building Geography Index (HBGI). Meanwhile, multifamily construction showed growth in all markets for the first time",valid,title/source/url metadata are internally consistent,Market Intelligence,,repeat_penalized,,,,,2026-03-30,2026-10-07,191,old_31d_plus,archive,published date parsed; article age 191 day(s),5,open,,,,Disposition / Exit - Other / Unknown - NAHB HBGI: Micro Markets Lone Bright Spot for Single-Family Building in Fourth Quarter,Unknown,Unknown,Multifamily,Unknown,Unknown,Unknown Stage,excluded,transaction / capital guard: disposition,Unknown Stage,Reappearing,20,12,Unknown Timing,Unknown,Unknown,Unknown,Unknown,Low relevance,Monitor lifecycle signal for repeated confirmation,Unknown Stage; General Asset Signal; No explicit timing reference,NAHB HBGI: Micro Markets Lone Bright Spot for Single-Family Building in Fourth Quarter,NAHB Eye on Housing - Multifamily,https://eyeonhousing.org/2026/03/nahb-hbgi-micro-markets-lone-bright-spot-for-single-family-building-in-fourth-quarter/,Low
